section,field_1,field_2,field_3,field_4,notes
sparc_rar_artifact_samples,unknown,other,.yaml,numerics/debroglie-phase-bridge/typ_b_analysis/configs/h3/h3_package_hierarchy_check_01.yaml,domain_guess=unknown; artifact_kind=other; suffix=.yaml; relative_path=numerics/debroglie-phase-bridge/typ_b_analysis/configs/h3/h3_package_hierarchy_check_01.yaml
sparc_rar_artifact_samples,unknown,python_script,.py,numerics/debroglie-phase-bridge/typ_b_analysis/src/run_h3_package_hierarchy_check_01.py,domain_guess=unknown; artifact_kind=python_script; suffix=.py; relative_path=numerics/debroglie-phase-bridge/typ_b_analysis/src/run_h3_package_hierarchy_check_01.py
sparc_rar_artifact_samples,sparc_rar,sql_script,.sql,runs/QSB-DWH-POSTGRES-CORE-MIGRATION-01/12_postgres_sparc_rar_schema.sql,domain_guess=sparc_rar; artifact_kind=sql_script; suffix=.sql; relative_path=runs/QSB-DWH-POSTGRES-CORE-MIGRATION-01/12_postgres_sparc_rar_schema.sql
sparc_rar_artifact_samples,sparc_rar,text_note,.txt,runs/QSB-SPARC-RAR-DWH-ETL-METADATA-REGISTRATION-01/00_git_status_short_before.txt,domain_guess=sparc_rar; artifact_kind=text_note; suffix=.txt; relative_path=runs/QSB-SPARC-RAR-DWH-ETL-METADATA-REGISTRATION-01/00_git_status_short_before.txt
sparc_rar_artifact_samples,sparc_rar,text_note,.txt,runs/QSB-SPARC-RAR-DWH-ETL-METADATA-REGISTRATION-01/01_git_log_oneline_before.txt,domain_guess=sparc_rar; artifact_kind=text_note; suffix=.txt; relative_path=runs/QSB-SPARC-RAR-DWH-ETL-METADATA-REGISTRATION-01/01_git_log_oneline_before.txt
sparc_rar_artifact_samples,sparc_rar,markdown_note,.md,runs/QSB-SPARC-RAR-DWH-ETL-METADATA-REGISTRATION-01/02_dwh_etl_metadata_registration_scope.md,domain_guess=sparc_rar; artifact_kind=markdown_note; suffix=.md; relative_path=runs/QSB-SPARC-RAR-DWH-ETL-METADATA-REGISTRATION-01/02_dwh_etl_metadata_registration_scope.md
sparc_rar_artifact_samples,sparc_rar,python_script,.py,runs/QSB-SPARC-RAR-DWH-ETL-METADATA-REGISTRATION-01/03_sparc_rar_dwh_etl_metadata_registration.py,domain_guess=sparc_rar; artifact_kind=python_script; suffix=.py; relative_path=runs/QSB-SPARC-RAR-DWH-ETL-METADATA-REGISTRATION-01/03_sparc_rar_dwh_etl_metadata_registration.py
sparc_rar_artifact_samples,sparc_rar,summary_json,.json,runs/QSB-SPARC-RAR-DWH-ETL-METADATA-REGISTRATION-01/04_sparc_rar_dwh_etl_metadata_registration_summary.json,domain_guess=sparc_rar; artifact_kind=summary_json; suffix=.json; relative_path=runs/QSB-SPARC-RAR-DWH-ETL-METADATA-REGISTRATION-01/04_sparc_rar_dwh_etl_metadata_registration_summary.json
sparc_rar_artifact_samples,sparc_rar,table_csv,.csv,runs/QSB-SPARC-RAR-DWH-ETL-METADATA-REGISTRATION-01/05_input_artifact_inventory.csv,domain_guess=sparc_rar; artifact_kind=table_csv; suffix=.csv; relative_path=runs/QSB-SPARC-RAR-DWH-ETL-METADATA-REGISTRATION-01/05_input_artifact_inventory.csv
sparc_rar_artifact_samples,sparc_rar,table_csv,.csv,runs/QSB-SPARC-RAR-DWH-ETL-METADATA-REGISTRATION-01/06_checksum_revalidation.csv,domain_guess=sparc_rar; artifact_kind=table_csv; suffix=.csv; relative_path=runs/QSB-SPARC-RAR-DWH-ETL-METADATA-REGISTRATION-01/06_checksum_revalidation.csv
sparc_rar_artifact_samples,sparc_rar,table_csv,.csv,runs/QSB-SPARC-RAR-DWH-ETL-METADATA-REGISTRATION-01/07_existing_metadata_schema_discovery.csv,domain_guess=sparc_rar; artifact_kind=table_csv; suffix=.csv; relative_path=runs/QSB-SPARC-RAR-DWH-ETL-METADATA-REGISTRATION-01/07_existing_metadata_schema_discovery.csv
sparc_rar_artifact_samples,sparc_rar,table_csv,.csv,runs/QSB-SPARC-RAR-DWH-ETL-METADATA-REGISTRATION-01/08_existing_metadata_schema_compatibility.csv,domain_guess=sparc_rar; artifact_kind=table_csv; suffix=.csv; relative_path=runs/QSB-SPARC-RAR-DWH-ETL-METADATA-REGISTRATION-01/08_existing_metadata_schema_compatibility.csv
sparc_rar_artifact_samples,sparc_rar,sql_script,.sql,runs/QSB-SPARC-RAR-DWH-ETL-METADATA-REGISTRATION-01/09_dwh_schema.sql,domain_guess=sparc_rar; artifact_kind=sql_script; suffix=.sql; relative_path=runs/QSB-SPARC-RAR-DWH-ETL-METADATA-REGISTRATION-01/09_dwh_schema.sql
sparc_rar_artifact_samples,sparc_rar,table_csv,.csv,runs/QSB-SPARC-RAR-DWH-ETL-METADATA-REGISTRATION-01/10_dwh_table_inventory.csv,domain_guess=sparc_rar; artifact_kind=table_csv; suffix=.csv; relative_path=runs/QSB-SPARC-RAR-DWH-ETL-METADATA-REGISTRATION-01/10_dwh_table_inventory.csv
sparc_rar_artifact_samples,sparc_rar,table_csv,.csv,runs/QSB-SPARC-RAR-DWH-ETL-METADATA-REGISTRATION-01/11_dwh_row_counts.csv,domain_guess=sparc_rar; artifact_kind=table_csv; suffix=.csv; relative_path=runs/QSB-SPARC-RAR-DWH-ETL-METADATA-REGISTRATION-01/11_dwh_row_counts.csv
sparc_rar_artifact_samples,sparc_rar,table_csv,.csv,runs/QSB-SPARC-RAR-DWH-ETL-METADATA-REGISTRATION-01/12_source_file_registry.csv,domain_guess=sparc_rar; artifact_kind=table_csv; suffix=.csv; relative_path=runs/QSB-SPARC-RAR-DWH-ETL-METADATA-REGISTRATION-01/12_source_file_registry.csv
sparc_rar_artifact_samples,sparc_rar,table_csv,.csv,runs/QSB-SPARC-RAR-DWH-ETL-METADATA-REGISTRATION-01/13_artifact_registry.csv,domain_guess=sparc_rar; artifact_kind=table_csv; suffix=.csv; relative_path=runs/QSB-SPARC-RAR-DWH-ETL-METADATA-REGISTRATION-01/13_artifact_registry.csv
sparc_rar_artifact_samples,sparc_rar,table_csv,.csv,runs/QSB-SPARC-RAR-DWH-ETL-METADATA-REGISTRATION-01/14_staging_load_report.csv,domain_guess=sparc_rar; artifact_kind=table_csv; suffix=.csv; relative_path=runs/QSB-SPARC-RAR-DWH-ETL-METADATA-REGISTRATION-01/14_staging_load_report.csv
sparc_rar_artifact_samples,sparc_rar,table_csv,.csv,runs/QSB-SPARC-RAR-DWH-ETL-METADATA-REGISTRATION-01/15_canonical_load_report.csv,domain_guess=sparc_rar; artifact_kind=table_csv; suffix=.csv; relative_path=runs/QSB-SPARC-RAR-DWH-ETL-METADATA-REGISTRATION-01/15_canonical_load_report.csv
sparc_rar_artifact_samples,sparc_rar,table_csv,.csv,runs/QSB-SPARC-RAR-DWH-ETL-METADATA-REGISTRATION-01/16_metadata_field_registry.csv,domain_guess=sparc_rar; artifact_kind=table_csv; suffix=.csv; relative_path=runs/QSB-SPARC-RAR-DWH-ETL-METADATA-REGISTRATION-01/16_metadata_field_registry.csv
sparc_rar_artifact_samples,sparc_rar,table_csv,.csv,runs/QSB-SPARC-RAR-DWH-ETL-METADATA-REGISTRATION-01/17_metadata_unit_registry.csv,domain_guess=sparc_rar; artifact_kind=table_csv; suffix=.csv; relative_path=runs/QSB-SPARC-RAR-DWH-ETL-METADATA-REGISTRATION-01/17_metadata_unit_registry.csv
sparc_rar_artifact_samples,sparc_rar,table_csv,.csv,runs/QSB-SPARC-RAR-DWH-ETL-METADATA-REGISTRATION-01/18_metadata_alias_registry.csv,domain_guess=sparc_rar; artifact_kind=table_csv; suffix=.csv; relative_path=runs/QSB-SPARC-RAR-DWH-ETL-METADATA-REGISTRATION-01/18_metadata_alias_registry.csv
sparc_rar_artifact_samples,sparc_rar,table_csv,.csv,runs/QSB-SPARC-RAR-DWH-ETL-METADATA-REGISTRATION-01/19_metadata_lineage_registry.csv,domain_guess=sparc_rar; artifact_kind=table_csv; suffix=.csv; relative_path=runs/QSB-SPARC-RAR-DWH-ETL-METADATA-REGISTRATION-01/19_metadata_lineage_registry.csv
sparc_rar_artifact_samples,sparc_rar,table_csv,.csv,runs/QSB-SPARC-RAR-DWH-ETL-METADATA-REGISTRATION-01/20_metadata_validation_registry.csv,domain_guess=sparc_rar; artifact_kind=table_csv; suffix=.csv; relative_path=runs/QSB-SPARC-RAR-DWH-ETL-METADATA-REGISTRATION-01/20_metadata_validation_registry.csv
sparc_rar_artifact_samples,sparc_rar,table_csv,.csv,runs/QSB-SPARC-RAR-DWH-ETL-METADATA-REGISTRATION-01/21_metadata_claim_registry.csv,domain_guess=sparc_rar; artifact_kind=table_csv; suffix=.csv; relative_path=runs/QSB-SPARC-RAR-DWH-ETL-METADATA-REGISTRATION-01/21_metadata_claim_registry.csv
sparc_rar_artifact_samples,sparc_rar,table_csv,.csv,runs/QSB-SPARC-RAR-DWH-ETL-METADATA-REGISTRATION-01/22_dwh_view_inventory.csv,domain_guess=sparc_rar; artifact_kind=table_csv; suffix=.csv; relative_path=runs/QSB-SPARC-RAR-DWH-ETL-METADATA-REGISTRATION-01/22_dwh_view_inventory.csv
sparc_rar_artifact_samples,sparc_rar,markdown_note,.md,runs/QSB-SPARC-RAR-DWH-ETL-METADATA-REGISTRATION-01/23_dwh_validation_report.md,domain_guess=sparc_rar; artifact_kind=markdown_note; suffix=.md; relative_path=runs/QSB-SPARC-RAR-DWH-ETL-METADATA-REGISTRATION-01/23_dwh_validation_report.md
sparc_rar_artifact_samples,sparc_rar,sql_script,.sql,runs/QSB-SPARC-RAR-DWH-ETL-METADATA-REGISTRATION-01/24_sample_dwh_queries.sql,domain_guess=sparc_rar; artifact_kind=sql_script; suffix=.sql; relative_path=runs/QSB-SPARC-RAR-DWH-ETL-METADATA-REGISTRATION-01/24_sample_dwh_queries.sql
sparc_rar_artifact_samples,sparc_rar,table_csv,.csv,runs/QSB-SPARC-RAR-DWH-ETL-METADATA-REGISTRATION-01/25_sample_dwh_query_results.csv,domain_guess=sparc_rar; artifact_kind=table_csv; suffix=.csv; relative_path=runs/QSB-SPARC-RAR-DWH-ETL-METADATA-REGISTRATION-01/25_sample_dwh_query_results.csv
sparc_rar_artifact_samples,sparc_rar,markdown_note,.md,runs/QSB-SPARC-RAR-DWH-ETL-METADATA-REGISTRATION-01/26_dwh_browser_readiness_note.md,domain_guess=sparc_rar; artifact_kind=markdown_note; suffix=.md; relative_path=runs/QSB-SPARC-RAR-DWH-ETL-METADATA-REGISTRATION-01/26_dwh_browser_readiness_note.md
sparc_rar_artifact_samples,sparc_rar,sql_script,.sql,runs/QSB-SPARC-RAR-DWH-ETL-METADATA-REGISTRATION-01/27_central_metadata_import_plan.sql,domain_guess=sparc_rar; artifact_kind=sql_script; suffix=.sql; relative_path=runs/QSB-SPARC-RAR-DWH-ETL-METADATA-REGISTRATION-01/27_central_metadata_import_plan.sql
sparc_rar_artifact_samples,sparc_rar,markdown_note,.md,runs/QSB-SPARC-RAR-DWH-ETL-METADATA-REGISTRATION-01/28_claim_boundary_and_no_go.md,domain_guess=sparc_rar; artifact_kind=markdown_note; suffix=.md; relative_path=runs/QSB-SPARC-RAR-DWH-ETL-METADATA-REGISTRATION-01/28_claim_boundary_and_no_go.md
sparc_rar_artifact_samples,sparc_rar,markdown_note,.md,runs/QSB-SPARC-RAR-DWH-ETL-METADATA-REGISTRATION-01/29_next_run_recommendation.md,domain_guess=sparc_rar; artifact_kind=markdown_note; suffix=.md; relative_path=runs/QSB-SPARC-RAR-DWH-ETL-METADATA-REGISTRATION-01/29_next_run_recommendation.md
sparc_rar_artifact_samples,sparc_rar,markdown_note,.md,runs/QSB-SPARC-RAR-DWH-ETL-METADATA-REGISTRATION-01/30_dwh_etl_metadata_registration_review_note.md,domain_guess=sparc_rar; artifact_kind=markdown_note; suffix=.md; relative_path=runs/QSB-SPARC-RAR-DWH-ETL-METADATA-REGISTRATION-01/30_dwh_etl_metadata_registration_review_note.md
sparc_rar_artifact_samples,sparc_rar,text_note,.txt,runs/QSB-SPARC-RAR-DWH-ETL-METADATA-REGISTRATION-01/31_sqlite_integrity_check.txt,domain_guess=sparc_rar; artifact_kind=text_note; suffix=.txt; relative_path=runs/QSB-SPARC-RAR-DWH-ETL-METADATA-REGISTRATION-01/31_sqlite_integrity_check.txt
sparc_rar_artifact_samples,sparc_rar,table_csv,.csv,runs/QSB-SPARC-RAR-DWH-ETL-METADATA-REGISTRATION-01/32_dwh_table_preview.csv,domain_guess=sparc_rar; artifact_kind=table_csv; suffix=.csv; relative_path=runs/QSB-SPARC-RAR-DWH-ETL-METADATA-REGISTRATION-01/32_dwh_table_preview.csv
sparc_rar_artifact_samples,sparc_rar,markdown_note,.md,runs/QSB-SPARC-RAR-DWH-ETL-METADATA-REGISTRATION-01/33_dwh_search_examples.md,domain_guess=sparc_rar; artifact_kind=markdown_note; suffix=.md; relative_path=runs/QSB-SPARC-RAR-DWH-ETL-METADATA-REGISTRATION-01/33_dwh_search_examples.md
sparc_rar_artifact_samples,sparc_rar,markdown_note,.md,runs/QSB-SPARC-RAR-DWH-ETL-METADATA-REGISTRATION-01/34_metadata_browser_field_label_patch_plan.md,domain_guess=sparc_rar; artifact_kind=markdown_note; suffix=.md; relative_path=runs/QSB-SPARC-RAR-DWH-ETL-METADATA-REGISTRATION-01/34_metadata_browser_field_label_patch_plan.md
sparc_rar_artifact_samples,sparc_rar,markdown_note,.md,runs/QSB-SPARC-RAR-DWH-ETL-METADATA-REGISTRATION-01/35_next_codex_prompt_recommendation.md,domain_guess=sparc_rar; artifact_kind=markdown_note; suffix=.md; relative_path=runs/QSB-SPARC-RAR-DWH-ETL-METADATA-REGISTRATION-01/35_next_codex_prompt_recommendation.md
sparc_rar_artifact_samples,sparc_rar,sqlite_db,.sqlite,runs/QSB-SPARC-RAR-DWH-ETL-METADATA-REGISTRATION-01/sparc_rar_dwh.sqlite,domain_guess=sparc_rar; artifact_kind=sqlite_db; suffix=.sqlite; relative_path=runs/QSB-SPARC-RAR-DWH-ETL-METADATA-REGISTRATION-01/sparc_rar_dwh.sqlite
sparc_rar_artifact_samples,sparc_rar,text_note,.txt,runs/QSB-SPARC-RAR-RESIDUAL-SCOUT-01-BASELINE-RAR-REPRODUCTION/00_git_status_short_before.txt,domain_guess=sparc_rar; artifact_kind=text_note; suffix=.txt; relative_path=runs/QSB-SPARC-RAR-RESIDUAL-SCOUT-01-BASELINE-RAR-REPRODUCTION/00_git_status_short_before.txt
sparc_rar_artifact_samples,sparc_rar,text_note,.txt,runs/QSB-SPARC-RAR-RESIDUAL-SCOUT-01-BASELINE-RAR-REPRODUCTION/01_git_log_oneline_before.txt,domain_guess=sparc_rar; artifact_kind=text_note; suffix=.txt; relative_path=runs/QSB-SPARC-RAR-RESIDUAL-SCOUT-01-BASELINE-RAR-REPRODUCTION/01_git_log_oneline_before.txt
sparc_rar_artifact_samples,sparc_rar,markdown_note,.md,runs/QSB-SPARC-RAR-RESIDUAL-SCOUT-01-BASELINE-RAR-REPRODUCTION/02_baseline_rar_reproduction_scope.md,domain_guess=sparc_rar; artifact_kind=markdown_note; suffix=.md; relative_path=runs/QSB-SPARC-RAR-RESIDUAL-SCOUT-01-BASELINE-RAR-REPRODUCTION/02_baseline_rar_reproduction_scope.md
sparc_rar_artifact_samples,sparc_rar,python_script,.py,runs/QSB-SPARC-RAR-RESIDUAL-SCOUT-01-BASELINE-RAR-REPRODUCTION/03_baseline_rar_reproduction.py,domain_guess=sparc_rar; artifact_kind=python_script; suffix=.py; relative_path=runs/QSB-SPARC-RAR-RESIDUAL-SCOUT-01-BASELINE-RAR-REPRODUCTION/03_baseline_rar_reproduction.py
sparc_rar_artifact_samples,sparc_rar,summary_json,.json,runs/QSB-SPARC-RAR-RESIDUAL-SCOUT-01-BASELINE-RAR-REPRODUCTION/04_baseline_rar_reproduction_summary.json,domain_guess=sparc_rar; artifact_kind=summary_json; suffix=.json; relative_path=runs/QSB-SPARC-RAR-RESIDUAL-SCOUT-01-BASELINE-RAR-REPRODUCTION/04_baseline_rar_reproduction_summary.json
sparc_rar_artifact_samples,sparc_rar,table_csv,.csv,runs/QSB-SPARC-RAR-RESIDUAL-SCOUT-01-BASELINE-RAR-REPRODUCTION/05_input_artifact_inventory.csv,domain_guess=sparc_rar; artifact_kind=table_csv; suffix=.csv; relative_path=runs/QSB-SPARC-RAR-RESIDUAL-SCOUT-01-BASELINE-RAR-REPRODUCTION/05_input_artifact_inventory.csv
sparc_rar_artifact_samples,sparc_rar,table_csv,.csv,runs/QSB-SPARC-RAR-RESIDUAL-SCOUT-01-BASELINE-RAR-REPRODUCTION/06_checksum_revalidation.csv,domain_guess=sparc_rar; artifact_kind=table_csv; suffix=.csv; relative_path=runs/QSB-SPARC-RAR-RESIDUAL-SCOUT-01-BASELINE-RAR-REPRODUCTION/06_checksum_revalidation.csv
sparc_rar_artifact_samples,sparc_rar,table_csv,.csv,runs/QSB-SPARC-RAR-RESIDUAL-SCOUT-01-BASELINE-RAR-REPRODUCTION/07_parser_report.csv,domain_guess=sparc_rar; artifact_kind=table_csv; suffix=.csv; relative_path=runs/QSB-SPARC-RAR-RESIDUAL-SCOUT-01-BASELINE-RAR-REPRODUCTION/07_parser_report.csv
sparc_rar_artifact_samples,sparc_rar,table_csv,.csv,runs/QSB-SPARC-RAR-RESIDUAL-SCOUT-01-BASELINE-RAR-REPRODUCTION/08_rar_table_profile.csv,domain_guess=sparc_rar; artifact_kind=table_csv; suffix=.csv; relative_path=runs/QSB-SPARC-RAR-RESIDUAL-SCOUT-01-BASELINE-RAR-REPRODUCTION/08_rar_table_profile.csv
sparc_rar_artifact_samples,sparc_rar,table_csv,.csv,runs/QSB-SPARC-RAR-RESIDUAL-SCOUT-01-BASELINE-RAR-REPRODUCTION/09_rarbins_table_profile.csv,domain_guess=sparc_rar; artifact_kind=table_csv; suffix=.csv; relative_path=runs/QSB-SPARC-RAR-RESIDUAL-SCOUT-01-BASELINE-RAR-REPRODUCTION/09_rarbins_table_profile.csv
sparc_rar_artifact_samples,sparc_rar,table_csv,.csv,runs/QSB-SPARC-RAR-RESIDUAL-SCOUT-01-BASELINE-RAR-REPRODUCTION/10_massmodels_table_profile.csv,domain_guess=sparc_rar; artifact_kind=table_csv; suffix=.csv; relative_path=runs/QSB-SPARC-RAR-RESIDUAL-SCOUT-01-BASELINE-RAR-REPRODUCTION/10_massmodels_table_profile.csv
sparc_rar_artifact_samples,sparc_rar,table_csv,.csv,runs/QSB-SPARC-RAR-RESIDUAL-SCOUT-01-BASELINE-RAR-REPRODUCTION/11_sparc_sample_table_profile.csv,domain_guess=sparc_rar; artifact_kind=table_csv; suffix=.csv; relative_path=runs/QSB-SPARC-RAR-RESIDUAL-SCOUT-01-BASELINE-RAR-REPRODUCTION/11_sparc_sample_table_profile.csv
sparc_rar_artifact_samples,sparc_rar,table_csv,.csv,runs/QSB-SPARC-RAR-RESIDUAL-SCOUT-01-BASELINE-RAR-REPRODUCTION/12_column_mapping_used.csv,domain_guess=sparc_rar; artifact_kind=table_csv; suffix=.csv; relative_path=runs/QSB-SPARC-RAR-RESIDUAL-SCOUT-01-BASELINE-RAR-REPRODUCTION/12_column_mapping_used.csv
sparc_rar_artifact_samples,sparc_rar,table_csv,.csv,runs/QSB-SPARC-RAR-RESIDUAL-SCOUT-01-BASELINE-RAR-REPRODUCTION/13_unit_conversion_contract.csv,domain_guess=sparc_rar; artifact_kind=table_csv; suffix=.csv; relative_path=runs/QSB-SPARC-RAR-RESIDUAL-SCOUT-01-BASELINE-RAR-REPRODUCTION/13_unit_conversion_contract.csv
sparc_rar_artifact_samples,sparc_rar,table_csv,.csv,runs/QSB-SPARC-RAR-RESIDUAL-SCOUT-01-BASELINE-RAR-REPRODUCTION/14_direct_rar_dataset.csv,domain_guess=sparc_rar; artifact_kind=table_csv; suffix=.csv; relative_path=runs/QSB-SPARC-RAR-RESIDUAL-SCOUT-01-BASELINE-RAR-REPRODUCTION/14_direct_rar_dataset.csv
sparc_rar_artifact_samples,sparc_rar,table_csv,.csv,runs/QSB-SPARC-RAR-RESIDUAL-SCOUT-01-BASELINE-RAR-REPRODUCTION/15_massmodels_derived_baseline_quantities.csv,domain_guess=sparc_rar; artifact_kind=table_csv; suffix=.csv; relative_path=runs/QSB-SPARC-RAR-RESIDUAL-SCOUT-01-BASELINE-RAR-REPRODUCTION/15_massmodels_derived_baseline_quantities.csv
sparc_rar_artifact_samples,sparc_rar,table_csv,.csv,runs/QSB-SPARC-RAR-RESIDUAL-SCOUT-01-BASELINE-RAR-REPRODUCTION/16_baseline_consistency_diagnostics.csv,domain_guess=sparc_rar; artifact_kind=table_csv; suffix=.csv; relative_path=runs/QSB-SPARC-RAR-RESIDUAL-SCOUT-01-BASELINE-RAR-REPRODUCTION/16_baseline_consistency_diagnostics.csv
sparc_rar_artifact_samples,sparc_rar,table_csv,.csv,runs/QSB-SPARC-RAR-RESIDUAL-SCOUT-01-BASELINE-RAR-REPRODUCTION/17_baseline_fit_or_reference_diagnostics.csv,domain_guess=sparc_rar; artifact_kind=table_csv; suffix=.csv; relative_path=runs/QSB-SPARC-RAR-RESIDUAL-SCOUT-01-BASELINE-RAR-REPRODUCTION/17_baseline_fit_or_reference_diagnostics.csv
sparc_rar_artifact_samples,sparc_rar,table_csv,.csv,runs/QSB-SPARC-RAR-RESIDUAL-SCOUT-01-BASELINE-RAR-REPRODUCTION/18_baseline_reproduction_readout.csv,domain_guess=sparc_rar; artifact_kind=table_csv; suffix=.csv; relative_path=runs/QSB-SPARC-RAR-RESIDUAL-SCOUT-01-BASELINE-RAR-REPRODUCTION/18_baseline_reproduction_readout.csv
sparc_rar_artifact_samples,sparc_rar,table_csv,.csv,runs/QSB-SPARC-RAR-RESIDUAL-SCOUT-01-BASELINE-RAR-REPRODUCTION/19_baseline_blocker_report.csv,domain_guess=sparc_rar; artifact_kind=table_csv; suffix=.csv; relative_path=runs/QSB-SPARC-RAR-RESIDUAL-SCOUT-01-BASELINE-RAR-REPRODUCTION/19_baseline_blocker_report.csv
sparc_rar_artifact_samples,sparc_rar,markdown_note,.md,runs/QSB-SPARC-RAR-RESIDUAL-SCOUT-01-BASELINE-RAR-REPRODUCTION/20_claim_boundary_and_no_go.md,domain_guess=sparc_rar; artifact_kind=markdown_note; suffix=.md; relative_path=runs/QSB-SPARC-RAR-RESIDUAL-SCOUT-01-BASELINE-RAR-REPRODUCTION/20_claim_boundary_and_no_go.md
sparc_rar_artifact_samples,sparc_rar,markdown_note,.md,runs/QSB-SPARC-RAR-RESIDUAL-SCOUT-01-BASELINE-RAR-REPRODUCTION/21_next_run_recommendation.md,domain_guess=sparc_rar; artifact_kind=markdown_note; suffix=.md; relative_path=runs/QSB-SPARC-RAR-RESIDUAL-SCOUT-01-BASELINE-RAR-REPRODUCTION/21_next_run_recommendation.md
sparc_rar_artifact_samples,sparc_rar,markdown_note,.md,runs/QSB-SPARC-RAR-RESIDUAL-SCOUT-01-BASELINE-RAR-REPRODUCTION/22_baseline_rar_reproduction_review_note.md,domain_guess=sparc_rar; artifact_kind=markdown_note; suffix=.md; relative_path=runs/QSB-SPARC-RAR-RESIDUAL-SCOUT-01-BASELINE-RAR-REPRODUCTION/22_baseline_rar_reproduction_review_note.md
sparc_rar_artifact_samples,sparc_rar,table_csv,.csv,runs/QSB-SPARC-RAR-RESIDUAL-SCOUT-01-BASELINE-RAR-REPRODUCTION/25_massmodels_vs_direct_rar_comparison.csv,domain_guess=sparc_rar; artifact_kind=table_csv; suffix=.csv; relative_path=runs/QSB-SPARC-RAR-RESIDUAL-SCOUT-01-BASELINE-RAR-REPRODUCTION/25_massmodels_vs_direct_rar_comparison.csv
sparc_rar_artifact_samples,sparc_rar,markdown_note,.md,runs/QSB-SPARC-RAR-RESIDUAL-SCOUT-01-BASELINE-RAR-REPRODUCTION/26_parser_edge_cases.md,domain_guess=sparc_rar; artifact_kind=markdown_note; suffix=.md; relative_path=runs/QSB-SPARC-RAR-RESIDUAL-SCOUT-01-BASELINE-RAR-REPRODUCTION/26_parser_edge_cases.md
sparc_rar_artifact_samples,sparc_rar,markdown_note,.md,runs/QSB-SPARC-RAR-RESIDUAL-SCOUT-01-BASELINE-RAR-REPRODUCTION/27_next_codex_prompt_recommendation.md,domain_guess=sparc_rar; artifact_kind=markdown_note; suffix=.md; relative_path=runs/QSB-SPARC-RAR-RESIDUAL-SCOUT-01-BASELINE-RAR-REPRODUCTION/27_next_codex_prompt_recommendation.md
sparc_rar_artifact_samples,sparc_rar,text_note,.txt,runs/QSB-SPARC-RAR-RESIDUAL-SCOUT-01-DATA-CONTRACT/00_git_status_short_before.txt,domain_guess=sparc_rar; artifact_kind=text_note; suffix=.txt; relative_path=runs/QSB-SPARC-RAR-RESIDUAL-SCOUT-01-DATA-CONTRACT/00_git_status_short_before.txt
sparc_rar_artifact_samples,sparc_rar,text_note,.txt,runs/QSB-SPARC-RAR-RESIDUAL-SCOUT-01-DATA-CONTRACT/01_git_log_oneline_before.txt,domain_guess=sparc_rar; artifact_kind=text_note; suffix=.txt; relative_path=runs/QSB-SPARC-RAR-RESIDUAL-SCOUT-01-DATA-CONTRACT/01_git_log_oneline_before.txt
sparc_rar_artifact_samples,sparc_rar,markdown_note,.md,runs/QSB-SPARC-RAR-RESIDUAL-SCOUT-01-DATA-CONTRACT/02_sparc_rar_data_contract_scope.md,domain_guess=sparc_rar; artifact_kind=markdown_note; suffix=.md; relative_path=runs/QSB-SPARC-RAR-RESIDUAL-SCOUT-01-DATA-CONTRACT/02_sparc_rar_data_contract_scope.md
sparc_rar_artifact_samples,sparc_rar,python_script,.py,runs/QSB-SPARC-RAR-RESIDUAL-SCOUT-01-DATA-CONTRACT/03_sparc_rar_data_contract.py,domain_guess=sparc_rar; artifact_kind=python_script; suffix=.py; relative_path=runs/QSB-SPARC-RAR-RESIDUAL-SCOUT-01-DATA-CONTRACT/03_sparc_rar_data_contract.py
sparc_rar_artifact_samples,sparc_rar,summary_json,.json,runs/QSB-SPARC-RAR-RESIDUAL-SCOUT-01-DATA-CONTRACT/04_sparc_rar_data_contract_summary.json,domain_guess=sparc_rar; artifact_kind=summary_json; suffix=.json; relative_path=runs/QSB-SPARC-RAR-RESIDUAL-SCOUT-01-DATA-CONTRACT/04_sparc_rar_data_contract_summary.json
sparc_rar_artifact_samples,sparc_rar,table_csv,.csv,runs/QSB-SPARC-RAR-RESIDUAL-SCOUT-01-DATA-CONTRACT/05_input_file_inventory.csv,domain_guess=sparc_rar; artifact_kind=table_csv; suffix=.csv; relative_path=runs/QSB-SPARC-RAR-RESIDUAL-SCOUT-01-DATA-CONTRACT/05_input_file_inventory.csv
sparc_rar_artifact_samples,sparc_rar,table_csv,.csv,runs/QSB-SPARC-RAR-RESIDUAL-SCOUT-01-DATA-CONTRACT/06_input_file_checksums.csv,domain_guess=sparc_rar; artifact_kind=table_csv; suffix=.csv; relative_path=runs/QSB-SPARC-RAR-RESIDUAL-SCOUT-01-DATA-CONTRACT/06_input_file_checksums.csv
sparc_rar_artifact_samples,sparc_rar,table_csv,.csv,runs/QSB-SPARC-RAR-RESIDUAL-SCOUT-01-DATA-CONTRACT/07_text_table_profile.csv,domain_guess=sparc_rar; artifact_kind=table_csv; suffix=.csv; relative_path=runs/QSB-SPARC-RAR-RESIDUAL-SCOUT-01-DATA-CONTRACT/07_text_table_profile.csv
sparc_rar_artifact_samples,sparc_rar,table_csv,.csv,runs/QSB-SPARC-RAR-RESIDUAL-SCOUT-01-DATA-CONTRACT/08_detected_column_inventory.csv,domain_guess=sparc_rar; artifact_kind=table_csv; suffix=.csv; relative_path=runs/QSB-SPARC-RAR-RESIDUAL-SCOUT-01-DATA-CONTRACT/08_detected_column_inventory.csv
sparc_rar_artifact_samples,sparc_rar,table_csv,.csv,runs/QSB-SPARC-RAR-RESIDUAL-SCOUT-01-DATA-CONTRACT/09_sparc_expected_column_mapping.csv,domain_guess=sparc_rar; artifact_kind=table_csv; suffix=.csv; relative_path=runs/QSB-SPARC-RAR-RESIDUAL-SCOUT-01-DATA-CONTRACT/09_sparc_expected_column_mapping.csv
sparc_rar_artifact_samples,sparc_rar,table_csv,.csv,runs/QSB-SPARC-RAR-RESIDUAL-SCOUT-01-DATA-CONTRACT/10_baseline_rar_feasibility_contract.csv,domain_guess=sparc_rar; artifact_kind=table_csv; suffix=.csv; relative_path=runs/QSB-SPARC-RAR-RESIDUAL-SCOUT-01-DATA-CONTRACT/10_baseline_rar_feasibility_contract.csv
sparc_rar_artifact_samples,sparc_rar,table_csv,.csv,runs/QSB-SPARC-RAR-RESIDUAL-SCOUT-01-DATA-CONTRACT/11_rbci_v1_formula_feasibility_contract.csv,domain_guess=sparc_rar; artifact_kind=table_csv; suffix=.csv; relative_path=runs/QSB-SPARC-RAR-RESIDUAL-SCOUT-01-DATA-CONTRACT/11_rbci_v1_formula_feasibility_contract.csv
sparc_rar_artifact_samples,sparc_rar,table_csv,.csv,runs/QSB-SPARC-RAR-RESIDUAL-SCOUT-01-DATA-CONTRACT/12_source_reference_inventory.csv,domain_guess=sparc_rar; artifact_kind=table_csv; suffix=.csv; relative_path=runs/QSB-SPARC-RAR-RESIDUAL-SCOUT-01-DATA-CONTRACT/12_source_reference_inventory.csv
sparc_rar_artifact_samples,sparc_rar,markdown_note,.md,runs/QSB-SPARC-RAR-RESIDUAL-SCOUT-01-DATA-CONTRACT/13_data_lineage_contract.md,domain_guess=sparc_rar; artifact_kind=markdown_note; suffix=.md; relative_path=runs/QSB-SPARC-RAR-RESIDUAL-SCOUT-01-DATA-CONTRACT/13_data_lineage_contract.md
sparc_rar_artifact_samples,sparc_rar,markdown_note,.md,runs/QSB-SPARC-RAR-RESIDUAL-SCOUT-01-DATA-CONTRACT/14_unit_and_dimension_review_placeholder.md,domain_guess=sparc_rar; artifact_kind=markdown_note; suffix=.md; relative_path=runs/QSB-SPARC-RAR-RESIDUAL-SCOUT-01-DATA-CONTRACT/14_unit_and_dimension_review_placeholder.md
sparc_rar_artifact_samples,sparc_rar,markdown_note,.md,runs/QSB-SPARC-RAR-RESIDUAL-SCOUT-01-DATA-CONTRACT/15_claim_boundary_and_no_go.md,domain_guess=sparc_rar; artifact_kind=markdown_note; suffix=.md; relative_path=runs/QSB-SPARC-RAR-RESIDUAL-SCOUT-01-DATA-CONTRACT/15_claim_boundary_and_no_go.md
sparc_rar_artifact_samples,sparc_rar,markdown_note,.md,runs/QSB-SPARC-RAR-RESIDUAL-SCOUT-01-DATA-CONTRACT/16_next_execution_run_contract.md,domain_guess=sparc_rar; artifact_kind=markdown_note; suffix=.md; relative_path=runs/QSB-SPARC-RAR-RESIDUAL-SCOUT-01-DATA-CONTRACT/16_next_execution_run_contract.md
sparc_rar_artifact_samples,sparc_rar,markdown_note,.md,runs/QSB-SPARC-RAR-RESIDUAL-SCOUT-01-DATA-CONTRACT/17_sparc_rar_data_contract_review_note.md,domain_guess=sparc_rar; artifact_kind=markdown_note; suffix=.md; relative_path=runs/QSB-SPARC-RAR-RESIDUAL-SCOUT-01-DATA-CONTRACT/17_sparc_rar_data_contract_review_note.md
sparc_rar_artifact_samples,sparc_rar,markdown_note,.md,runs/QSB-SPARC-RAR-RESIDUAL-SCOUT-01-DATA-CONTRACT/18_manual_data_registration_instructions.md,domain_guess=sparc_rar; artifact_kind=markdown_note; suffix=.md; relative_path=runs/QSB-SPARC-RAR-RESIDUAL-SCOUT-01-DATA-CONTRACT/18_manual_data_registration_instructions.md
sparc_rar_artifact_samples,sparc_rar,markdown_note,.md,runs/QSB-SPARC-RAR-RESIDUAL-SCOUT-01-DATA-CONTRACT/19_missing_data_report.md,domain_guess=sparc_rar; artifact_kind=markdown_note; suffix=.md; relative_path=runs/QSB-SPARC-RAR-RESIDUAL-SCOUT-01-DATA-CONTRACT/19_missing_data_report.md
sparc_rar_artifact_samples,sparc_rar,markdown_note,.md,runs/QSB-SPARC-RAR-RESIDUAL-SCOUT-01-DATA-CONTRACT/20_download_not_performed_note.md,domain_guess=sparc_rar; artifact_kind=markdown_note; suffix=.md; relative_path=runs/QSB-SPARC-RAR-RESIDUAL-SCOUT-01-DATA-CONTRACT/20_download_not_performed_note.md
sparc_rar_artifact_samples,sparc_rar,markdown_note,.md,runs/QSB-SPARC-RAR-RESIDUAL-SCOUT-01-DATA-CONTRACT/21_next_codex_prompt_recommendation.md,domain_guess=sparc_rar; artifact_kind=markdown_note; suffix=.md; relative_path=runs/QSB-SPARC-RAR-RESIDUAL-SCOUT-01-DATA-CONTRACT/21_next_codex_prompt_recommendation.md
sparc_rar_artifact_samples,sparc_rar,table_csv,.csv,runs/QSB-SPARC-RAR-RESIDUAL-SCOUT-01-DATA-CONTRACT/22_sample_rows_preview.csv,domain_guess=sparc_rar; artifact_kind=table_csv; suffix=.csv; relative_path=runs/QSB-SPARC-RAR-RESIDUAL-SCOUT-01-DATA-CONTRACT/22_sample_rows_preview.csv
sparc_rar_artifact_samples,sparc_rar,table_csv,.csv,runs/QSB-SPARC-RAR-RESIDUAL-SCOUT-01-DATA-CONTRACT/23_column_presence_matrix.csv,domain_guess=sparc_rar; artifact_kind=table_csv; suffix=.csv; relative_path=runs/QSB-SPARC-RAR-RESIDUAL-SCOUT-01-DATA-CONTRACT/23_column_presence_matrix.csv
sparc_rar_artifact_samples,sparc_rar,table_csv,.csv,runs/QSB-SPARC-RAR-RESIDUAL-SCOUT-01-DATA-CONTRACT/24_data_quality_preflight.csv,domain_guess=sparc_rar; artifact_kind=table_csv; suffix=.csv; relative_path=runs/QSB-SPARC-RAR-RESIDUAL-SCOUT-01-DATA-CONTRACT/24_data_quality_preflight.csv
sparc_rar_artifact_samples,sparc_rar,run_audit,,runs/QSB-SPARC-RAR-RESIDUAL-SCOUT-01-DATA-CONTRACT/.gitattributes,domain_guess=sparc_rar; artifact_kind=run_audit; suffix=; relative_path=runs/QSB-SPARC-RAR-RESIDUAL-SCOUT-01-DATA-CONTRACT/.gitattributes
sparc_rar_artifact_samples,sparc_rar,raw_input,.mrt,runs/QSB-SPARC-RAR-RESIDUAL-SCOUT-01-DATA-CONTRACT/input/MassModels_Lelli2016c.mrt,domain_guess=sparc_rar; artifact_kind=raw_input; suffix=.mrt; relative_path=runs/QSB-SPARC-RAR-RESIDUAL-SCOUT-01-DATA-CONTRACT/input/MassModels_Lelli2016c.mrt
sparc_rar_artifact_samples,sparc_rar,raw_input,.mrt,runs/QSB-SPARC-RAR-RESIDUAL-SCOUT-01-DATA-CONTRACT/input/RARbins.mrt,domain_guess=sparc_rar; artifact_kind=raw_input; suffix=.mrt; relative_path=runs/QSB-SPARC-RAR-RESIDUAL-SCOUT-01-DATA-CONTRACT/input/RARbins.mrt
sparc_rar_artifact_samples,sparc_rar,raw_input,.mrt,runs/QSB-SPARC-RAR-RESIDUAL-SCOUT-01-DATA-CONTRACT/input/RAR.mrt,domain_guess=sparc_rar; artifact_kind=raw_input; suffix=.mrt; relative_path=runs/QSB-SPARC-RAR-RESIDUAL-SCOUT-01-DATA-CONTRACT/input/RAR.mrt
sparc_rar_artifact_samples,sparc_rar,raw_input,.mrt,runs/QSB-SPARC-RAR-RESIDUAL-SCOUT-01-DATA-CONTRACT/input/SPARC_Lelli2016c.mrt,domain_guess=sparc_rar; artifact_kind=raw_input; suffix=.mrt; relative_path=runs/QSB-SPARC-RAR-RESIDUAL-SCOUT-01-DATA-CONTRACT/input/SPARC_Lelli2016c.mrt
sparc_rar_artifact_samples,sparc_rar,text_note,.txt,runs/QSB-SPARC-RAR-RESIDUAL-SCOUT-01-DATA-CONTRACT-REVIEW/00_git_status_short_before.txt,domain_guess=sparc_rar; artifact_kind=text_note; suffix=.txt; relative_path=runs/QSB-SPARC-RAR-RESIDUAL-SCOUT-01-DATA-CONTRACT-REVIEW/00_git_status_short_before.txt
sparc_rar_artifact_samples,sparc_rar,text_note,.txt,runs/QSB-SPARC-RAR-RESIDUAL-SCOUT-01-DATA-CONTRACT-REVIEW/01_git_log_oneline_before.txt,domain_guess=sparc_rar; artifact_kind=text_note; suffix=.txt; relative_path=runs/QSB-SPARC-RAR-RESIDUAL-SCOUT-01-DATA-CONTRACT-REVIEW/01_git_log_oneline_before.txt
sparc_rar_artifact_samples,sparc_rar,markdown_note,.md,runs/QSB-SPARC-RAR-RESIDUAL-SCOUT-01-DATA-CONTRACT-REVIEW/02_data_contract_review_scope.md,domain_guess=sparc_rar; artifact_kind=markdown_note; suffix=.md; relative_path=runs/QSB-SPARC-RAR-RESIDUAL-SCOUT-01-DATA-CONTRACT-REVIEW/02_data_contract_review_scope.md
sparc_rar_artifact_samples,sparc_rar,python_script,.py,runs/QSB-SPARC-RAR-RESIDUAL-SCOUT-01-DATA-CONTRACT-REVIEW/03_data_contract_review.py,domain_guess=sparc_rar; artifact_kind=python_script; suffix=.py; relative_path=runs/QSB-SPARC-RAR-RESIDUAL-SCOUT-01-DATA-CONTRACT-REVIEW/03_data_contract_review.py
sparc_rar_artifact_samples,sparc_rar,summary_json,.json,runs/QSB-SPARC-RAR-RESIDUAL-SCOUT-01-DATA-CONTRACT-REVIEW/04_data_contract_review_summary.json,domain_guess=sparc_rar; artifact_kind=summary_json; suffix=.json; relative_path=runs/QSB-SPARC-RAR-RESIDUAL-SCOUT-01-DATA-CONTRACT-REVIEW/04_data_contract_review_summary.json
sparc_rar_artifact_samples,sparc_rar,table_csv,.csv,runs/QSB-SPARC-RAR-RESIDUAL-SCOUT-01-DATA-CONTRACT-REVIEW/05_review_input_artifact_inventory.csv,domain_guess=sparc_rar; artifact_kind=table_csv; suffix=.csv; relative_path=runs/QSB-SPARC-RAR-RESIDUAL-SCOUT-01-DATA-CONTRACT-REVIEW/05_review_input_artifact_inventory.csv
sparc_rar_artifact_samples,sparc_rar,table_csv,.csv,runs/QSB-SPARC-RAR-RESIDUAL-SCOUT-01-DATA-CONTRACT-REVIEW/06_checksum_revalidation.csv,domain_guess=sparc_rar; artifact_kind=table_csv; suffix=.csv; relative_path=runs/QSB-SPARC-RAR-RESIDUAL-SCOUT-01-DATA-CONTRACT-REVIEW/06_checksum_revalidation.csv
sparc_rar_artifact_samples,sparc_rar,table_csv,.csv,runs/QSB-SPARC-RAR-RESIDUAL-SCOUT-01-DATA-CONTRACT-REVIEW/07_raw_data_preservation_audit.csv,domain_guess=sparc_rar; artifact_kind=table_csv; suffix=.csv; relative_path=runs/QSB-SPARC-RAR-RESIDUAL-SCOUT-01-DATA-CONTRACT-REVIEW/07_raw_data_preservation_audit.csv
sparc_rar_artifact_samples,sparc_rar,table_csv,.csv,runs/QSB-SPARC-RAR-RESIDUAL-SCOUT-01-DATA-CONTRACT-REVIEW/08_gitattributes_audit.csv,domain_guess=sparc_rar; artifact_kind=table_csv; suffix=.csv; relative_path=runs/QSB-SPARC-RAR-RESIDUAL-SCOUT-01-DATA-CONTRACT-REVIEW/08_gitattributes_audit.csv
sparc_rar_artifact_samples,sparc_rar,table_csv,.csv,runs/QSB-SPARC-RAR-RESIDUAL-SCOUT-01-DATA-CONTRACT-REVIEW/09_mrt_structure_review.csv,domain_guess=sparc_rar; artifact_kind=table_csv; suffix=.csv; relative_path=runs/QSB-SPARC-RAR-RESIDUAL-SCOUT-01-DATA-CONTRACT-REVIEW/09_mrt_structure_review.csv
sparc_rar_artifact_samples,sparc_rar,table_csv,.csv,runs/QSB-SPARC-RAR-RESIDUAL-SCOUT-01-DATA-CONTRACT-REVIEW/10_column_mapping_review.csv,domain_guess=sparc_rar; artifact_kind=table_csv; suffix=.csv; relative_path=runs/QSB-SPARC-RAR-RESIDUAL-SCOUT-01-DATA-CONTRACT-REVIEW/10_column_mapping_review.csv
sparc_rar_artifact_samples,sparc_rar,table_csv,.csv,runs/QSB-SPARC-RAR-RESIDUAL-SCOUT-01-DATA-CONTRACT-REVIEW/11_baseline_rar_readiness_review.csv,domain_guess=sparc_rar; artifact_kind=table_csv; suffix=.csv; relative_path=runs/QSB-SPARC-RAR-RESIDUAL-SCOUT-01-DATA-CONTRACT-REVIEW/11_baseline_rar_readiness_review.csv
sparc_rar_artifact_samples,sparc_rar,table_csv,.csv,runs/QSB-SPARC-RAR-RESIDUAL-SCOUT-01-DATA-CONTRACT-REVIEW/12_rbci_v1_readiness_review.csv,domain_guess=sparc_rar; artifact_kind=table_csv; suffix=.csv; relative_path=runs/QSB-SPARC-RAR-RESIDUAL-SCOUT-01-DATA-CONTRACT-REVIEW/12_rbci_v1_readiness_review.csv
sparc_rar_artifact_samples,sparc_rar,table_csv,.csv,runs/QSB-SPARC-RAR-RESIDUAL-SCOUT-01-DATA-CONTRACT-REVIEW/13_data_contract_freeze_decision.csv,domain_guess=sparc_rar; artifact_kind=table_csv; suffix=.csv; relative_path=runs/QSB-SPARC-RAR-RESIDUAL-SCOUT-01-DATA-CONTRACT-REVIEW/13_data_contract_freeze_decision.csv
sparc_rar_artifact_samples,sparc_rar,table_csv,.csv,runs/QSB-SPARC-RAR-RESIDUAL-SCOUT-01-DATA-CONTRACT-REVIEW/14_review_blocker_report.csv,domain_guess=sparc_rar; artifact_kind=table_csv; suffix=.csv; relative_path=runs/QSB-SPARC-RAR-RESIDUAL-SCOUT-01-DATA-CONTRACT-REVIEW/14_review_blocker_report.csv
sparc_rar_artifact_samples,sparc_rar,markdown_note,.md,runs/QSB-SPARC-RAR-RESIDUAL-SCOUT-01-DATA-CONTRACT-REVIEW/15_claim_boundary_and_no_go.md,domain_guess=sparc_rar; artifact_kind=markdown_note; suffix=.md; relative_path=runs/QSB-SPARC-RAR-RESIDUAL-SCOUT-01-DATA-CONTRACT-REVIEW/15_claim_boundary_and_no_go.md
sparc_rar_artifact_samples,sparc_rar,markdown_note,.md,runs/QSB-SPARC-RAR-RESIDUAL-SCOUT-01-DATA-CONTRACT-REVIEW/16_next_run_recommendation.md,domain_guess=sparc_rar; artifact_kind=markdown_note; suffix=.md; relative_path=runs/QSB-SPARC-RAR-RESIDUAL-SCOUT-01-DATA-CONTRACT-REVIEW/16_next_run_recommendation.md
sparc_rar_artifact_samples,sparc_rar,markdown_note,.md,runs/QSB-SPARC-RAR-RESIDUAL-SCOUT-01-DATA-CONTRACT-REVIEW/17_data_contract_review_note.md,domain_guess=sparc_rar; artifact_kind=markdown_note; suffix=.md; relative_path=runs/QSB-SPARC-RAR-RESIDUAL-SCOUT-01-DATA-CONTRACT-REVIEW/17_data_contract_review_note.md
sparc_rar_artifact_samples,sparc_rar,table_csv,.csv,runs/QSB-SPARC-RAR-RESIDUAL-SCOUT-01-DATA-CONTRACT-REVIEW/18_unit_dimension_review.csv,domain_guess=sparc_rar; artifact_kind=table_csv; suffix=.csv; relative_path=runs/QSB-SPARC-RAR-RESIDUAL-SCOUT-01-DATA-CONTRACT-REVIEW/18_unit_dimension_review.csv
sparc_rar_artifact_samples,sparc_rar,markdown_note,.md,runs/QSB-SPARC-RAR-RESIDUAL-SCOUT-01-DATA-CONTRACT-REVIEW/19_parser_requirements_for_baseline_run.md,domain_guess=sparc_rar; artifact_kind=markdown_note; suffix=.md; relative_path=runs/QSB-SPARC-RAR-RESIDUAL-SCOUT-01-DATA-CONTRACT-REVIEW/19_parser_requirements_for_baseline_run.md
sparc_rar_artifact_samples,sparc_rar,markdown_note,.md,runs/QSB-SPARC-RAR-RESIDUAL-SCOUT-01-DATA-CONTRACT-REVIEW/20_formula_freeze_requirements_for_rbci_v1.md,domain_guess=sparc_rar; artifact_kind=markdown_note; suffix=.md; relative_path=runs/QSB-SPARC-RAR-RESIDUAL-SCOUT-01-DATA-CONTRACT-REVIEW/20_formula_freeze_requirements_for_rbci_v1.md
sparc_rar_artifact_samples,sparc_rar,markdown_note,.md,runs/QSB-SPARC-RAR-RESIDUAL-SCOUT-01-DATA-CONTRACT-REVIEW/21_next_codex_prompt_recommendation.md,domain_guess=sparc_rar; artifact_kind=markdown_note; suffix=.md; relative_path=runs/QSB-SPARC-RAR-RESIDUAL-SCOUT-01-DATA-CONTRACT-REVIEW/21_next_codex_prompt_recommendation.md
sparc_rar_artifact_samples,sparc_rar,text_note,.txt,runs/QSB-SPARC-RAR-RESIDUAL-SCOUT-01-PRECONTRACT/00_git_status_short_before.txt,domain_guess=sparc_rar; artifact_kind=text_note; suffix=.txt; relative_path=runs/QSB-SPARC-RAR-RESIDUAL-SCOUT-01-PRECONTRACT/00_git_status_short_before.txt
sparc_rar_artifact_samples,sparc_rar,text_note,.txt,runs/QSB-SPARC-RAR-RESIDUAL-SCOUT-01-PRECONTRACT/01_git_log_oneline_before.txt,domain_guess=sparc_rar; artifact_kind=text_note; suffix=.txt; relative_path=runs/QSB-SPARC-RAR-RESIDUAL-SCOUT-01-PRECONTRACT/01_git_log_oneline_before.txt
sparc_rar_artifact_samples,sparc_rar,markdown_note,.md,runs/QSB-SPARC-RAR-RESIDUAL-SCOUT-01-PRECONTRACT/02_sparc_rar_precontract_scope.md,domain_guess=sparc_rar; artifact_kind=markdown_note; suffix=.md; relative_path=runs/QSB-SPARC-RAR-RESIDUAL-SCOUT-01-PRECONTRACT/02_sparc_rar_precontract_scope.md
sparc_rar_artifact_samples,sparc_rar,python_script,.py,runs/QSB-SPARC-RAR-RESIDUAL-SCOUT-01-PRECONTRACT/03_sparc_rar_precontract.py,domain_guess=sparc_rar; artifact_kind=python_script; suffix=.py; relative_path=runs/QSB-SPARC-RAR-RESIDUAL-SCOUT-01-PRECONTRACT/03_sparc_rar_precontract.py
sparc_rar_artifact_samples,sparc_rar,summary_json,.json,runs/QSB-SPARC-RAR-RESIDUAL-SCOUT-01-PRECONTRACT/04_sparc_rar_precontract_summary.json,domain_guess=sparc_rar; artifact_kind=summary_json; suffix=.json; relative_path=runs/QSB-SPARC-RAR-RESIDUAL-SCOUT-01-PRECONTRACT/04_sparc_rar_precontract_summary.json
sparc_rar_artifact_samples,sparc_rar,table_csv,.csv,runs/QSB-SPARC-RAR-RESIDUAL-SCOUT-01-PRECONTRACT/05_input_artifact_inventory.csv,domain_guess=sparc_rar; artifact_kind=table_csv; suffix=.csv; relative_path=runs/QSB-SPARC-RAR-RESIDUAL-SCOUT-01-PRECONTRACT/05_input_artifact_inventory.csv
sparc_rar_artifact_samples,sparc_rar,table_csv,.csv,runs/QSB-SPARC-RAR-RESIDUAL-SCOUT-01-PRECONTRACT/06_sparc_rar_baseline_contract.csv,domain_guess=sparc_rar; artifact_kind=table_csv; suffix=.csv; relative_path=runs/QSB-SPARC-RAR-RESIDUAL-SCOUT-01-PRECONTRACT/06_sparc_rar_baseline_contract.csv
sparc_rar_artifact_samples,sparc_rar,table_csv,.csv,runs/QSB-SPARC-RAR-RESIDUAL-SCOUT-01-PRECONTRACT/07_qsb_observable_candidate_contract.csv,domain_guess=sparc_rar; artifact_kind=table_csv; suffix=.csv; relative_path=runs/QSB-SPARC-RAR-RESIDUAL-SCOUT-01-PRECONTRACT/07_qsb_observable_candidate_contract.csv
sparc_rar_artifact_samples,sparc_rar,markdown_note,.md,runs/QSB-SPARC-RAR-RESIDUAL-SCOUT-01-PRECONTRACT/08_rbci_v1_definition_note.md,domain_guess=sparc_rar; artifact_kind=markdown_note; suffix=.md; relative_path=runs/QSB-SPARC-RAR-RESIDUAL-SCOUT-01-PRECONTRACT/08_rbci_v1_definition_note.md
sparc_rar_artifact_samples,sparc_rar,table_csv,.csv,runs/QSB-SPARC-RAR-RESIDUAL-SCOUT-01-PRECONTRACT/09_nullmodel_contract.csv,domain_guess=sparc_rar; artifact_kind=table_csv; suffix=.csv; relative_path=runs/QSB-SPARC-RAR-RESIDUAL-SCOUT-01-PRECONTRACT/09_nullmodel_contract.csv
sparc_rar_artifact_samples,sparc_rar,markdown_note,.md,runs/QSB-SPARC-RAR-RESIDUAL-SCOUT-01-PRECONTRACT/10_complexity_penalty_contract.md,domain_guess=sparc_rar; artifact_kind=markdown_note; suffix=.md; relative_path=runs/QSB-SPARC-RAR-RESIDUAL-SCOUT-01-PRECONTRACT/10_complexity_penalty_contract.md
sparc_rar_artifact_samples,sparc_rar,table_csv,.csv,runs/QSB-SPARC-RAR-RESIDUAL-SCOUT-01-PRECONTRACT/11_success_failure_criteria.csv,domain_guess=sparc_rar; artifact_kind=table_csv; suffix=.csv; relative_path=runs/QSB-SPARC-RAR-RESIDUAL-SCOUT-01-PRECONTRACT/11_success_failure_criteria.csv
sparc_rar_artifact_samples,sparc_rar,markdown_note,.md,runs/QSB-SPARC-RAR-RESIDUAL-SCOUT-01-PRECONTRACT/12_claim_boundary_and_no_go.md,domain_guess=sparc_rar; artifact_kind=markdown_note; suffix=.md; relative_path=runs/QSB-SPARC-RAR-RESIDUAL-SCOUT-01-PRECONTRACT/12_claim_boundary_and_no_go.md
sparc_rar_artifact_samples,sparc_rar,markdown_note,.md,runs/QSB-SPARC-RAR-RESIDUAL-SCOUT-01-PRECONTRACT/13_next_execution_run_contract.md,domain_guess=sparc_rar; artifact_kind=markdown_note; suffix=.md; relative_path=runs/QSB-SPARC-RAR-RESIDUAL-SCOUT-01-PRECONTRACT/13_next_execution_run_contract.md
sparc_rar_artifact_samples,sparc_rar,markdown_note,.md,runs/QSB-SPARC-RAR-RESIDUAL-SCOUT-01-PRECONTRACT/14_sparc_rar_precontract_review_note.md,domain_guess=sparc_rar; artifact_kind=markdown_note; suffix=.md; relative_path=runs/QSB-SPARC-RAR-RESIDUAL-SCOUT-01-PRECONTRACT/14_sparc_rar_precontract_review_note.md
sparc_rar_artifact_samples,sparc_rar,markdown_note,.md,runs/QSB-SPARC-RAR-RESIDUAL-SCOUT-01-PRECONTRACT/15_data_acquisition_plan.md,domain_guess=sparc_rar; artifact_kind=markdown_note; suffix=.md; relative_path=runs/QSB-SPARC-RAR-RESIDUAL-SCOUT-01-PRECONTRACT/15_data_acquisition_plan.md
sparc_rar_artifact_samples,sparc_rar,table_csv,.csv,runs/QSB-SPARC-RAR-RESIDUAL-SCOUT-01-PRECONTRACT/16_sparc_column_contract_placeholder.csv,domain_guess=sparc_rar; artifact_kind=table_csv; suffix=.csv; relative_path=runs/QSB-SPARC-RAR-RESIDUAL-SCOUT-01-PRECONTRACT/16_sparc_column_contract_placeholder.csv
sparc_rar_artifact_samples,sparc_rar,markdown_note,.md,runs/QSB-SPARC-RAR-RESIDUAL-SCOUT-01-PRECONTRACT/17_observable_formula_todo.md,domain_guess=sparc_rar; artifact_kind=markdown_note; suffix=.md; relative_path=runs/QSB-SPARC-RAR-RESIDUAL-SCOUT-01-PRECONTRACT/17_observable_formula_todo.md
sparc_rar_artifact_samples,sparc_rar,markdown_note,.md,runs/QSB-SPARC-RAR-RESIDUAL-SCOUT-01-PRECONTRACT/18_next_codex_prompt_recommendation.md,domain_guess=sparc_rar; artifact_kind=markdown_note; suffix=.md; relative_path=runs/QSB-SPARC-RAR-RESIDUAL-SCOUT-01-PRECONTRACT/18_next_codex_prompt_recommendation.md
sparc_rar_artifact_samples,sparc_rar,sql_script,.sql,scripts/qsb_dwh_pg/sql/002_sparc_rar.sql,domain_guess=sparc_rar; artifact_kind=sql_script; suffix=.sql; relative_path=scripts/qsb_dwh_pg/sql/002_sparc_rar.sql
matrix_artifact_samples,unknown,table_csv,.csv,data/qsb_bridge_synth_01b_cross_test_pattern_matrix.csv,domain_guess=unknown; artifact_kind=table_csv; suffix=.csv; relative_path=data/qsb_bridge_synth_01b_cross_test_pattern_matrix.csv
matrix_artifact_samples,causality,markdown_note,.md,docs/bmc01-matrix-first-read.md,domain_guess=causality; artifact_kind=markdown_note; suffix=.md; relative_path=docs/bmc01-matrix-first-read.md
matrix_artifact_samples,causality,table_csv,.csv,docs/BMC07d_backbone_variant_legitimation_matrix.csv,domain_guess=causality; artifact_kind=table_csv; suffix=.csv; relative_path=docs/BMC07d_backbone_variant_legitimation_matrix.csv
matrix_artifact_samples,unknown,markdown_note,.md,docs/QSB_BRIDGE_SYNTH_01B_CROSS_TEST_PATTERN_MATRIX_FIELD_LIST.md,domain_guess=unknown; artifact_kind=markdown_note; suffix=.md; relative_path=docs/QSB_BRIDGE_SYNTH_01B_CROSS_TEST_PATTERN_MATRIX_FIELD_LIST.md
matrix_artifact_samples,causality,table_csv,.csv,docs/QSB-CAUSALITY01/QSB_CAUSALITY01_DIRECTION_MECHANISM_MATRIX.csv,domain_guess=causality; artifact_kind=table_csv; suffix=.csv; relative_path=docs/QSB-CAUSALITY01/QSB_CAUSALITY01_DIRECTION_MECHANISM_MATRIX.csv
matrix_artifact_samples,causality,table_csv,.csv,docs/QSB-CAUSALITY01/QSB_CAUSALITY01_TAU_STATUS_MATRIX.csv,domain_guess=causality; artifact_kind=table_csv; suffix=.csv; relative_path=docs/QSB-CAUSALITY01/QSB_CAUSALITY01_TAU_STATUS_MATRIX.csv
matrix_artifact_samples,causality,table_csv,.csv,docs/QSB-CAUSALITY02A/QSB_CAUSALITY02A_DISTANCE_PROPERTY_MATRIX.csv,domain_guess=causality; artifact_kind=table_csv; suffix=.csv; relative_path=docs/QSB-CAUSALITY02A/QSB_CAUSALITY02A_DISTANCE_PROPERTY_MATRIX.csv
matrix_artifact_samples,unknown,markdown_note,.md,docs/QSB_CORRCORE01_CORRELATION_MATRIX_CORE_DWH_INTEGRATION_SPEC.md,domain_guess=unknown; artifact_kind=markdown_note; suffix=.md; relative_path=docs/QSB_CORRCORE01_CORRELATION_MATRIX_CORE_DWH_INTEGRATION_SPEC.md
matrix_artifact_samples,unknown,markdown_note,.md,docs/QSB_ST_RESONANCE_MATTER_SIGNATURE_RED_TEAM_MATRIX.md,domain_guess=unknown; artifact_kind=markdown_note; suffix=.md; relative_path=docs/QSB_ST_RESONANCE_MATTER_SIGNATURE_RED_TEAM_MATRIX.md
matrix_artifact_samples,unknown,markdown_note,.md,docs/QSB_ST_SHAPIROINFO07_PUBLIC_DATASET_FEASIBILITY_MATRIX_SPEC.md,domain_guess=unknown; artifact_kind=markdown_note; suffix=.md; relative_path=docs/QSB_ST_SHAPIROINFO07_PUBLIC_DATASET_FEASIBILITY_MATRIX_SPEC.md
matrix_artifact_samples,causality,markdown_note,.md,docs/README_BMC07d_legitimation_matrix.md,domain_guess=causality; artifact_kind=markdown_note; suffix=.md; relative_path=docs/README_BMC07d_legitimation_matrix.md
matrix_artifact_samples,causality,markdown_note,.md,docs/run_bmc01_matrix_README.md,domain_guess=causality; artifact_kind=markdown_note; suffix=.md; relative_path=docs/run_bmc01_matrix_README.md
matrix_artifact_samples,interface01,other,.yaml,numerics/debroglie-phase-bridge/m33_v0_scaffold/configs/config_m39x2_prediction_matrix.yaml,domain_guess=interface01; artifact_kind=other; suffix=.yaml; relative_path=numerics/debroglie-phase-bridge/m33_v0_scaffold/configs/config_m39x2_prediction_matrix.yaml
matrix_artifact_samples,interface01,other,.yaml,numerics/debroglie-phase-bridge/m33_v0_scaffold/configs/config_m39x3_prediction_matrix_hardening.yaml,domain_guess=interface01; artifact_kind=other; suffix=.yaml; relative_path=numerics/debroglie-phase-bridge/m33_v0_scaffold/configs/config_m39x3_prediction_matrix_hardening.yaml
matrix_artifact_samples,interface01,other,.yaml,numerics/debroglie-phase-bridge/m33_v0_scaffold/configs/m39x2_prediction_matrix_families.yaml,domain_guess=interface01; artifact_kind=other; suffix=.yaml; relative_path=numerics/debroglie-phase-bridge/m33_v0_scaffold/configs/m39x2_prediction_matrix_families.yaml
matrix_artifact_samples,interface01,other,.yaml,numerics/debroglie-phase-bridge/m33_v0_scaffold/configs/m39x3_prediction_matrix_families.yaml,domain_guess=interface01; artifact_kind=other; suffix=.yaml; relative_path=numerics/debroglie-phase-bridge/m33_v0_scaffold/configs/m39x3_prediction_matrix_families.yaml
matrix_artifact_samples,interface01,table_csv,.csv,numerics/debroglie-phase-bridge/m33_v0_scaffold/runs/M33_V0_alpha_peak_robustness/M38b_branch_dispersion_v2/branch_dispersion_migration_matrix.csv,domain_guess=interface01; artifact_kind=table_csv; suffix=.csv; relative_path=numerics/debroglie-phase-bridge/m33_v0_scaffold/runs/M33_V0_alpha_peak_robustness/M38b_branch_dispersion_v2/branch_dispersion_migration_matrix.csv
matrix_artifact_samples,interface01,table_csv,.csv,numerics/debroglie-phase-bridge/m33_v0_scaffold/runs/M39x2_prediction_matrix/m39x2_bootstrap_summary.csv,domain_guess=interface01; artifact_kind=table_csv; suffix=.csv; relative_path=numerics/debroglie-phase-bridge/m33_v0_scaffold/runs/M39x2_prediction_matrix/m39x2_bootstrap_summary.csv
matrix_artifact_samples,interface01,table_csv,.csv,numerics/debroglie-phase-bridge/m33_v0_scaffold/runs/M39x2_prediction_matrix/m39x2_family_prediction_summary.csv,domain_guess=interface01; artifact_kind=table_csv; suffix=.csv; relative_path=numerics/debroglie-phase-bridge/m33_v0_scaffold/runs/M39x2_prediction_matrix/m39x2_family_prediction_summary.csv
matrix_artifact_samples,interface01,summary_json,.json,numerics/debroglie-phase-bridge/m33_v0_scaffold/runs/M39x2_prediction_matrix/m39x2_global_summary.json,domain_guess=interface01; artifact_kind=summary_json; suffix=.json; relative_path=numerics/debroglie-phase-bridge/m33_v0_scaffold/runs/M39x2_prediction_matrix/m39x2_global_summary.json
matrix_artifact_samples,interface01,table_csv,.csv,numerics/debroglie-phase-bridge/m33_v0_scaffold/runs/M39x2_prediction_matrix/m39x2_irregularity_summary.csv,domain_guess=interface01; artifact_kind=table_csv; suffix=.csv; relative_path=numerics/debroglie-phase-bridge/m33_v0_scaffold/runs/M39x2_prediction_matrix/m39x2_irregularity_summary.csv
matrix_artifact_samples,interface01,table_csv,.csv,numerics/debroglie-phase-bridge/m33_v0_scaffold/runs/M39x2_prediction_matrix/m39x2_marker_summary.csv,domain_guess=interface01; artifact_kind=table_csv; suffix=.csv; relative_path=numerics/debroglie-phase-bridge/m33_v0_scaffold/runs/M39x2_prediction_matrix/m39x2_marker_summary.csv
matrix_artifact_samples,interface01,table_csv,.csv,numerics/debroglie-phase-bridge/m33_v0_scaffold/runs/M39x2_prediction_matrix/m39x2_missing_cases_summary.csv,domain_guess=interface01; artifact_kind=table_csv; suffix=.csv; relative_path=numerics/debroglie-phase-bridge/m33_v0_scaffold/runs/M39x2_prediction_matrix/m39x2_missing_cases_summary.csv
matrix_artifact_samples,interface01,markdown_note,.md,numerics/debroglie-phase-bridge/m33_v0_scaffold/runs/M39x2_prediction_matrix/m39x2_prediction_matrix_report.md,domain_guess=interface01; artifact_kind=markdown_note; suffix=.md; relative_path=numerics/debroglie-phase-bridge/m33_v0_scaffold/runs/M39x2_prediction_matrix/m39x2_prediction_matrix_report.md
matrix_artifact_samples,interface01,markdown_note,.md,numerics/debroglie-phase-bridge/m33_v0_scaffold/runs/M39x2_prediction_matrix/m39x2_source_notes.md,domain_guess=interface01; artifact_kind=markdown_note; suffix=.md; relative_path=numerics/debroglie-phase-bridge/m33_v0_scaffold/runs/M39x2_prediction_matrix/m39x2_source_notes.md
matrix_artifact_samples,interface01,table_csv,.csv,numerics/debroglie-phase-bridge/m33_v0_scaffold/runs/M39x2_prediction_matrix/m39x2_spectral_type_summary.csv,domain_guess=interface01; artifact_kind=table_csv; suffix=.csv; relative_path=numerics/debroglie-phase-bridge/m33_v0_scaffold/runs/M39x2_prediction_matrix/m39x2_spectral_type_summary.csv
matrix_artifact_samples,interface01,table_csv,.csv,numerics/debroglie-phase-bridge/m33_v0_scaffold/runs/M39x3_prediction_matrix_hardening/m39x3_bootstrap_summary.csv,domain_guess=interface01; artifact_kind=table_csv; suffix=.csv; relative_path=numerics/debroglie-phase-bridge/m33_v0_scaffold/runs/M39x3_prediction_matrix_hardening/m39x3_bootstrap_summary.csv
matrix_artifact_samples,interface01,table_csv,.csv,numerics/debroglie-phase-bridge/m33_v0_scaffold/runs/M39x3_prediction_matrix_hardening/m39x3_control_hardening_summary.csv,domain_guess=interface01; artifact_kind=table_csv; suffix=.csv; relative_path=numerics/debroglie-phase-bridge/m33_v0_scaffold/runs/M39x3_prediction_matrix_hardening/m39x3_control_hardening_summary.csv
matrix_artifact_samples,interface01,table_csv,.csv,numerics/debroglie-phase-bridge/m33_v0_scaffold/runs/M39x3_prediction_matrix_hardening/m39x3_family_prediction_summary.csv,domain_guess=interface01; artifact_kind=table_csv; suffix=.csv; relative_path=numerics/debroglie-phase-bridge/m33_v0_scaffold/runs/M39x3_prediction_matrix_hardening/m39x3_family_prediction_summary.csv
matrix_artifact_samples,interface01,summary_json,.json,numerics/debroglie-phase-bridge/m33_v0_scaffold/runs/M39x3_prediction_matrix_hardening/m39x3_global_summary.json,domain_guess=interface01; artifact_kind=summary_json; suffix=.json; relative_path=numerics/debroglie-phase-bridge/m33_v0_scaffold/runs/M39x3_prediction_matrix_hardening/m39x3_global_summary.json
matrix_artifact_samples,interface01,table_csv,.csv,numerics/debroglie-phase-bridge/m33_v0_scaffold/runs/M39x3_prediction_matrix_hardening/m39x3_irregularity_summary.csv,domain_guess=interface01; artifact_kind=table_csv; suffix=.csv; relative_path=numerics/debroglie-phase-bridge/m33_v0_scaffold/runs/M39x3_prediction_matrix_hardening/m39x3_irregularity_summary.csv
matrix_artifact_samples,interface01,table_csv,.csv,numerics/debroglie-phase-bridge/m33_v0_scaffold/runs/M39x3_prediction_matrix_hardening/m39x3_marker_summary.csv,domain_guess=interface01; artifact_kind=table_csv; suffix=.csv; relative_path=numerics/debroglie-phase-bridge/m33_v0_scaffold/runs/M39x3_prediction_matrix_hardening/m39x3_marker_summary.csv
matrix_artifact_samples,interface01,table_csv,.csv,numerics/debroglie-phase-bridge/m33_v0_scaffold/runs/M39x3_prediction_matrix_hardening/m39x3_missing_cases_summary.csv,domain_guess=interface01; artifact_kind=table_csv; suffix=.csv; relative_path=numerics/debroglie-phase-bridge/m33_v0_scaffold/runs/M39x3_prediction_matrix_hardening/m39x3_missing_cases_summary.csv
matrix_artifact_samples,interface01,markdown_note,.md,numerics/debroglie-phase-bridge/m33_v0_scaffold/runs/M39x3_prediction_matrix_hardening/m39x3_prediction_matrix_report.md,domain_guess=interface01; artifact_kind=markdown_note; suffix=.md; relative_path=numerics/debroglie-phase-bridge/m33_v0_scaffold/runs/M39x3_prediction_matrix_hardening/m39x3_prediction_matrix_report.md
matrix_artifact_samples,interface01,markdown_note,.md,numerics/debroglie-phase-bridge/m33_v0_scaffold/runs/M39x3_prediction_matrix_hardening/m39x3_source_notes.md,domain_guess=interface01; artifact_kind=markdown_note; suffix=.md; relative_path=numerics/debroglie-phase-bridge/m33_v0_scaffold/runs/M39x3_prediction_matrix_hardening/m39x3_source_notes.md
matrix_artifact_samples,interface01,table_csv,.csv,numerics/debroglie-phase-bridge/m33_v0_scaffold/runs/M39x3_prediction_matrix_hardening/m39x3_spectral_type_summary.csv,domain_guess=interface01; artifact_kind=table_csv; suffix=.csv; relative_path=numerics/debroglie-phase-bridge/m33_v0_scaffold/runs/M39x3_prediction_matrix_hardening/m39x3_spectral_type_summary.csv
matrix_artifact_samples,interface01,other,.sh,numerics/debroglie-phase-bridge/m33_v0_scaffold/scripts/bootstrap_m39x2_prediction_matrix.sh,domain_guess=interface01; artifact_kind=other; suffix=.sh; relative_path=numerics/debroglie-phase-bridge/m33_v0_scaffold/scripts/bootstrap_m39x2_prediction_matrix.sh
matrix_artifact_samples,interface01,other,.sh,numerics/debroglie-phase-bridge/m33_v0_scaffold/scripts/bootstrap_m39x3_prediction_matrix_hardening.sh,domain_guess=interface01; artifact_kind=other; suffix=.sh; relative_path=numerics/debroglie-phase-bridge/m33_v0_scaffold/scripts/bootstrap_m39x3_prediction_matrix_hardening.sh
matrix_artifact_samples,interface01,python_script,.py,numerics/debroglie-phase-bridge/m33_v0_scaffold/src/m39x2_prediction_matrix_runner.py,domain_guess=interface01; artifact_kind=python_script; suffix=.py; relative_path=numerics/debroglie-phase-bridge/m33_v0_scaffold/src/m39x2_prediction_matrix_runner.py
matrix_artifact_samples,interface01,python_script,.py,numerics/debroglie-phase-bridge/m33_v0_scaffold/src/m39x3_prediction_matrix_hardening_runner.py,domain_guess=interface01; artifact_kind=python_script; suffix=.py; relative_path=numerics/debroglie-phase-bridge/m33_v0_scaffold/src/m39x3_prediction_matrix_hardening_runner.py
matrix_artifact_samples,unknown,table_csv,.csv,numerics/debroglie-phase-bridge/typ_b_analysis/data/holdout/holdout_candidate_decision_matrix.csv,domain_guess=unknown; artifact_kind=table_csv; suffix=.csv; relative_path=numerics/debroglie-phase-bridge/typ_b_analysis/data/holdout/holdout_candidate_decision_matrix.csv
matrix_artifact_samples,unknown,table_csv,.csv,numerics/debroglie-phase-bridge/typ_b_analysis/data/holdout/holdout_candidate_matrix.csv,domain_guess=unknown; artifact_kind=table_csv; suffix=.csv; relative_path=numerics/debroglie-phase-bridge/typ_b_analysis/data/holdout/holdout_candidate_matrix.csv
matrix_artifact_samples,unknown,markdown_note,.md,numerics/debroglie-phase-bridge/typ_b_analysis/notes_archive/bridge/BRIDGE_CARRIER_FINAL_ROLE_MATRIX_A_TO_E.md,domain_guess=unknown; artifact_kind=markdown_note; suffix=.md; relative_path=numerics/debroglie-phase-bridge/typ_b_analysis/notes_archive/bridge/BRIDGE_CARRIER_FINAL_ROLE_MATRIX_A_TO_E.md
matrix_artifact_samples,unknown,markdown_note,.md,numerics/debroglie-phase-bridge/typ_b_analysis/notes/COMPATIBILITY_FIRST_TEST_MATRIX_NOTE.md,domain_guess=unknown; artifact_kind=markdown_note; suffix=.md; relative_path=numerics/debroglie-phase-bridge/typ_b_analysis/notes/COMPATIBILITY_FIRST_TEST_MATRIX_NOTE.md
matrix_artifact_samples,unknown,python_script,.py,numerics/debroglie-phase-bridge/typ_b_analysis/src/inspect_decoupling_matrix_differences.py,domain_guess=unknown; artifact_kind=python_script; suffix=.py; relative_path=numerics/debroglie-phase-bridge/typ_b_analysis/src/inspect_decoupling_matrix_differences.py
matrix_artifact_samples,causality,json_document,.json,runs/BMC-01/matrix/2026-04-20_08-13-11/BMC01_global_weight_permutation_high/baseline_readout.json,domain_guess=causality; artifact_kind=json_document; suffix=.json; relative_path=runs/BMC-01/matrix/2026-04-20_08-13-11/BMC01_global_weight_permutation_high/baseline_readout.json
matrix_artifact_samples,causality,json_document,.json,runs/BMC-01/matrix/2026-04-20_08-13-11/BMC01_global_weight_permutation_high/baseline_state.json,domain_guess=causality; artifact_kind=json_document; suffix=.json; relative_path=runs/BMC-01/matrix/2026-04-20_08-13-11/BMC01_global_weight_permutation_high/baseline_state.json
matrix_artifact_samples,causality,markdown_note,.md,runs/BMC-01/matrix/2026-04-20_08-13-11/BMC01_global_weight_permutation_high/block_readout.md,domain_guess=causality; artifact_kind=markdown_note; suffix=.md; relative_path=runs/BMC-01/matrix/2026-04-20_08-13-11/BMC01_global_weight_permutation_high/block_readout.md
matrix_artifact_samples,causality,table_csv,.csv,runs/BMC-01/matrix/2026-04-20_08-13-11/BMC01_global_weight_permutation_high/control_shell_comparison.csv,domain_guess=causality; artifact_kind=table_csv; suffix=.csv; relative_path=runs/BMC-01/matrix/2026-04-20_08-13-11/BMC01_global_weight_permutation_high/control_shell_comparison.csv
matrix_artifact_samples,causality,summary_json,.json,runs/BMC-01/matrix/2026-04-20_08-13-11/BMC01_global_weight_permutation_high/decision_summary.json,domain_guess=causality; artifact_kind=summary_json; suffix=.json; relative_path=runs/BMC-01/matrix/2026-04-20_08-13-11/BMC01_global_weight_permutation_high/decision_summary.json
matrix_artifact_samples,causality,table_csv,.csv,runs/BMC-01/matrix/2026-04-20_08-13-11/BMC01_global_weight_permutation_high/intervention_table.csv,domain_guess=causality; artifact_kind=table_csv; suffix=.csv; relative_path=runs/BMC-01/matrix/2026-04-20_08-13-11/BMC01_global_weight_permutation_high/intervention_table.csv
matrix_artifact_samples,causality,table_csv,.csv,runs/BMC-01/matrix/2026-04-20_08-13-11/BMC01_global_weight_permutation_high/readout_comparison.csv,domain_guess=causality; artifact_kind=table_csv; suffix=.csv; relative_path=runs/BMC-01/matrix/2026-04-20_08-13-11/BMC01_global_weight_permutation_high/readout_comparison.csv
matrix_artifact_samples,causality,json_document,.json,runs/BMC-01/matrix/2026-04-20_08-13-11/BMC01_global_weight_permutation_high/run_config.json,domain_guess=causality; artifact_kind=json_document; suffix=.json; relative_path=runs/BMC-01/matrix/2026-04-20_08-13-11/BMC01_global_weight_permutation_high/run_config.json
matrix_artifact_samples,causality,json_document,.json,runs/BMC-01/matrix/2026-04-20_08-13-11/BMC01_global_weight_permutation_high/run_metadata.json,domain_guess=causality; artifact_kind=json_document; suffix=.json; relative_path=runs/BMC-01/matrix/2026-04-20_08-13-11/BMC01_global_weight_permutation_high/run_metadata.json
matrix_artifact_samples,causality,summary_json,.json,runs/BMC-01/matrix/2026-04-20_08-13-11/BMC01_global_weight_permutation_high/summary.json,domain_guess=causality; artifact_kind=summary_json; suffix=.json; relative_path=runs/BMC-01/matrix/2026-04-20_08-13-11/BMC01_global_weight_permutation_high/summary.json
matrix_artifact_samples,causality,json_document,.json,runs/BMC-01/matrix/2026-04-20_08-13-11/BMC01_global_weight_permutation_low/baseline_readout.json,domain_guess=causality; artifact_kind=json_document; suffix=.json; relative_path=runs/BMC-01/matrix/2026-04-20_08-13-11/BMC01_global_weight_permutation_low/baseline_readout.json
matrix_artifact_samples,causality,json_document,.json,runs/BMC-01/matrix/2026-04-20_08-13-11/BMC01_global_weight_permutation_low/baseline_state.json,domain_guess=causality; artifact_kind=json_document; suffix=.json; relative_path=runs/BMC-01/matrix/2026-04-20_08-13-11/BMC01_global_weight_permutation_low/baseline_state.json
matrix_artifact_samples,causality,markdown_note,.md,runs/BMC-01/matrix/2026-04-20_08-13-11/BMC01_global_weight_permutation_low/block_readout.md,domain_guess=causality; artifact_kind=markdown_note; suffix=.md; relative_path=runs/BMC-01/matrix/2026-04-20_08-13-11/BMC01_global_weight_permutation_low/block_readout.md
matrix_artifact_samples,causality,table_csv,.csv,runs/BMC-01/matrix/2026-04-20_08-13-11/BMC01_global_weight_permutation_low/control_shell_comparison.csv,domain_guess=causality; artifact_kind=table_csv; suffix=.csv; relative_path=runs/BMC-01/matrix/2026-04-20_08-13-11/BMC01_global_weight_permutation_low/control_shell_comparison.csv
matrix_artifact_samples,causality,summary_json,.json,runs/BMC-01/matrix/2026-04-20_08-13-11/BMC01_global_weight_permutation_low/decision_summary.json,domain_guess=causality; artifact_kind=summary_json; suffix=.json; relative_path=runs/BMC-01/matrix/2026-04-20_08-13-11/BMC01_global_weight_permutation_low/decision_summary.json
matrix_artifact_samples,causality,table_csv,.csv,runs/BMC-01/matrix/2026-04-20_08-13-11/BMC01_global_weight_permutation_low/intervention_table.csv,domain_guess=causality; artifact_kind=table_csv; suffix=.csv; relative_path=runs/BMC-01/matrix/2026-04-20_08-13-11/BMC01_global_weight_permutation_low/intervention_table.csv
matrix_artifact_samples,causality,table_csv,.csv,runs/BMC-01/matrix/2026-04-20_08-13-11/BMC01_global_weight_permutation_low/readout_comparison.csv,domain_guess=causality; artifact_kind=table_csv; suffix=.csv; relative_path=runs/BMC-01/matrix/2026-04-20_08-13-11/BMC01_global_weight_permutation_low/readout_comparison.csv
matrix_artifact_samples,causality,json_document,.json,runs/BMC-01/matrix/2026-04-20_08-13-11/BMC01_global_weight_permutation_low/run_config.json,domain_guess=causality; artifact_kind=json_document; suffix=.json; relative_path=runs/BMC-01/matrix/2026-04-20_08-13-11/BMC01_global_weight_permutation_low/run_config.json
matrix_artifact_samples,causality,json_document,.json,runs/BMC-01/matrix/2026-04-20_08-13-11/BMC01_global_weight_permutation_low/run_metadata.json,domain_guess=causality; artifact_kind=json_document; suffix=.json; relative_path=runs/BMC-01/matrix/2026-04-20_08-13-11/BMC01_global_weight_permutation_low/run_metadata.json
matrix_artifact_samples,causality,summary_json,.json,runs/BMC-01/matrix/2026-04-20_08-13-11/BMC01_global_weight_permutation_low/summary.json,domain_guess=causality; artifact_kind=summary_json; suffix=.json; relative_path=runs/BMC-01/matrix/2026-04-20_08-13-11/BMC01_global_weight_permutation_low/summary.json
matrix_artifact_samples,causality,json_document,.json,runs/BMC-01/matrix/2026-04-20_08-13-11/BMC01_global_weight_permutation_medium/baseline_readout.json,domain_guess=causality; artifact_kind=json_document; suffix=.json; relative_path=runs/BMC-01/matrix/2026-04-20_08-13-11/BMC01_global_weight_permutation_medium/baseline_readout.json
matrix_artifact_samples,causality,json_document,.json,runs/BMC-01/matrix/2026-04-20_08-13-11/BMC01_global_weight_permutation_medium/baseline_state.json,domain_guess=causality; artifact_kind=json_document; suffix=.json; relative_path=runs/BMC-01/matrix/2026-04-20_08-13-11/BMC01_global_weight_permutation_medium/baseline_state.json
matrix_artifact_samples,causality,markdown_note,.md,runs/BMC-01/matrix/2026-04-20_08-13-11/BMC01_global_weight_permutation_medium/block_readout.md,domain_guess=causality; artifact_kind=markdown_note; suffix=.md; relative_path=runs/BMC-01/matrix/2026-04-20_08-13-11/BMC01_global_weight_permutation_medium/block_readout.md
matrix_artifact_samples,causality,table_csv,.csv,runs/BMC-01/matrix/2026-04-20_08-13-11/BMC01_global_weight_permutation_medium/control_shell_comparison.csv,domain_guess=causality; artifact_kind=table_csv; suffix=.csv; relative_path=runs/BMC-01/matrix/2026-04-20_08-13-11/BMC01_global_weight_permutation_medium/control_shell_comparison.csv
matrix_artifact_samples,causality,summary_json,.json,runs/BMC-01/matrix/2026-04-20_08-13-11/BMC01_global_weight_permutation_medium/decision_summary.json,domain_guess=causality; artifact_kind=summary_json; suffix=.json; relative_path=runs/BMC-01/matrix/2026-04-20_08-13-11/BMC01_global_weight_permutation_medium/decision_summary.json
matrix_artifact_samples,causality,table_csv,.csv,runs/BMC-01/matrix/2026-04-20_08-13-11/BMC01_global_weight_permutation_medium/intervention_table.csv,domain_guess=causality; artifact_kind=table_csv; suffix=.csv; relative_path=runs/BMC-01/matrix/2026-04-20_08-13-11/BMC01_global_weight_permutation_medium/intervention_table.csv
matrix_artifact_samples,causality,table_csv,.csv,runs/BMC-01/matrix/2026-04-20_08-13-11/BMC01_global_weight_permutation_medium/readout_comparison.csv,domain_guess=causality; artifact_kind=table_csv; suffix=.csv; relative_path=runs/BMC-01/matrix/2026-04-20_08-13-11/BMC01_global_weight_permutation_medium/readout_comparison.csv
matrix_artifact_samples,causality,json_document,.json,runs/BMC-01/matrix/2026-04-20_08-13-11/BMC01_global_weight_permutation_medium/run_config.json,domain_guess=causality; artifact_kind=json_document; suffix=.json; relative_path=runs/BMC-01/matrix/2026-04-20_08-13-11/BMC01_global_weight_permutation_medium/run_config.json
matrix_artifact_samples,causality,json_document,.json,runs/BMC-01/matrix/2026-04-20_08-13-11/BMC01_global_weight_permutation_medium/run_metadata.json,domain_guess=causality; artifact_kind=json_document; suffix=.json; relative_path=runs/BMC-01/matrix/2026-04-20_08-13-11/BMC01_global_weight_permutation_medium/run_metadata.json
matrix_artifact_samples,causality,summary_json,.json,runs/BMC-01/matrix/2026-04-20_08-13-11/BMC01_global_weight_permutation_medium/summary.json,domain_guess=causality; artifact_kind=summary_json; suffix=.json; relative_path=runs/BMC-01/matrix/2026-04-20_08-13-11/BMC01_global_weight_permutation_medium/summary.json
matrix_artifact_samples,causality,markdown_note,.md,runs/BMC-01/matrix/2026-04-20_08-13-11/bmc01_matrix_readout.md,domain_guess=causality; artifact_kind=markdown_note; suffix=.md; relative_path=runs/BMC-01/matrix/2026-04-20_08-13-11/bmc01_matrix_readout.md
matrix_artifact_samples,causality,table_csv,.csv,runs/BMC-01/matrix/2026-04-20_08-13-11/bmc01_matrix_summary.csv,domain_guess=causality; artifact_kind=table_csv; suffix=.csv; relative_path=runs/BMC-01/matrix/2026-04-20_08-13-11/bmc01_matrix_summary.csv
matrix_artifact_samples,causality,json_document,.json,runs/BMC-01/matrix/2026-04-20_08-13-11/BMC01_within_local_group_weight_permutation_high/baseline_readout.json,domain_guess=causality; artifact_kind=json_document; suffix=.json; relative_path=runs/BMC-01/matrix/2026-04-20_08-13-11/BMC01_within_local_group_weight_permutation_high/baseline_readout.json
matrix_artifact_samples,causality,json_document,.json,runs/BMC-01/matrix/2026-04-20_08-13-11/BMC01_within_local_group_weight_permutation_high/baseline_state.json,domain_guess=causality; artifact_kind=json_document; suffix=.json; relative_path=runs/BMC-01/matrix/2026-04-20_08-13-11/BMC01_within_local_group_weight_permutation_high/baseline_state.json
matrix_artifact_samples,causality,markdown_note,.md,runs/BMC-01/matrix/2026-04-20_08-13-11/BMC01_within_local_group_weight_permutation_high/block_readout.md,domain_guess=causality; artifact_kind=markdown_note; suffix=.md; relative_path=runs/BMC-01/matrix/2026-04-20_08-13-11/BMC01_within_local_group_weight_permutation_high/block_readout.md
matrix_artifact_samples,causality,table_csv,.csv,runs/BMC-01/matrix/2026-04-20_08-13-11/BMC01_within_local_group_weight_permutation_high/control_shell_comparison.csv,domain_guess=causality; artifact_kind=table_csv; suffix=.csv; relative_path=runs/BMC-01/matrix/2026-04-20_08-13-11/BMC01_within_local_group_weight_permutation_high/control_shell_comparison.csv
matrix_artifact_samples,causality,summary_json,.json,runs/BMC-01/matrix/2026-04-20_08-13-11/BMC01_within_local_group_weight_permutation_high/decision_summary.json,domain_guess=causality; artifact_kind=summary_json; suffix=.json; relative_path=runs/BMC-01/matrix/2026-04-20_08-13-11/BMC01_within_local_group_weight_permutation_high/decision_summary.json
matrix_artifact_samples,causality,table_csv,.csv,runs/BMC-01/matrix/2026-04-20_08-13-11/BMC01_within_local_group_weight_permutation_high/intervention_table.csv,domain_guess=causality; artifact_kind=table_csv; suffix=.csv; relative_path=runs/BMC-01/matrix/2026-04-20_08-13-11/BMC01_within_local_group_weight_permutation_high/intervention_table.csv
matrix_artifact_samples,causality,table_csv,.csv,runs/BMC-01/matrix/2026-04-20_08-13-11/BMC01_within_local_group_weight_permutation_high/readout_comparison.csv,domain_guess=causality; artifact_kind=table_csv; suffix=.csv; relative_path=runs/BMC-01/matrix/2026-04-20_08-13-11/BMC01_within_local_group_weight_permutation_high/readout_comparison.csv
matrix_artifact_samples,causality,json_document,.json,runs/BMC-01/matrix/2026-04-20_08-13-11/BMC01_within_local_group_weight_permutation_high/run_config.json,domain_guess=causality; artifact_kind=json_document; suffix=.json; relative_path=runs/BMC-01/matrix/2026-04-20_08-13-11/BMC01_within_local_group_weight_permutation_high/run_config.json
matrix_artifact_samples,causality,json_document,.json,runs/BMC-01/matrix/2026-04-20_08-13-11/BMC01_within_local_group_weight_permutation_high/run_metadata.json,domain_guess=causality; artifact_kind=json_document; suffix=.json; relative_path=runs/BMC-01/matrix/2026-04-20_08-13-11/BMC01_within_local_group_weight_permutation_high/run_metadata.json
matrix_artifact_samples,causality,summary_json,.json,runs/BMC-01/matrix/2026-04-20_08-13-11/BMC01_within_local_group_weight_permutation_high/summary.json,domain_guess=causality; artifact_kind=summary_json; suffix=.json; relative_path=runs/BMC-01/matrix/2026-04-20_08-13-11/BMC01_within_local_group_weight_permutation_high/summary.json
matrix_artifact_samples,causality,json_document,.json,runs/BMC-01/matrix/2026-04-20_08-13-11/BMC01_within_local_group_weight_permutation_low/baseline_readout.json,domain_guess=causality; artifact_kind=json_document; suffix=.json; relative_path=runs/BMC-01/matrix/2026-04-20_08-13-11/BMC01_within_local_group_weight_permutation_low/baseline_readout.json
matrix_artifact_samples,causality,json_document,.json,runs/BMC-01/matrix/2026-04-20_08-13-11/BMC01_within_local_group_weight_permutation_low/baseline_state.json,domain_guess=causality; artifact_kind=json_document; suffix=.json; relative_path=runs/BMC-01/matrix/2026-04-20_08-13-11/BMC01_within_local_group_weight_permutation_low/baseline_state.json
matrix_artifact_samples,causality,markdown_note,.md,runs/BMC-01/matrix/2026-04-20_08-13-11/BMC01_within_local_group_weight_permutation_low/block_readout.md,domain_guess=causality; artifact_kind=markdown_note; suffix=.md; relative_path=runs/BMC-01/matrix/2026-04-20_08-13-11/BMC01_within_local_group_weight_permutation_low/block_readout.md
matrix_artifact_samples,causality,table_csv,.csv,runs/BMC-01/matrix/2026-04-20_08-13-11/BMC01_within_local_group_weight_permutation_low/control_shell_comparison.csv,domain_guess=causality; artifact_kind=table_csv; suffix=.csv; relative_path=runs/BMC-01/matrix/2026-04-20_08-13-11/BMC01_within_local_group_weight_permutation_low/control_shell_comparison.csv
matrix_artifact_samples,causality,summary_json,.json,runs/BMC-01/matrix/2026-04-20_08-13-11/BMC01_within_local_group_weight_permutation_low/decision_summary.json,domain_guess=causality; artifact_kind=summary_json; suffix=.json; relative_path=runs/BMC-01/matrix/2026-04-20_08-13-11/BMC01_within_local_group_weight_permutation_low/decision_summary.json
matrix_artifact_samples,causality,table_csv,.csv,runs/BMC-01/matrix/2026-04-20_08-13-11/BMC01_within_local_group_weight_permutation_low/intervention_table.csv,domain_guess=causality; artifact_kind=table_csv; suffix=.csv; relative_path=runs/BMC-01/matrix/2026-04-20_08-13-11/BMC01_within_local_group_weight_permutation_low/intervention_table.csv
matrix_artifact_samples,causality,table_csv,.csv,runs/BMC-01/matrix/2026-04-20_08-13-11/BMC01_within_local_group_weight_permutation_low/readout_comparison.csv,domain_guess=causality; artifact_kind=table_csv; suffix=.csv; relative_path=runs/BMC-01/matrix/2026-04-20_08-13-11/BMC01_within_local_group_weight_permutation_low/readout_comparison.csv
matrix_artifact_samples,causality,json_document,.json,runs/BMC-01/matrix/2026-04-20_08-13-11/BMC01_within_local_group_weight_permutation_low/run_config.json,domain_guess=causality; artifact_kind=json_document; suffix=.json; relative_path=runs/BMC-01/matrix/2026-04-20_08-13-11/BMC01_within_local_group_weight_permutation_low/run_config.json
matrix_artifact_samples,causality,json_document,.json,runs/BMC-01/matrix/2026-04-20_08-13-11/BMC01_within_local_group_weight_permutation_low/run_metadata.json,domain_guess=causality; artifact_kind=json_document; suffix=.json; relative_path=runs/BMC-01/matrix/2026-04-20_08-13-11/BMC01_within_local_group_weight_permutation_low/run_metadata.json
matrix_artifact_samples,causality,summary_json,.json,runs/BMC-01/matrix/2026-04-20_08-13-11/BMC01_within_local_group_weight_permutation_low/summary.json,domain_guess=causality; artifact_kind=summary_json; suffix=.json; relative_path=runs/BMC-01/matrix/2026-04-20_08-13-11/BMC01_within_local_group_weight_permutation_low/summary.json
matrix_artifact_samples,causality,json_document,.json,runs/BMC-01/matrix/2026-04-20_08-13-11/BMC01_within_local_group_weight_permutation_medium/baseline_readout.json,domain_guess=causality; artifact_kind=json_document; suffix=.json; relative_path=runs/BMC-01/matrix/2026-04-20_08-13-11/BMC01_within_local_group_weight_permutation_medium/baseline_readout.json
matrix_artifact_samples,causality,json_document,.json,runs/BMC-01/matrix/2026-04-20_08-13-11/BMC01_within_local_group_weight_permutation_medium/baseline_state.json,domain_guess=causality; artifact_kind=json_document; suffix=.json; relative_path=runs/BMC-01/matrix/2026-04-20_08-13-11/BMC01_within_local_group_weight_permutation_medium/baseline_state.json
matrix_artifact_samples,causality,markdown_note,.md,runs/BMC-01/matrix/2026-04-20_08-13-11/BMC01_within_local_group_weight_permutation_medium/block_readout.md,domain_guess=causality; artifact_kind=markdown_note; suffix=.md; relative_path=runs/BMC-01/matrix/2026-04-20_08-13-11/BMC01_within_local_group_weight_permutation_medium/block_readout.md
matrix_artifact_samples,causality,table_csv,.csv,runs/BMC-01/matrix/2026-04-20_08-13-11/BMC01_within_local_group_weight_permutation_medium/control_shell_comparison.csv,domain_guess=causality; artifact_kind=table_csv; suffix=.csv; relative_path=runs/BMC-01/matrix/2026-04-20_08-13-11/BMC01_within_local_group_weight_permutation_medium/control_shell_comparison.csv
matrix_artifact_samples,causality,summary_json,.json,runs/BMC-01/matrix/2026-04-20_08-13-11/BMC01_within_local_group_weight_permutation_medium/decision_summary.json,domain_guess=causality; artifact_kind=summary_json; suffix=.json; relative_path=runs/BMC-01/matrix/2026-04-20_08-13-11/BMC01_within_local_group_weight_permutation_medium/decision_summary.json
matrix_artifact_samples,causality,table_csv,.csv,runs/BMC-01/matrix/2026-04-20_08-13-11/BMC01_within_local_group_weight_permutation_medium/intervention_table.csv,domain_guess=causality; artifact_kind=table_csv; suffix=.csv; relative_path=runs/BMC-01/matrix/2026-04-20_08-13-11/BMC01_within_local_group_weight_permutation_medium/intervention_table.csv
matrix_artifact_samples,causality,table_csv,.csv,runs/BMC-01/matrix/2026-04-20_08-13-11/BMC01_within_local_group_weight_permutation_medium/readout_comparison.csv,domain_guess=causality; artifact_kind=table_csv; suffix=.csv; relative_path=runs/BMC-01/matrix/2026-04-20_08-13-11/BMC01_within_local_group_weight_permutation_medium/readout_comparison.csv
matrix_artifact_samples,causality,json_document,.json,runs/BMC-01/matrix/2026-04-20_08-13-11/BMC01_within_local_group_weight_permutation_medium/run_config.json,domain_guess=causality; artifact_kind=json_document; suffix=.json; relative_path=runs/BMC-01/matrix/2026-04-20_08-13-11/BMC01_within_local_group_weight_permutation_medium/run_config.json
matrix_artifact_samples,causality,json_document,.json,runs/BMC-01/matrix/2026-04-20_08-13-11/BMC01_within_local_group_weight_permutation_medium/run_metadata.json,domain_guess=causality; artifact_kind=json_document; suffix=.json; relative_path=runs/BMC-01/matrix/2026-04-20_08-13-11/BMC01_within_local_group_weight_permutation_medium/run_metadata.json
matrix_artifact_samples,causality,summary_json,.json,runs/BMC-01/matrix/2026-04-20_08-13-11/BMC01_within_local_group_weight_permutation_medium/summary.json,domain_guess=causality; artifact_kind=summary_json; suffix=.json; relative_path=runs/BMC-01/matrix/2026-04-20_08-13-11/BMC01_within_local_group_weight_permutation_medium/summary.json
matrix_artifact_samples,causality,json_document,.json,runs/BMC-01/matrix/2026-04-20_08-13-11/BMC01_within_shell_weight_permutation_high/baseline_readout.json,domain_guess=causality; artifact_kind=json_document; suffix=.json; relative_path=runs/BMC-01/matrix/2026-04-20_08-13-11/BMC01_within_shell_weight_permutation_high/baseline_readout.json
matrix_artifact_samples,causality,json_document,.json,runs/BMC-01/matrix/2026-04-20_08-13-11/BMC01_within_shell_weight_permutation_high/baseline_state.json,domain_guess=causality; artifact_kind=json_document; suffix=.json; relative_path=runs/BMC-01/matrix/2026-04-20_08-13-11/BMC01_within_shell_weight_permutation_high/baseline_state.json
matrix_artifact_samples,causality,markdown_note,.md,runs/BMC-01/matrix/2026-04-20_08-13-11/BMC01_within_shell_weight_permutation_high/block_readout.md,domain_guess=causality; artifact_kind=markdown_note; suffix=.md; relative_path=runs/BMC-01/matrix/2026-04-20_08-13-11/BMC01_within_shell_weight_permutation_high/block_readout.md
matrix_artifact_samples,causality,table_csv,.csv,runs/BMC-01/matrix/2026-04-20_08-13-11/BMC01_within_shell_weight_permutation_high/control_shell_comparison.csv,domain_guess=causality; artifact_kind=table_csv; suffix=.csv; relative_path=runs/BMC-01/matrix/2026-04-20_08-13-11/BMC01_within_shell_weight_permutation_high/control_shell_comparison.csv
matrix_artifact_samples,causality,summary_json,.json,runs/BMC-01/matrix/2026-04-20_08-13-11/BMC01_within_shell_weight_permutation_high/decision_summary.json,domain_guess=causality; artifact_kind=summary_json; suffix=.json; relative_path=runs/BMC-01/matrix/2026-04-20_08-13-11/BMC01_within_shell_weight_permutation_high/decision_summary.json
matrix_artifact_samples,causality,table_csv,.csv,runs/BMC-01/matrix/2026-04-20_08-13-11/BMC01_within_shell_weight_permutation_high/intervention_table.csv,domain_guess=causality; artifact_kind=table_csv; suffix=.csv; relative_path=runs/BMC-01/matrix/2026-04-20_08-13-11/BMC01_within_shell_weight_permutation_high/intervention_table.csv
matrix_artifact_samples,causality,table_csv,.csv,runs/BMC-01/matrix/2026-04-20_08-13-11/BMC01_within_shell_weight_permutation_high/readout_comparison.csv,domain_guess=causality; artifact_kind=table_csv; suffix=.csv; relative_path=runs/BMC-01/matrix/2026-04-20_08-13-11/BMC01_within_shell_weight_permutation_high/readout_comparison.csv
matrix_artifact_samples,causality,json_document,.json,runs/BMC-01/matrix/2026-04-20_08-13-11/BMC01_within_shell_weight_permutation_high/run_config.json,domain_guess=causality; artifact_kind=json_document; suffix=.json; relative_path=runs/BMC-01/matrix/2026-04-20_08-13-11/BMC01_within_shell_weight_permutation_high/run_config.json
matrix_artifact_samples,causality,json_document,.json,runs/BMC-01/matrix/2026-04-20_08-13-11/BMC01_within_shell_weight_permutation_high/run_metadata.json,domain_guess=causality; artifact_kind=json_document; suffix=.json; relative_path=runs/BMC-01/matrix/2026-04-20_08-13-11/BMC01_within_shell_weight_permutation_high/run_metadata.json
matrix_artifact_samples,causality,summary_json,.json,runs/BMC-01/matrix/2026-04-20_08-13-11/BMC01_within_shell_weight_permutation_high/summary.json,domain_guess=causality; artifact_kind=summary_json; suffix=.json; relative_path=runs/BMC-01/matrix/2026-04-20_08-13-11/BMC01_within_shell_weight_permutation_high/summary.json
matrix_artifact_samples,causality,json_document,.json,runs/BMC-01/matrix/2026-04-20_08-13-11/BMC01_within_shell_weight_permutation_low/baseline_readout.json,domain_guess=causality; artifact_kind=json_document; suffix=.json; relative_path=runs/BMC-01/matrix/2026-04-20_08-13-11/BMC01_within_shell_weight_permutation_low/baseline_readout.json
matrix_artifact_samples,causality,json_document,.json,runs/BMC-01/matrix/2026-04-20_08-13-11/BMC01_within_shell_weight_permutation_low/baseline_state.json,domain_guess=causality; artifact_kind=json_document; suffix=.json; relative_path=runs/BMC-01/matrix/2026-04-20_08-13-11/BMC01_within_shell_weight_permutation_low/baseline_state.json
matrix_artifact_samples,causality,markdown_note,.md,runs/BMC-01/matrix/2026-04-20_08-13-11/BMC01_within_shell_weight_permutation_low/block_readout.md,domain_guess=causality; artifact_kind=markdown_note; suffix=.md; relative_path=runs/BMC-01/matrix/2026-04-20_08-13-11/BMC01_within_shell_weight_permutation_low/block_readout.md
matrix_artifact_samples,causality,table_csv,.csv,runs/BMC-01/matrix/2026-04-20_08-13-11/BMC01_within_shell_weight_permutation_low/control_shell_comparison.csv,domain_guess=causality; artifact_kind=table_csv; suffix=.csv; relative_path=runs/BMC-01/matrix/2026-04-20_08-13-11/BMC01_within_shell_weight_permutation_low/control_shell_comparison.csv
matrix_artifact_samples,causality,summary_json,.json,runs/BMC-01/matrix/2026-04-20_08-13-11/BMC01_within_shell_weight_permutation_low/decision_summary.json,domain_guess=causality; artifact_kind=summary_json; suffix=.json; relative_path=runs/BMC-01/matrix/2026-04-20_08-13-11/BMC01_within_shell_weight_permutation_low/decision_summary.json
matrix_artifact_samples,causality,table_csv,.csv,runs/BMC-01/matrix/2026-04-20_08-13-11/BMC01_within_shell_weight_permutation_low/intervention_table.csv,domain_guess=causality; artifact_kind=table_csv; suffix=.csv; relative_path=runs/BMC-01/matrix/2026-04-20_08-13-11/BMC01_within_shell_weight_permutation_low/intervention_table.csv
matrix_artifact_samples,causality,table_csv,.csv,runs/BMC-01/matrix/2026-04-20_08-13-11/BMC01_within_shell_weight_permutation_low/readout_comparison.csv,domain_guess=causality; artifact_kind=table_csv; suffix=.csv; relative_path=runs/BMC-01/matrix/2026-04-20_08-13-11/BMC01_within_shell_weight_permutation_low/readout_comparison.csv
matrix_artifact_samples,causality,json_document,.json,runs/BMC-01/matrix/2026-04-20_08-13-11/BMC01_within_shell_weight_permutation_low/run_config.json,domain_guess=causality; artifact_kind=json_document; suffix=.json; relative_path=runs/BMC-01/matrix/2026-04-20_08-13-11/BMC01_within_shell_weight_permutation_low/run_config.json
matrix_artifact_samples,causality,json_document,.json,runs/BMC-01/matrix/2026-04-20_08-13-11/BMC01_within_shell_weight_permutation_low/run_metadata.json,domain_guess=causality; artifact_kind=json_document; suffix=.json; relative_path=runs/BMC-01/matrix/2026-04-20_08-13-11/BMC01_within_shell_weight_permutation_low/run_metadata.json
matrix_artifact_samples,causality,summary_json,.json,runs/BMC-01/matrix/2026-04-20_08-13-11/BMC01_within_shell_weight_permutation_low/summary.json,domain_guess=causality; artifact_kind=summary_json; suffix=.json; relative_path=runs/BMC-01/matrix/2026-04-20_08-13-11/BMC01_within_shell_weight_permutation_low/summary.json
matrix_artifact_samples,causality,json_document,.json,runs/BMC-01/matrix/2026-04-20_08-13-11/BMC01_within_shell_weight_permutation_medium/baseline_readout.json,domain_guess=causality; artifact_kind=json_document; suffix=.json; relative_path=runs/BMC-01/matrix/2026-04-20_08-13-11/BMC01_within_shell_weight_permutation_medium/baseline_readout.json
matrix_artifact_samples,causality,json_document,.json,runs/BMC-01/matrix/2026-04-20_08-13-11/BMC01_within_shell_weight_permutation_medium/baseline_state.json,domain_guess=causality; artifact_kind=json_document; suffix=.json; relative_path=runs/BMC-01/matrix/2026-04-20_08-13-11/BMC01_within_shell_weight_permutation_medium/baseline_state.json
matrix_artifact_samples,causality,markdown_note,.md,runs/BMC-01/matrix/2026-04-20_08-13-11/BMC01_within_shell_weight_permutation_medium/block_readout.md,domain_guess=causality; artifact_kind=markdown_note; suffix=.md; relative_path=runs/BMC-01/matrix/2026-04-20_08-13-11/BMC01_within_shell_weight_permutation_medium/block_readout.md
matrix_artifact_samples,causality,table_csv,.csv,runs/BMC-01/matrix/2026-04-20_08-13-11/BMC01_within_shell_weight_permutation_medium/control_shell_comparison.csv,domain_guess=causality; artifact_kind=table_csv; suffix=.csv; relative_path=runs/BMC-01/matrix/2026-04-20_08-13-11/BMC01_within_shell_weight_permutation_medium/control_shell_comparison.csv
matrix_artifact_samples,causality,summary_json,.json,runs/BMC-01/matrix/2026-04-20_08-13-11/BMC01_within_shell_weight_permutation_medium/decision_summary.json,domain_guess=causality; artifact_kind=summary_json; suffix=.json; relative_path=runs/BMC-01/matrix/2026-04-20_08-13-11/BMC01_within_shell_weight_permutation_medium/decision_summary.json
matrix_artifact_samples,causality,table_csv,.csv,runs/BMC-01/matrix/2026-04-20_08-13-11/BMC01_within_shell_weight_permutation_medium/intervention_table.csv,domain_guess=causality; artifact_kind=table_csv; suffix=.csv; relative_path=runs/BMC-01/matrix/2026-04-20_08-13-11/BMC01_within_shell_weight_permutation_medium/intervention_table.csv
matrix_artifact_samples,causality,table_csv,.csv,runs/BMC-01/matrix/2026-04-20_08-13-11/BMC01_within_shell_weight_permutation_medium/readout_comparison.csv,domain_guess=causality; artifact_kind=table_csv; suffix=.csv; relative_path=runs/BMC-01/matrix/2026-04-20_08-13-11/BMC01_within_shell_weight_permutation_medium/readout_comparison.csv
matrix_artifact_samples,causality,json_document,.json,runs/BMC-01/matrix/2026-04-20_08-13-11/BMC01_within_shell_weight_permutation_medium/run_config.json,domain_guess=causality; artifact_kind=json_document; suffix=.json; relative_path=runs/BMC-01/matrix/2026-04-20_08-13-11/BMC01_within_shell_weight_permutation_medium/run_config.json
matrix_artifact_samples,causality,json_document,.json,runs/BMC-01/matrix/2026-04-20_08-13-11/BMC01_within_shell_weight_permutation_medium/run_metadata.json,domain_guess=causality; artifact_kind=json_document; suffix=.json; relative_path=runs/BMC-01/matrix/2026-04-20_08-13-11/BMC01_within_shell_weight_permutation_medium/run_metadata.json
matrix_artifact_samples,causality,summary_json,.json,runs/BMC-01/matrix/2026-04-20_08-13-11/BMC01_within_shell_weight_permutation_medium/summary.json,domain_guess=causality; artifact_kind=summary_json; suffix=.json; relative_path=runs/BMC-01/matrix/2026-04-20_08-13-11/BMC01_within_shell_weight_permutation_medium/summary.json
matrix_artifact_samples,causality,json_document,.json,runs/BMC-01/matrix/2026-04-20_08-15-18/BMC01_global_weight_permutation_high/baseline_readout.json,domain_guess=causality; artifact_kind=json_document; suffix=.json; relative_path=runs/BMC-01/matrix/2026-04-20_08-15-18/BMC01_global_weight_permutation_high/baseline_readout.json
matrix_artifact_samples,causality,json_document,.json,runs/BMC-01/matrix/2026-04-20_08-15-18/BMC01_global_weight_permutation_high/baseline_state.json,domain_guess=causality; artifact_kind=json_document; suffix=.json; relative_path=runs/BMC-01/matrix/2026-04-20_08-15-18/BMC01_global_weight_permutation_high/baseline_state.json
matrix_artifact_samples,causality,markdown_note,.md,runs/BMC-01/matrix/2026-04-20_08-15-18/BMC01_global_weight_permutation_high/block_readout.md,domain_guess=causality; artifact_kind=markdown_note; suffix=.md; relative_path=runs/BMC-01/matrix/2026-04-20_08-15-18/BMC01_global_weight_permutation_high/block_readout.md
matrix_artifact_samples,causality,table_csv,.csv,runs/BMC-01/matrix/2026-04-20_08-15-18/BMC01_global_weight_permutation_high/control_shell_comparison.csv,domain_guess=causality; artifact_kind=table_csv; suffix=.csv; relative_path=runs/BMC-01/matrix/2026-04-20_08-15-18/BMC01_global_weight_permutation_high/control_shell_comparison.csv
matrix_artifact_samples,causality,summary_json,.json,runs/BMC-01/matrix/2026-04-20_08-15-18/BMC01_global_weight_permutation_high/decision_summary.json,domain_guess=causality; artifact_kind=summary_json; suffix=.json; relative_path=runs/BMC-01/matrix/2026-04-20_08-15-18/BMC01_global_weight_permutation_high/decision_summary.json
matrix_artifact_samples,causality,table_csv,.csv,runs/BMC-01/matrix/2026-04-20_08-15-18/BMC01_global_weight_permutation_high/intervention_table.csv,domain_guess=causality; artifact_kind=table_csv; suffix=.csv; relative_path=runs/BMC-01/matrix/2026-04-20_08-15-18/BMC01_global_weight_permutation_high/intervention_table.csv
matrix_artifact_samples,causality,table_csv,.csv,runs/BMC-01/matrix/2026-04-20_08-15-18/BMC01_global_weight_permutation_high/readout_comparison.csv,domain_guess=causality; artifact_kind=table_csv; suffix=.csv; relative_path=runs/BMC-01/matrix/2026-04-20_08-15-18/BMC01_global_weight_permutation_high/readout_comparison.csv
matrix_artifact_samples,causality,json_document,.json,runs/BMC-01/matrix/2026-04-20_08-15-18/BMC01_global_weight_permutation_high/run_config.json,domain_guess=causality; artifact_kind=json_document; suffix=.json; relative_path=runs/BMC-01/matrix/2026-04-20_08-15-18/BMC01_global_weight_permutation_high/run_config.json
matrix_artifact_samples,causality,json_document,.json,runs/BMC-01/matrix/2026-04-20_08-15-18/BMC01_global_weight_permutation_high/run_metadata.json,domain_guess=causality; artifact_kind=json_document; suffix=.json; relative_path=runs/BMC-01/matrix/2026-04-20_08-15-18/BMC01_global_weight_permutation_high/run_metadata.json
matrix_artifact_samples,causality,summary_json,.json,runs/BMC-01/matrix/2026-04-20_08-15-18/BMC01_global_weight_permutation_high/summary.json,domain_guess=causality; artifact_kind=summary_json; suffix=.json; relative_path=runs/BMC-01/matrix/2026-04-20_08-15-18/BMC01_global_weight_permutation_high/summary.json
matrix_artifact_samples,causality,json_document,.json,runs/BMC-01/matrix/2026-04-20_08-15-18/BMC01_global_weight_permutation_low/baseline_readout.json,domain_guess=causality; artifact_kind=json_document; suffix=.json; relative_path=runs/BMC-01/matrix/2026-04-20_08-15-18/BMC01_global_weight_permutation_low/baseline_readout.json
matrix_artifact_samples,causality,json_document,.json,runs/BMC-01/matrix/2026-04-20_08-15-18/BMC01_global_weight_permutation_low/baseline_state.json,domain_guess=causality; artifact_kind=json_document; suffix=.json; relative_path=runs/BMC-01/matrix/2026-04-20_08-15-18/BMC01_global_weight_permutation_low/baseline_state.json
matrix_artifact_samples,causality,markdown_note,.md,runs/BMC-01/matrix/2026-04-20_08-15-18/BMC01_global_weight_permutation_low/block_readout.md,domain_guess=causality; artifact_kind=markdown_note; suffix=.md; relative_path=runs/BMC-01/matrix/2026-04-20_08-15-18/BMC01_global_weight_permutation_low/block_readout.md
matrix_artifact_samples,causality,table_csv,.csv,runs/BMC-01/matrix/2026-04-20_08-15-18/BMC01_global_weight_permutation_low/control_shell_comparison.csv,domain_guess=causality; artifact_kind=table_csv; suffix=.csv; relative_path=runs/BMC-01/matrix/2026-04-20_08-15-18/BMC01_global_weight_permutation_low/control_shell_comparison.csv
matrix_artifact_samples,causality,summary_json,.json,runs/BMC-01/matrix/2026-04-20_08-15-18/BMC01_global_weight_permutation_low/decision_summary.json,domain_guess=causality; artifact_kind=summary_json; suffix=.json; relative_path=runs/BMC-01/matrix/2026-04-20_08-15-18/BMC01_global_weight_permutation_low/decision_summary.json
matrix_artifact_samples,causality,table_csv,.csv,runs/BMC-01/matrix/2026-04-20_08-15-18/BMC01_global_weight_permutation_low/intervention_table.csv,domain_guess=causality; artifact_kind=table_csv; suffix=.csv; relative_path=runs/BMC-01/matrix/2026-04-20_08-15-18/BMC01_global_weight_permutation_low/intervention_table.csv
matrix_artifact_samples,causality,table_csv,.csv,runs/BMC-01/matrix/2026-04-20_08-15-18/BMC01_global_weight_permutation_low/readout_comparison.csv,domain_guess=causality; artifact_kind=table_csv; suffix=.csv; relative_path=runs/BMC-01/matrix/2026-04-20_08-15-18/BMC01_global_weight_permutation_low/readout_comparison.csv
matrix_artifact_samples,causality,json_document,.json,runs/BMC-01/matrix/2026-04-20_08-15-18/BMC01_global_weight_permutation_low/run_config.json,domain_guess=causality; artifact_kind=json_document; suffix=.json; relative_path=runs/BMC-01/matrix/2026-04-20_08-15-18/BMC01_global_weight_permutation_low/run_config.json
matrix_artifact_samples,causality,json_document,.json,runs/BMC-01/matrix/2026-04-20_08-15-18/BMC01_global_weight_permutation_low/run_metadata.json,domain_guess=causality; artifact_kind=json_document; suffix=.json; relative_path=runs/BMC-01/matrix/2026-04-20_08-15-18/BMC01_global_weight_permutation_low/run_metadata.json
matrix_artifact_samples,causality,summary_json,.json,runs/BMC-01/matrix/2026-04-20_08-15-18/BMC01_global_weight_permutation_low/summary.json,domain_guess=causality; artifact_kind=summary_json; suffix=.json; relative_path=runs/BMC-01/matrix/2026-04-20_08-15-18/BMC01_global_weight_permutation_low/summary.json
matrix_artifact_samples,causality,json_document,.json,runs/BMC-01/matrix/2026-04-20_08-15-18/BMC01_global_weight_permutation_medium/baseline_readout.json,domain_guess=causality; artifact_kind=json_document; suffix=.json; relative_path=runs/BMC-01/matrix/2026-04-20_08-15-18/BMC01_global_weight_permutation_medium/baseline_readout.json
matrix_artifact_samples,causality,json_document,.json,runs/BMC-01/matrix/2026-04-20_08-15-18/BMC01_global_weight_permutation_medium/baseline_state.json,domain_guess=causality; artifact_kind=json_document; suffix=.json; relative_path=runs/BMC-01/matrix/2026-04-20_08-15-18/BMC01_global_weight_permutation_medium/baseline_state.json
matrix_artifact_samples,causality,markdown_note,.md,runs/BMC-01/matrix/2026-04-20_08-15-18/BMC01_global_weight_permutation_medium/block_readout.md,domain_guess=causality; artifact_kind=markdown_note; suffix=.md; relative_path=runs/BMC-01/matrix/2026-04-20_08-15-18/BMC01_global_weight_permutation_medium/block_readout.md
matrix_artifact_samples,causality,table_csv,.csv,runs/BMC-01/matrix/2026-04-20_08-15-18/BMC01_global_weight_permutation_medium/control_shell_comparison.csv,domain_guess=causality; artifact_kind=table_csv; suffix=.csv; relative_path=runs/BMC-01/matrix/2026-04-20_08-15-18/BMC01_global_weight_permutation_medium/control_shell_comparison.csv
matrix_artifact_samples,causality,summary_json,.json,runs/BMC-01/matrix/2026-04-20_08-15-18/BMC01_global_weight_permutation_medium/decision_summary.json,domain_guess=causality; artifact_kind=summary_json; suffix=.json; relative_path=runs/BMC-01/matrix/2026-04-20_08-15-18/BMC01_global_weight_permutation_medium/decision_summary.json
matrix_artifact_samples,causality,table_csv,.csv,runs/BMC-01/matrix/2026-04-20_08-15-18/BMC01_global_weight_permutation_medium/intervention_table.csv,domain_guess=causality; artifact_kind=table_csv; suffix=.csv; relative_path=runs/BMC-01/matrix/2026-04-20_08-15-18/BMC01_global_weight_permutation_medium/intervention_table.csv
matrix_artifact_samples,causality,table_csv,.csv,runs/BMC-01/matrix/2026-04-20_08-15-18/BMC01_global_weight_permutation_medium/readout_comparison.csv,domain_guess=causality; artifact_kind=table_csv; suffix=.csv; relative_path=runs/BMC-01/matrix/2026-04-20_08-15-18/BMC01_global_weight_permutation_medium/readout_comparison.csv
matrix_artifact_samples,causality,json_document,.json,runs/BMC-01/matrix/2026-04-20_08-15-18/BMC01_global_weight_permutation_medium/run_config.json,domain_guess=causality; artifact_kind=json_document; suffix=.json; relative_path=runs/BMC-01/matrix/2026-04-20_08-15-18/BMC01_global_weight_permutation_medium/run_config.json
matrix_artifact_samples,causality,json_document,.json,runs/BMC-01/matrix/2026-04-20_08-15-18/BMC01_global_weight_permutation_medium/run_metadata.json,domain_guess=causality; artifact_kind=json_document; suffix=.json; relative_path=runs/BMC-01/matrix/2026-04-20_08-15-18/BMC01_global_weight_permutation_medium/run_metadata.json
matrix_artifact_samples,causality,summary_json,.json,runs/BMC-01/matrix/2026-04-20_08-15-18/BMC01_global_weight_permutation_medium/summary.json,domain_guess=causality; artifact_kind=summary_json; suffix=.json; relative_path=runs/BMC-01/matrix/2026-04-20_08-15-18/BMC01_global_weight_permutation_medium/summary.json
matrix_artifact_samples,causality,markdown_note,.md,runs/BMC-01/matrix/2026-04-20_08-15-18/bmc01_matrix_readout.md,domain_guess=causality; artifact_kind=markdown_note; suffix=.md; relative_path=runs/BMC-01/matrix/2026-04-20_08-15-18/bmc01_matrix_readout.md
matrix_artifact_samples,causality,table_csv,.csv,runs/BMC-01/matrix/2026-04-20_08-15-18/bmc01_matrix_summary.csv,domain_guess=causality; artifact_kind=table_csv; suffix=.csv; relative_path=runs/BMC-01/matrix/2026-04-20_08-15-18/bmc01_matrix_summary.csv
matrix_artifact_samples,causality,json_document,.json,runs/BMC-01/matrix/2026-04-20_08-15-18/BMC01_within_local_group_weight_permutation_high/baseline_readout.json,domain_guess=causality; artifact_kind=json_document; suffix=.json; relative_path=runs/BMC-01/matrix/2026-04-20_08-15-18/BMC01_within_local_group_weight_permutation_high/baseline_readout.json
matrix_artifact_samples,causality,json_document,.json,runs/BMC-01/matrix/2026-04-20_08-15-18/BMC01_within_local_group_weight_permutation_high/baseline_state.json,domain_guess=causality; artifact_kind=json_document; suffix=.json; relative_path=runs/BMC-01/matrix/2026-04-20_08-15-18/BMC01_within_local_group_weight_permutation_high/baseline_state.json
matrix_artifact_samples,causality,markdown_note,.md,runs/BMC-01/matrix/2026-04-20_08-15-18/BMC01_within_local_group_weight_permutation_high/block_readout.md,domain_guess=causality; artifact_kind=markdown_note; suffix=.md; relative_path=runs/BMC-01/matrix/2026-04-20_08-15-18/BMC01_within_local_group_weight_permutation_high/block_readout.md
matrix_artifact_samples,causality,table_csv,.csv,runs/BMC-01/matrix/2026-04-20_08-15-18/BMC01_within_local_group_weight_permutation_high/control_shell_comparison.csv,domain_guess=causality; artifact_kind=table_csv; suffix=.csv; relative_path=runs/BMC-01/matrix/2026-04-20_08-15-18/BMC01_within_local_group_weight_permutation_high/control_shell_comparison.csv
matrix_artifact_samples,causality,summary_json,.json,runs/BMC-01/matrix/2026-04-20_08-15-18/BMC01_within_local_group_weight_permutation_high/decision_summary.json,domain_guess=causality; artifact_kind=summary_json; suffix=.json; relative_path=runs/BMC-01/matrix/2026-04-20_08-15-18/BMC01_within_local_group_weight_permutation_high/decision_summary.json
matrix_artifact_samples,causality,table_csv,.csv,runs/BMC-01/matrix/2026-04-20_08-15-18/BMC01_within_local_group_weight_permutation_high/intervention_table.csv,domain_guess=causality; artifact_kind=table_csv; suffix=.csv; relative_path=runs/BMC-01/matrix/2026-04-20_08-15-18/BMC01_within_local_group_weight_permutation_high/intervention_table.csv
matrix_artifact_samples,causality,table_csv,.csv,runs/BMC-01/matrix/2026-04-20_08-15-18/BMC01_within_local_group_weight_permutation_high/readout_comparison.csv,domain_guess=causality; artifact_kind=table_csv; suffix=.csv; relative_path=runs/BMC-01/matrix/2026-04-20_08-15-18/BMC01_within_local_group_weight_permutation_high/readout_comparison.csv
matrix_artifact_samples,causality,json_document,.json,runs/BMC-01/matrix/2026-04-20_08-15-18/BMC01_within_local_group_weight_permutation_high/run_config.json,domain_guess=causality; artifact_kind=json_document; suffix=.json; relative_path=runs/BMC-01/matrix/2026-04-20_08-15-18/BMC01_within_local_group_weight_permutation_high/run_config.json
matrix_artifact_samples,causality,json_document,.json,runs/BMC-01/matrix/2026-04-20_08-15-18/BMC01_within_local_group_weight_permutation_high/run_metadata.json,domain_guess=causality; artifact_kind=json_document; suffix=.json; relative_path=runs/BMC-01/matrix/2026-04-20_08-15-18/BMC01_within_local_group_weight_permutation_high/run_metadata.json
matrix_artifact_samples,causality,summary_json,.json,runs/BMC-01/matrix/2026-04-20_08-15-18/BMC01_within_local_group_weight_permutation_high/summary.json,domain_guess=causality; artifact_kind=summary_json; suffix=.json; relative_path=runs/BMC-01/matrix/2026-04-20_08-15-18/BMC01_within_local_group_weight_permutation_high/summary.json
matrix_artifact_samples,causality,json_document,.json,runs/BMC-01/matrix/2026-04-20_08-15-18/BMC01_within_local_group_weight_permutation_low/baseline_readout.json,domain_guess=causality; artifact_kind=json_document; suffix=.json; relative_path=runs/BMC-01/matrix/2026-04-20_08-15-18/BMC01_within_local_group_weight_permutation_low/baseline_readout.json
matrix_artifact_samples,causality,json_document,.json,runs/BMC-01/matrix/2026-04-20_08-15-18/BMC01_within_local_group_weight_permutation_low/baseline_state.json,domain_guess=causality; artifact_kind=json_document; suffix=.json; relative_path=runs/BMC-01/matrix/2026-04-20_08-15-18/BMC01_within_local_group_weight_permutation_low/baseline_state.json
matrix_artifact_samples,causality,markdown_note,.md,runs/BMC-01/matrix/2026-04-20_08-15-18/BMC01_within_local_group_weight_permutation_low/block_readout.md,domain_guess=causality; artifact_kind=markdown_note; suffix=.md; relative_path=runs/BMC-01/matrix/2026-04-20_08-15-18/BMC01_within_local_group_weight_permutation_low/block_readout.md
matrix_artifact_samples,causality,table_csv,.csv,runs/BMC-01/matrix/2026-04-20_08-15-18/BMC01_within_local_group_weight_permutation_low/control_shell_comparison.csv,domain_guess=causality; artifact_kind=table_csv; suffix=.csv; relative_path=runs/BMC-01/matrix/2026-04-20_08-15-18/BMC01_within_local_group_weight_permutation_low/control_shell_comparison.csv
matrix_artifact_samples,causality,summary_json,.json,runs/BMC-01/matrix/2026-04-20_08-15-18/BMC01_within_local_group_weight_permutation_low/decision_summary.json,domain_guess=causality; artifact_kind=summary_json; suffix=.json; relative_path=runs/BMC-01/matrix/2026-04-20_08-15-18/BMC01_within_local_group_weight_permutation_low/decision_summary.json
matrix_artifact_samples,causality,table_csv,.csv,runs/BMC-01/matrix/2026-04-20_08-15-18/BMC01_within_local_group_weight_permutation_low/intervention_table.csv,domain_guess=causality; artifact_kind=table_csv; suffix=.csv; relative_path=runs/BMC-01/matrix/2026-04-20_08-15-18/BMC01_within_local_group_weight_permutation_low/intervention_table.csv
matrix_artifact_samples,causality,table_csv,.csv,runs/BMC-01/matrix/2026-04-20_08-15-18/BMC01_within_local_group_weight_permutation_low/readout_comparison.csv,domain_guess=causality; artifact_kind=table_csv; suffix=.csv; relative_path=runs/BMC-01/matrix/2026-04-20_08-15-18/BMC01_within_local_group_weight_permutation_low/readout_comparison.csv
matrix_artifact_samples,causality,json_document,.json,runs/BMC-01/matrix/2026-04-20_08-15-18/BMC01_within_local_group_weight_permutation_low/run_config.json,domain_guess=causality; artifact_kind=json_document; suffix=.json; relative_path=runs/BMC-01/matrix/2026-04-20_08-15-18/BMC01_within_local_group_weight_permutation_low/run_config.json
matrix_artifact_samples,causality,json_document,.json,runs/BMC-01/matrix/2026-04-20_08-15-18/BMC01_within_local_group_weight_permutation_low/run_metadata.json,domain_guess=causality; artifact_kind=json_document; suffix=.json; relative_path=runs/BMC-01/matrix/2026-04-20_08-15-18/BMC01_within_local_group_weight_permutation_low/run_metadata.json
matrix_artifact_samples,causality,summary_json,.json,runs/BMC-01/matrix/2026-04-20_08-15-18/BMC01_within_local_group_weight_permutation_low/summary.json,domain_guess=causality; artifact_kind=summary_json; suffix=.json; relative_path=runs/BMC-01/matrix/2026-04-20_08-15-18/BMC01_within_local_group_weight_permutation_low/summary.json
matrix_artifact_samples,causality,json_document,.json,runs/BMC-01/matrix/2026-04-20_08-15-18/BMC01_within_local_group_weight_permutation_medium/baseline_readout.json,domain_guess=causality; artifact_kind=json_document; suffix=.json; relative_path=runs/BMC-01/matrix/2026-04-20_08-15-18/BMC01_within_local_group_weight_permutation_medium/baseline_readout.json
matrix_artifact_samples,causality,json_document,.json,runs/BMC-01/matrix/2026-04-20_08-15-18/BMC01_within_local_group_weight_permutation_medium/baseline_state.json,domain_guess=causality; artifact_kind=json_document; suffix=.json; relative_path=runs/BMC-01/matrix/2026-04-20_08-15-18/BMC01_within_local_group_weight_permutation_medium/baseline_state.json
matrix_artifact_samples,causality,markdown_note,.md,runs/BMC-01/matrix/2026-04-20_08-15-18/BMC01_within_local_group_weight_permutation_medium/block_readout.md,domain_guess=causality; artifact_kind=markdown_note; suffix=.md; relative_path=runs/BMC-01/matrix/2026-04-20_08-15-18/BMC01_within_local_group_weight_permutation_medium/block_readout.md
matrix_artifact_samples,causality,table_csv,.csv,runs/BMC-01/matrix/2026-04-20_08-15-18/BMC01_within_local_group_weight_permutation_medium/control_shell_comparison.csv,domain_guess=causality; artifact_kind=table_csv; suffix=.csv; relative_path=runs/BMC-01/matrix/2026-04-20_08-15-18/BMC01_within_local_group_weight_permutation_medium/control_shell_comparison.csv
matrix_artifact_samples,causality,summary_json,.json,runs/BMC-01/matrix/2026-04-20_08-15-18/BMC01_within_local_group_weight_permutation_medium/decision_summary.json,domain_guess=causality; artifact_kind=summary_json; suffix=.json; relative_path=runs/BMC-01/matrix/2026-04-20_08-15-18/BMC01_within_local_group_weight_permutation_medium/decision_summary.json
matrix_artifact_samples,causality,table_csv,.csv,runs/BMC-01/matrix/2026-04-20_08-15-18/BMC01_within_local_group_weight_permutation_medium/intervention_table.csv,domain_guess=causality; artifact_kind=table_csv; suffix=.csv; relative_path=runs/BMC-01/matrix/2026-04-20_08-15-18/BMC01_within_local_group_weight_permutation_medium/intervention_table.csv
matrix_artifact_samples,causality,table_csv,.csv,runs/BMC-01/matrix/2026-04-20_08-15-18/BMC01_within_local_group_weight_permutation_medium/readout_comparison.csv,domain_guess=causality; artifact_kind=table_csv; suffix=.csv; relative_path=runs/BMC-01/matrix/2026-04-20_08-15-18/BMC01_within_local_group_weight_permutation_medium/readout_comparison.csv
matrix_artifact_samples,causality,json_document,.json,runs/BMC-01/matrix/2026-04-20_08-15-18/BMC01_within_local_group_weight_permutation_medium/run_config.json,domain_guess=causality; artifact_kind=json_document; suffix=.json; relative_path=runs/BMC-01/matrix/2026-04-20_08-15-18/BMC01_within_local_group_weight_permutation_medium/run_config.json
matrix_artifact_samples,causality,json_document,.json,runs/BMC-01/matrix/2026-04-20_08-15-18/BMC01_within_local_group_weight_permutation_medium/run_metadata.json,domain_guess=causality; artifact_kind=json_document; suffix=.json; relative_path=runs/BMC-01/matrix/2026-04-20_08-15-18/BMC01_within_local_group_weight_permutation_medium/run_metadata.json
matrix_artifact_samples,causality,summary_json,.json,runs/BMC-01/matrix/2026-04-20_08-15-18/BMC01_within_local_group_weight_permutation_medium/summary.json,domain_guess=causality; artifact_kind=summary_json; suffix=.json; relative_path=runs/BMC-01/matrix/2026-04-20_08-15-18/BMC01_within_local_group_weight_permutation_medium/summary.json
matrix_artifact_samples,causality,json_document,.json,runs/BMC-01/matrix/2026-04-20_08-15-18/BMC01_within_shell_weight_permutation_high/baseline_readout.json,domain_guess=causality; artifact_kind=json_document; suffix=.json; relative_path=runs/BMC-01/matrix/2026-04-20_08-15-18/BMC01_within_shell_weight_permutation_high/baseline_readout.json
extract03_artifact_samples,extract03,table_csv,.csv,runs/QSB-EXTRACT02A/human_freeze_resolution_authorization_check/10_extract03_authorization_decision.csv,domain_guess=extract03; artifact_kind=table_csv; suffix=.csv; relative_path=runs/QSB-EXTRACT02A/human_freeze_resolution_authorization_check/10_extract03_authorization_decision.csv
extract03_artifact_samples,extract03,table_csv,.csv,runs/QSB-EXTRACT02A/human_freeze_resolution_authorization_check/14_review_items_for_human_or_extract03.csv,domain_guess=extract03; artifact_kind=table_csv; suffix=.csv; relative_path=runs/QSB-EXTRACT02A/human_freeze_resolution_authorization_check/14_review_items_for_human_or_extract03.csv
extract03_artifact_samples,extract03,table_csv,.csv,runs/QSB-EXTRACT02A/human_freeze_resolution_authorization_check/17_extract03_preparation_requirements.csv,domain_guess=extract03; artifact_kind=table_csv; suffix=.csv; relative_path=runs/QSB-EXTRACT02A/human_freeze_resolution_authorization_check/17_extract03_preparation_requirements.csv
extract03_artifact_samples,extract03,table_csv,.csv,runs/QSB-EXTRACT02A-R1F/artifact_consistency_fix_human_freeze_recheck/12_extract03_authorization_decision.csv,domain_guess=extract03; artifact_kind=table_csv; suffix=.csv; relative_path=runs/QSB-EXTRACT02A-R1F/artifact_consistency_fix_human_freeze_recheck/12_extract03_authorization_decision.csv
extract03_artifact_samples,extract03,table_csv,.csv,runs/QSB-EXTRACT02A-R1F/artifact_consistency_fix_human_freeze_recheck/17_review_items_for_extract03_or_human_fix.csv,domain_guess=extract03; artifact_kind=table_csv; suffix=.csv; relative_path=runs/QSB-EXTRACT02A-R1F/artifact_consistency_fix_human_freeze_recheck/17_review_items_for_extract03_or_human_fix.csv
extract03_artifact_samples,extract03,table_csv,.csv,runs/QSB-EXTRACT02A-R1F/artifact_consistency_fix_human_freeze_recheck/19_extract03_preparation_requirements.csv,domain_guess=extract03; artifact_kind=table_csv; suffix=.csv; relative_path=runs/QSB-EXTRACT02A-R1F/artifact_consistency_fix_human_freeze_recheck/19_extract03_preparation_requirements.csv
extract03_artifact_samples,extract03,table_csv,.csv,runs/QSB-EXTRACT02A-R1/human_freeze_applied_authorization_recheck/12_extract03_authorization_decision.csv,domain_guess=extract03; artifact_kind=table_csv; suffix=.csv; relative_path=runs/QSB-EXTRACT02A-R1/human_freeze_applied_authorization_recheck/12_extract03_authorization_decision.csv
extract03_artifact_samples,extract03,table_csv,.csv,runs/QSB-EXTRACT02A-R1/human_freeze_applied_authorization_recheck/16_review_items_for_extract03_or_human_fix.csv,domain_guess=extract03; artifact_kind=table_csv; suffix=.csv; relative_path=runs/QSB-EXTRACT02A-R1/human_freeze_applied_authorization_recheck/16_review_items_for_extract03_or_human_fix.csv
extract03_artifact_samples,extract03,table_csv,.csv,runs/QSB-EXTRACT02A-R1/human_freeze_applied_authorization_recheck/18_extract03_preparation_requirements.csv,domain_guess=extract03; artifact_kind=table_csv; suffix=.csv; relative_path=runs/QSB-EXTRACT02A-R1/human_freeze_applied_authorization_recheck/18_extract03_preparation_requirements.csv
extract03_artifact_samples,extract03,table_csv,.csv,runs/QSB-EXTRACT02A-R1/human_freeze_applied_authorization_recheck.blocked_backup_20260621T215843Z/12_extract03_authorization_decision.csv,domain_guess=extract03; artifact_kind=table_csv; suffix=.csv; relative_path=runs/QSB-EXTRACT02A-R1/human_freeze_applied_authorization_recheck.blocked_backup_20260621T215843Z/12_extract03_authorization_decision.csv
extract03_artifact_samples,extract03,table_csv,.csv,runs/QSB-EXTRACT02A-R1/human_freeze_applied_authorization_recheck.blocked_backup_20260621T215843Z/16_review_items_for_extract03_or_human_fix.csv,domain_guess=extract03; artifact_kind=table_csv; suffix=.csv; relative_path=runs/QSB-EXTRACT02A-R1/human_freeze_applied_authorization_recheck.blocked_backup_20260621T215843Z/16_review_items_for_extract03_or_human_fix.csv
extract03_artifact_samples,extract03,table_csv,.csv,runs/QSB-EXTRACT02A-R1/human_freeze_applied_authorization_recheck.blocked_backup_20260621T215843Z/18_extract03_preparation_requirements.csv,domain_guess=extract03; artifact_kind=table_csv; suffix=.csv; relative_path=runs/QSB-EXTRACT02A-R1/human_freeze_applied_authorization_recheck.blocked_backup_20260621T215843Z/18_extract03_preparation_requirements.csv
extract03_artifact_samples,extract03,table_csv,.csv,runs/QSB-EXTRACT02/pre_execution_contract_dwh_gram_tensor_extraction/18_extract03_readiness_decision.csv,domain_guess=extract03; artifact_kind=table_csv; suffix=.csv; relative_path=runs/QSB-EXTRACT02/pre_execution_contract_dwh_gram_tensor_extraction/18_extract03_readiness_decision.csv
extract03_artifact_samples,extract03,json_document,.json,runs/QSB-EXTRACT03A-R1/authorized_execution_with_s1_addendum/01_extract03a_r1_run_manifest.json,domain_guess=extract03; artifact_kind=json_document; suffix=.json; relative_path=runs/QSB-EXTRACT03A-R1/authorized_execution_with_s1_addendum/01_extract03a_r1_run_manifest.json
extract03_artifact_samples,extract03,table_csv,.csv,runs/QSB-EXTRACT03A-R1/authorized_execution_with_s1_addendum/02_upstream_inventory_and_hashes.csv,domain_guess=extract03; artifact_kind=table_csv; suffix=.csv; relative_path=runs/QSB-EXTRACT03A-R1/authorized_execution_with_s1_addendum/02_upstream_inventory_and_hashes.csv
extract03_artifact_samples,extract03,table_csv,.csv,runs/QSB-EXTRACT03A-R1/authorized_execution_with_s1_addendum/03_execution_authorization_import.csv,domain_guess=extract03; artifact_kind=table_csv; suffix=.csv; relative_path=runs/QSB-EXTRACT03A-R1/authorized_execution_with_s1_addendum/03_execution_authorization_import.csv
extract03_artifact_samples,extract03,table_csv,.csv,runs/QSB-EXTRACT03A-R1/authorized_execution_with_s1_addendum/04_s1_authorization_refresh_import.csv,domain_guess=extract03; artifact_kind=table_csv; suffix=.csv; relative_path=runs/QSB-EXTRACT03A-R1/authorized_execution_with_s1_addendum/04_s1_authorization_refresh_import.csv
extract03_artifact_samples,extract03,table_csv,.csv,runs/QSB-EXTRACT03A-R1/authorized_execution_with_s1_addendum/05_package_plus_s1_contract_import_review.csv,domain_guess=extract03; artifact_kind=table_csv; suffix=.csv; relative_path=runs/QSB-EXTRACT03A-R1/authorized_execution_with_s1_addendum/05_package_plus_s1_contract_import_review.csv
extract03_artifact_samples,extract03,table_csv,.csv,runs/QSB-EXTRACT03A-R1/authorized_execution_with_s1_addendum/06_frozen_decision_carry_forward_review.csv,domain_guess=extract03; artifact_kind=table_csv; suffix=.csv; relative_path=runs/QSB-EXTRACT03A-R1/authorized_execution_with_s1_addendum/06_frozen_decision_carry_forward_review.csv
extract03_artifact_samples,extract03,table_csv,.csv,runs/QSB-EXTRACT03A-R1/authorized_execution_with_s1_addendum/07_source_selection_result.csv,domain_guess=extract03; artifact_kind=table_csv; suffix=.csv; relative_path=runs/QSB-EXTRACT03A-R1/authorized_execution_with_s1_addendum/07_source_selection_result.csv
extract03_artifact_samples,extract03,table_csv,.csv,runs/QSB-EXTRACT03A-R1/authorized_execution_with_s1_addendum/08_canonical_pair_split_assignment.csv,domain_guess=extract03; artifact_kind=table_csv; suffix=.csv; relative_path=runs/QSB-EXTRACT03A-R1/authorized_execution_with_s1_addendum/08_canonical_pair_split_assignment.csv
extract03_artifact_samples,extract03,table_csv,.csv,runs/QSB-EXTRACT03A-R1/authorized_execution_with_s1_addendum/09_tensor_schema_runtime_mapping.csv,domain_guess=extract03; artifact_kind=table_csv; suffix=.csv; relative_path=runs/QSB-EXTRACT03A-R1/authorized_execution_with_s1_addendum/09_tensor_schema_runtime_mapping.csv
extract03_artifact_samples,extract03,table_csv,.csv,runs/QSB-EXTRACT03A-R1/authorized_execution_with_s1_addendum/10_phase_response_vector_summary.csv,domain_guess=extract03; artifact_kind=table_csv; suffix=.csv; relative_path=runs/QSB-EXTRACT03A-R1/authorized_execution_with_s1_addendum/10_phase_response_vector_summary.csv
extract03_artifact_samples,extract03,table_csv,.csv,runs/QSB-EXTRACT03A-R1/authorized_execution_with_s1_addendum/11_K_candidate_matrix.csv,domain_guess=extract03; artifact_kind=table_csv; suffix=.csv; relative_path=runs/QSB-EXTRACT03A-R1/authorized_execution_with_s1_addendum/11_K_candidate_matrix.csv
extract03_artifact_samples,extract03,table_csv,.csv,runs/QSB-EXTRACT03A-R1/authorized_execution_with_s1_addendum/12_K_validation_results.csv,domain_guess=extract03; artifact_kind=table_csv; suffix=.csv; relative_path=runs/QSB-EXTRACT03A-R1/authorized_execution_with_s1_addendum/12_K_validation_results.csv
extract03_artifact_samples,extract03,table_csv,.csv,runs/QSB-EXTRACT03A-R1/authorized_execution_with_s1_addendum/13_distance_cost_matrix.csv,domain_guess=extract03; artifact_kind=table_csv; suffix=.csv; relative_path=runs/QSB-EXTRACT03A-R1/authorized_execution_with_s1_addendum/13_distance_cost_matrix.csv
extract03_artifact_samples,extract03,table_csv,.csv,runs/QSB-EXTRACT03A-R1/authorized_execution_with_s1_addendum/14_shortest_path_D_matrix.csv,domain_guess=extract03; artifact_kind=table_csv; suffix=.csv; relative_path=runs/QSB-EXTRACT03A-R1/authorized_execution_with_s1_addendum/14_shortest_path_D_matrix.csv
extract03_artifact_samples,extract03,table_csv,.csv,runs/QSB-EXTRACT03A-R1/authorized_execution_with_s1_addendum/15_strength_matrix.csv,domain_guess=extract03; artifact_kind=table_csv; suffix=.csv; relative_path=runs/QSB-EXTRACT03A-R1/authorized_execution_with_s1_addendum/15_strength_matrix.csv
extract03_artifact_samples,extract03,table_csv,.csv,runs/QSB-EXTRACT03A-R1/authorized_execution_with_s1_addendum/16_edge_candidate_result.csv,domain_guess=extract03; artifact_kind=table_csv; suffix=.csv; relative_path=runs/QSB-EXTRACT03A-R1/authorized_execution_with_s1_addendum/16_edge_candidate_result.csv
extract03_artifact_samples,extract03,table_csv,.csv,runs/QSB-EXTRACT03A-R1/authorized_execution_with_s1_addendum/17_kernel_execution_summary.csv,domain_guess=extract03; artifact_kind=table_csv; suffix=.csv; relative_path=runs/QSB-EXTRACT03A-R1/authorized_execution_with_s1_addendum/17_kernel_execution_summary.csv
extract03_artifact_samples,extract03,table_csv,.csv,runs/QSB-EXTRACT03A-R1/authorized_execution_with_s1_addendum/18_cluster_dendrogram_candidate_result.csv,domain_guess=extract03; artifact_kind=table_csv; suffix=.csv; relative_path=runs/QSB-EXTRACT03A-R1/authorized_execution_with_s1_addendum/18_cluster_dendrogram_candidate_result.csv
extract03_artifact_samples,extract03,table_csv,.csv,runs/QSB-EXTRACT03A-R1/authorized_execution_with_s1_addendum/19_motif_candidate_summary.csv,domain_guess=extract03; artifact_kind=table_csv; suffix=.csv; relative_path=runs/QSB-EXTRACT03A-R1/authorized_execution_with_s1_addendum/19_motif_candidate_summary.csv
extract03_artifact_samples,extract03,sql_script,.sql,runs/QSB-EXTRACT03A-R1/authorized_execution_with_s1_addendum/20_result_mart_schema_executed.sql,domain_guess=extract03; artifact_kind=sql_script; suffix=.sql; relative_path=runs/QSB-EXTRACT03A-R1/authorized_execution_with_s1_addendum/20_result_mart_schema_executed.sql
extract03_artifact_samples,extract03,sqlite_db,.sqlite,runs/QSB-EXTRACT03A-R1/authorized_execution_with_s1_addendum/21_extract03a_r1_result_mart.sqlite,domain_guess=extract03; artifact_kind=sqlite_db; suffix=.sqlite; relative_path=runs/QSB-EXTRACT03A-R1/authorized_execution_with_s1_addendum/21_extract03a_r1_result_mart.sqlite
extract03_artifact_samples,extract03,table_csv,.csv,runs/QSB-EXTRACT03A-R1/authorized_execution_with_s1_addendum/22_result_mart_table_counts.csv,domain_guess=extract03; artifact_kind=table_csv; suffix=.csv; relative_path=runs/QSB-EXTRACT03A-R1/authorized_execution_with_s1_addendum/22_result_mart_table_counts.csv
extract03_artifact_samples,extract03,table_csv,.csv,runs/QSB-EXTRACT03A-R1/authorized_execution_with_s1_addendum/23_lineage_and_hash_audit.csv,domain_guess=extract03; artifact_kind=table_csv; suffix=.csv; relative_path=runs/QSB-EXTRACT03A-R1/authorized_execution_with_s1_addendum/23_lineage_and_hash_audit.csv
extract03_artifact_samples,extract03,table_csv,.csv,runs/QSB-EXTRACT03A-R1/authorized_execution_with_s1_addendum/24_unit_dimension_audit.csv,domain_guess=extract03; artifact_kind=table_csv; suffix=.csv; relative_path=runs/QSB-EXTRACT03A-R1/authorized_execution_with_s1_addendum/24_unit_dimension_audit.csv
extract03_artifact_samples,extract03,table_csv,.csv,runs/QSB-EXTRACT03A-R1/authorized_execution_with_s1_addendum/25_validation_results.csv,domain_guess=extract03; artifact_kind=table_csv; suffix=.csv; relative_path=runs/QSB-EXTRACT03A-R1/authorized_execution_with_s1_addendum/25_validation_results.csv
extract03_artifact_samples,extract03,table_csv,.csv,runs/QSB-EXTRACT03A-R1/authorized_execution_with_s1_addendum/26_acceptance_gate_results.csv,domain_guess=extract03; artifact_kind=table_csv; suffix=.csv; relative_path=runs/QSB-EXTRACT03A-R1/authorized_execution_with_s1_addendum/26_acceptance_gate_results.csv
extract03_artifact_samples,extract03,table_csv,.csv,runs/QSB-EXTRACT03A-R1/authorized_execution_with_s1_addendum/27_guard_results.csv,domain_guess=extract03; artifact_kind=table_csv; suffix=.csv; relative_path=runs/QSB-EXTRACT03A-R1/authorized_execution_with_s1_addendum/27_guard_results.csv
extract03_artifact_samples,extract03,table_csv,.csv,runs/QSB-EXTRACT03A-R1/authorized_execution_with_s1_addendum/28_review_items.csv,domain_guess=extract03; artifact_kind=table_csv; suffix=.csv; relative_path=runs/QSB-EXTRACT03A-R1/authorized_execution_with_s1_addendum/28_review_items.csv
extract03_artifact_samples,extract03,table_csv,.csv,runs/QSB-EXTRACT03A-R1/authorized_execution_with_s1_addendum/29_claim_boundary_matrix.csv,domain_guess=extract03; artifact_kind=table_csv; suffix=.csv; relative_path=runs/QSB-EXTRACT03A-R1/authorized_execution_with_s1_addendum/29_claim_boundary_matrix.csv
extract03_artifact_samples,extract03,table_csv,.csv,runs/QSB-EXTRACT03A-R1/authorized_execution_with_s1_addendum/30_split_seed_audit.csv,domain_guess=extract03; artifact_kind=table_csv; suffix=.csv; relative_path=runs/QSB-EXTRACT03A-R1/authorized_execution_with_s1_addendum/30_split_seed_audit.csv
extract03_artifact_samples,extract03,markdown_note,.md,runs/QSB-EXTRACT03A-R1/authorized_execution_with_s1_addendum/31_short_result_note_de.md,domain_guess=extract03; artifact_kind=markdown_note; suffix=.md; relative_path=runs/QSB-EXTRACT03A-R1/authorized_execution_with_s1_addendum/31_short_result_note_de.md
extract03_artifact_samples,extract03,markdown_note,.md,runs/QSB-EXTRACT03A-R1/authorized_execution_with_s1_addendum/32_next_step_recommendation.md,domain_guess=extract03; artifact_kind=markdown_note; suffix=.md; relative_path=runs/QSB-EXTRACT03A-R1/authorized_execution_with_s1_addendum/32_next_step_recommendation.md
extract03_artifact_samples,extract03,markdown_note,.md,runs/QSB-EXTRACT03A-R1/authorized_execution_with_s1_addendum/FINAL_RESULT_NOTE.md,domain_guess=extract03; artifact_kind=markdown_note; suffix=.md; relative_path=runs/QSB-EXTRACT03A-R1/authorized_execution_with_s1_addendum/FINAL_RESULT_NOTE.md
extract03_artifact_samples,extract03,json_document,.json,runs/QSB-EXTRACT03B/result_review_human_summary/01_extract03b_review_manifest.json,domain_guess=extract03; artifact_kind=json_document; suffix=.json; relative_path=runs/QSB-EXTRACT03B/result_review_human_summary/01_extract03b_review_manifest.json
extract03_artifact_samples,extract03,table_csv,.csv,runs/QSB-EXTRACT03B/result_review_human_summary/02_upstream_inventory_and_hashes.csv,domain_guess=extract03; artifact_kind=table_csv; suffix=.csv; relative_path=runs/QSB-EXTRACT03B/result_review_human_summary/02_upstream_inventory_and_hashes.csv
extract03_artifact_samples,extract03,table_csv,.csv,runs/QSB-EXTRACT03B/result_review_human_summary/03_extract03a_r1_manifest_import.csv,domain_guess=extract03; artifact_kind=table_csv; suffix=.csv; relative_path=runs/QSB-EXTRACT03B/result_review_human_summary/03_extract03a_r1_manifest_import.csv
extract03_artifact_samples,extract03,table_csv,.csv,runs/QSB-EXTRACT03B/result_review_human_summary/04_result_mart_readonly_review.csv,domain_guess=extract03; artifact_kind=table_csv; suffix=.csv; relative_path=runs/QSB-EXTRACT03B/result_review_human_summary/04_result_mart_readonly_review.csv
extract03_artifact_samples,extract03,table_csv,.csv,runs/QSB-EXTRACT03B/result_review_human_summary/05_matrix_summary_K.csv,domain_guess=extract03; artifact_kind=table_csv; suffix=.csv; relative_path=runs/QSB-EXTRACT03B/result_review_human_summary/05_matrix_summary_K.csv
extract03_artifact_samples,extract03,table_csv,.csv,runs/QSB-EXTRACT03B/result_review_human_summary/06_matrix_summary_d.csv,domain_guess=extract03; artifact_kind=table_csv; suffix=.csv; relative_path=runs/QSB-EXTRACT03B/result_review_human_summary/06_matrix_summary_d.csv
extract03_artifact_samples,extract03,table_csv,.csv,runs/QSB-EXTRACT03B/result_review_human_summary/07_matrix_summary_D.csv,domain_guess=extract03; artifact_kind=table_csv; suffix=.csv; relative_path=runs/QSB-EXTRACT03B/result_review_human_summary/07_matrix_summary_D.csv
extract03_artifact_samples,extract03,table_csv,.csv,runs/QSB-EXTRACT03B/result_review_human_summary/08_strength_and_edge_summary.csv,domain_guess=extract03; artifact_kind=table_csv; suffix=.csv; relative_path=runs/QSB-EXTRACT03B/result_review_human_summary/08_strength_and_edge_summary.csv
extract03_artifact_samples,extract03,table_csv,.csv,runs/QSB-EXTRACT03B/result_review_human_summary/09_split_summary.csv,domain_guess=extract03; artifact_kind=table_csv; suffix=.csv; relative_path=runs/QSB-EXTRACT03B/result_review_human_summary/09_split_summary.csv
extract03_artifact_samples,extract03,table_csv,.csv,runs/QSB-EXTRACT03B/result_review_human_summary/10_phase_response_vector_summary_review.csv,domain_guess=extract03; artifact_kind=table_csv; suffix=.csv; relative_path=runs/QSB-EXTRACT03B/result_review_human_summary/10_phase_response_vector_summary_review.csv
extract03_artifact_samples,extract03,table_csv,.csv,runs/QSB-EXTRACT03B/result_review_human_summary/11_kernel_summary_review.csv,domain_guess=extract03; artifact_kind=table_csv; suffix=.csv; relative_path=runs/QSB-EXTRACT03B/result_review_human_summary/11_kernel_summary_review.csv
extract03_artifact_samples,extract03,table_csv,.csv,runs/QSB-EXTRACT03B/result_review_human_summary/12_cluster_candidate_review.csv,domain_guess=extract03; artifact_kind=table_csv; suffix=.csv; relative_path=runs/QSB-EXTRACT03B/result_review_human_summary/12_cluster_candidate_review.csv
extract03_artifact_samples,extract03,table_csv,.csv,runs/QSB-EXTRACT03B/result_review_human_summary/13_motif_candidate_review.csv,domain_guess=extract03; artifact_kind=table_csv; suffix=.csv; relative_path=runs/QSB-EXTRACT03B/result_review_human_summary/13_motif_candidate_review.csv
extract03_artifact_samples,extract03,table_csv,.csv,runs/QSB-EXTRACT03B/result_review_human_summary/14_validation_guard_gate_summary.csv,domain_guess=extract03; artifact_kind=table_csv; suffix=.csv; relative_path=runs/QSB-EXTRACT03B/result_review_human_summary/14_validation_guard_gate_summary.csv
extract03_artifact_samples,extract03,table_csv,.csv,runs/QSB-EXTRACT03B/result_review_human_summary/15_review_items_import_and_classification.csv,domain_guess=extract03; artifact_kind=table_csv; suffix=.csv; relative_path=runs/QSB-EXTRACT03B/result_review_human_summary/15_review_items_import_and_classification.csv
extract03_artifact_samples,extract03,table_csv,.csv,runs/QSB-EXTRACT03B/result_review_human_summary/16_claim_boundary_review.csv,domain_guess=extract03; artifact_kind=table_csv; suffix=.csv; relative_path=runs/QSB-EXTRACT03B/result_review_human_summary/16_claim_boundary_review.csv
extract03_artifact_samples,extract03,table_csv,.csv,runs/QSB-EXTRACT03B/result_review_human_summary/17_l2_boundary_check.csv,domain_guess=extract03; artifact_kind=table_csv; suffix=.csv; relative_path=runs/QSB-EXTRACT03B/result_review_human_summary/17_l2_boundary_check.csv
extract03_artifact_samples,extract03,table_csv,.csv,runs/QSB-EXTRACT03B/result_review_human_summary/18_bootstrap_gap_assessment.csv,domain_guess=extract03; artifact_kind=table_csv; suffix=.csv; relative_path=runs/QSB-EXTRACT03B/result_review_human_summary/18_bootstrap_gap_assessment.csv
extract03_artifact_samples,extract03,markdown_note,.md,runs/QSB-EXTRACT03B/result_review_human_summary/19_human_readable_result_interpretation_de.md,domain_guess=extract03; artifact_kind=markdown_note; suffix=.md; relative_path=runs/QSB-EXTRACT03B/result_review_human_summary/19_human_readable_result_interpretation_de.md
extract03_artifact_samples,extract03,table_csv,.csv,runs/QSB-EXTRACT03B/result_review_human_summary/20_next_step_options.csv,domain_guess=extract03; artifact_kind=table_csv; suffix=.csv; relative_path=runs/QSB-EXTRACT03B/result_review_human_summary/20_next_step_options.csv
extract03_artifact_samples,extract03,markdown_note,.md,runs/QSB-EXTRACT03B/result_review_human_summary/21_recommended_next_step.md,domain_guess=extract03; artifact_kind=markdown_note; suffix=.md; relative_path=runs/QSB-EXTRACT03B/result_review_human_summary/21_recommended_next_step.md
extract03_artifact_samples,extract03,markdown_note,.md,runs/QSB-EXTRACT03B/result_review_human_summary/22_short_review_note_de.md,domain_guess=extract03; artifact_kind=markdown_note; suffix=.md; relative_path=runs/QSB-EXTRACT03B/result_review_human_summary/22_short_review_note_de.md
extract03_artifact_samples,extract03,table_csv,.csv,runs/QSB-EXTRACT03B/result_review_human_summary/23_no_reexecution_guard.csv,domain_guess=extract03; artifact_kind=table_csv; suffix=.csv; relative_path=runs/QSB-EXTRACT03B/result_review_human_summary/23_no_reexecution_guard.csv
extract03_artifact_samples,extract03,markdown_note,.md,runs/QSB-EXTRACT03B/result_review_human_summary/FINAL_RESULT_NOTE.md,domain_guess=extract03; artifact_kind=markdown_note; suffix=.md; relative_path=runs/QSB-EXTRACT03B/result_review_human_summary/FINAL_RESULT_NOTE.md
extract03_artifact_samples,extract03,json_document,.json,runs/QSB-EXTRACT03-C0B/bootstrap_contract_completion_addendum/01_extract03c0b_run_manifest.json,domain_guess=extract03; artifact_kind=json_document; suffix=.json; relative_path=runs/QSB-EXTRACT03-C0B/bootstrap_contract_completion_addendum/01_extract03c0b_run_manifest.json
extract03_artifact_samples,extract03,table_csv,.csv,runs/QSB-EXTRACT03-C0B/bootstrap_contract_completion_addendum/02_upstream_inventory_and_hashes.csv,domain_guess=extract03; artifact_kind=table_csv; suffix=.csv; relative_path=runs/QSB-EXTRACT03-C0B/bootstrap_contract_completion_addendum/02_upstream_inventory_and_hashes.csv
extract03_artifact_samples,extract03,table_csv,.csv,runs/QSB-EXTRACT03-C0B/bootstrap_contract_completion_addendum/03_c1_blocker_import.csv,domain_guess=extract03; artifact_kind=table_csv; suffix=.csv; relative_path=runs/QSB-EXTRACT03-C0B/bootstrap_contract_completion_addendum/03_c1_blocker_import.csv
extract03_artifact_samples,extract03,table_csv,.csv,runs/QSB-EXTRACT03-C0B/bootstrap_contract_completion_addendum/04_c0_contract_import_review.csv,domain_guess=extract03; artifact_kind=table_csv; suffix=.csv; relative_path=runs/QSB-EXTRACT03-C0B/bootstrap_contract_completion_addendum/04_c0_contract_import_review.csv
extract03_artifact_samples,extract03,json_document,.json,runs/QSB-EXTRACT03-C0B/bootstrap_contract_completion_addendum/05_contract_completion_decision.json,domain_guess=extract03; artifact_kind=json_document; suffix=.json; relative_path=runs/QSB-EXTRACT03-C0B/bootstrap_contract_completion_addendum/05_contract_completion_decision.json
extract03_artifact_samples,extract03,table_csv,.csv,runs/QSB-EXTRACT03-C0B/bootstrap_contract_completion_addendum/06_seed_draw_algorithm_contract.csv,domain_guess=extract03; artifact_kind=table_csv; suffix=.csv; relative_path=runs/QSB-EXTRACT03-C0B/bootstrap_contract_completion_addendum/06_seed_draw_algorithm_contract.csv
extract03_artifact_samples,extract03,table_csv,.csv,runs/QSB-EXTRACT03-C0B/bootstrap_contract_completion_addendum/07_pair_level_bootstrap_input_policy.csv,domain_guess=extract03; artifact_kind=table_csv; suffix=.csv; relative_path=runs/QSB-EXTRACT03-C0B/bootstrap_contract_completion_addendum/07_pair_level_bootstrap_input_policy.csv
extract03_artifact_samples,extract03,table_csv,.csv,runs/QSB-EXTRACT03-C0B/bootstrap_contract_completion_addendum/08_cluster_flattening_contract.csv,domain_guess=extract03; artifact_kind=table_csv; suffix=.csv; relative_path=runs/QSB-EXTRACT03-C0B/bootstrap_contract_completion_addendum/08_cluster_flattening_contract.csv
extract03_artifact_samples,extract03,table_csv,.csv,runs/QSB-EXTRACT03-C0B/bootstrap_contract_completion_addendum/09_motif_matching_contract.csv,domain_guess=extract03; artifact_kind=table_csv; suffix=.csv; relative_path=runs/QSB-EXTRACT03-C0B/bootstrap_contract_completion_addendum/09_motif_matching_contract.csv
extract03_artifact_samples,extract03,table_csv,.csv,runs/QSB-EXTRACT03-C0B/bootstrap_contract_completion_addendum/10_K_summary_metric_contract.csv,domain_guess=extract03; artifact_kind=table_csv; suffix=.csv; relative_path=runs/QSB-EXTRACT03-C0B/bootstrap_contract_completion_addendum/10_K_summary_metric_contract.csv
extract03_artifact_samples,extract03,table_csv,.csv,runs/QSB-EXTRACT03-C0B/bootstrap_contract_completion_addendum/11_D_summary_metric_contract.csv,domain_guess=extract03; artifact_kind=table_csv; suffix=.csv; relative_path=runs/QSB-EXTRACT03-C0B/bootstrap_contract_completion_addendum/11_D_summary_metric_contract.csv
extract03_artifact_samples,extract03,table_csv,.csv,runs/QSB-EXTRACT03-C0B/bootstrap_contract_completion_addendum/12_edge_stability_contract.csv,domain_guess=extract03; artifact_kind=table_csv; suffix=.csv; relative_path=runs/QSB-EXTRACT03-C0B/bootstrap_contract_completion_addendum/12_edge_stability_contract.csv
extract03_artifact_samples,extract03,table_csv,.csv,runs/QSB-EXTRACT03-C0B/bootstrap_contract_completion_addendum/13_stability_classification_contract.csv,domain_guess=extract03; artifact_kind=table_csv; suffix=.csv; relative_path=runs/QSB-EXTRACT03-C0B/bootstrap_contract_completion_addendum/13_stability_classification_contract.csv
extract03_artifact_samples,extract03,table_csv,.csv,runs/QSB-EXTRACT03-C0B/bootstrap_contract_completion_addendum/14_future_c1r1_execution_plan_no_run.csv,domain_guess=extract03; artifact_kind=table_csv; suffix=.csv; relative_path=runs/QSB-EXTRACT03-C0B/bootstrap_contract_completion_addendum/14_future_c1r1_execution_plan_no_run.csv
extract03_artifact_samples,extract03,table_csv,.csv,runs/QSB-EXTRACT03-C0B/bootstrap_contract_completion_addendum/15_future_c1r1_required_outputs.csv,domain_guess=extract03; artifact_kind=table_csv; suffix=.csv; relative_path=runs/QSB-EXTRACT03-C0B/bootstrap_contract_completion_addendum/15_future_c1r1_required_outputs.csv
extract03_artifact_samples,extract03,table_csv,.csv,runs/QSB-EXTRACT03-C0B/bootstrap_contract_completion_addendum/16_result_mart_readonly_context.csv,domain_guess=extract03; artifact_kind=table_csv; suffix=.csv; relative_path=runs/QSB-EXTRACT03-C0B/bootstrap_contract_completion_addendum/16_result_mart_readonly_context.csv
extract03_artifact_samples,extract03,table_csv,.csv,runs/QSB-EXTRACT03-C0B/bootstrap_contract_completion_addendum/17_no_execution_guard.csv,domain_guess=extract03; artifact_kind=table_csv; suffix=.csv; relative_path=runs/QSB-EXTRACT03-C0B/bootstrap_contract_completion_addendum/17_no_execution_guard.csv
extract03_artifact_samples,extract03,table_csv,.csv,runs/QSB-EXTRACT03-C0B/bootstrap_contract_completion_addendum/18_claim_boundary_matrix.csv,domain_guess=extract03; artifact_kind=table_csv; suffix=.csv; relative_path=runs/QSB-EXTRACT03-C0B/bootstrap_contract_completion_addendum/18_claim_boundary_matrix.csv
extract03_artifact_samples,extract03,table_csv,.csv,runs/QSB-EXTRACT03-C0B/bootstrap_contract_completion_addendum/19_validation_results.csv,domain_guess=extract03; artifact_kind=table_csv; suffix=.csv; relative_path=runs/QSB-EXTRACT03-C0B/bootstrap_contract_completion_addendum/19_validation_results.csv
extract03_artifact_samples,extract03,table_csv,.csv,runs/QSB-EXTRACT03-C0B/bootstrap_contract_completion_addendum/20_consistency_check.csv,domain_guess=extract03; artifact_kind=table_csv; suffix=.csv; relative_path=runs/QSB-EXTRACT03-C0B/bootstrap_contract_completion_addendum/20_consistency_check.csv
extract03_artifact_samples,extract03,markdown_note,.md,runs/QSB-EXTRACT03-C0B/bootstrap_contract_completion_addendum/21_human_readable_contract_completion_de.md,domain_guess=extract03; artifact_kind=markdown_note; suffix=.md; relative_path=runs/QSB-EXTRACT03-C0B/bootstrap_contract_completion_addendum/21_human_readable_contract_completion_de.md
extract03_artifact_samples,extract03,markdown_note,.md,runs/QSB-EXTRACT03-C0B/bootstrap_contract_completion_addendum/22_recommended_next_step.md,domain_guess=extract03; artifact_kind=markdown_note; suffix=.md; relative_path=runs/QSB-EXTRACT03-C0B/bootstrap_contract_completion_addendum/22_recommended_next_step.md
extract03_artifact_samples,extract03,markdown_note,.md,runs/QSB-EXTRACT03-C0B/bootstrap_contract_completion_addendum/FINAL_RESULT_NOTE.md,domain_guess=extract03; artifact_kind=markdown_note; suffix=.md; relative_path=runs/QSB-EXTRACT03-C0B/bootstrap_contract_completion_addendum/FINAL_RESULT_NOTE.md
extract03_artifact_samples,extract03,json_document,.json,runs/QSB-EXTRACT03-C0/bootstrap_freeze_addendum/01_extract03c0_run_manifest.json,domain_guess=extract03; artifact_kind=json_document; suffix=.json; relative_path=runs/QSB-EXTRACT03-C0/bootstrap_freeze_addendum/01_extract03c0_run_manifest.json
extract03_artifact_samples,extract03,table_csv,.csv,runs/QSB-EXTRACT03-C0/bootstrap_freeze_addendum/02_upstream_inventory_and_hashes.csv,domain_guess=extract03; artifact_kind=table_csv; suffix=.csv; relative_path=runs/QSB-EXTRACT03-C0/bootstrap_freeze_addendum/02_upstream_inventory_and_hashes.csv
extract03_artifact_samples,extract03,table_csv,.csv,runs/QSB-EXTRACT03-C0/bootstrap_freeze_addendum/03_extract03b_bootstrap_gap_import.csv,domain_guess=extract03; artifact_kind=table_csv; suffix=.csv; relative_path=runs/QSB-EXTRACT03-C0/bootstrap_freeze_addendum/03_extract03b_bootstrap_gap_import.csv
extract03_artifact_samples,extract03,table_csv,.csv,runs/QSB-EXTRACT03-C0/bootstrap_freeze_addendum/04_s1_seed_import_review.csv,domain_guess=extract03; artifact_kind=table_csv; suffix=.csv; relative_path=runs/QSB-EXTRACT03-C0/bootstrap_freeze_addendum/04_s1_seed_import_review.csv
extract03_artifact_samples,extract03,json_document,.json,runs/QSB-EXTRACT03-C0/bootstrap_freeze_addendum/05_bootstrap_freeze_decision.json,domain_guess=extract03; artifact_kind=json_document; suffix=.json; relative_path=runs/QSB-EXTRACT03-C0/bootstrap_freeze_addendum/05_bootstrap_freeze_decision.json
extract03_artifact_samples,extract03,table_csv,.csv,runs/QSB-EXTRACT03-C0/bootstrap_freeze_addendum/06_bootstrap_protocol_contract.csv,domain_guess=extract03; artifact_kind=table_csv; suffix=.csv; relative_path=runs/QSB-EXTRACT03-C0/bootstrap_freeze_addendum/06_bootstrap_protocol_contract.csv
extract03_artifact_samples,extract03,table_csv,.csv,runs/QSB-EXTRACT03-C0/bootstrap_freeze_addendum/07_resampling_scope_contract.csv,domain_guess=extract03; artifact_kind=table_csv; suffix=.csv; relative_path=runs/QSB-EXTRACT03-C0/bootstrap_freeze_addendum/07_resampling_scope_contract.csv
extract03_artifact_samples,extract03,table_csv,.csv,runs/QSB-EXTRACT03-C0/bootstrap_freeze_addendum/08_stability_metric_contract.csv,domain_guess=extract03; artifact_kind=table_csv; suffix=.csv; relative_path=runs/QSB-EXTRACT03-C0/bootstrap_freeze_addendum/08_stability_metric_contract.csv
extract03_artifact_samples,extract03,table_csv,.csv,runs/QSB-EXTRACT03-C0/bootstrap_freeze_addendum/09_stability_threshold_contract.csv,domain_guess=extract03; artifact_kind=table_csv; suffix=.csv; relative_path=runs/QSB-EXTRACT03-C0/bootstrap_freeze_addendum/09_stability_threshold_contract.csv
extract03_artifact_samples,extract03,table_csv,.csv,runs/QSB-EXTRACT03-C0/bootstrap_freeze_addendum/10_holdout_and_calibration_policy.csv,domain_guess=extract03; artifact_kind=table_csv; suffix=.csv; relative_path=runs/QSB-EXTRACT03-C0/bootstrap_freeze_addendum/10_holdout_and_calibration_policy.csv
extract03_artifact_samples,extract03,table_csv,.csv,runs/QSB-EXTRACT03-C0/bootstrap_freeze_addendum/11_future_c1_execution_plan_no_run.csv,domain_guess=extract03; artifact_kind=table_csv; suffix=.csv; relative_path=runs/QSB-EXTRACT03-C0/bootstrap_freeze_addendum/11_future_c1_execution_plan_no_run.csv
extract03_artifact_samples,extract03,table_csv,.csv,runs/QSB-EXTRACT03-C0/bootstrap_freeze_addendum/12_future_c1_required_outputs.csv,domain_guess=extract03; artifact_kind=table_csv; suffix=.csv; relative_path=runs/QSB-EXTRACT03-C0/bootstrap_freeze_addendum/12_future_c1_required_outputs.csv
extract03_artifact_samples,extract03,table_csv,.csv,runs/QSB-EXTRACT03-C0/bootstrap_freeze_addendum/13_result_mart_readonly_context.csv,domain_guess=extract03; artifact_kind=table_csv; suffix=.csv; relative_path=runs/QSB-EXTRACT03-C0/bootstrap_freeze_addendum/13_result_mart_readonly_context.csv
extract03_artifact_samples,extract03,table_csv,.csv,runs/QSB-EXTRACT03-C0/bootstrap_freeze_addendum/14_no_execution_guard.csv,domain_guess=extract03; artifact_kind=table_csv; suffix=.csv; relative_path=runs/QSB-EXTRACT03-C0/bootstrap_freeze_addendum/14_no_execution_guard.csv
extract03_artifact_samples,extract03,table_csv,.csv,runs/QSB-EXTRACT03-C0/bootstrap_freeze_addendum/15_claim_boundary_matrix.csv,domain_guess=extract03; artifact_kind=table_csv; suffix=.csv; relative_path=runs/QSB-EXTRACT03-C0/bootstrap_freeze_addendum/15_claim_boundary_matrix.csv
extract03_artifact_samples,extract03,table_csv,.csv,runs/QSB-EXTRACT03-C0/bootstrap_freeze_addendum/16_validation_results.csv,domain_guess=extract03; artifact_kind=table_csv; suffix=.csv; relative_path=runs/QSB-EXTRACT03-C0/bootstrap_freeze_addendum/16_validation_results.csv
extract03_artifact_samples,extract03,table_csv,.csv,runs/QSB-EXTRACT03-C0/bootstrap_freeze_addendum/17_consistency_check.csv,domain_guess=extract03; artifact_kind=table_csv; suffix=.csv; relative_path=runs/QSB-EXTRACT03-C0/bootstrap_freeze_addendum/17_consistency_check.csv
extract03_artifact_samples,extract03,markdown_note,.md,runs/QSB-EXTRACT03-C0/bootstrap_freeze_addendum/18_human_readable_bootstrap_contract_de.md,domain_guess=extract03; artifact_kind=markdown_note; suffix=.md; relative_path=runs/QSB-EXTRACT03-C0/bootstrap_freeze_addendum/18_human_readable_bootstrap_contract_de.md
extract03_artifact_samples,extract03,table_csv,.csv,runs/QSB-EXTRACT03-C0/bootstrap_freeze_addendum/19_next_step_options.csv,domain_guess=extract03; artifact_kind=table_csv; suffix=.csv; relative_path=runs/QSB-EXTRACT03-C0/bootstrap_freeze_addendum/19_next_step_options.csv
extract03_artifact_samples,extract03,markdown_note,.md,runs/QSB-EXTRACT03-C0/bootstrap_freeze_addendum/20_recommended_next_step.md,domain_guess=extract03; artifact_kind=markdown_note; suffix=.md; relative_path=runs/QSB-EXTRACT03-C0/bootstrap_freeze_addendum/20_recommended_next_step.md
extract03_artifact_samples,extract03,markdown_note,.md,runs/QSB-EXTRACT03-C0/bootstrap_freeze_addendum/21_short_c0_note_de.md,domain_guess=extract03; artifact_kind=markdown_note; suffix=.md; relative_path=runs/QSB-EXTRACT03-C0/bootstrap_freeze_addendum/21_short_c0_note_de.md
extract03_artifact_samples,extract03,markdown_note,.md,runs/QSB-EXTRACT03-C0/bootstrap_freeze_addendum/FINAL_RESULT_NOTE.md,domain_guess=extract03; artifact_kind=markdown_note; suffix=.md; relative_path=runs/QSB-EXTRACT03-C0/bootstrap_freeze_addendum/FINAL_RESULT_NOTE.md
extract03_artifact_samples,extract03,json_document,.json,runs/QSB-EXTRACT03-C1-R1/bootstrap_stability_run_under_c0_c0b/01_extract03c1r1_run_manifest.json,domain_guess=extract03; artifact_kind=json_document; suffix=.json; relative_path=runs/QSB-EXTRACT03-C1-R1/bootstrap_stability_run_under_c0_c0b/01_extract03c1r1_run_manifest.json
extract03_artifact_samples,extract03,table_csv,.csv,runs/QSB-EXTRACT03-C1-R1/bootstrap_stability_run_under_c0_c0b/02_upstream_inventory_and_hashes.csv,domain_guess=extract03; artifact_kind=table_csv; suffix=.csv; relative_path=runs/QSB-EXTRACT03-C1-R1/bootstrap_stability_run_under_c0_c0b/02_upstream_inventory_and_hashes.csv
extract03_artifact_samples,extract03,table_csv,.csv,runs/QSB-EXTRACT03-C1-R1/bootstrap_stability_run_under_c0_c0b/03_c0_contract_import_review.csv,domain_guess=extract03; artifact_kind=table_csv; suffix=.csv; relative_path=runs/QSB-EXTRACT03-C1-R1/bootstrap_stability_run_under_c0_c0b/03_c0_contract_import_review.csv
extract03_artifact_samples,extract03,table_csv,.csv,runs/QSB-EXTRACT03-C1-R1/bootstrap_stability_run_under_c0_c0b/04_c0b_contract_import_review.csv,domain_guess=extract03; artifact_kind=table_csv; suffix=.csv; relative_path=runs/QSB-EXTRACT03-C1-R1/bootstrap_stability_run_under_c0_c0b/04_c0b_contract_import_review.csv
extract03_artifact_samples,extract03,table_csv,.csv,runs/QSB-EXTRACT03-C1-R1/bootstrap_stability_run_under_c0_c0b/05_extract03a_r1_input_review.csv,domain_guess=extract03; artifact_kind=table_csv; suffix=.csv; relative_path=runs/QSB-EXTRACT03-C1-R1/bootstrap_stability_run_under_c0_c0b/05_extract03a_r1_input_review.csv
extract03_artifact_samples,extract03,table_csv,.csv,runs/QSB-EXTRACT03-C1-R1/bootstrap_stability_run_under_c0_c0b/06_pair_level_input_availability.csv,domain_guess=extract03; artifact_kind=table_csv; suffix=.csv; relative_path=runs/QSB-EXTRACT03-C1-R1/bootstrap_stability_run_under_c0_c0b/06_pair_level_input_availability.csv
extract03_artifact_samples,extract03,table_csv,.csv,runs/QSB-EXTRACT03-C1-R1/bootstrap_stability_run_under_c0_c0b/07_bootstrap_scope_and_seed_plan.csv,domain_guess=extract03; artifact_kind=table_csv; suffix=.csv; relative_path=runs/QSB-EXTRACT03-C1-R1/bootstrap_stability_run_under_c0_c0b/07_bootstrap_scope_and_seed_plan.csv
extract03_artifact_samples,extract03,table_csv,.csv,runs/QSB-EXTRACT03-C1-R1/bootstrap_stability_run_under_c0_c0b/08_eligible_pair_list_and_hash.csv,domain_guess=extract03; artifact_kind=table_csv; suffix=.csv; relative_path=runs/QSB-EXTRACT03-C1-R1/bootstrap_stability_run_under_c0_c0b/08_eligible_pair_list_and_hash.csv
extract03_artifact_samples,extract03,table_csv,.csv,runs/QSB-EXTRACT03-C1-R1/bootstrap_stability_run_under_c0_c0b/09_bootstrap_sample_assignments.csv,domain_guess=extract03; artifact_kind=table_csv; suffix=.csv; relative_path=runs/QSB-EXTRACT03-C1-R1/bootstrap_stability_run_under_c0_c0b/09_bootstrap_sample_assignments.csv
extract03_artifact_samples,extract03,table_csv,.csv,runs/QSB-EXTRACT03-C1-R1/bootstrap_stability_run_under_c0_c0b/10_bootstrap_iteration_summary.csv,domain_guess=extract03; artifact_kind=table_csv; suffix=.csv; relative_path=runs/QSB-EXTRACT03-C1-R1/bootstrap_stability_run_under_c0_c0b/10_bootstrap_iteration_summary.csv
extract03_artifact_samples,extract03,table_csv,.csv,runs/QSB-EXTRACT03-C1-R1/bootstrap_stability_run_under_c0_c0b/11_K_base_and_bootstrap_summary_metrics.csv,domain_guess=extract03; artifact_kind=table_csv; suffix=.csv; relative_path=runs/QSB-EXTRACT03-C1-R1/bootstrap_stability_run_under_c0_c0b/11_K_base_and_bootstrap_summary_metrics.csv
extract03_artifact_samples,extract03,table_csv,.csv,runs/QSB-EXTRACT03-C1-R1/bootstrap_stability_run_under_c0_c0b/12_D_base_and_bootstrap_summary_metrics.csv,domain_guess=extract03; artifact_kind=table_csv; suffix=.csv; relative_path=runs/QSB-EXTRACT03-C1-R1/bootstrap_stability_run_under_c0_c0b/12_D_base_and_bootstrap_summary_metrics.csv
extract03_artifact_samples,extract03,table_csv,.csv,runs/QSB-EXTRACT03-C1-R1/bootstrap_stability_run_under_c0_c0b/13_K_summary_variation.csv,domain_guess=extract03; artifact_kind=table_csv; suffix=.csv; relative_path=runs/QSB-EXTRACT03-C1-R1/bootstrap_stability_run_under_c0_c0b/13_K_summary_variation.csv
extract03_artifact_samples,extract03,table_csv,.csv,runs/QSB-EXTRACT03-C1-R1/bootstrap_stability_run_under_c0_c0b/14_D_summary_variation.csv,domain_guess=extract03; artifact_kind=table_csv; suffix=.csv; relative_path=runs/QSB-EXTRACT03-C1-R1/bootstrap_stability_run_under_c0_c0b/14_D_summary_variation.csv
extract03_artifact_samples,extract03,table_csv,.csv,runs/QSB-EXTRACT03-C1-R1/bootstrap_stability_run_under_c0_c0b/15_edge_stability_summary.csv,domain_guess=extract03; artifact_kind=table_csv; suffix=.csv; relative_path=runs/QSB-EXTRACT03-C1-R1/bootstrap_stability_run_under_c0_c0b/15_edge_stability_summary.csv
extract03_artifact_samples,extract03,table_csv,.csv,runs/QSB-EXTRACT03-C1-R1/bootstrap_stability_run_under_c0_c0b/16_cluster_stability_summary.csv,domain_guess=extract03; artifact_kind=table_csv; suffix=.csv; relative_path=runs/QSB-EXTRACT03-C1-R1/bootstrap_stability_run_under_c0_c0b/16_cluster_stability_summary.csv
extract03_artifact_samples,extract03,table_csv,.csv,runs/QSB-EXTRACT03-C1-R1/bootstrap_stability_run_under_c0_c0b/17_motif_signature_inventory.csv,domain_guess=extract03; artifact_kind=table_csv; suffix=.csv; relative_path=runs/QSB-EXTRACT03-C1-R1/bootstrap_stability_run_under_c0_c0b/17_motif_signature_inventory.csv
extract03_artifact_samples,extract03,table_csv,.csv,runs/QSB-EXTRACT03-C1-R1/bootstrap_stability_run_under_c0_c0b/18_motif_stability_summary.csv,domain_guess=extract03; artifact_kind=table_csv; suffix=.csv; relative_path=runs/QSB-EXTRACT03-C1-R1/bootstrap_stability_run_under_c0_c0b/18_motif_stability_summary.csv
extract03_artifact_samples,extract03,table_csv,.csv,runs/QSB-EXTRACT03-C1-R1/bootstrap_stability_run_under_c0_c0b/19_stability_classification.csv,domain_guess=extract03; artifact_kind=table_csv; suffix=.csv; relative_path=runs/QSB-EXTRACT03-C1-R1/bootstrap_stability_run_under_c0_c0b/19_stability_classification.csv
extract03_artifact_samples,extract03,table_csv,.csv,runs/QSB-EXTRACT03-C1-R1/bootstrap_stability_run_under_c0_c0b/20_holdout_policy_check.csv,domain_guess=extract03; artifact_kind=table_csv; suffix=.csv; relative_path=runs/QSB-EXTRACT03-C1-R1/bootstrap_stability_run_under_c0_c0b/20_holdout_policy_check.csv
extract03_artifact_samples,extract03,table_csv,.csv,runs/QSB-EXTRACT03-C1-R1/bootstrap_stability_run_under_c0_c0b/21_calibration_policy_check.csv,domain_guess=extract03; artifact_kind=table_csv; suffix=.csv; relative_path=runs/QSB-EXTRACT03-C1-R1/bootstrap_stability_run_under_c0_c0b/21_calibration_policy_check.csv
extract03_artifact_samples,extract03,sql_script,.sql,runs/QSB-EXTRACT03-C1-R1/bootstrap_stability_run_under_c0_c0b/22_bootstrap_result_mart_schema.sql,domain_guess=extract03; artifact_kind=sql_script; suffix=.sql; relative_path=runs/QSB-EXTRACT03-C1-R1/bootstrap_stability_run_under_c0_c0b/22_bootstrap_result_mart_schema.sql
extract03_artifact_samples,extract03,sqlite_db,.sqlite,runs/QSB-EXTRACT03-C1-R1/bootstrap_stability_run_under_c0_c0b/23_extract03c1r1_result_mart.sqlite,domain_guess=extract03; artifact_kind=sqlite_db; suffix=.sqlite; relative_path=runs/QSB-EXTRACT03-C1-R1/bootstrap_stability_run_under_c0_c0b/23_extract03c1r1_result_mart.sqlite
extract03_artifact_samples,extract03,table_csv,.csv,runs/QSB-EXTRACT03-C1-R1/bootstrap_stability_run_under_c0_c0b/24_result_mart_table_counts.csv,domain_guess=extract03; artifact_kind=table_csv; suffix=.csv; relative_path=runs/QSB-EXTRACT03-C1-R1/bootstrap_stability_run_under_c0_c0b/24_result_mart_table_counts.csv
extract03_artifact_samples,extract03,table_csv,.csv,runs/QSB-EXTRACT03-C1-R1/bootstrap_stability_run_under_c0_c0b/25_lineage_and_hash_audit.csv,domain_guess=extract03; artifact_kind=table_csv; suffix=.csv; relative_path=runs/QSB-EXTRACT03-C1-R1/bootstrap_stability_run_under_c0_c0b/25_lineage_and_hash_audit.csv
extract03_artifact_samples,extract03,table_csv,.csv,runs/QSB-EXTRACT03-C1-R1/bootstrap_stability_run_under_c0_c0b/26_unit_dimension_audit.csv,domain_guess=extract03; artifact_kind=table_csv; suffix=.csv; relative_path=runs/QSB-EXTRACT03-C1-R1/bootstrap_stability_run_under_c0_c0b/26_unit_dimension_audit.csv
extract03_artifact_samples,extract03,table_csv,.csv,runs/QSB-EXTRACT03-C1-R1/bootstrap_stability_run_under_c0_c0b/27_validation_results.csv,domain_guess=extract03; artifact_kind=table_csv; suffix=.csv; relative_path=runs/QSB-EXTRACT03-C1-R1/bootstrap_stability_run_under_c0_c0b/27_validation_results.csv
extract03_artifact_samples,extract03,table_csv,.csv,runs/QSB-EXTRACT03-C1-R1/bootstrap_stability_run_under_c0_c0b/28_acceptance_gate_results.csv,domain_guess=extract03; artifact_kind=table_csv; suffix=.csv; relative_path=runs/QSB-EXTRACT03-C1-R1/bootstrap_stability_run_under_c0_c0b/28_acceptance_gate_results.csv
extract03_artifact_samples,extract03,table_csv,.csv,runs/QSB-EXTRACT03-C1-R1/bootstrap_stability_run_under_c0_c0b/29_guard_results.csv,domain_guess=extract03; artifact_kind=table_csv; suffix=.csv; relative_path=runs/QSB-EXTRACT03-C1-R1/bootstrap_stability_run_under_c0_c0b/29_guard_results.csv
extract03_artifact_samples,extract03,table_csv,.csv,runs/QSB-EXTRACT03-C1-R1/bootstrap_stability_run_under_c0_c0b/30_review_items.csv,domain_guess=extract03; artifact_kind=table_csv; suffix=.csv; relative_path=runs/QSB-EXTRACT03-C1-R1/bootstrap_stability_run_under_c0_c0b/30_review_items.csv
extract03_artifact_samples,extract03,table_csv,.csv,runs/QSB-EXTRACT03-C1-R1/bootstrap_stability_run_under_c0_c0b/31_claim_boundary_matrix.csv,domain_guess=extract03; artifact_kind=table_csv; suffix=.csv; relative_path=runs/QSB-EXTRACT03-C1-R1/bootstrap_stability_run_under_c0_c0b/31_claim_boundary_matrix.csv
extract03_artifact_samples,extract03,markdown_note,.md,runs/QSB-EXTRACT03-C1-R1/bootstrap_stability_run_under_c0_c0b/32_human_readable_stability_report_de.md,domain_guess=extract03; artifact_kind=markdown_note; suffix=.md; relative_path=runs/QSB-EXTRACT03-C1-R1/bootstrap_stability_run_under_c0_c0b/32_human_readable_stability_report_de.md
extract03_artifact_samples,extract03,markdown_note,.md,runs/QSB-EXTRACT03-C1-R1/bootstrap_stability_run_under_c0_c0b/FINAL_RESULT_NOTE.md,domain_guess=extract03; artifact_kind=markdown_note; suffix=.md; relative_path=runs/QSB-EXTRACT03-C1-R1/bootstrap_stability_run_under_c0_c0b/FINAL_RESULT_NOTE.md
extract03_artifact_samples,extract03,json_document,.json,runs/QSB-EXTRACT03D/block_mechanism_review/01_extract03d_run_manifest.json,domain_guess=extract03; artifact_kind=json_document; suffix=.json; relative_path=runs/QSB-EXTRACT03D/block_mechanism_review/01_extract03d_run_manifest.json
extract03_artifact_samples,extract03,table_csv,.csv,runs/QSB-EXTRACT03D/block_mechanism_review/02_upstream_inventory_and_hashes.csv,domain_guess=extract03; artifact_kind=table_csv; suffix=.csv; relative_path=runs/QSB-EXTRACT03D/block_mechanism_review/02_upstream_inventory_and_hashes.csv
extract03_artifact_samples,extract03,table_csv,.csv,runs/QSB-EXTRACT03D/block_mechanism_review/03_input_availability_review.csv,domain_guess=extract03; artifact_kind=table_csv; suffix=.csv; relative_path=runs/QSB-EXTRACT03D/block_mechanism_review/03_input_availability_review.csv
extract03_artifact_samples,extract03,table_csv,.csv,runs/QSB-EXTRACT03D/block_mechanism_review/04_component_structure_import.csv,domain_guess=extract03; artifact_kind=table_csv; suffix=.csv; relative_path=runs/QSB-EXTRACT03D/block_mechanism_review/04_component_structure_import.csv
extract03_artifact_samples,extract03,table_csv,.csv,runs/QSB-EXTRACT03D/block_mechanism_review/05_block_level_matrix_summary.csv,domain_guess=extract03; artifact_kind=table_csv; suffix=.csv; relative_path=runs/QSB-EXTRACT03D/block_mechanism_review/05_block_level_matrix_summary.csv
extract03_artifact_samples,extract03,table_csv,.csv,runs/QSB-EXTRACT03D/block_mechanism_review/06_within_between_contrast_summary.csv,domain_guess=extract03; artifact_kind=table_csv; suffix=.csv; relative_path=runs/QSB-EXTRACT03D/block_mechanism_review/06_within_between_contrast_summary.csv
extract03_artifact_samples,extract03,table_csv,.csv,runs/QSB-EXTRACT03D/block_mechanism_review/07_K_sign_structure_summary.csv,domain_guess=extract03; artifact_kind=table_csv; suffix=.csv; relative_path=runs/QSB-EXTRACT03D/block_mechanism_review/07_K_sign_structure_summary.csv
extract03_artifact_samples,extract03,table_csv,.csv,runs/QSB-EXTRACT03D/block_mechanism_review/08_strength_block_mechanism_summary.csv,domain_guess=extract03; artifact_kind=table_csv; suffix=.csv; relative_path=runs/QSB-EXTRACT03D/block_mechanism_review/08_strength_block_mechanism_summary.csv
extract03_artifact_samples,extract03,table_csv,.csv,runs/QSB-EXTRACT03D/block_mechanism_review/09_d_D_cost_alignment_summary.csv,domain_guess=extract03; artifact_kind=table_csv; suffix=.csv; relative_path=runs/QSB-EXTRACT03D/block_mechanism_review/09_d_D_cost_alignment_summary.csv
extract03_artifact_samples,extract03,table_csv,.csv,runs/QSB-EXTRACT03D/block_mechanism_review/10_edge_component_explanation_summary.csv,domain_guess=extract03; artifact_kind=table_csv; suffix=.csv; relative_path=runs/QSB-EXTRACT03D/block_mechanism_review/10_edge_component_explanation_summary.csv
extract03_artifact_samples,extract03,table_csv,.csv,runs/QSB-EXTRACT03D/block_mechanism_review/11_cross_component_relation_review.csv,domain_guess=extract03; artifact_kind=table_csv; suffix=.csv; relative_path=runs/QSB-EXTRACT03D/block_mechanism_review/11_cross_component_relation_review.csv
extract03_artifact_samples,extract03,table_csv,.csv,runs/QSB-EXTRACT03D/block_mechanism_review/12_component_profile_summary.csv,domain_guess=extract03; artifact_kind=table_csv; suffix=.csv; relative_path=runs/QSB-EXTRACT03D/block_mechanism_review/12_component_profile_summary.csv
extract03_artifact_samples,extract03,table_csv,.csv,runs/QSB-EXTRACT03D/block_mechanism_review/13_mechanism_chain_evidence_matrix.csv,domain_guess=extract03; artifact_kind=table_csv; suffix=.csv; relative_path=runs/QSB-EXTRACT03D/block_mechanism_review/13_mechanism_chain_evidence_matrix.csv
extract03_artifact_samples,extract03,table_csv,.csv,runs/QSB-EXTRACT03D/block_mechanism_review/14_mechanism_chain_classification.csv,domain_guess=extract03; artifact_kind=table_csv; suffix=.csv; relative_path=runs/QSB-EXTRACT03D/block_mechanism_review/14_mechanism_chain_classification.csv
extract03_artifact_samples,extract03,table_csv,.csv,runs/QSB-EXTRACT03D/block_mechanism_review/15_review_items.csv,domain_guess=extract03; artifact_kind=table_csv; suffix=.csv; relative_path=runs/QSB-EXTRACT03D/block_mechanism_review/15_review_items.csv
extract03_artifact_samples,extract03,table_csv,.csv,runs/QSB-EXTRACT03D/block_mechanism_review/16_visualization_guard_results.csv,domain_guess=extract03; artifact_kind=table_csv; suffix=.csv; relative_path=runs/QSB-EXTRACT03D/block_mechanism_review/16_visualization_guard_results.csv
extract03_artifact_samples,extract03,table_csv,.csv,runs/QSB-EXTRACT03D/block_mechanism_review/17_claim_boundary_matrix.csv,domain_guess=extract03; artifact_kind=table_csv; suffix=.csv; relative_path=runs/QSB-EXTRACT03D/block_mechanism_review/17_claim_boundary_matrix.csv
extract03_artifact_samples,extract03,table_csv,.csv,runs/QSB-EXTRACT03D/block_mechanism_review/18_l2_boundary_check.csv,domain_guess=extract03; artifact_kind=table_csv; suffix=.csv; relative_path=runs/QSB-EXTRACT03D/block_mechanism_review/18_l2_boundary_check.csv
extract03_artifact_samples,extract03,table_csv,.csv,runs/QSB-EXTRACT03D/block_mechanism_review/19_validation_results.csv,domain_guess=extract03; artifact_kind=table_csv; suffix=.csv; relative_path=runs/QSB-EXTRACT03D/block_mechanism_review/19_validation_results.csv
extract03_artifact_samples,extract03,markdown_note,.md,runs/QSB-EXTRACT03D/block_mechanism_review/20_mechanism_review_note_de.md,domain_guess=extract03; artifact_kind=markdown_note; suffix=.md; relative_path=runs/QSB-EXTRACT03D/block_mechanism_review/20_mechanism_review_note_de.md
extract03_artifact_samples,extract03,markdown_note,.md,runs/QSB-EXTRACT03D/block_mechanism_review/21_publication_safe_caption_candidates.md,domain_guess=extract03; artifact_kind=markdown_note; suffix=.md; relative_path=runs/QSB-EXTRACT03D/block_mechanism_review/21_publication_safe_caption_candidates.md
extract03_artifact_samples,extract03,table_csv,.csv,runs/QSB-EXTRACT03D/block_mechanism_review/22_next_step_options.csv,domain_guess=extract03; artifact_kind=table_csv; suffix=.csv; relative_path=runs/QSB-EXTRACT03D/block_mechanism_review/22_next_step_options.csv
extract03_artifact_samples,extract03,markdown_note,.md,runs/QSB-EXTRACT03D/block_mechanism_review/23_recommended_next_step.md,domain_guess=extract03; artifact_kind=markdown_note; suffix=.md; relative_path=runs/QSB-EXTRACT03D/block_mechanism_review/23_recommended_next_step.md
extract03_artifact_samples,extract03,run_audit,.png,runs/QSB-EXTRACT03D/block_mechanism_review/24_block_contrast_overview.png,domain_guess=extract03; artifact_kind=run_audit; suffix=.png; relative_path=runs/QSB-EXTRACT03D/block_mechanism_review/24_block_contrast_overview.png
extract03_artifact_samples,extract03,run_audit,.png,runs/QSB-EXTRACT03D/block_mechanism_review/25_component_mechanism_overview.png,domain_guess=extract03; artifact_kind=run_audit; suffix=.png; relative_path=runs/QSB-EXTRACT03D/block_mechanism_review/25_component_mechanism_overview.png
extract03_artifact_samples,extract03,markdown_note,.md,runs/QSB-EXTRACT03D/block_mechanism_review/26_short_result_note_de.md,domain_guess=extract03; artifact_kind=markdown_note; suffix=.md; relative_path=runs/QSB-EXTRACT03D/block_mechanism_review/26_short_result_note_de.md
extract03_artifact_samples,extract03,markdown_note,.md,runs/QSB-EXTRACT03D/block_mechanism_review/FINAL_RESULT_NOTE.md,domain_guess=extract03; artifact_kind=markdown_note; suffix=.md; relative_path=runs/QSB-EXTRACT03D/block_mechanism_review/FINAL_RESULT_NOTE.md
extract03_artifact_samples,extract03,json_document,.json,runs/QSB-EXTRACT03E/perfection_origin_review/01_extract03e_run_manifest.json,domain_guess=extract03; artifact_kind=json_document; suffix=.json; relative_path=runs/QSB-EXTRACT03E/perfection_origin_review/01_extract03e_run_manifest.json
extract03_artifact_samples,extract03,table_csv,.csv,runs/QSB-EXTRACT03E/perfection_origin_review/02_upstream_inventory_and_hashes.csv,domain_guess=extract03; artifact_kind=table_csv; suffix=.csv; relative_path=runs/QSB-EXTRACT03E/perfection_origin_review/02_upstream_inventory_and_hashes.csv
extract03_artifact_samples,extract03,table_csv,.csv,runs/QSB-EXTRACT03E/perfection_origin_review/03_input_availability_review.csv,domain_guess=extract03; artifact_kind=table_csv; suffix=.csv; relative_path=runs/QSB-EXTRACT03E/perfection_origin_review/03_input_availability_review.csv
extract03_artifact_samples,extract03,table_csv,.csv,runs/QSB-EXTRACT03E/perfection_origin_review/04_component_clique_import.csv,domain_guess=extract03; artifact_kind=table_csv; suffix=.csv; relative_path=runs/QSB-EXTRACT03E/perfection_origin_review/04_component_clique_import.csv
extract03_artifact_samples,extract03,table_csv,.csv,runs/QSB-EXTRACT03E/perfection_origin_review/05_K_exactness_review.csv,domain_guess=extract03; artifact_kind=table_csv; suffix=.csv; relative_path=runs/QSB-EXTRACT03E/perfection_origin_review/05_K_exactness_review.csv
extract03_artifact_samples,extract03,table_csv,.csv,runs/QSB-EXTRACT03E/perfection_origin_review/06_K_signed_within_component_summary.csv,domain_guess=extract03; artifact_kind=table_csv; suffix=.csv; relative_path=runs/QSB-EXTRACT03E/perfection_origin_review/06_K_signed_within_component_summary.csv
extract03_artifact_samples,extract03,table_csv,.csv,runs/QSB-EXTRACT03E/perfection_origin_review/07_K_abs_histogram_summary.csv,domain_guess=extract03; artifact_kind=table_csv; suffix=.csv; relative_path=runs/QSB-EXTRACT03E/perfection_origin_review/07_K_abs_histogram_summary.csv
extract03_artifact_samples,extract03,table_csv,.csv,runs/QSB-EXTRACT03E/perfection_origin_review/08_pair_response_summary_availability.csv,domain_guess=extract03; artifact_kind=table_csv; suffix=.csv; relative_path=runs/QSB-EXTRACT03E/perfection_origin_review/08_pair_response_summary_availability.csv
extract03_artifact_samples,extract03,table_csv,.csv,runs/QSB-EXTRACT03E/perfection_origin_review/09_serialization_rounding_review.csv,domain_guess=extract03; artifact_kind=table_csv; suffix=.csv; relative_path=runs/QSB-EXTRACT03E/perfection_origin_review/09_serialization_rounding_review.csv
extract03_artifact_samples,extract03,table_csv,.csv,runs/QSB-EXTRACT03E/perfection_origin_review/10_static_code_rule_review.csv,domain_guess=extract03; artifact_kind=table_csv; suffix=.csv; relative_path=runs/QSB-EXTRACT03E/perfection_origin_review/10_static_code_rule_review.csv
extract03_artifact_samples,extract03,table_csv,.csv,runs/QSB-EXTRACT03E/perfection_origin_review/11_strength_derivation_review.csv,domain_guess=extract03; artifact_kind=table_csv; suffix=.csv; relative_path=runs/QSB-EXTRACT03E/perfection_origin_review/11_strength_derivation_review.csv
extract03_artifact_samples,extract03,table_csv,.csv,runs/QSB-EXTRACT03E/perfection_origin_review/12_d_derivation_review.csv,domain_guess=extract03; artifact_kind=table_csv; suffix=.csv; relative_path=runs/QSB-EXTRACT03E/perfection_origin_review/12_d_derivation_review.csv
extract03_artifact_samples,extract03,table_csv,.csv,runs/QSB-EXTRACT03E/perfection_origin_review/13_D_path_cost_review.csv,domain_guess=extract03; artifact_kind=table_csv; suffix=.csv; relative_path=runs/QSB-EXTRACT03E/perfection_origin_review/13_D_path_cost_review.csv
extract03_artifact_samples,extract03,table_csv,.csv,runs/QSB-EXTRACT03E/perfection_origin_review/14_edge_rule_review.csv,domain_guess=extract03; artifact_kind=table_csv; suffix=.csv; relative_path=runs/QSB-EXTRACT03E/perfection_origin_review/14_edge_rule_review.csv
extract03_artifact_samples,extract03,table_csv,.csv,runs/QSB-EXTRACT03E/perfection_origin_review/15_first_perfection_layer_assessment.csv,domain_guess=extract03; artifact_kind=table_csv; suffix=.csv; relative_path=runs/QSB-EXTRACT03E/perfection_origin_review/15_first_perfection_layer_assessment.csv
extract03_artifact_samples,extract03,table_csv,.csv,runs/QSB-EXTRACT03E/perfection_origin_review/16_definition_coupling_matrix.csv,domain_guess=extract03; artifact_kind=table_csv; suffix=.csv; relative_path=runs/QSB-EXTRACT03E/perfection_origin_review/16_definition_coupling_matrix.csv
extract03_artifact_samples,extract03,table_csv,.csv,runs/QSB-EXTRACT03E/perfection_origin_review/17_pipeline_causality_chain_review.csv,domain_guess=extract03; artifact_kind=table_csv; suffix=.csv; relative_path=runs/QSB-EXTRACT03E/perfection_origin_review/17_pipeline_causality_chain_review.csv
extract03_artifact_samples,extract03,table_csv,.csv,runs/QSB-EXTRACT03E/perfection_origin_review/18_origin_classification.csv,domain_guess=extract03; artifact_kind=table_csv; suffix=.csv; relative_path=runs/QSB-EXTRACT03E/perfection_origin_review/18_origin_classification.csv
extract03_artifact_samples,extract03,table_csv,.csv,runs/QSB-EXTRACT03E/perfection_origin_review/19_control_test_recommendations.csv,domain_guess=extract03; artifact_kind=table_csv; suffix=.csv; relative_path=runs/QSB-EXTRACT03E/perfection_origin_review/19_control_test_recommendations.csv
extract03_artifact_samples,extract03,table_csv,.csv,runs/QSB-EXTRACT03E/perfection_origin_review/20_review_items.csv,domain_guess=extract03; artifact_kind=table_csv; suffix=.csv; relative_path=runs/QSB-EXTRACT03E/perfection_origin_review/20_review_items.csv
extract03_artifact_samples,extract03,table_csv,.csv,runs/QSB-EXTRACT03E/perfection_origin_review/21_guard_results.csv,domain_guess=extract03; artifact_kind=table_csv; suffix=.csv; relative_path=runs/QSB-EXTRACT03E/perfection_origin_review/21_guard_results.csv
extract03_artifact_samples,extract03,table_csv,.csv,runs/QSB-EXTRACT03E/perfection_origin_review/22_claim_boundary_matrix.csv,domain_guess=extract03; artifact_kind=table_csv; suffix=.csv; relative_path=runs/QSB-EXTRACT03E/perfection_origin_review/22_claim_boundary_matrix.csv
extract03_artifact_samples,extract03,table_csv,.csv,runs/QSB-EXTRACT03E/perfection_origin_review/23_l2_boundary_check.csv,domain_guess=extract03; artifact_kind=table_csv; suffix=.csv; relative_path=runs/QSB-EXTRACT03E/perfection_origin_review/23_l2_boundary_check.csv
extract03_artifact_samples,extract03,table_csv,.csv,runs/QSB-EXTRACT03E/perfection_origin_review/24_validation_results.csv,domain_guess=extract03; artifact_kind=table_csv; suffix=.csv; relative_path=runs/QSB-EXTRACT03E/perfection_origin_review/24_validation_results.csv
extract03_artifact_samples,extract03,markdown_note,.md,runs/QSB-EXTRACT03E/perfection_origin_review/25_human_readable_perfection_origin_review_de.md,domain_guess=extract03; artifact_kind=markdown_note; suffix=.md; relative_path=runs/QSB-EXTRACT03E/perfection_origin_review/25_human_readable_perfection_origin_review_de.md
interface01_artifact_samples,interface01,markdown_note,.md,docs/m33-structure-note.md,domain_guess=interface01; artifact_kind=markdown_note; suffix=.md; relative_path=docs/m33-structure-note.md
interface01_artifact_samples,interface01,markdown_note,.md,docs/QSB_ST_INTERFACE01_CONNECTOR_DIAGNOSTIC_SPEC.md,domain_guess=interface01; artifact_kind=markdown_note; suffix=.md; relative_path=docs/QSB_ST_INTERFACE01_CONNECTOR_DIAGNOSTIC_SPEC.md
interface01_artifact_samples,interface01,other,.sh,numerics/debroglie-phase-bridge/bootstrap_m33_v0.sh,domain_guess=interface01; artifact_kind=other; suffix=.sh; relative_path=numerics/debroglie-phase-bridge/bootstrap_m33_v0.sh
interface01_artifact_samples,interface01,other,.yaml,numerics/debroglie-phase-bridge/m33_v0_scaffold/configs/config_m33_v0.yaml,domain_guess=interface01; artifact_kind=other; suffix=.yaml; relative_path=numerics/debroglie-phase-bridge/m33_v0_scaffold/configs/config_m33_v0.yaml
interface01_artifact_samples,interface01,other,.yaml,numerics/debroglie-phase-bridge/m33_v0_scaffold/configs/config_m39a_family_full_audit.yaml,domain_guess=interface01; artifact_kind=other; suffix=.yaml; relative_path=numerics/debroglie-phase-bridge/m33_v0_scaffold/configs/config_m39a_family_full_audit.yaml
interface01_artifact_samples,interface01,other,.yaml,numerics/debroglie-phase-bridge/m33_v0_scaffold/configs/config_m39a_family_invariance_precheck.yaml,domain_guess=interface01; artifact_kind=other; suffix=.yaml; relative_path=numerics/debroglie-phase-bridge/m33_v0_scaffold/configs/config_m39a_family_invariance_precheck.yaml
interface01_artifact_samples,interface01,other,.yaml,numerics/debroglie-phase-bridge/m33_v0_scaffold/configs/config_m39x1_ring_dispersion_irregularity.yaml,domain_guess=interface01; artifact_kind=other; suffix=.yaml; relative_path=numerics/debroglie-phase-bridge/m33_v0_scaffold/configs/config_m39x1_ring_dispersion_irregularity.yaml
interface01_artifact_samples,interface01,other,.yaml,numerics/debroglie-phase-bridge/m33_v0_scaffold/configs/config_m39x2_prediction_matrix.yaml,domain_guess=interface01; artifact_kind=other; suffix=.yaml; relative_path=numerics/debroglie-phase-bridge/m33_v0_scaffold/configs/config_m39x2_prediction_matrix.yaml
interface01_artifact_samples,interface01,other,.yaml,numerics/debroglie-phase-bridge/m33_v0_scaffold/configs/config_m39x3a_type_b_sharpening.yaml,domain_guess=interface01; artifact_kind=other; suffix=.yaml; relative_path=numerics/debroglie-phase-bridge/m33_v0_scaffold/configs/config_m39x3a_type_b_sharpening.yaml
interface01_artifact_samples,interface01,other,.yaml,numerics/debroglie-phase-bridge/m33_v0_scaffold/configs/config_m39x3b_finite_square_well_sweep.yaml,domain_guess=interface01; artifact_kind=other; suffix=.yaml; relative_path=numerics/debroglie-phase-bridge/m33_v0_scaffold/configs/config_m39x3b_finite_square_well_sweep.yaml
interface01_artifact_samples,interface01,other,.yaml,numerics/debroglie-phase-bridge/m33_v0_scaffold/configs/config_m39x3c_ao_model_transfer.yaml,domain_guess=interface01; artifact_kind=other; suffix=.yaml; relative_path=numerics/debroglie-phase-bridge/m33_v0_scaffold/configs/config_m39x3c_ao_model_transfer.yaml
interface01_artifact_samples,interface01,other,.yaml,numerics/debroglie-phase-bridge/m33_v0_scaffold/configs/config_m39x3d_transition_mapping.yaml,domain_guess=interface01; artifact_kind=other; suffix=.yaml; relative_path=numerics/debroglie-phase-bridge/m33_v0_scaffold/configs/config_m39x3d_transition_mapping.yaml
interface01_artifact_samples,interface01,other,.yaml,numerics/debroglie-phase-bridge/m33_v0_scaffold/configs/config_m39x3ea_feature_distance_diagnosis.yaml,domain_guess=interface01; artifact_kind=other; suffix=.yaml; relative_path=numerics/debroglie-phase-bridge/m33_v0_scaffold/configs/config_m39x3ea_feature_distance_diagnosis.yaml
interface01_artifact_samples,interface01,other,.yaml,numerics/debroglie-phase-bridge/m33_v0_scaffold/configs/config_m39x3e_model_overlap_test.yaml,domain_guess=interface01; artifact_kind=other; suffix=.yaml; relative_path=numerics/debroglie-phase-bridge/m33_v0_scaffold/configs/config_m39x3e_model_overlap_test.yaml
interface01_artifact_samples,interface01,other,.yaml,numerics/debroglie-phase-bridge/m33_v0_scaffold/configs/config_m39x3f_type_b_map.yaml,domain_guess=interface01; artifact_kind=other; suffix=.yaml; relative_path=numerics/debroglie-phase-bridge/m33_v0_scaffold/configs/config_m39x3f_type_b_map.yaml
interface01_artifact_samples,interface01,other,.yaml,numerics/debroglie-phase-bridge/m33_v0_scaffold/configs/config_m39x3_prediction_matrix_hardening.yaml,domain_guess=interface01; artifact_kind=other; suffix=.yaml; relative_path=numerics/debroglie-phase-bridge/m33_v0_scaffold/configs/config_m39x3_prediction_matrix_hardening.yaml
interface01_artifact_samples,interface01,other,.yaml,numerics/debroglie-phase-bridge/m33_v0_scaffold/configs/config_m39x_external_reference_audit.yaml,domain_guess=interface01; artifact_kind=other; suffix=.yaml; relative_path=numerics/debroglie-phase-bridge/m33_v0_scaffold/configs/config_m39x_external_reference_audit.yaml
interface01_artifact_samples,interface01,other,.yaml,numerics/debroglie-phase-bridge/m33_v0_scaffold/configs/m39a_family_definitions.yaml,domain_guess=interface01; artifact_kind=other; suffix=.yaml; relative_path=numerics/debroglie-phase-bridge/m33_v0_scaffold/configs/m39a_family_definitions.yaml
interface01_artifact_samples,interface01,other,.yaml,numerics/debroglie-phase-bridge/m33_v0_scaffold/configs/m39x1_ring_dispersion_irregularity_families.yaml,domain_guess=interface01; artifact_kind=other; suffix=.yaml; relative_path=numerics/debroglie-phase-bridge/m33_v0_scaffold/configs/m39x1_ring_dispersion_irregularity_families.yaml
interface01_artifact_samples,interface01,other,.yaml,numerics/debroglie-phase-bridge/m33_v0_scaffold/configs/m39x2_prediction_matrix_families.yaml,domain_guess=interface01; artifact_kind=other; suffix=.yaml; relative_path=numerics/debroglie-phase-bridge/m33_v0_scaffold/configs/m39x2_prediction_matrix_families.yaml
interface01_artifact_samples,interface01,other,.yaml,numerics/debroglie-phase-bridge/m33_v0_scaffold/configs/m39x3a_type_b_sharpening_families.yaml,domain_guess=interface01; artifact_kind=other; suffix=.yaml; relative_path=numerics/debroglie-phase-bridge/m33_v0_scaffold/configs/m39x3a_type_b_sharpening_families.yaml
interface01_artifact_samples,interface01,other,.yaml,numerics/debroglie-phase-bridge/m33_v0_scaffold/configs/m39x3b_finite_square_well_sweep_families.yaml,domain_guess=interface01; artifact_kind=other; suffix=.yaml; relative_path=numerics/debroglie-phase-bridge/m33_v0_scaffold/configs/m39x3b_finite_square_well_sweep_families.yaml
interface01_artifact_samples,interface01,other,.yaml,numerics/debroglie-phase-bridge/m33_v0_scaffold/configs/m39x3c_ao_model_transfer_families.yaml,domain_guess=interface01; artifact_kind=other; suffix=.yaml; relative_path=numerics/debroglie-phase-bridge/m33_v0_scaffold/configs/m39x3c_ao_model_transfer_families.yaml
interface01_artifact_samples,interface01,other,.yaml,numerics/debroglie-phase-bridge/m33_v0_scaffold/configs/m39x3d_transition_mapping_families.yaml,domain_guess=interface01; artifact_kind=other; suffix=.yaml; relative_path=numerics/debroglie-phase-bridge/m33_v0_scaffold/configs/m39x3d_transition_mapping_families.yaml
interface01_artifact_samples,interface01,other,.yaml,numerics/debroglie-phase-bridge/m33_v0_scaffold/configs/m39x3e_model_overlap_test_families.yaml,domain_guess=interface01; artifact_kind=other; suffix=.yaml; relative_path=numerics/debroglie-phase-bridge/m33_v0_scaffold/configs/m39x3e_model_overlap_test_families.yaml
interface01_artifact_samples,interface01,other,.yaml,numerics/debroglie-phase-bridge/m33_v0_scaffold/configs/m39x3_prediction_matrix_families.yaml,domain_guess=interface01; artifact_kind=other; suffix=.yaml; relative_path=numerics/debroglie-phase-bridge/m33_v0_scaffold/configs/m39x3_prediction_matrix_families.yaml
interface01_artifact_samples,interface01,other,.yaml,numerics/debroglie-phase-bridge/m33_v0_scaffold/configs/m39x_external_reference_families.yaml,domain_guess=interface01; artifact_kind=other; suffix=.yaml; relative_path=numerics/debroglie-phase-bridge/m33_v0_scaffold/configs/m39x_external_reference_families.yaml
interface01_artifact_samples,interface01,other,.sh,numerics/debroglie-phase-bridge/m33_v0_scaffold/dump_projektstruktur.sh,domain_guess=interface01; artifact_kind=other; suffix=.sh; relative_path=numerics/debroglie-phase-bridge/m33_v0_scaffold/dump_projektstruktur.sh
interface01_artifact_samples,interface01,other,.yaml,numerics/debroglie-phase-bridge/m33_v0_scaffold/m33_v0_patch_local_candidates/configs/config_m33_v0.yaml,domain_guess=interface01; artifact_kind=other; suffix=.yaml; relative_path=numerics/debroglie-phase-bridge/m33_v0_scaffold/m33_v0_patch_local_candidates/configs/config_m33_v0.yaml
interface01_artifact_samples,interface01,other,.sh,numerics/debroglie-phase-bridge/m33_v0_scaffold/m33_v0_patch_local_candidates/scripts/bootstrap_m33_v0.sh,domain_guess=interface01; artifact_kind=other; suffix=.sh; relative_path=numerics/debroglie-phase-bridge/m33_v0_scaffold/m33_v0_patch_local_candidates/scripts/bootstrap_m33_v0.sh
interface01_artifact_samples,interface01,python_script,.py,numerics/debroglie-phase-bridge/m33_v0_scaffold/m33_v0_patch_local_candidates/src/columns_m33_v0.py,domain_guess=interface01; artifact_kind=python_script; suffix=.py; relative_path=numerics/debroglie-phase-bridge/m33_v0_scaffold/m33_v0_patch_local_candidates/src/columns_m33_v0.py
interface01_artifact_samples,interface01,python_script,.py,numerics/debroglie-phase-bridge/m33_v0_scaffold/m33_v0_patch_local_candidates/src/config_schema.py,domain_guess=interface01; artifact_kind=python_script; suffix=.py; relative_path=numerics/debroglie-phase-bridge/m33_v0_scaffold/m33_v0_patch_local_candidates/src/config_schema.py
interface01_artifact_samples,interface01,python_script,.py,numerics/debroglie-phase-bridge/m33_v0_scaffold/m33_v0_patch_local_candidates/src/m33_v0_runner.py,domain_guess=interface01; artifact_kind=python_script; suffix=.py; relative_path=numerics/debroglie-phase-bridge/m33_v0_scaffold/m33_v0_patch_local_candidates/src/m33_v0_runner.py
interface01_artifact_samples,interface01,markdown_note,.md,numerics/debroglie-phase-bridge/m33_v0_scaffold/README_M33_V0.md,domain_guess=interface01; artifact_kind=markdown_note; suffix=.md; relative_path=numerics/debroglie-phase-bridge/m33_v0_scaffold/README_M33_V0.md
interface01_artifact_samples,interface01,table_csv,.csv,numerics/debroglie-phase-bridge/m33_v0_scaffold/runs/M33_V0_alpha_peak_robustness/combined/combined_decision_table.csv,domain_guess=interface01; artifact_kind=table_csv; suffix=.csv; relative_path=numerics/debroglie-phase-bridge/m33_v0_scaffold/runs/M33_V0_alpha_peak_robustness/combined/combined_decision_table.csv
interface01_artifact_samples,interface01,markdown_note,.md,numerics/debroglie-phase-bridge/m33_v0_scaffold/runs/M33_V0_alpha_peak_robustness/combined/combined_report.md,domain_guess=interface01; artifact_kind=markdown_note; suffix=.md; relative_path=numerics/debroglie-phase-bridge/m33_v0_scaffold/runs/M33_V0_alpha_peak_robustness/combined/combined_report.md
interface01_artifact_samples,interface01,summary_json,.json,numerics/debroglie-phase-bridge/m33_v0_scaffold/runs/M33_V0_alpha_peak_robustness/combined/combined_summary.json,domain_guess=interface01; artifact_kind=summary_json; suffix=.json; relative_path=numerics/debroglie-phase-bridge/m33_v0_scaffold/runs/M33_V0_alpha_peak_robustness/combined/combined_summary.json
interface01_artifact_samples,interface01,table_csv,.csv,numerics/debroglie-phase-bridge/m33_v0_scaffold/runs/M33_V0_alpha_peak_robustness/combined/source_readout_alignment.csv,domain_guess=interface01; artifact_kind=table_csv; suffix=.csv; relative_path=numerics/debroglie-phase-bridge/m33_v0_scaffold/runs/M33_V0_alpha_peak_robustness/combined/source_readout_alignment.csv
interface01_artifact_samples,interface01,run_audit,.yaml,numerics/debroglie-phase-bridge/m33_v0_scaffold/runs/M33_V0_alpha_peak_robustness/config_snapshot.yaml,domain_guess=interface01; artifact_kind=run_audit; suffix=.yaml; relative_path=numerics/debroglie-phase-bridge/m33_v0_scaffold/runs/M33_V0_alpha_peak_robustness/config_snapshot.yaml
interface01_artifact_samples,interface01,run_audit,.log,numerics/debroglie-phase-bridge/m33_v0_scaffold/runs/M33_V0_alpha_peak_robustness/logs/run.log,domain_guess=interface01; artifact_kind=run_audit; suffix=.log; relative_path=numerics/debroglie-phase-bridge/m33_v0_scaffold/runs/M33_V0_alpha_peak_robustness/logs/run.log
interface01_artifact_samples,interface01,run_audit,.log,numerics/debroglie-phase-bridge/m33_v0_scaffold/runs/M33_V0_alpha_peak_robustness/logs/warnings.log,domain_guess=interface01; artifact_kind=run_audit; suffix=.log; relative_path=numerics/debroglie-phase-bridge/m33_v0_scaffold/runs/M33_V0_alpha_peak_robustness/logs/warnings.log
interface01_artifact_samples,interface01,table_csv,.csv,numerics/debroglie-phase-bridge/m33_v0_scaffold/runs/M33_V0_alpha_peak_robustness/M33_readout_scan/alpha_scan.csv,domain_guess=interface01; artifact_kind=table_csv; suffix=.csv; relative_path=numerics/debroglie-phase-bridge/m33_v0_scaffold/runs/M33_V0_alpha_peak_robustness/M33_readout_scan/alpha_scan.csv
interface01_artifact_samples,interface01,table_csv,.csv,numerics/debroglie-phase-bridge/m33_v0_scaffold/runs/M33_V0_alpha_peak_robustness/M33_readout_scan/alpha_scan_summary.csv,domain_guess=interface01; artifact_kind=table_csv; suffix=.csv; relative_path=numerics/debroglie-phase-bridge/m33_v0_scaffold/runs/M33_V0_alpha_peak_robustness/M33_readout_scan/alpha_scan_summary.csv
interface01_artifact_samples,interface01,table_csv,.csv,numerics/debroglie-phase-bridge/m33_v0_scaffold/runs/M33_V0_alpha_peak_robustness/M33_readout_scan/local_coherence_candidates.csv,domain_guess=interface01; artifact_kind=table_csv; suffix=.csv; relative_path=numerics/debroglie-phase-bridge/m33_v0_scaffold/runs/M33_V0_alpha_peak_robustness/M33_readout_scan/local_coherence_candidates.csv
interface01_artifact_samples,interface01,summary_json,.json,numerics/debroglie-phase-bridge/m33_v0_scaffold/runs/M33_V0_alpha_peak_robustness/M33_readout_scan/readout_summary.json,domain_guess=interface01; artifact_kind=summary_json; suffix=.json; relative_path=numerics/debroglie-phase-bridge/m33_v0_scaffold/runs/M33_V0_alpha_peak_robustness/M33_readout_scan/readout_summary.json
interface01_artifact_samples,interface01,table_csv,.csv,numerics/debroglie-phase-bridge/m33_v0_scaffold/runs/M33_V0_alpha_peak_robustness/M33_readout_scan/robustness_table.csv,domain_guess=interface01; artifact_kind=table_csv; suffix=.csv; relative_path=numerics/debroglie-phase-bridge/m33_v0_scaffold/runs/M33_V0_alpha_peak_robustness/M33_readout_scan/robustness_table.csv
interface01_artifact_samples,interface01,table_csv,.csv,numerics/debroglie-phase-bridge/m33_v0_scaffold/runs/M33_V0_alpha_peak_robustness/M34_branch_scan/branch_assignment.csv,domain_guess=interface01; artifact_kind=table_csv; suffix=.csv; relative_path=numerics/debroglie-phase-bridge/m33_v0_scaffold/runs/M33_V0_alpha_peak_robustness/M34_branch_scan/branch_assignment.csv
interface01_artifact_samples,interface01,table_csv,.csv,numerics/debroglie-phase-bridge/m33_v0_scaffold/runs/M33_V0_alpha_peak_robustness/M34_branch_scan/branch_drift_table.csv,domain_guess=interface01; artifact_kind=table_csv; suffix=.csv; relative_path=numerics/debroglie-phase-bridge/m33_v0_scaffold/runs/M33_V0_alpha_peak_robustness/M34_branch_scan/branch_drift_table.csv
interface01_artifact_samples,interface01,table_csv,.csv,numerics/debroglie-phase-bridge/m33_v0_scaffold/runs/M33_V0_alpha_peak_robustness/M34_branch_scan/branch_frequency_table.csv,domain_guess=interface01; artifact_kind=table_csv; suffix=.csv; relative_path=numerics/debroglie-phase-bridge/m33_v0_scaffold/runs/M33_V0_alpha_peak_robustness/M34_branch_scan/branch_frequency_table.csv
interface01_artifact_samples,interface01,markdown_note,.md,numerics/debroglie-phase-bridge/m33_v0_scaffold/runs/M33_V0_alpha_peak_robustness/M34_branch_scan/branch_report.md,domain_guess=interface01; artifact_kind=markdown_note; suffix=.md; relative_path=numerics/debroglie-phase-bridge/m33_v0_scaffold/runs/M33_V0_alpha_peak_robustness/M34_branch_scan/branch_report.md
interface01_artifact_samples,interface01,table_csv,.csv,numerics/debroglie-phase-bridge/m33_v0_scaffold/runs/M33_V0_alpha_peak_robustness/M34_branch_scan/branch_source_coupling.csv,domain_guess=interface01; artifact_kind=table_csv; suffix=.csv; relative_path=numerics/debroglie-phase-bridge/m33_v0_scaffold/runs/M33_V0_alpha_peak_robustness/M34_branch_scan/branch_source_coupling.csv
interface01_artifact_samples,interface01,table_csv,.csv,numerics/debroglie-phase-bridge/m33_v0_scaffold/runs/M33_V0_alpha_peak_robustness/M34_branch_scan/branch_summary_by_condition.csv,domain_guess=interface01; artifact_kind=table_csv; suffix=.csv; relative_path=numerics/debroglie-phase-bridge/m33_v0_scaffold/runs/M33_V0_alpha_peak_robustness/M34_branch_scan/branch_summary_by_condition.csv
interface01_artifact_samples,interface01,summary_json,.json,numerics/debroglie-phase-bridge/m33_v0_scaffold/runs/M33_V0_alpha_peak_robustness/M34_branch_scan/branch_summary.json,domain_guess=interface01; artifact_kind=summary_json; suffix=.json; relative_path=numerics/debroglie-phase-bridge/m33_v0_scaffold/runs/M33_V0_alpha_peak_robustness/M34_branch_scan/branch_summary.json
interface01_artifact_samples,interface01,table_csv,.csv,numerics/debroglie-phase-bridge/m33_v0_scaffold/runs/M33_V0_alpha_peak_robustness/M34_branch_scan/branch_transition_table.csv,domain_guess=interface01; artifact_kind=table_csv; suffix=.csv; relative_path=numerics/debroglie-phase-bridge/m33_v0_scaffold/runs/M33_V0_alpha_peak_robustness/M34_branch_scan/branch_transition_table.csv
interface01_artifact_samples,interface01,table_csv,.csv,numerics/debroglie-phase-bridge/m33_v0_scaffold/runs/M33_V0_alpha_peak_robustness/M35a_packet_model/packet_branch_alignment.csv,domain_guess=interface01; artifact_kind=table_csv; suffix=.csv; relative_path=numerics/debroglie-phase-bridge/m33_v0_scaffold/runs/M33_V0_alpha_peak_robustness/M35a_packet_model/packet_branch_alignment.csv
interface01_artifact_samples,interface01,table_csv,.csv,numerics/debroglie-phase-bridge/m33_v0_scaffold/runs/M33_V0_alpha_peak_robustness/M35a_packet_model/packet_fit_best.csv,domain_guess=interface01; artifact_kind=table_csv; suffix=.csv; relative_path=numerics/debroglie-phase-bridge/m33_v0_scaffold/runs/M33_V0_alpha_peak_robustness/M35a_packet_model/packet_fit_best.csv
interface01_artifact_samples,interface01,table_csv,.csv,numerics/debroglie-phase-bridge/m33_v0_scaffold/runs/M33_V0_alpha_peak_robustness/M35a_packet_model/packet_fit_grid.csv,domain_guess=interface01; artifact_kind=table_csv; suffix=.csv; relative_path=numerics/debroglie-phase-bridge/m33_v0_scaffold/runs/M33_V0_alpha_peak_robustness/M35a_packet_model/packet_fit_grid.csv
interface01_artifact_samples,interface01,table_csv,.csv,numerics/debroglie-phase-bridge/m33_v0_scaffold/runs/M33_V0_alpha_peak_robustness/M35a_packet_model/packet_frequency_table.csv,domain_guess=interface01; artifact_kind=table_csv; suffix=.csv; relative_path=numerics/debroglie-phase-bridge/m33_v0_scaffold/runs/M33_V0_alpha_peak_robustness/M35a_packet_model/packet_frequency_table.csv
interface01_artifact_samples,interface01,markdown_note,.md,numerics/debroglie-phase-bridge/m33_v0_scaffold/runs/M33_V0_alpha_peak_robustness/M35a_packet_model/packet_report.md,domain_guess=interface01; artifact_kind=markdown_note; suffix=.md; relative_path=numerics/debroglie-phase-bridge/m33_v0_scaffold/runs/M33_V0_alpha_peak_robustness/M35a_packet_model/packet_report.md
interface01_artifact_samples,interface01,summary_json,.json,numerics/debroglie-phase-bridge/m33_v0_scaffold/runs/M33_V0_alpha_peak_robustness/M35a_packet_model/packet_summary.json,domain_guess=interface01; artifact_kind=summary_json; suffix=.json; relative_path=numerics/debroglie-phase-bridge/m33_v0_scaffold/runs/M33_V0_alpha_peak_robustness/M35a_packet_model/packet_summary.json
interface01_artifact_samples,interface01,table_csv,.csv,numerics/debroglie-phase-bridge/m33_v0_scaffold/runs/M33_V0_alpha_peak_robustness/M35b_packet_kernel/_archive_heavy/source_curve_grid.csv,domain_guess=interface01; artifact_kind=table_csv; suffix=.csv; relative_path=numerics/debroglie-phase-bridge/m33_v0_scaffold/runs/M33_V0_alpha_peak_robustness/M35b_packet_kernel/_archive_heavy/source_curve_grid.csv
interface01_artifact_samples,interface01,table_csv,.csv,numerics/debroglie-phase-bridge/m33_v0_scaffold/runs/M33_V0_alpha_peak_robustness/M35b_packet_kernel/packet_fit_best.csv,domain_guess=interface01; artifact_kind=table_csv; suffix=.csv; relative_path=numerics/debroglie-phase-bridge/m33_v0_scaffold/runs/M33_V0_alpha_peak_robustness/M35b_packet_kernel/packet_fit_best.csv
interface01_artifact_samples,interface01,table_csv,.csv,numerics/debroglie-phase-bridge/m33_v0_scaffold/runs/M33_V0_alpha_peak_robustness/M35b_packet_kernel/packet_fit_grid.csv,domain_guess=interface01; artifact_kind=table_csv; suffix=.csv; relative_path=numerics/debroglie-phase-bridge/m33_v0_scaffold/runs/M33_V0_alpha_peak_robustness/M35b_packet_kernel/packet_fit_grid.csv
interface01_artifact_samples,interface01,table_csv,.csv,numerics/debroglie-phase-bridge/m33_v0_scaffold/runs/M33_V0_alpha_peak_robustness/M35b_packet_kernel/packet_frequency_table.csv,domain_guess=interface01; artifact_kind=table_csv; suffix=.csv; relative_path=numerics/debroglie-phase-bridge/m33_v0_scaffold/runs/M33_V0_alpha_peak_robustness/M35b_packet_kernel/packet_frequency_table.csv
interface01_artifact_samples,interface01,markdown_note,.md,numerics/debroglie-phase-bridge/m33_v0_scaffold/runs/M33_V0_alpha_peak_robustness/M35b_packet_kernel/packet_report.md,domain_guess=interface01; artifact_kind=markdown_note; suffix=.md; relative_path=numerics/debroglie-phase-bridge/m33_v0_scaffold/runs/M33_V0_alpha_peak_robustness/M35b_packet_kernel/packet_report.md
interface01_artifact_samples,interface01,summary_json,.json,numerics/debroglie-phase-bridge/m33_v0_scaffold/runs/M33_V0_alpha_peak_robustness/M35b_packet_kernel/packet_summary.json,domain_guess=interface01; artifact_kind=summary_json; suffix=.json; relative_path=numerics/debroglie-phase-bridge/m33_v0_scaffold/runs/M33_V0_alpha_peak_robustness/M35b_packet_kernel/packet_summary.json
interface01_artifact_samples,interface01,table_csv,.csv,numerics/debroglie-phase-bridge/m33_v0_scaffold/runs/M33_V0_alpha_peak_robustness/M35b_packet_kernel/source_candidate_grid.csv,domain_guess=interface01; artifact_kind=table_csv; suffix=.csv; relative_path=numerics/debroglie-phase-bridge/m33_v0_scaffold/runs/M33_V0_alpha_peak_robustness/M35b_packet_kernel/source_candidate_grid.csv
interface01_artifact_samples,interface01,table_csv,.csv,numerics/debroglie-phase-bridge/m33_v0_scaffold/runs/M33_V0_alpha_peak_robustness/M35c_soft_branch/nearest_branch_assignment.csv,domain_guess=interface01; artifact_kind=table_csv; suffix=.csv; relative_path=numerics/debroglie-phase-bridge/m33_v0_scaffold/runs/M33_V0_alpha_peak_robustness/M35c_soft_branch/nearest_branch_assignment.csv
interface01_artifact_samples,interface01,table_csv,.csv,numerics/debroglie-phase-bridge/m33_v0_scaffold/runs/M33_V0_alpha_peak_robustness/M35c_soft_branch/soft_branch_frequency_table.csv,domain_guess=interface01; artifact_kind=table_csv; suffix=.csv; relative_path=numerics/debroglie-phase-bridge/m33_v0_scaffold/runs/M33_V0_alpha_peak_robustness/M35c_soft_branch/soft_branch_frequency_table.csv
interface01_artifact_samples,interface01,markdown_note,.md,numerics/debroglie-phase-bridge/m33_v0_scaffold/runs/M33_V0_alpha_peak_robustness/M35c_soft_branch/soft_branch_report.md,domain_guess=interface01; artifact_kind=markdown_note; suffix=.md; relative_path=numerics/debroglie-phase-bridge/m33_v0_scaffold/runs/M33_V0_alpha_peak_robustness/M35c_soft_branch/soft_branch_report.md
interface01_artifact_samples,interface01,table_csv,.csv,numerics/debroglie-phase-bridge/m33_v0_scaffold/runs/M33_V0_alpha_peak_robustness/M35c_soft_branch/soft_branch_scores.csv,domain_guess=interface01; artifact_kind=table_csv; suffix=.csv; relative_path=numerics/debroglie-phase-bridge/m33_v0_scaffold/runs/M33_V0_alpha_peak_robustness/M35c_soft_branch/soft_branch_scores.csv
interface01_artifact_samples,interface01,table_csv,.csv,numerics/debroglie-phase-bridge/m33_v0_scaffold/runs/M33_V0_alpha_peak_robustness/M35c_soft_branch/soft_branch_summary.csv,domain_guess=interface01; artifact_kind=table_csv; suffix=.csv; relative_path=numerics/debroglie-phase-bridge/m33_v0_scaffold/runs/M33_V0_alpha_peak_robustness/M35c_soft_branch/soft_branch_summary.csv
interface01_artifact_samples,interface01,summary_json,.json,numerics/debroglie-phase-bridge/m33_v0_scaffold/runs/M33_V0_alpha_peak_robustness/M35c_soft_branch/soft_branch_summary.json,domain_guess=interface01; artifact_kind=summary_json; suffix=.json; relative_path=numerics/debroglie-phase-bridge/m33_v0_scaffold/runs/M33_V0_alpha_peak_robustness/M35c_soft_branch/soft_branch_summary.json
interface01_artifact_samples,interface01,markdown_note,.md,numerics/debroglie-phase-bridge/m33_v0_scaffold/runs/M33_V0_alpha_peak_robustness/M36a_pair_audit/pair_audit_report.md,domain_guess=interface01; artifact_kind=markdown_note; suffix=.md; relative_path=numerics/debroglie-phase-bridge/m33_v0_scaffold/runs/M33_V0_alpha_peak_robustness/M36a_pair_audit/pair_audit_report.md
interface01_artifact_samples,interface01,summary_json,.json,numerics/debroglie-phase-bridge/m33_v0_scaffold/runs/M33_V0_alpha_peak_robustness/M36a_pair_audit/pair_audit_summary.json,domain_guess=interface01; artifact_kind=summary_json; suffix=.json; relative_path=numerics/debroglie-phase-bridge/m33_v0_scaffold/runs/M33_V0_alpha_peak_robustness/M36a_pair_audit/pair_audit_summary.json
interface01_artifact_samples,interface01,table_csv,.csv,numerics/debroglie-phase-bridge/m33_v0_scaffold/runs/M33_V0_alpha_peak_robustness/M36a_pair_audit/pair_class_summary.csv,domain_guess=interface01; artifact_kind=table_csv; suffix=.csv; relative_path=numerics/debroglie-phase-bridge/m33_v0_scaffold/runs/M33_V0_alpha_peak_robustness/M36a_pair_audit/pair_class_summary.csv
interface01_artifact_samples,interface01,table_csv,.csv,numerics/debroglie-phase-bridge/m33_v0_scaffold/runs/M33_V0_alpha_peak_robustness/M36a_pair_audit/pair_contributions.csv,domain_guess=interface01; artifact_kind=table_csv; suffix=.csv; relative_path=numerics/debroglie-phase-bridge/m33_v0_scaffold/runs/M33_V0_alpha_peak_robustness/M36a_pair_audit/pair_contributions.csv
interface01_artifact_samples,interface01,table_csv,.csv,numerics/debroglie-phase-bridge/m33_v0_scaffold/runs/M33_V0_alpha_peak_robustness/M36a_pair_audit/pair_top_summary.csv,domain_guess=interface01; artifact_kind=table_csv; suffix=.csv; relative_path=numerics/debroglie-phase-bridge/m33_v0_scaffold/runs/M33_V0_alpha_peak_robustness/M36a_pair_audit/pair_top_summary.csv
interface01_artifact_samples,interface01,table_csv,.csv,numerics/debroglie-phase-bridge/m33_v0_scaffold/runs/M33_V0_alpha_peak_robustness/M36b_pair_identity/branch_identity_signature.csv,domain_guess=interface01; artifact_kind=table_csv; suffix=.csv; relative_path=numerics/debroglie-phase-bridge/m33_v0_scaffold/runs/M33_V0_alpha_peak_robustness/M36b_pair_identity/branch_identity_signature.csv
interface01_artifact_samples,interface01,table_csv,.csv,numerics/debroglie-phase-bridge/m33_v0_scaffold/runs/M33_V0_alpha_peak_robustness/M36b_pair_identity/class_identity_comparison.csv,domain_guess=interface01; artifact_kind=table_csv; suffix=.csv; relative_path=numerics/debroglie-phase-bridge/m33_v0_scaffold/runs/M33_V0_alpha_peak_robustness/M36b_pair_identity/class_identity_comparison.csv
interface01_artifact_samples,interface01,table_csv,.csv,numerics/debroglie-phase-bridge/m33_v0_scaffold/runs/M33_V0_alpha_peak_robustness/M36b_pair_identity/class_overlap_summary.csv,domain_guess=interface01; artifact_kind=table_csv; suffix=.csv; relative_path=numerics/debroglie-phase-bridge/m33_v0_scaffold/runs/M33_V0_alpha_peak_robustness/M36b_pair_identity/class_overlap_summary.csv
interface01_artifact_samples,interface01,table_csv,.csv,numerics/debroglie-phase-bridge/m33_v0_scaffold/runs/M33_V0_alpha_peak_robustness/M36b_pair_identity/pair_identity_comparison.csv,domain_guess=interface01; artifact_kind=table_csv; suffix=.csv; relative_path=numerics/debroglie-phase-bridge/m33_v0_scaffold/runs/M33_V0_alpha_peak_robustness/M36b_pair_identity/pair_identity_comparison.csv
interface01_artifact_samples,interface01,markdown_note,.md,numerics/debroglie-phase-bridge/m33_v0_scaffold/runs/M33_V0_alpha_peak_robustness/M36b_pair_identity/pair_identity_report.md,domain_guess=interface01; artifact_kind=markdown_note; suffix=.md; relative_path=numerics/debroglie-phase-bridge/m33_v0_scaffold/runs/M33_V0_alpha_peak_robustness/M36b_pair_identity/pair_identity_report.md
interface01_artifact_samples,interface01,summary_json,.json,numerics/debroglie-phase-bridge/m33_v0_scaffold/runs/M33_V0_alpha_peak_robustness/M36b_pair_identity/pair_identity_summary.json,domain_guess=interface01; artifact_kind=summary_json; suffix=.json; relative_path=numerics/debroglie-phase-bridge/m33_v0_scaffold/runs/M33_V0_alpha_peak_robustness/M36b_pair_identity/pair_identity_summary.json
interface01_artifact_samples,interface01,table_csv,.csv,numerics/debroglie-phase-bridge/m33_v0_scaffold/runs/M33_V0_alpha_peak_robustness/M36b_pair_identity/pair_overlap_summary.csv,domain_guess=interface01; artifact_kind=table_csv; suffix=.csv; relative_path=numerics/debroglie-phase-bridge/m33_v0_scaffold/runs/M33_V0_alpha_peak_robustness/M36b_pair_identity/pair_overlap_summary.csv
interface01_artifact_samples,interface01,table_csv,.csv,numerics/debroglie-phase-bridge/m33_v0_scaffold/runs/M33_V0_alpha_peak_robustness/M36c_branch_expanded/branch_class_identity.csv,domain_guess=interface01; artifact_kind=table_csv; suffix=.csv; relative_path=numerics/debroglie-phase-bridge/m33_v0_scaffold/runs/M33_V0_alpha_peak_robustness/M36c_branch_expanded/branch_class_identity.csv
interface01_artifact_samples,interface01,table_csv,.csv,numerics/debroglie-phase-bridge/m33_v0_scaffold/runs/M33_V0_alpha_peak_robustness/M36c_branch_expanded/branch_class_overlap.csv,domain_guess=interface01; artifact_kind=table_csv; suffix=.csv; relative_path=numerics/debroglie-phase-bridge/m33_v0_scaffold/runs/M33_V0_alpha_peak_robustness/M36c_branch_expanded/branch_class_overlap.csv
interface01_artifact_samples,interface01,table_csv,.csv,numerics/debroglie-phase-bridge/m33_v0_scaffold/runs/M33_V0_alpha_peak_robustness/M36c_branch_expanded/branch_identity_summary.csv,domain_guess=interface01; artifact_kind=table_csv; suffix=.csv; relative_path=numerics/debroglie-phase-bridge/m33_v0_scaffold/runs/M33_V0_alpha_peak_robustness/M36c_branch_expanded/branch_identity_summary.csv
interface01_artifact_samples,interface01,table_csv,.csv,numerics/debroglie-phase-bridge/m33_v0_scaffold/runs/M33_V0_alpha_peak_robustness/M36c_branch_expanded/branch_pair_identity.csv,domain_guess=interface01; artifact_kind=table_csv; suffix=.csv; relative_path=numerics/debroglie-phase-bridge/m33_v0_scaffold/runs/M33_V0_alpha_peak_robustness/M36c_branch_expanded/branch_pair_identity.csv
interface01_artifact_samples,interface01,table_csv,.csv,numerics/debroglie-phase-bridge/m33_v0_scaffold/runs/M33_V0_alpha_peak_robustness/M36c_branch_expanded/branch_pair_overlap.csv,domain_guess=interface01; artifact_kind=table_csv; suffix=.csv; relative_path=numerics/debroglie-phase-bridge/m33_v0_scaffold/runs/M33_V0_alpha_peak_robustness/M36c_branch_expanded/branch_pair_overlap.csv
interface01_artifact_samples,interface01,markdown_note,.md,numerics/debroglie-phase-bridge/m33_v0_scaffold/runs/M33_V0_alpha_peak_robustness/M36c_branch_expanded/global_identity_report.md,domain_guess=interface01; artifact_kind=markdown_note; suffix=.md; relative_path=numerics/debroglie-phase-bridge/m33_v0_scaffold/runs/M33_V0_alpha_peak_robustness/M36c_branch_expanded/global_identity_report.md
interface01_artifact_samples,interface01,summary_json,.json,numerics/debroglie-phase-bridge/m33_v0_scaffold/runs/M33_V0_alpha_peak_robustness/M36c_branch_expanded/global_identity_summary.json,domain_guess=interface01; artifact_kind=summary_json; suffix=.json; relative_path=numerics/debroglie-phase-bridge/m33_v0_scaffold/runs/M33_V0_alpha_peak_robustness/M36c_branch_expanded/global_identity_summary.json
interface01_artifact_samples,interface01,table_csv,.csv,numerics/debroglie-phase-bridge/m33_v0_scaffold/runs/M33_V0_alpha_peak_robustness/M36c_branch_expanded/selected_branch_cases.csv,domain_guess=interface01; artifact_kind=table_csv; suffix=.csv; relative_path=numerics/debroglie-phase-bridge/m33_v0_scaffold/runs/M33_V0_alpha_peak_robustness/M36c_branch_expanded/selected_branch_cases.csv
interface01_artifact_samples,interface01,markdown_note,.md,numerics/debroglie-phase-bridge/m33_v0_scaffold/runs/M33_V0_alpha_peak_robustness/M36d_auto_extend/auto_extend_report.md,domain_guess=interface01; artifact_kind=markdown_note; suffix=.md; relative_path=numerics/debroglie-phase-bridge/m33_v0_scaffold/runs/M33_V0_alpha_peak_robustness/M36d_auto_extend/auto_extend_report.md
interface01_artifact_samples,interface01,summary_json,.json,numerics/debroglie-phase-bridge/m33_v0_scaffold/runs/M33_V0_alpha_peak_robustness/M36d_auto_extend/auto_extend_summary.json,domain_guess=interface01; artifact_kind=summary_json; suffix=.json; relative_path=numerics/debroglie-phase-bridge/m33_v0_scaffold/runs/M33_V0_alpha_peak_robustness/M36d_auto_extend/auto_extend_summary.json
interface01_artifact_samples,interface01,table_csv,.csv,numerics/debroglie-phase-bridge/m33_v0_scaffold/runs/M33_V0_alpha_peak_robustness/M36d_auto_extend/combined_pair_class_summary.csv,domain_guess=interface01; artifact_kind=table_csv; suffix=.csv; relative_path=numerics/debroglie-phase-bridge/m33_v0_scaffold/runs/M33_V0_alpha_peak_robustness/M36d_auto_extend/combined_pair_class_summary.csv
interface01_artifact_samples,interface01,table_csv,.csv,numerics/debroglie-phase-bridge/m33_v0_scaffold/runs/M33_V0_alpha_peak_robustness/M36d_auto_extend/combined_pair_contributions.csv,domain_guess=interface01; artifact_kind=table_csv; suffix=.csv; relative_path=numerics/debroglie-phase-bridge/m33_v0_scaffold/runs/M33_V0_alpha_peak_robustness/M36d_auto_extend/combined_pair_contributions.csv
interface01_artifact_samples,interface01,table_csv,.csv,numerics/debroglie-phase-bridge/m33_v0_scaffold/runs/M33_V0_alpha_peak_robustness/M36d_auto_extend/combined_pair_top_summary.csv,domain_guess=interface01; artifact_kind=table_csv; suffix=.csv; relative_path=numerics/debroglie-phase-bridge/m33_v0_scaffold/runs/M33_V0_alpha_peak_robustness/M36d_auto_extend/combined_pair_top_summary.csv
interface01_artifact_samples,interface01,table_csv,.csv,numerics/debroglie-phase-bridge/m33_v0_scaffold/runs/M33_V0_alpha_peak_robustness/M36d_auto_extend/extended_pair_class_summary.csv,domain_guess=interface01; artifact_kind=table_csv; suffix=.csv; relative_path=numerics/debroglie-phase-bridge/m33_v0_scaffold/runs/M33_V0_alpha_peak_robustness/M36d_auto_extend/extended_pair_class_summary.csv
interface01_artifact_samples,interface01,table_csv,.csv,numerics/debroglie-phase-bridge/m33_v0_scaffold/runs/M33_V0_alpha_peak_robustness/M36d_auto_extend/extended_pair_contributions.csv,domain_guess=interface01; artifact_kind=table_csv; suffix=.csv; relative_path=numerics/debroglie-phase-bridge/m33_v0_scaffold/runs/M33_V0_alpha_peak_robustness/M36d_auto_extend/extended_pair_contributions.csv
interface01_artifact_samples,interface01,table_csv,.csv,numerics/debroglie-phase-bridge/m33_v0_scaffold/runs/M33_V0_alpha_peak_robustness/M36d_auto_extend/extended_pair_top_summary.csv,domain_guess=interface01; artifact_kind=table_csv; suffix=.csv; relative_path=numerics/debroglie-phase-bridge/m33_v0_scaffold/runs/M33_V0_alpha_peak_robustness/M36d_auto_extend/extended_pair_top_summary.csv
interface01_artifact_samples,interface01,table_csv,.csv,numerics/debroglie-phase-bridge/m33_v0_scaffold/runs/M33_V0_alpha_peak_robustness/M36d_auto_extend/selected_extension_cases.csv,domain_guess=interface01; artifact_kind=table_csv; suffix=.csv; relative_path=numerics/debroglie-phase-bridge/m33_v0_scaffold/runs/M33_V0_alpha_peak_robustness/M36d_auto_extend/selected_extension_cases.csv
interface01_artifact_samples,interface01,table_csv,.csv,numerics/debroglie-phase-bridge/m33_v0_scaffold/runs/M33_V0_alpha_peak_robustness/M36d_auto_extend/skipped_missing_fit_cases.csv,domain_guess=interface01; artifact_kind=table_csv; suffix=.csv; relative_path=numerics/debroglie-phase-bridge/m33_v0_scaffold/runs/M33_V0_alpha_peak_robustness/M36d_auto_extend/skipped_missing_fit_cases.csv
interface01_artifact_samples,interface01,table_csv,.csv,numerics/debroglie-phase-bridge/m33_v0_scaffold/runs/M33_V0_alpha_peak_robustness/M36e_combined_identity/branch_identity_summary.csv,domain_guess=interface01; artifact_kind=table_csv; suffix=.csv; relative_path=numerics/debroglie-phase-bridge/m33_v0_scaffold/runs/M33_V0_alpha_peak_robustness/M36e_combined_identity/branch_identity_summary.csv
interface01_artifact_samples,interface01,table_csv,.csv,numerics/debroglie-phase-bridge/m33_v0_scaffold/runs/M33_V0_alpha_peak_robustness/M36e_combined_identity/combined_class_overlap.csv,domain_guess=interface01; artifact_kind=table_csv; suffix=.csv; relative_path=numerics/debroglie-phase-bridge/m33_v0_scaffold/runs/M33_V0_alpha_peak_robustness/M36e_combined_identity/combined_class_overlap.csv
interface01_artifact_samples,interface01,table_csv,.csv,numerics/debroglie-phase-bridge/m33_v0_scaffold/runs/M33_V0_alpha_peak_robustness/M36e_combined_identity/combined_pair_overlap.csv,domain_guess=interface01; artifact_kind=table_csv; suffix=.csv; relative_path=numerics/debroglie-phase-bridge/m33_v0_scaffold/runs/M33_V0_alpha_peak_robustness/M36e_combined_identity/combined_pair_overlap.csv
interface01_artifact_samples,interface01,markdown_note,.md,numerics/debroglie-phase-bridge/m33_v0_scaffold/runs/M33_V0_alpha_peak_robustness/M36e_combined_identity/global_identity_report.md,domain_guess=interface01; artifact_kind=markdown_note; suffix=.md; relative_path=numerics/debroglie-phase-bridge/m33_v0_scaffold/runs/M33_V0_alpha_peak_robustness/M36e_combined_identity/global_identity_report.md
interface01_artifact_samples,interface01,summary_json,.json,numerics/debroglie-phase-bridge/m33_v0_scaffold/runs/M33_V0_alpha_peak_robustness/M36e_combined_identity/global_identity_summary.json,domain_guess=interface01; artifact_kind=summary_json; suffix=.json; relative_path=numerics/debroglie-phase-bridge/m33_v0_scaffold/runs/M33_V0_alpha_peak_robustness/M36e_combined_identity/global_identity_summary.json
interface01_artifact_samples,interface01,table_csv,.csv,numerics/debroglie-phase-bridge/m33_v0_scaffold/runs/M33_V0_alpha_peak_robustness/M36f_diversity_identity/diversity_branch_summary.csv,domain_guess=interface01; artifact_kind=table_csv; suffix=.csv; relative_path=numerics/debroglie-phase-bridge/m33_v0_scaffold/runs/M33_V0_alpha_peak_robustness/M36f_diversity_identity/diversity_branch_summary.csv
interface01_artifact_samples,interface01,table_csv,.csv,numerics/debroglie-phase-bridge/m33_v0_scaffold/runs/M33_V0_alpha_peak_robustness/M36f_diversity_identity/diversity_case_table.csv,domain_guess=interface01; artifact_kind=table_csv; suffix=.csv; relative_path=numerics/debroglie-phase-bridge/m33_v0_scaffold/runs/M33_V0_alpha_peak_robustness/M36f_diversity_identity/diversity_case_table.csv
interface01_artifact_samples,interface01,markdown_note,.md,numerics/debroglie-phase-bridge/m33_v0_scaffold/runs/M33_V0_alpha_peak_robustness/M36f_diversity_identity/diversity_global_report.md,domain_guess=interface01; artifact_kind=markdown_note; suffix=.md; relative_path=numerics/debroglie-phase-bridge/m33_v0_scaffold/runs/M33_V0_alpha_peak_robustness/M36f_diversity_identity/diversity_global_report.md
interface01_artifact_samples,interface01,summary_json,.json,numerics/debroglie-phase-bridge/m33_v0_scaffold/runs/M33_V0_alpha_peak_robustness/M36f_diversity_identity/diversity_global_summary.json,domain_guess=interface01; artifact_kind=summary_json; suffix=.json; relative_path=numerics/debroglie-phase-bridge/m33_v0_scaffold/runs/M33_V0_alpha_peak_robustness/M36f_diversity_identity/diversity_global_summary.json
interface01_artifact_samples,interface01,table_csv,.csv,numerics/debroglie-phase-bridge/m33_v0_scaffold/runs/M33_V0_alpha_peak_robustness/M36f_diversity_identity/pruned_class_overlap.csv,domain_guess=interface01; artifact_kind=table_csv; suffix=.csv; relative_path=numerics/debroglie-phase-bridge/m33_v0_scaffold/runs/M33_V0_alpha_peak_robustness/M36f_diversity_identity/pruned_class_overlap.csv
interface01_artifact_samples,interface01,table_csv,.csv,numerics/debroglie-phase-bridge/m33_v0_scaffold/runs/M33_V0_alpha_peak_robustness/M36f_diversity_identity/pruned_pair_overlap.csv,domain_guess=interface01; artifact_kind=table_csv; suffix=.csv; relative_path=numerics/debroglie-phase-bridge/m33_v0_scaffold/runs/M33_V0_alpha_peak_robustness/M36f_diversity_identity/pruned_pair_overlap.csv
interface01_artifact_samples,interface01,table_csv,.csv,numerics/debroglie-phase-bridge/m33_v0_scaffold/runs/M33_V0_alpha_peak_robustness/M36f_diversity_identity/weighted_class_overlap.csv,domain_guess=interface01; artifact_kind=table_csv; suffix=.csv; relative_path=numerics/debroglie-phase-bridge/m33_v0_scaffold/runs/M33_V0_alpha_peak_robustness/M36f_diversity_identity/weighted_class_overlap.csv
interface01_artifact_samples,interface01,table_csv,.csv,numerics/debroglie-phase-bridge/m33_v0_scaffold/runs/M33_V0_alpha_peak_robustness/M36f_diversity_identity/weighted_pair_overlap.csv,domain_guess=interface01; artifact_kind=table_csv; suffix=.csv; relative_path=numerics/debroglie-phase-bridge/m33_v0_scaffold/runs/M33_V0_alpha_peak_robustness/M36f_diversity_identity/weighted_pair_overlap.csv
interface01_artifact_samples,interface01,table_csv,.csv,numerics/debroglie-phase-bridge/m33_v0_scaffold/runs/M33_V0_alpha_peak_robustness/M37_sigma_robustness/sigma_branch_scores.csv,domain_guess=interface01; artifact_kind=table_csv; suffix=.csv; relative_path=numerics/debroglie-phase-bridge/m33_v0_scaffold/runs/M33_V0_alpha_peak_robustness/M37_sigma_robustness/sigma_branch_scores.csv
interface01_artifact_samples,interface01,table_csv,.csv,numerics/debroglie-phase-bridge/m33_v0_scaffold/runs/M33_V0_alpha_peak_robustness/M37_sigma_robustness/sigma_case_grid.csv,domain_guess=interface01; artifact_kind=table_csv; suffix=.csv; relative_path=numerics/debroglie-phase-bridge/m33_v0_scaffold/runs/M33_V0_alpha_peak_robustness/M37_sigma_robustness/sigma_case_grid.csv
interface01_artifact_samples,interface01,table_csv,.csv,numerics/debroglie-phase-bridge/m33_v0_scaffold/runs/M33_V0_alpha_peak_robustness/M37_sigma_robustness/sigma_class_overlap.csv,domain_guess=interface01; artifact_kind=table_csv; suffix=.csv; relative_path=numerics/debroglie-phase-bridge/m33_v0_scaffold/runs/M33_V0_alpha_peak_robustness/M37_sigma_robustness/sigma_class_overlap.csv
interface01_artifact_samples,interface01,table_csv,.csv,numerics/debroglie-phase-bridge/m33_v0_scaffold/runs/M33_V0_alpha_peak_robustness/M37_sigma_robustness/sigma_class_summary.csv,domain_guess=interface01; artifact_kind=table_csv; suffix=.csv; relative_path=numerics/debroglie-phase-bridge/m33_v0_scaffold/runs/M33_V0_alpha_peak_robustness/M37_sigma_robustness/sigma_class_summary.csv
interface01_artifact_samples,interface01,table_csv,.csv,numerics/debroglie-phase-bridge/m33_v0_scaffold/runs/M33_V0_alpha_peak_robustness/M37_sigma_robustness/sigma_global_scores.csv,domain_guess=interface01; artifact_kind=table_csv; suffix=.csv; relative_path=numerics/debroglie-phase-bridge/m33_v0_scaffold/runs/M33_V0_alpha_peak_robustness/M37_sigma_robustness/sigma_global_scores.csv
interface01_artifact_samples,interface01,table_csv,.csv,numerics/debroglie-phase-bridge/m33_v0_scaffold/runs/M33_V0_alpha_peak_robustness/M37_sigma_robustness/sigma_pair_overlap.csv,domain_guess=interface01; artifact_kind=table_csv; suffix=.csv; relative_path=numerics/debroglie-phase-bridge/m33_v0_scaffold/runs/M33_V0_alpha_peak_robustness/M37_sigma_robustness/sigma_pair_overlap.csv
interface01_artifact_samples,interface01,table_csv,.csv,numerics/debroglie-phase-bridge/m33_v0_scaffold/runs/M33_V0_alpha_peak_robustness/M37_sigma_robustness/sigma_pair_top_summary.csv,domain_guess=interface01; artifact_kind=table_csv; suffix=.csv; relative_path=numerics/debroglie-phase-bridge/m33_v0_scaffold/runs/M33_V0_alpha_peak_robustness/M37_sigma_robustness/sigma_pair_top_summary.csv
interface01_artifact_samples,interface01,markdown_note,.md,numerics/debroglie-phase-bridge/m33_v0_scaffold/runs/M33_V0_alpha_peak_robustness/M37_sigma_robustness/sigma_robustness_report.md,domain_guess=interface01; artifact_kind=markdown_note; suffix=.md; relative_path=numerics/debroglie-phase-bridge/m33_v0_scaffold/runs/M33_V0_alpha_peak_robustness/M37_sigma_robustness/sigma_robustness_report.md
interface01_artifact_samples,interface01,summary_json,.json,numerics/debroglie-phase-bridge/m33_v0_scaffold/runs/M33_V0_alpha_peak_robustness/M37_sigma_robustness/sigma_robustness_summary.json,domain_guess=interface01; artifact_kind=summary_json; suffix=.json; relative_path=numerics/debroglie-phase-bridge/m33_v0_scaffold/runs/M33_V0_alpha_peak_robustness/M37_sigma_robustness/sigma_robustness_summary.json
interface01_artifact_samples,interface01,table_csv,.csv,numerics/debroglie-phase-bridge/m33_v0_scaffold/runs/M33_V0_alpha_peak_robustness/M38a_dispersion_test/dispersion_class_summary.csv,domain_guess=interface01; artifact_kind=table_csv; suffix=.csv; relative_path=numerics/debroglie-phase-bridge/m33_v0_scaffold/runs/M33_V0_alpha_peak_robustness/M38a_dispersion_test/dispersion_class_summary.csv
interface01_artifact_samples,interface01,table_csv,.csv,numerics/debroglie-phase-bridge/m33_v0_scaffold/runs/M33_V0_alpha_peak_robustness/M38a_dispersion_test/dispersion_identity_comparison.csv,domain_guess=interface01; artifact_kind=table_csv; suffix=.csv; relative_path=numerics/debroglie-phase-bridge/m33_v0_scaffold/runs/M33_V0_alpha_peak_robustness/M38a_dispersion_test/dispersion_identity_comparison.csv
interface01_artifact_samples,interface01,table_csv,.csv,numerics/debroglie-phase-bridge/m33_v0_scaffold/runs/M33_V0_alpha_peak_robustness/M38a_dispersion_test/dispersion_pair_top_summary.csv,domain_guess=interface01; artifact_kind=table_csv; suffix=.csv; relative_path=numerics/debroglie-phase-bridge/m33_v0_scaffold/runs/M33_V0_alpha_peak_robustness/M38a_dispersion_test/dispersion_pair_top_summary.csv
interface01_artifact_samples,interface01,markdown_note,.md,numerics/debroglie-phase-bridge/m33_v0_scaffold/runs/M33_V0_alpha_peak_robustness/M38a_dispersion_test/dispersion_report.md,domain_guess=interface01; artifact_kind=markdown_note; suffix=.md; relative_path=numerics/debroglie-phase-bridge/m33_v0_scaffold/runs/M33_V0_alpha_peak_robustness/M38a_dispersion_test/dispersion_report.md
interface01_artifact_samples,interface01,summary_json,.json,numerics/debroglie-phase-bridge/m33_v0_scaffold/runs/M33_V0_alpha_peak_robustness/M38a_dispersion_test/dispersion_summary.json,domain_guess=interface01; artifact_kind=summary_json; suffix=.json; relative_path=numerics/debroglie-phase-bridge/m33_v0_scaffold/runs/M33_V0_alpha_peak_robustness/M38a_dispersion_test/dispersion_summary.json
interface01_artifact_samples,interface01,table_csv,.csv,numerics/debroglie-phase-bridge/m33_v0_scaffold/runs/M33_V0_alpha_peak_robustness/M38a_dispersion_test_v2/dispersion_class_summary.csv,domain_guess=interface01; artifact_kind=table_csv; suffix=.csv; relative_path=numerics/debroglie-phase-bridge/m33_v0_scaffold/runs/M33_V0_alpha_peak_robustness/M38a_dispersion_test_v2/dispersion_class_summary.csv
interface01_artifact_samples,interface01,table_csv,.csv,numerics/debroglie-phase-bridge/m33_v0_scaffold/runs/M33_V0_alpha_peak_robustness/M38a_dispersion_test_v2/dispersion_identity_comparison.csv,domain_guess=interface01; artifact_kind=table_csv; suffix=.csv; relative_path=numerics/debroglie-phase-bridge/m33_v0_scaffold/runs/M33_V0_alpha_peak_robustness/M38a_dispersion_test_v2/dispersion_identity_comparison.csv
interface01_artifact_samples,interface01,table_csv,.csv,numerics/debroglie-phase-bridge/m33_v0_scaffold/runs/M33_V0_alpha_peak_robustness/M38a_dispersion_test_v2/dispersion_pair_full.csv,domain_guess=interface01; artifact_kind=table_csv; suffix=.csv; relative_path=numerics/debroglie-phase-bridge/m33_v0_scaffold/runs/M33_V0_alpha_peak_robustness/M38a_dispersion_test_v2/dispersion_pair_full.csv
interface01_artifact_samples,interface01,table_csv,.csv,numerics/debroglie-phase-bridge/m33_v0_scaffold/runs/M33_V0_alpha_peak_robustness/M38a_dispersion_test_v2/dispersion_pair_topk.csv,domain_guess=interface01; artifact_kind=table_csv; suffix=.csv; relative_path=numerics/debroglie-phase-bridge/m33_v0_scaffold/runs/M33_V0_alpha_peak_robustness/M38a_dispersion_test_v2/dispersion_pair_topk.csv
interface01_artifact_samples,interface01,table_csv,.csv,numerics/debroglie-phase-bridge/m33_v0_scaffold/runs/M33_V0_alpha_peak_robustness/M38a_dispersion_test_v2/dispersion_pair_top_summary.csv,domain_guess=interface01; artifact_kind=table_csv; suffix=.csv; relative_path=numerics/debroglie-phase-bridge/m33_v0_scaffold/runs/M33_V0_alpha_peak_robustness/M38a_dispersion_test_v2/dispersion_pair_top_summary.csv
interface01_artifact_samples,interface01,markdown_note,.md,numerics/debroglie-phase-bridge/m33_v0_scaffold/runs/M33_V0_alpha_peak_robustness/M38a_dispersion_test_v2/dispersion_report.md,domain_guess=interface01; artifact_kind=markdown_note; suffix=.md; relative_path=numerics/debroglie-phase-bridge/m33_v0_scaffold/runs/M33_V0_alpha_peak_robustness/M38a_dispersion_test_v2/dispersion_report.md
interface01_artifact_samples,interface01,summary_json,.json,numerics/debroglie-phase-bridge/m33_v0_scaffold/runs/M33_V0_alpha_peak_robustness/M38a_dispersion_test_v2/dispersion_summary.json,domain_guess=interface01; artifact_kind=summary_json; suffix=.json; relative_path=numerics/debroglie-phase-bridge/m33_v0_scaffold/runs/M33_V0_alpha_peak_robustness/M38a_dispersion_test_v2/dispersion_summary.json
interface01_artifact_samples,interface01,table_csv,.csv,numerics/debroglie-phase-bridge/m33_v0_scaffold/runs/M33_V0_alpha_peak_robustness/M38a_dispersion_test_v2/wavepacket_case_grid.csv,domain_guess=interface01; artifact_kind=table_csv; suffix=.csv; relative_path=numerics/debroglie-phase-bridge/m33_v0_scaffold/runs/M33_V0_alpha_peak_robustness/M38a_dispersion_test_v2/wavepacket_case_grid.csv
interface01_artifact_samples,interface01,table_csv,.csv,numerics/debroglie-phase-bridge/m33_v0_scaffold/runs/M33_V0_alpha_peak_robustness/M38a_dispersion_test_v2/wavepacket_metrics.csv,domain_guess=interface01; artifact_kind=table_csv; suffix=.csv; relative_path=numerics/debroglie-phase-bridge/m33_v0_scaffold/runs/M33_V0_alpha_peak_robustness/M38a_dispersion_test_v2/wavepacket_metrics.csv
interface01_artifact_samples,interface01,table_csv,.csv,numerics/debroglie-phase-bridge/m33_v0_scaffold/runs/M33_V0_alpha_peak_robustness/M38a_dispersion_test/wavepacket_case_grid.csv,domain_guess=interface01; artifact_kind=table_csv; suffix=.csv; relative_path=numerics/debroglie-phase-bridge/m33_v0_scaffold/runs/M33_V0_alpha_peak_robustness/M38a_dispersion_test/wavepacket_case_grid.csv
interface01_artifact_samples,interface01,table_csv,.csv,numerics/debroglie-phase-bridge/m33_v0_scaffold/runs/M33_V0_alpha_peak_robustness/M38a_dispersion_test/wavepacket_metrics.csv,domain_guess=interface01; artifact_kind=table_csv; suffix=.csv; relative_path=numerics/debroglie-phase-bridge/m33_v0_scaffold/runs/M33_V0_alpha_peak_robustness/M38a_dispersion_test/wavepacket_metrics.csv
interface01_artifact_samples,interface01,table_csv,.csv,numerics/debroglie-phase-bridge/m33_v0_scaffold/runs/M33_V0_alpha_peak_robustness/M38b_branch_dispersion/branch_dispersion_branch_summary.csv,domain_guess=interface01; artifact_kind=table_csv; suffix=.csv; relative_path=numerics/debroglie-phase-bridge/m33_v0_scaffold/runs/M33_V0_alpha_peak_robustness/M38b_branch_dispersion/branch_dispersion_branch_summary.csv
interface01_artifact_samples,interface01,table_csv,.csv,numerics/debroglie-phase-bridge/m33_v0_scaffold/runs/M33_V0_alpha_peak_robustness/M38b_branch_dispersion/branch_dispersion_case_table.csv,domain_guess=interface01; artifact_kind=table_csv; suffix=.csv; relative_path=numerics/debroglie-phase-bridge/m33_v0_scaffold/runs/M33_V0_alpha_peak_robustness/M38b_branch_dispersion/branch_dispersion_case_table.csv
interface01_artifact_samples,interface01,table_csv,.csv,numerics/debroglie-phase-bridge/m33_v0_scaffold/runs/M33_V0_alpha_peak_robustness/M38b_branch_dispersion/branch_dispersion_class_shift.csv,domain_guess=interface01; artifact_kind=table_csv; suffix=.csv; relative_path=numerics/debroglie-phase-bridge/m33_v0_scaffold/runs/M33_V0_alpha_peak_robustness/M38b_branch_dispersion/branch_dispersion_class_shift.csv
interface01_artifact_samples,interface01,summary_json,.json,numerics/debroglie-phase-bridge/m33_v0_scaffold/runs/M33_V0_alpha_peak_robustness/M38b_branch_dispersion/branch_dispersion_global_summary.json,domain_guess=interface01; artifact_kind=summary_json; suffix=.json; relative_path=numerics/debroglie-phase-bridge/m33_v0_scaffold/runs/M33_V0_alpha_peak_robustness/M38b_branch_dispersion/branch_dispersion_global_summary.json
interface01_artifact_samples,interface01,table_csv,.csv,numerics/debroglie-phase-bridge/m33_v0_scaffold/runs/M33_V0_alpha_peak_robustness/M38b_branch_dispersion/branch_dispersion_match_scores.csv,domain_guess=interface01; artifact_kind=table_csv; suffix=.csv; relative_path=numerics/debroglie-phase-bridge/m33_v0_scaffold/runs/M33_V0_alpha_peak_robustness/M38b_branch_dispersion/branch_dispersion_match_scores.csv
interface01_artifact_samples,interface01,table_csv,.csv,numerics/debroglie-phase-bridge/m33_v0_scaffold/runs/M33_V0_alpha_peak_robustness/M38b_branch_dispersion/branch_dispersion_pair_shift.csv,domain_guess=interface01; artifact_kind=table_csv; suffix=.csv; relative_path=numerics/debroglie-phase-bridge/m33_v0_scaffold/runs/M33_V0_alpha_peak_robustness/M38b_branch_dispersion/branch_dispersion_pair_shift.csv
interface01_artifact_samples,interface01,markdown_note,.md,numerics/debroglie-phase-bridge/m33_v0_scaffold/runs/M33_V0_alpha_peak_robustness/M38b_branch_dispersion/branch_dispersion_report.md,domain_guess=interface01; artifact_kind=markdown_note; suffix=.md; relative_path=numerics/debroglie-phase-bridge/m33_v0_scaffold/runs/M33_V0_alpha_peak_robustness/M38b_branch_dispersion/branch_dispersion_report.md
interface01_artifact_samples,interface01,table_csv,.csv,numerics/debroglie-phase-bridge/m33_v0_scaffold/runs/M33_V0_alpha_peak_robustness/M38b_branch_dispersion_v2/branch_dispersion_branch_summary.csv,domain_guess=interface01; artifact_kind=table_csv; suffix=.csv; relative_path=numerics/debroglie-phase-bridge/m33_v0_scaffold/runs/M33_V0_alpha_peak_robustness/M38b_branch_dispersion_v2/branch_dispersion_branch_summary.csv
interface01_artifact_samples,interface01,table_csv,.csv,numerics/debroglie-phase-bridge/m33_v0_scaffold/runs/M33_V0_alpha_peak_robustness/M38b_branch_dispersion_v2/branch_dispersion_case_table.csv,domain_guess=interface01; artifact_kind=table_csv; suffix=.csv; relative_path=numerics/debroglie-phase-bridge/m33_v0_scaffold/runs/M33_V0_alpha_peak_robustness/M38b_branch_dispersion_v2/branch_dispersion_case_table.csv
interface01_artifact_samples,interface01,table_csv,.csv,numerics/debroglie-phase-bridge/m33_v0_scaffold/runs/M33_V0_alpha_peak_robustness/M38b_branch_dispersion_v2/branch_dispersion_class_shift.csv,domain_guess=interface01; artifact_kind=table_csv; suffix=.csv; relative_path=numerics/debroglie-phase-bridge/m33_v0_scaffold/runs/M33_V0_alpha_peak_robustness/M38b_branch_dispersion_v2/branch_dispersion_class_shift.csv
interface01_artifact_samples,interface01,summary_json,.json,numerics/debroglie-phase-bridge/m33_v0_scaffold/runs/M33_V0_alpha_peak_robustness/M38b_branch_dispersion_v2/branch_dispersion_global_summary.json,domain_guess=interface01; artifact_kind=summary_json; suffix=.json; relative_path=numerics/debroglie-phase-bridge/m33_v0_scaffold/runs/M33_V0_alpha_peak_robustness/M38b_branch_dispersion_v2/branch_dispersion_global_summary.json
interface01_artifact_samples,interface01,table_csv,.csv,numerics/debroglie-phase-bridge/m33_v0_scaffold/runs/M33_V0_alpha_peak_robustness/M38b_branch_dispersion_v2/branch_dispersion_match_scores.csv,domain_guess=interface01; artifact_kind=table_csv; suffix=.csv; relative_path=numerics/debroglie-phase-bridge/m33_v0_scaffold/runs/M33_V0_alpha_peak_robustness/M38b_branch_dispersion_v2/branch_dispersion_match_scores.csv
interface01_artifact_samples,interface01,table_csv,.csv,numerics/debroglie-phase-bridge/m33_v0_scaffold/runs/M33_V0_alpha_peak_robustness/M38b_branch_dispersion_v2/branch_dispersion_migration_matrix.csv,domain_guess=interface01; artifact_kind=table_csv; suffix=.csv; relative_path=numerics/debroglie-phase-bridge/m33_v0_scaffold/runs/M33_V0_alpha_peak_robustness/M38b_branch_dispersion_v2/branch_dispersion_migration_matrix.csv
interface01_artifact_samples,interface01,table_csv,.csv,numerics/debroglie-phase-bridge/m33_v0_scaffold/runs/M33_V0_alpha_peak_robustness/M38b_branch_dispersion_v2/branch_dispersion_pair_migration_detail.csv,domain_guess=interface01; artifact_kind=table_csv; suffix=.csv; relative_path=numerics/debroglie-phase-bridge/m33_v0_scaffold/runs/M33_V0_alpha_peak_robustness/M38b_branch_dispersion_v2/branch_dispersion_pair_migration_detail.csv
interface01_artifact_samples,interface01,table_csv,.csv,numerics/debroglie-phase-bridge/m33_v0_scaffold/runs/M33_V0_alpha_peak_robustness/M38b_branch_dispersion_v2/branch_dispersion_pair_shift.csv,domain_guess=interface01; artifact_kind=table_csv; suffix=.csv; relative_path=numerics/debroglie-phase-bridge/m33_v0_scaffold/runs/M33_V0_alpha_peak_robustness/M38b_branch_dispersion_v2/branch_dispersion_pair_shift.csv
interface01_artifact_samples,interface01,markdown_note,.md,numerics/debroglie-phase-bridge/m33_v0_scaffold/runs/M33_V0_alpha_peak_robustness/M38b_branch_dispersion_v2/branch_dispersion_report.md,domain_guess=interface01; artifact_kind=markdown_note; suffix=.md; relative_path=numerics/debroglie-phase-bridge/m33_v0_scaffold/runs/M33_V0_alpha_peak_robustness/M38b_branch_dispersion_v2/branch_dispersion_report.md
interface01_artifact_samples,interface01,table_csv,.csv,numerics/debroglie-phase-bridge/m33_v0_scaffold/runs/M33_V0_alpha_peak_robustness/M38b_branch_dispersion_v2/S2_focus_summary.csv,domain_guess=interface01; artifact_kind=table_csv; suffix=.csv; relative_path=numerics/debroglie-phase-bridge/m33_v0_scaffold/runs/M33_V0_alpha_peak_robustness/M38b_branch_dispersion_v2/S2_focus_summary.csv
interface01_artifact_samples,interface01,markdown_note,.md,numerics/debroglie-phase-bridge/m33_v0_scaffold/runs/M33_V0_alpha_peak_robustness/M39a_family_full_audit/family_alpha_interpretation_notes.md,domain_guess=interface01; artifact_kind=markdown_note; suffix=.md; relative_path=numerics/debroglie-phase-bridge/m33_v0_scaffold/runs/M33_V0_alpha_peak_robustness/M39a_family_full_audit/family_alpha_interpretation_notes.md
interface01_artifact_samples,interface01,table_csv,.csv,numerics/debroglie-phase-bridge/m33_v0_scaffold/runs/M33_V0_alpha_peak_robustness/M39a_family_full_audit/family_audit_branch_summary.csv,domain_guess=interface01; artifact_kind=table_csv; suffix=.csv; relative_path=numerics/debroglie-phase-bridge/m33_v0_scaffold/runs/M33_V0_alpha_peak_robustness/M39a_family_full_audit/family_audit_branch_summary.csv
interface01_artifact_samples,interface01,table_csv,.csv,numerics/debroglie-phase-bridge/m33_v0_scaffold/runs/M33_V0_alpha_peak_robustness/M39a_family_full_audit/family_audit_case_table.csv,domain_guess=interface01; artifact_kind=table_csv; suffix=.csv; relative_path=numerics/debroglie-phase-bridge/m33_v0_scaffold/runs/M33_V0_alpha_peak_robustness/M39a_family_full_audit/family_audit_case_table.csv
interface01_artifact_samples,interface01,table_csv,.csv,numerics/debroglie-phase-bridge/m33_v0_scaffold/runs/M33_V0_alpha_peak_robustness/M39a_family_full_audit/family_audit_class_summary.csv,domain_guess=interface01; artifact_kind=table_csv; suffix=.csv; relative_path=numerics/debroglie-phase-bridge/m33_v0_scaffold/runs/M33_V0_alpha_peak_robustness/M39a_family_full_audit/family_audit_class_summary.csv
interface01_artifact_samples,interface01,summary_json,.json,numerics/debroglie-phase-bridge/m33_v0_scaffold/runs/M33_V0_alpha_peak_robustness/M39a_family_full_audit/family_audit_global_summary.json,domain_guess=interface01; artifact_kind=summary_json; suffix=.json; relative_path=numerics/debroglie-phase-bridge/m33_v0_scaffold/runs/M33_V0_alpha_peak_robustness/M39a_family_full_audit/family_audit_global_summary.json
interface01_artifact_samples,interface01,table_csv,.csv,numerics/debroglie-phase-bridge/m33_v0_scaffold/runs/M33_V0_alpha_peak_robustness/M39a_family_full_audit/family_audit_pair_summary.csv,domain_guess=interface01; artifact_kind=table_csv; suffix=.csv; relative_path=numerics/debroglie-phase-bridge/m33_v0_scaffold/runs/M33_V0_alpha_peak_robustness/M39a_family_full_audit/family_audit_pair_summary.csv
interface01_artifact_samples,interface01,markdown_note,.md,numerics/debroglie-phase-bridge/m33_v0_scaffold/runs/M33_V0_alpha_peak_robustness/M39a_family_full_audit/family_audit_report.md,domain_guess=interface01; artifact_kind=markdown_note; suffix=.md; relative_path=numerics/debroglie-phase-bridge/m33_v0_scaffold/runs/M33_V0_alpha_peak_robustness/M39a_family_full_audit/family_audit_report.md
interface01_artifact_samples,interface01,table_csv,.csv,numerics/debroglie-phase-bridge/m33_v0_scaffold/runs/M33_V0_alpha_peak_robustness/M39a_family_full_audit/family_f5_falsification_summary.csv,domain_guess=interface01; artifact_kind=table_csv; suffix=.csv; relative_path=numerics/debroglie-phase-bridge/m33_v0_scaffold/runs/M33_V0_alpha_peak_robustness/M39a_family_full_audit/family_f5_falsification_summary.csv
interface01_artifact_samples,interface01,table_csv,.csv,numerics/debroglie-phase-bridge/m33_v0_scaffold/runs/M33_V0_alpha_peak_robustness/M39a_family_full_audit/family_matched_pair_branch_compare.csv,domain_guess=interface01; artifact_kind=table_csv; suffix=.csv; relative_path=numerics/debroglie-phase-bridge/m33_v0_scaffold/runs/M33_V0_alpha_peak_robustness/M39a_family_full_audit/family_matched_pair_branch_compare.csv
interface01_artifact_samples,interface01,table_csv,.csv,numerics/debroglie-phase-bridge/m33_v0_scaffold/runs/M33_V0_alpha_peak_robustness/M39a_family_full_audit/family_matched_pair_summary.csv,domain_guess=interface01; artifact_kind=table_csv; suffix=.csv; relative_path=numerics/debroglie-phase-bridge/m33_v0_scaffold/runs/M33_V0_alpha_peak_robustness/M39a_family_full_audit/family_matched_pair_summary.csv
interface01_artifact_samples,interface01,table_csv,.csv,numerics/debroglie-phase-bridge/m33_v0_scaffold/runs/M33_V0_alpha_peak_robustness/M39a_family_invariance_precheck/family_definitions_expanded.csv,domain_guess=interface01; artifact_kind=table_csv; suffix=.csv; relative_path=numerics/debroglie-phase-bridge/m33_v0_scaffold/runs/M33_V0_alpha_peak_robustness/M39a_family_invariance_precheck/family_definitions_expanded.csv
interface01_artifact_samples,interface01,markdown_note,.md,numerics/debroglie-phase-bridge/m33_v0_scaffold/runs/M33_V0_alpha_peak_robustness/M39a_family_invariance_precheck/family_invariance_precheck_report.md,domain_guess=interface01; artifact_kind=markdown_note; suffix=.md; relative_path=numerics/debroglie-phase-bridge/m33_v0_scaffold/runs/M33_V0_alpha_peak_robustness/M39a_family_invariance_precheck/family_invariance_precheck_report.md
interface01_artifact_samples,interface01,table_csv,.csv,numerics/debroglie-phase-bridge/m33_v0_scaffold/runs/M33_V0_alpha_peak_robustness/M39a_family_invariance_precheck/family_pair_class_screen.csv,domain_guess=interface01; artifact_kind=table_csv; suffix=.csv; relative_path=numerics/debroglie-phase-bridge/m33_v0_scaffold/runs/M33_V0_alpha_peak_robustness/M39a_family_invariance_precheck/family_pair_class_screen.csv
interface01_artifact_samples,interface01,json_document,.json,numerics/debroglie-phase-bridge/m33_v0_scaffold/runs/M33_V0_alpha_peak_robustness/M39a_family_invariance_precheck/family_type_precheck.json,domain_guess=interface01; artifact_kind=json_document; suffix=.json; relative_path=numerics/debroglie-phase-bridge/m33_v0_scaffold/runs/M33_V0_alpha_peak_robustness/M39a_family_invariance_precheck/family_type_precheck.json
interface01_artifact_samples,interface01,table_csv,.csv,numerics/debroglie-phase-bridge/m33_v0_scaffold/runs/M33_V0_alpha_peak_robustness/M39a_family_invariance_precheck/family_type_summary.csv,domain_guess=interface01; artifact_kind=table_csv; suffix=.csv; relative_path=numerics/debroglie-phase-bridge/m33_v0_scaffold/runs/M33_V0_alpha_peak_robustness/M39a_family_invariance_precheck/family_type_summary.csv
interface01_artifact_samples,interface01,json_document,.json,numerics/debroglie-phase-bridge/m33_v0_scaffold/runs/M33_V0_alpha_peak_robustness/run_manifest.json,domain_guess=interface01; artifact_kind=json_document; suffix=.json; relative_path=numerics/debroglie-phase-bridge/m33_v0_scaffold/runs/M33_V0_alpha_peak_robustness/run_manifest.json
interface01_artifact_samples,interface01,table_csv,.csv,numerics/debroglie-phase-bridge/m33_v0_scaffold/runs/M33_V0_alpha_peak_robustness/V0_source_scan/kernel_sign_stats.csv,domain_guess=interface01; artifact_kind=table_csv; suffix=.csv; relative_path=numerics/debroglie-phase-bridge/m33_v0_scaffold/runs/M33_V0_alpha_peak_robustness/V0_source_scan/kernel_sign_stats.csv
interface01_artifact_samples,interface01,table_csv,.csv,numerics/debroglie-phase-bridge/m33_v0_scaffold/runs/M33_V0_alpha_peak_robustness/V0_source_scan/phase_pair_stats.csv,domain_guess=interface01; artifact_kind=table_csv; suffix=.csv; relative_path=numerics/debroglie-phase-bridge/m33_v0_scaffold/runs/M33_V0_alpha_peak_robustness/V0_source_scan/phase_pair_stats.csv
interface01_artifact_samples,interface01,table_csv,.csv,numerics/debroglie-phase-bridge/m33_v0_scaffold/runs/M33_V0_alpha_peak_robustness/V0_source_scan/source_pair_kernel_alpha.csv,domain_guess=interface01; artifact_kind=table_csv; suffix=.csv; relative_path=numerics/debroglie-phase-bridge/m33_v0_scaffold/runs/M33_V0_alpha_peak_robustness/V0_source_scan/source_pair_kernel_alpha.csv
interface01_artifact_samples,interface01,summary_json,.json,numerics/debroglie-phase-bridge/m33_v0_scaffold/runs/M33_V0_alpha_peak_robustness/V0_source_scan/source_pair_kernel_alpha_summary.json,domain_guess=interface01; artifact_kind=summary_json; suffix=.json; relative_path=numerics/debroglie-phase-bridge/m33_v0_scaffold/runs/M33_V0_alpha_peak_robustness/V0_source_scan/source_pair_kernel_alpha_summary.json
interface01_artifact_samples,interface01,table_csv,.csv,numerics/debroglie-phase-bridge/m33_v0_scaffold/runs/M33_V0_alpha_peak_robustness/V0_source_scan/source_pair_kernel_alpha_validation.csv,domain_guess=interface01; artifact_kind=table_csv; suffix=.csv; relative_path=numerics/debroglie-phase-bridge/m33_v0_scaffold/runs/M33_V0_alpha_peak_robustness/V0_source_scan/source_pair_kernel_alpha_validation.csv
interface01_artifact_samples,interface01,table_csv,.csv,numerics/debroglie-phase-bridge/m33_v0_scaffold/runs/M33_V0_alpha_peak_robustness/V0_source_scan/source_peak_summary.csv,domain_guess=interface01; artifact_kind=table_csv; suffix=.csv; relative_path=numerics/debroglie-phase-bridge/m33_v0_scaffold/runs/M33_V0_alpha_peak_robustness/V0_source_scan/source_peak_summary.csv
interface01_artifact_samples,interface01,summary_json,.json,numerics/debroglie-phase-bridge/m33_v0_scaffold/runs/M33_V0_alpha_peak_robustness/V0_source_scan/source_summary.json,domain_guess=interface01; artifact_kind=summary_json; suffix=.json; relative_path=numerics/debroglie-phase-bridge/m33_v0_scaffold/runs/M33_V0_alpha_peak_robustness/V0_source_scan/source_summary.json
interface01_artifact_samples,interface01,table_csv,.csv,numerics/debroglie-phase-bridge/m33_v0_scaffold/runs/M39x1_ring_dispersion_irregularity/m39x1_bootstrap_summary.csv,domain_guess=interface01; artifact_kind=table_csv; suffix=.csv; relative_path=numerics/debroglie-phase-bridge/m33_v0_scaffold/runs/M39x1_ring_dispersion_irregularity/m39x1_bootstrap_summary.csv
interface01_artifact_samples,interface01,table_csv,.csv,numerics/debroglie-phase-bridge/m33_v0_scaffold/runs/M39x1_ring_dispersion_irregularity/m39x1_dispersion_test_summary.csv,domain_guess=interface01; artifact_kind=table_csv; suffix=.csv; relative_path=numerics/debroglie-phase-bridge/m33_v0_scaffold/runs/M39x1_ring_dispersion_irregularity/m39x1_dispersion_test_summary.csv
interface01_artifact_samples,interface01,table_csv,.csv,numerics/debroglie-phase-bridge/m33_v0_scaffold/runs/M39x1_ring_dispersion_irregularity/m39x1_factorization_summary.csv,domain_guess=interface01; artifact_kind=table_csv; suffix=.csv; relative_path=numerics/debroglie-phase-bridge/m33_v0_scaffold/runs/M39x1_ring_dispersion_irregularity/m39x1_factorization_summary.csv
interface01_artifact_samples,interface01,table_csv,.csv,numerics/debroglie-phase-bridge/m33_v0_scaffold/runs/M39x1_ring_dispersion_irregularity/m39x1_family_block_summary.csv,domain_guess=interface01; artifact_kind=table_csv; suffix=.csv; relative_path=numerics/debroglie-phase-bridge/m33_v0_scaffold/runs/M39x1_ring_dispersion_irregularity/m39x1_family_block_summary.csv
interface01_artifact_samples,interface01,summary_json,.json,numerics/debroglie-phase-bridge/m33_v0_scaffold/runs/M39x1_ring_dispersion_irregularity/m39x1_global_summary.json,domain_guess=interface01; artifact_kind=summary_json; suffix=.json; relative_path=numerics/debroglie-phase-bridge/m33_v0_scaffold/runs/M39x1_ring_dispersion_irregularity/m39x1_global_summary.json
interface01_artifact_samples,interface01,table_csv,.csv,numerics/debroglie-phase-bridge/m33_v0_scaffold/runs/M39x1_ring_dispersion_irregularity/m39x1_irregularity_summary.csv,domain_guess=interface01; artifact_kind=table_csv; suffix=.csv; relative_path=numerics/debroglie-phase-bridge/m33_v0_scaffold/runs/M39x1_ring_dispersion_irregularity/m39x1_irregularity_summary.csv
interface01_artifact_samples,interface01,table_csv,.csv,numerics/debroglie-phase-bridge/m33_v0_scaffold/runs/M39x1_ring_dispersion_irregularity/m39x1_marker_dominance_summary.csv,domain_guess=interface01; artifact_kind=table_csv; suffix=.csv; relative_path=numerics/debroglie-phase-bridge/m33_v0_scaffold/runs/M39x1_ring_dispersion_irregularity/m39x1_marker_dominance_summary.csv
interface01_artifact_samples,interface01,table_csv,.csv,numerics/debroglie-phase-bridge/m33_v0_scaffold/runs/M39x1_ring_dispersion_irregularity/m39x1_marker_strength_summary.csv,domain_guess=interface01; artifact_kind=table_csv; suffix=.csv; relative_path=numerics/debroglie-phase-bridge/m33_v0_scaffold/runs/M39x1_ring_dispersion_irregularity/m39x1_marker_strength_summary.csv
interface01_artifact_samples,interface01,markdown_note,.md,numerics/debroglie-phase-bridge/m33_v0_scaffold/runs/M39x1_ring_dispersion_irregularity/m39x1_report.md,domain_guess=interface01; artifact_kind=markdown_note; suffix=.md; relative_path=numerics/debroglie-phase-bridge/m33_v0_scaffold/runs/M39x1_ring_dispersion_irregularity/m39x1_report.md
interface01_artifact_samples,interface01,table_csv,.csv,numerics/debroglie-phase-bridge/m33_v0_scaffold/runs/M39x1_ring_dispersion_irregularity/m39x1_ring_special_case_summary.csv,domain_guess=interface01; artifact_kind=table_csv; suffix=.csv; relative_path=numerics/debroglie-phase-bridge/m33_v0_scaffold/runs/M39x1_ring_dispersion_irregularity/m39x1_ring_special_case_summary.csv
interface01_artifact_samples,interface01,markdown_note,.md,numerics/debroglie-phase-bridge/m33_v0_scaffold/runs/M39x1_ring_dispersion_irregularity/m39x1_source_notes.md,domain_guess=interface01; artifact_kind=markdown_note; suffix=.md; relative_path=numerics/debroglie-phase-bridge/m33_v0_scaffold/runs/M39x1_ring_dispersion_irregularity/m39x1_source_notes.md
interface01_artifact_samples,interface01,table_csv,.csv,numerics/debroglie-phase-bridge/m33_v0_scaffold/runs/M39x2_prediction_matrix/m39x2_bootstrap_summary.csv,domain_guess=interface01; artifact_kind=table_csv; suffix=.csv; relative_path=numerics/debroglie-phase-bridge/m33_v0_scaffold/runs/M39x2_prediction_matrix/m39x2_bootstrap_summary.csv
interface01_artifact_samples,interface01,table_csv,.csv,numerics/debroglie-phase-bridge/m33_v0_scaffold/runs/M39x2_prediction_matrix/m39x2_family_prediction_summary.csv,domain_guess=interface01; artifact_kind=table_csv; suffix=.csv; relative_path=numerics/debroglie-phase-bridge/m33_v0_scaffold/runs/M39x2_prediction_matrix/m39x2_family_prediction_summary.csv
interface01_artifact_samples,interface01,summary_json,.json,numerics/debroglie-phase-bridge/m33_v0_scaffold/runs/M39x2_prediction_matrix/m39x2_global_summary.json,domain_guess=interface01; artifact_kind=summary_json; suffix=.json; relative_path=numerics/debroglie-phase-bridge/m33_v0_scaffold/runs/M39x2_prediction_matrix/m39x2_global_summary.json
interface01_artifact_samples,interface01,table_csv,.csv,numerics/debroglie-phase-bridge/m33_v0_scaffold/runs/M39x2_prediction_matrix/m39x2_irregularity_summary.csv,domain_guess=interface01; artifact_kind=table_csv; suffix=.csv; relative_path=numerics/debroglie-phase-bridge/m33_v0_scaffold/runs/M39x2_prediction_matrix/m39x2_irregularity_summary.csv
interface01_artifact_samples,interface01,table_csv,.csv,numerics/debroglie-phase-bridge/m33_v0_scaffold/runs/M39x2_prediction_matrix/m39x2_marker_summary.csv,domain_guess=interface01; artifact_kind=table_csv; suffix=.csv; relative_path=numerics/debroglie-phase-bridge/m33_v0_scaffold/runs/M39x2_prediction_matrix/m39x2_marker_summary.csv
interface01_artifact_samples,interface01,table_csv,.csv,numerics/debroglie-phase-bridge/m33_v0_scaffold/runs/M39x2_prediction_matrix/m39x2_missing_cases_summary.csv,domain_guess=interface01; artifact_kind=table_csv; suffix=.csv; relative_path=numerics/debroglie-phase-bridge/m33_v0_scaffold/runs/M39x2_prediction_matrix/m39x2_missing_cases_summary.csv
interface01_artifact_samples,interface01,markdown_note,.md,numerics/debroglie-phase-bridge/m33_v0_scaffold/runs/M39x2_prediction_matrix/m39x2_prediction_matrix_report.md,domain_guess=interface01; artifact_kind=markdown_note; suffix=.md; relative_path=numerics/debroglie-phase-bridge/m33_v0_scaffold/runs/M39x2_prediction_matrix/m39x2_prediction_matrix_report.md
interface01_artifact_samples,interface01,markdown_note,.md,numerics/debroglie-phase-bridge/m33_v0_scaffold/runs/M39x2_prediction_matrix/m39x2_source_notes.md,domain_guess=interface01; artifact_kind=markdown_note; suffix=.md; relative_path=numerics/debroglie-phase-bridge/m33_v0_scaffold/runs/M39x2_prediction_matrix/m39x2_source_notes.md
delta_phi_artifact_samples,interface01,table_csv,.csv,runs/QSB-INTERFACE01F0/delta_phi_source_scout_provenance_preflight/01_interface01f0_search_terms.csv,domain_guess=interface01; artifact_kind=table_csv; suffix=.csv; relative_path=runs/QSB-INTERFACE01F0/delta_phi_source_scout_provenance_preflight/01_interface01f0_search_terms.csv
delta_phi_artifact_samples,interface01,table_csv,.csv,runs/QSB-INTERFACE01F0/delta_phi_source_scout_provenance_preflight/02_interface01f0_text_hits.csv,domain_guess=interface01; artifact_kind=table_csv; suffix=.csv; relative_path=runs/QSB-INTERFACE01F0/delta_phi_source_scout_provenance_preflight/02_interface01f0_text_hits.csv
delta_phi_artifact_samples,interface01,table_csv,.csv,runs/QSB-INTERFACE01F0/delta_phi_source_scout_provenance_preflight/03_interface01f0_structured_column_hits.csv,domain_guess=interface01; artifact_kind=table_csv; suffix=.csv; relative_path=runs/QSB-INTERFACE01F0/delta_phi_source_scout_provenance_preflight/03_interface01f0_structured_column_hits.csv
delta_phi_artifact_samples,interface01,table_csv,.csv,runs/QSB-INTERFACE01F0/delta_phi_source_scout_provenance_preflight/04_interface01f0_candidate_source_assessment.csv,domain_guess=interface01; artifact_kind=table_csv; suffix=.csv; relative_path=runs/QSB-INTERFACE01F0/delta_phi_source_scout_provenance_preflight/04_interface01f0_candidate_source_assessment.csv
delta_phi_artifact_samples,interface01,table_csv,.csv,runs/QSB-INTERFACE01F0/delta_phi_source_scout_provenance_preflight/05_interface01f0_provenance_preflight_matrix.csv,domain_guess=interface01; artifact_kind=table_csv; suffix=.csv; relative_path=runs/QSB-INTERFACE01F0/delta_phi_source_scout_provenance_preflight/05_interface01f0_provenance_preflight_matrix.csv
delta_phi_artifact_samples,interface01,table_csv,.csv,runs/QSB-INTERFACE01F0/delta_phi_source_scout_provenance_preflight/06_interface01f0_g02_g13_preflight_decision.csv,domain_guess=interface01; artifact_kind=table_csv; suffix=.csv; relative_path=runs/QSB-INTERFACE01F0/delta_phi_source_scout_provenance_preflight/06_interface01f0_g02_g13_preflight_decision.csv
delta_phi_artifact_samples,interface01,markdown_note,.md,runs/QSB-INTERFACE01F0/delta_phi_source_scout_provenance_preflight/INTERFACE01F0_FINAL_RESULT_NOTE.md,domain_guess=interface01; artifact_kind=markdown_note; suffix=.md; relative_path=runs/QSB-INTERFACE01F0/delta_phi_source_scout_provenance_preflight/INTERFACE01F0_FINAL_RESULT_NOTE.md
delta_phi_artifact_samples,interface01,json_document,.json,runs/QSB-INTERFACE01F0/delta_phi_source_scout_provenance_preflight/INTERFACE01F0_RUN_MANIFEST.json,domain_guess=interface01; artifact_kind=json_document; suffix=.json; relative_path=runs/QSB-INTERFACE01F0/delta_phi_source_scout_provenance_preflight/INTERFACE01F0_RUN_MANIFEST.json
delta_phi_artifact_samples,interface01,table_csv,.csv,runs/QSB-INTERFACE01F1/dwh_metadata_delta_phi_probe/dwh_metadata_delta_phi_probe_hits.csv,domain_guess=interface01; artifact_kind=table_csv; suffix=.csv; relative_path=runs/QSB-INTERFACE01F1/dwh_metadata_delta_phi_probe/dwh_metadata_delta_phi_probe_hits.csv
delta_phi_artifact_samples,interface01,summary_json,.json,runs/QSB-INTERFACE01F1/dwh_metadata_delta_phi_probe/dwh_metadata_delta_phi_probe_summary.json,domain_guess=interface01; artifact_kind=summary_json; suffix=.json; relative_path=runs/QSB-INTERFACE01F1/dwh_metadata_delta_phi_probe/dwh_metadata_delta_phi_probe_summary.json
delta_phi_artifact_samples,interface01,markdown_note,.md,runs/QSB-INTERFACE01F1/dwh_metadata_delta_phi_probe/DWH_METADATA_DELTA_PHI_PROBE_SUMMARY.md,domain_guess=interface01; artifact_kind=markdown_note; suffix=.md; relative_path=runs/QSB-INTERFACE01F1/dwh_metadata_delta_phi_probe/DWH_METADATA_DELTA_PHI_PROBE_SUMMARY.md
delta_phi_artifact_samples,interface01,summary_json,.json,runs/QSB-INTERFACE01F1/dwh_metadata_delta_phi_probe/m33_archive_code_probe/m33_archive_code_probe_summary.json,domain_guess=interface01; artifact_kind=summary_json; suffix=.json; relative_path=runs/QSB-INTERFACE01F1/dwh_metadata_delta_phi_probe/m33_archive_code_probe/m33_archive_code_probe_summary.json
delta_phi_artifact_samples,interface01,markdown_note,.md,runs/QSB-INTERFACE01F1/dwh_metadata_delta_phi_probe/m33_archive_code_probe/M33_ARCHIVE_CODE_PROBE_SUMMARY.md,domain_guess=interface01; artifact_kind=markdown_note; suffix=.md; relative_path=runs/QSB-INTERFACE01F1/dwh_metadata_delta_phi_probe/m33_archive_code_probe/M33_ARCHIVE_CODE_PROBE_SUMMARY.md
delta_phi_artifact_samples,interface01,table_csv,.csv,runs/QSB-INTERFACE01F1/dwh_metadata_delta_phi_probe/m33_archive_code_probe/m33_archive_code_term_hits.csv,domain_guess=interface01; artifact_kind=table_csv; suffix=.csv; relative_path=runs/QSB-INTERFACE01F1/dwh_metadata_delta_phi_probe/m33_archive_code_probe/m33_archive_code_term_hits.csv
delta_phi_artifact_samples,interface01,table_csv,.csv,runs/QSB-INTERFACE01F1/dwh_metadata_delta_phi_probe/m33_archive_code_probe/m33_archive_manifest_hits.csv,domain_guess=interface01; artifact_kind=table_csv; suffix=.csv; relative_path=runs/QSB-INTERFACE01F1/dwh_metadata_delta_phi_probe/m33_archive_code_probe/m33_archive_manifest_hits.csv
delta_phi_artifact_samples,interface01,table_csv,.csv,runs/QSB-INTERFACE01F1/dwh_metadata_delta_phi_probe/m33_sourcehub_followup/m33_generator_content_hits.csv,domain_guess=interface01; artifact_kind=table_csv; suffix=.csv; relative_path=runs/QSB-INTERFACE01F1/dwh_metadata_delta_phi_probe/m33_sourcehub_followup/m33_generator_content_hits.csv
delta_phi_artifact_samples,interface01,text_note,.txt,runs/QSB-INTERFACE01F1/dwh_metadata_delta_phi_probe/m33_sourcehub_followup/m33_local_matches.txt,domain_guess=interface01; artifact_kind=text_note; suffix=.txt; relative_path=runs/QSB-INTERFACE01F1/dwh_metadata_delta_phi_probe/m33_sourcehub_followup/m33_local_matches.txt
delta_phi_artifact_samples,interface01,summary_json,.json,runs/QSB-INTERFACE01F1/dwh_metadata_delta_phi_probe/m33_sourcehub_followup/m33_sourcehub_followup_summary.json,domain_guess=interface01; artifact_kind=summary_json; suffix=.json; relative_path=runs/QSB-INTERFACE01F1/dwh_metadata_delta_phi_probe/m33_sourcehub_followup/m33_sourcehub_followup_summary.json
delta_phi_artifact_samples,interface01,markdown_note,.md,runs/QSB-INTERFACE01F1/dwh_metadata_delta_phi_probe/m33_sourcehub_followup/M33_SOURCEHUB_FOLLOWUP_SUMMARY.md,domain_guess=interface01; artifact_kind=markdown_note; suffix=.md; relative_path=runs/QSB-INTERFACE01F1/dwh_metadata_delta_phi_probe/m33_sourcehub_followup/M33_SOURCEHUB_FOLLOWUP_SUMMARY.md
delta_phi_artifact_samples,interface01,table_csv,.csv,runs/QSB-INTERFACE01F1/dwh_metadata_delta_phi_probe/m33_sourcehub_followup/m33_sourcehub_rows.csv,domain_guess=interface01; artifact_kind=table_csv; suffix=.csv; relative_path=runs/QSB-INTERFACE01F1/dwh_metadata_delta_phi_probe/m33_sourcehub_followup/m33_sourcehub_rows.csv
delta_phi_artifact_samples,interface01,table_csv,.csv,runs/QSB-INTERFACE01F1/dwh_metadata_delta_phi_probe/m33_sourcehub_followup/m33_zip_relevant_entries.csv,domain_guess=interface01; artifact_kind=table_csv; suffix=.csv; relative_path=runs/QSB-INTERFACE01F1/dwh_metadata_delta_phi_probe/m33_sourcehub_followup/m33_zip_relevant_entries.csv
delta_phi_artifact_samples,interface01,text_note,.txt,runs/QSB-INTERFACE01F1/interference_kernel_v1_delta_phi_hits.txt,domain_guess=interface01; artifact_kind=text_note; suffix=.txt; relative_path=runs/QSB-INTERFACE01F1/interference_kernel_v1_delta_phi_hits.txt
delta_phi_artifact_samples,interface01,markdown_note,.md,runs/QSB-INTERFACE01F1/interference_kernel_v1_delta_phi_source_candidate/INTERFERENCE_KERNEL_V1_DELTA_PHI_SOURCE_CANDIDATE.md,domain_guess=interface01; artifact_kind=markdown_note; suffix=.md; relative_path=runs/QSB-INTERFACE01F1/interference_kernel_v1_delta_phi_source_candidate/INTERFERENCE_KERNEL_V1_DELTA_PHI_SOURCE_CANDIDATE.md
delta_phi_artifact_samples,interface01,json_document,.json,runs/QSB-INTERFACE01F2/interference_kernel_delta_phi_export_contract/01_f2_run_manifest.json,domain_guess=interface01; artifact_kind=json_document; suffix=.json; relative_path=runs/QSB-INTERFACE01F2/interference_kernel_delta_phi_export_contract/01_f2_run_manifest.json
delta_phi_artifact_samples,interface01,table_csv,.csv,runs/QSB-INTERFACE01F2/interference_kernel_delta_phi_export_contract/02_source_candidate_register.csv,domain_guess=interface01; artifact_kind=table_csv; suffix=.csv; relative_path=runs/QSB-INTERFACE01F2/interference_kernel_delta_phi_export_contract/02_source_candidate_register.csv
delta_phi_artifact_samples,interface01,table_csv,.csv,runs/QSB-INTERFACE01F2/interference_kernel_delta_phi_export_contract/03_export_modes_contract.csv,domain_guess=interface01; artifact_kind=table_csv; suffix=.csv; relative_path=runs/QSB-INTERFACE01F2/interference_kernel_delta_phi_export_contract/03_export_modes_contract.csv
delta_phi_artifact_samples,interface01,table_csv,.csv,runs/QSB-INTERFACE01F2/interference_kernel_delta_phi_export_contract/04_required_field_contract.csv,domain_guess=interface01; artifact_kind=table_csv; suffix=.csv; relative_path=runs/QSB-INTERFACE01F2/interference_kernel_delta_phi_export_contract/04_required_field_contract.csv
delta_phi_artifact_samples,interface01,table_csv,.csv,runs/QSB-INTERFACE01F2/interference_kernel_delta_phi_export_contract/05_wrapping_unit_convention_contract.csv,domain_guess=interface01; artifact_kind=table_csv; suffix=.csv; relative_path=runs/QSB-INTERFACE01F2/interference_kernel_delta_phi_export_contract/05_wrapping_unit_convention_contract.csv
delta_phi_artifact_samples,interface01,table_csv,.csv,runs/QSB-INTERFACE01F2/interference_kernel_delta_phi_export_contract/06_provenance_authorization_contract.csv,domain_guess=interface01; artifact_kind=table_csv; suffix=.csv; relative_path=runs/QSB-INTERFACE01F2/interference_kernel_delta_phi_export_contract/06_provenance_authorization_contract.csv
delta_phi_artifact_samples,interface01,table_csv,.csv,runs/QSB-INTERFACE01F2/interference_kernel_delta_phi_export_contract/07_exclusion_rules.csv,domain_guess=interface01; artifact_kind=table_csv; suffix=.csv; relative_path=runs/QSB-INTERFACE01F2/interference_kernel_delta_phi_export_contract/07_exclusion_rules.csv
delta_phi_artifact_samples,interface01,table_csv,.csv,runs/QSB-INTERFACE01F2/interference_kernel_delta_phi_export_contract/08_g02_g13_preflight_decision.csv,domain_guess=interface01; artifact_kind=table_csv; suffix=.csv; relative_path=runs/QSB-INTERFACE01F2/interference_kernel_delta_phi_export_contract/08_g02_g13_preflight_decision.csv
delta_phi_artifact_samples,interface01,table_csv,.csv,runs/QSB-INTERFACE01F2/interference_kernel_delta_phi_export_contract/09_review_items.csv,domain_guess=interface01; artifact_kind=table_csv; suffix=.csv; relative_path=runs/QSB-INTERFACE01F2/interference_kernel_delta_phi_export_contract/09_review_items.csv
delta_phi_artifact_samples,interface01,markdown_note,.md,runs/QSB-INTERFACE01F2/interference_kernel_delta_phi_export_contract/FINAL_RESULT_NOTE.md,domain_guess=interface01; artifact_kind=markdown_note; suffix=.md; relative_path=runs/QSB-INTERFACE01F2/interference_kernel_delta_phi_export_contract/FINAL_RESULT_NOTE.md
delta_phi_artifact_samples,interface01,json_document,.json,runs/QSB-INTERFACE01F3/authorized_delta_phi_export_staging_preflight/01_f3_run_manifest.json,domain_guess=interface01; artifact_kind=json_document; suffix=.json; relative_path=runs/QSB-INTERFACE01F3/authorized_delta_phi_export_staging_preflight/01_f3_run_manifest.json
delta_phi_artifact_samples,interface01,table_csv,.csv,runs/QSB-INTERFACE01F3/authorized_delta_phi_export_staging_preflight/02_f2h_review_decision.csv,domain_guess=interface01; artifact_kind=table_csv; suffix=.csv; relative_path=runs/QSB-INTERFACE01F3/authorized_delta_phi_export_staging_preflight/02_f2h_review_decision.csv
delta_phi_artifact_samples,interface01,table_csv,.csv,runs/QSB-INTERFACE01F3/authorized_delta_phi_export_staging_preflight/03_source_hashes.csv,domain_guess=interface01; artifact_kind=table_csv; suffix=.csv; relative_path=runs/QSB-INTERFACE01F3/authorized_delta_phi_export_staging_preflight/03_source_hashes.csv
delta_phi_artifact_samples,interface01,table_csv,.csv,runs/QSB-INTERFACE01F3/authorized_delta_phi_export_staging_preflight/04_input_manifest_preflight.csv,domain_guess=interface01; artifact_kind=table_csv; suffix=.csv; relative_path=runs/QSB-INTERFACE01F3/authorized_delta_phi_export_staging_preflight/04_input_manifest_preflight.csv
delta_phi_artifact_samples,interface01,table_csv,.csv,runs/QSB-INTERFACE01F3/authorized_delta_phi_export_staging_preflight/05_export_mode_decision.csv,domain_guess=interface01; artifact_kind=table_csv; suffix=.csv; relative_path=runs/QSB-INTERFACE01F3/authorized_delta_phi_export_staging_preflight/05_export_mode_decision.csv
delta_phi_artifact_samples,interface01,table_csv,.csv,runs/QSB-INTERFACE01F3/authorized_delta_phi_export_staging_preflight/06_static_delta_phi_export.csv,domain_guess=interface01; artifact_kind=table_csv; suffix=.csv; relative_path=runs/QSB-INTERFACE01F3/authorized_delta_phi_export_staging_preflight/06_static_delta_phi_export.csv
delta_phi_artifact_samples,interface01,table_csv,.csv,runs/QSB-INTERFACE01F3/authorized_delta_phi_export_staging_preflight/07_spatial_delta_phi_x_export.csv,domain_guess=interface01; artifact_kind=table_csv; suffix=.csv; relative_path=runs/QSB-INTERFACE01F3/authorized_delta_phi_export_staging_preflight/07_spatial_delta_phi_x_export.csv
delta_phi_artifact_samples,interface01,sql_script,.sql,runs/QSB-INTERFACE01F3/authorized_delta_phi_export_staging_preflight/08_staging_schema.sql,domain_guess=interface01; artifact_kind=sql_script; suffix=.sql; relative_path=runs/QSB-INTERFACE01F3/authorized_delta_phi_export_staging_preflight/08_staging_schema.sql
delta_phi_artifact_samples,interface01,sqlite_db,.sqlite,runs/QSB-INTERFACE01F3/authorized_delta_phi_export_staging_preflight/09_delta_phi_staging_preflight.sqlite,domain_guess=interface01; artifact_kind=sqlite_db; suffix=.sqlite; relative_path=runs/QSB-INTERFACE01F3/authorized_delta_phi_export_staging_preflight/09_delta_phi_staging_preflight.sqlite
delta_phi_artifact_samples,interface01,table_csv,.csv,runs/QSB-INTERFACE01F3/authorized_delta_phi_export_staging_preflight/10_export_validation_results.csv,domain_guess=interface01; artifact_kind=table_csv; suffix=.csv; relative_path=runs/QSB-INTERFACE01F3/authorized_delta_phi_export_staging_preflight/10_export_validation_results.csv
delta_phi_artifact_samples,interface01,table_csv,.csv,runs/QSB-INTERFACE01F3/authorized_delta_phi_export_staging_preflight/11_g02_g13_decision.csv,domain_guess=interface01; artifact_kind=table_csv; suffix=.csv; relative_path=runs/QSB-INTERFACE01F3/authorized_delta_phi_export_staging_preflight/11_g02_g13_decision.csv
delta_phi_artifact_samples,interface01,table_csv,.csv,runs/QSB-INTERFACE01F3/authorized_delta_phi_export_staging_preflight/12_review_items.csv,domain_guess=interface01; artifact_kind=table_csv; suffix=.csv; relative_path=runs/QSB-INTERFACE01F3/authorized_delta_phi_export_staging_preflight/12_review_items.csv
delta_phi_artifact_samples,interface01,json_document,.json,runs/QSB-INTERFACE01F3/authorized_delta_phi_export_staging_preflight_blocked_diag_literal_20260620T102310Z/01_f3_run_manifest.json,domain_guess=interface01; artifact_kind=json_document; suffix=.json; relative_path=runs/QSB-INTERFACE01F3/authorized_delta_phi_export_staging_preflight_blocked_diag_literal_20260620T102310Z/01_f3_run_manifest.json
delta_phi_artifact_samples,interface01,table_csv,.csv,runs/QSB-INTERFACE01F3/authorized_delta_phi_export_staging_preflight_blocked_diag_literal_20260620T102310Z/02_f2h_review_decision.csv,domain_guess=interface01; artifact_kind=table_csv; suffix=.csv; relative_path=runs/QSB-INTERFACE01F3/authorized_delta_phi_export_staging_preflight_blocked_diag_literal_20260620T102310Z/02_f2h_review_decision.csv
delta_phi_artifact_samples,interface01,table_csv,.csv,runs/QSB-INTERFACE01F3/authorized_delta_phi_export_staging_preflight_blocked_diag_literal_20260620T102310Z/03_source_hashes.csv,domain_guess=interface01; artifact_kind=table_csv; suffix=.csv; relative_path=runs/QSB-INTERFACE01F3/authorized_delta_phi_export_staging_preflight_blocked_diag_literal_20260620T102310Z/03_source_hashes.csv
delta_phi_artifact_samples,interface01,table_csv,.csv,runs/QSB-INTERFACE01F3/authorized_delta_phi_export_staging_preflight_blocked_diag_literal_20260620T102310Z/04_input_manifest_preflight.csv,domain_guess=interface01; artifact_kind=table_csv; suffix=.csv; relative_path=runs/QSB-INTERFACE01F3/authorized_delta_phi_export_staging_preflight_blocked_diag_literal_20260620T102310Z/04_input_manifest_preflight.csv
delta_phi_artifact_samples,interface01,table_csv,.csv,runs/QSB-INTERFACE01F3/authorized_delta_phi_export_staging_preflight_blocked_diag_literal_20260620T102310Z/05_export_mode_decision.csv,domain_guess=interface01; artifact_kind=table_csv; suffix=.csv; relative_path=runs/QSB-INTERFACE01F3/authorized_delta_phi_export_staging_preflight_blocked_diag_literal_20260620T102310Z/05_export_mode_decision.csv
delta_phi_artifact_samples,interface01,table_csv,.csv,runs/QSB-INTERFACE01F3/authorized_delta_phi_export_staging_preflight_blocked_diag_literal_20260620T102310Z/06_static_delta_phi_export.csv,domain_guess=interface01; artifact_kind=table_csv; suffix=.csv; relative_path=runs/QSB-INTERFACE01F3/authorized_delta_phi_export_staging_preflight_blocked_diag_literal_20260620T102310Z/06_static_delta_phi_export.csv
delta_phi_artifact_samples,interface01,table_csv,.csv,runs/QSB-INTERFACE01F3/authorized_delta_phi_export_staging_preflight_blocked_diag_literal_20260620T102310Z/07_spatial_delta_phi_x_export.csv,domain_guess=interface01; artifact_kind=table_csv; suffix=.csv; relative_path=runs/QSB-INTERFACE01F3/authorized_delta_phi_export_staging_preflight_blocked_diag_literal_20260620T102310Z/07_spatial_delta_phi_x_export.csv
delta_phi_artifact_samples,interface01,sql_script,.sql,runs/QSB-INTERFACE01F3/authorized_delta_phi_export_staging_preflight_blocked_diag_literal_20260620T102310Z/08_staging_schema.sql,domain_guess=interface01; artifact_kind=sql_script; suffix=.sql; relative_path=runs/QSB-INTERFACE01F3/authorized_delta_phi_export_staging_preflight_blocked_diag_literal_20260620T102310Z/08_staging_schema.sql
delta_phi_artifact_samples,interface01,sqlite_db,.sqlite,runs/QSB-INTERFACE01F3/authorized_delta_phi_export_staging_preflight_blocked_diag_literal_20260620T102310Z/09_delta_phi_staging_preflight.sqlite,domain_guess=interface01; artifact_kind=sqlite_db; suffix=.sqlite; relative_path=runs/QSB-INTERFACE01F3/authorized_delta_phi_export_staging_preflight_blocked_diag_literal_20260620T102310Z/09_delta_phi_staging_preflight.sqlite
delta_phi_artifact_samples,interface01,table_csv,.csv,runs/QSB-INTERFACE01F3/authorized_delta_phi_export_staging_preflight_blocked_diag_literal_20260620T102310Z/10_export_validation_results.csv,domain_guess=interface01; artifact_kind=table_csv; suffix=.csv; relative_path=runs/QSB-INTERFACE01F3/authorized_delta_phi_export_staging_preflight_blocked_diag_literal_20260620T102310Z/10_export_validation_results.csv
delta_phi_artifact_samples,interface01,table_csv,.csv,runs/QSB-INTERFACE01F3/authorized_delta_phi_export_staging_preflight_blocked_diag_literal_20260620T102310Z/11_g02_g13_decision.csv,domain_guess=interface01; artifact_kind=table_csv; suffix=.csv; relative_path=runs/QSB-INTERFACE01F3/authorized_delta_phi_export_staging_preflight_blocked_diag_literal_20260620T102310Z/11_g02_g13_decision.csv
delta_phi_artifact_samples,interface01,table_csv,.csv,runs/QSB-INTERFACE01F3/authorized_delta_phi_export_staging_preflight_blocked_diag_literal_20260620T102310Z/12_review_items.csv,domain_guess=interface01; artifact_kind=table_csv; suffix=.csv; relative_path=runs/QSB-INTERFACE01F3/authorized_delta_phi_export_staging_preflight_blocked_diag_literal_20260620T102310Z/12_review_items.csv
delta_phi_artifact_samples,interface01,markdown_note,.md,runs/QSB-INTERFACE01F3/authorized_delta_phi_export_staging_preflight_blocked_diag_literal_20260620T102310Z/FINAL_RESULT_NOTE.md,domain_guess=interface01; artifact_kind=markdown_note; suffix=.md; relative_path=runs/QSB-INTERFACE01F3/authorized_delta_phi_export_staging_preflight_blocked_diag_literal_20260620T102310Z/FINAL_RESULT_NOTE.md
delta_phi_artifact_samples,interface01,json_document,.json,runs/QSB-INTERFACE01F3/authorized_delta_phi_export_staging_preflight_blocked_diag_policy_20260620T101958Z/01_f3_run_manifest.json,domain_guess=interface01; artifact_kind=json_document; suffix=.json; relative_path=runs/QSB-INTERFACE01F3/authorized_delta_phi_export_staging_preflight_blocked_diag_policy_20260620T101958Z/01_f3_run_manifest.json
delta_phi_artifact_samples,interface01,table_csv,.csv,runs/QSB-INTERFACE01F3/authorized_delta_phi_export_staging_preflight_blocked_diag_policy_20260620T101958Z/02_f2h_review_decision.csv,domain_guess=interface01; artifact_kind=table_csv; suffix=.csv; relative_path=runs/QSB-INTERFACE01F3/authorized_delta_phi_export_staging_preflight_blocked_diag_policy_20260620T101958Z/02_f2h_review_decision.csv
delta_phi_artifact_samples,interface01,table_csv,.csv,runs/QSB-INTERFACE01F3/authorized_delta_phi_export_staging_preflight_blocked_diag_policy_20260620T101958Z/03_source_hashes.csv,domain_guess=interface01; artifact_kind=table_csv; suffix=.csv; relative_path=runs/QSB-INTERFACE01F3/authorized_delta_phi_export_staging_preflight_blocked_diag_policy_20260620T101958Z/03_source_hashes.csv
delta_phi_artifact_samples,interface01,table_csv,.csv,runs/QSB-INTERFACE01F3/authorized_delta_phi_export_staging_preflight_blocked_diag_policy_20260620T101958Z/04_input_manifest_preflight.csv,domain_guess=interface01; artifact_kind=table_csv; suffix=.csv; relative_path=runs/QSB-INTERFACE01F3/authorized_delta_phi_export_staging_preflight_blocked_diag_policy_20260620T101958Z/04_input_manifest_preflight.csv
delta_phi_artifact_samples,interface01,table_csv,.csv,runs/QSB-INTERFACE01F3/authorized_delta_phi_export_staging_preflight_blocked_diag_policy_20260620T101958Z/05_export_mode_decision.csv,domain_guess=interface01; artifact_kind=table_csv; suffix=.csv; relative_path=runs/QSB-INTERFACE01F3/authorized_delta_phi_export_staging_preflight_blocked_diag_policy_20260620T101958Z/05_export_mode_decision.csv
delta_phi_artifact_samples,interface01,table_csv,.csv,runs/QSB-INTERFACE01F3/authorized_delta_phi_export_staging_preflight_blocked_diag_policy_20260620T101958Z/06_static_delta_phi_export.csv,domain_guess=interface01; artifact_kind=table_csv; suffix=.csv; relative_path=runs/QSB-INTERFACE01F3/authorized_delta_phi_export_staging_preflight_blocked_diag_policy_20260620T101958Z/06_static_delta_phi_export.csv
delta_phi_artifact_samples,interface01,table_csv,.csv,runs/QSB-INTERFACE01F3/authorized_delta_phi_export_staging_preflight_blocked_diag_policy_20260620T101958Z/07_spatial_delta_phi_x_export.csv,domain_guess=interface01; artifact_kind=table_csv; suffix=.csv; relative_path=runs/QSB-INTERFACE01F3/authorized_delta_phi_export_staging_preflight_blocked_diag_policy_20260620T101958Z/07_spatial_delta_phi_x_export.csv
delta_phi_artifact_samples,interface01,sql_script,.sql,runs/QSB-INTERFACE01F3/authorized_delta_phi_export_staging_preflight_blocked_diag_policy_20260620T101958Z/08_staging_schema.sql,domain_guess=interface01; artifact_kind=sql_script; suffix=.sql; relative_path=runs/QSB-INTERFACE01F3/authorized_delta_phi_export_staging_preflight_blocked_diag_policy_20260620T101958Z/08_staging_schema.sql
delta_phi_artifact_samples,interface01,sqlite_db,.sqlite,runs/QSB-INTERFACE01F3/authorized_delta_phi_export_staging_preflight_blocked_diag_policy_20260620T101958Z/09_delta_phi_staging_preflight.sqlite,domain_guess=interface01; artifact_kind=sqlite_db; suffix=.sqlite; relative_path=runs/QSB-INTERFACE01F3/authorized_delta_phi_export_staging_preflight_blocked_diag_policy_20260620T101958Z/09_delta_phi_staging_preflight.sqlite
delta_phi_artifact_samples,interface01,table_csv,.csv,runs/QSB-INTERFACE01F3/authorized_delta_phi_export_staging_preflight_blocked_diag_policy_20260620T101958Z/10_export_validation_results.csv,domain_guess=interface01; artifact_kind=table_csv; suffix=.csv; relative_path=runs/QSB-INTERFACE01F3/authorized_delta_phi_export_staging_preflight_blocked_diag_policy_20260620T101958Z/10_export_validation_results.csv
delta_phi_artifact_samples,interface01,table_csv,.csv,runs/QSB-INTERFACE01F3/authorized_delta_phi_export_staging_preflight_blocked_diag_policy_20260620T101958Z/11_g02_g13_decision.csv,domain_guess=interface01; artifact_kind=table_csv; suffix=.csv; relative_path=runs/QSB-INTERFACE01F3/authorized_delta_phi_export_staging_preflight_blocked_diag_policy_20260620T101958Z/11_g02_g13_decision.csv
delta_phi_artifact_samples,interface01,table_csv,.csv,runs/QSB-INTERFACE01F3/authorized_delta_phi_export_staging_preflight_blocked_diag_policy_20260620T101958Z/12_review_items.csv,domain_guess=interface01; artifact_kind=table_csv; suffix=.csv; relative_path=runs/QSB-INTERFACE01F3/authorized_delta_phi_export_staging_preflight_blocked_diag_policy_20260620T101958Z/12_review_items.csv
delta_phi_artifact_samples,interface01,markdown_note,.md,runs/QSB-INTERFACE01F3/authorized_delta_phi_export_staging_preflight_blocked_diag_policy_20260620T101958Z/FINAL_RESULT_NOTE.md,domain_guess=interface01; artifact_kind=markdown_note; suffix=.md; relative_path=runs/QSB-INTERFACE01F3/authorized_delta_phi_export_staging_preflight_blocked_diag_policy_20260620T101958Z/FINAL_RESULT_NOTE.md
delta_phi_artifact_samples,interface01,json_document,.json,runs/QSB-INTERFACE01F3/authorized_delta_phi_export_staging_preflight_blocked_manifest_schema_20260620T101650Z/01_f3_run_manifest.json,domain_guess=interface01; artifact_kind=json_document; suffix=.json; relative_path=runs/QSB-INTERFACE01F3/authorized_delta_phi_export_staging_preflight_blocked_manifest_schema_20260620T101650Z/01_f3_run_manifest.json
delta_phi_artifact_samples,interface01,table_csv,.csv,runs/QSB-INTERFACE01F3/authorized_delta_phi_export_staging_preflight_blocked_manifest_schema_20260620T101650Z/02_f2h_review_decision.csv,domain_guess=interface01; artifact_kind=table_csv; suffix=.csv; relative_path=runs/QSB-INTERFACE01F3/authorized_delta_phi_export_staging_preflight_blocked_manifest_schema_20260620T101650Z/02_f2h_review_decision.csv
delta_phi_artifact_samples,interface01,table_csv,.csv,runs/QSB-INTERFACE01F3/authorized_delta_phi_export_staging_preflight_blocked_manifest_schema_20260620T101650Z/03_source_hashes.csv,domain_guess=interface01; artifact_kind=table_csv; suffix=.csv; relative_path=runs/QSB-INTERFACE01F3/authorized_delta_phi_export_staging_preflight_blocked_manifest_schema_20260620T101650Z/03_source_hashes.csv
delta_phi_artifact_samples,interface01,table_csv,.csv,runs/QSB-INTERFACE01F3/authorized_delta_phi_export_staging_preflight_blocked_manifest_schema_20260620T101650Z/04_input_manifest_preflight.csv,domain_guess=interface01; artifact_kind=table_csv; suffix=.csv; relative_path=runs/QSB-INTERFACE01F3/authorized_delta_phi_export_staging_preflight_blocked_manifest_schema_20260620T101650Z/04_input_manifest_preflight.csv
delta_phi_artifact_samples,interface01,table_csv,.csv,runs/QSB-INTERFACE01F3/authorized_delta_phi_export_staging_preflight_blocked_manifest_schema_20260620T101650Z/05_export_mode_decision.csv,domain_guess=interface01; artifact_kind=table_csv; suffix=.csv; relative_path=runs/QSB-INTERFACE01F3/authorized_delta_phi_export_staging_preflight_blocked_manifest_schema_20260620T101650Z/05_export_mode_decision.csv
delta_phi_artifact_samples,interface01,table_csv,.csv,runs/QSB-INTERFACE01F3/authorized_delta_phi_export_staging_preflight_blocked_manifest_schema_20260620T101650Z/06_static_delta_phi_export.csv,domain_guess=interface01; artifact_kind=table_csv; suffix=.csv; relative_path=runs/QSB-INTERFACE01F3/authorized_delta_phi_export_staging_preflight_blocked_manifest_schema_20260620T101650Z/06_static_delta_phi_export.csv
delta_phi_artifact_samples,interface01,table_csv,.csv,runs/QSB-INTERFACE01F3/authorized_delta_phi_export_staging_preflight_blocked_manifest_schema_20260620T101650Z/07_spatial_delta_phi_x_export.csv,domain_guess=interface01; artifact_kind=table_csv; suffix=.csv; relative_path=runs/QSB-INTERFACE01F3/authorized_delta_phi_export_staging_preflight_blocked_manifest_schema_20260620T101650Z/07_spatial_delta_phi_x_export.csv
delta_phi_artifact_samples,interface01,sql_script,.sql,runs/QSB-INTERFACE01F3/authorized_delta_phi_export_staging_preflight_blocked_manifest_schema_20260620T101650Z/08_staging_schema.sql,domain_guess=interface01; artifact_kind=sql_script; suffix=.sql; relative_path=runs/QSB-INTERFACE01F3/authorized_delta_phi_export_staging_preflight_blocked_manifest_schema_20260620T101650Z/08_staging_schema.sql
delta_phi_artifact_samples,interface01,sqlite_db,.sqlite,runs/QSB-INTERFACE01F3/authorized_delta_phi_export_staging_preflight_blocked_manifest_schema_20260620T101650Z/09_delta_phi_staging_preflight.sqlite,domain_guess=interface01; artifact_kind=sqlite_db; suffix=.sqlite; relative_path=runs/QSB-INTERFACE01F3/authorized_delta_phi_export_staging_preflight_blocked_manifest_schema_20260620T101650Z/09_delta_phi_staging_preflight.sqlite
delta_phi_artifact_samples,interface01,table_csv,.csv,runs/QSB-INTERFACE01F3/authorized_delta_phi_export_staging_preflight_blocked_manifest_schema_20260620T101650Z/10_export_validation_results.csv,domain_guess=interface01; artifact_kind=table_csv; suffix=.csv; relative_path=runs/QSB-INTERFACE01F3/authorized_delta_phi_export_staging_preflight_blocked_manifest_schema_20260620T101650Z/10_export_validation_results.csv
delta_phi_artifact_samples,interface01,table_csv,.csv,runs/QSB-INTERFACE01F3/authorized_delta_phi_export_staging_preflight_blocked_manifest_schema_20260620T101650Z/11_g02_g13_decision.csv,domain_guess=interface01; artifact_kind=table_csv; suffix=.csv; relative_path=runs/QSB-INTERFACE01F3/authorized_delta_phi_export_staging_preflight_blocked_manifest_schema_20260620T101650Z/11_g02_g13_decision.csv
delta_phi_artifact_samples,interface01,table_csv,.csv,runs/QSB-INTERFACE01F3/authorized_delta_phi_export_staging_preflight_blocked_manifest_schema_20260620T101650Z/12_review_items.csv,domain_guess=interface01; artifact_kind=table_csv; suffix=.csv; relative_path=runs/QSB-INTERFACE01F3/authorized_delta_phi_export_staging_preflight_blocked_manifest_schema_20260620T101650Z/12_review_items.csv
delta_phi_artifact_samples,interface01,markdown_note,.md,runs/QSB-INTERFACE01F3/authorized_delta_phi_export_staging_preflight_blocked_manifest_schema_20260620T101650Z/FINAL_RESULT_NOTE.md,domain_guess=interface01; artifact_kind=markdown_note; suffix=.md; relative_path=runs/QSB-INTERFACE01F3/authorized_delta_phi_export_staging_preflight_blocked_manifest_schema_20260620T101650Z/FINAL_RESULT_NOTE.md
delta_phi_artifact_samples,interface01,json_document,.json,runs/QSB-INTERFACE01F3/authorized_delta_phi_export_staging_preflight_blocked_no_export_20260620T101320Z/01_f3_run_manifest.json,domain_guess=interface01; artifact_kind=json_document; suffix=.json; relative_path=runs/QSB-INTERFACE01F3/authorized_delta_phi_export_staging_preflight_blocked_no_export_20260620T101320Z/01_f3_run_manifest.json
delta_phi_artifact_samples,interface01,table_csv,.csv,runs/QSB-INTERFACE01F3/authorized_delta_phi_export_staging_preflight_blocked_no_export_20260620T101320Z/02_f2h_review_decision.csv,domain_guess=interface01; artifact_kind=table_csv; suffix=.csv; relative_path=runs/QSB-INTERFACE01F3/authorized_delta_phi_export_staging_preflight_blocked_no_export_20260620T101320Z/02_f2h_review_decision.csv
delta_phi_artifact_samples,interface01,table_csv,.csv,runs/QSB-INTERFACE01F3/authorized_delta_phi_export_staging_preflight_blocked_no_export_20260620T101320Z/03_source_hashes.csv,domain_guess=interface01; artifact_kind=table_csv; suffix=.csv; relative_path=runs/QSB-INTERFACE01F3/authorized_delta_phi_export_staging_preflight_blocked_no_export_20260620T101320Z/03_source_hashes.csv
delta_phi_artifact_samples,interface01,table_csv,.csv,runs/QSB-INTERFACE01F3/authorized_delta_phi_export_staging_preflight_blocked_no_export_20260620T101320Z/04_input_manifest_preflight.csv,domain_guess=interface01; artifact_kind=table_csv; suffix=.csv; relative_path=runs/QSB-INTERFACE01F3/authorized_delta_phi_export_staging_preflight_blocked_no_export_20260620T101320Z/04_input_manifest_preflight.csv
delta_phi_artifact_samples,interface01,table_csv,.csv,runs/QSB-INTERFACE01F3/authorized_delta_phi_export_staging_preflight_blocked_no_export_20260620T101320Z/05_export_mode_decision.csv,domain_guess=interface01; artifact_kind=table_csv; suffix=.csv; relative_path=runs/QSB-INTERFACE01F3/authorized_delta_phi_export_staging_preflight_blocked_no_export_20260620T101320Z/05_export_mode_decision.csv
delta_phi_artifact_samples,interface01,table_csv,.csv,runs/QSB-INTERFACE01F3/authorized_delta_phi_export_staging_preflight_blocked_no_export_20260620T101320Z/06_static_delta_phi_export.csv,domain_guess=interface01; artifact_kind=table_csv; suffix=.csv; relative_path=runs/QSB-INTERFACE01F3/authorized_delta_phi_export_staging_preflight_blocked_no_export_20260620T101320Z/06_static_delta_phi_export.csv
delta_phi_artifact_samples,interface01,table_csv,.csv,runs/QSB-INTERFACE01F3/authorized_delta_phi_export_staging_preflight_blocked_no_export_20260620T101320Z/07_spatial_delta_phi_x_export.csv,domain_guess=interface01; artifact_kind=table_csv; suffix=.csv; relative_path=runs/QSB-INTERFACE01F3/authorized_delta_phi_export_staging_preflight_blocked_no_export_20260620T101320Z/07_spatial_delta_phi_x_export.csv
delta_phi_artifact_samples,interface01,sql_script,.sql,runs/QSB-INTERFACE01F3/authorized_delta_phi_export_staging_preflight_blocked_no_export_20260620T101320Z/08_staging_schema.sql,domain_guess=interface01; artifact_kind=sql_script; suffix=.sql; relative_path=runs/QSB-INTERFACE01F3/authorized_delta_phi_export_staging_preflight_blocked_no_export_20260620T101320Z/08_staging_schema.sql
delta_phi_artifact_samples,interface01,sqlite_db,.sqlite,runs/QSB-INTERFACE01F3/authorized_delta_phi_export_staging_preflight_blocked_no_export_20260620T101320Z/09_delta_phi_staging_preflight.sqlite,domain_guess=interface01; artifact_kind=sqlite_db; suffix=.sqlite; relative_path=runs/QSB-INTERFACE01F3/authorized_delta_phi_export_staging_preflight_blocked_no_export_20260620T101320Z/09_delta_phi_staging_preflight.sqlite
delta_phi_artifact_samples,interface01,table_csv,.csv,runs/QSB-INTERFACE01F3/authorized_delta_phi_export_staging_preflight_blocked_no_export_20260620T101320Z/10_export_validation_results.csv,domain_guess=interface01; artifact_kind=table_csv; suffix=.csv; relative_path=runs/QSB-INTERFACE01F3/authorized_delta_phi_export_staging_preflight_blocked_no_export_20260620T101320Z/10_export_validation_results.csv
delta_phi_artifact_samples,interface01,table_csv,.csv,runs/QSB-INTERFACE01F3/authorized_delta_phi_export_staging_preflight_blocked_no_export_20260620T101320Z/11_g02_g13_decision.csv,domain_guess=interface01; artifact_kind=table_csv; suffix=.csv; relative_path=runs/QSB-INTERFACE01F3/authorized_delta_phi_export_staging_preflight_blocked_no_export_20260620T101320Z/11_g02_g13_decision.csv
delta_phi_artifact_samples,interface01,table_csv,.csv,runs/QSB-INTERFACE01F3/authorized_delta_phi_export_staging_preflight_blocked_no_export_20260620T101320Z/12_review_items.csv,domain_guess=interface01; artifact_kind=table_csv; suffix=.csv; relative_path=runs/QSB-INTERFACE01F3/authorized_delta_phi_export_staging_preflight_blocked_no_export_20260620T101320Z/12_review_items.csv
delta_phi_artifact_samples,interface01,markdown_note,.md,runs/QSB-INTERFACE01F3/authorized_delta_phi_export_staging_preflight_blocked_no_export_20260620T101320Z/FINAL_RESULT_NOTE.md,domain_guess=interface01; artifact_kind=markdown_note; suffix=.md; relative_path=runs/QSB-INTERFACE01F3/authorized_delta_phi_export_staging_preflight_blocked_no_export_20260620T101320Z/FINAL_RESULT_NOTE.md
delta_phi_artifact_samples,interface01,markdown_note,.md,runs/QSB-INTERFACE01F3/authorized_delta_phi_export_staging_preflight/FINAL_RESULT_NOTE.md,domain_guess=interface01; artifact_kind=markdown_note; suffix=.md; relative_path=runs/QSB-INTERFACE01F3/authorized_delta_phi_export_staging_preflight/FINAL_RESULT_NOTE.md
delta_phi_artifact_samples,interface01,json_document,.json,runs/QSB-INTERFACE01F3/input_manifest/interface01f3_delta_phi_input_manifest.diag_policy_exact_value_backup_20260620T101908Z.json,domain_guess=interface01; artifact_kind=json_document; suffix=.json; relative_path=runs/QSB-INTERFACE01F3/input_manifest/interface01f3_delta_phi_input_manifest.diag_policy_exact_value_backup_20260620T101908Z.json
delta_phi_artifact_samples,interface01,json_document,.json,runs/QSB-INTERFACE01F3/input_manifest/interface01f3_delta_phi_input_manifest.diag_policy_exclude_backup_20260620T102221Z.json,domain_guess=interface01; artifact_kind=json_document; suffix=.json; relative_path=runs/QSB-INTERFACE01F3/input_manifest/interface01f3_delta_phi_input_manifest.diag_policy_exclude_backup_20260620T102221Z.json
delta_phi_artifact_samples,interface01,json_document,.json,runs/QSB-INTERFACE01F3/input_manifest/interface01f3_delta_phi_input_manifest.json,domain_guess=interface01; artifact_kind=json_document; suffix=.json; relative_path=runs/QSB-INTERFACE01F3/input_manifest/interface01f3_delta_phi_input_manifest.json
delta_phi_artifact_samples,interface01,json_document,.json,runs/QSB-INTERFACE01F3/input_manifest/interface01f3_delta_phi_input_manifest.pre_xunit_diag_patch_backup_20260620T101605Z.json,domain_guess=interface01; artifact_kind=json_document; suffix=.json; relative_path=runs/QSB-INTERFACE01F3/input_manifest/interface01f3_delta_phi_input_manifest.pre_xunit_diag_patch_backup_20260620T101605Z.json
delta_phi_artifact_samples,interface01,json_document,.json,runs/QSB-INTERFACE01F3/input_manifest/interface01f3_delta_phi_input_manifest.template_backup_20260620T100947Z.json,domain_guess=interface01; artifact_kind=json_document; suffix=.json; relative_path=runs/QSB-INTERFACE01F3/input_manifest/interface01f3_delta_phi_input_manifest.template_backup_20260620T100947Z.json
delta_phi_artifact_samples,interface01,json_document,.json,runs/QSB-INTERFACE01G/minimaltest_design_review_from_staged_delta_phi/01_g_run_manifest.json,domain_guess=interface01; artifact_kind=json_document; suffix=.json; relative_path=runs/QSB-INTERFACE01G/minimaltest_design_review_from_staged_delta_phi/01_g_run_manifest.json
delta_phi_artifact_samples,interface01,table_csv,.csv,runs/QSB-INTERFACE01G/minimaltest_design_review_from_staged_delta_phi/02_f3_source_metadata.csv,domain_guess=interface01; artifact_kind=table_csv; suffix=.csv; relative_path=runs/QSB-INTERFACE01G/minimaltest_design_review_from_staged_delta_phi/02_f3_source_metadata.csv
delta_phi_artifact_samples,interface01,table_csv,.csv,runs/QSB-INTERFACE01G/minimaltest_design_review_from_staged_delta_phi/03_staged_delta_phi_quality_profile.csv,domain_guess=interface01; artifact_kind=table_csv; suffix=.csv; relative_path=runs/QSB-INTERFACE01G/minimaltest_design_review_from_staged_delta_phi/03_staged_delta_phi_quality_profile.csv
delta_phi_artifact_samples,interface01,table_csv,.csv,runs/QSB-INTERFACE01G/minimaltest_design_review_from_staged_delta_phi/04_pair_x_coverage_profile.csv,domain_guess=interface01; artifact_kind=table_csv; suffix=.csv; relative_path=runs/QSB-INTERFACE01G/minimaltest_design_review_from_staged_delta_phi/04_pair_x_coverage_profile.csv
delta_phi_artifact_samples,interface01,table_csv,.csv,runs/QSB-INTERFACE01G/minimaltest_design_review_from_staged_delta_phi/05_pair_phase_source_summary.csv,domain_guess=interface01; artifact_kind=table_csv; suffix=.csv; relative_path=runs/QSB-INTERFACE01G/minimaltest_design_review_from_staged_delta_phi/05_pair_phase_source_summary.csv
delta_phi_artifact_samples,interface01,table_csv,.csv,runs/QSB-INTERFACE01G/minimaltest_design_review_from_staged_delta_phi/06_symmetry_wrapping_validation.csv,domain_guess=interface01; artifact_kind=table_csv; suffix=.csv; relative_path=runs/QSB-INTERFACE01G/minimaltest_design_review_from_staged_delta_phi/06_symmetry_wrapping_validation.csv
delta_phi_artifact_samples,interface01,table_csv,.csv,runs/QSB-INTERFACE01G/minimaltest_design_review_from_staged_delta_phi/07_minimaltest_input_contract.csv,domain_guess=interface01; artifact_kind=table_csv; suffix=.csv; relative_path=runs/QSB-INTERFACE01G/minimaltest_design_review_from_staged_delta_phi/07_minimaltest_input_contract.csv
delta_phi_artifact_samples,interface01,table_csv,.csv,runs/QSB-INTERFACE01G/minimaltest_design_review_from_staged_delta_phi/08_candidate_feature_preview_non_evidential.csv,domain_guess=interface01; artifact_kind=table_csv; suffix=.csv; relative_path=runs/QSB-INTERFACE01G/minimaltest_design_review_from_staged_delta_phi/08_candidate_feature_preview_non_evidential.csv
delta_phi_artifact_samples,interface01,table_csv,.csv,runs/QSB-INTERFACE01G/minimaltest_design_review_from_staged_delta_phi/09_null_model_design_matrix.csv,domain_guess=interface01; artifact_kind=table_csv; suffix=.csv; relative_path=runs/QSB-INTERFACE01G/minimaltest_design_review_from_staged_delta_phi/09_null_model_design_matrix.csv
delta_phi_artifact_samples,interface01,table_csv,.csv,runs/QSB-INTERFACE01G/minimaltest_design_review_from_staged_delta_phi/10_split_seed_plan.csv,domain_guess=interface01; artifact_kind=table_csv; suffix=.csv; relative_path=runs/QSB-INTERFACE01G/minimaltest_design_review_from_staged_delta_phi/10_split_seed_plan.csv
delta_phi_artifact_samples,interface01,table_csv,.csv,runs/QSB-INTERFACE01G/minimaltest_design_review_from_staged_delta_phi/11_theta_epsilon_calibration_plan.csv,domain_guess=interface01; artifact_kind=table_csv; suffix=.csv; relative_path=runs/QSB-INTERFACE01G/minimaltest_design_review_from_staged_delta_phi/11_theta_epsilon_calibration_plan.csv
delta_phi_artifact_samples,interface01,table_csv,.csv,runs/QSB-INTERFACE01G/minimaltest_design_review_from_staged_delta_phi/12_next_action_decision.csv,domain_guess=interface01; artifact_kind=table_csv; suffix=.csv; relative_path=runs/QSB-INTERFACE01G/minimaltest_design_review_from_staged_delta_phi/12_next_action_decision.csv
delta_phi_artifact_samples,interface01,markdown_note,.md,runs/QSB-INTERFACE01G/minimaltest_design_review_from_staged_delta_phi/FINAL_RESULT_NOTE.md,domain_guess=interface01; artifact_kind=markdown_note; suffix=.md; relative_path=runs/QSB-INTERFACE01G/minimaltest_design_review_from_staged_delta_phi/FINAL_RESULT_NOTE.md
delta_phi_artifact_samples,interface01,json_document,.json,runs/QSB-INTERFACE01H/controlled_minimal_pilot_from_staged_delta_phi/01_h_run_manifest.json,domain_guess=interface01; artifact_kind=json_document; suffix=.json; relative_path=runs/QSB-INTERFACE01H/controlled_minimal_pilot_from_staged_delta_phi/01_h_run_manifest.json
delta_phi_artifact_samples,interface01,table_csv,.csv,runs/QSB-INTERFACE01H/controlled_minimal_pilot_from_staged_delta_phi/02_input_source_profile.csv,domain_guess=interface01; artifact_kind=table_csv; suffix=.csv; relative_path=runs/QSB-INTERFACE01H/controlled_minimal_pilot_from_staged_delta_phi/02_input_source_profile.csv
delta_phi_artifact_samples,interface01,table_csv,.csv,runs/QSB-INTERFACE01H/controlled_minimal_pilot_from_staged_delta_phi/03_pair_feature_table.csv,domain_guess=interface01; artifact_kind=table_csv; suffix=.csv; relative_path=runs/QSB-INTERFACE01H/controlled_minimal_pilot_from_staged_delta_phi/03_pair_feature_table.csv
delta_phi_artifact_samples,interface01,table_csv,.csv,runs/QSB-INTERFACE01H/controlled_minimal_pilot_from_staged_delta_phi/04_split_assignment_summary.csv,domain_guess=interface01; artifact_kind=table_csv; suffix=.csv; relative_path=runs/QSB-INTERFACE01H/controlled_minimal_pilot_from_staged_delta_phi/04_split_assignment_summary.csv
delta_phi_artifact_samples,interface01,table_csv,.csv,runs/QSB-INTERFACE01H/controlled_minimal_pilot_from_staged_delta_phi/05_threshold_preview.csv,domain_guess=interface01; artifact_kind=table_csv; suffix=.csv; relative_path=runs/QSB-INTERFACE01H/controlled_minimal_pilot_from_staged_delta_phi/05_threshold_preview.csv
delta_phi_artifact_samples,interface01,table_csv,.csv,runs/QSB-INTERFACE01H/controlled_minimal_pilot_from_staged_delta_phi/06_null_model_summary.csv,domain_guess=interface01; artifact_kind=table_csv; suffix=.csv; relative_path=runs/QSB-INTERFACE01H/controlled_minimal_pilot_from_staged_delta_phi/06_null_model_summary.csv
delta_phi_artifact_samples,interface01,table_csv,.csv,runs/QSB-INTERFACE01H/controlled_minimal_pilot_from_staged_delta_phi/07_null_model_pair_features.csv,domain_guess=interface01; artifact_kind=table_csv; suffix=.csv; relative_path=runs/QSB-INTERFACE01H/controlled_minimal_pilot_from_staged_delta_phi/07_null_model_pair_features.csv
delta_phi_artifact_samples,interface01,table_csv,.csv,runs/QSB-INTERFACE01H/controlled_minimal_pilot_from_staged_delta_phi/08_antisymmetry_partner_review.csv,domain_guess=interface01; artifact_kind=table_csv; suffix=.csv; relative_path=runs/QSB-INTERFACE01H/controlled_minimal_pilot_from_staged_delta_phi/08_antisymmetry_partner_review.csv
delta_phi_artifact_samples,interface01,table_csv,.csv,runs/QSB-INTERFACE01H/controlled_minimal_pilot_from_staged_delta_phi/09_manifest_p_mapping_review.csv,domain_guess=interface01; artifact_kind=table_csv; suffix=.csv; relative_path=runs/QSB-INTERFACE01H/controlled_minimal_pilot_from_staged_delta_phi/09_manifest_p_mapping_review.csv
delta_phi_artifact_samples,interface01,table_csv,.csv,runs/QSB-INTERFACE01H/controlled_minimal_pilot_from_staged_delta_phi/10_validation_results.csv,domain_guess=interface01; artifact_kind=table_csv; suffix=.csv; relative_path=runs/QSB-INTERFACE01H/controlled_minimal_pilot_from_staged_delta_phi/10_validation_results.csv
delta_phi_artifact_samples,interface01,table_csv,.csv,runs/QSB-INTERFACE01H/controlled_minimal_pilot_from_staged_delta_phi/11_pilot_decision_table.csv,domain_guess=interface01; artifact_kind=table_csv; suffix=.csv; relative_path=runs/QSB-INTERFACE01H/controlled_minimal_pilot_from_staged_delta_phi/11_pilot_decision_table.csv
delta_phi_artifact_samples,interface01,table_csv,.csv,runs/QSB-INTERFACE01H/controlled_minimal_pilot_from_staged_delta_phi/12_review_items.csv,domain_guess=interface01; artifact_kind=table_csv; suffix=.csv; relative_path=runs/QSB-INTERFACE01H/controlled_minimal_pilot_from_staged_delta_phi/12_review_items.csv
delta_phi_artifact_samples,interface01,table_csv,.csv,runs/QSB-INTERFACE01H/controlled_minimal_pilot_from_staged_delta_phi/13_claim_boundary_audit.csv,domain_guess=interface01; artifact_kind=table_csv; suffix=.csv; relative_path=runs/QSB-INTERFACE01H/controlled_minimal_pilot_from_staged_delta_phi/13_claim_boundary_audit.csv
delta_phi_artifact_samples,interface01,markdown_note,.md,runs/QSB-INTERFACE01H/controlled_minimal_pilot_from_staged_delta_phi/FINAL_RESULT_NOTE.md,domain_guess=interface01; artifact_kind=markdown_note; suffix=.md; relative_path=runs/QSB-INTERFACE01H/controlled_minimal_pilot_from_staged_delta_phi/FINAL_RESULT_NOTE.md
delta_phi_artifact_samples,interface01,python_script,.py,scripts/qsb_interface01f0/delta_phi_source_scout_preflight.py,domain_guess=interface01; artifact_kind=python_script; suffix=.py; relative_path=scripts/qsb_interface01f0/delta_phi_source_scout_preflight.py
delta_phi_artifact_samples,interface01,python_script,.py,scripts/qsb_interface01f2/interference_kernel_delta_phi_export_contract.py,domain_guess=interface01; artifact_kind=python_script; suffix=.py; relative_path=scripts/qsb_interface01f2/interference_kernel_delta_phi_export_contract.py
delta_phi_artifact_samples,interface01,python_script,.py,scripts/qsb_interface01f3/authorized_delta_phi_export_staging_preflight.py,domain_guess=interface01; artifact_kind=python_script; suffix=.py; relative_path=scripts/qsb_interface01f3/authorized_delta_phi_export_staging_preflight.py
delta_phi_artifact_samples,interface01,python_script,.py,scripts/qsb_interface01g/minimaltest_design_review_from_staged_delta_phi.py,domain_guess=interface01; artifact_kind=python_script; suffix=.py; relative_path=scripts/qsb_interface01g/minimaltest_design_review_from_staged_delta_phi.py
delta_phi_artifact_samples,interface01,python_script,.py,scripts/qsb_interface01h/controlled_minimal_pilot_from_staged_delta_phi.py,domain_guess=interface01; artifact_kind=python_script; suffix=.py; relative_path=scripts/qsb_interface01h/controlled_minimal_pilot_from_staged_delta_phi.py
relalg_artifact_samples,relalg,other,.yaml,data/qsb_st_comp01d1k_deterministic_synthetic_phase_field_exposure_config.yaml,domain_guess=relalg; artifact_kind=other; suffix=.yaml; relative_path=data/qsb_st_comp01d1k_deterministic_synthetic_phase_field_exposure_config.yaml
relalg_artifact_samples,relalg,markdown_note,.md,docs/QSB_ST_COMP01D1K_DETERMINISTIC_SYNTHETIC_PHASE_FIELD_EXPOSURE_EXTENSION_PLAN.md,domain_guess=relalg; artifact_kind=markdown_note; suffix=.md; relative_path=docs/QSB_ST_COMP01D1K_DETERMINISTIC_SYNTHETIC_PHASE_FIELD_EXPOSURE_EXTENSION_PLAN.md
relalg_artifact_samples,relalg,markdown_note,.md,docs/QSB_ST_COMP01D1K_DETERMINISTIC_SYNTHETIC_PHASE_FIELD_EXPOSURE_EXTENSION_RESULT_NOTE.md,domain_guess=relalg; artifact_kind=markdown_note; suffix=.md; relative_path=docs/QSB_ST_COMP01D1K_DETERMINISTIC_SYNTHETIC_PHASE_FIELD_EXPOSURE_EXTENSION_RESULT_NOTE.md
relalg_artifact_samples,relalg,markdown_note,.md,docs/QSB_ST_COMP01D1K_DETERMINISTIC_SYNTHETIC_PHASE_FIELD_EXPOSURE_EXTENSION_RESULT_NOTE_TEMPLATE.md,domain_guess=relalg; artifact_kind=markdown_note; suffix=.md; relative_path=docs/QSB_ST_COMP01D1K_DETERMINISTIC_SYNTHETIC_PHASE_FIELD_EXPOSURE_EXTENSION_RESULT_NOTE_TEMPLATE.md
relalg_artifact_samples,relalg,json_document,.json,runs/QSB-META-RELALG-SYNC-MIN/qsb_meta_relalg_sync_min_after_counts.json,domain_guess=relalg; artifact_kind=json_document; suffix=.json; relative_path=runs/QSB-META-RELALG-SYNC-MIN/qsb_meta_relalg_sync_min_after_counts.json
relalg_artifact_samples,relalg,json_document,.json,runs/QSB-META-RELALG-SYNC-MIN/qsb_meta_relalg_sync_min_before_counts.json,domain_guess=relalg; artifact_kind=json_document; suffix=.json; relative_path=runs/QSB-META-RELALG-SYNC-MIN/qsb_meta_relalg_sync_min_before_counts.json
relalg_artifact_samples,relalg,table_csv,.csv,runs/QSB-META-RELALG-SYNC-MIN/qsb_meta_relalg_sync_min_inserted_or_updated_rows.csv,domain_guess=relalg; artifact_kind=table_csv; suffix=.csv; relative_path=runs/QSB-META-RELALG-SYNC-MIN/qsb_meta_relalg_sync_min_inserted_or_updated_rows.csv
relalg_artifact_samples,relalg,json_document,.json,runs/QSB-META-RELALG-SYNC-MIN/qsb_meta_relalg_sync_min_manifest.json,domain_guess=relalg; artifact_kind=json_document; suffix=.json; relative_path=runs/QSB-META-RELALG-SYNC-MIN/qsb_meta_relalg_sync_min_manifest.json
relalg_artifact_samples,relalg,json_document,.json,runs/QSB-META-RELALG-SYNC-MIN/qsb_meta_relalg_sync_min_next_step_gate.json,domain_guess=relalg; artifact_kind=json_document; suffix=.json; relative_path=runs/QSB-META-RELALG-SYNC-MIN/qsb_meta_relalg_sync_min_next_step_gate.json
relalg_artifact_samples,relalg,table_csv,.csv,runs/QSB-META-RELALG-SYNC-MIN/qsb_meta_relalg_sync_min_plan.csv,domain_guess=relalg; artifact_kind=table_csv; suffix=.csv; relative_path=runs/QSB-META-RELALG-SYNC-MIN/qsb_meta_relalg_sync_min_plan.csv
relalg_artifact_samples,relalg,json_document,.json,runs/QSB-META-RELALG-SYNC-MIN/qsb_meta_relalg_sync_min_precheck.json,domain_guess=relalg; artifact_kind=json_document; suffix=.json; relative_path=runs/QSB-META-RELALG-SYNC-MIN/qsb_meta_relalg_sync_min_precheck.json
relalg_artifact_samples,relalg,markdown_note,.md,runs/QSB-META-RELALG-SYNC-MIN/qsb_meta_relalg_sync_min_readout.md,domain_guess=relalg; artifact_kind=markdown_note; suffix=.md; relative_path=runs/QSB-META-RELALG-SYNC-MIN/qsb_meta_relalg_sync_min_readout.md
relalg_artifact_samples,relalg,sql_script,.sql,runs/QSB-META-RELALG-SYNC-MIN/qsb_meta_relalg_sync_min_sql_preview.sql,domain_guess=relalg; artifact_kind=sql_script; suffix=.sql; relative_path=runs/QSB-META-RELALG-SYNC-MIN/qsb_meta_relalg_sync_min_sql_preview.sql
relalg_artifact_samples,relalg,summary_json,.json,runs/QSB-META-RELALG-SYNC-MIN/qsb_meta_relalg_sync_min_summary.json,domain_guess=relalg; artifact_kind=summary_json; suffix=.json; relative_path=runs/QSB-META-RELALG-SYNC-MIN/qsb_meta_relalg_sync_min_summary.json
relalg_artifact_samples,relalg,json_document,.json,runs/QSB-META-RELALG-SYNC-MIN/qsb_meta_relalg_sync_min_validation_report.json,domain_guess=relalg; artifact_kind=json_document; suffix=.json; relative_path=runs/QSB-META-RELALG-SYNC-MIN/qsb_meta_relalg_sync_min_validation_report.json
relalg_artifact_samples,relalg,table_csv,.csv,runs/QSB-RELALG-AX01/qsb_relalg_ax01_admissibility_rules.csv,domain_guess=relalg; artifact_kind=table_csv; suffix=.csv; relative_path=runs/QSB-RELALG-AX01/qsb_relalg_ax01_admissibility_rules.csv
relalg_artifact_samples,relalg,markdown_note,.md,runs/QSB-RELALG-AX01/qsb_relalg_ax01_claim_boundary_report.md,domain_guess=relalg; artifact_kind=markdown_note; suffix=.md; relative_path=runs/QSB-RELALG-AX01/qsb_relalg_ax01_claim_boundary_report.md
relalg_artifact_samples,relalg,markdown_note,.md,runs/QSB-RELALG-AX01/qsb_relalg_ax01_contract.md,domain_guess=relalg; artifact_kind=markdown_note; suffix=.md; relative_path=runs/QSB-RELALG-AX01/qsb_relalg_ax01_contract.md
relalg_artifact_samples,relalg,table_csv,.csv,runs/QSB-RELALG-AX01/qsb_relalg_ax01_definitions.csv,domain_guess=relalg; artifact_kind=table_csv; suffix=.csv; relative_path=runs/QSB-RELALG-AX01/qsb_relalg_ax01_definitions.csv
relalg_artifact_samples,relalg,table_csv,.csv,runs/QSB-RELALG-AX01/qsb_relalg_ax01_forbidden_claims.csv,domain_guess=relalg; artifact_kind=table_csv; suffix=.csv; relative_path=runs/QSB-RELALG-AX01/qsb_relalg_ax01_forbidden_claims.csv
relalg_artifact_samples,relalg,json_document,.json,runs/QSB-RELALG-AX01/qsb_relalg_ax01_manifest.json,domain_guess=relalg; artifact_kind=json_document; suffix=.json; relative_path=runs/QSB-RELALG-AX01/qsb_relalg_ax01_manifest.json
relalg_artifact_samples,relalg,json_document,.json,runs/QSB-RELALG-AX01/qsb_relalg_ax01_next_step_gate.json,domain_guess=relalg; artifact_kind=json_document; suffix=.json; relative_path=runs/QSB-RELALG-AX01/qsb_relalg_ax01_next_step_gate.json
relalg_artifact_samples,relalg,table_csv,.csv,runs/QSB-RELALG-AX01/qsb_relalg_ax01_orientation_arg_policy.csv,domain_guess=relalg; artifact_kind=table_csv; suffix=.csv; relative_path=runs/QSB-RELALG-AX01/qsb_relalg_ax01_orientation_arg_policy.csv
relalg_artifact_samples,relalg,markdown_note,.md,runs/QSB-RELALG-AX01/QSB-RELALG-AX01_RUN_SUMMARY.md,domain_guess=relalg; artifact_kind=markdown_note; suffix=.md; relative_path=runs/QSB-RELALG-AX01/QSB-RELALG-AX01_RUN_SUMMARY.md
relalg_artifact_samples,relalg,table_csv,.csv,runs/QSB-RELALG-AX01/qsb_relalg_ax01_source_coherence_rules.csv,domain_guess=relalg; artifact_kind=table_csv; suffix=.csv; relative_path=runs/QSB-RELALG-AX01/qsb_relalg_ax01_source_coherence_rules.csv
relalg_artifact_samples,relalg,table_csv,.csv,runs/QSB-RELALG-AX01/qsb_relalg_ax01_symbol_table.csv,domain_guess=relalg; artifact_kind=table_csv; suffix=.csv; relative_path=runs/QSB-RELALG-AX01/qsb_relalg_ax01_symbol_table.csv
relalg_artifact_samples,relalg,table_csv,.csv,runs/QSB-RELALG-AX01/qsb_relalg_ax01_threshold_policy.csv,domain_guess=relalg; artifact_kind=table_csv; suffix=.csv; relative_path=runs/QSB-RELALG-AX01/qsb_relalg_ax01_threshold_policy.csv
relalg_artifact_samples,relalg,table_csv,.csv,runs/QSB-RELALG-AX01/qsb_relalg_ax01_transformation_rules.csv,domain_guess=relalg; artifact_kind=table_csv; suffix=.csv; relative_path=runs/QSB-RELALG-AX01/qsb_relalg_ax01_transformation_rules.csv
relalg_artifact_samples,relalg,json_document,.json,runs/QSB-RELALG-AX01/qsb_relalg_ax01_validation_report.json,domain_guess=relalg; artifact_kind=json_document; suffix=.json; relative_path=runs/QSB-RELALG-AX01/qsb_relalg_ax01_validation_report.json
relalg_artifact_samples,relalg,json_document,.json,runs/QSB-RELALG-AX01-TERM/qsb_relalg_ax01_term_ax01_readiness_gate.json,domain_guess=relalg; artifact_kind=json_document; suffix=.json; relative_path=runs/QSB-RELALG-AX01-TERM/qsb_relalg_ax01_term_ax01_readiness_gate.json
relalg_artifact_samples,relalg,markdown_note,.md,runs/QSB-RELALG-AX01-TERM/qsb_relalg_ax01_term_claim_boundary_report.md,domain_guess=relalg; artifact_kind=markdown_note; suffix=.md; relative_path=runs/QSB-RELALG-AX01-TERM/qsb_relalg_ax01_term_claim_boundary_report.md
relalg_artifact_samples,relalg,table_csv,.csv,runs/QSB-RELALG-AX01-TERM/qsb_relalg_ax01_term_definitions.csv,domain_guess=relalg; artifact_kind=table_csv; suffix=.csv; relative_path=runs/QSB-RELALG-AX01-TERM/qsb_relalg_ax01_term_definitions.csv
relalg_artifact_samples,relalg,table_csv,.csv,runs/QSB-RELALG-AX01-TERM/qsb_relalg_ax01_term_forbidden_claims.csv,domain_guess=relalg; artifact_kind=table_csv; suffix=.csv; relative_path=runs/QSB-RELALG-AX01-TERM/qsb_relalg_ax01_term_forbidden_claims.csv
relalg_artifact_samples,relalg,table_csv,.csv,runs/QSB-RELALG-AX01-TERM/qsb_relalg_ax01_term_loop_validity_rules.csv,domain_guess=relalg; artifact_kind=table_csv; suffix=.csv; relative_path=runs/QSB-RELALG-AX01-TERM/qsb_relalg_ax01_term_loop_validity_rules.csv
relalg_artifact_samples,relalg,json_document,.json,runs/QSB-RELALG-AX01-TERM/qsb_relalg_ax01_term_manifest.json,domain_guess=relalg; artifact_kind=json_document; suffix=.json; relative_path=runs/QSB-RELALG-AX01-TERM/qsb_relalg_ax01_term_manifest.json
relalg_artifact_samples,relalg,markdown_note,.md,runs/QSB-RELALG-AX01-TERM/qsb_relalg_ax01_term.md,domain_guess=relalg; artifact_kind=markdown_note; suffix=.md; relative_path=runs/QSB-RELALG-AX01-TERM/qsb_relalg_ax01_term.md
relalg_artifact_samples,relalg,markdown_note,.md,runs/QSB-RELALG-AX01-TERM/QSB-RELALG-AX01-TERM_RUN_SUMMARY.md,domain_guess=relalg; artifact_kind=markdown_note; suffix=.md; relative_path=runs/QSB-RELALG-AX01-TERM/QSB-RELALG-AX01-TERM_RUN_SUMMARY.md
relalg_artifact_samples,relalg,table_csv,.csv,runs/QSB-RELALG-AX01-TERM/qsb_relalg_ax01_term_source_coherence_rules.csv,domain_guess=relalg; artifact_kind=table_csv; suffix=.csv; relative_path=runs/QSB-RELALG-AX01-TERM/qsb_relalg_ax01_term_source_coherence_rules.csv
relalg_artifact_samples,relalg,table_csv,.csv,runs/QSB-RELALG-AX01-TERM/qsb_relalg_ax01_term_symbols.csv,domain_guess=relalg; artifact_kind=table_csv; suffix=.csv; relative_path=runs/QSB-RELALG-AX01-TERM/qsb_relalg_ax01_term_symbols.csv
relalg_artifact_samples,relalg,table_csv,.csv,runs/QSB-RELALG-AX01-TERM/qsb_relalg_ax01_term_threshold_policy.csv,domain_guess=relalg; artifact_kind=table_csv; suffix=.csv; relative_path=runs/QSB-RELALG-AX01-TERM/qsb_relalg_ax01_term_threshold_policy.csv
relalg_artifact_samples,relalg,table_csv,.csv,runs/QSB-RELALG-AX01-TERM/qsb_relalg_ax01_term_transform_rules.csv,domain_guess=relalg; artifact_kind=table_csv; suffix=.csv; relative_path=runs/QSB-RELALG-AX01-TERM/qsb_relalg_ax01_term_transform_rules.csv
relalg_artifact_samples,relalg,json_document,.json,runs/QSB-RELALG-AX01-TERM/qsb_relalg_ax01_term_validation_report.json,domain_guess=relalg; artifact_kind=json_document; suffix=.json; relative_path=runs/QSB-RELALG-AX01-TERM/qsb_relalg_ax01_term_validation_report.json
relalg_artifact_samples,relalg,markdown_note,.md,runs/QSB-RELALG-GAUGE01/qsb_relalg_gauge01_claim_boundary_report.md,domain_guess=relalg; artifact_kind=markdown_note; suffix=.md; relative_path=runs/QSB-RELALG-GAUGE01/qsb_relalg_gauge01_claim_boundary_report.md
relalg_artifact_samples,relalg,json_document,.json,runs/QSB-RELALG-GAUGE01/qsb_relalg_gauge01_config.json,domain_guess=relalg; artifact_kind=json_document; suffix=.json; relative_path=runs/QSB-RELALG-GAUGE01/qsb_relalg_gauge01_config.json
relalg_artifact_samples,relalg,table_csv,.csv,runs/QSB-RELALG-GAUGE01/qsb_relalg_gauge01_invalid_loop_controls.csv,domain_guess=relalg; artifact_kind=table_csv; suffix=.csv; relative_path=runs/QSB-RELALG-GAUGE01/qsb_relalg_gauge01_invalid_loop_controls.csv
relalg_artifact_samples,relalg,table_csv,.csv,runs/QSB-RELALG-GAUGE01/qsb_relalg_gauge01_loop_phase_invariance.csv,domain_guess=relalg; artifact_kind=table_csv; suffix=.csv; relative_path=runs/QSB-RELALG-GAUGE01/qsb_relalg_gauge01_loop_phase_invariance.csv
relalg_artifact_samples,relalg,json_document,.json,runs/QSB-RELALG-GAUGE01/qsb_relalg_gauge01_manifest.json,domain_guess=relalg; artifact_kind=json_document; suffix=.json; relative_path=runs/QSB-RELALG-GAUGE01/qsb_relalg_gauge01_manifest.json
relalg_artifact_samples,relalg,json_document,.json,runs/QSB-RELALG-GAUGE01/qsb_relalg_gauge01_next_step_gate.json,domain_guess=relalg; artifact_kind=json_document; suffix=.json; relative_path=runs/QSB-RELALG-GAUGE01/qsb_relalg_gauge01_next_step_gate.json
relalg_artifact_samples,relalg,table_csv,.csv,runs/QSB-RELALG-GAUGE01/qsb_relalg_gauge01_pair_relation_invariance.csv,domain_guess=relalg; artifact_kind=table_csv; suffix=.csv; relative_path=runs/QSB-RELALG-GAUGE01/qsb_relalg_gauge01_pair_relation_invariance.csv
relalg_artifact_samples,relalg,table_csv,.csv,runs/QSB-RELALG-GAUGE01/qsb_relalg_gauge01_pair_relations.csv,domain_guess=relalg; artifact_kind=table_csv; suffix=.csv; relative_path=runs/QSB-RELALG-GAUGE01/qsb_relalg_gauge01_pair_relations.csv
relalg_artifact_samples,relalg,table_csv,.csv,runs/QSB-RELALG-GAUGE01/qsb_relalg_gauge01_rephasing_cases.csv,domain_guess=relalg; artifact_kind=table_csv; suffix=.csv; relative_path=runs/QSB-RELALG-GAUGE01/qsb_relalg_gauge01_rephasing_cases.csv
relalg_artifact_samples,relalg,markdown_note,.md,runs/QSB-RELALG-GAUGE01/qsb_relalg_gauge01_result_note.md,domain_guess=relalg; artifact_kind=markdown_note; suffix=.md; relative_path=runs/QSB-RELALG-GAUGE01/qsb_relalg_gauge01_result_note.md
relalg_artifact_samples,relalg,markdown_note,.md,runs/QSB-RELALG-GAUGE01/QSB-RELALG-GAUGE01_RUN_SUMMARY.md,domain_guess=relalg; artifact_kind=markdown_note; suffix=.md; relative_path=runs/QSB-RELALG-GAUGE01/QSB-RELALG-GAUGE01_RUN_SUMMARY.md
relalg_artifact_samples,relalg,table_csv,.csv,runs/QSB-RELALG-GAUGE01/qsb_relalg_gauge01_synthetic_states.csv,domain_guess=relalg; artifact_kind=table_csv; suffix=.csv; relative_path=runs/QSB-RELALG-GAUGE01/qsb_relalg_gauge01_synthetic_states.csv
relalg_artifact_samples,relalg,json_document,.json,runs/QSB-RELALG-GAUGE01/qsb_relalg_gauge01_validation_report.json,domain_guess=relalg; artifact_kind=json_document; suffix=.json; relative_path=runs/QSB-RELALG-GAUGE01/qsb_relalg_gauge01_validation_report.json
relalg_artifact_samples,relalg,markdown_note,.md,runs/QSB-RELALG-LOOP01-MIN/qsb_relalg_loop01_min_claim_boundary_report.md,domain_guess=relalg; artifact_kind=markdown_note; suffix=.md; relative_path=runs/QSB-RELALG-LOOP01-MIN/qsb_relalg_loop01_min_claim_boundary_report.md
relalg_artifact_samples,relalg,json_document,.json,runs/QSB-RELALG-LOOP01-MIN/qsb_relalg_loop01_min_config.json,domain_guess=relalg; artifact_kind=json_document; suffix=.json; relative_path=runs/QSB-RELALG-LOOP01-MIN/qsb_relalg_loop01_min_config.json
relalg_artifact_samples,relalg,table_csv,.csv,runs/QSB-RELALG-LOOP01-MIN/qsb_relalg_loop01_min_invalid_loop_controls.csv,domain_guess=relalg; artifact_kind=table_csv; suffix=.csv; relative_path=runs/QSB-RELALG-LOOP01-MIN/qsb_relalg_loop01_min_invalid_loop_controls.csv
relalg_artifact_samples,relalg,table_csv,.csv,runs/QSB-RELALG-LOOP01-MIN/qsb_relalg_loop01_min_loop_catalog.csv,domain_guess=relalg; artifact_kind=table_csv; suffix=.csv; relative_path=runs/QSB-RELALG-LOOP01-MIN/qsb_relalg_loop01_min_loop_catalog.csv
relalg_artifact_samples,relalg,table_csv,.csv,runs/QSB-RELALG-LOOP01-MIN/qsb_relalg_loop01_min_loop_phase_results.csv,domain_guess=relalg; artifact_kind=table_csv; suffix=.csv; relative_path=runs/QSB-RELALG-LOOP01-MIN/qsb_relalg_loop01_min_loop_phase_results.csv
relalg_artifact_samples,relalg,json_document,.json,runs/QSB-RELALG-LOOP01-MIN/qsb_relalg_loop01_min_manifest.json,domain_guess=relalg; artifact_kind=json_document; suffix=.json; relative_path=runs/QSB-RELALG-LOOP01-MIN/qsb_relalg_loop01_min_manifest.json
relalg_artifact_samples,relalg,json_document,.json,runs/QSB-RELALG-LOOP01-MIN/qsb_relalg_loop01_min_next_step_gate.json,domain_guess=relalg; artifact_kind=json_document; suffix=.json; relative_path=runs/QSB-RELALG-LOOP01-MIN/qsb_relalg_loop01_min_next_step_gate.json
relalg_artifact_samples,relalg,table_csv,.csv,runs/QSB-RELALG-LOOP01-MIN/qsb_relalg_loop01_min_orientation_reversal_checks.csv,domain_guess=relalg; artifact_kind=table_csv; suffix=.csv; relative_path=runs/QSB-RELALG-LOOP01-MIN/qsb_relalg_loop01_min_orientation_reversal_checks.csv
relalg_artifact_samples,relalg,table_csv,.csv,runs/QSB-RELALG-LOOP01-MIN/qsb_relalg_loop01_min_pair_relations.csv,domain_guess=relalg; artifact_kind=table_csv; suffix=.csv; relative_path=runs/QSB-RELALG-LOOP01-MIN/qsb_relalg_loop01_min_pair_relations.csv
relalg_artifact_samples,relalg,markdown_note,.md,runs/QSB-RELALG-LOOP01-MIN/QSB-RELALG-LOOP01-MIN_RUN_SUMMARY.md,domain_guess=relalg; artifact_kind=markdown_note; suffix=.md; relative_path=runs/QSB-RELALG-LOOP01-MIN/QSB-RELALG-LOOP01-MIN_RUN_SUMMARY.md
relalg_artifact_samples,relalg,table_csv,.csv,runs/QSB-RELALG-LOOP01-MIN/qsb_relalg_loop01_min_source_coherence_checks.csv,domain_guess=relalg; artifact_kind=table_csv; suffix=.csv; relative_path=runs/QSB-RELALG-LOOP01-MIN/qsb_relalg_loop01_min_source_coherence_checks.csv
relalg_artifact_samples,relalg,table_csv,.csv,runs/QSB-RELALG-LOOP01-MIN/qsb_relalg_loop01_min_synthetic_states.csv,domain_guess=relalg; artifact_kind=table_csv; suffix=.csv; relative_path=runs/QSB-RELALG-LOOP01-MIN/qsb_relalg_loop01_min_synthetic_states.csv
relalg_artifact_samples,relalg,table_csv,.csv,runs/QSB-RELALG-LOOP01-MIN/qsb_relalg_loop01_min_threshold_checks.csv,domain_guess=relalg; artifact_kind=table_csv; suffix=.csv; relative_path=runs/QSB-RELALG-LOOP01-MIN/qsb_relalg_loop01_min_threshold_checks.csv
relalg_artifact_samples,relalg,json_document,.json,runs/QSB-RELALG-LOOP01-MIN/qsb_relalg_loop01_min_validation_report.json,domain_guess=relalg; artifact_kind=json_document; suffix=.json; relative_path=runs/QSB-RELALG-LOOP01-MIN/qsb_relalg_loop01_min_validation_report.json
relalg_artifact_samples,relalg,table_csv,.csv,runs/QSB-RELALG-NULL01-MIN/qsb_relalg_null01_min_baseline_summary.csv,domain_guess=relalg; artifact_kind=table_csv; suffix=.csv; relative_path=runs/QSB-RELALG-NULL01-MIN/qsb_relalg_null01_min_baseline_summary.csv
relalg_artifact_samples,relalg,markdown_note,.md,runs/QSB-RELALG-NULL01-MIN/qsb_relalg_null01_min_claim_boundary_report.md,domain_guess=relalg; artifact_kind=markdown_note; suffix=.md; relative_path=runs/QSB-RELALG-NULL01-MIN/qsb_relalg_null01_min_claim_boundary_report.md
relalg_artifact_samples,relalg,json_document,.json,runs/QSB-RELALG-NULL01-MIN/qsb_relalg_null01_min_config.json,domain_guess=relalg; artifact_kind=json_document; suffix=.json; relative_path=runs/QSB-RELALG-NULL01-MIN/qsb_relalg_null01_min_config.json
relalg_artifact_samples,relalg,table_csv,.csv,runs/QSB-RELALG-NULL01-MIN/qsb_relalg_null01_min_invalid_controls.csv,domain_guess=relalg; artifact_kind=table_csv; suffix=.csv; relative_path=runs/QSB-RELALG-NULL01-MIN/qsb_relalg_null01_min_invalid_controls.csv
relalg_artifact_samples,relalg,json_document,.json,runs/QSB-RELALG-NULL01-MIN/qsb_relalg_null01_min_manifest.json,domain_guess=relalg; artifact_kind=json_document; suffix=.json; relative_path=runs/QSB-RELALG-NULL01-MIN/qsb_relalg_null01_min_manifest.json
relalg_artifact_samples,relalg,json_document,.json,runs/QSB-RELALG-NULL01-MIN/qsb_relalg_null01_min_next_step_gate.json,domain_guess=relalg; artifact_kind=json_document; suffix=.json; relative_path=runs/QSB-RELALG-NULL01-MIN/qsb_relalg_null01_min_next_step_gate.json
relalg_artifact_samples,relalg,table_csv,.csv,runs/QSB-RELALG-NULL01-MIN/qsb_relalg_null01_min_nullmodel_comparison.csv,domain_guess=relalg; artifact_kind=table_csv; suffix=.csv; relative_path=runs/QSB-RELALG-NULL01-MIN/qsb_relalg_null01_min_nullmodel_comparison.csv
relalg_artifact_samples,relalg,table_csv,.csv,runs/QSB-RELALG-NULL01-MIN/qsb_relalg_null01_min_nullmodel_loop_results.csv,domain_guess=relalg; artifact_kind=table_csv; suffix=.csv; relative_path=runs/QSB-RELALG-NULL01-MIN/qsb_relalg_null01_min_nullmodel_loop_results.csv
relalg_artifact_samples,relalg,table_csv,.csv,runs/QSB-RELALG-NULL01-MIN/qsb_relalg_null01_min_nullmodel_pair_relations.csv,domain_guess=relalg; artifact_kind=table_csv; suffix=.csv; relative_path=runs/QSB-RELALG-NULL01-MIN/qsb_relalg_null01_min_nullmodel_pair_relations.csv
relalg_artifact_samples,relalg,table_csv,.csv,runs/QSB-RELALG-NULL01-MIN/qsb_relalg_null01_min_nullmodel_registry.csv,domain_guess=relalg; artifact_kind=table_csv; suffix=.csv; relative_path=runs/QSB-RELALG-NULL01-MIN/qsb_relalg_null01_min_nullmodel_registry.csv
relalg_artifact_samples,relalg,table_csv,.csv,runs/QSB-RELALG-NULL01-MIN/qsb_relalg_null01_min_orientation_report.csv,domain_guess=relalg; artifact_kind=table_csv; suffix=.csv; relative_path=runs/QSB-RELALG-NULL01-MIN/qsb_relalg_null01_min_orientation_report.csv
relalg_artifact_samples,relalg,json_document,.json,runs/QSB-RELALG-NULL01-MIN/qsb_relalg_null01_min_prerequisite_report.json,domain_guess=relalg; artifact_kind=json_document; suffix=.json; relative_path=runs/QSB-RELALG-NULL01-MIN/qsb_relalg_null01_min_prerequisite_report.json
relalg_artifact_samples,relalg,markdown_note,.md,runs/QSB-RELALG-NULL01-MIN/QSB-RELALG-NULL01-MIN_RUN_SUMMARY.md,domain_guess=relalg; artifact_kind=markdown_note; suffix=.md; relative_path=runs/QSB-RELALG-NULL01-MIN/QSB-RELALG-NULL01-MIN_RUN_SUMMARY.md
relalg_artifact_samples,relalg,table_csv,.csv,runs/QSB-RELALG-NULL01-MIN/qsb_relalg_null01_min_threshold_report.csv,domain_guess=relalg; artifact_kind=table_csv; suffix=.csv; relative_path=runs/QSB-RELALG-NULL01-MIN/qsb_relalg_null01_min_threshold_report.csv
relalg_artifact_samples,relalg,json_document,.json,runs/QSB-RELALG-NULL01-MIN/qsb_relalg_null01_min_validation_report.json,domain_guess=relalg; artifact_kind=json_document; suffix=.json; relative_path=runs/QSB-RELALG-NULL01-MIN/qsb_relalg_null01_min_validation_report.json
relalg_artifact_samples,relalg,markdown_note,.md,runs/QSB-RELALG-PREAX01-SYNTH_failed_v10_20260626_113748/input/2026_06_26TeamAntworten.md,domain_guess=relalg; artifact_kind=markdown_note; suffix=.md; relative_path=runs/QSB-RELALG-PREAX01-SYNTH_failed_v10_20260626_113748/input/2026_06_26TeamAntworten.md
relalg_artifact_samples,relalg,json_document,.json,runs/QSB-RELALG-PREAX01-SYNTH_failed_v10_20260626_113748/qsb_relalg_preax01_ax01_readiness_gate.json,domain_guess=relalg; artifact_kind=json_document; suffix=.json; relative_path=runs/QSB-RELALG-PREAX01-SYNTH_failed_v10_20260626_113748/qsb_relalg_preax01_ax01_readiness_gate.json
relalg_artifact_samples,relalg,markdown_note,.md,runs/QSB-RELALG-PREAX01-SYNTH_failed_v10_20260626_113748/qsb_relalg_preax01_claim_boundary_report.md,domain_guess=relalg; artifact_kind=markdown_note; suffix=.md; relative_path=runs/QSB-RELALG-PREAX01-SYNTH_failed_v10_20260626_113748/qsb_relalg_preax01_claim_boundary_report.md
relalg_artifact_samples,relalg,table_csv,.csv,runs/QSB-RELALG-PREAX01-SYNTH_failed_v10_20260626_113748/qsb_relalg_preax01_conflict_matrix.csv,domain_guess=relalg; artifact_kind=table_csv; suffix=.csv; relative_path=runs/QSB-RELALG-PREAX01-SYNTH_failed_v10_20260626_113748/qsb_relalg_preax01_conflict_matrix.csv
relalg_artifact_samples,relalg,table_csv,.csv,runs/QSB-RELALG-PREAX01-SYNTH_failed_v10_20260626_113748/qsb_relalg_preax01_consensus_matrix.csv,domain_guess=relalg; artifact_kind=table_csv; suffix=.csv; relative_path=runs/QSB-RELALG-PREAX01-SYNTH_failed_v10_20260626_113748/qsb_relalg_preax01_consensus_matrix.csv
relalg_artifact_samples,relalg,table_csv,.csv,runs/QSB-RELALG-PREAX01-SYNTH_failed_v10_20260626_113748/qsb_relalg_preax01_forbidden_terms.csv,domain_guess=relalg; artifact_kind=table_csv; suffix=.csv; relative_path=runs/QSB-RELALG-PREAX01-SYNTH_failed_v10_20260626_113748/qsb_relalg_preax01_forbidden_terms.csv
relalg_artifact_samples,relalg,table_csv,.csv,runs/QSB-RELALG-PREAX01-SYNTH_failed_v10_20260626_113748/qsb_relalg_preax01_next_steps.csv,domain_guess=relalg; artifact_kind=table_csv; suffix=.csv; relative_path=runs/QSB-RELALG-PREAX01-SYNTH_failed_v10_20260626_113748/qsb_relalg_preax01_next_steps.csv
relalg_artifact_samples,relalg,table_csv,.csv,runs/QSB-RELALG-PREAX01-SYNTH_failed_v10_20260626_113748/qsb_relalg_preax01_required_definitions.csv,domain_guess=relalg; artifact_kind=table_csv; suffix=.csv; relative_path=runs/QSB-RELALG-PREAX01-SYNTH_failed_v10_20260626_113748/qsb_relalg_preax01_required_definitions.csv
relalg_artifact_samples,relalg,json_document,.json,runs/QSB-RELALG-PREAX01-SYNTH_failed_v10_20260626_113748/qsb_relalg_preax01_synth_manifest.json,domain_guess=relalg; artifact_kind=json_document; suffix=.json; relative_path=runs/QSB-RELALG-PREAX01-SYNTH_failed_v10_20260626_113748/qsb_relalg_preax01_synth_manifest.json
relalg_artifact_samples,relalg,markdown_note,.md,runs/QSB-RELALG-PREAX01-SYNTH_failed_v10_20260626_113748/qsb_relalg_preax01_synth.md,domain_guess=relalg; artifact_kind=markdown_note; suffix=.md; relative_path=runs/QSB-RELALG-PREAX01-SYNTH_failed_v10_20260626_113748/qsb_relalg_preax01_synth.md
relalg_artifact_samples,relalg,markdown_note,.md,runs/QSB-RELALG-PREAX01-SYNTH_failed_v10_20260626_113748/QSB-RELALG-PREAX01-SYNTH_RUN_SUMMARY.md,domain_guess=relalg; artifact_kind=markdown_note; suffix=.md; relative_path=runs/QSB-RELALG-PREAX01-SYNTH_failed_v10_20260626_113748/QSB-RELALG-PREAX01-SYNTH_RUN_SUMMARY.md
relalg_artifact_samples,relalg,json_document,.json,runs/QSB-RELALG-PREAX01-SYNTH_failed_v10_20260626_113748/qsb_relalg_preax01_synth_validation_report.json,domain_guess=relalg; artifact_kind=json_document; suffix=.json; relative_path=runs/QSB-RELALG-PREAX01-SYNTH_failed_v10_20260626_113748/qsb_relalg_preax01_synth_validation_report.json
relalg_artifact_samples,relalg,markdown_note,.md,runs/QSB-RELALG-PREAX01-SYNTH_failed_v10_20260626_120813/input/2026_06_26TeamAntworten.md,domain_guess=relalg; artifact_kind=markdown_note; suffix=.md; relative_path=runs/QSB-RELALG-PREAX01-SYNTH_failed_v10_20260626_120813/input/2026_06_26TeamAntworten.md
relalg_artifact_samples,relalg,json_document,.json,runs/QSB-RELALG-PREAX01-SYNTH_failed_v10_20260626_120813/qsb_relalg_preax01_ax01_readiness_gate.json,domain_guess=relalg; artifact_kind=json_document; suffix=.json; relative_path=runs/QSB-RELALG-PREAX01-SYNTH_failed_v10_20260626_120813/qsb_relalg_preax01_ax01_readiness_gate.json
relalg_artifact_samples,relalg,markdown_note,.md,runs/QSB-RELALG-PREAX01-SYNTH_failed_v10_20260626_120813/qsb_relalg_preax01_claim_boundary_report.md,domain_guess=relalg; artifact_kind=markdown_note; suffix=.md; relative_path=runs/QSB-RELALG-PREAX01-SYNTH_failed_v10_20260626_120813/qsb_relalg_preax01_claim_boundary_report.md
relalg_artifact_samples,relalg,table_csv,.csv,runs/QSB-RELALG-PREAX01-SYNTH_failed_v10_20260626_120813/qsb_relalg_preax01_conflict_matrix.csv,domain_guess=relalg; artifact_kind=table_csv; suffix=.csv; relative_path=runs/QSB-RELALG-PREAX01-SYNTH_failed_v10_20260626_120813/qsb_relalg_preax01_conflict_matrix.csv
relalg_artifact_samples,relalg,table_csv,.csv,runs/QSB-RELALG-PREAX01-SYNTH_failed_v10_20260626_120813/qsb_relalg_preax01_consensus_matrix.csv,domain_guess=relalg; artifact_kind=table_csv; suffix=.csv; relative_path=runs/QSB-RELALG-PREAX01-SYNTH_failed_v10_20260626_120813/qsb_relalg_preax01_consensus_matrix.csv
relalg_artifact_samples,relalg,table_csv,.csv,runs/QSB-RELALG-PREAX01-SYNTH_failed_v10_20260626_120813/qsb_relalg_preax01_forbidden_terms.csv,domain_guess=relalg; artifact_kind=table_csv; suffix=.csv; relative_path=runs/QSB-RELALG-PREAX01-SYNTH_failed_v10_20260626_120813/qsb_relalg_preax01_forbidden_terms.csv
relalg_artifact_samples,relalg,table_csv,.csv,runs/QSB-RELALG-PREAX01-SYNTH_failed_v10_20260626_120813/qsb_relalg_preax01_next_steps.csv,domain_guess=relalg; artifact_kind=table_csv; suffix=.csv; relative_path=runs/QSB-RELALG-PREAX01-SYNTH_failed_v10_20260626_120813/qsb_relalg_preax01_next_steps.csv
relalg_artifact_samples,relalg,table_csv,.csv,runs/QSB-RELALG-PREAX01-SYNTH_failed_v10_20260626_120813/qsb_relalg_preax01_required_definitions.csv,domain_guess=relalg; artifact_kind=table_csv; suffix=.csv; relative_path=runs/QSB-RELALG-PREAX01-SYNTH_failed_v10_20260626_120813/qsb_relalg_preax01_required_definitions.csv
relalg_artifact_samples,relalg,json_document,.json,runs/QSB-RELALG-PREAX01-SYNTH_failed_v10_20260626_120813/qsb_relalg_preax01_synth_manifest.json,domain_guess=relalg; artifact_kind=json_document; suffix=.json; relative_path=runs/QSB-RELALG-PREAX01-SYNTH_failed_v10_20260626_120813/qsb_relalg_preax01_synth_manifest.json
relalg_artifact_samples,relalg,markdown_note,.md,runs/QSB-RELALG-PREAX01-SYNTH_failed_v10_20260626_120813/qsb_relalg_preax01_synth.md,domain_guess=relalg; artifact_kind=markdown_note; suffix=.md; relative_path=runs/QSB-RELALG-PREAX01-SYNTH_failed_v10_20260626_120813/qsb_relalg_preax01_synth.md
relalg_artifact_samples,relalg,markdown_note,.md,runs/QSB-RELALG-PREAX01-SYNTH_failed_v10_20260626_120813/QSB-RELALG-PREAX01-SYNTH_RUN_SUMMARY.md,domain_guess=relalg; artifact_kind=markdown_note; suffix=.md; relative_path=runs/QSB-RELALG-PREAX01-SYNTH_failed_v10_20260626_120813/QSB-RELALG-PREAX01-SYNTH_RUN_SUMMARY.md
relalg_artifact_samples,relalg,json_document,.json,runs/QSB-RELALG-PREAX01-SYNTH_failed_v10_20260626_120813/qsb_relalg_preax01_synth_validation_report.json,domain_guess=relalg; artifact_kind=json_document; suffix=.json; relative_path=runs/QSB-RELALG-PREAX01-SYNTH_failed_v10_20260626_120813/qsb_relalg_preax01_synth_validation_report.json
relalg_artifact_samples,relalg,markdown_note,.md,runs/QSB-RELALG-PREAX01-SYNTH/input/2026_06_26TeamAntworten.md,domain_guess=relalg; artifact_kind=markdown_note; suffix=.md; relative_path=runs/QSB-RELALG-PREAX01-SYNTH/input/2026_06_26TeamAntworten.md
relalg_artifact_samples,relalg,json_document,.json,runs/QSB-RELALG-PREAX01-SYNTH/qsb_relalg_preax01_ax01_readiness_gate.json,domain_guess=relalg; artifact_kind=json_document; suffix=.json; relative_path=runs/QSB-RELALG-PREAX01-SYNTH/qsb_relalg_preax01_ax01_readiness_gate.json
relalg_artifact_samples,relalg,markdown_note,.md,runs/QSB-RELALG-PREAX01-SYNTH/qsb_relalg_preax01_claim_boundary_report.md,domain_guess=relalg; artifact_kind=markdown_note; suffix=.md; relative_path=runs/QSB-RELALG-PREAX01-SYNTH/qsb_relalg_preax01_claim_boundary_report.md
relalg_artifact_samples,relalg,table_csv,.csv,runs/QSB-RELALG-PREAX01-SYNTH/qsb_relalg_preax01_conflict_matrix.csv,domain_guess=relalg; artifact_kind=table_csv; suffix=.csv; relative_path=runs/QSB-RELALG-PREAX01-SYNTH/qsb_relalg_preax01_conflict_matrix.csv
relalg_artifact_samples,relalg,table_csv,.csv,runs/QSB-RELALG-PREAX01-SYNTH/qsb_relalg_preax01_consensus_matrix.csv,domain_guess=relalg; artifact_kind=table_csv; suffix=.csv; relative_path=runs/QSB-RELALG-PREAX01-SYNTH/qsb_relalg_preax01_consensus_matrix.csv
relalg_artifact_samples,relalg,table_csv,.csv,runs/QSB-RELALG-PREAX01-SYNTH/qsb_relalg_preax01_forbidden_terms.csv,domain_guess=relalg; artifact_kind=table_csv; suffix=.csv; relative_path=runs/QSB-RELALG-PREAX01-SYNTH/qsb_relalg_preax01_forbidden_terms.csv
relalg_artifact_samples,relalg,table_csv,.csv,runs/QSB-RELALG-PREAX01-SYNTH/qsb_relalg_preax01_next_steps.csv,domain_guess=relalg; artifact_kind=table_csv; suffix=.csv; relative_path=runs/QSB-RELALG-PREAX01-SYNTH/qsb_relalg_preax01_next_steps.csv
relalg_artifact_samples,relalg,table_csv,.csv,runs/QSB-RELALG-PREAX01-SYNTH/qsb_relalg_preax01_required_definitions.csv,domain_guess=relalg; artifact_kind=table_csv; suffix=.csv; relative_path=runs/QSB-RELALG-PREAX01-SYNTH/qsb_relalg_preax01_required_definitions.csv
relalg_artifact_samples,relalg,json_document,.json,runs/QSB-RELALG-PREAX01-SYNTH/qsb_relalg_preax01_synth_manifest.json,domain_guess=relalg; artifact_kind=json_document; suffix=.json; relative_path=runs/QSB-RELALG-PREAX01-SYNTH/qsb_relalg_preax01_synth_manifest.json
relalg_artifact_samples,relalg,markdown_note,.md,runs/QSB-RELALG-PREAX01-SYNTH/qsb_relalg_preax01_synth.md,domain_guess=relalg; artifact_kind=markdown_note; suffix=.md; relative_path=runs/QSB-RELALG-PREAX01-SYNTH/qsb_relalg_preax01_synth.md
relalg_artifact_samples,relalg,markdown_note,.md,runs/QSB-RELALG-PREAX01-SYNTH/QSB-RELALG-PREAX01-SYNTH_RUN_SUMMARY.md,domain_guess=relalg; artifact_kind=markdown_note; suffix=.md; relative_path=runs/QSB-RELALG-PREAX01-SYNTH/QSB-RELALG-PREAX01-SYNTH_RUN_SUMMARY.md
relalg_artifact_samples,relalg,json_document,.json,runs/QSB-RELALG-PREAX01-SYNTH/qsb_relalg_preax01_synth_validation_report.json,domain_guess=relalg; artifact_kind=json_document; suffix=.json; relative_path=runs/QSB-RELALG-PREAX01-SYNTH/qsb_relalg_preax01_synth_validation_report.json
relalg_artifact_samples,relalg,raw_input,.json,runs/QSB-RELALG-REAL01-MIN-AUTHORIZATION/input/human_authorization.json,domain_guess=relalg; artifact_kind=raw_input; suffix=.json; relative_path=runs/QSB-RELALG-REAL01-MIN-AUTHORIZATION/input/human_authorization.json
relalg_artifact_samples,relalg,raw_input,.json,runs/QSB-RELALG-REAL01-MIN-AUTHORIZATION/input/human_authorization_TEMPLATE.json,domain_guess=relalg; artifact_kind=raw_input; suffix=.json; relative_path=runs/QSB-RELALG-REAL01-MIN-AUTHORIZATION/input/human_authorization_TEMPLATE.json
relalg_artifact_samples,relalg,table_csv,.csv,runs/QSB-RELALG-REAL01-MIN-AUTHORIZATION/qsb_relalg_real01_min_authorization_blocked_downstream_steps.csv,domain_guess=relalg; artifact_kind=table_csv; suffix=.csv; relative_path=runs/QSB-RELALG-REAL01-MIN-AUTHORIZATION/qsb_relalg_real01_min_authorization_blocked_downstream_steps.csv
relalg_artifact_samples,relalg,markdown_note,.md,runs/QSB-RELALG-REAL01-MIN-AUTHORIZATION/qsb_relalg_real01_min_authorization_claim_boundary_report.md,domain_guess=relalg; artifact_kind=markdown_note; suffix=.md; relative_path=runs/QSB-RELALG-REAL01-MIN-AUTHORIZATION/qsb_relalg_real01_min_authorization_claim_boundary_report.md
relalg_artifact_samples,relalg,json_document,.json,runs/QSB-RELALG-REAL01-MIN-AUTHORIZATION/qsb_relalg_real01_min_authorization_config.json,domain_guess=relalg; artifact_kind=json_document; suffix=.json; relative_path=runs/QSB-RELALG-REAL01-MIN-AUTHORIZATION/qsb_relalg_real01_min_authorization_config.json
relalg_artifact_samples,relalg,table_csv,.csv,runs/QSB-RELALG-REAL01-MIN-AUTHORIZATION/qsb_relalg_real01_min_authorization_contract_registry.csv,domain_guess=relalg; artifact_kind=table_csv; suffix=.csv; relative_path=runs/QSB-RELALG-REAL01-MIN-AUTHORIZATION/qsb_relalg_real01_min_authorization_contract_registry.csv
relalg_artifact_samples,relalg,table_csv,.csv,runs/QSB-RELALG-REAL01-MIN-AUTHORIZATION/qsb_relalg_real01_min_authorization_decisions.csv,domain_guess=relalg; artifact_kind=table_csv; suffix=.csv; relative_path=runs/QSB-RELALG-REAL01-MIN-AUTHORIZATION/qsb_relalg_real01_min_authorization_decisions.csv
relalg_artifact_samples,relalg,markdown_note,.md,runs/QSB-RELALG-REAL01-MIN-AUTHORIZATION/qsb_relalg_real01_min_authorization_human_review_packet.md,domain_guess=relalg; artifact_kind=markdown_note; suffix=.md; relative_path=runs/QSB-RELALG-REAL01-MIN-AUTHORIZATION/qsb_relalg_real01_min_authorization_human_review_packet.md
relalg_artifact_samples,relalg,json_document,.json,runs/QSB-RELALG-REAL01-MIN-AUTHORIZATION/qsb_relalg_real01_min_authorization_input_status.json,domain_guess=relalg; artifact_kind=json_document; suffix=.json; relative_path=runs/QSB-RELALG-REAL01-MIN-AUTHORIZATION/qsb_relalg_real01_min_authorization_input_status.json
relalg_artifact_samples,relalg,json_document,.json,runs/QSB-RELALG-REAL01-MIN-AUTHORIZATION/qsb_relalg_real01_min_authorization_prerequisite_report.json,domain_guess=relalg; artifact_kind=json_document; suffix=.json; relative_path=runs/QSB-RELALG-REAL01-MIN-AUTHORIZATION/qsb_relalg_real01_min_authorization_prerequisite_report.json
relalg_artifact_samples,relalg,table_csv,.csv,runs/QSB-RELALG-REAL01-MIN-AUTHORIZATION/qsb_relalg_real01_min_authorization_public_surface_hygiene_report.csv,domain_guess=relalg; artifact_kind=table_csv; suffix=.csv; relative_path=runs/QSB-RELALG-REAL01-MIN-AUTHORIZATION/qsb_relalg_real01_min_authorization_public_surface_hygiene_report.csv
relalg_artifact_samples,relalg,markdown_note,.md,runs/QSB-RELALG-REAL01-MIN-AUTHORIZATION/QSB-RELALG-REAL01-MIN-AUTHORIZATION_RUN_SUMMARY.md,domain_guess=relalg; artifact_kind=markdown_note; suffix=.md; relative_path=runs/QSB-RELALG-REAL01-MIN-AUTHORIZATION/QSB-RELALG-REAL01-MIN-AUTHORIZATION_RUN_SUMMARY.md
relalg_artifact_samples,relalg,table_csv,.csv,runs/QSB-RELALG-REAL01-MIN-AUTHORIZATION/qsb_relalg_real01_min_authorization_safety_flags.csv,domain_guess=relalg; artifact_kind=table_csv; suffix=.csv; relative_path=runs/QSB-RELALG-REAL01-MIN-AUTHORIZATION/qsb_relalg_real01_min_authorization_safety_flags.csv
relalg_artifact_samples,relalg,table_csv,.csv,runs/QSB-RELALG-REAL01-MIN-AUTHORIZATION/qsb_relalg_real01_min_authorization_scope_check.csv,domain_guess=relalg; artifact_kind=table_csv; suffix=.csv; relative_path=runs/QSB-RELALG-REAL01-MIN-AUTHORIZATION/qsb_relalg_real01_min_authorization_scope_check.csv
relalg_artifact_samples,relalg,json_document,.json,runs/QSB-RELALG-REAL01-MIN-AUTHORIZATION/qsb_relalg_real01_min_authorization_template.json,domain_guess=relalg; artifact_kind=json_document; suffix=.json; relative_path=runs/QSB-RELALG-REAL01-MIN-AUTHORIZATION/qsb_relalg_real01_min_authorization_template.json
relalg_artifact_samples,relalg,json_document,.json,runs/QSB-RELALG-REAL01-MIN-AUTHORIZATION/qsb_relalg_real01_min_manifest.json,domain_guess=relalg; artifact_kind=json_document; suffix=.json; relative_path=runs/QSB-RELALG-REAL01-MIN-AUTHORIZATION/qsb_relalg_real01_min_manifest.json
relalg_artifact_samples,relalg,json_document,.json,runs/QSB-RELALG-REAL01-MIN-AUTHORIZATION/qsb_relalg_real01_min_next_step_gate.json,domain_guess=relalg; artifact_kind=json_document; suffix=.json; relative_path=runs/QSB-RELALG-REAL01-MIN-AUTHORIZATION/qsb_relalg_real01_min_next_step_gate.json
relalg_artifact_samples,relalg,json_document,.json,runs/QSB-RELALG-REAL01-MIN-AUTHORIZATION/qsb_relalg_real01_min_validation_report.json,domain_guess=relalg; artifact_kind=json_document; suffix=.json; relative_path=runs/QSB-RELALG-REAL01-MIN-AUTHORIZATION/qsb_relalg_real01_min_validation_report.json
relalg_artifact_samples,relalg,table_csv,.csv,runs/QSB-RELALG-REAL01-MIN-EXPORT-CONTRACT/qsb_relalg_real01_min_export_authorization_templates.csv,domain_guess=relalg; artifact_kind=table_csv; suffix=.csv; relative_path=runs/QSB-RELALG-REAL01-MIN-EXPORT-CONTRACT/qsb_relalg_real01_min_export_authorization_templates.csv
relalg_artifact_samples,relalg,table_csv,.csv,runs/QSB-RELALG-REAL01-MIN-EXPORT-CONTRACT/qsb_relalg_real01_min_export_blocked_downstream_steps.csv,domain_guess=relalg; artifact_kind=table_csv; suffix=.csv; relative_path=runs/QSB-RELALG-REAL01-MIN-EXPORT-CONTRACT/qsb_relalg_real01_min_export_blocked_downstream_steps.csv
relalg_artifact_samples,relalg,markdown_note,.md,runs/QSB-RELALG-REAL01-MIN-EXPORT-CONTRACT/qsb_relalg_real01_min_export_claim_boundary_report.md,domain_guess=relalg; artifact_kind=markdown_note; suffix=.md; relative_path=runs/QSB-RELALG-REAL01-MIN-EXPORT-CONTRACT/qsb_relalg_real01_min_export_claim_boundary_report.md
relalg_artifact_samples,relalg,table_csv,.csv,runs/QSB-RELALG-REAL01-MIN-EXPORT-CONTRACT/qsb_relalg_real01_min_export_contract_candidate_registry.csv,domain_guess=relalg; artifact_kind=table_csv; suffix=.csv; relative_path=runs/QSB-RELALG-REAL01-MIN-EXPORT-CONTRACT/qsb_relalg_real01_min_export_contract_candidate_registry.csv
relalg_artifact_samples,relalg,json_document,.json,runs/QSB-RELALG-REAL01-MIN-EXPORT-CONTRACT/qsb_relalg_real01_min_export_contract_config.json,domain_guess=relalg; artifact_kind=json_document; suffix=.json; relative_path=runs/QSB-RELALG-REAL01-MIN-EXPORT-CONTRACT/qsb_relalg_real01_min_export_contract_config.json
relalg_artifact_samples,relalg,json_document,.json,runs/QSB-RELALG-REAL01-MIN-EXPORT-CONTRACT/qsb_relalg_real01_min_export_contract_prerequisite_report.json,domain_guess=relalg; artifact_kind=json_document; suffix=.json; relative_path=runs/QSB-RELALG-REAL01-MIN-EXPORT-CONTRACT/qsb_relalg_real01_min_export_contract_prerequisite_report.json
relalg_artifact_samples,relalg,markdown_note,.md,runs/QSB-RELALG-REAL01-MIN-EXPORT-CONTRACT/QSB-RELALG-REAL01-MIN-EXPORT-CONTRACT_RUN_SUMMARY.md,domain_guess=relalg; artifact_kind=markdown_note; suffix=.md; relative_path=runs/QSB-RELALG-REAL01-MIN-EXPORT-CONTRACT/QSB-RELALG-REAL01-MIN-EXPORT-CONTRACT_RUN_SUMMARY.md
relalg_artifact_samples,relalg,table_csv,.csv,runs/QSB-RELALG-REAL01-MIN-EXPORT-CONTRACT/qsb_relalg_real01_min_export_contract_spec.csv,domain_guess=relalg; artifact_kind=table_csv; suffix=.csv; relative_path=runs/QSB-RELALG-REAL01-MIN-EXPORT-CONTRACT/qsb_relalg_real01_min_export_contract_spec.csv
relalg_artifact_samples,relalg,table_csv,.csv,runs/QSB-RELALG-REAL01-MIN-EXPORT-CONTRACT/qsb_relalg_real01_min_export_contract_status.csv,domain_guess=relalg; artifact_kind=table_csv; suffix=.csv; relative_path=runs/QSB-RELALG-REAL01-MIN-EXPORT-CONTRACT/qsb_relalg_real01_min_export_contract_status.csv
relalg_artifact_samples,relalg,markdown_note,.md,runs/QSB-RELALG-REAL01-MIN-EXPORT-CONTRACT/qsb_relalg_real01_min_export_human_review_packet.md,domain_guess=relalg; artifact_kind=markdown_note; suffix=.md; relative_path=runs/QSB-RELALG-REAL01-MIN-EXPORT-CONTRACT/qsb_relalg_real01_min_export_human_review_packet.md
relalg_artifact_samples,relalg,table_csv,.csv,runs/QSB-RELALG-REAL01-MIN-EXPORT-CONTRACT/qsb_relalg_real01_min_export_manifest_requirements.csv,domain_guess=relalg; artifact_kind=table_csv; suffix=.csv; relative_path=runs/QSB-RELALG-REAL01-MIN-EXPORT-CONTRACT/qsb_relalg_real01_min_export_manifest_requirements.csv
relalg_artifact_samples,relalg,table_csv,.csv,runs/QSB-RELALG-REAL01-MIN-EXPORT-CONTRACT/qsb_relalg_real01_min_export_public_surface_hygiene_report.csv,domain_guess=relalg; artifact_kind=table_csv; suffix=.csv; relative_path=runs/QSB-RELALG-REAL01-MIN-EXPORT-CONTRACT/qsb_relalg_real01_min_export_public_surface_hygiene_report.csv
relalg_artifact_samples,relalg,table_csv,.csv,runs/QSB-RELALG-REAL01-MIN-EXPORT-CONTRACT/qsb_relalg_real01_min_export_required_fields.csv,domain_guess=relalg; artifact_kind=table_csv; suffix=.csv; relative_path=runs/QSB-RELALG-REAL01-MIN-EXPORT-CONTRACT/qsb_relalg_real01_min_export_required_fields.csv
relalg_artifact_samples,relalg,table_csv,.csv,runs/QSB-RELALG-REAL01-MIN-EXPORT-CONTRACT/qsb_relalg_real01_min_export_validation_rules.csv,domain_guess=relalg; artifact_kind=table_csv; suffix=.csv; relative_path=runs/QSB-RELALG-REAL01-MIN-EXPORT-CONTRACT/qsb_relalg_real01_min_export_validation_rules.csv
relalg_artifact_samples,relalg,json_document,.json,runs/QSB-RELALG-REAL01-MIN-EXPORT-CONTRACT/qsb_relalg_real01_min_manifest.json,domain_guess=relalg; artifact_kind=json_document; suffix=.json; relative_path=runs/QSB-RELALG-REAL01-MIN-EXPORT-CONTRACT/qsb_relalg_real01_min_manifest.json
relalg_artifact_samples,relalg,json_document,.json,runs/QSB-RELALG-REAL01-MIN-EXPORT-CONTRACT/qsb_relalg_real01_min_next_step_gate.json,domain_guess=relalg; artifact_kind=json_document; suffix=.json; relative_path=runs/QSB-RELALG-REAL01-MIN-EXPORT-CONTRACT/qsb_relalg_real01_min_next_step_gate.json
relalg_artifact_samples,relalg,json_document,.json,runs/QSB-RELALG-REAL01-MIN-EXPORT-CONTRACT/qsb_relalg_real01_min_validation_report.json,domain_guess=relalg; artifact_kind=json_document; suffix=.json; relative_path=runs/QSB-RELALG-REAL01-MIN-EXPORT-CONTRACT/qsb_relalg_real01_min_validation_report.json
relalg_artifact_samples,relalg,table_csv,.csv,runs/QSB-RELALG-REAL01-MIN-SOURCE-ELIGIBILITY/qsb_relalg_real01_min_ambiguous_sources_report.csv,domain_guess=relalg; artifact_kind=table_csv; suffix=.csv; relative_path=runs/QSB-RELALG-REAL01-MIN-SOURCE-ELIGIBILITY/qsb_relalg_real01_min_ambiguous_sources_report.csv
relalg_artifact_samples,relalg,table_csv,.csv,runs/QSB-RELALG-REAL01-MIN-SOURCE-ELIGIBILITY/qsb_relalg_real01_min_candidate_classification.csv,domain_guess=relalg; artifact_kind=table_csv; suffix=.csv; relative_path=runs/QSB-RELALG-REAL01-MIN-SOURCE-ELIGIBILITY/qsb_relalg_real01_min_candidate_classification.csv
relalg_artifact_samples,relalg,table_csv,.csv,runs/QSB-RELALG-REAL01-MIN-SOURCE-ELIGIBILITY/qsb_relalg_real01_min_candidate_evidence.csv,domain_guess=relalg; artifact_kind=table_csv; suffix=.csv; relative_path=runs/QSB-RELALG-REAL01-MIN-SOURCE-ELIGIBILITY/qsb_relalg_real01_min_candidate_evidence.csv
relalg_artifact_samples,relalg,markdown_note,.md,runs/QSB-RELALG-REAL01-MIN-SOURCE-ELIGIBILITY/qsb_relalg_real01_min_claim_boundary_report.md,domain_guess=relalg; artifact_kind=markdown_note; suffix=.md; relative_path=runs/QSB-RELALG-REAL01-MIN-SOURCE-ELIGIBILITY/qsb_relalg_real01_min_claim_boundary_report.md
relalg_artifact_samples,relalg,table_csv,.csv,runs/QSB-RELALG-REAL01-MIN-SOURCE-ELIGIBILITY/qsb_relalg_real01_min_c_layer_eligibility_report.csv,domain_guess=relalg; artifact_kind=table_csv; suffix=.csv; relative_path=runs/QSB-RELALG-REAL01-MIN-SOURCE-ELIGIBILITY/qsb_relalg_real01_min_c_layer_eligibility_report.csv
relalg_artifact_samples,relalg,table_csv,.csv,runs/QSB-RELALG-REAL01-MIN-SOURCE-ELIGIBILITY/qsb_relalg_real01_min_k_layer_exclusion_report.csv,domain_guess=relalg; artifact_kind=table_csv; suffix=.csv; relative_path=runs/QSB-RELALG-REAL01-MIN-SOURCE-ELIGIBILITY/qsb_relalg_real01_min_k_layer_exclusion_report.csv
relalg_artifact_samples,relalg,json_document,.json,runs/QSB-RELALG-REAL01-MIN-SOURCE-ELIGIBILITY/qsb_relalg_real01_min_manifest.json,domain_guess=relalg; artifact_kind=json_document; suffix=.json; relative_path=runs/QSB-RELALG-REAL01-MIN-SOURCE-ELIGIBILITY/qsb_relalg_real01_min_manifest.json
relalg_artifact_samples,relalg,json_document,.json,runs/QSB-RELALG-REAL01-MIN-SOURCE-ELIGIBILITY/qsb_relalg_real01_min_next_step_gate.json,domain_guess=relalg; artifact_kind=json_document; suffix=.json; relative_path=runs/QSB-RELALG-REAL01-MIN-SOURCE-ELIGIBILITY/qsb_relalg_real01_min_next_step_gate.json
relalg_artifact_samples,relalg,table_csv,.csv,runs/QSB-RELALG-REAL01-MIN-SOURCE-ELIGIBILITY/qsb_relalg_real01_min_recommended_next_action.csv,domain_guess=relalg; artifact_kind=table_csv; suffix=.csv; relative_path=runs/QSB-RELALG-REAL01-MIN-SOURCE-ELIGIBILITY/qsb_relalg_real01_min_recommended_next_action.csv
relalg_artifact_samples,relalg,json_document,.json,runs/QSB-RELALG-REAL01-MIN-SOURCE-ELIGIBILITY/qsb_relalg_real01_min_source_eligibility_config.json,domain_guess=relalg; artifact_kind=json_document; suffix=.json; relative_path=runs/QSB-RELALG-REAL01-MIN-SOURCE-ELIGIBILITY/qsb_relalg_real01_min_source_eligibility_config.json
relalg_artifact_samples,relalg,json_document,.json,runs/QSB-RELALG-REAL01-MIN-SOURCE-ELIGIBILITY/qsb_relalg_real01_min_source_eligibility_prerequisite_report.json,domain_guess=relalg; artifact_kind=json_document; suffix=.json; relative_path=runs/QSB-RELALG-REAL01-MIN-SOURCE-ELIGIBILITY/qsb_relalg_real01_min_source_eligibility_prerequisite_report.json
relalg_artifact_samples,relalg,markdown_note,.md,runs/QSB-RELALG-REAL01-MIN-SOURCE-ELIGIBILITY/QSB-RELALG-REAL01-MIN-SOURCE-ELIGIBILITY_RUN_SUMMARY.md,domain_guess=relalg; artifact_kind=markdown_note; suffix=.md; relative_path=runs/QSB-RELALG-REAL01-MIN-SOURCE-ELIGIBILITY/QSB-RELALG-REAL01-MIN-SOURCE-ELIGIBILITY_RUN_SUMMARY.md
relalg_artifact_samples,relalg,table_csv,.csv,runs/QSB-RELALG-REAL01-MIN-SOURCE-ELIGIBILITY/qsb_relalg_real01_min_source_inventory.csv,domain_guess=relalg; artifact_kind=table_csv; suffix=.csv; relative_path=runs/QSB-RELALG-REAL01-MIN-SOURCE-ELIGIBILITY/qsb_relalg_real01_min_source_inventory.csv
relalg_artifact_samples,relalg,json_document,.json,runs/QSB-RELALG-REAL01-MIN-SOURCE-ELIGIBILITY/qsb_relalg_real01_min_validation_report.json,domain_guess=relalg; artifact_kind=json_document; suffix=.json; relative_path=runs/QSB-RELALG-REAL01-MIN-SOURCE-ELIGIBILITY/qsb_relalg_real01_min_validation_report.json
relalg_artifact_samples,relalg,table_csv,.csv,runs/QSB-RELALG-REAL01-MIN-SOURCE-REMEDIATION/qsb_relalg_real01_min_ambiguous_candidate_review.csv,domain_guess=relalg; artifact_kind=table_csv; suffix=.csv; relative_path=runs/QSB-RELALG-REAL01-MIN-SOURCE-REMEDIATION/qsb_relalg_real01_min_ambiguous_candidate_review.csv
relalg_artifact_samples,relalg,table_csv,.csv,runs/QSB-RELALG-REAL01-MIN-SOURCE-REMEDIATION/qsb_relalg_real01_min_authorization_candidates.csv,domain_guess=relalg; artifact_kind=table_csv; suffix=.csv; relative_path=runs/QSB-RELALG-REAL01-MIN-SOURCE-REMEDIATION/qsb_relalg_real01_min_authorization_candidates.csv
relalg_artifact_samples,relalg,table_csv,.csv,runs/QSB-RELALG-REAL01-MIN-SOURCE-REMEDIATION/qsb_relalg_real01_min_candidate_file_inspection.csv,domain_guess=relalg; artifact_kind=table_csv; suffix=.csv; relative_path=runs/QSB-RELALG-REAL01-MIN-SOURCE-REMEDIATION/qsb_relalg_real01_min_candidate_file_inspection.csv
relalg_artifact_samples,relalg,markdown_note,.md,runs/QSB-RELALG-REAL01-MIN-SOURCE-REMEDIATION/qsb_relalg_real01_min_claim_boundary_report.md,domain_guess=relalg; artifact_kind=markdown_note; suffix=.md; relative_path=runs/QSB-RELALG-REAL01-MIN-SOURCE-REMEDIATION/qsb_relalg_real01_min_claim_boundary_report.md
relalg_artifact_samples,relalg,table_csv,.csv,runs/QSB-RELALG-REAL01-MIN-SOURCE-REMEDIATION/qsb_relalg_real01_min_export_contract_candidates.csv,domain_guess=relalg; artifact_kind=table_csv; suffix=.csv; relative_path=runs/QSB-RELALG-REAL01-MIN-SOURCE-REMEDIATION/qsb_relalg_real01_min_export_contract_candidates.csv
relalg_artifact_samples,relalg,markdown_note,.md,runs/QSB-RELALG-REAL01-MIN-SOURCE-REMEDIATION/qsb_relalg_real01_min_human_review_packet.md,domain_guess=relalg; artifact_kind=markdown_note; suffix=.md; relative_path=runs/QSB-RELALG-REAL01-MIN-SOURCE-REMEDIATION/qsb_relalg_real01_min_human_review_packet.md
relalg_artifact_samples,relalg,json_document,.json,runs/QSB-RELALG-REAL01-MIN-SOURCE-REMEDIATION/qsb_relalg_real01_min_manifest.json,domain_guess=relalg; artifact_kind=json_document; suffix=.json; relative_path=runs/QSB-RELALG-REAL01-MIN-SOURCE-REMEDIATION/qsb_relalg_real01_min_manifest.json
relalg_artifact_samples,relalg,json_document,.json,runs/QSB-RELALG-REAL01-MIN-SOURCE-REMEDIATION/qsb_relalg_real01_min_next_step_gate.json,domain_guess=relalg; artifact_kind=json_document; suffix=.json; relative_path=runs/QSB-RELALG-REAL01-MIN-SOURCE-REMEDIATION/qsb_relalg_real01_min_next_step_gate.json
relalg_artifact_samples,relalg,table_csv,.csv,runs/QSB-RELALG-REAL01-MIN-SOURCE-REMEDIATION/qsb_relalg_real01_min_provenance_repair_actions.csv,domain_guess=relalg; artifact_kind=table_csv; suffix=.csv; relative_path=runs/QSB-RELALG-REAL01-MIN-SOURCE-REMEDIATION/qsb_relalg_real01_min_provenance_repair_actions.csv
relalg_artifact_samples,relalg,table_csv,.csv,runs/QSB-RELALG-REAL01-MIN-SOURCE-REMEDIATION/qsb_relalg_real01_min_reclassified_exclusions.csv,domain_guess=relalg; artifact_kind=table_csv; suffix=.csv; relative_path=runs/QSB-RELALG-REAL01-MIN-SOURCE-REMEDIATION/qsb_relalg_real01_min_reclassified_exclusions.csv
relalg_artifact_samples,relalg,table_csv,.csv,runs/QSB-RELALG-REAL01-MIN-SOURCE-REMEDIATION/qsb_relalg_real01_min_remediation_decisions.csv,domain_guess=relalg; artifact_kind=table_csv; suffix=.csv; relative_path=runs/QSB-RELALG-REAL01-MIN-SOURCE-REMEDIATION/qsb_relalg_real01_min_remediation_decisions.csv
relalg_artifact_samples,relalg,table_csv,.csv,runs/QSB-RELALG-REAL01-MIN-SOURCE-REMEDIATION/qsb_relalg_real01_min_remediation_summary.csv,domain_guess=relalg; artifact_kind=table_csv; suffix=.csv; relative_path=runs/QSB-RELALG-REAL01-MIN-SOURCE-REMEDIATION/qsb_relalg_real01_min_remediation_summary.csv
relalg_artifact_samples,relalg,table_csv,.csv,runs/QSB-RELALG-REAL01-MIN-SOURCE-REMEDIATION/qsb_relalg_real01_min_source_coherence_actions.csv,domain_guess=relalg; artifact_kind=table_csv; suffix=.csv; relative_path=runs/QSB-RELALG-REAL01-MIN-SOURCE-REMEDIATION/qsb_relalg_real01_min_source_coherence_actions.csv
relalg_artifact_samples,relalg,json_document,.json,runs/QSB-RELALG-REAL01-MIN-SOURCE-REMEDIATION/qsb_relalg_real01_min_source_remediation_config.json,domain_guess=relalg; artifact_kind=json_document; suffix=.json; relative_path=runs/QSB-RELALG-REAL01-MIN-SOURCE-REMEDIATION/qsb_relalg_real01_min_source_remediation_config.json
relalg_artifact_samples,relalg,json_document,.json,runs/QSB-RELALG-REAL01-MIN-SOURCE-REMEDIATION/qsb_relalg_real01_min_source_remediation_prerequisite_report.json,domain_guess=relalg; artifact_kind=json_document; suffix=.json; relative_path=runs/QSB-RELALG-REAL01-MIN-SOURCE-REMEDIATION/qsb_relalg_real01_min_source_remediation_prerequisite_report.json
relalg_artifact_samples,relalg,markdown_note,.md,runs/QSB-RELALG-REAL01-MIN-SOURCE-REMEDIATION/QSB-RELALG-REAL01-MIN-SOURCE-REMEDIATION_RUN_SUMMARY.md,domain_guess=relalg; artifact_kind=markdown_note; suffix=.md; relative_path=runs/QSB-RELALG-REAL01-MIN-SOURCE-REMEDIATION/QSB-RELALG-REAL01-MIN-SOURCE-REMEDIATION_RUN_SUMMARY.md
relalg_artifact_samples,relalg,table_csv,.csv,runs/QSB-RELALG-REAL01-MIN-SOURCE-REMEDIATION/qsb_relalg_real01_min_unit_angle_convention_actions.csv,domain_guess=relalg; artifact_kind=table_csv; suffix=.csv; relative_path=runs/QSB-RELALG-REAL01-MIN-SOURCE-REMEDIATION/qsb_relalg_real01_min_unit_angle_convention_actions.csv
relalg_artifact_samples,relalg,json_document,.json,runs/QSB-RELALG-REAL01-MIN-SOURCE-REMEDIATION/qsb_relalg_real01_min_validation_report.json,domain_guess=relalg; artifact_kind=json_document; suffix=.json; relative_path=runs/QSB-RELALG-REAL01-MIN-SOURCE-REMEDIATION/qsb_relalg_real01_min_validation_report.json
relalg_artifact_samples,relalg,json_document,.json,runs/QSB-RELALG-REAL01-MIN-UPSTREAM-EXPORT-AUTHORIZED/qsb_relalg_real01_min_manifest.json,domain_guess=relalg; artifact_kind=json_document; suffix=.json; relative_path=runs/QSB-RELALG-REAL01-MIN-UPSTREAM-EXPORT-AUTHORIZED/qsb_relalg_real01_min_manifest.json
relalg_artifact_samples,relalg,json_document,.json,runs/QSB-RELALG-REAL01-MIN-UPSTREAM-EXPORT-AUTHORIZED/qsb_relalg_real01_min_next_step_gate.json,domain_guess=relalg; artifact_kind=json_document; suffix=.json; relative_path=runs/QSB-RELALG-REAL01-MIN-UPSTREAM-EXPORT-AUTHORIZED/qsb_relalg_real01_min_next_step_gate.json
relalg_artifact_samples,relalg,markdown_note,.md,runs/QSB-RELALG-REAL01-MIN-UPSTREAM-EXPORT-AUTHORIZED/qsb_relalg_real01_min_upstream_export_authorized_claim_boundary_report.md,domain_guess=relalg; artifact_kind=markdown_note; suffix=.md; relative_path=runs/QSB-RELALG-REAL01-MIN-UPSTREAM-EXPORT-AUTHORIZED/qsb_relalg_real01_min_upstream_export_authorized_claim_boundary_report.md
relalg_artifact_samples,relalg,json_document,.json,runs/QSB-RELALG-REAL01-MIN-UPSTREAM-EXPORT-AUTHORIZED/qsb_relalg_real01_min_upstream_export_authorized_config.json,domain_guess=relalg; artifact_kind=json_document; suffix=.json; relative_path=runs/QSB-RELALG-REAL01-MIN-UPSTREAM-EXPORT-AUTHORIZED/qsb_relalg_real01_min_upstream_export_authorized_config.json
relalg_artifact_samples,relalg,table_csv,.csv,runs/QSB-RELALG-REAL01-MIN-UPSTREAM-EXPORT-AUTHORIZED/qsb_relalg_real01_min_upstream_export_authorized_contract_registry.csv,domain_guess=relalg; artifact_kind=table_csv; suffix=.csv; relative_path=runs/QSB-RELALG-REAL01-MIN-UPSTREAM-EXPORT-AUTHORIZED/qsb_relalg_real01_min_upstream_export_authorized_contract_registry.csv
relalg_artifact_samples,relalg,table_csv,.csv,runs/QSB-RELALG-REAL01-MIN-UPSTREAM-EXPORT-AUTHORIZED/qsb_relalg_real01_min_upstream_export_authorized_export_status.csv,domain_guess=relalg; artifact_kind=table_csv; suffix=.csv; relative_path=runs/QSB-RELALG-REAL01-MIN-UPSTREAM-EXPORT-AUTHORIZED/qsb_relalg_real01_min_upstream_export_authorized_export_status.csv
relalg_artifact_samples,relalg,table_csv,.csv,runs/QSB-RELALG-REAL01-MIN-UPSTREAM-EXPORT-AUTHORIZED/qsb_relalg_real01_min_upstream_export_authorized_failed_exports.csv,domain_guess=relalg; artifact_kind=table_csv; suffix=.csv; relative_path=runs/QSB-RELALG-REAL01-MIN-UPSTREAM-EXPORT-AUTHORIZED/qsb_relalg_real01_min_upstream_export_authorized_failed_exports.csv
relalg_artifact_samples,relalg,table_csv,.csv,runs/QSB-RELALG-REAL01-MIN-UPSTREAM-EXPORT-AUTHORIZED/qsb_relalg_real01_min_upstream_export_authorized_mapping_review.csv,domain_guess=relalg; artifact_kind=table_csv; suffix=.csv; relative_path=runs/QSB-RELALG-REAL01-MIN-UPSTREAM-EXPORT-AUTHORIZED/qsb_relalg_real01_min_upstream_export_authorized_mapping_review.csv
relalg_artifact_samples,relalg,json_document,.json,runs/QSB-RELALG-REAL01-MIN-UPSTREAM-EXPORT-AUTHORIZED/qsb_relalg_real01_min_upstream_export_authorized_prerequisite_report.json,domain_guess=relalg; artifact_kind=json_document; suffix=.json; relative_path=runs/QSB-RELALG-REAL01-MIN-UPSTREAM-EXPORT-AUTHORIZED/qsb_relalg_real01_min_upstream_export_authorized_prerequisite_report.json
relalg_artifact_samples,relalg,markdown_note,.md,runs/QSB-RELALG-REAL01-MIN-UPSTREAM-EXPORT-AUTHORIZED/QSB-RELALG-REAL01-MIN-UPSTREAM-EXPORT-AUTHORIZED_RUN_SUMMARY.md,domain_guess=relalg; artifact_kind=markdown_note; suffix=.md; relative_path=runs/QSB-RELALG-REAL01-MIN-UPSTREAM-EXPORT-AUTHORIZED/QSB-RELALG-REAL01-MIN-UPSTREAM-EXPORT-AUTHORIZED_RUN_SUMMARY.md
relalg_artifact_samples,relalg,table_csv,.csv,runs/QSB-RELALG-REAL01-MIN-UPSTREAM-EXPORT-AUTHORIZED/qsb_relalg_real01_min_upstream_export_authorized_warning_flags.csv,domain_guess=relalg; artifact_kind=table_csv; suffix=.csv; relative_path=runs/QSB-RELALG-REAL01-MIN-UPSTREAM-EXPORT-AUTHORIZED/qsb_relalg_real01_min_upstream_export_authorized_warning_flags.csv
relalg_artifact_samples,relalg,json_document,.json,runs/QSB-RELALG-REAL01-MIN-UPSTREAM-EXPORT-AUTHORIZED/qsb_relalg_real01_min_validation_report.json,domain_guess=relalg; artifact_kind=json_document; suffix=.json; relative_path=runs/QSB-RELALG-REAL01-MIN-UPSTREAM-EXPORT-AUTHORIZED/qsb_relalg_real01_min_validation_report.json
relalg_artifact_samples,relalg,table_csv,.csv,runs/QSB-RELALG-REAL01-MIN-UPSTREAM-EXPORT/export_templates/REAL01-MIN-EXPORT-SRC0188_c_layer_export_template.csv,domain_guess=relalg; artifact_kind=table_csv; suffix=.csv; relative_path=runs/QSB-RELALG-REAL01-MIN-UPSTREAM-EXPORT/export_templates/REAL01-MIN-EXPORT-SRC0188_c_layer_export_template.csv
causality_artifact_samples,causality,table_csv,.csv,data/baseline_relational_table_real_bmc08b.csv,domain_guess=causality; artifact_kind=table_csv; suffix=.csv; relative_path=data/baseline_relational_table_real_bmc08b.csv
causality_artifact_samples,causality,table_csv,.csv,data/baseline_relational_table_real_bmc08c.csv,domain_guess=causality; artifact_kind=table_csv; suffix=.csv; relative_path=data/baseline_relational_table_real_bmc08c.csv
causality_artifact_samples,causality,table_csv,.csv,data/bmc01/bmc01_baseline_relational_table_template.csv,domain_guess=causality; artifact_kind=table_csv; suffix=.csv; relative_path=data/bmc01/bmc01_baseline_relational_table_template.csv
causality_artifact_samples,causality,table_csv,.csv,data/bmc04/bmc04_baseline_relational_table_template.csv,domain_guess=causality; artifact_kind=table_csv; suffix=.csv; relative_path=data/bmc04/bmc04_baseline_relational_table_template.csv
causality_artifact_samples,causality,other,.yaml,data/bmc07c_backbone_variation_config.yaml,domain_guess=causality; artifact_kind=other; suffix=.yaml; relative_path=data/bmc07c_backbone_variation_config.yaml
causality_artifact_samples,causality,other,.yaml,data/bmc07_config_coupling_arm.yaml,domain_guess=causality; artifact_kind=other; suffix=.yaml; relative_path=data/bmc07_config_coupling_arm.yaml
causality_artifact_samples,causality,other,.yaml,data/bmc07_config_minimal_readouts.yaml,domain_guess=causality; artifact_kind=other; suffix=.yaml; relative_path=data/bmc07_config_minimal_readouts.yaml
causality_artifact_samples,causality,other,.yaml,data/bmc08a_m39x1_featuretable_config.template.yaml,domain_guess=causality; artifact_kind=other; suffix=.yaml; relative_path=data/bmc08a_m39x1_featuretable_config.template.yaml
causality_artifact_samples,causality,other,.yaml,data/bmc08a_m39x1_featuretable_config.yaml,domain_guess=causality; artifact_kind=other; suffix=.yaml; relative_path=data/bmc08a_m39x1_featuretable_config.yaml
causality_artifact_samples,causality,table_csv,.csv,data/bmc08a_real_units_feature_table.csv,domain_guess=causality; artifact_kind=table_csv; suffix=.csv; relative_path=data/bmc08a_real_units_feature_table.csv
causality_artifact_samples,causality,table_csv,.csv,data/bmc08a_real_units_feature_table.template.csv,domain_guess=causality; artifact_kind=table_csv; suffix=.csv; relative_path=data/bmc08a_real_units_feature_table.template.csv
causality_artifact_samples,causality,other,.yaml,data/bmc08b_m39x1_no_ring_mirror_config.yaml,domain_guess=causality; artifact_kind=other; suffix=.yaml; relative_path=data/bmc08b_m39x1_no_ring_mirror_config.yaml
causality_artifact_samples,causality,other,.yaml,data/bmc08b_realdata_config.yaml,domain_guess=causality; artifact_kind=other; suffix=.yaml; relative_path=data/bmc08b_realdata_config.yaml
causality_artifact_samples,causality,table_csv,.csv,data/bmc08b_real_units_feature_table.csv,domain_guess=causality; artifact_kind=table_csv; suffix=.csv; relative_path=data/bmc08b_real_units_feature_table.csv
causality_artifact_samples,causality,other,.yaml,data/bmc08c_m39x1_sign_sensitive_ring_config.yaml,domain_guess=causality; artifact_kind=other; suffix=.yaml; relative_path=data/bmc08c_m39x1_sign_sensitive_ring_config.yaml
causality_artifact_samples,causality,other,.yaml,data/bmc08c_realdata_config.yaml,domain_guess=causality; artifact_kind=other; suffix=.yaml; relative_path=data/bmc08c_realdata_config.yaml
causality_artifact_samples,causality,table_csv,.csv,data/bmc08c_real_units_feature_table.csv,domain_guess=causality; artifact_kind=table_csv; suffix=.csv; relative_path=data/bmc08c_real_units_feature_table.csv
causality_artifact_samples,causality,json_document,.json,data/bmc08_dataset_manifest.json,domain_guess=causality; artifact_kind=json_document; suffix=.json; relative_path=data/bmc08_dataset_manifest.json
causality_artifact_samples,causality,json_document,.json,data/bmc08_dataset_manifest.template.json,domain_guess=causality; artifact_kind=json_document; suffix=.json; relative_path=data/bmc08_dataset_manifest.template.json
causality_artifact_samples,causality,other,.yaml,data/bmc08_realdata_config.template.yaml,domain_guess=causality; artifact_kind=other; suffix=.yaml; relative_path=data/bmc08_realdata_config.template.yaml
causality_artifact_samples,causality,other,.yaml,data/bmc08_realdata_config.yaml,domain_guess=causality; artifact_kind=other; suffix=.yaml; relative_path=data/bmc08_realdata_config.yaml
causality_artifact_samples,causality,other,.yaml,data/bmc09a_knn_config.yaml,domain_guess=causality; artifact_kind=other; suffix=.yaml; relative_path=data/bmc09a_knn_config.yaml
causality_artifact_samples,causality,table_csv,.csv,data/bmc09a_knn_inputs/graph_build_diagnostics.csv,domain_guess=causality; artifact_kind=table_csv; suffix=.csv; relative_path=data/bmc09a_knn_inputs/graph_build_diagnostics.csv
causality_artifact_samples,causality,table_csv,.csv,data/bmc09a_knn_inputs/k_2/baseline_relational_table_real.csv,domain_guess=causality; artifact_kind=table_csv; suffix=.csv; relative_path=data/bmc09a_knn_inputs/k_2/baseline_relational_table_real.csv
causality_artifact_samples,causality,summary_json,.json,data/bmc09a_knn_inputs/k_2/graph_build_summary.json,domain_guess=causality; artifact_kind=summary_json; suffix=.json; relative_path=data/bmc09a_knn_inputs/k_2/graph_build_summary.json
causality_artifact_samples,causality,table_csv,.csv,data/bmc09a_knn_inputs/k_2/node_metadata_real.csv,domain_guess=causality; artifact_kind=table_csv; suffix=.csv; relative_path=data/bmc09a_knn_inputs/k_2/node_metadata_real.csv
causality_artifact_samples,causality,table_csv,.csv,data/bmc09a_knn_inputs/k_3/baseline_relational_table_real.csv,domain_guess=causality; artifact_kind=table_csv; suffix=.csv; relative_path=data/bmc09a_knn_inputs/k_3/baseline_relational_table_real.csv
causality_artifact_samples,causality,summary_json,.json,data/bmc09a_knn_inputs/k_3/graph_build_summary.json,domain_guess=causality; artifact_kind=summary_json; suffix=.json; relative_path=data/bmc09a_knn_inputs/k_3/graph_build_summary.json
causality_artifact_samples,causality,table_csv,.csv,data/bmc09a_knn_inputs/k_3/node_metadata_real.csv,domain_guess=causality; artifact_kind=table_csv; suffix=.csv; relative_path=data/bmc09a_knn_inputs/k_3/node_metadata_real.csv
causality_artifact_samples,causality,table_csv,.csv,data/bmc09a_knn_inputs/k_4/baseline_relational_table_real.csv,domain_guess=causality; artifact_kind=table_csv; suffix=.csv; relative_path=data/bmc09a_knn_inputs/k_4/baseline_relational_table_real.csv
causality_artifact_samples,causality,summary_json,.json,data/bmc09a_knn_inputs/k_4/graph_build_summary.json,domain_guess=causality; artifact_kind=summary_json; suffix=.json; relative_path=data/bmc09a_knn_inputs/k_4/graph_build_summary.json
causality_artifact_samples,causality,table_csv,.csv,data/bmc09a_knn_inputs/k_4/node_metadata_real.csv,domain_guess=causality; artifact_kind=table_csv; suffix=.csv; relative_path=data/bmc09a_knn_inputs/k_4/node_metadata_real.csv
causality_artifact_samples,causality,other,.yaml,data/bmc09a_realdata_config.yaml,domain_guess=causality; artifact_kind=other; suffix=.yaml; relative_path=data/bmc09a_realdata_config.yaml
causality_artifact_samples,causality,other,.yaml,data/bmc09b_k_sweep_config.yaml,domain_guess=causality; artifact_kind=other; suffix=.yaml; relative_path=data/bmc09b_k_sweep_config.yaml
causality_artifact_samples,causality,other,.yaml,data/bmc09b_runner_config_k_2.yaml,domain_guess=causality; artifact_kind=other; suffix=.yaml; relative_path=data/bmc09b_runner_config_k_2.yaml
causality_artifact_samples,causality,other,.yaml,data/bmc09b_runner_config_k_3.yaml,domain_guess=causality; artifact_kind=other; suffix=.yaml; relative_path=data/bmc09b_runner_config_k_3.yaml
causality_artifact_samples,causality,other,.yaml,data/bmc09b_runner_config_k_4.yaml,domain_guess=causality; artifact_kind=other; suffix=.yaml; relative_path=data/bmc09b_runner_config_k_4.yaml
causality_artifact_samples,causality,other,.yaml,data/bmc09c_mutual_knn_compare_config.yaml,domain_guess=causality; artifact_kind=other; suffix=.yaml; relative_path=data/bmc09c_mutual_knn_compare_config.yaml
causality_artifact_samples,causality,other,.yaml,data/bmc09c_mutual_knn_config.yaml,domain_guess=causality; artifact_kind=other; suffix=.yaml; relative_path=data/bmc09c_mutual_knn_config.yaml
causality_artifact_samples,causality,table_csv,.csv,data/bmc09c_mutual_knn_inputs/graph_build_diagnostics.csv,domain_guess=causality; artifact_kind=table_csv; suffix=.csv; relative_path=data/bmc09c_mutual_knn_inputs/graph_build_diagnostics.csv
causality_artifact_samples,causality,table_csv,.csv,data/bmc09c_mutual_knn_inputs/k_2/baseline_relational_table_real.csv,domain_guess=causality; artifact_kind=table_csv; suffix=.csv; relative_path=data/bmc09c_mutual_knn_inputs/k_2/baseline_relational_table_real.csv
causality_artifact_samples,causality,summary_json,.json,data/bmc09c_mutual_knn_inputs/k_2/graph_build_summary.json,domain_guess=causality; artifact_kind=summary_json; suffix=.json; relative_path=data/bmc09c_mutual_knn_inputs/k_2/graph_build_summary.json
causality_artifact_samples,causality,table_csv,.csv,data/bmc09c_mutual_knn_inputs/k_2/node_metadata_real.csv,domain_guess=causality; artifact_kind=table_csv; suffix=.csv; relative_path=data/bmc09c_mutual_knn_inputs/k_2/node_metadata_real.csv
causality_artifact_samples,causality,table_csv,.csv,data/bmc09c_mutual_knn_inputs/k_3/baseline_relational_table_real.csv,domain_guess=causality; artifact_kind=table_csv; suffix=.csv; relative_path=data/bmc09c_mutual_knn_inputs/k_3/baseline_relational_table_real.csv
causality_artifact_samples,causality,summary_json,.json,data/bmc09c_mutual_knn_inputs/k_3/graph_build_summary.json,domain_guess=causality; artifact_kind=summary_json; suffix=.json; relative_path=data/bmc09c_mutual_knn_inputs/k_3/graph_build_summary.json
causality_artifact_samples,causality,table_csv,.csv,data/bmc09c_mutual_knn_inputs/k_3/node_metadata_real.csv,domain_guess=causality; artifact_kind=table_csv; suffix=.csv; relative_path=data/bmc09c_mutual_knn_inputs/k_3/node_metadata_real.csv
causality_artifact_samples,causality,table_csv,.csv,data/bmc09c_mutual_knn_inputs/k_4/baseline_relational_table_real.csv,domain_guess=causality; artifact_kind=table_csv; suffix=.csv; relative_path=data/bmc09c_mutual_knn_inputs/k_4/baseline_relational_table_real.csv
causality_artifact_samples,causality,summary_json,.json,data/bmc09c_mutual_knn_inputs/k_4/graph_build_summary.json,domain_guess=causality; artifact_kind=summary_json; suffix=.json; relative_path=data/bmc09c_mutual_knn_inputs/k_4/graph_build_summary.json
causality_artifact_samples,causality,table_csv,.csv,data/bmc09c_mutual_knn_inputs/k_4/node_metadata_real.csv,domain_guess=causality; artifact_kind=table_csv; suffix=.csv; relative_path=data/bmc09c_mutual_knn_inputs/k_4/node_metadata_real.csv
causality_artifact_samples,causality,other,.yaml,data/bmc09c_runner_config_k_2.yaml,domain_guess=causality; artifact_kind=other; suffix=.yaml; relative_path=data/bmc09c_runner_config_k_2.yaml
causality_artifact_samples,causality,other,.yaml,data/bmc09c_runner_config_k_3.yaml,domain_guess=causality; artifact_kind=other; suffix=.yaml; relative_path=data/bmc09c_runner_config_k_3.yaml
causality_artifact_samples,causality,other,.yaml,data/bmc09c_runner_config_k_4.yaml,domain_guess=causality; artifact_kind=other; suffix=.yaml; relative_path=data/bmc09c_runner_config_k_4.yaml
causality_artifact_samples,causality,other,.yaml,data/bmc09d_runner_config_hybrid_k3_tau_025.yaml,domain_guess=causality; artifact_kind=other; suffix=.yaml; relative_path=data/bmc09d_runner_config_hybrid_k3_tau_025.yaml
causality_artifact_samples,causality,other,.yaml,data/bmc09d_runner_config_hybrid_k3_tau_03.yaml,domain_guess=causality; artifact_kind=other; suffix=.yaml; relative_path=data/bmc09d_runner_config_hybrid_k3_tau_03.yaml
causality_artifact_samples,causality,other,.yaml,data/bmc09d_runner_config_threshold_tau_025.yaml,domain_guess=causality; artifact_kind=other; suffix=.yaml; relative_path=data/bmc09d_runner_config_threshold_tau_025.yaml
causality_artifact_samples,causality,other,.yaml,data/bmc09d_runner_config_threshold_tau_035.yaml,domain_guess=causality; artifact_kind=other; suffix=.yaml; relative_path=data/bmc09d_runner_config_threshold_tau_035.yaml
causality_artifact_samples,causality,other,.yaml,data/bmc09d_runner_config_threshold_tau_03.yaml,domain_guess=causality; artifact_kind=other; suffix=.yaml; relative_path=data/bmc09d_runner_config_threshold_tau_03.yaml
causality_artifact_samples,causality,other,.yaml,data/bmc09d_threshold_hybrid_compare_config.yaml,domain_guess=causality; artifact_kind=other; suffix=.yaml; relative_path=data/bmc09d_threshold_hybrid_compare_config.yaml
causality_artifact_samples,causality,other,.yaml,data/bmc09d_threshold_hybrid_config.yaml,domain_guess=causality; artifact_kind=other; suffix=.yaml; relative_path=data/bmc09d_threshold_hybrid_config.yaml
causality_artifact_samples,causality,table_csv,.csv,data/bmc09d_threshold_hybrid_inputs/graph_build_diagnostics.csv,domain_guess=causality; artifact_kind=table_csv; suffix=.csv; relative_path=data/bmc09d_threshold_hybrid_inputs/graph_build_diagnostics.csv
causality_artifact_samples,causality,table_csv,.csv,data/bmc09d_threshold_hybrid_inputs/hybrid_k3_tau_025/baseline_relational_table_real.csv,domain_guess=causality; artifact_kind=table_csv; suffix=.csv; relative_path=data/bmc09d_threshold_hybrid_inputs/hybrid_k3_tau_025/baseline_relational_table_real.csv
causality_artifact_samples,causality,summary_json,.json,data/bmc09d_threshold_hybrid_inputs/hybrid_k3_tau_025/graph_build_summary.json,domain_guess=causality; artifact_kind=summary_json; suffix=.json; relative_path=data/bmc09d_threshold_hybrid_inputs/hybrid_k3_tau_025/graph_build_summary.json
causality_artifact_samples,causality,table_csv,.csv,data/bmc09d_threshold_hybrid_inputs/hybrid_k3_tau_025/node_metadata_real.csv,domain_guess=causality; artifact_kind=table_csv; suffix=.csv; relative_path=data/bmc09d_threshold_hybrid_inputs/hybrid_k3_tau_025/node_metadata_real.csv
causality_artifact_samples,causality,table_csv,.csv,data/bmc09d_threshold_hybrid_inputs/hybrid_k3_tau_03/baseline_relational_table_real.csv,domain_guess=causality; artifact_kind=table_csv; suffix=.csv; relative_path=data/bmc09d_threshold_hybrid_inputs/hybrid_k3_tau_03/baseline_relational_table_real.csv
causality_artifact_samples,causality,summary_json,.json,data/bmc09d_threshold_hybrid_inputs/hybrid_k3_tau_03/graph_build_summary.json,domain_guess=causality; artifact_kind=summary_json; suffix=.json; relative_path=data/bmc09d_threshold_hybrid_inputs/hybrid_k3_tau_03/graph_build_summary.json
causality_artifact_samples,causality,table_csv,.csv,data/bmc09d_threshold_hybrid_inputs/hybrid_k3_tau_03/node_metadata_real.csv,domain_guess=causality; artifact_kind=table_csv; suffix=.csv; relative_path=data/bmc09d_threshold_hybrid_inputs/hybrid_k3_tau_03/node_metadata_real.csv
causality_artifact_samples,causality,table_csv,.csv,data/bmc09d_threshold_hybrid_inputs/threshold_tau_025/baseline_relational_table_real.csv,domain_guess=causality; artifact_kind=table_csv; suffix=.csv; relative_path=data/bmc09d_threshold_hybrid_inputs/threshold_tau_025/baseline_relational_table_real.csv
causality_artifact_samples,causality,summary_json,.json,data/bmc09d_threshold_hybrid_inputs/threshold_tau_025/graph_build_summary.json,domain_guess=causality; artifact_kind=summary_json; suffix=.json; relative_path=data/bmc09d_threshold_hybrid_inputs/threshold_tau_025/graph_build_summary.json
causality_artifact_samples,causality,table_csv,.csv,data/bmc09d_threshold_hybrid_inputs/threshold_tau_025/node_metadata_real.csv,domain_guess=causality; artifact_kind=table_csv; suffix=.csv; relative_path=data/bmc09d_threshold_hybrid_inputs/threshold_tau_025/node_metadata_real.csv
causality_artifact_samples,causality,table_csv,.csv,data/bmc09d_threshold_hybrid_inputs/threshold_tau_035/baseline_relational_table_real.csv,domain_guess=causality; artifact_kind=table_csv; suffix=.csv; relative_path=data/bmc09d_threshold_hybrid_inputs/threshold_tau_035/baseline_relational_table_real.csv
causality_artifact_samples,causality,summary_json,.json,data/bmc09d_threshold_hybrid_inputs/threshold_tau_035/graph_build_summary.json,domain_guess=causality; artifact_kind=summary_json; suffix=.json; relative_path=data/bmc09d_threshold_hybrid_inputs/threshold_tau_035/graph_build_summary.json
causality_artifact_samples,causality,table_csv,.csv,data/bmc09d_threshold_hybrid_inputs/threshold_tau_035/node_metadata_real.csv,domain_guess=causality; artifact_kind=table_csv; suffix=.csv; relative_path=data/bmc09d_threshold_hybrid_inputs/threshold_tau_035/node_metadata_real.csv
causality_artifact_samples,causality,table_csv,.csv,data/bmc09d_threshold_hybrid_inputs/threshold_tau_03/baseline_relational_table_real.csv,domain_guess=causality; artifact_kind=table_csv; suffix=.csv; relative_path=data/bmc09d_threshold_hybrid_inputs/threshold_tau_03/baseline_relational_table_real.csv
causality_artifact_samples,causality,summary_json,.json,data/bmc09d_threshold_hybrid_inputs/threshold_tau_03/graph_build_summary.json,domain_guess=causality; artifact_kind=summary_json; suffix=.json; relative_path=data/bmc09d_threshold_hybrid_inputs/threshold_tau_03/graph_build_summary.json
causality_artifact_samples,causality,table_csv,.csv,data/bmc09d_threshold_hybrid_inputs/threshold_tau_03/node_metadata_real.csv,domain_guess=causality; artifact_kind=table_csv; suffix=.csv; relative_path=data/bmc09d_threshold_hybrid_inputs/threshold_tau_03/node_metadata_real.csv
causality_artifact_samples,causality,other,.yaml,data/bmc10_nullmodel_compare_config.yaml,domain_guess=causality; artifact_kind=other; suffix=.yaml; relative_path=data/bmc10_nullmodel_compare_config.yaml
causality_artifact_samples,causality,other,.yaml,data/bmc10_nullmodel_config.yaml,domain_guess=causality; artifact_kind=other; suffix=.yaml; relative_path=data/bmc10_nullmodel_config.yaml
causality_artifact_samples,causality,table_csv,.csv,data/bmc10_nullmodel_inputs/graph_build_diagnostics.csv,domain_guess=causality; artifact_kind=table_csv; suffix=.csv; relative_path=data/bmc10_nullmodel_inputs/graph_build_diagnostics.csv
causality_artifact_samples,causality,table_csv,.csv,data/bmc10_nullmodel_inputs/seed_101/nullmodel_feature_table.csv,domain_guess=causality; artifact_kind=table_csv; suffix=.csv; relative_path=data/bmc10_nullmodel_inputs/seed_101/nullmodel_feature_table.csv
causality_artifact_samples,causality,table_csv,.csv,data/bmc10_nullmodel_inputs/seed_101/threshold_tau_028/baseline_relational_table_real.csv,domain_guess=causality; artifact_kind=table_csv; suffix=.csv; relative_path=data/bmc10_nullmodel_inputs/seed_101/threshold_tau_028/baseline_relational_table_real.csv
causality_artifact_samples,causality,summary_json,.json,data/bmc10_nullmodel_inputs/seed_101/threshold_tau_028/graph_build_summary.json,domain_guess=causality; artifact_kind=summary_json; suffix=.json; relative_path=data/bmc10_nullmodel_inputs/seed_101/threshold_tau_028/graph_build_summary.json
causality_artifact_samples,causality,table_csv,.csv,data/bmc10_nullmodel_inputs/seed_101/threshold_tau_028/node_metadata_real.csv,domain_guess=causality; artifact_kind=table_csv; suffix=.csv; relative_path=data/bmc10_nullmodel_inputs/seed_101/threshold_tau_028/node_metadata_real.csv
causality_artifact_samples,causality,table_csv,.csv,data/bmc10_nullmodel_inputs/seed_101/threshold_tau_032/baseline_relational_table_real.csv,domain_guess=causality; artifact_kind=table_csv; suffix=.csv; relative_path=data/bmc10_nullmodel_inputs/seed_101/threshold_tau_032/baseline_relational_table_real.csv
causality_artifact_samples,causality,summary_json,.json,data/bmc10_nullmodel_inputs/seed_101/threshold_tau_032/graph_build_summary.json,domain_guess=causality; artifact_kind=summary_json; suffix=.json; relative_path=data/bmc10_nullmodel_inputs/seed_101/threshold_tau_032/graph_build_summary.json
causality_artifact_samples,causality,table_csv,.csv,data/bmc10_nullmodel_inputs/seed_101/threshold_tau_032/node_metadata_real.csv,domain_guess=causality; artifact_kind=table_csv; suffix=.csv; relative_path=data/bmc10_nullmodel_inputs/seed_101/threshold_tau_032/node_metadata_real.csv
causality_artifact_samples,causality,table_csv,.csv,data/bmc10_nullmodel_inputs/seed_101/threshold_tau_03/baseline_relational_table_real.csv,domain_guess=causality; artifact_kind=table_csv; suffix=.csv; relative_path=data/bmc10_nullmodel_inputs/seed_101/threshold_tau_03/baseline_relational_table_real.csv
causality_artifact_samples,causality,summary_json,.json,data/bmc10_nullmodel_inputs/seed_101/threshold_tau_03/graph_build_summary.json,domain_guess=causality; artifact_kind=summary_json; suffix=.json; relative_path=data/bmc10_nullmodel_inputs/seed_101/threshold_tau_03/graph_build_summary.json
causality_artifact_samples,causality,table_csv,.csv,data/bmc10_nullmodel_inputs/seed_101/threshold_tau_03/node_metadata_real.csv,domain_guess=causality; artifact_kind=table_csv; suffix=.csv; relative_path=data/bmc10_nullmodel_inputs/seed_101/threshold_tau_03/node_metadata_real.csv
causality_artifact_samples,causality,table_csv,.csv,data/bmc10_nullmodel_inputs/seed_202/nullmodel_feature_table.csv,domain_guess=causality; artifact_kind=table_csv; suffix=.csv; relative_path=data/bmc10_nullmodel_inputs/seed_202/nullmodel_feature_table.csv
causality_artifact_samples,causality,table_csv,.csv,data/bmc10_nullmodel_inputs/seed_202/threshold_tau_028/baseline_relational_table_real.csv,domain_guess=causality; artifact_kind=table_csv; suffix=.csv; relative_path=data/bmc10_nullmodel_inputs/seed_202/threshold_tau_028/baseline_relational_table_real.csv
causality_artifact_samples,causality,summary_json,.json,data/bmc10_nullmodel_inputs/seed_202/threshold_tau_028/graph_build_summary.json,domain_guess=causality; artifact_kind=summary_json; suffix=.json; relative_path=data/bmc10_nullmodel_inputs/seed_202/threshold_tau_028/graph_build_summary.json
causality_artifact_samples,causality,table_csv,.csv,data/bmc10_nullmodel_inputs/seed_202/threshold_tau_028/node_metadata_real.csv,domain_guess=causality; artifact_kind=table_csv; suffix=.csv; relative_path=data/bmc10_nullmodel_inputs/seed_202/threshold_tau_028/node_metadata_real.csv
causality_artifact_samples,causality,table_csv,.csv,data/bmc10_nullmodel_inputs/seed_202/threshold_tau_032/baseline_relational_table_real.csv,domain_guess=causality; artifact_kind=table_csv; suffix=.csv; relative_path=data/bmc10_nullmodel_inputs/seed_202/threshold_tau_032/baseline_relational_table_real.csv
causality_artifact_samples,causality,summary_json,.json,data/bmc10_nullmodel_inputs/seed_202/threshold_tau_032/graph_build_summary.json,domain_guess=causality; artifact_kind=summary_json; suffix=.json; relative_path=data/bmc10_nullmodel_inputs/seed_202/threshold_tau_032/graph_build_summary.json
causality_artifact_samples,causality,table_csv,.csv,data/bmc10_nullmodel_inputs/seed_202/threshold_tau_032/node_metadata_real.csv,domain_guess=causality; artifact_kind=table_csv; suffix=.csv; relative_path=data/bmc10_nullmodel_inputs/seed_202/threshold_tau_032/node_metadata_real.csv
causality_artifact_samples,causality,table_csv,.csv,data/bmc10_nullmodel_inputs/seed_202/threshold_tau_03/baseline_relational_table_real.csv,domain_guess=causality; artifact_kind=table_csv; suffix=.csv; relative_path=data/bmc10_nullmodel_inputs/seed_202/threshold_tau_03/baseline_relational_table_real.csv
causality_artifact_samples,causality,summary_json,.json,data/bmc10_nullmodel_inputs/seed_202/threshold_tau_03/graph_build_summary.json,domain_guess=causality; artifact_kind=summary_json; suffix=.json; relative_path=data/bmc10_nullmodel_inputs/seed_202/threshold_tau_03/graph_build_summary.json
causality_artifact_samples,causality,table_csv,.csv,data/bmc10_nullmodel_inputs/seed_202/threshold_tau_03/node_metadata_real.csv,domain_guess=causality; artifact_kind=table_csv; suffix=.csv; relative_path=data/bmc10_nullmodel_inputs/seed_202/threshold_tau_03/node_metadata_real.csv
causality_artifact_samples,causality,table_csv,.csv,data/bmc10_nullmodel_inputs/seed_303/nullmodel_feature_table.csv,domain_guess=causality; artifact_kind=table_csv; suffix=.csv; relative_path=data/bmc10_nullmodel_inputs/seed_303/nullmodel_feature_table.csv
causality_artifact_samples,causality,table_csv,.csv,data/bmc10_nullmodel_inputs/seed_303/threshold_tau_028/baseline_relational_table_real.csv,domain_guess=causality; artifact_kind=table_csv; suffix=.csv; relative_path=data/bmc10_nullmodel_inputs/seed_303/threshold_tau_028/baseline_relational_table_real.csv
causality_artifact_samples,causality,summary_json,.json,data/bmc10_nullmodel_inputs/seed_303/threshold_tau_028/graph_build_summary.json,domain_guess=causality; artifact_kind=summary_json; suffix=.json; relative_path=data/bmc10_nullmodel_inputs/seed_303/threshold_tau_028/graph_build_summary.json
causality_artifact_samples,causality,table_csv,.csv,data/bmc10_nullmodel_inputs/seed_303/threshold_tau_028/node_metadata_real.csv,domain_guess=causality; artifact_kind=table_csv; suffix=.csv; relative_path=data/bmc10_nullmodel_inputs/seed_303/threshold_tau_028/node_metadata_real.csv
causality_artifact_samples,causality,table_csv,.csv,data/bmc10_nullmodel_inputs/seed_303/threshold_tau_032/baseline_relational_table_real.csv,domain_guess=causality; artifact_kind=table_csv; suffix=.csv; relative_path=data/bmc10_nullmodel_inputs/seed_303/threshold_tau_032/baseline_relational_table_real.csv
causality_artifact_samples,causality,summary_json,.json,data/bmc10_nullmodel_inputs/seed_303/threshold_tau_032/graph_build_summary.json,domain_guess=causality; artifact_kind=summary_json; suffix=.json; relative_path=data/bmc10_nullmodel_inputs/seed_303/threshold_tau_032/graph_build_summary.json
causality_artifact_samples,causality,table_csv,.csv,data/bmc10_nullmodel_inputs/seed_303/threshold_tau_032/node_metadata_real.csv,domain_guess=causality; artifact_kind=table_csv; suffix=.csv; relative_path=data/bmc10_nullmodel_inputs/seed_303/threshold_tau_032/node_metadata_real.csv
causality_artifact_samples,causality,table_csv,.csv,data/bmc10_nullmodel_inputs/seed_303/threshold_tau_03/baseline_relational_table_real.csv,domain_guess=causality; artifact_kind=table_csv; suffix=.csv; relative_path=data/bmc10_nullmodel_inputs/seed_303/threshold_tau_03/baseline_relational_table_real.csv
causality_artifact_samples,causality,summary_json,.json,data/bmc10_nullmodel_inputs/seed_303/threshold_tau_03/graph_build_summary.json,domain_guess=causality; artifact_kind=summary_json; suffix=.json; relative_path=data/bmc10_nullmodel_inputs/seed_303/threshold_tau_03/graph_build_summary.json
causality_artifact_samples,causality,table_csv,.csv,data/bmc10_nullmodel_inputs/seed_303/threshold_tau_03/node_metadata_real.csv,domain_guess=causality; artifact_kind=table_csv; suffix=.csv; relative_path=data/bmc10_nullmodel_inputs/seed_303/threshold_tau_03/node_metadata_real.csv
causality_artifact_samples,causality,other,.yaml,data/bmc10_runner_config_seed_101_threshold_tau_028.yaml,domain_guess=causality; artifact_kind=other; suffix=.yaml; relative_path=data/bmc10_runner_config_seed_101_threshold_tau_028.yaml
causality_artifact_samples,causality,other,.yaml,data/bmc10_runner_config_seed_101_threshold_tau_032.yaml,domain_guess=causality; artifact_kind=other; suffix=.yaml; relative_path=data/bmc10_runner_config_seed_101_threshold_tau_032.yaml
causality_artifact_samples,causality,other,.yaml,data/bmc10_runner_config_seed_101_threshold_tau_03.yaml,domain_guess=causality; artifact_kind=other; suffix=.yaml; relative_path=data/bmc10_runner_config_seed_101_threshold_tau_03.yaml
causality_artifact_samples,causality,other,.yaml,data/bmc10_runner_config_seed_202_threshold_tau_028.yaml,domain_guess=causality; artifact_kind=other; suffix=.yaml; relative_path=data/bmc10_runner_config_seed_202_threshold_tau_028.yaml
causality_artifact_samples,causality,other,.yaml,data/bmc10_runner_config_seed_202_threshold_tau_032.yaml,domain_guess=causality; artifact_kind=other; suffix=.yaml; relative_path=data/bmc10_runner_config_seed_202_threshold_tau_032.yaml
causality_artifact_samples,causality,other,.yaml,data/bmc10_runner_config_seed_202_threshold_tau_03.yaml,domain_guess=causality; artifact_kind=other; suffix=.yaml; relative_path=data/bmc10_runner_config_seed_202_threshold_tau_03.yaml
causality_artifact_samples,causality,other,.yaml,data/bmc10_runner_config_seed_303_threshold_tau_028.yaml,domain_guess=causality; artifact_kind=other; suffix=.yaml; relative_path=data/bmc10_runner_config_seed_303_threshold_tau_028.yaml
causality_artifact_samples,causality,other,.yaml,data/bmc10_runner_config_seed_303_threshold_tau_032.yaml,domain_guess=causality; artifact_kind=other; suffix=.yaml; relative_path=data/bmc10_runner_config_seed_303_threshold_tau_032.yaml
causality_artifact_samples,causality,other,.yaml,data/bmc10_runner_config_seed_303_threshold_tau_03.yaml,domain_guess=causality; artifact_kind=other; suffix=.yaml; relative_path=data/bmc10_runner_config_seed_303_threshold_tau_03.yaml
causality_artifact_samples,causality,table_csv,.csv,data/bmc11_baseline_relational_table_seed_101.csv,domain_guess=causality; artifact_kind=table_csv; suffix=.csv; relative_path=data/bmc11_baseline_relational_table_seed_101.csv
causality_artifact_samples,causality,table_csv,.csv,data/bmc11_baseline_relational_table_seed_202.csv,domain_guess=causality; artifact_kind=table_csv; suffix=.csv; relative_path=data/bmc11_baseline_relational_table_seed_202.csv
causality_artifact_samples,causality,table_csv,.csv,data/bmc11_baseline_relational_table_seed_303.csv,domain_guess=causality; artifact_kind=table_csv; suffix=.csv; relative_path=data/bmc11_baseline_relational_table_seed_303.csv
causality_artifact_samples,causality,table_csv,.csv,data/bmc11_cov_null_feature_table.csv,domain_guess=causality; artifact_kind=table_csv; suffix=.csv; relative_path=data/bmc11_cov_null_feature_table.csv
causality_artifact_samples,causality,other,.yaml,data/bmc11_cov_nullmodel_compare_config.yaml,domain_guess=causality; artifact_kind=other; suffix=.yaml; relative_path=data/bmc11_cov_nullmodel_compare_config.yaml
causality_artifact_samples,causality,other,.yaml,data/bmc11_cov_nullmodel_config.yaml,domain_guess=causality; artifact_kind=other; suffix=.yaml; relative_path=data/bmc11_cov_nullmodel_config.yaml
causality_artifact_samples,causality,table_csv,.csv,data/bmc11_node_metadata_seed_101.csv,domain_guess=causality; artifact_kind=table_csv; suffix=.csv; relative_path=data/bmc11_node_metadata_seed_101.csv
causality_artifact_samples,causality,table_csv,.csv,data/bmc11_node_metadata_seed_202.csv,domain_guess=causality; artifact_kind=table_csv; suffix=.csv; relative_path=data/bmc11_node_metadata_seed_202.csv
causality_artifact_samples,causality,table_csv,.csv,data/bmc11_node_metadata_seed_303.csv,domain_guess=causality; artifact_kind=table_csv; suffix=.csv; relative_path=data/bmc11_node_metadata_seed_303.csv
causality_artifact_samples,causality,other,.yaml,data/bmc11_runner_config_seed_101_threshold_tau_028.yaml,domain_guess=causality; artifact_kind=other; suffix=.yaml; relative_path=data/bmc11_runner_config_seed_101_threshold_tau_028.yaml
causality_artifact_samples,causality,other,.yaml,data/bmc11_runner_config_seed_101_threshold_tau_032.yaml,domain_guess=causality; artifact_kind=other; suffix=.yaml; relative_path=data/bmc11_runner_config_seed_101_threshold_tau_032.yaml
causality_artifact_samples,causality,other,.yaml,data/bmc11_runner_config_seed_101_threshold_tau_03.yaml,domain_guess=causality; artifact_kind=other; suffix=.yaml; relative_path=data/bmc11_runner_config_seed_101_threshold_tau_03.yaml
causality_artifact_samples,causality,other,.yaml,data/bmc11_runner_config_seed_202_threshold_tau_028.yaml,domain_guess=causality; artifact_kind=other; suffix=.yaml; relative_path=data/bmc11_runner_config_seed_202_threshold_tau_028.yaml
causality_artifact_samples,causality,other,.yaml,data/bmc11_runner_config_seed_202_threshold_tau_032.yaml,domain_guess=causality; artifact_kind=other; suffix=.yaml; relative_path=data/bmc11_runner_config_seed_202_threshold_tau_032.yaml
causality_artifact_samples,causality,other,.yaml,data/bmc11_runner_config_seed_202_threshold_tau_03.yaml,domain_guess=causality; artifact_kind=other; suffix=.yaml; relative_path=data/bmc11_runner_config_seed_202_threshold_tau_03.yaml
causality_artifact_samples,causality,other,.yaml,data/bmc11_runner_config_seed_303_threshold_tau_028.yaml,domain_guess=causality; artifact_kind=other; suffix=.yaml; relative_path=data/bmc11_runner_config_seed_303_threshold_tau_028.yaml
causality_artifact_samples,causality,other,.yaml,data/bmc11_runner_config_seed_303_threshold_tau_032.yaml,domain_guess=causality; artifact_kind=other; suffix=.yaml; relative_path=data/bmc11_runner_config_seed_303_threshold_tau_032.yaml
causality_artifact_samples,causality,other,.yaml,data/bmc11_runner_config_seed_303_threshold_tau_03.yaml,domain_guess=causality; artifact_kind=other; suffix=.yaml; relative_path=data/bmc11_runner_config_seed_303_threshold_tau_03.yaml
causality_artifact_samples,causality,other,.yaml,data/bmc12b_matched_leaveoneout_config.yaml,domain_guess=causality; artifact_kind=other; suffix=.yaml; relative_path=data/bmc12b_matched_leaveoneout_config.yaml
causality_artifact_samples,causality,other,.yaml,data/bmc12c_backbone_aware_configs/baseline_all_features_fixed_tau.yaml,domain_guess=causality; artifact_kind=other; suffix=.yaml; relative_path=data/bmc12c_backbone_aware_configs/baseline_all_features_fixed_tau.yaml
causality_artifact_samples,causality,other,.yaml,data/bmc12c_backbone_aware_configs/matched_drop_feature_length_scale.yaml,domain_guess=causality; artifact_kind=other; suffix=.yaml; relative_path=data/bmc12c_backbone_aware_configs/matched_drop_feature_length_scale.yaml
causality_artifact_samples,causality,other,.yaml,data/bmc12c_backbone_aware_configs/matched_drop_feature_mode_frequency.yaml,domain_guess=causality; artifact_kind=other; suffix=.yaml; relative_path=data/bmc12c_backbone_aware_configs/matched_drop_feature_mode_frequency.yaml
causality_artifact_samples,causality,other,.yaml,data/bmc12c_backbone_aware_configs/matched_drop_feature_shape_factor.yaml,domain_guess=causality; artifact_kind=other; suffix=.yaml; relative_path=data/bmc12c_backbone_aware_configs/matched_drop_feature_shape_factor.yaml
causality_artifact_samples,causality,other,.yaml,data/bmc12c_backbone_aware_configs/matched_drop_feature_spectral_index.yaml,domain_guess=causality; artifact_kind=other; suffix=.yaml; relative_path=data/bmc12c_backbone_aware_configs/matched_drop_feature_spectral_index.yaml
causality_artifact_samples,causality,table_csv,.csv,data/bmc12c_backbone_aware_inputs/baseline_all_features_fixed_tau/baseline_relational_table_real.csv,domain_guess=causality; artifact_kind=table_csv; suffix=.csv; relative_path=data/bmc12c_backbone_aware_inputs/baseline_all_features_fixed_tau/baseline_relational_table_real.csv
causality_artifact_samples,causality,table_csv,.csv,data/bmc12c_backbone_aware_inputs/baseline_all_features_fixed_tau/node_metadata_real.csv,domain_guess=causality; artifact_kind=table_csv; suffix=.csv; relative_path=data/bmc12c_backbone_aware_inputs/baseline_all_features_fixed_tau/node_metadata_real.csv
causality_artifact_samples,causality,table_csv,.csv,data/bmc12c_backbone_aware_inputs/matched_drop_feature_length_scale/baseline_relational_table_real.csv,domain_guess=causality; artifact_kind=table_csv; suffix=.csv; relative_path=data/bmc12c_backbone_aware_inputs/matched_drop_feature_length_scale/baseline_relational_table_real.csv
causality_artifact_samples,causality,table_csv,.csv,data/bmc12c_backbone_aware_inputs/matched_drop_feature_length_scale/node_metadata_real.csv,domain_guess=causality; artifact_kind=table_csv; suffix=.csv; relative_path=data/bmc12c_backbone_aware_inputs/matched_drop_feature_length_scale/node_metadata_real.csv
causality_artifact_samples,causality,table_csv,.csv,data/bmc12c_backbone_aware_inputs/matched_drop_feature_mode_frequency/baseline_relational_table_real.csv,domain_guess=causality; artifact_kind=table_csv; suffix=.csv; relative_path=data/bmc12c_backbone_aware_inputs/matched_drop_feature_mode_frequency/baseline_relational_table_real.csv
causality_artifact_samples,causality,table_csv,.csv,data/bmc12c_backbone_aware_inputs/matched_drop_feature_mode_frequency/node_metadata_real.csv,domain_guess=causality; artifact_kind=table_csv; suffix=.csv; relative_path=data/bmc12c_backbone_aware_inputs/matched_drop_feature_mode_frequency/node_metadata_real.csv
causality_artifact_samples,causality,table_csv,.csv,data/bmc12c_backbone_aware_inputs/matched_drop_feature_shape_factor/baseline_relational_table_real.csv,domain_guess=causality; artifact_kind=table_csv; suffix=.csv; relative_path=data/bmc12c_backbone_aware_inputs/matched_drop_feature_shape_factor/baseline_relational_table_real.csv
causality_artifact_samples,causality,table_csv,.csv,data/bmc12c_backbone_aware_inputs/matched_drop_feature_shape_factor/node_metadata_real.csv,domain_guess=causality; artifact_kind=table_csv; suffix=.csv; relative_path=data/bmc12c_backbone_aware_inputs/matched_drop_feature_shape_factor/node_metadata_real.csv
causality_artifact_samples,causality,table_csv,.csv,data/bmc12c_backbone_aware_inputs/matched_drop_feature_spectral_index/baseline_relational_table_real.csv,domain_guess=causality; artifact_kind=table_csv; suffix=.csv; relative_path=data/bmc12c_backbone_aware_inputs/matched_drop_feature_spectral_index/baseline_relational_table_real.csv
causality_artifact_samples,causality,table_csv,.csv,data/bmc12c_backbone_aware_inputs/matched_drop_feature_spectral_index/node_metadata_real.csv,domain_guess=causality; artifact_kind=table_csv; suffix=.csv; relative_path=data/bmc12c_backbone_aware_inputs/matched_drop_feature_spectral_index/node_metadata_real.csv
causality_artifact_samples,causality,other,.yaml,data/bmc12c_backbone_aware_matched_loo_config.yaml,domain_guess=causality; artifact_kind=other; suffix=.yaml; relative_path=data/bmc12c_backbone_aware_matched_loo_config.yaml
causality_artifact_samples,causality,other,.yaml,data/bmc12e_edgecount_neighborhood_sweep_config.yaml,domain_guess=causality; artifact_kind=other; suffix=.yaml; relative_path=data/bmc12e_edgecount_neighborhood_sweep_config.yaml
causality_artifact_samples,causality,other,.yaml,data/bmc12e_edgecount_sweep_configs/N_70/baseline_all_features.yaml,domain_guess=causality; artifact_kind=other; suffix=.yaml; relative_path=data/bmc12e_edgecount_sweep_configs/N_70/baseline_all_features.yaml
causality_artifact_samples,causality,other,.yaml,data/bmc12e_edgecount_sweep_configs/N_70/drop_feature_length_scale.yaml,domain_guess=causality; artifact_kind=other; suffix=.yaml; relative_path=data/bmc12e_edgecount_sweep_configs/N_70/drop_feature_length_scale.yaml
causality_artifact_samples,causality,other,.yaml,data/bmc12e_edgecount_sweep_configs/N_70/drop_feature_mode_frequency.yaml,domain_guess=causality; artifact_kind=other; suffix=.yaml; relative_path=data/bmc12e_edgecount_sweep_configs/N_70/drop_feature_mode_frequency.yaml
causality_artifact_samples,causality,other,.yaml,data/bmc12e_edgecount_sweep_configs/N_70/drop_feature_shape_factor.yaml,domain_guess=causality; artifact_kind=other; suffix=.yaml; relative_path=data/bmc12e_edgecount_sweep_configs/N_70/drop_feature_shape_factor.yaml
causality_artifact_samples,causality,other,.yaml,data/bmc12e_edgecount_sweep_configs/N_70/drop_feature_spectral_index.yaml,domain_guess=causality; artifact_kind=other; suffix=.yaml; relative_path=data/bmc12e_edgecount_sweep_configs/N_70/drop_feature_spectral_index.yaml
causality_artifact_samples,causality,other,.yaml,data/bmc12e_edgecount_sweep_configs/N_75/baseline_all_features.yaml,domain_guess=causality; artifact_kind=other; suffix=.yaml; relative_path=data/bmc12e_edgecount_sweep_configs/N_75/baseline_all_features.yaml
causality_artifact_samples,causality,other,.yaml,data/bmc12e_edgecount_sweep_configs/N_75/drop_feature_length_scale.yaml,domain_guess=causality; artifact_kind=other; suffix=.yaml; relative_path=data/bmc12e_edgecount_sweep_configs/N_75/drop_feature_length_scale.yaml
causality_artifact_samples,causality,other,.yaml,data/bmc12e_edgecount_sweep_configs/N_75/drop_feature_mode_frequency.yaml,domain_guess=causality; artifact_kind=other; suffix=.yaml; relative_path=data/bmc12e_edgecount_sweep_configs/N_75/drop_feature_mode_frequency.yaml
causality_artifact_samples,causality,other,.yaml,data/bmc12e_edgecount_sweep_configs/N_75/drop_feature_shape_factor.yaml,domain_guess=causality; artifact_kind=other; suffix=.yaml; relative_path=data/bmc12e_edgecount_sweep_configs/N_75/drop_feature_shape_factor.yaml
causality_artifact_samples,causality,other,.yaml,data/bmc12e_edgecount_sweep_configs/N_75/drop_feature_spectral_index.yaml,domain_guess=causality; artifact_kind=other; suffix=.yaml; relative_path=data/bmc12e_edgecount_sweep_configs/N_75/drop_feature_spectral_index.yaml
causality_artifact_samples,causality,other,.yaml,data/bmc12e_edgecount_sweep_configs/N_81/baseline_all_features.yaml,domain_guess=causality; artifact_kind=other; suffix=.yaml; relative_path=data/bmc12e_edgecount_sweep_configs/N_81/baseline_all_features.yaml
causality_artifact_samples,causality,other,.yaml,data/bmc12e_edgecount_sweep_configs/N_81/drop_feature_length_scale.yaml,domain_guess=causality; artifact_kind=other; suffix=.yaml; relative_path=data/bmc12e_edgecount_sweep_configs/N_81/drop_feature_length_scale.yaml
causality_artifact_samples,causality,other,.yaml,data/bmc12e_edgecount_sweep_configs/N_81/drop_feature_mode_frequency.yaml,domain_guess=causality; artifact_kind=other; suffix=.yaml; relative_path=data/bmc12e_edgecount_sweep_configs/N_81/drop_feature_mode_frequency.yaml
causality_artifact_samples,causality,other,.yaml,data/bmc12e_edgecount_sweep_configs/N_81/drop_feature_shape_factor.yaml,domain_guess=causality; artifact_kind=other; suffix=.yaml; relative_path=data/bmc12e_edgecount_sweep_configs/N_81/drop_feature_shape_factor.yaml
causality_artifact_samples,causality,other,.yaml,data/bmc12e_edgecount_sweep_configs/N_81/drop_feature_spectral_index.yaml,domain_guess=causality; artifact_kind=other; suffix=.yaml; relative_path=data/bmc12e_edgecount_sweep_configs/N_81/drop_feature_spectral_index.yaml
causality_artifact_samples,causality,other,.yaml,data/bmc12e_edgecount_sweep_configs/N_87/baseline_all_features.yaml,domain_guess=causality; artifact_kind=other; suffix=.yaml; relative_path=data/bmc12e_edgecount_sweep_configs/N_87/baseline_all_features.yaml
causality_artifact_samples,causality,other,.yaml,data/bmc12e_edgecount_sweep_configs/N_87/drop_feature_length_scale.yaml,domain_guess=causality; artifact_kind=other; suffix=.yaml; relative_path=data/bmc12e_edgecount_sweep_configs/N_87/drop_feature_length_scale.yaml
causality_artifact_samples,causality,other,.yaml,data/bmc12e_edgecount_sweep_configs/N_87/drop_feature_mode_frequency.yaml,domain_guess=causality; artifact_kind=other; suffix=.yaml; relative_path=data/bmc12e_edgecount_sweep_configs/N_87/drop_feature_mode_frequency.yaml
causality_artifact_samples,causality,other,.yaml,data/bmc12e_edgecount_sweep_configs/N_87/drop_feature_shape_factor.yaml,domain_guess=causality; artifact_kind=other; suffix=.yaml; relative_path=data/bmc12e_edgecount_sweep_configs/N_87/drop_feature_shape_factor.yaml
causality_artifact_samples,causality,other,.yaml,data/bmc12e_edgecount_sweep_configs/N_87/drop_feature_spectral_index.yaml,domain_guess=causality; artifact_kind=other; suffix=.yaml; relative_path=data/bmc12e_edgecount_sweep_configs/N_87/drop_feature_spectral_index.yaml
causality_artifact_samples,causality,other,.yaml,data/bmc12e_edgecount_sweep_configs/N_92/baseline_all_features.yaml,domain_guess=causality; artifact_kind=other; suffix=.yaml; relative_path=data/bmc12e_edgecount_sweep_configs/N_92/baseline_all_features.yaml
causality_artifact_samples,causality,other,.yaml,data/bmc12e_edgecount_sweep_configs/N_92/drop_feature_length_scale.yaml,domain_guess=causality; artifact_kind=other; suffix=.yaml; relative_path=data/bmc12e_edgecount_sweep_configs/N_92/drop_feature_length_scale.yaml
causality_artifact_samples,causality,other,.yaml,data/bmc12e_edgecount_sweep_configs/N_92/drop_feature_mode_frequency.yaml,domain_guess=causality; artifact_kind=other; suffix=.yaml; relative_path=data/bmc12e_edgecount_sweep_configs/N_92/drop_feature_mode_frequency.yaml
causality_artifact_samples,causality,other,.yaml,data/bmc12e_edgecount_sweep_configs/N_92/drop_feature_shape_factor.yaml,domain_guess=causality; artifact_kind=other; suffix=.yaml; relative_path=data/bmc12e_edgecount_sweep_configs/N_92/drop_feature_shape_factor.yaml
causality_artifact_samples,causality,other,.yaml,data/bmc12e_edgecount_sweep_configs/N_92/drop_feature_spectral_index.yaml,domain_guess=causality; artifact_kind=other; suffix=.yaml; relative_path=data/bmc12e_edgecount_sweep_configs/N_92/drop_feature_spectral_index.yaml
causality_artifact_samples,causality,table_csv,.csv,data/bmc12e_edgecount_sweep_configs/runs/BMC-12e/edgecount_neighborhood_sweep_open/runner_outputs/N_70/baseline_all_features/backbone_variant_summary.csv,domain_guess=causality; artifact_kind=table_csv; suffix=.csv; relative_path=data/bmc12e_edgecount_sweep_configs/runs/BMC-12e/edgecount_neighborhood_sweep_open/runner_outputs/N_70/baseline_all_features/backbone_variant_summary.csv
causality_artifact_samples,causality,markdown_note,.md,data/bmc12e_edgecount_sweep_configs/runs/BMC-12e/edgecount_neighborhood_sweep_open/runner_outputs/N_70/baseline_all_features/readout.md,domain_guess=causality; artifact_kind=markdown_note; suffix=.md; relative_path=data/bmc12e_edgecount_sweep_configs/runs/BMC-12e/edgecount_neighborhood_sweep_open/runner_outputs/N_70/baseline_all_features/readout.md
causality_artifact_samples,causality,table_csv,.csv,data/bmc12e_edgecount_sweep_configs/runs/BMC-12e/edgecount_neighborhood_sweep_open/runner_outputs/N_70/baseline_all_features/repeat_metrics.csv,domain_guess=causality; artifact_kind=table_csv; suffix=.csv; relative_path=data/bmc12e_edgecount_sweep_configs/runs/BMC-12e/edgecount_neighborhood_sweep_open/runner_outputs/N_70/baseline_all_features/repeat_metrics.csv
causality_artifact_samples,causality,json_document,.json,data/bmc12e_edgecount_sweep_configs/runs/BMC-12e/edgecount_neighborhood_sweep_open/runner_outputs/N_70/baseline_all_features/run_metadata.json,domain_guess=causality; artifact_kind=json_document; suffix=.json; relative_path=data/bmc12e_edgecount_sweep_configs/runs/BMC-12e/edgecount_neighborhood_sweep_open/runner_outputs/N_70/baseline_all_features/run_metadata.json
causality_artifact_samples,causality,table_csv,.csv,data/bmc12e_edgecount_sweep_configs/runs/BMC-12e/edgecount_neighborhood_sweep_open/runner_outputs/N_70/baseline_all_features/strength_topalpha_025/arm_metrics.csv,domain_guess=causality; artifact_kind=table_csv; suffix=.csv; relative_path=data/bmc12e_edgecount_sweep_configs/runs/BMC-12e/edgecount_neighborhood_sweep_open/runner_outputs/N_70/baseline_all_features/strength_topalpha_025/arm_metrics.csv
causality_artifact_samples,causality,summary_json,.json,data/bmc12e_edgecount_sweep_configs/runs/BMC-12e/edgecount_neighborhood_sweep_open/runner_outputs/N_70/baseline_all_features/strength_topalpha_025/summary.json,domain_guess=causality; artifact_kind=summary_json; suffix=.json; relative_path=data/bmc12e_edgecount_sweep_configs/runs/BMC-12e/edgecount_neighborhood_sweep_open/runner_outputs/N_70/baseline_all_features/strength_topalpha_025/summary.json
causality_artifact_samples,causality,table_csv,.csv,data/bmc12e_edgecount_sweep_configs/runs/BMC-12e/edgecount_neighborhood_sweep_open/runner_outputs/N_70/baseline_all_features/strength_topalpha_050/arm_metrics.csv,domain_guess=causality; artifact_kind=table_csv; suffix=.csv; relative_path=data/bmc12e_edgecount_sweep_configs/runs/BMC-12e/edgecount_neighborhood_sweep_open/runner_outputs/N_70/baseline_all_features/strength_topalpha_050/arm_metrics.csv
causality_artifact_samples,causality,summary_json,.json,data/bmc12e_edgecount_sweep_configs/runs/BMC-12e/edgecount_neighborhood_sweep_open/runner_outputs/N_70/baseline_all_features/strength_topalpha_050/summary.json,domain_guess=causality; artifact_kind=summary_json; suffix=.json; relative_path=data/bmc12e_edgecount_sweep_configs/runs/BMC-12e/edgecount_neighborhood_sweep_open/runner_outputs/N_70/baseline_all_features/strength_topalpha_050/summary.json
causality_artifact_samples,causality,table_csv,.csv,data/bmc12e_edgecount_sweep_configs/runs/BMC-12e/edgecount_neighborhood_sweep_open/runner_outputs/N_70/baseline_all_features/strength_topk_6/arm_metrics.csv,domain_guess=causality; artifact_kind=table_csv; suffix=.csv; relative_path=data/bmc12e_edgecount_sweep_configs/runs/BMC-12e/edgecount_neighborhood_sweep_open/runner_outputs/N_70/baseline_all_features/strength_topk_6/arm_metrics.csv
causality_artifact_samples,causality,summary_json,.json,data/bmc12e_edgecount_sweep_configs/runs/BMC-12e/edgecount_neighborhood_sweep_open/runner_outputs/N_70/baseline_all_features/strength_topk_6/summary.json,domain_guess=causality; artifact_kind=summary_json; suffix=.json; relative_path=data/bmc12e_edgecount_sweep_configs/runs/BMC-12e/edgecount_neighborhood_sweep_open/runner_outputs/N_70/baseline_all_features/strength_topk_6/summary.json
causality_artifact_samples,causality,summary_json,.json,data/bmc12e_edgecount_sweep_configs/runs/BMC-12e/edgecount_neighborhood_sweep_open/runner_outputs/N_70/baseline_all_features/summary.json,domain_guess=causality; artifact_kind=summary_json; suffix=.json; relative_path=data/bmc12e_edgecount_sweep_configs/runs/BMC-12e/edgecount_neighborhood_sweep_open/runner_outputs/N_70/baseline_all_features/summary.json
causality_artifact_samples,causality,json_document,.json,data/bmc12e_edgecount_sweep_configs/runs/BMC-12e/edgecount_neighborhood_sweep_open/runner_outputs/N_70/baseline_all_features/validation.json,domain_guess=causality; artifact_kind=json_document; suffix=.json; relative_path=data/bmc12e_edgecount_sweep_configs/runs/BMC-12e/edgecount_neighborhood_sweep_open/runner_outputs/N_70/baseline_all_features/validation.json
causality_artifact_samples,causality,table_csv,.csv,data/bmc12e_edgecount_sweep_configs/runs/BMC-12e/edgecount_neighborhood_sweep_open/runner_outputs/N_70/drop_feature_length_scale/backbone_variant_summary.csv,domain_guess=causality; artifact_kind=table_csv; suffix=.csv; relative_path=data/bmc12e_edgecount_sweep_configs/runs/BMC-12e/edgecount_neighborhood_sweep_open/runner_outputs/N_70/drop_feature_length_scale/backbone_variant_summary.csv
causality_artifact_samples,causality,markdown_note,.md,data/bmc12e_edgecount_sweep_configs/runs/BMC-12e/edgecount_neighborhood_sweep_open/runner_outputs/N_70/drop_feature_length_scale/readout.md,domain_guess=causality; artifact_kind=markdown_note; suffix=.md; relative_path=data/bmc12e_edgecount_sweep_configs/runs/BMC-12e/edgecount_neighborhood_sweep_open/runner_outputs/N_70/drop_feature_length_scale/readout.md
causality_artifact_samples,causality,table_csv,.csv,data/bmc12e_edgecount_sweep_configs/runs/BMC-12e/edgecount_neighborhood_sweep_open/runner_outputs/N_70/drop_feature_length_scale/repeat_metrics.csv,domain_guess=causality; artifact_kind=table_csv; suffix=.csv; relative_path=data/bmc12e_edgecount_sweep_configs/runs/BMC-12e/edgecount_neighborhood_sweep_open/runner_outputs/N_70/drop_feature_length_scale/repeat_metrics.csv
causality_artifact_samples,causality,json_document,.json,data/bmc12e_edgecount_sweep_configs/runs/BMC-12e/edgecount_neighborhood_sweep_open/runner_outputs/N_70/drop_feature_length_scale/run_metadata.json,domain_guess=causality; artifact_kind=json_document; suffix=.json; relative_path=data/bmc12e_edgecount_sweep_configs/runs/BMC-12e/edgecount_neighborhood_sweep_open/runner_outputs/N_70/drop_feature_length_scale/run_metadata.json
causality_artifact_samples,causality,table_csv,.csv,data/bmc12e_edgecount_sweep_configs/runs/BMC-12e/edgecount_neighborhood_sweep_open/runner_outputs/N_70/drop_feature_length_scale/strength_topalpha_025/arm_metrics.csv,domain_guess=causality; artifact_kind=table_csv; suffix=.csv; relative_path=data/bmc12e_edgecount_sweep_configs/runs/BMC-12e/edgecount_neighborhood_sweep_open/runner_outputs/N_70/drop_feature_length_scale/strength_topalpha_025/arm_metrics.csv
causality_artifact_samples,causality,summary_json,.json,data/bmc12e_edgecount_sweep_configs/runs/BMC-12e/edgecount_neighborhood_sweep_open/runner_outputs/N_70/drop_feature_length_scale/strength_topalpha_025/summary.json,domain_guess=causality; artifact_kind=summary_json; suffix=.json; relative_path=data/bmc12e_edgecount_sweep_configs/runs/BMC-12e/edgecount_neighborhood_sweep_open/runner_outputs/N_70/drop_feature_length_scale/strength_topalpha_025/summary.json
causality_artifact_samples,causality,table_csv,.csv,data/bmc12e_edgecount_sweep_configs/runs/BMC-12e/edgecount_neighborhood_sweep_open/runner_outputs/N_70/drop_feature_length_scale/strength_topalpha_050/arm_metrics.csv,domain_guess=causality; artifact_kind=table_csv; suffix=.csv; relative_path=data/bmc12e_edgecount_sweep_configs/runs/BMC-12e/edgecount_neighborhood_sweep_open/runner_outputs/N_70/drop_feature_length_scale/strength_topalpha_050/arm_metrics.csv
causality_artifact_samples,causality,summary_json,.json,data/bmc12e_edgecount_sweep_configs/runs/BMC-12e/edgecount_neighborhood_sweep_open/runner_outputs/N_70/drop_feature_length_scale/strength_topalpha_050/summary.json,domain_guess=causality; artifact_kind=summary_json; suffix=.json; relative_path=data/bmc12e_edgecount_sweep_configs/runs/BMC-12e/edgecount_neighborhood_sweep_open/runner_outputs/N_70/drop_feature_length_scale/strength_topalpha_050/summary.json
causality_artifact_samples,causality,table_csv,.csv,data/bmc12e_edgecount_sweep_configs/runs/BMC-12e/edgecount_neighborhood_sweep_open/runner_outputs/N_70/drop_feature_length_scale/strength_topk_6/arm_metrics.csv,domain_guess=causality; artifact_kind=table_csv; suffix=.csv; relative_path=data/bmc12e_edgecount_sweep_configs/runs/BMC-12e/edgecount_neighborhood_sweep_open/runner_outputs/N_70/drop_feature_length_scale/strength_topk_6/arm_metrics.csv
causality_artifact_samples,causality,summary_json,.json,data/bmc12e_edgecount_sweep_configs/runs/BMC-12e/edgecount_neighborhood_sweep_open/runner_outputs/N_70/drop_feature_length_scale/strength_topk_6/summary.json,domain_guess=causality; artifact_kind=summary_json; suffix=.json; relative_path=data/bmc12e_edgecount_sweep_configs/runs/BMC-12e/edgecount_neighborhood_sweep_open/runner_outputs/N_70/drop_feature_length_scale/strength_topk_6/summary.json
metadata_artifact_samples,causality,table_csv,.csv,data/bmc09a_knn_inputs/k_2/node_metadata_real.csv,domain_guess=causality; artifact_kind=table_csv; suffix=.csv; relative_path=data/bmc09a_knn_inputs/k_2/node_metadata_real.csv
metadata_artifact_samples,causality,table_csv,.csv,data/bmc09a_knn_inputs/k_3/node_metadata_real.csv,domain_guess=causality; artifact_kind=table_csv; suffix=.csv; relative_path=data/bmc09a_knn_inputs/k_3/node_metadata_real.csv
metadata_artifact_samples,causality,table_csv,.csv,data/bmc09a_knn_inputs/k_4/node_metadata_real.csv,domain_guess=causality; artifact_kind=table_csv; suffix=.csv; relative_path=data/bmc09a_knn_inputs/k_4/node_metadata_real.csv
metadata_artifact_samples,causality,table_csv,.csv,data/bmc09c_mutual_knn_inputs/k_2/node_metadata_real.csv,domain_guess=causality; artifact_kind=table_csv; suffix=.csv; relative_path=data/bmc09c_mutual_knn_inputs/k_2/node_metadata_real.csv
metadata_artifact_samples,causality,table_csv,.csv,data/bmc09c_mutual_knn_inputs/k_3/node_metadata_real.csv,domain_guess=causality; artifact_kind=table_csv; suffix=.csv; relative_path=data/bmc09c_mutual_knn_inputs/k_3/node_metadata_real.csv
metadata_artifact_samples,causality,table_csv,.csv,data/bmc09c_mutual_knn_inputs/k_4/node_metadata_real.csv,domain_guess=causality; artifact_kind=table_csv; suffix=.csv; relative_path=data/bmc09c_mutual_knn_inputs/k_4/node_metadata_real.csv
metadata_artifact_samples,causality,table_csv,.csv,data/bmc09d_threshold_hybrid_inputs/hybrid_k3_tau_025/node_metadata_real.csv,domain_guess=causality; artifact_kind=table_csv; suffix=.csv; relative_path=data/bmc09d_threshold_hybrid_inputs/hybrid_k3_tau_025/node_metadata_real.csv
metadata_artifact_samples,causality,table_csv,.csv,data/bmc09d_threshold_hybrid_inputs/hybrid_k3_tau_03/node_metadata_real.csv,domain_guess=causality; artifact_kind=table_csv; suffix=.csv; relative_path=data/bmc09d_threshold_hybrid_inputs/hybrid_k3_tau_03/node_metadata_real.csv
metadata_artifact_samples,causality,table_csv,.csv,data/bmc09d_threshold_hybrid_inputs/threshold_tau_025/node_metadata_real.csv,domain_guess=causality; artifact_kind=table_csv; suffix=.csv; relative_path=data/bmc09d_threshold_hybrid_inputs/threshold_tau_025/node_metadata_real.csv
metadata_artifact_samples,causality,table_csv,.csv,data/bmc09d_threshold_hybrid_inputs/threshold_tau_035/node_metadata_real.csv,domain_guess=causality; artifact_kind=table_csv; suffix=.csv; relative_path=data/bmc09d_threshold_hybrid_inputs/threshold_tau_035/node_metadata_real.csv
metadata_artifact_samples,causality,table_csv,.csv,data/bmc09d_threshold_hybrid_inputs/threshold_tau_03/node_metadata_real.csv,domain_guess=causality; artifact_kind=table_csv; suffix=.csv; relative_path=data/bmc09d_threshold_hybrid_inputs/threshold_tau_03/node_metadata_real.csv
metadata_artifact_samples,causality,table_csv,.csv,data/bmc10_nullmodel_inputs/seed_101/threshold_tau_028/node_metadata_real.csv,domain_guess=causality; artifact_kind=table_csv; suffix=.csv; relative_path=data/bmc10_nullmodel_inputs/seed_101/threshold_tau_028/node_metadata_real.csv
metadata_artifact_samples,causality,table_csv,.csv,data/bmc10_nullmodel_inputs/seed_101/threshold_tau_032/node_metadata_real.csv,domain_guess=causality; artifact_kind=table_csv; suffix=.csv; relative_path=data/bmc10_nullmodel_inputs/seed_101/threshold_tau_032/node_metadata_real.csv
metadata_artifact_samples,causality,table_csv,.csv,data/bmc10_nullmodel_inputs/seed_101/threshold_tau_03/node_metadata_real.csv,domain_guess=causality; artifact_kind=table_csv; suffix=.csv; relative_path=data/bmc10_nullmodel_inputs/seed_101/threshold_tau_03/node_metadata_real.csv
metadata_artifact_samples,causality,table_csv,.csv,data/bmc10_nullmodel_inputs/seed_202/threshold_tau_028/node_metadata_real.csv,domain_guess=causality; artifact_kind=table_csv; suffix=.csv; relative_path=data/bmc10_nullmodel_inputs/seed_202/threshold_tau_028/node_metadata_real.csv
metadata_artifact_samples,causality,table_csv,.csv,data/bmc10_nullmodel_inputs/seed_202/threshold_tau_032/node_metadata_real.csv,domain_guess=causality; artifact_kind=table_csv; suffix=.csv; relative_path=data/bmc10_nullmodel_inputs/seed_202/threshold_tau_032/node_metadata_real.csv
metadata_artifact_samples,causality,table_csv,.csv,data/bmc10_nullmodel_inputs/seed_202/threshold_tau_03/node_metadata_real.csv,domain_guess=causality; artifact_kind=table_csv; suffix=.csv; relative_path=data/bmc10_nullmodel_inputs/seed_202/threshold_tau_03/node_metadata_real.csv
metadata_artifact_samples,causality,table_csv,.csv,data/bmc10_nullmodel_inputs/seed_303/threshold_tau_028/node_metadata_real.csv,domain_guess=causality; artifact_kind=table_csv; suffix=.csv; relative_path=data/bmc10_nullmodel_inputs/seed_303/threshold_tau_028/node_metadata_real.csv
metadata_artifact_samples,causality,table_csv,.csv,data/bmc10_nullmodel_inputs/seed_303/threshold_tau_032/node_metadata_real.csv,domain_guess=causality; artifact_kind=table_csv; suffix=.csv; relative_path=data/bmc10_nullmodel_inputs/seed_303/threshold_tau_032/node_metadata_real.csv
metadata_artifact_samples,causality,table_csv,.csv,data/bmc10_nullmodel_inputs/seed_303/threshold_tau_03/node_metadata_real.csv,domain_guess=causality; artifact_kind=table_csv; suffix=.csv; relative_path=data/bmc10_nullmodel_inputs/seed_303/threshold_tau_03/node_metadata_real.csv
metadata_artifact_samples,causality,table_csv,.csv,data/bmc11_node_metadata_seed_101.csv,domain_guess=causality; artifact_kind=table_csv; suffix=.csv; relative_path=data/bmc11_node_metadata_seed_101.csv
metadata_artifact_samples,causality,table_csv,.csv,data/bmc11_node_metadata_seed_202.csv,domain_guess=causality; artifact_kind=table_csv; suffix=.csv; relative_path=data/bmc11_node_metadata_seed_202.csv
metadata_artifact_samples,causality,table_csv,.csv,data/bmc11_node_metadata_seed_303.csv,domain_guess=causality; artifact_kind=table_csv; suffix=.csv; relative_path=data/bmc11_node_metadata_seed_303.csv
metadata_artifact_samples,causality,table_csv,.csv,data/bmc12c_backbone_aware_inputs/baseline_all_features_fixed_tau/node_metadata_real.csv,domain_guess=causality; artifact_kind=table_csv; suffix=.csv; relative_path=data/bmc12c_backbone_aware_inputs/baseline_all_features_fixed_tau/node_metadata_real.csv
metadata_artifact_samples,causality,table_csv,.csv,data/bmc12c_backbone_aware_inputs/matched_drop_feature_length_scale/node_metadata_real.csv,domain_guess=causality; artifact_kind=table_csv; suffix=.csv; relative_path=data/bmc12c_backbone_aware_inputs/matched_drop_feature_length_scale/node_metadata_real.csv
metadata_artifact_samples,causality,table_csv,.csv,data/bmc12c_backbone_aware_inputs/matched_drop_feature_mode_frequency/node_metadata_real.csv,domain_guess=causality; artifact_kind=table_csv; suffix=.csv; relative_path=data/bmc12c_backbone_aware_inputs/matched_drop_feature_mode_frequency/node_metadata_real.csv
metadata_artifact_samples,causality,table_csv,.csv,data/bmc12c_backbone_aware_inputs/matched_drop_feature_shape_factor/node_metadata_real.csv,domain_guess=causality; artifact_kind=table_csv; suffix=.csv; relative_path=data/bmc12c_backbone_aware_inputs/matched_drop_feature_shape_factor/node_metadata_real.csv
metadata_artifact_samples,causality,table_csv,.csv,data/bmc12c_backbone_aware_inputs/matched_drop_feature_spectral_index/node_metadata_real.csv,domain_guess=causality; artifact_kind=table_csv; suffix=.csv; relative_path=data/bmc12c_backbone_aware_inputs/matched_drop_feature_spectral_index/node_metadata_real.csv
metadata_artifact_samples,causality,json_document,.json,data/bmc12e_edgecount_sweep_configs/runs/BMC-12e/edgecount_neighborhood_sweep_open/runner_outputs/N_70/baseline_all_features/run_metadata.json,domain_guess=causality; artifact_kind=json_document; suffix=.json; relative_path=data/bmc12e_edgecount_sweep_configs/runs/BMC-12e/edgecount_neighborhood_sweep_open/runner_outputs/N_70/baseline_all_features/run_metadata.json
metadata_artifact_samples,causality,json_document,.json,data/bmc12e_edgecount_sweep_configs/runs/BMC-12e/edgecount_neighborhood_sweep_open/runner_outputs/N_70/drop_feature_length_scale/run_metadata.json,domain_guess=causality; artifact_kind=json_document; suffix=.json; relative_path=data/bmc12e_edgecount_sweep_configs/runs/BMC-12e/edgecount_neighborhood_sweep_open/runner_outputs/N_70/drop_feature_length_scale/run_metadata.json
metadata_artifact_samples,causality,json_document,.json,data/bmc12e_edgecount_sweep_configs/runs/BMC-12e/edgecount_neighborhood_sweep_open/runner_outputs/N_70/drop_feature_mode_frequency/run_metadata.json,domain_guess=causality; artifact_kind=json_document; suffix=.json; relative_path=data/bmc12e_edgecount_sweep_configs/runs/BMC-12e/edgecount_neighborhood_sweep_open/runner_outputs/N_70/drop_feature_mode_frequency/run_metadata.json
metadata_artifact_samples,causality,json_document,.json,data/bmc12e_edgecount_sweep_configs/runs/BMC-12e/edgecount_neighborhood_sweep_open/runner_outputs/N_70/drop_feature_shape_factor/run_metadata.json,domain_guess=causality; artifact_kind=json_document; suffix=.json; relative_path=data/bmc12e_edgecount_sweep_configs/runs/BMC-12e/edgecount_neighborhood_sweep_open/runner_outputs/N_70/drop_feature_shape_factor/run_metadata.json
metadata_artifact_samples,causality,json_document,.json,data/bmc12e_edgecount_sweep_configs/runs/BMC-12e/edgecount_neighborhood_sweep_open/runner_outputs/N_70/drop_feature_spectral_index/run_metadata.json,domain_guess=causality; artifact_kind=json_document; suffix=.json; relative_path=data/bmc12e_edgecount_sweep_configs/runs/BMC-12e/edgecount_neighborhood_sweep_open/runner_outputs/N_70/drop_feature_spectral_index/run_metadata.json
metadata_artifact_samples,causality,json_document,.json,data/bmc12e_edgecount_sweep_configs/runs/BMC-12e/edgecount_neighborhood_sweep_open/runner_outputs/N_75/baseline_all_features/run_metadata.json,domain_guess=causality; artifact_kind=json_document; suffix=.json; relative_path=data/bmc12e_edgecount_sweep_configs/runs/BMC-12e/edgecount_neighborhood_sweep_open/runner_outputs/N_75/baseline_all_features/run_metadata.json
metadata_artifact_samples,causality,json_document,.json,data/bmc12e_edgecount_sweep_configs/runs/BMC-12e/edgecount_neighborhood_sweep_open/runner_outputs/N_75/drop_feature_length_scale/run_metadata.json,domain_guess=causality; artifact_kind=json_document; suffix=.json; relative_path=data/bmc12e_edgecount_sweep_configs/runs/BMC-12e/edgecount_neighborhood_sweep_open/runner_outputs/N_75/drop_feature_length_scale/run_metadata.json
metadata_artifact_samples,causality,json_document,.json,data/bmc12e_edgecount_sweep_configs/runs/BMC-12e/edgecount_neighborhood_sweep_open/runner_outputs/N_75/drop_feature_mode_frequency/run_metadata.json,domain_guess=causality; artifact_kind=json_document; suffix=.json; relative_path=data/bmc12e_edgecount_sweep_configs/runs/BMC-12e/edgecount_neighborhood_sweep_open/runner_outputs/N_75/drop_feature_mode_frequency/run_metadata.json
metadata_artifact_samples,causality,json_document,.json,data/bmc12e_edgecount_sweep_configs/runs/BMC-12e/edgecount_neighborhood_sweep_open/runner_outputs/N_75/drop_feature_shape_factor/run_metadata.json,domain_guess=causality; artifact_kind=json_document; suffix=.json; relative_path=data/bmc12e_edgecount_sweep_configs/runs/BMC-12e/edgecount_neighborhood_sweep_open/runner_outputs/N_75/drop_feature_shape_factor/run_metadata.json
metadata_artifact_samples,causality,json_document,.json,data/bmc12e_edgecount_sweep_configs/runs/BMC-12e/edgecount_neighborhood_sweep_open/runner_outputs/N_75/drop_feature_spectral_index/run_metadata.json,domain_guess=causality; artifact_kind=json_document; suffix=.json; relative_path=data/bmc12e_edgecount_sweep_configs/runs/BMC-12e/edgecount_neighborhood_sweep_open/runner_outputs/N_75/drop_feature_spectral_index/run_metadata.json
metadata_artifact_samples,causality,json_document,.json,data/bmc12e_edgecount_sweep_configs/runs/BMC-12e/edgecount_neighborhood_sweep_open/runner_outputs/N_81/baseline_all_features/run_metadata.json,domain_guess=causality; artifact_kind=json_document; suffix=.json; relative_path=data/bmc12e_edgecount_sweep_configs/runs/BMC-12e/edgecount_neighborhood_sweep_open/runner_outputs/N_81/baseline_all_features/run_metadata.json
metadata_artifact_samples,causality,json_document,.json,data/bmc12e_edgecount_sweep_configs/runs/BMC-12e/edgecount_neighborhood_sweep_open/runner_outputs/N_81/drop_feature_length_scale/run_metadata.json,domain_guess=causality; artifact_kind=json_document; suffix=.json; relative_path=data/bmc12e_edgecount_sweep_configs/runs/BMC-12e/edgecount_neighborhood_sweep_open/runner_outputs/N_81/drop_feature_length_scale/run_metadata.json
metadata_artifact_samples,causality,json_document,.json,data/bmc12e_edgecount_sweep_configs/runs/BMC-12e/edgecount_neighborhood_sweep_open/runner_outputs/N_81/drop_feature_mode_frequency/run_metadata.json,domain_guess=causality; artifact_kind=json_document; suffix=.json; relative_path=data/bmc12e_edgecount_sweep_configs/runs/BMC-12e/edgecount_neighborhood_sweep_open/runner_outputs/N_81/drop_feature_mode_frequency/run_metadata.json
metadata_artifact_samples,causality,json_document,.json,data/bmc12e_edgecount_sweep_configs/runs/BMC-12e/edgecount_neighborhood_sweep_open/runner_outputs/N_81/drop_feature_shape_factor/run_metadata.json,domain_guess=causality; artifact_kind=json_document; suffix=.json; relative_path=data/bmc12e_edgecount_sweep_configs/runs/BMC-12e/edgecount_neighborhood_sweep_open/runner_outputs/N_81/drop_feature_shape_factor/run_metadata.json
metadata_artifact_samples,causality,json_document,.json,data/bmc12e_edgecount_sweep_configs/runs/BMC-12e/edgecount_neighborhood_sweep_open/runner_outputs/N_81/drop_feature_spectral_index/run_metadata.json,domain_guess=causality; artifact_kind=json_document; suffix=.json; relative_path=data/bmc12e_edgecount_sweep_configs/runs/BMC-12e/edgecount_neighborhood_sweep_open/runner_outputs/N_81/drop_feature_spectral_index/run_metadata.json
metadata_artifact_samples,causality,json_document,.json,data/bmc12e_edgecount_sweep_configs/runs/BMC-12e/edgecount_neighborhood_sweep_open/runner_outputs/N_87/baseline_all_features/run_metadata.json,domain_guess=causality; artifact_kind=json_document; suffix=.json; relative_path=data/bmc12e_edgecount_sweep_configs/runs/BMC-12e/edgecount_neighborhood_sweep_open/runner_outputs/N_87/baseline_all_features/run_metadata.json
metadata_artifact_samples,causality,json_document,.json,data/bmc12e_edgecount_sweep_configs/runs/BMC-12e/edgecount_neighborhood_sweep_open/runner_outputs/N_87/drop_feature_length_scale/run_metadata.json,domain_guess=causality; artifact_kind=json_document; suffix=.json; relative_path=data/bmc12e_edgecount_sweep_configs/runs/BMC-12e/edgecount_neighborhood_sweep_open/runner_outputs/N_87/drop_feature_length_scale/run_metadata.json
metadata_artifact_samples,causality,json_document,.json,data/bmc12e_edgecount_sweep_configs/runs/BMC-12e/edgecount_neighborhood_sweep_open/runner_outputs/N_87/drop_feature_mode_frequency/run_metadata.json,domain_guess=causality; artifact_kind=json_document; suffix=.json; relative_path=data/bmc12e_edgecount_sweep_configs/runs/BMC-12e/edgecount_neighborhood_sweep_open/runner_outputs/N_87/drop_feature_mode_frequency/run_metadata.json
metadata_artifact_samples,causality,json_document,.json,data/bmc12e_edgecount_sweep_configs/runs/BMC-12e/edgecount_neighborhood_sweep_open/runner_outputs/N_87/drop_feature_shape_factor/run_metadata.json,domain_guess=causality; artifact_kind=json_document; suffix=.json; relative_path=data/bmc12e_edgecount_sweep_configs/runs/BMC-12e/edgecount_neighborhood_sweep_open/runner_outputs/N_87/drop_feature_shape_factor/run_metadata.json
metadata_artifact_samples,causality,json_document,.json,data/bmc12e_edgecount_sweep_configs/runs/BMC-12e/edgecount_neighborhood_sweep_open/runner_outputs/N_87/drop_feature_spectral_index/run_metadata.json,domain_guess=causality; artifact_kind=json_document; suffix=.json; relative_path=data/bmc12e_edgecount_sweep_configs/runs/BMC-12e/edgecount_neighborhood_sweep_open/runner_outputs/N_87/drop_feature_spectral_index/run_metadata.json
metadata_artifact_samples,causality,json_document,.json,data/bmc12e_edgecount_sweep_configs/runs/BMC-12e/edgecount_neighborhood_sweep_open/runner_outputs/N_92/baseline_all_features/run_metadata.json,domain_guess=causality; artifact_kind=json_document; suffix=.json; relative_path=data/bmc12e_edgecount_sweep_configs/runs/BMC-12e/edgecount_neighborhood_sweep_open/runner_outputs/N_92/baseline_all_features/run_metadata.json
metadata_artifact_samples,causality,json_document,.json,data/bmc12e_edgecount_sweep_configs/runs/BMC-12e/edgecount_neighborhood_sweep_open/runner_outputs/N_92/drop_feature_length_scale/run_metadata.json,domain_guess=causality; artifact_kind=json_document; suffix=.json; relative_path=data/bmc12e_edgecount_sweep_configs/runs/BMC-12e/edgecount_neighborhood_sweep_open/runner_outputs/N_92/drop_feature_length_scale/run_metadata.json
metadata_artifact_samples,causality,json_document,.json,data/bmc12e_edgecount_sweep_configs/runs/BMC-12e/edgecount_neighborhood_sweep_open/runner_outputs/N_92/drop_feature_mode_frequency/run_metadata.json,domain_guess=causality; artifact_kind=json_document; suffix=.json; relative_path=data/bmc12e_edgecount_sweep_configs/runs/BMC-12e/edgecount_neighborhood_sweep_open/runner_outputs/N_92/drop_feature_mode_frequency/run_metadata.json
metadata_artifact_samples,causality,json_document,.json,data/bmc12e_edgecount_sweep_configs/runs/BMC-12e/edgecount_neighborhood_sweep_open/runner_outputs/N_92/drop_feature_shape_factor/run_metadata.json,domain_guess=causality; artifact_kind=json_document; suffix=.json; relative_path=data/bmc12e_edgecount_sweep_configs/runs/BMC-12e/edgecount_neighborhood_sweep_open/runner_outputs/N_92/drop_feature_shape_factor/run_metadata.json
metadata_artifact_samples,causality,json_document,.json,data/bmc12e_edgecount_sweep_configs/runs/BMC-12e/edgecount_neighborhood_sweep_open/runner_outputs/N_92/drop_feature_spectral_index/run_metadata.json,domain_guess=causality; artifact_kind=json_document; suffix=.json; relative_path=data/bmc12e_edgecount_sweep_configs/runs/BMC-12e/edgecount_neighborhood_sweep_open/runner_outputs/N_92/drop_feature_spectral_index/run_metadata.json
metadata_artifact_samples,causality,table_csv,.csv,data/bmc12e_edgecount_sweep_inputs/N_70/baseline_all_features/node_metadata_real.csv,domain_guess=causality; artifact_kind=table_csv; suffix=.csv; relative_path=data/bmc12e_edgecount_sweep_inputs/N_70/baseline_all_features/node_metadata_real.csv
metadata_artifact_samples,causality,table_csv,.csv,data/bmc12e_edgecount_sweep_inputs/N_70/drop_feature_length_scale/node_metadata_real.csv,domain_guess=causality; artifact_kind=table_csv; suffix=.csv; relative_path=data/bmc12e_edgecount_sweep_inputs/N_70/drop_feature_length_scale/node_metadata_real.csv
metadata_artifact_samples,causality,table_csv,.csv,data/bmc12e_edgecount_sweep_inputs/N_70/drop_feature_mode_frequency/node_metadata_real.csv,domain_guess=causality; artifact_kind=table_csv; suffix=.csv; relative_path=data/bmc12e_edgecount_sweep_inputs/N_70/drop_feature_mode_frequency/node_metadata_real.csv
metadata_artifact_samples,causality,table_csv,.csv,data/bmc12e_edgecount_sweep_inputs/N_70/drop_feature_shape_factor/node_metadata_real.csv,domain_guess=causality; artifact_kind=table_csv; suffix=.csv; relative_path=data/bmc12e_edgecount_sweep_inputs/N_70/drop_feature_shape_factor/node_metadata_real.csv
metadata_artifact_samples,causality,table_csv,.csv,data/bmc12e_edgecount_sweep_inputs/N_70/drop_feature_spectral_index/node_metadata_real.csv,domain_guess=causality; artifact_kind=table_csv; suffix=.csv; relative_path=data/bmc12e_edgecount_sweep_inputs/N_70/drop_feature_spectral_index/node_metadata_real.csv
metadata_artifact_samples,causality,table_csv,.csv,data/bmc12e_edgecount_sweep_inputs/N_75/baseline_all_features/node_metadata_real.csv,domain_guess=causality; artifact_kind=table_csv; suffix=.csv; relative_path=data/bmc12e_edgecount_sweep_inputs/N_75/baseline_all_features/node_metadata_real.csv
metadata_artifact_samples,causality,table_csv,.csv,data/bmc12e_edgecount_sweep_inputs/N_75/drop_feature_length_scale/node_metadata_real.csv,domain_guess=causality; artifact_kind=table_csv; suffix=.csv; relative_path=data/bmc12e_edgecount_sweep_inputs/N_75/drop_feature_length_scale/node_metadata_real.csv
metadata_artifact_samples,causality,table_csv,.csv,data/bmc12e_edgecount_sweep_inputs/N_75/drop_feature_mode_frequency/node_metadata_real.csv,domain_guess=causality; artifact_kind=table_csv; suffix=.csv; relative_path=data/bmc12e_edgecount_sweep_inputs/N_75/drop_feature_mode_frequency/node_metadata_real.csv
metadata_artifact_samples,causality,table_csv,.csv,data/bmc12e_edgecount_sweep_inputs/N_75/drop_feature_shape_factor/node_metadata_real.csv,domain_guess=causality; artifact_kind=table_csv; suffix=.csv; relative_path=data/bmc12e_edgecount_sweep_inputs/N_75/drop_feature_shape_factor/node_metadata_real.csv
metadata_artifact_samples,causality,table_csv,.csv,data/bmc12e_edgecount_sweep_inputs/N_75/drop_feature_spectral_index/node_metadata_real.csv,domain_guess=causality; artifact_kind=table_csv; suffix=.csv; relative_path=data/bmc12e_edgecount_sweep_inputs/N_75/drop_feature_spectral_index/node_metadata_real.csv
metadata_artifact_samples,causality,table_csv,.csv,data/bmc12e_edgecount_sweep_inputs/N_81/baseline_all_features/node_metadata_real.csv,domain_guess=causality; artifact_kind=table_csv; suffix=.csv; relative_path=data/bmc12e_edgecount_sweep_inputs/N_81/baseline_all_features/node_metadata_real.csv
metadata_artifact_samples,causality,table_csv,.csv,data/bmc12e_edgecount_sweep_inputs/N_81/drop_feature_length_scale/node_metadata_real.csv,domain_guess=causality; artifact_kind=table_csv; suffix=.csv; relative_path=data/bmc12e_edgecount_sweep_inputs/N_81/drop_feature_length_scale/node_metadata_real.csv
metadata_artifact_samples,causality,table_csv,.csv,data/bmc12e_edgecount_sweep_inputs/N_81/drop_feature_mode_frequency/node_metadata_real.csv,domain_guess=causality; artifact_kind=table_csv; suffix=.csv; relative_path=data/bmc12e_edgecount_sweep_inputs/N_81/drop_feature_mode_frequency/node_metadata_real.csv
metadata_artifact_samples,causality,table_csv,.csv,data/bmc12e_edgecount_sweep_inputs/N_81/drop_feature_shape_factor/node_metadata_real.csv,domain_guess=causality; artifact_kind=table_csv; suffix=.csv; relative_path=data/bmc12e_edgecount_sweep_inputs/N_81/drop_feature_shape_factor/node_metadata_real.csv
metadata_artifact_samples,causality,table_csv,.csv,data/bmc12e_edgecount_sweep_inputs/N_81/drop_feature_spectral_index/node_metadata_real.csv,domain_guess=causality; artifact_kind=table_csv; suffix=.csv; relative_path=data/bmc12e_edgecount_sweep_inputs/N_81/drop_feature_spectral_index/node_metadata_real.csv
metadata_artifact_samples,causality,table_csv,.csv,data/bmc12e_edgecount_sweep_inputs/N_87/baseline_all_features/node_metadata_real.csv,domain_guess=causality; artifact_kind=table_csv; suffix=.csv; relative_path=data/bmc12e_edgecount_sweep_inputs/N_87/baseline_all_features/node_metadata_real.csv
metadata_artifact_samples,causality,table_csv,.csv,data/bmc12e_edgecount_sweep_inputs/N_87/drop_feature_length_scale/node_metadata_real.csv,domain_guess=causality; artifact_kind=table_csv; suffix=.csv; relative_path=data/bmc12e_edgecount_sweep_inputs/N_87/drop_feature_length_scale/node_metadata_real.csv
metadata_artifact_samples,causality,table_csv,.csv,data/bmc12e_edgecount_sweep_inputs/N_87/drop_feature_mode_frequency/node_metadata_real.csv,domain_guess=causality; artifact_kind=table_csv; suffix=.csv; relative_path=data/bmc12e_edgecount_sweep_inputs/N_87/drop_feature_mode_frequency/node_metadata_real.csv
metadata_artifact_samples,causality,table_csv,.csv,data/bmc12e_edgecount_sweep_inputs/N_87/drop_feature_shape_factor/node_metadata_real.csv,domain_guess=causality; artifact_kind=table_csv; suffix=.csv; relative_path=data/bmc12e_edgecount_sweep_inputs/N_87/drop_feature_shape_factor/node_metadata_real.csv
metadata_artifact_samples,causality,table_csv,.csv,data/bmc12e_edgecount_sweep_inputs/N_87/drop_feature_spectral_index/node_metadata_real.csv,domain_guess=causality; artifact_kind=table_csv; suffix=.csv; relative_path=data/bmc12e_edgecount_sweep_inputs/N_87/drop_feature_spectral_index/node_metadata_real.csv
metadata_artifact_samples,causality,table_csv,.csv,data/bmc12e_edgecount_sweep_inputs/N_92/baseline_all_features/node_metadata_real.csv,domain_guess=causality; artifact_kind=table_csv; suffix=.csv; relative_path=data/bmc12e_edgecount_sweep_inputs/N_92/baseline_all_features/node_metadata_real.csv
metadata_artifact_samples,causality,table_csv,.csv,data/bmc12e_edgecount_sweep_inputs/N_92/drop_feature_length_scale/node_metadata_real.csv,domain_guess=causality; artifact_kind=table_csv; suffix=.csv; relative_path=data/bmc12e_edgecount_sweep_inputs/N_92/drop_feature_length_scale/node_metadata_real.csv
metadata_artifact_samples,causality,table_csv,.csv,data/bmc12e_edgecount_sweep_inputs/N_92/drop_feature_mode_frequency/node_metadata_real.csv,domain_guess=causality; artifact_kind=table_csv; suffix=.csv; relative_path=data/bmc12e_edgecount_sweep_inputs/N_92/drop_feature_mode_frequency/node_metadata_real.csv
metadata_artifact_samples,causality,table_csv,.csv,data/bmc12e_edgecount_sweep_inputs/N_92/drop_feature_shape_factor/node_metadata_real.csv,domain_guess=causality; artifact_kind=table_csv; suffix=.csv; relative_path=data/bmc12e_edgecount_sweep_inputs/N_92/drop_feature_shape_factor/node_metadata_real.csv
metadata_artifact_samples,causality,table_csv,.csv,data/bmc12e_edgecount_sweep_inputs/N_92/drop_feature_spectral_index/node_metadata_real.csv,domain_guess=causality; artifact_kind=table_csv; suffix=.csv; relative_path=data/bmc12e_edgecount_sweep_inputs/N_92/drop_feature_spectral_index/node_metadata_real.csv
metadata_artifact_samples,metadata,table_csv,.csv,data/node_metadata.csv,domain_guess=metadata; artifact_kind=table_csv; suffix=.csv; relative_path=data/node_metadata.csv
metadata_artifact_samples,causality,table_csv,.csv,data/node_metadata_real_bmc08b.csv,domain_guess=causality; artifact_kind=table_csv; suffix=.csv; relative_path=data/node_metadata_real_bmc08b.csv
metadata_artifact_samples,causality,table_csv,.csv,data/node_metadata_real_bmc08c.csv,domain_guess=causality; artifact_kind=table_csv; suffix=.csv; relative_path=data/node_metadata_real_bmc08c.csv
metadata_artifact_samples,metadata,table_csv,.csv,data/node_metadata_real.csv,domain_guess=metadata; artifact_kind=table_csv; suffix=.csv; relative_path=data/node_metadata_real.csv
metadata_artifact_samples,metadata,json_document,.json,data/QSB-META01-01/repository_metadata_inventory_config.json,domain_guess=metadata; artifact_kind=json_document; suffix=.json; relative_path=data/QSB-META01-01/repository_metadata_inventory_config.json
metadata_artifact_samples,metadata,json_document,.json,data/QSB-META01-02/canonical_metadata_contract_config.json,domain_guess=metadata; artifact_kind=json_document; suffix=.json; relative_path=data/QSB-META01-02/canonical_metadata_contract_config.json
metadata_artifact_samples,metadata,sql_script,.sql,data/QSB-META01-02/canonical_metadata_schema.sql,domain_guess=metadata; artifact_kind=sql_script; suffix=.sql; relative_path=data/QSB-META01-02/canonical_metadata_schema.sql
metadata_artifact_samples,metadata,json_document,.json,data/QSB-META01-02/controlled_vocabularies.json,domain_guess=metadata; artifact_kind=json_document; suffix=.json; relative_path=data/QSB-META01-02/controlled_vocabularies.json
metadata_artifact_samples,metadata,json_document,.json,data/QSB-META01-02/example_metadata_records.json,domain_guess=metadata; artifact_kind=json_document; suffix=.json; relative_path=data/QSB-META01-02/example_metadata_records.json
metadata_artifact_samples,metadata,json_document,.json,data/QSB-META01-02/unit_dimension_registry.json,domain_guess=metadata; artifact_kind=json_document; suffix=.json; relative_path=data/QSB-META01-02/unit_dimension_registry.json
metadata_artifact_samples,causality,json_document,.json,data/QSB-META01-03/causality07_metadata_mapping.json,domain_guess=causality; artifact_kind=json_document; suffix=.json; relative_path=data/QSB-META01-03/causality07_metadata_mapping.json
metadata_artifact_samples,causality,json_document,.json,data/QSB-META01-03/causality07_pilot_metadata_config.json,domain_guess=causality; artifact_kind=json_document; suffix=.json; relative_path=data/QSB-META01-03/causality07_pilot_metadata_config.json
metadata_artifact_samples,metadata,json_document,.json,data/QSB-META02/cross_mart_join_status_registry.json,domain_guess=metadata; artifact_kind=json_document; suffix=.json; relative_path=data/QSB-META02/cross_mart_join_status_registry.json
metadata_artifact_samples,metadata,json_document,.json,data/QSB-META02/cross_mart_key_mapping_schema.json,domain_guess=metadata; artifact_kind=json_document; suffix=.json; relative_path=data/QSB-META02/cross_mart_key_mapping_schema.json
metadata_artifact_samples,metadata,json_document,.json,data/QSB-META02/cross_mart_seed_mappings.json,domain_guess=metadata; artifact_kind=json_document; suffix=.json; relative_path=data/QSB-META02/cross_mart_seed_mappings.json
metadata_artifact_samples,metadata,json_document,.json,data/QSB-META02/cross_mart_semantic_relation_registry.json,domain_guess=metadata; artifact_kind=json_document; suffix=.json; relative_path=data/QSB-META02/cross_mart_semantic_relation_registry.json
metadata_artifact_samples,metadata,json_document,.json,data/QSB-META02/cross_mart_transformation_rule_registry.json,domain_guess=metadata; artifact_kind=json_document; suffix=.json; relative_path=data/QSB-META02/cross_mart_transformation_rule_registry.json
metadata_artifact_samples,metadata,other,.yaml,data/QSB-ST-SHAPIROINFO/j0740_6620_file_link_metadata_review.yaml,domain_guess=metadata; artifact_kind=other; suffix=.yaml; relative_path=data/QSB-ST-SHAPIROINFO/j0740_6620_file_link_metadata_review.yaml
metadata_artifact_samples,metadata,text_note,.txt,data/QSB-ST-SHAPIROINFO/manual_evidence/ell1_geometric_phase_mapping/pint_pulsar_1_1_5_METADATA.txt,domain_guess=metadata; artifact_kind=text_note; suffix=.txt; relative_path=data/QSB-ST-SHAPIROINFO/manual_evidence/ell1_geometric_phase_mapping/pint_pulsar_1_1_5_METADATA.txt
metadata_artifact_samples,causality,json_document,.json,data/runs/BMC-12c/backbone_aware_matched_loo_open/baseline_all_features_fixed_tau/run_metadata.json,domain_guess=causality; artifact_kind=json_document; suffix=.json; relative_path=data/runs/BMC-12c/backbone_aware_matched_loo_open/baseline_all_features_fixed_tau/run_metadata.json
metadata_artifact_samples,causality,json_document,.json,data/runs/BMC-12c/backbone_aware_matched_loo_open/matched_drop_feature_length_scale/run_metadata.json,domain_guess=causality; artifact_kind=json_document; suffix=.json; relative_path=data/runs/BMC-12c/backbone_aware_matched_loo_open/matched_drop_feature_length_scale/run_metadata.json
metadata_artifact_samples,causality,json_document,.json,data/runs/BMC-12c/backbone_aware_matched_loo_open/matched_drop_feature_mode_frequency/run_metadata.json,domain_guess=causality; artifact_kind=json_document; suffix=.json; relative_path=data/runs/BMC-12c/backbone_aware_matched_loo_open/matched_drop_feature_mode_frequency/run_metadata.json
metadata_artifact_samples,causality,json_document,.json,data/runs/BMC-12c/backbone_aware_matched_loo_open/matched_drop_feature_shape_factor/run_metadata.json,domain_guess=causality; artifact_kind=json_document; suffix=.json; relative_path=data/runs/BMC-12c/backbone_aware_matched_loo_open/matched_drop_feature_shape_factor/run_metadata.json
metadata_artifact_samples,causality,json_document,.json,data/runs/BMC-12c/backbone_aware_matched_loo_open/matched_drop_feature_spectral_index/run_metadata.json,domain_guess=causality; artifact_kind=json_document; suffix=.json; relative_path=data/runs/BMC-12c/backbone_aware_matched_loo_open/matched_drop_feature_spectral_index/run_metadata.json
metadata_artifact_samples,metadata,markdown_note,.md,docs/QSB_DB10_METADATA_SEED_PLAN.md,domain_guess=metadata; artifact_kind=markdown_note; suffix=.md; relative_path=docs/QSB_DB10_METADATA_SEED_PLAN.md
metadata_artifact_samples,metadata,markdown_note,.md,docs/QSB_DB11_METADATA_SEED_SPEC.md,domain_guess=metadata; artifact_kind=markdown_note; suffix=.md; relative_path=docs/QSB_DB11_METADATA_SEED_SPEC.md
metadata_artifact_samples,metadata,markdown_note,.md,docs/QSB_DB14_METADATA_SEED_RESULT_NOTE.md,domain_guess=metadata; artifact_kind=markdown_note; suffix=.md; relative_path=docs/QSB_DB14_METADATA_SEED_RESULT_NOTE.md
metadata_artifact_samples,metadata,markdown_note,.md,docs/QSB_META01_01_EXISTING_METADATA_LINEAGE_INVENTORY_AND_CANONICAL_CONTRACT_SPEC.md,domain_guess=metadata; artifact_kind=markdown_note; suffix=.md; relative_path=docs/QSB_META01_01_EXISTING_METADATA_LINEAGE_INVENTORY_AND_CANONICAL_CONTRACT_SPEC.md
metadata_artifact_samples,metadata,markdown_note,.md,docs/QSB_META01_02_CANONICAL_METADATA_SCHEMA_IDENTIFIER_LINEAGE_AND_VALIDATION_CONTRACT_SPEC.md,domain_guess=metadata; artifact_kind=markdown_note; suffix=.md; relative_path=docs/QSB_META01_02_CANONICAL_METADATA_SCHEMA_IDENTIFIER_LINEAGE_AND_VALIDATION_CONTRACT_SPEC.md
metadata_artifact_samples,causality,markdown_note,.md,docs/QSB_META01_03_CAUSALITY07_PILOT_METADATA_GENERATOR_SPEC.md,domain_guess=causality; artifact_kind=markdown_note; suffix=.md; relative_path=docs/QSB_META01_03_CAUSALITY07_PILOT_METADATA_GENERATOR_SPEC.md
metadata_artifact_samples,metadata,markdown_note,.md,docs/QSB_ST_SHAPIROINFO28_FILE_LINK_METADATA_REVIEW_PLAN.md,domain_guess=metadata; artifact_kind=markdown_note; suffix=.md; relative_path=docs/QSB_ST_SHAPIROINFO28_FILE_LINK_METADATA_REVIEW_PLAN.md
metadata_artifact_samples,metadata,markdown_note,.md,docs/QSB_ST_SHAPIROINFO29_FILE_LINK_METADATA_REVIEW_RESULT.md,domain_guess=metadata; artifact_kind=markdown_note; suffix=.md; relative_path=docs/QSB_ST_SHAPIROINFO29_FILE_LINK_METADATA_REVIEW_RESULT.md
metadata_artifact_samples,metadata,markdown_note,.md,docs/QSB_ST_SHAPIROINFO30_MANIFEST_UPDATE_AFTER_FILE_LINK_METADATA_REVIEW.md,domain_guess=metadata; artifact_kind=markdown_note; suffix=.md; relative_path=docs/QSB_ST_SHAPIROINFO30_MANIFEST_UPDATE_AFTER_FILE_LINK_METADATA_REVIEW.md
metadata_artifact_samples,metadata,json_document,.json,numerics/debroglie-phase-bridge/typ_b_analysis/results/n1_a1_b1_decoupling_v1/run_metadata.json,domain_guess=metadata; artifact_kind=json_document; suffix=.json; relative_path=numerics/debroglie-phase-bridge/typ_b_analysis/results/n1_a1_b1_decoupling_v1/run_metadata.json
metadata_artifact_samples,metadata,json_document,.json,numerics/debroglie-phase-bridge/typ_b_analysis/results/n1_alt_neighborhood_v1/run_metadata.json,domain_guess=metadata; artifact_kind=json_document; suffix=.json; relative_path=numerics/debroglie-phase-bridge/typ_b_analysis/results/n1_alt_neighborhood_v1/run_metadata.json
metadata_artifact_samples,metadata,json_document,.json,numerics/debroglie-phase-bridge/typ_b_analysis/results/n1_alt_neighborhood_v22/run_metadata.json,domain_guess=metadata; artifact_kind=json_document; suffix=.json; relative_path=numerics/debroglie-phase-bridge/typ_b_analysis/results/n1_alt_neighborhood_v22/run_metadata.json
metadata_artifact_samples,metadata,json_document,.json,numerics/debroglie-phase-bridge/typ_b_analysis/results/n1_alt_neighborhood_v2/run_metadata.json,domain_guess=metadata; artifact_kind=json_document; suffix=.json; relative_path=numerics/debroglie-phase-bridge/typ_b_analysis/results/n1_alt_neighborhood_v2/run_metadata.json
metadata_artifact_samples,metadata,json_document,.json,numerics/debroglie-phase-bridge/typ_b_analysis/results/n1_exportclass_nullmodel_v1/run_metadata.json,domain_guess=metadata; artifact_kind=json_document; suffix=.json; relative_path=numerics/debroglie-phase-bridge/typ_b_analysis/results/n1_exportclass_nullmodel_v1/run_metadata.json
metadata_artifact_samples,metadata,json_document,.json,numerics/debroglie-phase-bridge/typ_b_analysis/results/n1_negative_vs_abs_markers_v1/run_metadata.json,domain_guess=metadata; artifact_kind=json_document; suffix=.json; relative_path=numerics/debroglie-phase-bridge/typ_b_analysis/results/n1_negative_vs_abs_markers_v1/run_metadata.json
metadata_artifact_samples,metadata,json_document,.json,numerics/debroglie-phase-bridge/typ_b_analysis/results/n1_negative_vs_abs_v1/run_metadata.json,domain_guess=metadata; artifact_kind=json_document; suffix=.json; relative_path=numerics/debroglie-phase-bridge/typ_b_analysis/results/n1_negative_vs_abs_v1/run_metadata.json
metadata_artifact_samples,metadata,json_document,.json,numerics/debroglie-phase-bridge/typ_b_analysis/runs/H3_D1_D2_DIVERGENCE_01/H3D12DIV01_20260418_085554/run_metadata.json,domain_guess=metadata; artifact_kind=json_document; suffix=.json; relative_path=numerics/debroglie-phase-bridge/typ_b_analysis/runs/H3_D1_D2_DIVERGENCE_01/H3D12DIV01_20260418_085554/run_metadata.json
metadata_artifact_samples,metadata,json_document,.json,numerics/debroglie-phase-bridge/typ_b_analysis/runs/H3_D1_D2_DIVERGENCE_01/H3D12DIV01_20260418_085630/run_metadata.json,domain_guess=metadata; artifact_kind=json_document; suffix=.json; relative_path=numerics/debroglie-phase-bridge/typ_b_analysis/runs/H3_D1_D2_DIVERGENCE_01/H3D12DIV01_20260418_085630/run_metadata.json
metadata_artifact_samples,metadata,json_document,.json,numerics/debroglie-phase-bridge/typ_b_analysis/runs/H3_MIXED_LIKE_SENSITIVITY_01/H3MLS01_20260418_082400/run_metadata.json,domain_guess=metadata; artifact_kind=json_document; suffix=.json; relative_path=numerics/debroglie-phase-bridge/typ_b_analysis/runs/H3_MIXED_LIKE_SENSITIVITY_01/H3MLS01_20260418_082400/run_metadata.json
metadata_artifact_samples,metadata,json_document,.json,numerics/debroglie-phase-bridge/typ_b_analysis/runs/H3_SUPPORT_MANIPULATION_DESIGN_01/H3SMD01_20260417_181854/run_metadata.json,domain_guess=metadata; artifact_kind=json_document; suffix=.json; relative_path=numerics/debroglie-phase-bridge/typ_b_analysis/runs/H3_SUPPORT_MANIPULATION_DESIGN_01/H3SMD01_20260417_181854/run_metadata.json
metadata_artifact_samples,metadata,json_document,.json,numerics/debroglie-phase-bridge/typ_b_analysis/runs/H3_SUPPORT_MANIPULATION_DESIGN_01/H3SMD01_20260417_183547/run_metadata.json,domain_guess=metadata; artifact_kind=json_document; suffix=.json; relative_path=numerics/debroglie-phase-bridge/typ_b_analysis/runs/H3_SUPPORT_MANIPULATION_DESIGN_01/H3SMD01_20260417_183547/run_metadata.json
metadata_artifact_samples,metadata,json_document,.json,numerics/debroglie-phase-bridge/typ_b_analysis/runs/H3_SUPPORT_MANIPULATION_DESIGN_01/H3SMD01_20260417_213250/run_metadata.json,domain_guess=metadata; artifact_kind=json_document; suffix=.json; relative_path=numerics/debroglie-phase-bridge/typ_b_analysis/runs/H3_SUPPORT_MANIPULATION_DESIGN_01/H3SMD01_20260417_213250/run_metadata.json
metadata_artifact_samples,metadata,json_document,.json,numerics/debroglie-phase-bridge/typ_b_analysis/runs/H3_SUPPORT_MANIPULATION_DESIGN_01/H3SMD01_20260417_232025/run_metadata.json,domain_guess=metadata; artifact_kind=json_document; suffix=.json; relative_path=numerics/debroglie-phase-bridge/typ_b_analysis/runs/H3_SUPPORT_MANIPULATION_DESIGN_01/H3SMD01_20260417_232025/run_metadata.json
metadata_artifact_samples,metadata,json_document,.json,numerics/debroglie-phase-bridge/typ_b_analysis/runs/H3_SUPPORT_MANIPULATION_DESIGN_01/H3SMD01_20260417_234742/run_metadata.json,domain_guess=metadata; artifact_kind=json_document; suffix=.json; relative_path=numerics/debroglie-phase-bridge/typ_b_analysis/runs/H3_SUPPORT_MANIPULATION_DESIGN_01/H3SMD01_20260417_234742/run_metadata.json
metadata_artifact_samples,metadata,json_document,.json,numerics/debroglie-phase-bridge/typ_b_analysis/runs/H3_SUPPORT_MANIPULATION_DESIGN_01/H3SMD01_20260418_000905/run_metadata.json,domain_guess=metadata; artifact_kind=json_document; suffix=.json; relative_path=numerics/debroglie-phase-bridge/typ_b_analysis/runs/H3_SUPPORT_MANIPULATION_DESIGN_01/H3SMD01_20260418_000905/run_metadata.json
metadata_artifact_samples,metadata,json_document,.json,numerics/debroglie-phase-bridge/typ_b_analysis/runs/H3_SUPPORT_MANIPULATION_DESIGN_01/H3SMD01_20260418_005135/run_metadata.json,domain_guess=metadata; artifact_kind=json_document; suffix=.json; relative_path=numerics/debroglie-phase-bridge/typ_b_analysis/runs/H3_SUPPORT_MANIPULATION_DESIGN_01/H3SMD01_20260418_005135/run_metadata.json
metadata_artifact_samples,metadata,json_document,.json,numerics/debroglie-phase-bridge/typ_b_analysis/runs/H3_SUPPORT_MANIPULATION_DESIGN_01/H3SMD01_20260418_010459/run_metadata.json,domain_guess=metadata; artifact_kind=json_document; suffix=.json; relative_path=numerics/debroglie-phase-bridge/typ_b_analysis/runs/H3_SUPPORT_MANIPULATION_DESIGN_01/H3SMD01_20260418_010459/run_metadata.json
metadata_artifact_samples,metadata,json_document,.json,numerics/debroglie-phase-bridge/typ_b_analysis/templates/run_metadata.template.json,domain_guess=metadata; artifact_kind=json_document; suffix=.json; relative_path=numerics/debroglie-phase-bridge/typ_b_analysis/templates/run_metadata.template.json
metadata_artifact_samples,causality,json_document,.json,runs/BMC-01/BMC01_dryrun_001/run_metadata.json,domain_guess=causality; artifact_kind=json_document; suffix=.json; relative_path=runs/BMC-01/BMC01_dryrun_001/run_metadata.json
metadata_artifact_samples,causality,json_document,.json,runs/BMC-01/matrix/2026-04-20_08-13-11/BMC01_global_weight_permutation_high/run_metadata.json,domain_guess=causality; artifact_kind=json_document; suffix=.json; relative_path=runs/BMC-01/matrix/2026-04-20_08-13-11/BMC01_global_weight_permutation_high/run_metadata.json
metadata_artifact_samples,causality,json_document,.json,runs/BMC-01/matrix/2026-04-20_08-13-11/BMC01_global_weight_permutation_low/run_metadata.json,domain_guess=causality; artifact_kind=json_document; suffix=.json; relative_path=runs/BMC-01/matrix/2026-04-20_08-13-11/BMC01_global_weight_permutation_low/run_metadata.json
metadata_artifact_samples,causality,json_document,.json,runs/BMC-01/matrix/2026-04-20_08-13-11/BMC01_global_weight_permutation_medium/run_metadata.json,domain_guess=causality; artifact_kind=json_document; suffix=.json; relative_path=runs/BMC-01/matrix/2026-04-20_08-13-11/BMC01_global_weight_permutation_medium/run_metadata.json
metadata_artifact_samples,causality,json_document,.json,runs/BMC-01/matrix/2026-04-20_08-13-11/BMC01_within_local_group_weight_permutation_high/run_metadata.json,domain_guess=causality; artifact_kind=json_document; suffix=.json; relative_path=runs/BMC-01/matrix/2026-04-20_08-13-11/BMC01_within_local_group_weight_permutation_high/run_metadata.json
metadata_artifact_samples,causality,json_document,.json,runs/BMC-01/matrix/2026-04-20_08-13-11/BMC01_within_local_group_weight_permutation_low/run_metadata.json,domain_guess=causality; artifact_kind=json_document; suffix=.json; relative_path=runs/BMC-01/matrix/2026-04-20_08-13-11/BMC01_within_local_group_weight_permutation_low/run_metadata.json
metadata_artifact_samples,causality,json_document,.json,runs/BMC-01/matrix/2026-04-20_08-13-11/BMC01_within_local_group_weight_permutation_medium/run_metadata.json,domain_guess=causality; artifact_kind=json_document; suffix=.json; relative_path=runs/BMC-01/matrix/2026-04-20_08-13-11/BMC01_within_local_group_weight_permutation_medium/run_metadata.json
metadata_artifact_samples,causality,json_document,.json,runs/BMC-01/matrix/2026-04-20_08-13-11/BMC01_within_shell_weight_permutation_high/run_metadata.json,domain_guess=causality; artifact_kind=json_document; suffix=.json; relative_path=runs/BMC-01/matrix/2026-04-20_08-13-11/BMC01_within_shell_weight_permutation_high/run_metadata.json
metadata_artifact_samples,causality,json_document,.json,runs/BMC-01/matrix/2026-04-20_08-13-11/BMC01_within_shell_weight_permutation_low/run_metadata.json,domain_guess=causality; artifact_kind=json_document; suffix=.json; relative_path=runs/BMC-01/matrix/2026-04-20_08-13-11/BMC01_within_shell_weight_permutation_low/run_metadata.json
metadata_artifact_samples,causality,json_document,.json,runs/BMC-01/matrix/2026-04-20_08-13-11/BMC01_within_shell_weight_permutation_medium/run_metadata.json,domain_guess=causality; artifact_kind=json_document; suffix=.json; relative_path=runs/BMC-01/matrix/2026-04-20_08-13-11/BMC01_within_shell_weight_permutation_medium/run_metadata.json
metadata_artifact_samples,causality,json_document,.json,runs/BMC-01/matrix/2026-04-20_08-15-18/BMC01_global_weight_permutation_high/run_metadata.json,domain_guess=causality; artifact_kind=json_document; suffix=.json; relative_path=runs/BMC-01/matrix/2026-04-20_08-15-18/BMC01_global_weight_permutation_high/run_metadata.json
metadata_artifact_samples,causality,json_document,.json,runs/BMC-01/matrix/2026-04-20_08-15-18/BMC01_global_weight_permutation_low/run_metadata.json,domain_guess=causality; artifact_kind=json_document; suffix=.json; relative_path=runs/BMC-01/matrix/2026-04-20_08-15-18/BMC01_global_weight_permutation_low/run_metadata.json
metadata_artifact_samples,causality,json_document,.json,runs/BMC-01/matrix/2026-04-20_08-15-18/BMC01_global_weight_permutation_medium/run_metadata.json,domain_guess=causality; artifact_kind=json_document; suffix=.json; relative_path=runs/BMC-01/matrix/2026-04-20_08-15-18/BMC01_global_weight_permutation_medium/run_metadata.json
metadata_artifact_samples,causality,json_document,.json,runs/BMC-01/matrix/2026-04-20_08-15-18/BMC01_within_local_group_weight_permutation_high/run_metadata.json,domain_guess=causality; artifact_kind=json_document; suffix=.json; relative_path=runs/BMC-01/matrix/2026-04-20_08-15-18/BMC01_within_local_group_weight_permutation_high/run_metadata.json
metadata_artifact_samples,causality,json_document,.json,runs/BMC-01/matrix/2026-04-20_08-15-18/BMC01_within_local_group_weight_permutation_low/run_metadata.json,domain_guess=causality; artifact_kind=json_document; suffix=.json; relative_path=runs/BMC-01/matrix/2026-04-20_08-15-18/BMC01_within_local_group_weight_permutation_low/run_metadata.json
metadata_artifact_samples,causality,json_document,.json,runs/BMC-01/matrix/2026-04-20_08-15-18/BMC01_within_local_group_weight_permutation_medium/run_metadata.json,domain_guess=causality; artifact_kind=json_document; suffix=.json; relative_path=runs/BMC-01/matrix/2026-04-20_08-15-18/BMC01_within_local_group_weight_permutation_medium/run_metadata.json
metadata_artifact_samples,causality,json_document,.json,runs/BMC-01/matrix/2026-04-20_08-15-18/BMC01_within_shell_weight_permutation_high/run_metadata.json,domain_guess=causality; artifact_kind=json_document; suffix=.json; relative_path=runs/BMC-01/matrix/2026-04-20_08-15-18/BMC01_within_shell_weight_permutation_high/run_metadata.json
metadata_artifact_samples,causality,json_document,.json,runs/BMC-01/matrix/2026-04-20_08-15-18/BMC01_within_shell_weight_permutation_low/run_metadata.json,domain_guess=causality; artifact_kind=json_document; suffix=.json; relative_path=runs/BMC-01/matrix/2026-04-20_08-15-18/BMC01_within_shell_weight_permutation_low/run_metadata.json
metadata_artifact_samples,causality,json_document,.json,runs/BMC-01/matrix/2026-04-20_08-15-18/BMC01_within_shell_weight_permutation_medium/run_metadata.json,domain_guess=causality; artifact_kind=json_document; suffix=.json; relative_path=runs/BMC-01/matrix/2026-04-20_08-15-18/BMC01_within_shell_weight_permutation_medium/run_metadata.json
metadata_artifact_samples,causality,json_document,.json,runs/BMC-01/matrix/2026-04-20_08-16-34/BMC01_global_weight_permutation_high/run_metadata.json,domain_guess=causality; artifact_kind=json_document; suffix=.json; relative_path=runs/BMC-01/matrix/2026-04-20_08-16-34/BMC01_global_weight_permutation_high/run_metadata.json
metadata_artifact_samples,causality,json_document,.json,runs/BMC-01/matrix/2026-04-20_08-16-34/BMC01_global_weight_permutation_low/run_metadata.json,domain_guess=causality; artifact_kind=json_document; suffix=.json; relative_path=runs/BMC-01/matrix/2026-04-20_08-16-34/BMC01_global_weight_permutation_low/run_metadata.json
metadata_artifact_samples,causality,json_document,.json,runs/BMC-01/matrix/2026-04-20_08-16-34/BMC01_global_weight_permutation_medium/run_metadata.json,domain_guess=causality; artifact_kind=json_document; suffix=.json; relative_path=runs/BMC-01/matrix/2026-04-20_08-16-34/BMC01_global_weight_permutation_medium/run_metadata.json
metadata_artifact_samples,causality,json_document,.json,runs/BMC-01/matrix/2026-04-20_08-16-34/BMC01_within_local_group_weight_permutation_high/run_metadata.json,domain_guess=causality; artifact_kind=json_document; suffix=.json; relative_path=runs/BMC-01/matrix/2026-04-20_08-16-34/BMC01_within_local_group_weight_permutation_high/run_metadata.json
metadata_artifact_samples,causality,json_document,.json,runs/BMC-01/matrix/2026-04-20_08-16-34/BMC01_within_local_group_weight_permutation_low/run_metadata.json,domain_guess=causality; artifact_kind=json_document; suffix=.json; relative_path=runs/BMC-01/matrix/2026-04-20_08-16-34/BMC01_within_local_group_weight_permutation_low/run_metadata.json
metadata_artifact_samples,causality,json_document,.json,runs/BMC-01/matrix/2026-04-20_08-16-34/BMC01_within_local_group_weight_permutation_medium/run_metadata.json,domain_guess=causality; artifact_kind=json_document; suffix=.json; relative_path=runs/BMC-01/matrix/2026-04-20_08-16-34/BMC01_within_local_group_weight_permutation_medium/run_metadata.json
metadata_artifact_samples,causality,json_document,.json,runs/BMC-01/matrix/2026-04-20_08-16-34/BMC01_within_shell_weight_permutation_high/run_metadata.json,domain_guess=causality; artifact_kind=json_document; suffix=.json; relative_path=runs/BMC-01/matrix/2026-04-20_08-16-34/BMC01_within_shell_weight_permutation_high/run_metadata.json
metadata_artifact_samples,causality,json_document,.json,runs/BMC-01/matrix/2026-04-20_08-16-34/BMC01_within_shell_weight_permutation_low/run_metadata.json,domain_guess=causality; artifact_kind=json_document; suffix=.json; relative_path=runs/BMC-01/matrix/2026-04-20_08-16-34/BMC01_within_shell_weight_permutation_low/run_metadata.json
metadata_artifact_samples,causality,json_document,.json,runs/BMC-01/matrix/2026-04-20_08-16-34/BMC01_within_shell_weight_permutation_medium/run_metadata.json,domain_guess=causality; artifact_kind=json_document; suffix=.json; relative_path=runs/BMC-01/matrix/2026-04-20_08-16-34/BMC01_within_shell_weight_permutation_medium/run_metadata.json
metadata_artifact_samples,causality,json_document,.json,runs/BMC-01-SX/fulltest_shell_crossing_adjacent_medium/run_metadata.json,domain_guess=causality; artifact_kind=json_document; suffix=.json; relative_path=runs/BMC-01-SX/fulltest_shell_crossing_adjacent_medium/run_metadata.json
metadata_artifact_samples,causality,json_document,.json,runs/BMC-01-SX/fulltest_shell_crossing_full_medium/run_metadata.json,domain_guess=causality; artifact_kind=json_document; suffix=.json; relative_path=runs/BMC-01-SX/fulltest_shell_crossing_full_medium/run_metadata.json
metadata_artifact_samples,causality,json_document,.json,runs/BMC-01-SX/fulltest_within_shell_medium/run_metadata.json,domain_guess=causality; artifact_kind=json_document; suffix=.json; relative_path=runs/BMC-01-SX/fulltest_within_shell_medium/run_metadata.json
metadata_artifact_samples,causality,json_document,.json,runs/BMC-01-SX/ladder/2026-04-20_09-05-44/BMC01SX_shell_crossing_adjacent_high/run_metadata.json,domain_guess=causality; artifact_kind=json_document; suffix=.json; relative_path=runs/BMC-01-SX/ladder/2026-04-20_09-05-44/BMC01SX_shell_crossing_adjacent_high/run_metadata.json
metadata_artifact_samples,causality,json_document,.json,runs/BMC-01-SX/ladder/2026-04-20_09-05-44/BMC01SX_shell_crossing_adjacent_low/run_metadata.json,domain_guess=causality; artifact_kind=json_document; suffix=.json; relative_path=runs/BMC-01-SX/ladder/2026-04-20_09-05-44/BMC01SX_shell_crossing_adjacent_low/run_metadata.json
metadata_artifact_samples,causality,json_document,.json,runs/BMC-01-SX/ladder/2026-04-20_09-05-44/BMC01SX_shell_crossing_adjacent_medium/run_metadata.json,domain_guess=causality; artifact_kind=json_document; suffix=.json; relative_path=runs/BMC-01-SX/ladder/2026-04-20_09-05-44/BMC01SX_shell_crossing_adjacent_medium/run_metadata.json
metadata_artifact_samples,causality,json_document,.json,runs/BMC-01-SX/ladder/2026-04-20_09-05-44/BMC01SX_within_shell_high/run_metadata.json,domain_guess=causality; artifact_kind=json_document; suffix=.json; relative_path=runs/BMC-01-SX/ladder/2026-04-20_09-05-44/BMC01SX_within_shell_high/run_metadata.json
metadata_artifact_samples,causality,json_document,.json,runs/BMC-01-SX/ladder/2026-04-20_09-05-44/BMC01SX_within_shell_low/run_metadata.json,domain_guess=causality; artifact_kind=json_document; suffix=.json; relative_path=runs/BMC-01-SX/ladder/2026-04-20_09-05-44/BMC01SX_within_shell_low/run_metadata.json
metadata_artifact_samples,causality,json_document,.json,runs/BMC-01-SX/ladder/2026-04-20_09-05-44/BMC01SX_within_shell_medium/run_metadata.json,domain_guess=causality; artifact_kind=json_document; suffix=.json; relative_path=runs/BMC-01-SX/ladder/2026-04-20_09-05-44/BMC01SX_within_shell_medium/run_metadata.json
metadata_artifact_samples,causality,json_document,.json,runs/BMC-01-SX/pairtest_shell_crossing_adjacent_medium/run_metadata.json,domain_guess=causality; artifact_kind=json_document; suffix=.json; relative_path=runs/BMC-01-SX/pairtest_shell_crossing_adjacent_medium/run_metadata.json
metadata_artifact_samples,causality,json_document,.json,runs/BMC-01-SX/pairtest_within_shell_medium/run_metadata.json,domain_guess=causality; artifact_kind=json_document; suffix=.json; relative_path=runs/BMC-01-SX/pairtest_within_shell_medium/run_metadata.json
metadata_artifact_samples,causality,json_document,.json,runs/BMC-04/BMC04_dryrun_001/run_metadata.json,domain_guess=causality; artifact_kind=json_document; suffix=.json; relative_path=runs/BMC-04/BMC04_dryrun_001/run_metadata.json
metadata_artifact_samples,causality,json_document,.json,runs/BMC-04/BMC04_dryrun_002/run_metadata.json,domain_guess=causality; artifact_kind=json_document; suffix=.json; relative_path=runs/BMC-04/BMC04_dryrun_002/run_metadata.json
metadata_artifact_samples,causality,json_document,.json,runs/BMC-04/BMC04_dryrun_003/run_metadata.json,domain_guess=causality; artifact_kind=json_document; suffix=.json; relative_path=runs/BMC-04/BMC04_dryrun_003/run_metadata.json
metadata_artifact_samples,causality,json_document,.json,runs/BMC-04/BMC04_dryrun_004/run_metadata.json,domain_guess=causality; artifact_kind=json_document; suffix=.json; relative_path=runs/BMC-04/BMC04_dryrun_004/run_metadata.json
metadata_artifact_samples,causality,json_document,.json,runs/BMC-04/v3_1_seed_series/BMC04_v3_1_seed_101/run_metadata.json,domain_guess=causality; artifact_kind=json_document; suffix=.json; relative_path=runs/BMC-04/v3_1_seed_series/BMC04_v3_1_seed_101/run_metadata.json
metadata_artifact_samples,causality,json_document,.json,runs/BMC-04/v3_1_seed_series/BMC04_v3_1_seed_123/run_metadata.json,domain_guess=causality; artifact_kind=json_document; suffix=.json; relative_path=runs/BMC-04/v3_1_seed_series/BMC04_v3_1_seed_123/run_metadata.json
metadata_artifact_samples,causality,json_document,.json,runs/BMC-04/v3_1_seed_series/BMC04_v3_1_seed_211/run_metadata.json,domain_guess=causality; artifact_kind=json_document; suffix=.json; relative_path=runs/BMC-04/v3_1_seed_series/BMC04_v3_1_seed_211/run_metadata.json
metadata_artifact_samples,causality,json_document,.json,runs/BMC-04/v3_1_seed_series/BMC04_v3_1_seed_307/run_metadata.json,domain_guess=causality; artifact_kind=json_document; suffix=.json; relative_path=runs/BMC-04/v3_1_seed_series/BMC04_v3_1_seed_307/run_metadata.json
metadata_artifact_samples,causality,json_document,.json,runs/BMC-04/v3_1_seed_series/BMC04_v3_1_seed_509/run_metadata.json,domain_guess=causality; artifact_kind=json_document; suffix=.json; relative_path=runs/BMC-04/v3_1_seed_series/BMC04_v3_1_seed_509/run_metadata.json
metadata_artifact_samples,causality,json_document,.json,runs/BMC-07/BMC07b_coupling_arm_open/run_metadata.json,domain_guess=causality; artifact_kind=json_document; suffix=.json; relative_path=runs/BMC-07/BMC07b_coupling_arm_open/run_metadata.json
metadata_artifact_samples,causality,json_document,.json,runs/BMC-07/BMC07c_backbone_variation_open/run_metadata.json,domain_guess=causality; artifact_kind=json_document; suffix=.json; relative_path=runs/BMC-07/BMC07c_backbone_variation_open/run_metadata.json
metadata_artifact_samples,causality,json_document,.json,runs/BMC-07/BMC07_minimal_readouts_open/run_metadata.json,domain_guess=causality; artifact_kind=json_document; suffix=.json; relative_path=runs/BMC-07/BMC07_minimal_readouts_open/run_metadata.json
metadata_artifact_samples,causality,json_document,.json,runs/BMC-08/BMC08a_realdata_open/run_metadata.json,domain_guess=causality; artifact_kind=json_document; suffix=.json; relative_path=runs/BMC-08/BMC08a_realdata_open/run_metadata.json
metadata_artifact_samples,causality,json_document,.json,runs/BMC-08/BMC08b_realdata_open/run_metadata.json,domain_guess=causality; artifact_kind=json_document; suffix=.json; relative_path=runs/BMC-08/BMC08b_realdata_open/run_metadata.json
metadata_artifact_samples,causality,json_document,.json,runs/BMC-08/BMC08c_realdata_open/run_metadata.json,domain_guess=causality; artifact_kind=json_document; suffix=.json; relative_path=runs/BMC-08/BMC08c_realdata_open/run_metadata.json
metadata_artifact_samples,causality,json_document,.json,runs/BMC-09/BMC09a_realdata_open/run_metadata.json,domain_guess=causality; artifact_kind=json_document; suffix=.json; relative_path=runs/BMC-09/BMC09a_realdata_open/run_metadata.json
metadata_artifact_samples,causality,json_document,.json,runs/BMC-09/BMC09b_k_2_realdata_open/run_metadata.json,domain_guess=causality; artifact_kind=json_document; suffix=.json; relative_path=runs/BMC-09/BMC09b_k_2_realdata_open/run_metadata.json
metadata_artifact_samples,causality,json_document,.json,runs/BMC-09/BMC09b_k_3_realdata_open/run_metadata.json,domain_guess=causality; artifact_kind=json_document; suffix=.json; relative_path=runs/BMC-09/BMC09b_k_3_realdata_open/run_metadata.json
metadata_artifact_samples,causality,json_document,.json,runs/BMC-09/BMC09b_k_4_realdata_open/run_metadata.json,domain_guess=causality; artifact_kind=json_document; suffix=.json; relative_path=runs/BMC-09/BMC09b_k_4_realdata_open/run_metadata.json
metadata_artifact_samples,causality,json_document,.json,runs/BMC-09/BMC09b_k_sweep_open/k_sweep_metadata.json,domain_guess=causality; artifact_kind=json_document; suffix=.json; relative_path=runs/BMC-09/BMC09b_k_sweep_open/k_sweep_metadata.json
metadata_artifact_samples,causality,json_document,.json,runs/BMC-09/BMC09c_mutual_k_2_realdata_open/run_metadata.json,domain_guess=causality; artifact_kind=json_document; suffix=.json; relative_path=runs/BMC-09/BMC09c_mutual_k_2_realdata_open/run_metadata.json
metadata_artifact_samples,causality,json_document,.json,runs/BMC-09/BMC09c_mutual_k_3_realdata_open/run_metadata.json,domain_guess=causality; artifact_kind=json_document; suffix=.json; relative_path=runs/BMC-09/BMC09c_mutual_k_3_realdata_open/run_metadata.json
metadata_artifact_samples,causality,json_document,.json,runs/BMC-09/BMC09c_mutual_k_4_realdata_open/run_metadata.json,domain_guess=causality; artifact_kind=json_document; suffix=.json; relative_path=runs/BMC-09/BMC09c_mutual_k_4_realdata_open/run_metadata.json
metadata_artifact_samples,causality,json_document,.json,runs/BMC-09/BMC09c_mutual_knn_open/mutual_knn_sweep_metadata.json,domain_guess=causality; artifact_kind=json_document; suffix=.json; relative_path=runs/BMC-09/BMC09c_mutual_knn_open/mutual_knn_sweep_metadata.json
metadata_artifact_samples,causality,json_document,.json,runs/BMC-09/BMC09d_hybrid_k3_tau_025_realdata_open/run_metadata.json,domain_guess=causality; artifact_kind=json_document; suffix=.json; relative_path=runs/BMC-09/BMC09d_hybrid_k3_tau_025_realdata_open/run_metadata.json
metadata_artifact_samples,causality,json_document,.json,runs/BMC-09/BMC09d_hybrid_k3_tau_03_realdata_open/run_metadata.json,domain_guess=causality; artifact_kind=json_document; suffix=.json; relative_path=runs/BMC-09/BMC09d_hybrid_k3_tau_03_realdata_open/run_metadata.json
metadata_artifact_samples,causality,json_document,.json,runs/BMC-09/BMC09d_threshold_hybrid_open/threshold_hybrid_sweep_metadata.json,domain_guess=causality; artifact_kind=json_document; suffix=.json; relative_path=runs/BMC-09/BMC09d_threshold_hybrid_open/threshold_hybrid_sweep_metadata.json
metadata_artifact_samples,causality,json_document,.json,runs/BMC-09/BMC09d_threshold_tau_025_realdata_open/run_metadata.json,domain_guess=causality; artifact_kind=json_document; suffix=.json; relative_path=runs/BMC-09/BMC09d_threshold_tau_025_realdata_open/run_metadata.json
metadata_artifact_samples,causality,json_document,.json,runs/BMC-09/BMC09d_threshold_tau_035_realdata_open/run_metadata.json,domain_guess=causality; artifact_kind=json_document; suffix=.json; relative_path=runs/BMC-09/BMC09d_threshold_tau_035_realdata_open/run_metadata.json
metadata_artifact_samples,causality,json_document,.json,runs/BMC-09/BMC09d_threshold_tau_03_realdata_open/run_metadata.json,domain_guess=causality; artifact_kind=json_document; suffix=.json; relative_path=runs/BMC-09/BMC09d_threshold_tau_03_realdata_open/run_metadata.json
metadata_artifact_samples,causality,json_document,.json,runs/BMC-10/BMC10_nullmodel_open/nullmodel_sweep_metadata.json,domain_guess=causality; artifact_kind=json_document; suffix=.json; relative_path=runs/BMC-10/BMC10_nullmodel_open/nullmodel_sweep_metadata.json
qsb_artifact_samples,unknown,table_csv,.csv,data/QSB-BRIDGE-DATA-01/candidate_source_registry.csv,domain_guess=unknown; artifact_kind=table_csv; suffix=.csv; relative_path=data/QSB-BRIDGE-DATA-01/candidate_source_registry.csv
qsb_artifact_samples,unknown,json_document,.json,data/QSB-BRIDGE-DATA-01/preflight_config.json,domain_guess=unknown; artifact_kind=json_document; suffix=.json; relative_path=data/QSB-BRIDGE-DATA-01/preflight_config.json
qsb_artifact_samples,unknown,markdown_note,.md,data/QSB-BRIDGE-DATA-01/README.md,domain_guess=unknown; artifact_kind=markdown_note; suffix=.md; relative_path=data/QSB-BRIDGE-DATA-01/README.md
qsb_artifact_samples,unknown,table_csv,.csv,data/QSB-BRIDGE-DATA-02A/benzene_edges.csv,domain_guess=unknown; artifact_kind=table_csv; suffix=.csv; relative_path=data/QSB-BRIDGE-DATA-02A/benzene_edges.csv
qsb_artifact_samples,unknown,table_csv,.csv,data/QSB-BRIDGE-DATA-02A/benzene_nodes.csv,domain_guess=unknown; artifact_kind=table_csv; suffix=.csv; relative_path=data/QSB-BRIDGE-DATA-02A/benzene_nodes.csv
qsb_artifact_samples,unknown,table_csv,.csv,data/QSB-BRIDGE-DATA-02A/c60_edges.csv,domain_guess=unknown; artifact_kind=table_csv; suffix=.csv; relative_path=data/QSB-BRIDGE-DATA-02A/c60_edges.csv
qsb_artifact_samples,unknown,table_csv,.csv,data/QSB-BRIDGE-DATA-02A/c60_faces.csv,domain_guess=unknown; artifact_kind=table_csv; suffix=.csv; relative_path=data/QSB-BRIDGE-DATA-02A/c60_faces.csv
qsb_artifact_samples,unknown,table_csv,.csv,data/QSB-BRIDGE-DATA-02A/c60_nodes.csv,domain_guess=unknown; artifact_kind=table_csv; suffix=.csv; relative_path=data/QSB-BRIDGE-DATA-02A/c60_nodes.csv
qsb_artifact_samples,unknown,markdown_note,.md,data/QSB-BRIDGE-DATA-02A/README.md,domain_guess=unknown; artifact_kind=markdown_note; suffix=.md; relative_path=data/QSB-BRIDGE-DATA-02A/README.md
qsb_artifact_samples,unknown,json_document,.json,data/QSB-BRIDGE-DATA-02A/sp2_contrast_config.json,domain_guess=unknown; artifact_kind=json_document; suffix=.json; relative_path=data/QSB-BRIDGE-DATA-02A/sp2_contrast_config.json
qsb_artifact_samples,unknown,json_document,.json,data/QSB-BRIDGE-DATA-02A/sp2_contrast_manifest.json,domain_guess=unknown; artifact_kind=json_document; suffix=.json; relative_path=data/QSB-BRIDGE-DATA-02A/sp2_contrast_manifest.json
qsb_artifact_samples,unknown,table_csv,.csv,data/QSB-BRIDGE-DATA-02B/adamantane_edges.csv,domain_guess=unknown; artifact_kind=table_csv; suffix=.csv; relative_path=data/QSB-BRIDGE-DATA-02B/adamantane_edges.csv
qsb_artifact_samples,unknown,table_csv,.csv,data/QSB-BRIDGE-DATA-02B/adamantane_nodes.csv,domain_guess=unknown; artifact_kind=table_csv; suffix=.csv; relative_path=data/QSB-BRIDGE-DATA-02B/adamantane_nodes.csv
qsb_artifact_samples,unknown,json_document,.json,data/QSB-BRIDGE-DATA-02B/carbon_bonding_organization_config.json,domain_guess=unknown; artifact_kind=json_document; suffix=.json; relative_path=data/QSB-BRIDGE-DATA-02B/carbon_bonding_organization_config.json
qsb_artifact_samples,unknown,json_document,.json,data/QSB-BRIDGE-DATA-02B/carbon_bonding_organization_manifest.json,domain_guess=unknown; artifact_kind=json_document; suffix=.json; relative_path=data/QSB-BRIDGE-DATA-02B/carbon_bonding_organization_manifest.json
qsb_artifact_samples,unknown,table_csv,.csv,data/QSB-BRIDGE-DATA-02B/carbon_ladder_edges.csv,domain_guess=unknown; artifact_kind=table_csv; suffix=.csv; relative_path=data/QSB-BRIDGE-DATA-02B/carbon_ladder_edges.csv
qsb_artifact_samples,unknown,table_csv,.csv,data/QSB-BRIDGE-DATA-02B/carbon_ladder_nodes.csv,domain_guess=unknown; artifact_kind=table_csv; suffix=.csv; relative_path=data/QSB-BRIDGE-DATA-02B/carbon_ladder_nodes.csv
qsb_artifact_samples,unknown,table_csv,.csv,data/QSB-BRIDGE-DATA-02B/ethyne_edges.csv,domain_guess=unknown; artifact_kind=table_csv; suffix=.csv; relative_path=data/QSB-BRIDGE-DATA-02B/ethyne_edges.csv
qsb_artifact_samples,unknown,table_csv,.csv,data/QSB-BRIDGE-DATA-02B/ethyne_nodes.csv,domain_guess=unknown; artifact_kind=table_csv; suffix=.csv; relative_path=data/QSB-BRIDGE-DATA-02B/ethyne_nodes.csv
qsb_artifact_samples,unknown,markdown_note,.md,data/QSB-BRIDGE-DATA-02B/README.md,domain_guess=unknown; artifact_kind=markdown_note; suffix=.md; relative_path=data/QSB-BRIDGE-DATA-02B/README.md
qsb_artifact_samples,unknown,table_csv,.csv,data/QSB-BRIDGE-DATA-02C/control_edges.csv,domain_guess=unknown; artifact_kind=table_csv; suffix=.csv; relative_path=data/QSB-BRIDGE-DATA-02C/control_edges.csv
qsb_artifact_samples,unknown,json_document,.json,data/QSB-BRIDGE-DATA-02C/control_ensemble_config.json,domain_guess=unknown; artifact_kind=json_document; suffix=.json; relative_path=data/QSB-BRIDGE-DATA-02C/control_ensemble_config.json
qsb_artifact_samples,unknown,json_document,.json,data/QSB-BRIDGE-DATA-02C/control_ensemble_manifest.json,domain_guess=unknown; artifact_kind=json_document; suffix=.json; relative_path=data/QSB-BRIDGE-DATA-02C/control_ensemble_manifest.json
qsb_artifact_samples,unknown,table_csv,.csv,data/QSB-BRIDGE-DATA-02C/control_family_summary.csv,domain_guess=unknown; artifact_kind=table_csv; suffix=.csv; relative_path=data/QSB-BRIDGE-DATA-02C/control_family_summary.csv
qsb_artifact_samples,unknown,table_csv,.csv,data/QSB-BRIDGE-DATA-02C/control_nodes.csv,domain_guess=unknown; artifact_kind=table_csv; suffix=.csv; relative_path=data/QSB-BRIDGE-DATA-02C/control_nodes.csv
qsb_artifact_samples,unknown,table_csv,.csv,data/QSB-BRIDGE-DATA-02C/control_validation_summary.csv,domain_guess=unknown; artifact_kind=table_csv; suffix=.csv; relative_path=data/QSB-BRIDGE-DATA-02C/control_validation_summary.csv
qsb_artifact_samples,unknown,markdown_note,.md,data/QSB-BRIDGE-DATA-02C/README.md,domain_guess=unknown; artifact_kind=markdown_note; suffix=.md; relative_path=data/QSB-BRIDGE-DATA-02C/README.md
qsb_artifact_samples,unknown,table_csv,.csv,data/QSB-BRIDGE-DATA-02D/control_diagnostic_summary.csv,domain_guess=unknown; artifact_kind=table_csv; suffix=.csv; relative_path=data/QSB-BRIDGE-DATA-02D/control_diagnostic_summary.csv
qsb_artifact_samples,unknown,table_csv,.csv,data/QSB-BRIDGE-DATA-02D/diagnostic_component_weights.csv,domain_guess=unknown; artifact_kind=table_csv; suffix=.csv; relative_path=data/QSB-BRIDGE-DATA-02D/diagnostic_component_weights.csv
qsb_artifact_samples,unknown,json_document,.json,data/QSB-BRIDGE-DATA-02D/diagnostic_manifest.json,domain_guess=unknown; artifact_kind=json_document; suffix=.json; relative_path=data/QSB-BRIDGE-DATA-02D/diagnostic_manifest.json
qsb_artifact_samples,unknown,json_document,.json,data/QSB-BRIDGE-DATA-02D/diagnostic_separation_config.json,domain_guess=unknown; artifact_kind=json_document; suffix=.json; relative_path=data/QSB-BRIDGE-DATA-02D/diagnostic_separation_config.json
qsb_artifact_samples,unknown,table_csv,.csv,data/QSB-BRIDGE-DATA-02D/highest_risk_mimic_diagnostic.csv,domain_guess=unknown; artifact_kind=table_csv; suffix=.csv; relative_path=data/QSB-BRIDGE-DATA-02D/highest_risk_mimic_diagnostic.csv
qsb_artifact_samples,unknown,table_csv,.csv,data/QSB-BRIDGE-DATA-02D/original_diagnostic_summary.csv,domain_guess=unknown; artifact_kind=table_csv; suffix=.csv; relative_path=data/QSB-BRIDGE-DATA-02D/original_diagnostic_summary.csv
qsb_artifact_samples,unknown,table_csv,.csv,data/QSB-BRIDGE-DATA-02D/original_vs_control_separation.csv,domain_guess=unknown; artifact_kind=table_csv; suffix=.csv; relative_path=data/QSB-BRIDGE-DATA-02D/original_vs_control_separation.csv
qsb_artifact_samples,unknown,markdown_note,.md,data/QSB-BRIDGE-DATA-02D/README.md,domain_guess=unknown; artifact_kind=markdown_note; suffix=.md; relative_path=data/QSB-BRIDGE-DATA-02D/README.md
qsb_artifact_samples,unknown,table_csv,.csv,data/QSB-BRIDGE-DATA-02E/control_destruction_effectiveness_summary.csv,domain_guess=unknown; artifact_kind=table_csv; suffix=.csv; relative_path=data/QSB-BRIDGE-DATA-02E/control_destruction_effectiveness_summary.csv
qsb_artifact_samples,unknown,table_csv,.csv,data/QSB-BRIDGE-DATA-02E/control_mimic_failure_inventory.csv,domain_guess=unknown; artifact_kind=table_csv; suffix=.csv; relative_path=data/QSB-BRIDGE-DATA-02E/control_mimic_failure_inventory.csv
qsb_artifact_samples,unknown,json_document,.json,data/QSB-BRIDGE-DATA-02E/control_mimicry_revision_config.json,domain_guess=unknown; artifact_kind=json_document; suffix=.json; relative_path=data/QSB-BRIDGE-DATA-02E/control_mimicry_revision_config.json
qsb_artifact_samples,unknown,json_document,.json,data/QSB-BRIDGE-DATA-02E/control_mimicry_revision_manifest.json,domain_guess=unknown; artifact_kind=json_document; suffix=.json; relative_path=data/QSB-BRIDGE-DATA-02E/control_mimicry_revision_manifest.json
qsb_artifact_samples,unknown,table_csv,.csv,data/QSB-BRIDGE-DATA-02E/diagnostic_specificity_summary.csv,domain_guess=unknown; artifact_kind=table_csv; suffix=.csv; relative_path=data/QSB-BRIDGE-DATA-02E/diagnostic_specificity_summary.csv
qsb_artifact_samples,unknown,table_csv,.csv,data/QSB-BRIDGE-DATA-02E/mimic_family_risk_summary.csv,domain_guess=unknown; artifact_kind=table_csv; suffix=.csv; relative_path=data/QSB-BRIDGE-DATA-02E/mimic_family_risk_summary.csv
qsb_artifact_samples,unknown,markdown_note,.md,data/QSB-BRIDGE-DATA-02E/README.md,domain_guess=unknown; artifact_kind=markdown_note; suffix=.md; relative_path=data/QSB-BRIDGE-DATA-02E/README.md
qsb_artifact_samples,unknown,table_csv,.csv,data/QSB-BRIDGE-DATA-02E/revision_recommendation_summary.csv,domain_guess=unknown; artifact_kind=table_csv; suffix=.csv; relative_path=data/QSB-BRIDGE-DATA-02E/revision_recommendation_summary.csv
qsb_artifact_samples,unknown,other,.yaml,data/qsb_bridge_num_04a_phase_sensitive_toy_config.yaml,domain_guess=unknown; artifact_kind=other; suffix=.yaml; relative_path=data/qsb_bridge_num_04a_phase_sensitive_toy_config.yaml
qsb_artifact_samples,unknown,other,.yaml,data/qsb_bridge_num_05a_geometric_validation_config.yaml,domain_guess=unknown; artifact_kind=other; suffix=.yaml; relative_path=data/qsb_bridge_num_05a_geometric_validation_config.yaml
qsb_artifact_samples,unknown,other,.yaml,data/qsb_bridge_num_05b_phase_gauge_flux_config.yaml,domain_guess=unknown; artifact_kind=other; suffix=.yaml; relative_path=data/qsb_bridge_num_05b_phase_gauge_flux_config.yaml
qsb_artifact_samples,unknown,other,.yaml,data/qsb_bridge_num_05c_perturbation_noise_boundary_config.yaml,domain_guess=unknown; artifact_kind=other; suffix=.yaml; relative_path=data/qsb_bridge_num_05c_perturbation_noise_boundary_config.yaml
qsb_artifact_samples,unknown,table_csv,.csv,data/qsb_bridge_synth_01a_existing_result_index.csv,domain_guess=unknown; artifact_kind=table_csv; suffix=.csv; relative_path=data/qsb_bridge_synth_01a_existing_result_index.csv
qsb_artifact_samples,unknown,table_csv,.csv,data/qsb_bridge_synth_01a_marker_axis_map.csv,domain_guess=unknown; artifact_kind=table_csv; suffix=.csv; relative_path=data/qsb_bridge_synth_01a_marker_axis_map.csv
qsb_artifact_samples,unknown,table_csv,.csv,data/qsb_bridge_synth_01b_cross_test_pattern_matrix.csv,domain_guess=unknown; artifact_kind=table_csv; suffix=.csv; relative_path=data/qsb_bridge_synth_01b_cross_test_pattern_matrix.csv
qsb_artifact_samples,unknown,table_csv,.csv,data/qsb_bridge_synth_01c_evidence_binding_table.csv,domain_guess=unknown; artifact_kind=table_csv; suffix=.csv; relative_path=data/qsb_bridge_synth_01c_evidence_binding_table.csv
qsb_artifact_samples,unknown,table_csv,.csv,data/qsb_bridge_synth_01d_c60_candidate_gate_table.csv,domain_guess=unknown; artifact_kind=table_csv; suffix=.csv; relative_path=data/qsb_bridge_synth_01d_c60_candidate_gate_table.csv
qsb_artifact_samples,unknown,table_csv,.csv,data/qsb_bridge_synth_01d_null_family_normalization_table.csv,domain_guess=unknown; artifact_kind=table_csv; suffix=.csv; relative_path=data/qsb_bridge_synth_01d_null_family_normalization_table.csv
qsb_artifact_samples,unknown,table_csv,.csv,data/qsb_bridge_synth_01d_proxy_marker_source_binding.csv,domain_guess=unknown; artifact_kind=table_csv; suffix=.csv; relative_path=data/qsb_bridge_synth_01d_proxy_marker_source_binding.csv
qsb_artifact_samples,unknown,table_csv,.csv,data/qsb_bridge_synth_01d_replay_certification_ladder.csv,domain_guess=unknown; artifact_kind=table_csv; suffix=.csv; relative_path=data/qsb_bridge_synth_01d_replay_certification_ladder.csv
qsb_artifact_samples,unknown,table_csv,.csv,data/qsb_bridge_synth_01e_readout_claim_map.csv,domain_guess=unknown; artifact_kind=table_csv; suffix=.csv; relative_path=data/qsb_bridge_synth_01e_readout_claim_map.csv
qsb_artifact_samples,unknown,table_csv,.csv,data/qsb_bridge_synth_01f_documentation_synthesis_map.csv,domain_guess=unknown; artifact_kind=table_csv; suffix=.csv; relative_path=data/qsb_bridge_synth_01f_documentation_synthesis_map.csv
qsb_artifact_samples,unknown,table_csv,.csv,data/qsb_bridge_synth_01g_visual_map_edges.csv,domain_guess=unknown; artifact_kind=table_csv; suffix=.csv; relative_path=data/qsb_bridge_synth_01g_visual_map_edges.csv
qsb_artifact_samples,unknown,table_csv,.csv,data/qsb_bridge_synth_01g_visual_map_nodes.csv,domain_guess=unknown; artifact_kind=table_csv; suffix=.csv; relative_path=data/qsb_bridge_synth_01g_visual_map_nodes.csv
qsb_artifact_samples,unknown,table_csv,.csv,data/qsb_bridge_synth_02a_result_summary_claims.csv,domain_guess=unknown; artifact_kind=table_csv; suffix=.csv; relative_path=data/qsb_bridge_synth_02a_result_summary_claims.csv
qsb_artifact_samples,unknown,table_csv,.csv,data/qsb_bridge_synth_02b_masterchat_integration_index.csv,domain_guess=unknown; artifact_kind=table_csv; suffix=.csv; relative_path=data/qsb_bridge_synth_02b_masterchat_integration_index.csv
qsb_artifact_samples,unknown,table_csv,.csv,data/qsb_bridge_synth_02c_public_cautious_claims.csv,domain_guess=unknown; artifact_kind=table_csv; suffix=.csv; relative_path=data/qsb_bridge_synth_02c_public_cautious_claims.csv
qsb_artifact_samples,unknown,table_csv,.csv,data/qsb_bridge_synth_02e_math_bridge_concept_map.csv,domain_guess=unknown; artifact_kind=table_csv; suffix=.csv; relative_path=data/qsb_bridge_synth_02e_math_bridge_concept_map.csv
qsb_artifact_samples,causality,table_csv,.csv,data/qsb_bridge_synth_03a_bmc12_per_variant_binding.csv,domain_guess=causality; artifact_kind=table_csv; suffix=.csv; relative_path=data/qsb_bridge_synth_03a_bmc12_per_variant_binding.csv
qsb_artifact_samples,unknown,table_csv,.csv,data/qsb_bridge_synth_03b_geometry_proxy_component_binding.csv,domain_guess=unknown; artifact_kind=table_csv; suffix=.csv; relative_path=data/qsb_bridge_synth_03b_geometry_proxy_component_binding.csv
qsb_artifact_samples,causality,json_document,.json,data/QSB-CAUSALITY06B-02/candidate_state_record_schema.json,domain_guess=causality; artifact_kind=json_document; suffix=.json; relative_path=data/QSB-CAUSALITY06B-02/candidate_state_record_schema.json
qsb_artifact_samples,causality,json_document,.json,data/QSB-CAUSALITY06B-02/example_candidate_state_records.json,domain_guess=causality; artifact_kind=json_document; suffix=.json; relative_path=data/QSB-CAUSALITY06B-02/example_candidate_state_records.json
qsb_artifact_samples,causality,markdown_note,.md,data/QSB-CAUSALITY06B-02/FIELD_LIST.md,domain_guess=causality; artifact_kind=markdown_note; suffix=.md; relative_path=data/QSB-CAUSALITY06B-02/FIELD_LIST.md
qsb_artifact_samples,causality,json_document,.json,data/QSB-CAUSALITY06B-04/field_aliases_de.json,domain_guess=causality; artifact_kind=json_document; suffix=.json; relative_path=data/QSB-CAUSALITY06B-04/field_aliases_de.json
qsb_artifact_samples,causality,json_document,.json,data/QSB-CAUSALITY06B-04/inner_sphere_et_state_records.json,domain_guess=causality; artifact_kind=json_document; suffix=.json; relative_path=data/QSB-CAUSALITY06B-04/inner_sphere_et_state_records.json
qsb_artifact_samples,causality,markdown_note,.md,data/QSB-CAUSALITY06B-04/source_inventory.md,domain_guess=causality; artifact_kind=markdown_note; suffix=.md; relative_path=data/QSB-CAUSALITY06B-04/source_inventory.md
qsb_artifact_samples,causality,json_document,.json,data/QSB-CAUSALITY06B-04/transition_candidates.json,domain_guess=causality; artifact_kind=json_document; suffix=.json; relative_path=data/QSB-CAUSALITY06B-04/transition_candidates.json
qsb_artifact_samples,causality,json_document,.json,data/QSB-CAUSALITY06B-05/field_aliases_de.json,domain_guess=causality; artifact_kind=json_document; suffix=.json; relative_path=data/QSB-CAUSALITY06B-05/field_aliases_de.json
qsb_artifact_samples,causality,json_document,.json,data/QSB-CAUSALITY06B-05/negative_control_state_pairs.json,domain_guess=causality; artifact_kind=json_document; suffix=.json; relative_path=data/QSB-CAUSALITY06B-05/negative_control_state_pairs.json
qsb_artifact_samples,causality,json_document,.json,data/QSB-CAUSALITY06B-05/robustness_test_cases.json,domain_guess=causality; artifact_kind=json_document; suffix=.json; relative_path=data/QSB-CAUSALITY06B-05/robustness_test_cases.json
qsb_artifact_samples,causality,json_document,.json,data/QSB-CAUSALITY06B-06/field_aliases_de.json,domain_guess=causality; artifact_kind=json_document; suffix=.json; relative_path=data/QSB-CAUSALITY06B-06/field_aliases_de.json
qsb_artifact_samples,causality,json_document,.json,data/QSB-CAUSALITY06B-06/oxalate_case_state_records.json,domain_guess=causality; artifact_kind=json_document; suffix=.json; relative_path=data/QSB-CAUSALITY06B-06/oxalate_case_state_records.json
qsb_artifact_samples,causality,json_document,.json,data/QSB-CAUSALITY06B-06/oxalate_transition_candidates.json,domain_guess=causality; artifact_kind=json_document; suffix=.json; relative_path=data/QSB-CAUSALITY06B-06/oxalate_transition_candidates.json
qsb_artifact_samples,causality,markdown_note,.md,data/QSB-CAUSALITY06B-06/source_inventory.md,domain_guess=causality; artifact_kind=markdown_note; suffix=.md; relative_path=data/QSB-CAUSALITY06B-06/source_inventory.md
qsb_artifact_samples,causality,json_document,.json,data/QSB-CAUSALITY07-02/cycle_phase_rules.json,domain_guess=causality; artifact_kind=json_document; suffix=.json; relative_path=data/QSB-CAUSALITY07-02/cycle_phase_rules.json
qsb_artifact_samples,causality,json_document,.json,data/QSB-CAUSALITY07-02/field_aliases_de.json,domain_guess=causality; artifact_kind=json_document; suffix=.json; relative_path=data/QSB-CAUSALITY07-02/field_aliases_de.json
qsb_artifact_samples,causality,json_document,.json,data/QSB-CAUSALITY07-02/oregonator_config.json,domain_guess=causality; artifact_kind=json_document; suffix=.json; relative_path=data/QSB-CAUSALITY07-02/oregonator_config.json
qsb_artifact_samples,causality,markdown_note,.md,data/QSB-CAUSALITY07-02/source_inventory.md,domain_guess=causality; artifact_kind=markdown_note; suffix=.md; relative_path=data/QSB-CAUSALITY07-02/source_inventory.md
qsb_artifact_samples,causality,json_document,.json,data/QSB-CAUSALITY07-03/cycle_semantics_hardening_config.json,domain_guess=causality; artifact_kind=json_document; suffix=.json; relative_path=data/QSB-CAUSALITY07-03/cycle_semantics_hardening_config.json
qsb_artifact_samples,causality,json_document,.json,data/QSB-CAUSALITY07-04A/independent_transition_reconstruction_config.json,domain_guess=causality; artifact_kind=json_document; suffix=.json; relative_path=data/QSB-CAUSALITY07-04A/independent_transition_reconstruction_config.json
qsb_artifact_samples,causality,json_document,.json,data/QSB-CAUSALITY07-04A/reconstruction_rule_registry.json,domain_guess=causality; artifact_kind=json_document; suffix=.json; relative_path=data/QSB-CAUSALITY07-04A/reconstruction_rule_registry.json
qsb_artifact_samples,causality,json_document,.json,data/QSB-CAUSALITY07-04B/calibration_metric_registry.json,domain_guess=causality; artifact_kind=json_document; suffix=.json; relative_path=data/QSB-CAUSALITY07-04B/calibration_metric_registry.json
qsb_artifact_samples,causality,json_document,.json,data/QSB-CAUSALITY07-04B/heuristic_calibration_config.json,domain_guess=causality; artifact_kind=json_document; suffix=.json; relative_path=data/QSB-CAUSALITY07-04B/heuristic_calibration_config.json
qsb_artifact_samples,causality,json_document,.json,data/QSB-CAUSALITY07-04/causal_condition_registry.json,domain_guess=causality; artifact_kind=json_document; suffix=.json; relative_path=data/QSB-CAUSALITY07-04/causal_condition_registry.json
qsb_artifact_samples,causality,json_document,.json,data/QSB-CAUSALITY07-04C/fine_calibration_metric_registry.json,domain_guess=causality; artifact_kind=json_document; suffix=.json; relative_path=data/QSB-CAUSALITY07-04C/fine_calibration_metric_registry.json
qsb_artifact_samples,causality,json_document,.json,data/QSB-CAUSALITY07-04C/fine_calibration_sweep_config.json,domain_guess=causality; artifact_kind=json_document; suffix=.json; relative_path=data/QSB-CAUSALITY07-04C/fine_calibration_sweep_config.json
qsb_artifact_samples,causality,json_document,.json,data/QSB-CAUSALITY07-04/controlled_causal_structure_config.json,domain_guess=causality; artifact_kind=json_document; suffix=.json; relative_path=data/QSB-CAUSALITY07-04/controlled_causal_structure_config.json
qsb_artifact_samples,unknown,json_document,.json,data/QSB-CORRCORE01/correlation_core_claim_boundary_registry.json,domain_guess=unknown; artifact_kind=json_document; suffix=.json; relative_path=data/QSB-CORRCORE01/correlation_core_claim_boundary_registry.json
qsb_artifact_samples,unknown,json_document,.json,data/QSB-CORRCORE01/correlation_core_cross_strand_map.json,domain_guess=unknown; artifact_kind=json_document; suffix=.json; relative_path=data/QSB-CORRCORE01/correlation_core_cross_strand_map.json
qsb_artifact_samples,unknown,json_document,.json,data/QSB-CORRCORE01/correlation_core_equation_registry.json,domain_guess=unknown; artifact_kind=json_document; suffix=.json; relative_path=data/QSB-CORRCORE01/correlation_core_equation_registry.json
qsb_artifact_samples,unknown,json_document,.json,data/QSB-CORRCORE01/correlation_core_object_registry.json,domain_guess=unknown; artifact_kind=json_document; suffix=.json; relative_path=data/QSB-CORRCORE01/correlation_core_object_registry.json
qsb_artifact_samples,unknown,json_document,.json,data/QSB-CORRCORE01/correlation_core_quantity_registry.json,domain_guess=unknown; artifact_kind=json_document; suffix=.json; relative_path=data/QSB-CORRCORE01/correlation_core_quantity_registry.json
qsb_artifact_samples,unknown,json_document,.json,data/QSB-CORRCORE01/correlation_core_source_inventory.json,domain_guess=unknown; artifact_kind=json_document; suffix=.json; relative_path=data/QSB-CORRCORE01/correlation_core_source_inventory.json
qsb_artifact_samples,unknown,sql_script,.sql,data/QSB-DB/schema/qsb_research_db_schema.sql,domain_guess=unknown; artifact_kind=sql_script; suffix=.sql; relative_path=data/QSB-DB/schema/qsb_research_db_schema.sql
qsb_artifact_samples,metadata,json_document,.json,data/QSB-META01-01/repository_metadata_inventory_config.json,domain_guess=metadata; artifact_kind=json_document; suffix=.json; relative_path=data/QSB-META01-01/repository_metadata_inventory_config.json
qsb_artifact_samples,metadata,json_document,.json,data/QSB-META01-02/canonical_metadata_contract_config.json,domain_guess=metadata; artifact_kind=json_document; suffix=.json; relative_path=data/QSB-META01-02/canonical_metadata_contract_config.json
qsb_artifact_samples,metadata,sql_script,.sql,data/QSB-META01-02/canonical_metadata_schema.sql,domain_guess=metadata; artifact_kind=sql_script; suffix=.sql; relative_path=data/QSB-META01-02/canonical_metadata_schema.sql
qsb_artifact_samples,metadata,json_document,.json,data/QSB-META01-02/controlled_vocabularies.json,domain_guess=metadata; artifact_kind=json_document; suffix=.json; relative_path=data/QSB-META01-02/controlled_vocabularies.json
qsb_artifact_samples,metadata,json_document,.json,data/QSB-META01-02/example_metadata_records.json,domain_guess=metadata; artifact_kind=json_document; suffix=.json; relative_path=data/QSB-META01-02/example_metadata_records.json
qsb_artifact_samples,metadata,json_document,.json,data/QSB-META01-02/unit_dimension_registry.json,domain_guess=metadata; artifact_kind=json_document; suffix=.json; relative_path=data/QSB-META01-02/unit_dimension_registry.json
qsb_artifact_samples,causality,json_document,.json,data/QSB-META01-03/causality07_metadata_mapping.json,domain_guess=causality; artifact_kind=json_document; suffix=.json; relative_path=data/QSB-META01-03/causality07_metadata_mapping.json
qsb_artifact_samples,causality,json_document,.json,data/QSB-META01-03/causality07_pilot_metadata_config.json,domain_guess=causality; artifact_kind=json_document; suffix=.json; relative_path=data/QSB-META01-03/causality07_pilot_metadata_config.json
qsb_artifact_samples,metadata,json_document,.json,data/QSB-META02/cross_mart_join_status_registry.json,domain_guess=metadata; artifact_kind=json_document; suffix=.json; relative_path=data/QSB-META02/cross_mart_join_status_registry.json
qsb_artifact_samples,metadata,json_document,.json,data/QSB-META02/cross_mart_key_mapping_schema.json,domain_guess=metadata; artifact_kind=json_document; suffix=.json; relative_path=data/QSB-META02/cross_mart_key_mapping_schema.json
qsb_artifact_samples,metadata,json_document,.json,data/QSB-META02/cross_mart_seed_mappings.json,domain_guess=metadata; artifact_kind=json_document; suffix=.json; relative_path=data/QSB-META02/cross_mart_seed_mappings.json
qsb_artifact_samples,metadata,json_document,.json,data/QSB-META02/cross_mart_semantic_relation_registry.json,domain_guess=metadata; artifact_kind=json_document; suffix=.json; relative_path=data/QSB-META02/cross_mart_semantic_relation_registry.json
qsb_artifact_samples,metadata,json_document,.json,data/QSB-META02/cross_mart_transformation_rule_registry.json,domain_guess=metadata; artifact_kind=json_document; suffix=.json; relative_path=data/QSB-META02/cross_mart_transformation_rule_registry.json
qsb_artifact_samples,unknown,sql_script,.sql,data/QSB-OUTREACH01A/001_qsb_outreach01a_sqlite_dwh_ddl.sql,domain_guess=unknown; artifact_kind=sql_script; suffix=.sql; relative_path=data/QSB-OUTREACH01A/001_qsb_outreach01a_sqlite_dwh_ddl.sql
qsb_artifact_samples,unknown,sql_script,.sql,data/QSB-OUTREACH01A/002_qsb_outreach01a_sqlite_views.sql,domain_guess=unknown; artifact_kind=sql_script; suffix=.sql; relative_path=data/QSB-OUTREACH01A/002_qsb_outreach01a_sqlite_views.sql
qsb_artifact_samples,unknown,json_document,.json,data/QSB-OUTREACH01A/canonical_schema.json,domain_guess=unknown; artifact_kind=json_document; suffix=.json; relative_path=data/QSB-OUTREACH01A/canonical_schema.json
qsb_artifact_samples,unknown,table_csv,.csv,data/QSB-OUTREACH01A/field_aliases.csv,domain_guess=unknown; artifact_kind=table_csv; suffix=.csv; relative_path=data/QSB-OUTREACH01A/field_aliases.csv
qsb_artifact_samples,unknown,other,.yaml,data/QSB-OUTREACH01A/synthetic_demonstrator_config.yaml,domain_guess=unknown; artifact_kind=other; suffix=.yaml; relative_path=data/QSB-OUTREACH01A/synthetic_demonstrator_config.yaml
qsb_artifact_samples,unknown,other,.yaml,data/qsb_st_comp01d1b_wave_identity_residual_minimal_config.yaml,domain_guess=unknown; artifact_kind=other; suffix=.yaml; relative_path=data/qsb_st_comp01d1b_wave_identity_residual_minimal_config.yaml
qsb_artifact_samples,unknown,other,.yaml,data/qsb_st_comp01d1c_wave_identity_residual_control_stress_config.yaml,domain_guess=unknown; artifact_kind=other; suffix=.yaml; relative_path=data/qsb_st_comp01d1c_wave_identity_residual_control_stress_config.yaml
qsb_artifact_samples,unknown,other,.yaml,data/qsb_st_comp01d1d_wave_identity_manifold_degeneracy_audit_config.yaml,domain_guess=unknown; artifact_kind=other; suffix=.yaml; relative_path=data/qsb_st_comp01d1d_wave_identity_manifold_degeneracy_audit_config.yaml
qsb_artifact_samples,unknown,other,.yaml,data/qsb_st_comp01d1e_collision_aware_wave_identity_profile_config.yaml,domain_guess=unknown; artifact_kind=other; suffix=.yaml; relative_path=data/qsb_st_comp01d1e_collision_aware_wave_identity_profile_config.yaml
qsb_artifact_samples,unknown,other,.yaml,data/qsb_st_comp01d1f_collision_aware_profile_robustness_sweep_config.yaml,domain_guess=unknown; artifact_kind=other; suffix=.yaml; relative_path=data/qsb_st_comp01d1f_collision_aware_profile_robustness_sweep_config.yaml
qsb_artifact_samples,unknown,other,.yaml,data/qsb_st_comp01d1g_warning_driver_decomposition_config.yaml,domain_guess=unknown; artifact_kind=other; suffix=.yaml; relative_path=data/qsb_st_comp01d1g_warning_driver_decomposition_config.yaml
qsb_artifact_samples,unknown,other,.yaml,data/qsb_st_comp01d1h_cyclic_coordinate_acceptance_region_config.yaml,domain_guess=unknown; artifact_kind=other; suffix=.yaml; relative_path=data/qsb_st_comp01d1h_cyclic_coordinate_acceptance_region_config.yaml
qsb_artifact_samples,unknown,other,.yaml,data/qsb_st_comp01d1i_cyclic_phase_source_validation_overstrictness_config.yaml,domain_guess=unknown; artifact_kind=other; suffix=.yaml; relative_path=data/qsb_st_comp01d1i_cyclic_phase_source_validation_overstrictness_config.yaml
qsb_artifact_samples,unknown,other,.yaml,data/qsb_st_comp01d1j_explicit_phase_field_exposure_cyclic_recheck_config.yaml,domain_guess=unknown; artifact_kind=other; suffix=.yaml; relative_path=data/qsb_st_comp01d1j_explicit_phase_field_exposure_cyclic_recheck_config.yaml
qsb_artifact_samples,relalg,other,.yaml,data/qsb_st_comp01d1k_deterministic_synthetic_phase_field_exposure_config.yaml,domain_guess=relalg; artifact_kind=other; suffix=.yaml; relative_path=data/qsb_st_comp01d1k_deterministic_synthetic_phase_field_exposure_config.yaml
qsb_artifact_samples,unknown,other,.yaml,data/qsb_st_comp01d1l_synthetic_phase_leakage_tautology_audit_config.yaml,domain_guess=unknown; artifact_kind=other; suffix=.yaml; relative_path=data/qsb_st_comp01d1l_synthetic_phase_leakage_tautology_audit_config.yaml
qsb_artifact_samples,unknown,other,.yaml,data/qsb_st_comp01d1m_multi_channel_synthetic_phase_identity_profile_config.yaml,domain_guess=unknown; artifact_kind=other; suffix=.yaml; relative_path=data/qsb_st_comp01d1m_multi_channel_synthetic_phase_identity_profile_config.yaml
qsb_artifact_samples,unknown,other,.yaml,data/qsb_st_comp01d1n_d1m_output_audit_and_runner_refinement_config.yaml,domain_guess=unknown; artifact_kind=other; suffix=.yaml; relative_path=data/qsb_st_comp01d1n_d1m_output_audit_and_runner_refinement_config.yaml
qsb_artifact_samples,unknown,other,.yaml,data/qsb_st_comp01d1o_d1m_refined_multi_channel_profile_config.yaml,domain_guess=unknown; artifact_kind=other; suffix=.yaml; relative_path=data/qsb_st_comp01d1o_d1m_refined_multi_channel_profile_config.yaml
qsb_artifact_samples,unknown,other,.yaml,data/qsb_st_comp01d1p_d1o_refined_output_audit_regression_config.yaml,domain_guess=unknown; artifact_kind=other; suffix=.yaml; relative_path=data/qsb_st_comp01d1p_d1o_refined_output_audit_regression_config.yaml
qsb_artifact_samples,unknown,other,.yaml,data/qsb_st_comp01_wifm01b_minimal_metric_sensitivity_sweep_config.yaml,domain_guess=unknown; artifact_kind=other; suffix=.yaml; relative_path=data/qsb_st_comp01_wifm01b_minimal_metric_sensitivity_sweep_config.yaml
qsb_artifact_samples,unknown,other,.yaml,data/qsb_st_comp01_wifm01c_adversarial_ambiguity_stress_config.yaml,domain_guess=unknown; artifact_kind=other; suffix=.yaml; relative_path=data/qsb_st_comp01_wifm01c_adversarial_ambiguity_stress_config.yaml
qsb_artifact_samples,unknown,other,.yaml,data/qsb_st_comp01_wifm01_minimal_metric_config.yaml,domain_guess=unknown; artifact_kind=other; suffix=.yaml; relative_path=data/qsb_st_comp01_wifm01_minimal_metric_config.yaml
qsb_artifact_samples,unknown,json_document,.json,data/QSB-ST-IDSPACE-CPNS04/idspace_cpns04_example_records.json,domain_guess=unknown; artifact_kind=json_document; suffix=.json; relative_path=data/QSB-ST-IDSPACE-CPNS04/idspace_cpns04_example_records.json
qsb_artifact_samples,unknown,json_document,.json,data/QSB-ST-IDSPACE-CPNS04/idspace_cpns04_minimal_schema.json,domain_guess=unknown; artifact_kind=json_document; suffix=.json; relative_path=data/QSB-ST-IDSPACE-CPNS04/idspace_cpns04_minimal_schema.json
qsb_artifact_samples,unknown,other,.yaml,data/qsb_st_lic01_tau_epsilon_phase_response_config.yaml,domain_guess=unknown; artifact_kind=other; suffix=.yaml; relative_path=data/qsb_st_lic01_tau_epsilon_phase_response_config.yaml
qsb_artifact_samples,unknown,table_csv,.csv,data/QSB-ST-MATTER-SIGNATURE-CANONICALIZATION/archival_cluster_inventory.csv,domain_guess=unknown; artifact_kind=table_csv; suffix=.csv; relative_path=data/QSB-ST-MATTER-SIGNATURE-CANONICALIZATION/archival_cluster_inventory.csv
qsb_artifact_samples,unknown,table_csv,.csv,data/QSB-ST-MATTER-SIGNATURE-CANONICALIZATION/canonical_rerun_map.csv,domain_guess=unknown; artifact_kind=table_csv; suffix=.csv; relative_path=data/QSB-ST-MATTER-SIGNATURE-CANONICALIZATION/canonical_rerun_map.csv
qsb_artifact_samples,unknown,table_csv,.csv,data/QSB-ST-MATTER-SIGNATURE-CANONICALIZATION/preregistered_hypotheses.csv,domain_guess=unknown; artifact_kind=table_csv; suffix=.csv; relative_path=data/QSB-ST-MATTER-SIGNATURE-CANONICALIZATION/preregistered_hypotheses.csv
qsb_artifact_samples,unknown,table_csv,.csv,data/QSB-ST-MATTER-SIGNATURE-CANONICALIZATION/provenance_status_table.csv,domain_guess=unknown; artifact_kind=table_csv; suffix=.csv; relative_path=data/QSB-ST-MATTER-SIGNATURE-CANONICALIZATION/provenance_status_table.csv
qsb_artifact_samples,unknown,table_csv,.csv,data/QSB-ST-MATTER-SIGNATURE-CANONICALIZATION/recovered_file_manifest.csv,domain_guess=unknown; artifact_kind=table_csv; suffix=.csv; relative_path=data/QSB-ST-MATTER-SIGNATURE-CANONICALIZATION/recovered_file_manifest.csv
qsb_artifact_samples,unknown,other,.yaml,data/QSB-ST-SHAPIROINFO/correction_state_sidecar_template.yaml,domain_guess=unknown; artifact_kind=other; suffix=.yaml; relative_path=data/QSB-ST-SHAPIROINFO/correction_state_sidecar_template.yaml
qsb_artifact_samples,unknown,other,.yaml,data/QSB-ST-SHAPIROINFO/j0740_6620_download_manifest_manual_review.yaml,domain_guess=unknown; artifact_kind=other; suffix=.yaml; relative_path=data/QSB-ST-SHAPIROINFO/j0740_6620_download_manifest_manual_review.yaml
qsb_artifact_samples,metadata,other,.yaml,data/QSB-ST-SHAPIROINFO/j0740_6620_file_link_metadata_review.yaml,domain_guess=metadata; artifact_kind=other; suffix=.yaml; relative_path=data/QSB-ST-SHAPIROINFO/j0740_6620_file_link_metadata_review.yaml
qsb_artifact_samples,unknown,table_csv,.csv,data/QSB-ST-SHAPIROINFO/manual_evidence/dwh14a_high_priority_manual_evidence.csv,domain_guess=unknown; artifact_kind=table_csv; suffix=.csv; relative_path=data/QSB-ST-SHAPIROINFO/manual_evidence/dwh14a_high_priority_manual_evidence.csv
qsb_artifact_samples,unknown,markdown_note,.md,data/QSB-ST-SHAPIROINFO/manual_evidence/ell1_geometric_phase_mapping_evidence.md,domain_guess=unknown; artifact_kind=markdown_note; suffix=.md; relative_path=data/QSB-ST-SHAPIROINFO/manual_evidence/ell1_geometric_phase_mapping_evidence.md
qsb_artifact_samples,unknown,table_csv,.csv,data/QSB-ST-SHAPIROINFO/manual_evidence/ell1_geometric_phase_mapping_manifest.csv,domain_guess=unknown; artifact_kind=table_csv; suffix=.csv; relative_path=data/QSB-ST-SHAPIROINFO/manual_evidence/ell1_geometric_phase_mapping_manifest.csv
qsb_artifact_samples,unknown,python_script,.py,data/QSB-ST-SHAPIROINFO/manual_evidence/ell1_geometric_phase_mapping/pint_1_1_5_binary_ell1.py,domain_guess=unknown; artifact_kind=python_script; suffix=.py; relative_path=data/QSB-ST-SHAPIROINFO/manual_evidence/ell1_geometric_phase_mapping/pint_1_1_5_binary_ell1.py
qsb_artifact_samples,unknown,python_script,.py,data/QSB-ST-SHAPIROINFO/manual_evidence/ell1_geometric_phase_mapping/pint_1_1_5_stand_alone_ELL1_model.py,domain_guess=unknown; artifact_kind=python_script; suffix=.py; relative_path=data/QSB-ST-SHAPIROINFO/manual_evidence/ell1_geometric_phase_mapping/pint_1_1_5_stand_alone_ELL1_model.py
qsb_artifact_samples,unknown,python_script,.py,data/QSB-ST-SHAPIROINFO/manual_evidence/ell1_geometric_phase_mapping/pint_1_1_5_timing_model.py,domain_guess=unknown; artifact_kind=python_script; suffix=.py; relative_path=data/QSB-ST-SHAPIROINFO/manual_evidence/ell1_geometric_phase_mapping/pint_1_1_5_timing_model.py
qsb_artifact_samples,metadata,text_note,.txt,data/QSB-ST-SHAPIROINFO/manual_evidence/ell1_geometric_phase_mapping/pint_pulsar_1_1_5_METADATA.txt,domain_guess=metadata; artifact_kind=text_note; suffix=.txt; relative_path=data/QSB-ST-SHAPIROINFO/manual_evidence/ell1_geometric_phase_mapping/pint_pulsar_1_1_5_METADATA.txt
qsb_artifact_samples,unknown,table_csv,.csv,data/QSB-ST-SHAPIROINFO/manual_evidence/tempo_tempo2_format1_primary_evidence_manifest.csv,domain_guess=unknown; artifact_kind=table_csv; suffix=.csv; relative_path=data/QSB-ST-SHAPIROINFO/manual_evidence/tempo_tempo2_format1_primary_evidence_manifest.csv
qsb_artifact_samples,unknown,markdown_note,.md,data/QSB-ST-SHAPIROINFO/manual_evidence/tempo_tempo2_format1_primary_field_definition.md,domain_guess=unknown; artifact_kind=markdown_note; suffix=.md; relative_path=data/QSB-ST-SHAPIROINFO/manual_evidence/tempo_tempo2_format1_primary_field_definition.md
qsb_artifact_samples,unknown,other,.pdf,data/QSB-ST-SHAPIROINFO/manual_evidence/tempo_tempo2_format1/tempo2_examples_ver1.pdf,domain_guess=unknown; artifact_kind=other; suffix=.pdf; relative_path=data/QSB-ST-SHAPIROINFO/manual_evidence/tempo_tempo2_format1/tempo2_examples_ver1.pdf
qsb_artifact_samples,unknown,other,.pdf,data/QSB-ST-SHAPIROINFO/manual_evidence/tempo_tempo2_format1/tempo2_manual.pdf,domain_guess=unknown; artifact_kind=other; suffix=.pdf; relative_path=data/QSB-ST-SHAPIROINFO/manual_evidence/tempo_tempo2_format1/tempo2_manual.pdf
qsb_artifact_samples,unknown,text_note,.txt,data/QSB-ST-SHAPIROINFO/manual_evidence/tempo_tempo2_format1/tempo_reference_toa_format.txt,domain_guess=unknown; artifact_kind=text_note; suffix=.txt; relative_path=data/QSB-ST-SHAPIROINFO/manual_evidence/tempo_tempo2_format1/tempo_reference_toa_format.txt
qsb_artifact_samples,unknown,other,.yaml,data/QSB-ST-SHAPIROINFO/public_source_download_manifest_template.yaml,domain_guess=unknown; artifact_kind=other; suffix=.yaml; relative_path=data/QSB-ST-SHAPIROINFO/public_source_download_manifest_template.yaml
qsb_artifact_samples,unknown,other,.sha256,data/QSB-ST-SHAPIROINFO/public_sources/j0740_6620/checksums/J0740+6620.cfr+19.tim.sha256,domain_guess=unknown; artifact_kind=other; suffix=.sha256; relative_path=data/QSB-ST-SHAPIROINFO/public_sources/j0740_6620/checksums/J0740+6620.cfr+19.tim.sha256
qsb_artifact_samples,unknown,other,.sha256,data/QSB-ST-SHAPIROINFO/public_sources/j0740_6620/checksums/J0740+6620.par.sha256,domain_guess=unknown; artifact_kind=other; suffix=.sha256; relative_path=data/QSB-ST-SHAPIROINFO/public_sources/j0740_6620/checksums/J0740+6620.par.sha256
qsb_artifact_samples,unknown,markdown_note,.md,data/QSB-ST-SHAPIROINFO/public_sources/j0740_6620/logs/j0740_6620_quarantine_download_retrieval_log_2026_05_29.md,domain_guess=unknown; artifact_kind=markdown_note; suffix=.md; relative_path=data/QSB-ST-SHAPIROINFO/public_sources/j0740_6620/logs/j0740_6620_quarantine_download_retrieval_log_2026_05_29.md
qsb_artifact_samples,unknown,other,.yaml,data/QSB-ST-SHAPIROINFO/public_sources/j0740_6620/manifest/j0740_6620_quarantine_download_manifest_2026_05_29.yaml,domain_guess=unknown; artifact_kind=other; suffix=.yaml; relative_path=data/QSB-ST-SHAPIROINFO/public_sources/j0740_6620/manifest/j0740_6620_quarantine_download_manifest_2026_05_29.yaml
qsb_artifact_samples,unknown,markdown_note,.md,data/QSB-ST-SHAPIROINFO/public_sources/j0740_6620/notes/QUARANTINE_BOUNDARY_NOTE.md,domain_guess=unknown; artifact_kind=markdown_note; suffix=.md; relative_path=data/QSB-ST-SHAPIROINFO/public_sources/j0740_6620/notes/QUARANTINE_BOUNDARY_NOTE.md
qsb_artifact_samples,unknown,other,.tim,data/QSB-ST-SHAPIROINFO/public_sources/j0740_6620/raw/J0740+6620.cfr+19.tim,domain_guess=unknown; artifact_kind=other; suffix=.tim; relative_path=data/QSB-ST-SHAPIROINFO/public_sources/j0740_6620/raw/J0740+6620.cfr+19.tim
qsb_artifact_samples,unknown,other,.par,data/QSB-ST-SHAPIROINFO/public_sources/j0740_6620/raw/J0740+6620.par,domain_guess=unknown; artifact_kind=other; suffix=.par; relative_path=data/QSB-ST-SHAPIROINFO/public_sources/j0740_6620/raw/J0740+6620.par
qsb_artifact_samples,unknown,other,.yaml,data/QSB-ST-SHAPIROINFO/test_fixtures/j0740_gate_negative_claim_true.yaml,domain_guess=unknown; artifact_kind=other; suffix=.yaml; relative_path=data/QSB-ST-SHAPIROINFO/test_fixtures/j0740_gate_negative_claim_true.yaml
qsb_artifact_samples,unknown,other,.yaml,data/QSB-ST-SHAPIROINFO/test_fixtures/j0740_gate_negative_download_open.yaml,domain_guess=unknown; artifact_kind=other; suffix=.yaml; relative_path=data/QSB-ST-SHAPIROINFO/test_fixtures/j0740_gate_negative_download_open.yaml
qsb_artifact_samples,unknown,other,.yaml,data/QSB-ST-SHAPIROINFO/toy_comparator_config.yaml,domain_guess=unknown; artifact_kind=other; suffix=.yaml; relative_path=data/QSB-ST-SHAPIROINFO/toy_comparator_config.yaml
qsb_artifact_samples,causality,markdown_note,.md,docs/PROJEKTSTAND_QSB_BMC12_TIMELINE_MENSCHLICH.md,domain_guess=causality; artifact_kind=markdown_note; suffix=.md; relative_path=docs/PROJEKTSTAND_QSB_BMC12_TIMELINE_MENSCHLICH.md
qsb_artifact_samples,unknown,markdown_note,.md,docs/QSB_ABSCHLUSSBERICHT_2026-05-09_FU02G5G2.md,domain_guess=unknown; artifact_kind=markdown_note; suffix=.md; relative_path=docs/QSB_ABSCHLUSSBERICHT_2026-05-09_FU02G5G2.md
qsb_artifact_samples,unknown,markdown_note,.md,docs/QSB_APERIODIC_NONLATTICE_CONTEXT_NOTE.md,domain_guess=unknown; artifact_kind=markdown_note; suffix=.md; relative_path=docs/QSB_APERIODIC_NONLATTICE_CONTEXT_NOTE.md
qsb_artifact_samples,unknown,markdown_note,.md,docs/QSB_BMS_FU03_RED_TEAM_PROMPT_2026-05-04.md,domain_guess=unknown; artifact_kind=markdown_note; suffix=.md; relative_path=docs/QSB_BMS_FU03_RED_TEAM_PROMPT_2026-05-04.md
qsb_artifact_samples,unknown,other,.pdf,docs/QSB_BMS_IS_IE_ST_FU_Interne_Gesamtnotiz_2026-05-01.pdf,domain_guess=unknown; artifact_kind=other; suffix=.pdf; relative_path=docs/QSB_BMS_IS_IE_ST_FU_Interne_Gesamtnotiz_2026-05-01.pdf
qsb_artifact_samples,unknown,markdown_note,.md,docs/QSB_BRIDGE_DATA_01_PREFLIGHT_PLAN.md,domain_guess=unknown; artifact_kind=markdown_note; suffix=.md; relative_path=docs/QSB_BRIDGE_DATA_01_PREFLIGHT_PLAN.md
qsb_artifact_samples,unknown,markdown_note,.md,docs/QSB_BRIDGE_DATA_01_RESULT_DISCUSSION.md,domain_guess=unknown; artifact_kind=markdown_note; suffix=.md; relative_path=docs/QSB_BRIDGE_DATA_01_RESULT_DISCUSSION.md
qsb_artifact_samples,unknown,markdown_note,.md,docs/QSB_BRIDGE_DATA_01_RESULT_NOTE.md,domain_guess=unknown; artifact_kind=markdown_note; suffix=.md; relative_path=docs/QSB_BRIDGE_DATA_01_RESULT_NOTE.md
qsb_artifact_samples,unknown,markdown_note,.md,docs/QSB_BRIDGE_DATA_02A_RESULT_DISCUSSION.md,domain_guess=unknown; artifact_kind=markdown_note; suffix=.md; relative_path=docs/QSB_BRIDGE_DATA_02A_RESULT_DISCUSSION.md
qsb_artifact_samples,unknown,markdown_note,.md,docs/QSB_BRIDGE_DATA_02A_RESULT_NOTE.md,domain_guess=unknown; artifact_kind=markdown_note; suffix=.md; relative_path=docs/QSB_BRIDGE_DATA_02A_RESULT_NOTE.md
qsb_artifact_samples,unknown,markdown_note,.md,docs/QSB_BRIDGE_DATA_02A_TESTDATA_SCAFFOLD_PLAN.md,domain_guess=unknown; artifact_kind=markdown_note; suffix=.md; relative_path=docs/QSB_BRIDGE_DATA_02A_TESTDATA_SCAFFOLD_PLAN.md
qsb_artifact_samples,unknown,markdown_note,.md,docs/QSB_BRIDGE_DATA_02B_CARBON_BONDING_ORGANIZATION_PLAN.md,domain_guess=unknown; artifact_kind=markdown_note; suffix=.md; relative_path=docs/QSB_BRIDGE_DATA_02B_CARBON_BONDING_ORGANIZATION_PLAN.md
qsb_artifact_samples,unknown,markdown_note,.md,docs/QSB_BRIDGE_DATA_02B_RESULT_DISCUSSION.md,domain_guess=unknown; artifact_kind=markdown_note; suffix=.md; relative_path=docs/QSB_BRIDGE_DATA_02B_RESULT_DISCUSSION.md
qsb_artifact_samples,unknown,markdown_note,.md,docs/QSB_BRIDGE_DATA_02B_RESULT_NOTE.md,domain_guess=unknown; artifact_kind=markdown_note; suffix=.md; relative_path=docs/QSB_BRIDGE_DATA_02B_RESULT_NOTE.md
qsb_artifact_samples,unknown,markdown_note,.md,docs/QSB_BRIDGE_DATA_02C_CONTROL_ENSEMBLES_PLAN.md,domain_guess=unknown; artifact_kind=markdown_note; suffix=.md; relative_path=docs/QSB_BRIDGE_DATA_02C_CONTROL_ENSEMBLES_PLAN.md
qsb_artifact_samples,unknown,markdown_note,.md,docs/QSB_BRIDGE_DATA_02C_RESULT_DISCUSSION.md,domain_guess=unknown; artifact_kind=markdown_note; suffix=.md; relative_path=docs/QSB_BRIDGE_DATA_02C_RESULT_DISCUSSION.md
qsb_artifact_samples,unknown,markdown_note,.md,docs/QSB_BRIDGE_DATA_02C_RESULT_NOTE.md,domain_guess=unknown; artifact_kind=markdown_note; suffix=.md; relative_path=docs/QSB_BRIDGE_DATA_02C_RESULT_NOTE.md
qsb_artifact_samples,unknown,markdown_note,.md,docs/QSB_BRIDGE_DATA_02D_DIAGNOSTIC_SEPARATION_PLAN.md,domain_guess=unknown; artifact_kind=markdown_note; suffix=.md; relative_path=docs/QSB_BRIDGE_DATA_02D_DIAGNOSTIC_SEPARATION_PLAN.md
qsb_artifact_samples,unknown,markdown_note,.md,docs/QSB_BRIDGE_DATA_02D_PROGRAMMABLAUFPLAN.md,domain_guess=unknown; artifact_kind=markdown_note; suffix=.md; relative_path=docs/QSB_BRIDGE_DATA_02D_PROGRAMMABLAUFPLAN.md
qsb_artifact_samples,unknown,markdown_note,.md,docs/QSB_BRIDGE_DATA_02D_RESULT_DISCUSSION.md,domain_guess=unknown; artifact_kind=markdown_note; suffix=.md; relative_path=docs/QSB_BRIDGE_DATA_02D_RESULT_DISCUSSION.md
qsb_artifact_samples,unknown,markdown_note,.md,docs/QSB_BRIDGE_DATA_02E_CONTROL_MIMICRY_DIAGNOSTIC_REVISION_PLAN.md,domain_guess=unknown; artifact_kind=markdown_note; suffix=.md; relative_path=docs/QSB_BRIDGE_DATA_02E_CONTROL_MIMICRY_DIAGNOSTIC_REVISION_PLAN.md
qsb_artifact_samples,unknown,markdown_note,.md,docs/QSB_BRIDGE_DATA_02E_RESULT_DISCUSSION.md,domain_guess=unknown; artifact_kind=markdown_note; suffix=.md; relative_path=docs/QSB_BRIDGE_DATA_02E_RESULT_DISCUSSION.md
qsb_artifact_samples,unknown,markdown_note,.md,docs/QSB_BRIDGE_NEXT_AFTER_RED_TEAM_2026_05_12.md,domain_guess=unknown; artifact_kind=markdown_note; suffix=.md; relative_path=docs/QSB_BRIDGE_NEXT_AFTER_RED_TEAM_2026_05_12.md
qsb_artifact_samples,unknown,markdown_note,.md,docs/QSB_BRIDGE_NUM_04A_PHASE_SENSITIVE_TOY_SPEC.md,domain_guess=unknown; artifact_kind=markdown_note; suffix=.md; relative_path=docs/QSB_BRIDGE_NUM_04A_PHASE_SENSITIVE_TOY_SPEC.md
qsb_artifact_samples,unknown,markdown_note,.md,docs/QSB_BRIDGE_NUM_04A_RESULT_NOTE.md,domain_guess=unknown; artifact_kind=markdown_note; suffix=.md; relative_path=docs/QSB_BRIDGE_NUM_04A_RESULT_NOTE.md
qsb_artifact_samples,unknown,markdown_note,.md,docs/QSB_BRIDGE_NUM_05A_GEOMETRIC_VALIDATION_HOSTILE_CONTROLS_SPEC.md,domain_guess=unknown; artifact_kind=markdown_note; suffix=.md; relative_path=docs/QSB_BRIDGE_NUM_05A_GEOMETRIC_VALIDATION_HOSTILE_CONTROLS_SPEC.md
qsb_artifact_samples,unknown,markdown_note,.md,docs/QSB_BRIDGE_NUM_05A_RESULT_DISCUSSION.md,domain_guess=unknown; artifact_kind=markdown_note; suffix=.md; relative_path=docs/QSB_BRIDGE_NUM_05A_RESULT_DISCUSSION.md
qsb_artifact_samples,unknown,markdown_note,.md,docs/QSB_BRIDGE_NUM_05A_RESULT_NOTE.md,domain_guess=unknown; artifact_kind=markdown_note; suffix=.md; relative_path=docs/QSB_BRIDGE_NUM_05A_RESULT_NOTE.md
qsb_artifact_samples,unknown,markdown_note,.md,docs/QSB_BRIDGE_NUM_05B_PHASE_GAUGE_FLUX_STRESS_TEST_SPEC.md,domain_guess=unknown; artifact_kind=markdown_note; suffix=.md; relative_path=docs/QSB_BRIDGE_NUM_05B_PHASE_GAUGE_FLUX_STRESS_TEST_SPEC.md
qsb_artifact_samples,unknown,markdown_note,.md,docs/QSB_BRIDGE_NUM_05B_RESULT_DISCUSSION.md,domain_guess=unknown; artifact_kind=markdown_note; suffix=.md; relative_path=docs/QSB_BRIDGE_NUM_05B_RESULT_DISCUSSION.md
qsb_artifact_samples,unknown,markdown_note,.md,docs/QSB_BRIDGE_NUM_05B_RESULT_NOTE.md,domain_guess=unknown; artifact_kind=markdown_note; suffix=.md; relative_path=docs/QSB_BRIDGE_NUM_05B_RESULT_NOTE.md
