species,mass_u,lambda_db,energy_j,number_density,valence_electron_count,shell_closure_raw,length_scale_score,energy_score,occupancy_score,signature_score_wave,valence_score,shell_closure_score,signature_score_combined,matter_sensitive_delta_wave,matter_sensitive_delta_qc_shell
hydrogen,1.00784,1.4699022924960177e-10,6.071058815249999e-21,2.502858308970984e+25,1.0,0.0,1.0,0.5,0.5,0.6666666666666666,0.0,0.0,0.2222222222222222,-5.0,-1.0
sodium,22.98976928,3.07763389486368e-11,6.07105881525e-21,2.502858308970984e+25,1.0,0.0,0.09612112579062518,0.5,0.5,0.36537370859687507,0.0,0.0,0.12179123619895836,1.0,3.0
carbon,12.011,4.257892370080863e-11,6.0710588152500005e-21,2.502858308970984e+25,4.0,0.0,0.28376967743288284,0.5,0.5,0.4279232258109609,0.6,0.0,0.34264107527032034,-3.0,-1.0
nitrogen,14.007,3.9428631018409355e-11,6.071058815249999e-21,2.502858308970984e+25,5.0,0.5,0.2393352244259701,0.5,0.5,0.41311174147532337,0.8,0.5,0.5710372471584412,-1.0,-3.0
sulfur,32.06,2.6061685746616612e-11,6.07105881525e-21,2.502858308970984e+25,6.0,0.0,0.0,0.5,0.5,0.3333333333333333,1.0,0.0,0.4444444444444444,5.0,2.0
phosphorus,30.973761998,2.6514734593298206e-11,6.0710588152500005e-21,2.502858308970984e+25,5.0,0.5,0.009962625305522298,0.5,0.5,0.3366542084351741,0.8,0.5,0.5455514028117247,3.0,0.0
