{
  "median_alpha_coherent_global": 2.1500000000000004,
  "median_alpha_coherent_band": 1.58,
  "frac_readout_in_band": 0.8194444444444444,
  "frac_coherent": 0.1527777777777778,
  "readout_label_global": "R3"
}