{
  "n_runs": 5,
  "seeds": [
    11,
    22,
    33,
    44,
    55
  ],
  "results": [
    {
      "run_kind": "n0",
      "config": {
        "mode": "free",
        "p": [
          -1.5,
          -0.5,
          0.5,
          1.5
        ],
        "m": 1.0,
        "t": 0.0,
        "L": 10.0,
        "theta": 0.03,
        "hbar": 1.0,
        "c": 1.0,
        "ell0": 1.0,
        "s_min": 1.0,
        "epsilon": 1e-12,
        "F": 0.0,
        "weight": "uniform"
      },
      "null_spec": {
        "null_mode": "random_phase",
        "seed": 11
      },
      "phase_source_summary": {
        "phase_type": "random_phase",
        "mode": "free",
        "seed": 11,
        "n_grid": 256
      },
      "theta_crit": [
        0.001391705463884,
        0.011200258284097,
        0.028459592410665,
        0.057800787433863,
        0.068272409848951,
        0.083123858026596
      ],
      "connected_components": [
        [
          0,
          1,
          2,
          3
        ]
      ],
      "graph_diameter": 3.0,
      "connected_pairs": [
        [
          0,
          1
        ],
        [
          0,
          2
        ],
        [
          0,
          3
        ],
        [
          1,
          2
        ],
        [
          1,
          3
        ],
        [
          2,
          3
        ]
      ],
      "disconnected_pairs": [],
      "standard_pairs": {
        "d03_minus_d01": 1.1968260312503638,
        "d03_minus_d12": -0.36332936184697306,
        "d02_minus_d13": 2.363329361846973
      },
      "bridge_predictions": {
        "d03_minus_d01": -1.1968260312503638,
        "d03_minus_d12": 0.36332936184697306,
        "d02_minus_d13": -2.363329361846973
      }
    },
    {
      "run_kind": "n0",
      "config": {
        "mode": "free",
        "p": [
          -1.5,
          -0.5,
          0.5,
          1.5
        ],
        "m": 1.0,
        "t": 0.0,
        "L": 10.0,
        "theta": 0.03,
        "hbar": 1.0,
        "c": 1.0,
        "ell0": 1.0,
        "s_min": 1.0,
        "epsilon": 1e-12,
        "F": 0.0,
        "weight": "uniform"
      },
      "null_spec": {
        "null_mode": "random_phase",
        "seed": 22
      },
      "phase_source_summary": {
        "phase_type": "random_phase",
        "mode": "free",
        "seed": 22,
        "n_grid": 256
      },
      "theta_crit": [
        0.002515716877572,
        0.011678022153035,
        0.018606038067811,
        0.026355417413644,
        0.027248760553731,
        0.058988500080883
      ],
      "connected_components": [
        [
          1
        ],
        [
          2
        ],
        [
          0,
          3
        ]
      ],
      "graph_diameter": 1.0,
      "connected_pairs": [
        [
          0,
          3
        ]
      ],
      "disconnected_pairs": [
        [
          0,
          1
        ],
        [
          0,
          2
        ],
        [
          1,
          2
        ],
        [
          1,
          3
        ],
        [
          2,
          3
        ]
      ],
      "standard_pairs": {
        "d03_minus_d01": null,
        "d03_minus_d12": null,
        "d02_minus_d13": null
      },
      "bridge_predictions": {
        "d03_minus_d01": null,
        "d03_minus_d12": null,
        "d02_minus_d13": null
      }
    },
    {
      "run_kind": "n0",
      "config": {
        "mode": "free",
        "p": [
          -1.5,
          -0.5,
          0.5,
          1.5
        ],
        "m": 1.0,
        "t": 0.0,
        "L": 10.0,
        "theta": 0.03,
        "hbar": 1.0,
        "c": 1.0,
        "ell0": 1.0,
        "s_min": 1.0,
        "epsilon": 1e-12,
        "F": 0.0,
        "weight": "uniform"
      },
      "null_spec": {
        "null_mode": "random_phase",
        "seed": 33
      },
      "phase_source_summary": {
        "phase_type": "random_phase",
        "mode": "free",
        "seed": 33,
        "n_grid": 256
      },
      "theta_crit": [
        0.003954461634198,
        0.005733587755494,
        0.02887025019412,
        0.034945125878763,
        0.039272193678556,
        0.084687212651015
      ],
      "connected_components": [
        [
          0,
          1,
          2,
          3
        ]
      ],
      "graph_diameter": 3.0,
      "connected_pairs": [
        [
          0,
          1
        ],
        [
          0,
          2
        ],
        [
          0,
          3
        ],
        [
          1,
          2
        ],
        [
          1,
          3
        ],
        [
          2,
          3
        ]
      ],
      "disconnected_pairs": [],
      "standard_pairs": {
        "d03_minus_d01": 0.7684478895526932,
        "d03_minus_d12": -2.8851856188982374,
        "d02_minus_d13": 0.8851856188982374
      },
      "bridge_predictions": {
        "d03_minus_d01": -0.7684478895526932,
        "d03_minus_d12": 2.8851856188982374,
        "d02_minus_d13": -0.8851856188982374
      }
    },
    {
      "run_kind": "n0",
      "config": {
        "mode": "free",
        "p": [
          -1.5,
          -0.5,
          0.5,
          1.5
        ],
        "m": 1.0,
        "t": 0.0,
        "L": 10.0,
        "theta": 0.03,
        "hbar": 1.0,
        "c": 1.0,
        "ell0": 1.0,
        "s_min": 1.0,
        "epsilon": 1e-12,
        "F": 0.0,
        "weight": "uniform"
      },
      "null_spec": {
        "null_mode": "random_phase",
        "seed": 44
      },
      "phase_source_summary": {
        "phase_type": "random_phase",
        "mode": "free",
        "seed": 44,
        "n_grid": 256
      },
      "theta_crit": [
        0.008833528113636,
        0.018309300821177,
        0.018896893877529,
        0.033229819619473,
        0.069649539090709,
        0.082426184592028
      ],
      "connected_components": [
        [
          0,
          1,
          2,
          3
        ]
      ],
      "graph_diameter": 2.0,
      "connected_pairs": [
        [
          0,
          1
        ],
        [
          0,
          2
        ],
        [
          0,
          3
        ],
        [
          1,
          2
        ],
        [
          1,
          3
        ],
        [
          2,
          3
        ]
      ],
      "disconnected_pairs": [],
      "standard_pairs": {
        "d03_minus_d01": 0.9084555065026034,
        "d03_minus_d12": 2.076882584415662,
        "d02_minus_d13": -1.7400284285895447
      },
      "bridge_predictions": {
        "d03_minus_d01": -0.9084555065026034,
        "d03_minus_d12": -2.076882584415662,
        "d02_minus_d13": 1.7400284285895447
      }
    },
    {
      "run_kind": "n0",
      "config": {
        "mode": "free",
        "p": [
          -1.5,
          -0.5,
          0.5,
          1.5
        ],
        "m": 1.0,
        "t": 0.0,
        "L": 10.0,
        "theta": 0.03,
        "hbar": 1.0,
        "c": 1.0,
        "ell0": 1.0,
        "s_min": 1.0,
        "epsilon": 1e-12,
        "F": 0.0,
        "weight": "uniform"
      },
      "null_spec": {
        "null_mode": "random_phase",
        "seed": 55
      },
      "phase_source_summary": {
        "phase_type": "random_phase",
        "mode": "free",
        "seed": 55,
        "n_grid": 256
      },
      "theta_crit": [
        0.000212930420616,
        0.000522704559003,
        0.005593740577172,
        0.006660368857711,
        0.017487347267022,
        0.063911444774324
      ],
      "connected_components": [
        [
          1
        ],
        [
          2
        ],
        [
          0,
          3
        ]
      ],
      "graph_diameter": 1.0,
      "connected_pairs": [
        [
          0,
          3
        ]
      ],