family_id,variant_id,spectral_type,spacing_mean,spacing_std,spacing_cv,spacing_ratio_mean,simple_unfolding_density,simple_rigidity_surrogate
ER1_RING,RING_SIGNED,type_A_ladder,1.2,0.4,0.33333333333333337,0.75,7.199999999999999,0.16
ER1_RING,RING_ABS,type_A_ladder,0.4,0.48989794855663565,1.2247448713915892,0.0,7.199999999999999,0.24000000000000005
ER1_RING,RING_DEGEN_SAFE,type_A_ladder,1.2,0.4,0.33333333333333337,0.75,7.199999999999999,0.16
ER2_CAVITY,CAVITY_STANDARD,type_C_multiindex_structure,0.5842053096316764,0.13758452075231867,0.23550713847339305,0.7924491734087854,9.142857142857142,0.018929500350645206
ER3_MEMBRANE,MEMBRANE_STANDARD,type_C_multiindex_structure,0.892700336457143,0.4582063705162735,0.5132812790625303,0.5027529366967777,9.142857142857142,0.20995307798169652
TD1_1D_BOX,BOX_STANDARD,type_D_regular_nonring,1.0,0.0,0.0,1.0,7.199999999999999,0.0
TB1_1D_BOX_WEAKLY_DEFORMED,BOX_WEAKLY_DEFORMED_STANDARD,type_B_quadratic_nontrivial,1.15,0.07071067811865482,0.061487546190134634,0.9573501317523057,7.199999999999999,0.005000000000000009
