run_id,candidate_id,alias_flag,alias_flag_status,alias_evidence,alias_risk_level
QSB-PLANCK-BRIDGE-RESONATOR-INDEPENDENT-LAG-VARIABLE-ADMISSIBILITY-EXECUTION-01,CAND-0001,exact_lag_alias,not_triggered,inventory_evidence_not_triggered,unknown
QSB-PLANCK-BRIDGE-RESONATOR-INDEPENDENT-LAG-VARIABLE-ADMISSIBILITY-EXECUTION-01,CAND-0001,absolute_lag_alias,not_triggered,inventory_evidence_not_triggered,unknown
QSB-PLANCK-BRIDGE-RESONATOR-INDEPENDENT-LAG-VARIABLE-ADMISSIBILITY-EXECUTION-01,CAND-0001,pair_id_lookup_alias,not_triggered,inventory_evidence_not_triggered,unknown
QSB-PLANCK-BRIDGE-RESONATOR-INDEPENDENT-LAG-VARIABLE-ADMISSIBILITY-EXECUTION-01,CAND-0001,index_order_alias,not_triggered,inventory_evidence_not_triggered,unknown
QSB-PLANCK-BRIDGE-RESONATOR-INDEPENDENT-LAG-VARIABLE-ADMISSIBILITY-EXECUTION-01,CAND-0001,monotonic_lag_surrogate,not_triggered,inventory_evidence_not_triggered,unknown
QSB-PLANCK-BRIDGE-RESONATOR-INDEPENDENT-LAG-VARIABLE-ADMISSIBILITY-EXECUTION-01,CAND-0001,piecewise_lag_surrogate,not_triggered,inventory_evidence_not_triggered,unknown
QSB-PLANCK-BRIDGE-RESONATOR-INDEPENDENT-LAG-VARIABLE-ADMISSIBILITY-EXECUTION-01,CAND-0001,symmetry_only_alias,not_triggered,inventory_evidence_not_triggered,unknown
QSB-PLANCK-BRIDGE-RESONATOR-INDEPENDENT-LAG-VARIABLE-ADMISSIBILITY-EXECUTION-01,CAND-0001,phase_response_abs_lag_alias,not_triggered,inventory_evidence_not_triggered,unknown
QSB-PLANCK-BRIDGE-RESONATOR-INDEPENDENT-LAG-VARIABLE-ADMISSIBILITY-EXECUTION-01,CAND-0001,unknown_alias_risk,triggered,alias_risk_level=unknown; value_series_status=not_available,unknown
QSB-PLANCK-BRIDGE-RESONATOR-INDEPENDENT-LAG-VARIABLE-ADMISSIBILITY-EXECUTION-01,CAND-0002,exact_lag_alias,not_triggered,inventory_evidence_not_triggered,unknown
QSB-PLANCK-BRIDGE-RESONATOR-INDEPENDENT-LAG-VARIABLE-ADMISSIBILITY-EXECUTION-01,CAND-0002,absolute_lag_alias,not_triggered,inventory_evidence_not_triggered,unknown
QSB-PLANCK-BRIDGE-RESONATOR-INDEPENDENT-LAG-VARIABLE-ADMISSIBILITY-EXECUTION-01,CAND-0002,pair_id_lookup_alias,not_triggered,inventory_evidence_not_triggered,unknown
QSB-PLANCK-BRIDGE-RESONATOR-INDEPENDENT-LAG-VARIABLE-ADMISSIBILITY-EXECUTION-01,CAND-0002,index_order_alias,not_triggered,inventory_evidence_not_triggered,unknown
QSB-PLANCK-BRIDGE-RESONATOR-INDEPENDENT-LAG-VARIABLE-ADMISSIBILITY-EXECUTION-01,CAND-0002,monotonic_lag_surrogate,not_triggered,inventory_evidence_not_triggered,unknown
QSB-PLANCK-BRIDGE-RESONATOR-INDEPENDENT-LAG-VARIABLE-ADMISSIBILITY-EXECUTION-01,CAND-0002,piecewise_lag_surrogate,not_triggered,inventory_evidence_not_triggered,unknown
QSB-PLANCK-BRIDGE-RESONATOR-INDEPENDENT-LAG-VARIABLE-ADMISSIBILITY-EXECUTION-01,CAND-0002,symmetry_only_alias,not_triggered,inventory_evidence_not_triggered,unknown
QSB-PLANCK-BRIDGE-RESONATOR-INDEPENDENT-LAG-VARIABLE-ADMISSIBILITY-EXECUTION-01,CAND-0002,phase_response_abs_lag_alias,not_triggered,inventory_evidence_not_triggered,unknown
QSB-PLANCK-BRIDGE-RESONATOR-INDEPENDENT-LAG-VARIABLE-ADMISSIBILITY-EXECUTION-01,CAND-0002,unknown_alias_risk,triggered,alias_risk_level=unknown; value_series_status=not_available,unknown
QSB-PLANCK-BRIDGE-RESONATOR-INDEPENDENT-LAG-VARIABLE-ADMISSIBILITY-EXECUTION-01,CAND-0003,exact_lag_alias,not_triggered,inventory_evidence_not_triggered,high
QSB-PLANCK-BRIDGE-RESONATOR-INDEPENDENT-LAG-VARIABLE-ADMISSIBILITY-EXECUTION-01,CAND-0003,absolute_lag_alias,not_triggered,inventory_evidence_not_triggered,high
QSB-PLANCK-BRIDGE-RESONATOR-INDEPENDENT-LAG-VARIABLE-ADMISSIBILITY-EXECUTION-01,CAND-0003,pair_id_lookup_alias,not_triggered,inventory_evidence_not_triggered,high
QSB-PLANCK-BRIDGE-RESONATOR-INDEPENDENT-LAG-VARIABLE-ADMISSIBILITY-EXECUTION-01,CAND-0003,index_order_alias,not_triggered,inventory_evidence_not_triggered,high
QSB-PLANCK-BRIDGE-RESONATOR-INDEPENDENT-LAG-VARIABLE-ADMISSIBILITY-EXECUTION-01,CAND-0003,monotonic_lag_surrogate,not_triggered,inventory_evidence_not_triggered,high
QSB-PLANCK-BRIDGE-RESONATOR-INDEPENDENT-LAG-VARIABLE-ADMISSIBILITY-EXECUTION-01,CAND-0003,piecewise_lag_surrogate,not_triggered,inventory_evidence_not_triggered,high
QSB-PLANCK-BRIDGE-RESONATOR-INDEPENDENT-LAG-VARIABLE-ADMISSIBILITY-EXECUTION-01,CAND-0003,symmetry_only_alias,not_triggered,inventory_evidence_not_triggered,high
QSB-PLANCK-BRIDGE-RESONATOR-INDEPENDENT-LAG-VARIABLE-ADMISSIBILITY-EXECUTION-01,CAND-0003,phase_response_abs_lag_alias,not_triggered,inventory_evidence_not_triggered,high
QSB-PLANCK-BRIDGE-RESONATOR-INDEPENDENT-LAG-VARIABLE-ADMISSIBILITY-EXECUTION-01,CAND-0003,unknown_alias_risk,triggered,alias_risk_level=high; value_series_status=not_available,high
QSB-PLANCK-BRIDGE-RESONATOR-INDEPENDENT-LAG-VARIABLE-ADMISSIBILITY-EXECUTION-01,CAND-0004,exact_lag_alias,not_triggered,inventory_evidence_not_triggered,high
QSB-PLANCK-BRIDGE-RESONATOR-INDEPENDENT-LAG-VARIABLE-ADMISSIBILITY-EXECUTION-01,CAND-0004,absolute_lag_alias,not_triggered,inventory_evidence_not_triggered,high
QSB-PLANCK-BRIDGE-RESONATOR-INDEPENDENT-LAG-VARIABLE-ADMISSIBILITY-EXECUTION-01,CAND-0004,pair_id_lookup_alias,not_triggered,inventory_evidence_not_triggered,high
QSB-PLANCK-BRIDGE-RESONATOR-INDEPENDENT-LAG-VARIABLE-ADMISSIBILITY-EXECUTION-01,CAND-0004,index_order_alias,not_triggered,inventory_evidence_not_triggered,high
QSB-PLANCK-BRIDGE-RESONATOR-INDEPENDENT-LAG-VARIABLE-ADMISSIBILITY-EXECUTION-01,CAND-0004,monotonic_lag_surrogate,not_triggered,inventory_evidence_not_triggered,high
QSB-PLANCK-BRIDGE-RESONATOR-INDEPENDENT-LAG-VARIABLE-ADMISSIBILITY-EXECUTION-01,CAND-0004,piecewise_lag_surrogate,not_triggered,inventory_evidence_not_triggered,high
QSB-PLANCK-BRIDGE-RESONATOR-INDEPENDENT-LAG-VARIABLE-ADMISSIBILITY-EXECUTION-01,CAND-0004,symmetry_only_alias,not_triggered,inventory_evidence_not_triggered,high
QSB-PLANCK-BRIDGE-RESONATOR-INDEPENDENT-LAG-VARIABLE-ADMISSIBILITY-EXECUTION-01,CAND-0004,phase_response_abs_lag_alias,not_triggered,inventory_evidence_not_triggered,high
QSB-PLANCK-BRIDGE-RESONATOR-INDEPENDENT-LAG-VARIABLE-ADMISSIBILITY-EXECUTION-01,CAND-0004,unknown_alias_risk,triggered,alias_risk_level=high; value_series_status=not_available,high
QSB-PLANCK-BRIDGE-RESONATOR-INDEPENDENT-LAG-VARIABLE-ADMISSIBILITY-EXECUTION-01,CAND-0005,exact_lag_alias,not_triggered,inventory_evidence_not_triggered,high
QSB-PLANCK-BRIDGE-RESONATOR-INDEPENDENT-LAG-VARIABLE-ADMISSIBILITY-EXECUTION-01,CAND-0005,absolute_lag_alias,not_triggered,inventory_evidence_not_triggered,high
QSB-PLANCK-BRIDGE-RESONATOR-INDEPENDENT-LAG-VARIABLE-ADMISSIBILITY-EXECUTION-01,CAND-0005,pair_id_lookup_alias,not_triggered,inventory_evidence_not_triggered,high
QSB-PLANCK-BRIDGE-RESONATOR-INDEPENDENT-LAG-VARIABLE-ADMISSIBILITY-EXECUTION-01,CAND-0005,index_order_alias,not_triggered,inventory_evidence_not_triggered,high
QSB-PLANCK-BRIDGE-RESONATOR-INDEPENDENT-LAG-VARIABLE-ADMISSIBILITY-EXECUTION-01,CAND-0005,monotonic_lag_surrogate,not_triggered,inventory_evidence_not_triggered,high
QSB-PLANCK-BRIDGE-RESONATOR-INDEPENDENT-LAG-VARIABLE-ADMISSIBILITY-EXECUTION-01,CAND-0005,piecewise_lag_surrogate,not_triggered,inventory_evidence_not_triggered,high
QSB-PLANCK-BRIDGE-RESONATOR-INDEPENDENT-LAG-VARIABLE-ADMISSIBILITY-EXECUTION-01,CAND-0005,symmetry_only_alias,not_triggered,inventory_evidence_not_triggered,high
QSB-PLANCK-BRIDGE-RESONATOR-INDEPENDENT-LAG-VARIABLE-ADMISSIBILITY-EXECUTION-01,CAND-0005,phase_response_abs_lag_alias,not_triggered,inventory_evidence_not_triggered,high
QSB-PLANCK-BRIDGE-RESONATOR-INDEPENDENT-LAG-VARIABLE-ADMISSIBILITY-EXECUTION-01,CAND-0005,unknown_alias_risk,triggered,alias_risk_level=high; value_series_status=not_available,high
QSB-PLANCK-BRIDGE-RESONATOR-INDEPENDENT-LAG-VARIABLE-ADMISSIBILITY-EXECUTION-01,CAND-0006,exact_lag_alias,not_triggered,inventory_evidence_not_triggered,high
QSB-PLANCK-BRIDGE-RESONATOR-INDEPENDENT-LAG-VARIABLE-ADMISSIBILITY-EXECUTION-01,CAND-0006,absolute_lag_alias,not_triggered,inventory_evidence_not_triggered,high
QSB-PLANCK-BRIDGE-RESONATOR-INDEPENDENT-LAG-VARIABLE-ADMISSIBILITY-EXECUTION-01,CAND-0006,pair_id_lookup_alias,not_triggered,inventory_evidence_not_triggered,high
QSB-PLANCK-BRIDGE-RESONATOR-INDEPENDENT-LAG-VARIABLE-ADMISSIBILITY-EXECUTION-01,CAND-0006,index_order_alias,not_triggered,inventory_evidence_not_triggered,high
QSB-PLANCK-BRIDGE-RESONATOR-INDEPENDENT-LAG-VARIABLE-ADMISSIBILITY-EXECUTION-01,CAND-0006,monotonic_lag_surrogate,not_triggered,inventory_evidence_not_triggered,high
QSB-PLANCK-BRIDGE-RESONATOR-INDEPENDENT-LAG-VARIABLE-ADMISSIBILITY-EXECUTION-01,CAND-0006,piecewise_lag_surrogate,not_triggered,inventory_evidence_not_triggered,high
QSB-PLANCK-BRIDGE-RESONATOR-INDEPENDENT-LAG-VARIABLE-ADMISSIBILITY-EXECUTION-01,CAND-0006,symmetry_only_alias,not_triggered,inventory_evidence_not_triggered,high
QSB-PLANCK-BRIDGE-RESONATOR-INDEPENDENT-LAG-VARIABLE-ADMISSIBILITY-EXECUTION-01,CAND-0006,phase_response_abs_lag_alias,not_triggered,inventory_evidence_not_triggered,high
QSB-PLANCK-BRIDGE-RESONATOR-INDEPENDENT-LAG-VARIABLE-ADMISSIBILITY-EXECUTION-01,CAND-0006,unknown_alias_risk,triggered,alias_risk_level=high; value_series_status=not_available,high
QSB-PLANCK-BRIDGE-RESONATOR-INDEPENDENT-LAG-VARIABLE-ADMISSIBILITY-EXECUTION-01,CAND-0007,exact_lag_alias,not_triggered,inventory_evidence_not_triggered,high
QSB-PLANCK-BRIDGE-RESONATOR-INDEPENDENT-LAG-VARIABLE-ADMISSIBILITY-EXECUTION-01,CAND-0007,absolute_lag_alias,not_triggered,inventory_evidence_not_triggered,high
QSB-PLANCK-BRIDGE-RESONATOR-INDEPENDENT-LAG-VARIABLE-ADMISSIBILITY-EXECUTION-01,CAND-0007,pair_id_lookup_alias,not_triggered,inventory_evidence_not_triggered,high
QSB-PLANCK-BRIDGE-RESONATOR-INDEPENDENT-LAG-VARIABLE-ADMISSIBILITY-EXECUTION-01,CAND-0007,index_order_alias,not_triggered,inventory_evidence_not_triggered,high
QSB-PLANCK-BRIDGE-RESONATOR-INDEPENDENT-LAG-VARIABLE-ADMISSIBILITY-EXECUTION-01,CAND-0007,monotonic_lag_surrogate,not_triggered,inventory_evidence_not_triggered,high
QSB-PLANCK-BRIDGE-RESONATOR-INDEPENDENT-LAG-VARIABLE-ADMISSIBILITY-EXECUTION-01,CAND-0007,piecewise_lag_surrogate,not_triggered,inventory_evidence_not_triggered,high
QSB-PLANCK-BRIDGE-RESONATOR-INDEPENDENT-LAG-VARIABLE-ADMISSIBILITY-EXECUTION-01,CAND-0007,symmetry_only_alias,not_triggered,inventory_evidence_not_triggered,high
QSB-PLANCK-BRIDGE-RESONATOR-INDEPENDENT-LAG-VARIABLE-ADMISSIBILITY-EXECUTION-01,CAND-0007,phase_response_abs_lag_alias,not_triggered,inventory_evidence_not_triggered,high
QSB-PLANCK-BRIDGE-RESONATOR-INDEPENDENT-LAG-VARIABLE-ADMISSIBILITY-EXECUTION-01,CAND-0007,unknown_alias_risk,triggered,alias_risk_level=high; value_series_status=not_available,high
QSB-PLANCK-BRIDGE-RESONATOR-INDEPENDENT-LAG-VARIABLE-ADMISSIBILITY-EXECUTION-01,CAND-0008,exact_lag_alias,not_triggered,inventory_evidence_not_triggered,high
QSB-PLANCK-BRIDGE-RESONATOR-INDEPENDENT-LAG-VARIABLE-ADMISSIBILITY-EXECUTION-01,CAND-0008,absolute_lag_alias,not_triggered,inventory_evidence_not_triggered,high
QSB-PLANCK-BRIDGE-RESONATOR-INDEPENDENT-LAG-VARIABLE-ADMISSIBILITY-EXECUTION-01,CAND-0008,pair_id_lookup_alias,not_triggered,inventory_evidence_not_triggered,high
QSB-PLANCK-BRIDGE-RESONATOR-INDEPENDENT-LAG-VARIABLE-ADMISSIBILITY-EXECUTION-01,CAND-0008,index_order_alias,not_triggered,inventory_evidence_not_triggered,high
QSB-PLANCK-BRIDGE-RESONATOR-INDEPENDENT-LAG-VARIABLE-ADMISSIBILITY-EXECUTION-01,CAND-0008,monotonic_lag_surrogate,not_triggered,inventory_evidence_not_triggered,high
QSB-PLANCK-BRIDGE-RESONATOR-INDEPENDENT-LAG-VARIABLE-ADMISSIBILITY-EXECUTION-01,CAND-0008,piecewise_lag_surrogate,not_triggered,inventory_evidence_not_triggered,high
QSB-PLANCK-BRIDGE-RESONATOR-INDEPENDENT-LAG-VARIABLE-ADMISSIBILITY-EXECUTION-01,CAND-0008,symmetry_only_alias,not_triggered,inventory_evidence_not_triggered,high
QSB-PLANCK-BRIDGE-RESONATOR-INDEPENDENT-LAG-VARIABLE-ADMISSIBILITY-EXECUTION-01,CAND-0008,phase_response_abs_lag_alias,not_triggered,inventory_evidence_not_triggered,high
QSB-PLANCK-BRIDGE-RESONATOR-INDEPENDENT-LAG-VARIABLE-ADMISSIBILITY-EXECUTION-01,CAND-0008,unknown_alias_risk,triggered,alias_risk_level=high; value_series_status=not_available,high
QSB-PLANCK-BRIDGE-RESONATOR-INDEPENDENT-LAG-VARIABLE-ADMISSIBILITY-EXECUTION-01,CAND-0009,exact_lag_alias,not_triggered,inventory_evidence_not_triggered,high
QSB-PLANCK-BRIDGE-RESONATOR-INDEPENDENT-LAG-VARIABLE-ADMISSIBILITY-EXECUTION-01,CAND-0009,absolute_lag_alias,not_triggered,inventory_evidence_not_triggered,high
QSB-PLANCK-BRIDGE-RESONATOR-INDEPENDENT-LAG-VARIABLE-ADMISSIBILITY-EXECUTION-01,CAND-0009,pair_id_lookup_alias,not_triggered,inventory_evidence_not_triggered,high
QSB-PLANCK-BRIDGE-RESONATOR-INDEPENDENT-LAG-VARIABLE-ADMISSIBILITY-EXECUTION-01,CAND-0009,index_order_alias,not_triggered,inventory_evidence_not_triggered,high
QSB-PLANCK-BRIDGE-RESONATOR-INDEPENDENT-LAG-VARIABLE-ADMISSIBILITY-EXECUTION-01,CAND-0009,monotonic_lag_surrogate,not_triggered,inventory_evidence_not_triggered,high
QSB-PLANCK-BRIDGE-RESONATOR-INDEPENDENT-LAG-VARIABLE-ADMISSIBILITY-EXECUTION-01,CAND-0009,piecewise_lag_surrogate,not_triggered,inventory_evidence_not_triggered,high
QSB-PLANCK-BRIDGE-RESONATOR-INDEPENDENT-LAG-VARIABLE-ADMISSIBILITY-EXECUTION-01,CAND-0009,symmetry_only_alias,not_triggered,inventory_evidence_not_triggered,high
QSB-PLANCK-BRIDGE-RESONATOR-INDEPENDENT-LAG-VARIABLE-ADMISSIBILITY-EXECUTION-01,CAND-0009,phase_response_abs_lag_alias,not_triggered,inventory_evidence_not_triggered,high
QSB-PLANCK-BRIDGE-RESONATOR-INDEPENDENT-LAG-VARIABLE-ADMISSIBILITY-EXECUTION-01,CAND-0009,unknown_alias_risk,triggered,alias_risk_level=high; value_series_status=not_available,high
QSB-PLANCK-BRIDGE-RESONATOR-INDEPENDENT-LAG-VARIABLE-ADMISSIBILITY-EXECUTION-01,CAND-0010,exact_lag_alias,not_triggered,inventory_evidence_not_triggered,high
QSB-PLANCK-BRIDGE-RESONATOR-INDEPENDENT-LAG-VARIABLE-ADMISSIBILITY-EXECUTION-01,CAND-0010,absolute_lag_alias,not_triggered,inventory_evidence_not_triggered,high
QSB-PLANCK-BRIDGE-RESONATOR-INDEPENDENT-LAG-VARIABLE-ADMISSIBILITY-EXECUTION-01,CAND-0010,pair_id_lookup_alias,not_triggered,inventory_evidence_not_triggered,high
QSB-PLANCK-BRIDGE-RESONATOR-INDEPENDENT-LAG-VARIABLE-ADMISSIBILITY-EXECUTION-01,CAND-0010,index_order_alias,not_triggered,inventory_evidence_not_triggered,high
QSB-PLANCK-BRIDGE-RESONATOR-INDEPENDENT-LAG-VARIABLE-ADMISSIBILITY-EXECUTION-01,CAND-0010,monotonic_lag_surrogate,not_triggered,inventory_evidence_not_triggered,high
QSB-PLANCK-BRIDGE-RESONATOR-INDEPENDENT-LAG-VARIABLE-ADMISSIBILITY-EXECUTION-01,CAND-0010,piecewise_lag_surrogate,not_triggered,inventory_evidence_not_triggered,high
QSB-PLANCK-BRIDGE-RESONATOR-INDEPENDENT-LAG-VARIABLE-ADMISSIBILITY-EXECUTION-01,CAND-0010,symmetry_only_alias,not_triggered,inventory_evidence_not_triggered,high
QSB-PLANCK-BRIDGE-RESONATOR-INDEPENDENT-LAG-VARIABLE-ADMISSIBILITY-EXECUTION-01,CAND-0010,phase_response_abs_lag_alias,not_triggered,inventory_evidence_not_triggered,high
QSB-PLANCK-BRIDGE-RESONATOR-INDEPENDENT-LAG-VARIABLE-ADMISSIBILITY-EXECUTION-01,CAND-0010,unknown_alias_risk,triggered,alias_risk_level=high; value_series_status=not_available,high
QSB-PLANCK-BRIDGE-RESONATOR-INDEPENDENT-LAG-VARIABLE-ADMISSIBILITY-EXECUTION-01,CAND-0011,exact_lag_alias,not_triggered,inventory_evidence_not_triggered,high
QSB-PLANCK-BRIDGE-RESONATOR-INDEPENDENT-LAG-VARIABLE-ADMISSIBILITY-EXECUTION-01,CAND-0011,absolute_lag_alias,not_triggered,inventory_evidence_not_triggered,high
QSB-PLANCK-BRIDGE-RESONATOR-INDEPENDENT-LAG-VARIABLE-ADMISSIBILITY-EXECUTION-01,CAND-0011,pair_id_lookup_alias,not_triggered,inventory_evidence_not_triggered,high
QSB-PLANCK-BRIDGE-RESONATOR-INDEPENDENT-LAG-VARIABLE-ADMISSIBILITY-EXECUTION-01,CAND-0011,index_order_alias,not_triggered,inventory_evidence_not_triggered,high
QSB-PLANCK-BRIDGE-RESONATOR-INDEPENDENT-LAG-VARIABLE-ADMISSIBILITY-EXECUTION-01,CAND-0011,monotonic_lag_surrogate,not_triggered,inventory_evidence_not_triggered,high
QSB-PLANCK-BRIDGE-RESONATOR-INDEPENDENT-LAG-VARIABLE-ADMISSIBILITY-EXECUTION-01,CAND-0011,piecewise_lag_surrogate,not_triggered,inventory_evidence_not_triggered,high
QSB-PLANCK-BRIDGE-RESONATOR-INDEPENDENT-LAG-VARIABLE-ADMISSIBILITY-EXECUTION-01,CAND-0011,symmetry_only_alias,not_triggered,inventory_evidence_not_triggered,high
QSB-PLANCK-BRIDGE-RESONATOR-INDEPENDENT-LAG-VARIABLE-ADMISSIBILITY-EXECUTION-01,CAND-0011,phase_response_abs_lag_alias,not_triggered,inventory_evidence_not_triggered,high
QSB-PLANCK-BRIDGE-RESONATOR-INDEPENDENT-LAG-VARIABLE-ADMISSIBILITY-EXECUTION-01,CAND-0011,unknown_alias_risk,triggered,alias_risk_level=high; value_series_status=not_available,high
QSB-PLANCK-BRIDGE-RESONATOR-INDEPENDENT-LAG-VARIABLE-ADMISSIBILITY-EXECUTION-01,CAND-0012,exact_lag_alias,not_triggered,inventory_evidence_not_triggered,high
QSB-PLANCK-BRIDGE-RESONATOR-INDEPENDENT-LAG-VARIABLE-ADMISSIBILITY-EXECUTION-01,CAND-0012,absolute_lag_alias,not_triggered,inventory_evidence_not_triggered,high
QSB-PLANCK-BRIDGE-RESONATOR-INDEPENDENT-LAG-VARIABLE-ADMISSIBILITY-EXECUTION-01,CAND-0012,pair_id_lookup_alias,not_triggered,inventory_evidence_not_triggered,high
QSB-PLANCK-BRIDGE-RESONATOR-INDEPENDENT-LAG-VARIABLE-ADMISSIBILITY-EXECUTION-01,CAND-0012,index_order_alias,not_triggered,inventory_evidence_not_triggered,high
QSB-PLANCK-BRIDGE-RESONATOR-INDEPENDENT-LAG-VARIABLE-ADMISSIBILITY-EXECUTION-01,CAND-0012,monotonic_lag_surrogate,not_triggered,inventory_evidence_not_triggered,high
QSB-PLANCK-BRIDGE-RESONATOR-INDEPENDENT-LAG-VARIABLE-ADMISSIBILITY-EXECUTION-01,CAND-0012,piecewise_lag_surrogate,not_triggered,inventory_evidence_not_triggered,high
QSB-PLANCK-BRIDGE-RESONATOR-INDEPENDENT-LAG-VARIABLE-ADMISSIBILITY-EXECUTION-01,CAND-0012,symmetry_only_alias,not_triggered,inventory_evidence_not_triggered,high
QSB-PLANCK-BRIDGE-RESONATOR-INDEPENDENT-LAG-VARIABLE-ADMISSIBILITY-EXECUTION-01,CAND-0012,phase_response_abs_lag_alias,not_triggered,inventory_evidence_not_triggered,high
QSB-PLANCK-BRIDGE-RESONATOR-INDEPENDENT-LAG-VARIABLE-ADMISSIBILITY-EXECUTION-01,CAND-0012,unknown_alias_risk,triggered,alias_risk_level=high; value_series_status=not_available,high
QSB-PLANCK-BRIDGE-RESONATOR-INDEPENDENT-LAG-VARIABLE-ADMISSIBILITY-EXECUTION-01,CAND-0013,exact_lag_alias,not_triggered,inventory_evidence_not_triggered,high
QSB-PLANCK-BRIDGE-RESONATOR-INDEPENDENT-LAG-VARIABLE-ADMISSIBILITY-EXECUTION-01,CAND-0013,absolute_lag_alias,not_triggered,inventory_evidence_not_triggered,high
QSB-PLANCK-BRIDGE-RESONATOR-INDEPENDENT-LAG-VARIABLE-ADMISSIBILITY-EXECUTION-01,CAND-0013,pair_id_lookup_alias,not_triggered,inventory_evidence_not_triggered,high
QSB-PLANCK-BRIDGE-RESONATOR-INDEPENDENT-LAG-VARIABLE-ADMISSIBILITY-EXECUTION-01,CAND-0013,index_order_alias,not_triggered,inventory_evidence_not_triggered,high
QSB-PLANCK-BRIDGE-RESONATOR-INDEPENDENT-LAG-VARIABLE-ADMISSIBILITY-EXECUTION-01,CAND-0013,monotonic_lag_surrogate,not_triggered,inventory_evidence_not_triggered,high
QSB-PLANCK-BRIDGE-RESONATOR-INDEPENDENT-LAG-VARIABLE-ADMISSIBILITY-EXECUTION-01,CAND-0013,piecewise_lag_surrogate,not_triggered,inventory_evidence_not_triggered,high
QSB-PLANCK-BRIDGE-RESONATOR-INDEPENDENT-LAG-VARIABLE-ADMISSIBILITY-EXECUTION-01,CAND-0013,symmetry_only_alias,not_triggered,inventory_evidence_not_triggered,high
QSB-PLANCK-BRIDGE-RESONATOR-INDEPENDENT-LAG-VARIABLE-ADMISSIBILITY-EXECUTION-01,CAND-0013,phase_response_abs_lag_alias,not_triggered,inventory_evidence_not_triggered,high
QSB-PLANCK-BRIDGE-RESONATOR-INDEPENDENT-LAG-VARIABLE-ADMISSIBILITY-EXECUTION-01,CAND-0013,unknown_alias_risk,triggered,alias_risk_level=high; value_series_status=not_available,high
QSB-PLANCK-BRIDGE-RESONATOR-INDEPENDENT-LAG-VARIABLE-ADMISSIBILITY-EXECUTION-01,CAND-0014,exact_lag_alias,not_triggered,inventory_evidence_not_triggered,unknown
QSB-PLANCK-BRIDGE-RESONATOR-INDEPENDENT-LAG-VARIABLE-ADMISSIBILITY-EXECUTION-01,CAND-0014,absolute_lag_alias,not_triggered,inventory_evidence_not_triggered,unknown
QSB-PLANCK-BRIDGE-RESONATOR-INDEPENDENT-LAG-VARIABLE-ADMISSIBILITY-EXECUTION-01,CAND-0014,pair_id_lookup_alias,not_triggered,inventory_evidence_not_triggered,unknown
QSB-PLANCK-BRIDGE-RESONATOR-INDEPENDENT-LAG-VARIABLE-ADMISSIBILITY-EXECUTION-01,CAND-0014,index_order_alias,not_triggered,inventory_evidence_not_triggered,unknown
QSB-PLANCK-BRIDGE-RESONATOR-INDEPENDENT-LAG-VARIABLE-ADMISSIBILITY-EXECUTION-01,CAND-0014,monotonic_lag_surrogate,not_triggered,inventory_evidence_not_triggered,unknown
QSB-PLANCK-BRIDGE-RESONATOR-INDEPENDENT-LAG-VARIABLE-ADMISSIBILITY-EXECUTION-01,CAND-0014,piecewise_lag_surrogate,not_triggered,inventory_evidence_not_triggered,unknown
QSB-PLANCK-BRIDGE-RESONATOR-INDEPENDENT-LAG-VARIABLE-ADMISSIBILITY-EXECUTION-01,CAND-0014,symmetry_only_alias,not_triggered,inventory_evidence_not_triggered,unknown
QSB-PLANCK-BRIDGE-RESONATOR-INDEPENDENT-LAG-VARIABLE-ADMISSIBILITY-EXECUTION-01,CAND-0014,phase_response_abs_lag_alias,not_triggered,inventory_evidence_not_triggered,unknown
QSB-PLANCK-BRIDGE-RESONATOR-INDEPENDENT-LAG-VARIABLE-ADMISSIBILITY-EXECUTION-01,CAND-0014,unknown_alias_risk,triggered,alias_risk_level=unknown; value_series_status=not_available,unknown
QSB-PLANCK-BRIDGE-RESONATOR-INDEPENDENT-LAG-VARIABLE-ADMISSIBILITY-EXECUTION-01,CAND-0015,exact_lag_alias,not_triggered,inventory_evidence_not_triggered,unknown
QSB-PLANCK-BRIDGE-RESONATOR-INDEPENDENT-LAG-VARIABLE-ADMISSIBILITY-EXECUTION-01,CAND-0015,absolute_lag_alias,not_triggered,inventory_evidence_not_triggered,unknown
QSB-PLANCK-BRIDGE-RESONATOR-INDEPENDENT-LAG-VARIABLE-ADMISSIBILITY-EXECUTION-01,CAND-0015,pair_id_lookup_alias,not_triggered,inventory_evidence_not_triggered,unknown
QSB-PLANCK-BRIDGE-RESONATOR-INDEPENDENT-LAG-VARIABLE-ADMISSIBILITY-EXECUTION-01,CAND-0015,index_order_alias,not_triggered,inventory_evidence_not_triggered,unknown
QSB-PLANCK-BRIDGE-RESONATOR-INDEPENDENT-LAG-VARIABLE-ADMISSIBILITY-EXECUTION-01,CAND-0015,monotonic_lag_surrogate,not_triggered,inventory_evidence_not_triggered,unknown
QSB-PLANCK-BRIDGE-RESONATOR-INDEPENDENT-LAG-VARIABLE-ADMISSIBILITY-EXECUTION-01,CAND-0015,piecewise_lag_surrogate,not_triggered,inventory_evidence_not_triggered,unknown
QSB-PLANCK-BRIDGE-RESONATOR-INDEPENDENT-LAG-VARIABLE-ADMISSIBILITY-EXECUTION-01,CAND-0015,symmetry_only_alias,not_triggered,inventory_evidence_not_triggered,unknown
QSB-PLANCK-BRIDGE-RESONATOR-INDEPENDENT-LAG-VARIABLE-ADMISSIBILITY-EXECUTION-01,CAND-0015,phase_response_abs_lag_alias,not_triggered,inventory_evidence_not_triggered,unknown
QSB-PLANCK-BRIDGE-RESONATOR-INDEPENDENT-LAG-VARIABLE-ADMISSIBILITY-EXECUTION-01,CAND-0015,unknown_alias_risk,triggered,alias_risk_level=unknown; value_series_status=not_available,unknown
QSB-PLANCK-BRIDGE-RESONATOR-INDEPENDENT-LAG-VARIABLE-ADMISSIBILITY-EXECUTION-01,CAND-0016,exact_lag_alias,not_triggered,inventory_evidence_not_triggered,unknown
QSB-PLANCK-BRIDGE-RESONATOR-INDEPENDENT-LAG-VARIABLE-ADMISSIBILITY-EXECUTION-01,CAND-0016,absolute_lag_alias,not_triggered,inventory_evidence_not_triggered,unknown
QSB-PLANCK-BRIDGE-RESONATOR-INDEPENDENT-LAG-VARIABLE-ADMISSIBILITY-EXECUTION-01,CAND-0016,pair_id_lookup_alias,not_triggered,inventory_evidence_not_triggered,unknown
QSB-PLANCK-BRIDGE-RESONATOR-INDEPENDENT-LAG-VARIABLE-ADMISSIBILITY-EXECUTION-01,CAND-0016,index_order_alias,not_triggered,inventory_evidence_not_triggered,unknown
QSB-PLANCK-BRIDGE-RESONATOR-INDEPENDENT-LAG-VARIABLE-ADMISSIBILITY-EXECUTION-01,CAND-0016,monotonic_lag_surrogate,not_triggered,inventory_evidence_not_triggered,unknown
QSB-PLANCK-BRIDGE-RESONATOR-INDEPENDENT-LAG-VARIABLE-ADMISSIBILITY-EXECUTION-01,CAND-0016,piecewise_lag_surrogate,not_triggered,inventory_evidence_not_triggered,unknown
QSB-PLANCK-BRIDGE-RESONATOR-INDEPENDENT-LAG-VARIABLE-ADMISSIBILITY-EXECUTION-01,CAND-0016,symmetry_only_alias,not_triggered,inventory_evidence_not_triggered,unknown
QSB-PLANCK-BRIDGE-RESONATOR-INDEPENDENT-LAG-VARIABLE-ADMISSIBILITY-EXECUTION-01,CAND-0016,phase_response_abs_lag_alias,not_triggered,inventory_evidence_not_triggered,unknown
QSB-PLANCK-BRIDGE-RESONATOR-INDEPENDENT-LAG-VARIABLE-ADMISSIBILITY-EXECUTION-01,CAND-0016,unknown_alias_risk,triggered,alias_risk_level=unknown; value_series_status=not_available,unknown
QSB-PLANCK-BRIDGE-RESONATOR-INDEPENDENT-LAG-VARIABLE-ADMISSIBILITY-EXECUTION-01,CAND-0017,exact_lag_alias,not_triggered,inventory_evidence_not_triggered,unknown
QSB-PLANCK-BRIDGE-RESONATOR-INDEPENDENT-LAG-VARIABLE-ADMISSIBILITY-EXECUTION-01,CAND-0017,absolute_lag_alias,not_triggered,inventory_evidence_not_triggered,unknown
QSB-PLANCK-BRIDGE-RESONATOR-INDEPENDENT-LAG-VARIABLE-ADMISSIBILITY-EXECUTION-01,CAND-0017,pair_id_lookup_alias,not_triggered,inventory_evidence_not_triggered,unknown
QSB-PLANCK-BRIDGE-RESONATOR-INDEPENDENT-LAG-VARIABLE-ADMISSIBILITY-EXECUTION-01,CAND-0017,index_order_alias,not_triggered,inventory_evidence_not_triggered,unknown
QSB-PLANCK-BRIDGE-RESONATOR-INDEPENDENT-LAG-VARIABLE-ADMISSIBILITY-EXECUTION-01,CAND-0017,monotonic_lag_surrogate,not_triggered,inventory_evidence_not_triggered,unknown
QSB-PLANCK-BRIDGE-RESONATOR-INDEPENDENT-LAG-VARIABLE-ADMISSIBILITY-EXECUTION-01,CAND-0017,piecewise_lag_surrogate,not_triggered,inventory_evidence_not_triggered,unknown
QSB-PLANCK-BRIDGE-RESONATOR-INDEPENDENT-LAG-VARIABLE-ADMISSIBILITY-EXECUTION-01,CAND-0017,symmetry_only_alias,not_triggered,inventory_evidence_not_triggered,unknown
QSB-PLANCK-BRIDGE-RESONATOR-INDEPENDENT-LAG-VARIABLE-ADMISSIBILITY-EXECUTION-01,CAND-0017,phase_response_abs_lag_alias,not_triggered,inventory_evidence_not_triggered,unknown
QSB-PLANCK-BRIDGE-RESONATOR-INDEPENDENT-LAG-VARIABLE-ADMISSIBILITY-EXECUTION-01,CAND-0017,unknown_alias_risk,triggered,alias_risk_level=unknown; value_series_status=not_available,unknown
QSB-PLANCK-BRIDGE-RESONATOR-INDEPENDENT-LAG-VARIABLE-ADMISSIBILITY-EXECUTION-01,CAND-0018,exact_lag_alias,not_triggered,inventory_evidence_not_triggered,unknown
QSB-PLANCK-BRIDGE-RESONATOR-INDEPENDENT-LAG-VARIABLE-ADMISSIBILITY-EXECUTION-01,CAND-0018,absolute_lag_alias,not_triggered,inventory_evidence_not_triggered,unknown
QSB-PLANCK-BRIDGE-RESONATOR-INDEPENDENT-LAG-VARIABLE-ADMISSIBILITY-EXECUTION-01,CAND-0018,pair_id_lookup_alias,not_triggered,inventory_evidence_not_triggered,unknown
QSB-PLANCK-BRIDGE-RESONATOR-INDEPENDENT-LAG-VARIABLE-ADMISSIBILITY-EXECUTION-01,CAND-0018,index_order_alias,not_triggered,inventory_evidence_not_triggered,unknown
QSB-PLANCK-BRIDGE-RESONATOR-INDEPENDENT-LAG-VARIABLE-ADMISSIBILITY-EXECUTION-01,CAND-0018,monotonic_lag_surrogate,not_triggered,inventory_evidence_not_triggered,unknown
QSB-PLANCK-BRIDGE-RESONATOR-INDEPENDENT-LAG-VARIABLE-ADMISSIBILITY-EXECUTION-01,CAND-0018,piecewise_lag_surrogate,not_triggered,inventory_evidence_not_triggered,unknown
QSB-PLANCK-BRIDGE-RESONATOR-INDEPENDENT-LAG-VARIABLE-ADMISSIBILITY-EXECUTION-01,CAND-0018,symmetry_only_alias,not_triggered,inventory_evidence_not_triggered,unknown
QSB-PLANCK-BRIDGE-RESONATOR-INDEPENDENT-LAG-VARIABLE-ADMISSIBILITY-EXECUTION-01,CAND-0018,phase_response_abs_lag_alias,not_triggered,inventory_evidence_not_triggered,unknown
QSB-PLANCK-BRIDGE-RESONATOR-INDEPENDENT-LAG-VARIABLE-ADMISSIBILITY-EXECUTION-01,CAND-0018,unknown_alias_risk,triggered,alias_risk_level=unknown; value_series_status=not_available,unknown
QSB-PLANCK-BRIDGE-RESONATOR-INDEPENDENT-LAG-VARIABLE-ADMISSIBILITY-EXECUTION-01,CAND-0019,exact_lag_alias,not_triggered,inventory_evidence_not_triggered,high
QSB-PLANCK-BRIDGE-RESONATOR-INDEPENDENT-LAG-VARIABLE-ADMISSIBILITY-EXECUTION-01,CAND-0019,absolute_lag_alias,not_triggered,inventory_evidence_not_triggered,high
QSB-PLANCK-BRIDGE-RESONATOR-INDEPENDENT-LAG-VARIABLE-ADMISSIBILITY-EXECUTION-01,CAND-0019,pair_id_lookup_alias,not_triggered,inventory_evidence_not_triggered,high
QSB-PLANCK-BRIDGE-RESONATOR-INDEPENDENT-LAG-VARIABLE-ADMISSIBILITY-EXECUTION-01,CAND-0019,index_order_alias,not_triggered,inventory_evidence_not_triggered,high
QSB-PLANCK-BRIDGE-RESONATOR-INDEPENDENT-LAG-VARIABLE-ADMISSIBILITY-EXECUTION-01,CAND-0019,monotonic_lag_surrogate,not_triggered,inventory_evidence_not_triggered,high
QSB-PLANCK-BRIDGE-RESONATOR-INDEPENDENT-LAG-VARIABLE-ADMISSIBILITY-EXECUTION-01,CAND-0019,piecewise_lag_surrogate,not_triggered,inventory_evidence_not_triggered,high
QSB-PLANCK-BRIDGE-RESONATOR-INDEPENDENT-LAG-VARIABLE-ADMISSIBILITY-EXECUTION-01,CAND-0019,symmetry_only_alias,not_triggered,inventory_evidence_not_triggered,high
QSB-PLANCK-BRIDGE-RESONATOR-INDEPENDENT-LAG-VARIABLE-ADMISSIBILITY-EXECUTION-01,CAND-0019,phase_response_abs_lag_alias,not_triggered,inventory_evidence_not_triggered,high
QSB-PLANCK-BRIDGE-RESONATOR-INDEPENDENT-LAG-VARIABLE-ADMISSIBILITY-EXECUTION-01,CAND-0019,unknown_alias_risk,triggered,alias_risk_level=high; value_series_status=not_available,high
QSB-PLANCK-BRIDGE-RESONATOR-INDEPENDENT-LAG-VARIABLE-ADMISSIBILITY-EXECUTION-01,CAND-0020,exact_lag_alias,not_triggered,inventory_evidence_not_triggered,high
QSB-PLANCK-BRIDGE-RESONATOR-INDEPENDENT-LAG-VARIABLE-ADMISSIBILITY-EXECUTION-01,CAND-0020,absolute_lag_alias,not_triggered,inventory_evidence_not_triggered,high
QSB-PLANCK-BRIDGE-RESONATOR-INDEPENDENT-LAG-VARIABLE-ADMISSIBILITY-EXECUTION-01,CAND-0020,pair_id_lookup_alias,not_triggered,inventory_evidence_not_triggered,high
QSB-PLANCK-BRIDGE-RESONATOR-INDEPENDENT-LAG-VARIABLE-ADMISSIBILITY-EXECUTION-01,CAND-0020,index_order_alias,not_triggered,inventory_evidence_not_triggered,high
QSB-PLANCK-BRIDGE-RESONATOR-INDEPENDENT-LAG-VARIABLE-ADMISSIBILITY-EXECUTION-01,CAND-0020,monotonic_lag_surrogate,not_triggered,inventory_evidence_not_triggered,high
QSB-PLANCK-BRIDGE-RESONATOR-INDEPENDENT-LAG-VARIABLE-ADMISSIBILITY-EXECUTION-01,CAND-0020,piecewise_lag_surrogate,not_triggered,inventory_evidence_not_triggered,high
QSB-PLANCK-BRIDGE-RESONATOR-INDEPENDENT-LAG-VARIABLE-ADMISSIBILITY-EXECUTION-01,CAND-0020,symmetry_only_alias,not_triggered,inventory_evidence_not_triggered,high
QSB-PLANCK-BRIDGE-RESONATOR-INDEPENDENT-LAG-VARIABLE-ADMISSIBILITY-EXECUTION-01,CAND-0020,phase_response_abs_lag_alias,not_triggered,inventory_evidence_not_triggered,high
QSB-PLANCK-BRIDGE-RESONATOR-INDEPENDENT-LAG-VARIABLE-ADMISSIBILITY-EXECUTION-01,CAND-0020,unknown_alias_risk,triggered,alias_risk_level=high; value_series_status=not_available,high
QSB-PLANCK-BRIDGE-RESONATOR-INDEPENDENT-LAG-VARIABLE-ADMISSIBILITY-EXECUTION-01,CAND-0021,exact_lag_alias,not_triggered,inventory_evidence_not_triggered,unknown
QSB-PLANCK-BRIDGE-RESONATOR-INDEPENDENT-LAG-VARIABLE-ADMISSIBILITY-EXECUTION-01,CAND-0021,absolute_lag_alias,not_triggered,inventory_evidence_not_triggered,unknown
QSB-PLANCK-BRIDGE-RESONATOR-INDEPENDENT-LAG-VARIABLE-ADMISSIBILITY-EXECUTION-01,CAND-0021,pair_id_lookup_alias,not_triggered,inventory_evidence_not_triggered,unknown
QSB-PLANCK-BRIDGE-RESONATOR-INDEPENDENT-LAG-VARIABLE-ADMISSIBILITY-EXECUTION-01,CAND-0021,index_order_alias,not_triggered,inventory_evidence_not_triggered,unknown
QSB-PLANCK-BRIDGE-RESONATOR-INDEPENDENT-LAG-VARIABLE-ADMISSIBILITY-EXECUTION-01,CAND-0021,monotonic_lag_surrogate,not_triggered,inventory_evidence_not_triggered,unknown
QSB-PLANCK-BRIDGE-RESONATOR-INDEPENDENT-LAG-VARIABLE-ADMISSIBILITY-EXECUTION-01,CAND-0021,piecewise_lag_surrogate,not_triggered,inventory_evidence_not_triggered,unknown
QSB-PLANCK-BRIDGE-RESONATOR-INDEPENDENT-LAG-VARIABLE-ADMISSIBILITY-EXECUTION-01,CAND-0021,symmetry_only_alias,not_triggered,inventory_evidence_not_triggered,unknown
QSB-PLANCK-BRIDGE-RESONATOR-INDEPENDENT-LAG-VARIABLE-ADMISSIBILITY-EXECUTION-01,CAND-0021,phase_response_abs_lag_alias,not_triggered,inventory_evidence_not_triggered,unknown
QSB-PLANCK-BRIDGE-RESONATOR-INDEPENDENT-LAG-VARIABLE-ADMISSIBILITY-EXECUTION-01,CAND-0021,unknown_alias_risk,triggered,alias_risk_level=unknown; value_series_status=not_available,unknown
QSB-PLANCK-BRIDGE-RESONATOR-INDEPENDENT-LAG-VARIABLE-ADMISSIBILITY-EXECUTION-01,CAND-0022,exact_lag_alias,not_triggered,inventory_evidence_not_triggered,unknown
QSB-PLANCK-BRIDGE-RESONATOR-INDEPENDENT-LAG-VARIABLE-ADMISSIBILITY-EXECUTION-01,CAND-0022,absolute_lag_alias,not_triggered,inventory_evidence_not_triggered,unknown
QSB-PLANCK-BRIDGE-RESONATOR-INDEPENDENT-LAG-VARIABLE-ADMISSIBILITY-EXECUTION-01,CAND-0022,pair_id_lookup_alias,not_triggered,inventory_evidence_not_triggered,unknown
QSB-PLANCK-BRIDGE-RESONATOR-INDEPENDENT-LAG-VARIABLE-ADMISSIBILITY-EXECUTION-01,CAND-0022,index_order_alias,not_triggered,inventory_evidence_not_triggered,unknown
QSB-PLANCK-BRIDGE-RESONATOR-INDEPENDENT-LAG-VARIABLE-ADMISSIBILITY-EXECUTION-01,CAND-0022,monotonic_lag_surrogate,not_triggered,inventory_evidence_not_triggered,unknown
QSB-PLANCK-BRIDGE-RESONATOR-INDEPENDENT-LAG-VARIABLE-ADMISSIBILITY-EXECUTION-01,CAND-0022,piecewise_lag_surrogate,not_triggered,inventory_evidence_not_triggered,unknown
QSB-PLANCK-BRIDGE-RESONATOR-INDEPENDENT-LAG-VARIABLE-ADMISSIBILITY-EXECUTION-01,CAND-0022,symmetry_only_alias,not_triggered,inventory_evidence_not_triggered,unknown
QSB-PLANCK-BRIDGE-RESONATOR-INDEPENDENT-LAG-VARIABLE-ADMISSIBILITY-EXECUTION-01,CAND-0022,phase_response_abs_lag_alias,not_triggered,inventory_evidence_not_triggered,unknown
QSB-PLANCK-BRIDGE-RESONATOR-INDEPENDENT-LAG-VARIABLE-ADMISSIBILITY-EXECUTION-01,CAND-0022,unknown_alias_risk,triggered,alias_risk_level=unknown; value_series_status=not_available,unknown
QSB-PLANCK-BRIDGE-RESONATOR-INDEPENDENT-LAG-VARIABLE-ADMISSIBILITY-EXECUTION-01,CAND-0023,exact_lag_alias,not_triggered,inventory_evidence_not_triggered,unknown
QSB-PLANCK-BRIDGE-RESONATOR-INDEPENDENT-LAG-VARIABLE-ADMISSIBILITY-EXECUTION-01,CAND-0023,absolute_lag_alias,not_triggered,inventory_evidence_not_triggered,unknown
QSB-PLANCK-BRIDGE-RESONATOR-INDEPENDENT-LAG-VARIABLE-ADMISSIBILITY-EXECUTION-01,CAND-0023,pair_id_lookup_alias,not_triggered,inventory_evidence_not_triggered,unknown
QSB-PLANCK-BRIDGE-RESONATOR-INDEPENDENT-LAG-VARIABLE-ADMISSIBILITY-EXECUTION-01,CAND-0023,index_order_alias,not_triggered,inventory_evidence_not_triggered,unknown
QSB-PLANCK-BRIDGE-RESONATOR-INDEPENDENT-LAG-VARIABLE-ADMISSIBILITY-EXECUTION-01,CAND-0023,monotonic_lag_surrogate,not_triggered,inventory_evidence_not_triggered,unknown
QSB-PLANCK-BRIDGE-RESONATOR-INDEPENDENT-LAG-VARIABLE-ADMISSIBILITY-EXECUTION-01,CAND-0023,piecewise_lag_surrogate,not_triggered,inventory_evidence_not_triggered,unknown
QSB-PLANCK-BRIDGE-RESONATOR-INDEPENDENT-LAG-VARIABLE-ADMISSIBILITY-EXECUTION-01,CAND-0023,symmetry_only_alias,not_triggered,inventory_evidence_not_triggered,unknown
QSB-PLANCK-BRIDGE-RESONATOR-INDEPENDENT-LAG-VARIABLE-ADMISSIBILITY-EXECUTION-01,CAND-0023,phase_response_abs_lag_alias,not_triggered,inventory_evidence_not_triggered,unknown
QSB-PLANCK-BRIDGE-RESONATOR-INDEPENDENT-LAG-VARIABLE-ADMISSIBILITY-EXECUTION-01,CAND-0023,unknown_alias_risk,triggered,alias_risk_level=unknown; value_series_status=not_available,unknown
QSB-PLANCK-BRIDGE-RESONATOR-INDEPENDENT-LAG-VARIABLE-ADMISSIBILITY-EXECUTION-01,CAND-0024,exact_lag_alias,not_triggered,inventory_evidence_not_triggered,unknown
QSB-PLANCK-BRIDGE-RESONATOR-INDEPENDENT-LAG-VARIABLE-ADMISSIBILITY-EXECUTION-01,CAND-0024,absolute_lag_alias,not_triggered,inventory_evidence_not_triggered,unknown
QSB-PLANCK-BRIDGE-RESONATOR-INDEPENDENT-LAG-VARIABLE-ADMISSIBILITY-EXECUTION-01,CAND-0024,pair_id_lookup_alias,not_triggered,inventory_evidence_not_triggered,unknown
QSB-PLANCK-BRIDGE-RESONATOR-INDEPENDENT-LAG-VARIABLE-ADMISSIBILITY-EXECUTION-01,CAND-0024,index_order_alias,not_triggered,inventory_evidence_not_triggered,unknown
QSB-PLANCK-BRIDGE-RESONATOR-INDEPENDENT-LAG-VARIABLE-ADMISSIBILITY-EXECUTION-01,CAND-0024,monotonic_lag_surrogate,not_triggered,inventory_evidence_not_triggered,unknown
QSB-PLANCK-BRIDGE-RESONATOR-INDEPENDENT-LAG-VARIABLE-ADMISSIBILITY-EXECUTION-01,CAND-0024,piecewise_lag_surrogate,not_triggered,inventory_evidence_not_triggered,unknown
QSB-PLANCK-BRIDGE-RESONATOR-INDEPENDENT-LAG-VARIABLE-ADMISSIBILITY-EXECUTION-01,CAND-0024,symmetry_only_alias,not_triggered,inventory_evidence_not_triggered,unknown
QSB-PLANCK-BRIDGE-RESONATOR-INDEPENDENT-LAG-VARIABLE-ADMISSIBILITY-EXECUTION-01,CAND-0024,phase_response_abs_lag_alias,not_triggered,inventory_evidence_not_triggered,unknown
QSB-PLANCK-BRIDGE-RESONATOR-INDEPENDENT-LAG-VARIABLE-ADMISSIBILITY-EXECUTION-01,CAND-0024,unknown_alias_risk,triggered,alias_risk_level=unknown; value_series_status=not_available,unknown
QSB-PLANCK-BRIDGE-RESONATOR-INDEPENDENT-LAG-VARIABLE-ADMISSIBILITY-EXECUTION-01,CAND-0025,exact_lag_alias,not_triggered,inventory_evidence_not_triggered,unknown
QSB-PLANCK-BRIDGE-RESONATOR-INDEPENDENT-LAG-VARIABLE-ADMISSIBILITY-EXECUTION-01,CAND-0025,absolute_lag_alias,not_triggered,inventory_evidence_not_triggered,unknown
QSB-PLANCK-BRIDGE-RESONATOR-INDEPENDENT-LAG-VARIABLE-ADMISSIBILITY-EXECUTION-01,CAND-0025,pair_id_lookup_alias,not_triggered,inventory_evidence_not_triggered,unknown
QSB-PLANCK-BRIDGE-RESONATOR-INDEPENDENT-LAG-VARIABLE-ADMISSIBILITY-EXECUTION-01,CAND-0025,index_order_alias,not_triggered,inventory_evidence_not_triggered,unknown
QSB-PLANCK-BRIDGE-RESONATOR-INDEPENDENT-LAG-VARIABLE-ADMISSIBILITY-EXECUTION-01,CAND-0025,monotonic_lag_surrogate,not_triggered,inventory_evidence_not_triggered,unknown
QSB-PLANCK-BRIDGE-RESONATOR-INDEPENDENT-LAG-VARIABLE-ADMISSIBILITY-EXECUTION-01,CAND-0025,piecewise_lag_surrogate,not_triggered,inventory_evidence_not_triggered,unknown
QSB-PLANCK-BRIDGE-RESONATOR-INDEPENDENT-LAG-VARIABLE-ADMISSIBILITY-EXECUTION-01,CAND-0025,symmetry_only_alias,not_triggered,inventory_evidence_not_triggered,unknown
QSB-PLANCK-BRIDGE-RESONATOR-INDEPENDENT-LAG-VARIABLE-ADMISSIBILITY-EXECUTION-01,CAND-0025,phase_response_abs_lag_alias,not_triggered,inventory_evidence_not_triggered,unknown
QSB-PLANCK-BRIDGE-RESONATOR-INDEPENDENT-LAG-VARIABLE-ADMISSIBILITY-EXECUTION-01,CAND-0025,unknown_alias_risk,triggered,alias_risk_level=unknown; value_series_status=not_available,unknown
QSB-PLANCK-BRIDGE-RESONATOR-INDEPENDENT-LAG-VARIABLE-ADMISSIBILITY-EXECUTION-01,CAND-0026,exact_lag_alias,not_triggered,inventory_evidence_not_triggered,unknown
QSB-PLANCK-BRIDGE-RESONATOR-INDEPENDENT-LAG-VARIABLE-ADMISSIBILITY-EXECUTION-01,CAND-0026,absolute_lag_alias,not_triggered,inventory_evidence_not_triggered,unknown
QSB-PLANCK-BRIDGE-RESONATOR-INDEPENDENT-LAG-VARIABLE-ADMISSIBILITY-EXECUTION-01,CAND-0026,pair_id_lookup_alias,not_triggered,inventory_evidence_not_triggered,unknown
QSB-PLANCK-BRIDGE-RESONATOR-INDEPENDENT-LAG-VARIABLE-ADMISSIBILITY-EXECUTION-01,CAND-0026,index_order_alias,not_triggered,inventory_evidence_not_triggered,unknown
QSB-PLANCK-BRIDGE-RESONATOR-INDEPENDENT-LAG-VARIABLE-ADMISSIBILITY-EXECUTION-01,CAND-0026,monotonic_lag_surrogate,not_triggered,inventory_evidence_not_triggered,unknown
QSB-PLANCK-BRIDGE-RESONATOR-INDEPENDENT-LAG-VARIABLE-ADMISSIBILITY-EXECUTION-01,CAND-0026,piecewise_lag_surrogate,not_triggered,inventory_evidence_not_triggered,unknown
QSB-PLANCK-BRIDGE-RESONATOR-INDEPENDENT-LAG-VARIABLE-ADMISSIBILITY-EXECUTION-01,CAND-0026,symmetry_only_alias,not_triggered,inventory_evidence_not_triggered,unknown
QSB-PLANCK-BRIDGE-RESONATOR-INDEPENDENT-LAG-VARIABLE-ADMISSIBILITY-EXECUTION-01,CAND-0026,phase_response_abs_lag_alias,not_triggered,inventory_evidence_not_triggered,unknown
QSB-PLANCK-BRIDGE-RESONATOR-INDEPENDENT-LAG-VARIABLE-ADMISSIBILITY-EXECUTION-01,CAND-0026,unknown_alias_risk,triggered,alias_risk_level=unknown; value_series_status=not_available,unknown
QSB-PLANCK-BRIDGE-RESONATOR-INDEPENDENT-LAG-VARIABLE-ADMISSIBILITY-EXECUTION-01,CAND-0027,exact_lag_alias,not_triggered,inventory_evidence_not_triggered,unknown
QSB-PLANCK-BRIDGE-RESONATOR-INDEPENDENT-LAG-VARIABLE-ADMISSIBILITY-EXECUTION-01,CAND-0027,absolute_lag_alias,not_triggered,inventory_evidence_not_triggered,unknown
QSB-PLANCK-BRIDGE-RESONATOR-INDEPENDENT-LAG-VARIABLE-ADMISSIBILITY-EXECUTION-01,CAND-0027,pair_id_lookup_alias,not_triggered,inventory_evidence_not_triggered,unknown
QSB-PLANCK-BRIDGE-RESONATOR-INDEPENDENT-LAG-VARIABLE-ADMISSIBILITY-EXECUTION-01,CAND-0027,index_order_alias,not_triggered,inventory_evidence_not_triggered,unknown
QSB-PLANCK-BRIDGE-RESONATOR-INDEPENDENT-LAG-VARIABLE-ADMISSIBILITY-EXECUTION-01,CAND-0027,monotonic_lag_surrogate,not_triggered,inventory_evidence_not_triggered,unknown
QSB-PLANCK-BRIDGE-RESONATOR-INDEPENDENT-LAG-VARIABLE-ADMISSIBILITY-EXECUTION-01,CAND-0027,piecewise_lag_surrogate,not_triggered,inventory_evidence_not_triggered,unknown
QSB-PLANCK-BRIDGE-RESONATOR-INDEPENDENT-LAG-VARIABLE-ADMISSIBILITY-EXECUTION-01,CAND-0027,symmetry_only_alias,not_triggered,inventory_evidence_not_triggered,unknown
QSB-PLANCK-BRIDGE-RESONATOR-INDEPENDENT-LAG-VARIABLE-ADMISSIBILITY-EXECUTION-01,CAND-0027,phase_response_abs_lag_alias,not_triggered,inventory_evidence_not_triggered,unknown
QSB-PLANCK-BRIDGE-RESONATOR-INDEPENDENT-LAG-VARIABLE-ADMISSIBILITY-EXECUTION-01,CAND-0027,unknown_alias_risk,triggered,alias_risk_level=unknown; value_series_status=not_available,unknown
QSB-PLANCK-BRIDGE-RESONATOR-INDEPENDENT-LAG-VARIABLE-ADMISSIBILITY-EXECUTION-01,CAND-0028,exact_lag_alias,not_triggered,inventory_evidence_not_triggered,unknown
QSB-PLANCK-BRIDGE-RESONATOR-INDEPENDENT-LAG-VARIABLE-ADMISSIBILITY-EXECUTION-01,CAND-0028,absolute_lag_alias,not_triggered,inventory_evidence_not_triggered,unknown
QSB-PLANCK-BRIDGE-RESONATOR-INDEPENDENT-LAG-VARIABLE-ADMISSIBILITY-EXECUTION-01,CAND-0028,pair_id_lookup_alias,not_triggered,inventory_evidence_not_triggered,unknown
QSB-PLANCK-BRIDGE-RESONATOR-INDEPENDENT-LAG-VARIABLE-ADMISSIBILITY-EXECUTION-01,CAND-0028,index_order_alias,not_triggered,inventory_evidence_not_triggered,unknown
QSB-PLANCK-BRIDGE-RESONATOR-INDEPENDENT-LAG-VARIABLE-ADMISSIBILITY-EXECUTION-01,CAND-0028,monotonic_lag_surrogate,not_triggered,inventory_evidence_not_triggered,unknown
QSB-PLANCK-BRIDGE-RESONATOR-INDEPENDENT-LAG-VARIABLE-ADMISSIBILITY-EXECUTION-01,CAND-0028,piecewise_lag_surrogate,not_triggered,inventory_evidence_not_triggered,unknown
QSB-PLANCK-BRIDGE-RESONATOR-INDEPENDENT-LAG-VARIABLE-ADMISSIBILITY-EXECUTION-01,CAND-0028,symmetry_only_alias,not_triggered,inventory_evidence_not_triggered,unknown
QSB-PLANCK-BRIDGE-RESONATOR-INDEPENDENT-LAG-VARIABLE-ADMISSIBILITY-EXECUTION-01,CAND-0028,phase_response_abs_lag_alias,not_triggered,inventory_evidence_not_triggered,unknown
QSB-PLANCK-BRIDGE-RESONATOR-INDEPENDENT-LAG-VARIABLE-ADMISSIBILITY-EXECUTION-01,CAND-0028,unknown_alias_risk,triggered,alias_risk_level=unknown; value_series_status=not_available,unknown
QSB-PLANCK-BRIDGE-RESONATOR-INDEPENDENT-LAG-VARIABLE-ADMISSIBILITY-EXECUTION-01,CAND-0029,exact_lag_alias,not_triggered,inventory_evidence_not_triggered,unknown
QSB-PLANCK-BRIDGE-RESONATOR-INDEPENDENT-LAG-VARIABLE-ADMISSIBILITY-EXECUTION-01,CAND-0029,absolute_lag_alias,not_triggered,inventory_evidence_not_triggered,unknown
QSB-PLANCK-BRIDGE-RESONATOR-INDEPENDENT-LAG-VARIABLE-ADMISSIBILITY-EXECUTION-01,CAND-0029,pair_id_lookup_alias,not_triggered,inventory_evidence_not_triggered,unknown
QSB-PLANCK-BRIDGE-RESONATOR-INDEPENDENT-LAG-VARIABLE-ADMISSIBILITY-EXECUTION-01,CAND-0029,index_order_alias,not_triggered,inventory_evidence_not_triggered,unknown
QSB-PLANCK-BRIDGE-RESONATOR-INDEPENDENT-LAG-VARIABLE-ADMISSIBILITY-EXECUTION-01,CAND-0029,monotonic_lag_surrogate,not_triggered,inventory_evidence_not_triggered,unknown
QSB-PLANCK-BRIDGE-RESONATOR-INDEPENDENT-LAG-VARIABLE-ADMISSIBILITY-EXECUTION-01,CAND-0029,piecewise_lag_surrogate,not_triggered,inventory_evidence_not_triggered,unknown
QSB-PLANCK-BRIDGE-RESONATOR-INDEPENDENT-LAG-VARIABLE-ADMISSIBILITY-EXECUTION-01,CAND-0029,symmetry_only_alias,not_triggered,inventory_evidence_not_triggered,unknown
QSB-PLANCK-BRIDGE-RESONATOR-INDEPENDENT-LAG-VARIABLE-ADMISSIBILITY-EXECUTION-01,CAND-0029,phase_response_abs_lag_alias,not_triggered,inventory_evidence_not_triggered,unknown
QSB-PLANCK-BRIDGE-RESONATOR-INDEPENDENT-LAG-VARIABLE-ADMISSIBILITY-EXECUTION-01,CAND-0029,unknown_alias_risk,triggered,alias_risk_level=unknown; value_series_status=not_available,unknown
QSB-PLANCK-BRIDGE-RESONATOR-INDEPENDENT-LAG-VARIABLE-ADMISSIBILITY-EXECUTION-01,CAND-0030,exact_lag_alias,not_triggered,inventory_evidence_not_triggered,unknown
QSB-PLANCK-BRIDGE-RESONATOR-INDEPENDENT-LAG-VARIABLE-ADMISSIBILITY-EXECUTION-01,CAND-0030,absolute_lag_alias,not_triggered,inventory_evidence_not_triggered,unknown
QSB-PLANCK-BRIDGE-RESONATOR-INDEPENDENT-LAG-VARIABLE-ADMISSIBILITY-EXECUTION-01,CAND-0030,pair_id_lookup_alias,not_triggered,inventory_evidence_not_triggered,unknown
QSB-PLANCK-BRIDGE-RESONATOR-INDEPENDENT-LAG-VARIABLE-ADMISSIBILITY-EXECUTION-01,CAND-0030,index_order_alias,not_triggered,inventory_evidence_not_triggered,unknown
QSB-PLANCK-BRIDGE-RESONATOR-INDEPENDENT-LAG-VARIABLE-ADMISSIBILITY-EXECUTION-01,CAND-0030,monotonic_lag_surrogate,not_triggered,inventory_evidence_not_triggered,unknown
QSB-PLANCK-BRIDGE-RESONATOR-INDEPENDENT-LAG-VARIABLE-ADMISSIBILITY-EXECUTION-01,CAND-0030,piecewise_lag_surrogate,not_triggered,inventory_evidence_not_triggered,unknown
QSB-PLANCK-BRIDGE-RESONATOR-INDEPENDENT-LAG-VARIABLE-ADMISSIBILITY-EXECUTION-01,CAND-0030,symmetry_only_alias,not_triggered,inventory_evidence_not_triggered,unknown
QSB-PLANCK-BRIDGE-RESONATOR-INDEPENDENT-LAG-VARIABLE-ADMISSIBILITY-EXECUTION-01,CAND-0030,phase_response_abs_lag_alias,not_triggered,inventory_evidence_not_triggered,unknown
QSB-PLANCK-BRIDGE-RESONATOR-INDEPENDENT-LAG-VARIABLE-ADMISSIBILITY-EXECUTION-01,CAND-0030,unknown_alias_risk,triggered,alias_risk_level=unknown; value_series_status=not_available,unknown
QSB-PLANCK-BRIDGE-RESONATOR-INDEPENDENT-LAG-VARIABLE-ADMISSIBILITY-EXECUTION-01,CAND-0031,exact_lag_alias,not_triggered,inventory_evidence_not_triggered,unknown
QSB-PLANCK-BRIDGE-RESONATOR-INDEPENDENT-LAG-VARIABLE-ADMISSIBILITY-EXECUTION-01,CAND-0031,absolute_lag_alias,not_triggered,inventory_evidence_not_triggered,unknown
QSB-PLANCK-BRIDGE-RESONATOR-INDEPENDENT-LAG-VARIABLE-ADMISSIBILITY-EXECUTION-01,CAND-0031,pair_id_lookup_alias,not_triggered,inventory_evidence_not_triggered,unknown
QSB-PLANCK-BRIDGE-RESONATOR-INDEPENDENT-LAG-VARIABLE-ADMISSIBILITY-EXECUTION-01,CAND-0031,index_order_alias,not_triggered,inventory_evidence_not_triggered,unknown
QSB-PLANCK-BRIDGE-RESONATOR-INDEPENDENT-LAG-VARIABLE-ADMISSIBILITY-EXECUTION-01,CAND-0031,monotonic_lag_surrogate,not_triggered,inventory_evidence_not_triggered,unknown
QSB-PLANCK-BRIDGE-RESONATOR-INDEPENDENT-LAG-VARIABLE-ADMISSIBILITY-EXECUTION-01,CAND-0031,piecewise_lag_surrogate,not_triggered,inventory_evidence_not_triggered,unknown
QSB-PLANCK-BRIDGE-RESONATOR-INDEPENDENT-LAG-VARIABLE-ADMISSIBILITY-EXECUTION-01,CAND-0031,symmetry_only_alias,not_triggered,inventory_evidence_not_triggered,unknown
QSB-PLANCK-BRIDGE-RESONATOR-INDEPENDENT-LAG-VARIABLE-ADMISSIBILITY-EXECUTION-01,CAND-0031,phase_response_abs_lag_alias,not_triggered,inventory_evidence_not_triggered,unknown
QSB-PLANCK-BRIDGE-RESONATOR-INDEPENDENT-LAG-VARIABLE-ADMISSIBILITY-EXECUTION-01,CAND-0031,unknown_alias_risk,triggered,alias_risk_level=unknown; value_series_status=not_available,unknown
QSB-PLANCK-BRIDGE-RESONATOR-INDEPENDENT-LAG-VARIABLE-ADMISSIBILITY-EXECUTION-01,CAND-0032,exact_lag_alias,not_triggered,inventory_evidence_not_triggered,unknown
QSB-PLANCK-BRIDGE-RESONATOR-INDEPENDENT-LAG-VARIABLE-ADMISSIBILITY-EXECUTION-01,CAND-0032,absolute_lag_alias,not_triggered,inventory_evidence_not_triggered,unknown
QSB-PLANCK-BRIDGE-RESONATOR-INDEPENDENT-LAG-VARIABLE-ADMISSIBILITY-EXECUTION-01,CAND-0032,pair_id_lookup_alias,not_triggered,inventory_evidence_not_triggered,unknown
QSB-PLANCK-BRIDGE-RESONATOR-INDEPENDENT-LAG-VARIABLE-ADMISSIBILITY-EXECUTION-01,CAND-0032,index_order_alias,not_triggered,inventory_evidence_not_triggered,unknown
QSB-PLANCK-BRIDGE-RESONATOR-INDEPENDENT-LAG-VARIABLE-ADMISSIBILITY-EXECUTION-01,CAND-0032,monotonic_lag_surrogate,not_triggered,inventory_evidence_not_triggered,unknown
QSB-PLANCK-BRIDGE-RESONATOR-INDEPENDENT-LAG-VARIABLE-ADMISSIBILITY-EXECUTION-01,CAND-0032,piecewise_lag_surrogate,not_triggered,inventory_evidence_not_triggered,unknown
QSB-PLANCK-BRIDGE-RESONATOR-INDEPENDENT-LAG-VARIABLE-ADMISSIBILITY-EXECUTION-01,CAND-0032,symmetry_only_alias,not_triggered,inventory_evidence_not_triggered,unknown
QSB-PLANCK-BRIDGE-RESONATOR-INDEPENDENT-LAG-VARIABLE-ADMISSIBILITY-EXECUTION-01,CAND-0032,phase_response_abs_lag_alias,not_triggered,inventory_evidence_not_triggered,unknown
QSB-PLANCK-BRIDGE-RESONATOR-INDEPENDENT-LAG-VARIABLE-ADMISSIBILITY-EXECUTION-01,CAND-0032,unknown_alias_risk,triggered,alias_risk_level=unknown; value_series_status=not_available,unknown
QSB-PLANCK-BRIDGE-RESONATOR-INDEPENDENT-LAG-VARIABLE-ADMISSIBILITY-EXECUTION-01,CAND-0033,exact_lag_alias,not_triggered,inventory_evidence_not_triggered,unknown
QSB-PLANCK-BRIDGE-RESONATOR-INDEPENDENT-LAG-VARIABLE-ADMISSIBILITY-EXECUTION-01,CAND-0033,absolute_lag_alias,not_triggered,inventory_evidence_not_triggered,unknown
QSB-PLANCK-BRIDGE-RESONATOR-INDEPENDENT-LAG-VARIABLE-ADMISSIBILITY-EXECUTION-01,CAND-0033,pair_id_lookup_alias,not_triggered,inventory_evidence_not_triggered,unknown
QSB-PLANCK-BRIDGE-RESONATOR-INDEPENDENT-LAG-VARIABLE-ADMISSIBILITY-EXECUTION-01,CAND-0033,index_order_alias,not_triggered,inventory_evidence_not_triggered,unknown
QSB-PLANCK-BRIDGE-RESONATOR-INDEPENDENT-LAG-VARIABLE-ADMISSIBILITY-EXECUTION-01,CAND-0033,monotonic_lag_surrogate,not_triggered,inventory_evidence_not_triggered,unknown
QSB-PLANCK-BRIDGE-RESONATOR-INDEPENDENT-LAG-VARIABLE-ADMISSIBILITY-EXECUTION-01,CAND-0033,piecewise_lag_surrogate,not_triggered,inventory_evidence_not_triggered,unknown
QSB-PLANCK-BRIDGE-RESONATOR-INDEPENDENT-LAG-VARIABLE-ADMISSIBILITY-EXECUTION-01,CAND-0033,symmetry_only_alias,not_triggered,inventory_evidence_not_triggered,unknown
QSB-PLANCK-BRIDGE-RESONATOR-INDEPENDENT-LAG-VARIABLE-ADMISSIBILITY-EXECUTION-01,CAND-0033,phase_response_abs_lag_alias,not_triggered,inventory_evidence_not_triggered,unknown
QSB-PLANCK-BRIDGE-RESONATOR-INDEPENDENT-LAG-VARIABLE-ADMISSIBILITY-EXECUTION-01,CAND-0033,unknown_alias_risk,triggered,alias_risk_level=unknown; value_series_status=not_available,unknown
QSB-PLANCK-BRIDGE-RESONATOR-INDEPENDENT-LAG-VARIABLE-ADMISSIBILITY-EXECUTION-01,CAND-0034,exact_lag_alias,not_triggered,inventory_evidence_not_triggered,unknown
QSB-PLANCK-BRIDGE-RESONATOR-INDEPENDENT-LAG-VARIABLE-ADMISSIBILITY-EXECUTION-01,CAND-0034,absolute_lag_alias,not_triggered,inventory_evidence_not_triggered,unknown
QSB-PLANCK-BRIDGE-RESONATOR-INDEPENDENT-LAG-VARIABLE-ADMISSIBILITY-EXECUTION-01,CAND-0034,pair_id_lookup_alias,not_triggered,inventory_evidence_not_triggered,unknown
QSB-PLANCK-BRIDGE-RESONATOR-INDEPENDENT-LAG-VARIABLE-ADMISSIBILITY-EXECUTION-01,CAND-0034,index_order_alias,not_triggered,inventory_evidence_not_triggered,unknown
QSB-PLANCK-BRIDGE-RESONATOR-INDEPENDENT-LAG-VARIABLE-ADMISSIBILITY-EXECUTION-01,CAND-0034,monotonic_lag_surrogate,not_triggered,inventory_evidence_not_triggered,unknown
QSB-PLANCK-BRIDGE-RESONATOR-INDEPENDENT-LAG-VARIABLE-ADMISSIBILITY-EXECUTION-01,CAND-0034,piecewise_lag_surrogate,not_triggered,inventory_evidence_not_triggered,unknown
QSB-PLANCK-BRIDGE-RESONATOR-INDEPENDENT-LAG-VARIABLE-ADMISSIBILITY-EXECUTION-01,CAND-0034,symmetry_only_alias,not_triggered,inventory_evidence_not_triggered,unknown
QSB-PLANCK-BRIDGE-RESONATOR-INDEPENDENT-LAG-VARIABLE-ADMISSIBILITY-EXECUTION-01,CAND-0034,phase_response_abs_lag_alias,not_triggered,inventory_evidence_not_triggered,unknown
QSB-PLANCK-BRIDGE-RESONATOR-INDEPENDENT-LAG-VARIABLE-ADMISSIBILITY-EXECUTION-01,CAND-0034,unknown_alias_risk,triggered,alias_risk_level=unknown; value_series_status=not_available,unknown
QSB-PLANCK-BRIDGE-RESONATOR-INDEPENDENT-LAG-VARIABLE-ADMISSIBILITY-EXECUTION-01,CAND-0035,exact_lag_alias,not_triggered,inventory_evidence_not_triggered,unknown
QSB-PLANCK-BRIDGE-RESONATOR-INDEPENDENT-LAG-VARIABLE-ADMISSIBILITY-EXECUTION-01,CAND-0035,absolute_lag_alias,not_triggered,inventory_evidence_not_triggered,unknown
QSB-PLANCK-BRIDGE-RESONATOR-INDEPENDENT-LAG-VARIABLE-ADMISSIBILITY-EXECUTION-01,CAND-0035,pair_id_lookup_alias,not_triggered,inventory_evidence_not_triggered,unknown
QSB-PLANCK-BRIDGE-RESONATOR-INDEPENDENT-LAG-VARIABLE-ADMISSIBILITY-EXECUTION-01,CAND-0035,index_order_alias,not_triggered,inventory_evidence_not_triggered,unknown
QSB-PLANCK-BRIDGE-RESONATOR-INDEPENDENT-LAG-VARIABLE-ADMISSIBILITY-EXECUTION-01,CAND-0035,monotonic_lag_surrogate,not_triggered,inventory_evidence_not_triggered,unknown
QSB-PLANCK-BRIDGE-RESONATOR-INDEPENDENT-LAG-VARIABLE-ADMISSIBILITY-EXECUTION-01,CAND-0035,piecewise_lag_surrogate,not_triggered,inventory_evidence_not_triggered,unknown
QSB-PLANCK-BRIDGE-RESONATOR-INDEPENDENT-LAG-VARIABLE-ADMISSIBILITY-EXECUTION-01,CAND-0035,symmetry_only_alias,not_triggered,inventory_evidence_not_triggered,unknown
QSB-PLANCK-BRIDGE-RESONATOR-INDEPENDENT-LAG-VARIABLE-ADMISSIBILITY-EXECUTION-01,CAND-0035,phase_response_abs_lag_alias,not_triggered,inventory_evidence_not_triggered,unknown
QSB-PLANCK-BRIDGE-RESONATOR-INDEPENDENT-LAG-VARIABLE-ADMISSIBILITY-EXECUTION-01,CAND-0035,unknown_alias_risk,triggered,alias_risk_level=unknown; value_series_status=not_available,unknown
QSB-PLANCK-BRIDGE-RESONATOR-INDEPENDENT-LAG-VARIABLE-ADMISSIBILITY-EXECUTION-01,CAND-0036,exact_lag_alias,not_triggered,inventory_evidence_not_triggered,unknown
QSB-PLANCK-BRIDGE-RESONATOR-INDEPENDENT-LAG-VARIABLE-ADMISSIBILITY-EXECUTION-01,CAND-0036,absolute_lag_alias,not_triggered,inventory_evidence_not_triggered,unknown
QSB-PLANCK-BRIDGE-RESONATOR-INDEPENDENT-LAG-VARIABLE-ADMISSIBILITY-EXECUTION-01,CAND-0036,pair_id_lookup_alias,not_triggered,inventory_evidence_not_triggered,unknown
QSB-PLANCK-BRIDGE-RESONATOR-INDEPENDENT-LAG-VARIABLE-ADMISSIBILITY-EXECUTION-01,CAND-0036,index_order_alias,not_triggered,inventory_evidence_not_triggered,unknown
QSB-PLANCK-BRIDGE-RESONATOR-INDEPENDENT-LAG-VARIABLE-ADMISSIBILITY-EXECUTION-01,CAND-0036,monotonic_lag_surrogate,not_triggered,inventory_evidence_not_triggered,unknown
QSB-PLANCK-BRIDGE-RESONATOR-INDEPENDENT-LAG-VARIABLE-ADMISSIBILITY-EXECUTION-01,CAND-0036,piecewise_lag_surrogate,not_triggered,inventory_evidence_not_triggered,unknown
QSB-PLANCK-BRIDGE-RESONATOR-INDEPENDENT-LAG-VARIABLE-ADMISSIBILITY-EXECUTION-01,CAND-0036,symmetry_only_alias,not_triggered,inventory_evidence_not_triggered,unknown
QSB-PLANCK-BRIDGE-RESONATOR-INDEPENDENT-LAG-VARIABLE-ADMISSIBILITY-EXECUTION-01,CAND-0036,phase_response_abs_lag_alias,not_triggered,inventory_evidence_not_triggered,unknown
QSB-PLANCK-BRIDGE-RESONATOR-INDEPENDENT-LAG-VARIABLE-ADMISSIBILITY-EXECUTION-01,CAND-0036,unknown_alias_risk,triggered,alias_risk_level=unknown; value_series_status=not_available,unknown
QSB-PLANCK-BRIDGE-RESONATOR-INDEPENDENT-LAG-VARIABLE-ADMISSIBILITY-EXECUTION-01,CAND-0037,exact_lag_alias,not_triggered,inventory_evidence_not_triggered,unknown
QSB-PLANCK-BRIDGE-RESONATOR-INDEPENDENT-LAG-VARIABLE-ADMISSIBILITY-EXECUTION-01,CAND-0037,absolute_lag_alias,not_triggered,inventory_evidence_not_triggered,unknown
QSB-PLANCK-BRIDGE-RESONATOR-INDEPENDENT-LAG-VARIABLE-ADMISSIBILITY-EXECUTION-01,CAND-0037,pair_id_lookup_alias,not_triggered,inventory_evidence_not_triggered,unknown
QSB-PLANCK-BRIDGE-RESONATOR-INDEPENDENT-LAG-VARIABLE-ADMISSIBILITY-EXECUTION-01,CAND-0037,index_order_alias,not_triggered,inventory_evidence_not_triggered,unknown
QSB-PLANCK-BRIDGE-RESONATOR-INDEPENDENT-LAG-VARIABLE-ADMISSIBILITY-EXECUTION-01,CAND-0037,monotonic_lag_surrogate,not_triggered,inventory_evidence_not_triggered,unknown
QSB-PLANCK-BRIDGE-RESONATOR-INDEPENDENT-LAG-VARIABLE-ADMISSIBILITY-EXECUTION-01,CAND-0037,piecewise_lag_surrogate,not_triggered,inventory_evidence_not_triggered,unknown
QSB-PLANCK-BRIDGE-RESONATOR-INDEPENDENT-LAG-VARIABLE-ADMISSIBILITY-EXECUTION-01,CAND-0037,symmetry_only_alias,not_triggered,inventory_evidence_not_triggered,unknown
QSB-PLANCK-BRIDGE-RESONATOR-INDEPENDENT-LAG-VARIABLE-ADMISSIBILITY-EXECUTION-01,CAND-0037,phase_response_abs_lag_alias,not_triggered,inventory_evidence_not_triggered,unknown
QSB-PLANCK-BRIDGE-RESONATOR-INDEPENDENT-LAG-VARIABLE-ADMISSIBILITY-EXECUTION-01,CAND-0037,unknown_alias_risk,triggered,alias_risk_level=unknown; value_series_status=not_available,unknown
QSB-PLANCK-BRIDGE-RESONATOR-INDEPENDENT-LAG-VARIABLE-ADMISSIBILITY-EXECUTION-01,CAND-0038,exact_lag_alias,not_triggered,inventory_evidence_not_triggered,unknown
QSB-PLANCK-BRIDGE-RESONATOR-INDEPENDENT-LAG-VARIABLE-ADMISSIBILITY-EXECUTION-01,CAND-0038,absolute_lag_alias,not_triggered,inventory_evidence_not_triggered,unknown
QSB-PLANCK-BRIDGE-RESONATOR-INDEPENDENT-LAG-VARIABLE-ADMISSIBILITY-EXECUTION-01,CAND-0038,pair_id_lookup_alias,not_triggered,inventory_evidence_not_triggered,unknown
QSB-PLANCK-BRIDGE-RESONATOR-INDEPENDENT-LAG-VARIABLE-ADMISSIBILITY-EXECUTION-01,CAND-0038,index_order_alias,not_triggered,inventory_evidence_not_triggered,unknown
QSB-PLANCK-BRIDGE-RESONATOR-INDEPENDENT-LAG-VARIABLE-ADMISSIBILITY-EXECUTION-01,CAND-0038,monotonic_lag_surrogate,not_triggered,inventory_evidence_not_triggered,unknown
QSB-PLANCK-BRIDGE-RESONATOR-INDEPENDENT-LAG-VARIABLE-ADMISSIBILITY-EXECUTION-01,CAND-0038,piecewise_lag_surrogate,not_triggered,inventory_evidence_not_triggered,unknown
QSB-PLANCK-BRIDGE-RESONATOR-INDEPENDENT-LAG-VARIABLE-ADMISSIBILITY-EXECUTION-01,CAND-0038,symmetry_only_alias,not_triggered,inventory_evidence_not_triggered,unknown
QSB-PLANCK-BRIDGE-RESONATOR-INDEPENDENT-LAG-VARIABLE-ADMISSIBILITY-EXECUTION-01,CAND-0038,phase_response_abs_lag_alias,not_triggered,inventory_evidence_not_triggered,unknown
QSB-PLANCK-BRIDGE-RESONATOR-INDEPENDENT-LAG-VARIABLE-ADMISSIBILITY-EXECUTION-01,CAND-0038,unknown_alias_risk,triggered,alias_risk_level=unknown; value_series_status=not_available,unknown
QSB-PLANCK-BRIDGE-RESONATOR-INDEPENDENT-LAG-VARIABLE-ADMISSIBILITY-EXECUTION-01,CAND-0039,exact_lag_alias,not_triggered,inventory_evidence_not_triggered,unknown
QSB-PLANCK-BRIDGE-RESONATOR-INDEPENDENT-LAG-VARIABLE-ADMISSIBILITY-EXECUTION-01,CAND-0039,absolute_lag_alias,not_triggered,inventory_evidence_not_triggered,unknown
QSB-PLANCK-BRIDGE-RESONATOR-INDEPENDENT-LAG-VARIABLE-ADMISSIBILITY-EXECUTION-01,CAND-0039,pair_id_lookup_alias,not_triggered,inventory_evidence_not_triggered,unknown
QSB-PLANCK-BRIDGE-RESONATOR-INDEPENDENT-LAG-VARIABLE-ADMISSIBILITY-EXECUTION-01,CAND-0039,index_order_alias,not_triggered,inventory_evidence_not_triggered,unknown
QSB-PLANCK-BRIDGE-RESONATOR-INDEPENDENT-LAG-VARIABLE-ADMISSIBILITY-EXECUTION-01,CAND-0039,monotonic_lag_surrogate,not_triggered,inventory_evidence_not_triggered,unknown
QSB-PLANCK-BRIDGE-RESONATOR-INDEPENDENT-LAG-VARIABLE-ADMISSIBILITY-EXECUTION-01,CAND-0039,piecewise_lag_surrogate,not_triggered,inventory_evidence_not_triggered,unknown
QSB-PLANCK-BRIDGE-RESONATOR-INDEPENDENT-LAG-VARIABLE-ADMISSIBILITY-EXECUTION-01,CAND-0039,symmetry_only_alias,not_triggered,inventory_evidence_not_triggered,unknown
QSB-PLANCK-BRIDGE-RESONATOR-INDEPENDENT-LAG-VARIABLE-ADMISSIBILITY-EXECUTION-01,CAND-0039,phase_response_abs_lag_alias,not_triggered,inventory_evidence_not_triggered,unknown
QSB-PLANCK-BRIDGE-RESONATOR-INDEPENDENT-LAG-VARIABLE-ADMISSIBILITY-EXECUTION-01,CAND-0039,unknown_alias_risk,triggered,alias_risk_level=unknown; value_series_status=not_available,unknown
QSB-PLANCK-BRIDGE-RESONATOR-INDEPENDENT-LAG-VARIABLE-ADMISSIBILITY-EXECUTION-01,CAND-0040,exact_lag_alias,not_triggered,inventory_evidence_not_triggered,unknown
QSB-PLANCK-BRIDGE-RESONATOR-INDEPENDENT-LAG-VARIABLE-ADMISSIBILITY-EXECUTION-01,CAND-0040,absolute_lag_alias,not_triggered,inventory_evidence_not_triggered,unknown
QSB-PLANCK-BRIDGE-RESONATOR-INDEPENDENT-LAG-VARIABLE-ADMISSIBILITY-EXECUTION-01,CAND-0040,pair_id_lookup_alias,not_triggered,inventory_evidence_not_triggered,unknown
QSB-PLANCK-BRIDGE-RESONATOR-INDEPENDENT-LAG-VARIABLE-ADMISSIBILITY-EXECUTION-01,CAND-0040,index_order_alias,not_triggered,inventory_evidence_not_triggered,unknown
QSB-PLANCK-BRIDGE-RESONATOR-INDEPENDENT-LAG-VARIABLE-ADMISSIBILITY-EXECUTION-01,CAND-0040,monotonic_lag_surrogate,not_triggered,inventory_evidence_not_triggered,unknown
QSB-PLANCK-BRIDGE-RESONATOR-INDEPENDENT-LAG-VARIABLE-ADMISSIBILITY-EXECUTION-01,CAND-0040,piecewise_lag_surrogate,not_triggered,inventory_evidence_not_triggered,unknown
QSB-PLANCK-BRIDGE-RESONATOR-INDEPENDENT-LAG-VARIABLE-ADMISSIBILITY-EXECUTION-01,CAND-0040,symmetry_only_alias,not_triggered,inventory_evidence_not_triggered,unknown
QSB-PLANCK-BRIDGE-RESONATOR-INDEPENDENT-LAG-VARIABLE-ADMISSIBILITY-EXECUTION-01,CAND-0040,phase_response_abs_lag_alias,not_triggered,inventory_evidence_not_triggered,unknown
QSB-PLANCK-BRIDGE-RESONATOR-INDEPENDENT-LAG-VARIABLE-ADMISSIBILITY-EXECUTION-01,CAND-0040,unknown_alias_risk,triggered,alias_risk_level=unknown; value_series_status=not_available,unknown
QSB-PLANCK-BRIDGE-RESONATOR-INDEPENDENT-LAG-VARIABLE-ADMISSIBILITY-EXECUTION-01,CAND-0041,exact_lag_alias,not_triggered,inventory_evidence_not_triggered,unknown
QSB-PLANCK-BRIDGE-RESONATOR-INDEPENDENT-LAG-VARIABLE-ADMISSIBILITY-EXECUTION-01,CAND-0041,absolute_lag_alias,not_triggered,inventory_evidence_not_triggered,unknown
QSB-PLANCK-BRIDGE-RESONATOR-INDEPENDENT-LAG-VARIABLE-ADMISSIBILITY-EXECUTION-01,CAND-0041,pair_id_lookup_alias,not_triggered,inventory_evidence_not_triggered,unknown
QSB-PLANCK-BRIDGE-RESONATOR-INDEPENDENT-LAG-VARIABLE-ADMISSIBILITY-EXECUTION-01,CAND-0041,index_order_alias,not_triggered,inventory_evidence_not_triggered,unknown
QSB-PLANCK-BRIDGE-RESONATOR-INDEPENDENT-LAG-VARIABLE-ADMISSIBILITY-EXECUTION-01,CAND-0041,monotonic_lag_surrogate,not_triggered,inventory_evidence_not_triggered,unknown
QSB-PLANCK-BRIDGE-RESONATOR-INDEPENDENT-LAG-VARIABLE-ADMISSIBILITY-EXECUTION-01,CAND-0041,piecewise_lag_surrogate,not_triggered,inventory_evidence_not_triggered,unknown
QSB-PLANCK-BRIDGE-RESONATOR-INDEPENDENT-LAG-VARIABLE-ADMISSIBILITY-EXECUTION-01,CAND-0041,symmetry_only_alias,not_triggered,inventory_evidence_not_triggered,unknown
QSB-PLANCK-BRIDGE-RESONATOR-INDEPENDENT-LAG-VARIABLE-ADMISSIBILITY-EXECUTION-01,CAND-0041,phase_response_abs_lag_alias,not_triggered,inventory_evidence_not_triggered,unknown
QSB-PLANCK-BRIDGE-RESONATOR-INDEPENDENT-LAG-VARIABLE-ADMISSIBILITY-EXECUTION-01,CAND-0041,unknown_alias_risk,triggered,alias_risk_level=unknown; value_series_status=not_available,unknown
QSB-PLANCK-BRIDGE-RESONATOR-INDEPENDENT-LAG-VARIABLE-ADMISSIBILITY-EXECUTION-01,CAND-0042,exact_lag_alias,not_triggered,inventory_evidence_not_triggered,unknown
QSB-PLANCK-BRIDGE-RESONATOR-INDEPENDENT-LAG-VARIABLE-ADMISSIBILITY-EXECUTION-01,CAND-0042,absolute_lag_alias,not_triggered,inventory_evidence_not_triggered,unknown
QSB-PLANCK-BRIDGE-RESONATOR-INDEPENDENT-LAG-VARIABLE-ADMISSIBILITY-EXECUTION-01,CAND-0042,pair_id_lookup_alias,not_triggered,inventory_evidence_not_triggered,unknown
QSB-PLANCK-BRIDGE-RESONATOR-INDEPENDENT-LAG-VARIABLE-ADMISSIBILITY-EXECUTION-01,CAND-0042,index_order_alias,not_triggered,inventory_evidence_not_triggered,unknown
QSB-PLANCK-BRIDGE-RESONATOR-INDEPENDENT-LAG-VARIABLE-ADMISSIBILITY-EXECUTION-01,CAND-0042,monotonic_lag_surrogate,not_triggered,inventory_evidence_not_triggered,unknown
QSB-PLANCK-BRIDGE-RESONATOR-INDEPENDENT-LAG-VARIABLE-ADMISSIBILITY-EXECUTION-01,CAND-0042,piecewise_lag_surrogate,not_triggered,inventory_evidence_not_triggered,unknown
QSB-PLANCK-BRIDGE-RESONATOR-INDEPENDENT-LAG-VARIABLE-ADMISSIBILITY-EXECUTION-01,CAND-0042,symmetry_only_alias,not_triggered,inventory_evidence_not_triggered,unknown
QSB-PLANCK-BRIDGE-RESONATOR-INDEPENDENT-LAG-VARIABLE-ADMISSIBILITY-EXECUTION-01,CAND-0042,phase_response_abs_lag_alias,not_triggered,inventory_evidence_not_triggered,unknown
QSB-PLANCK-BRIDGE-RESONATOR-INDEPENDENT-LAG-VARIABLE-ADMISSIBILITY-EXECUTION-01,CAND-0042,unknown_alias_risk,triggered,alias_risk_level=unknown; value_series_status=not_available,unknown
QSB-PLANCK-BRIDGE-RESONATOR-INDEPENDENT-LAG-VARIABLE-ADMISSIBILITY-EXECUTION-01,CAND-0043,exact_lag_alias,not_triggered,inventory_evidence_not_triggered,unknown
QSB-PLANCK-BRIDGE-RESONATOR-INDEPENDENT-LAG-VARIABLE-ADMISSIBILITY-EXECUTION-01,CAND-0043,absolute_lag_alias,not_triggered,inventory_evidence_not_triggered,unknown
QSB-PLANCK-BRIDGE-RESONATOR-INDEPENDENT-LAG-VARIABLE-ADMISSIBILITY-EXECUTION-01,CAND-0043,pair_id_lookup_alias,not_triggered,inventory_evidence_not_triggered,unknown
QSB-PLANCK-BRIDGE-RESONATOR-INDEPENDENT-LAG-VARIABLE-ADMISSIBILITY-EXECUTION-01,CAND-0043,index_order_alias,not_triggered,inventory_evidence_not_triggered,unknown
QSB-PLANCK-BRIDGE-RESONATOR-INDEPENDENT-LAG-VARIABLE-ADMISSIBILITY-EXECUTION-01,CAND-0043,monotonic_lag_surrogate,not_triggered,inventory_evidence_not_triggered,unknown
QSB-PLANCK-BRIDGE-RESONATOR-INDEPENDENT-LAG-VARIABLE-ADMISSIBILITY-EXECUTION-01,CAND-0043,piecewise_lag_surrogate,not_triggered,inventory_evidence_not_triggered,unknown
QSB-PLANCK-BRIDGE-RESONATOR-INDEPENDENT-LAG-VARIABLE-ADMISSIBILITY-EXECUTION-01,CAND-0043,symmetry_only_alias,not_triggered,inventory_evidence_not_triggered,unknown
QSB-PLANCK-BRIDGE-RESONATOR-INDEPENDENT-LAG-VARIABLE-ADMISSIBILITY-EXECUTION-01,CAND-0043,phase_response_abs_lag_alias,not_triggered,inventory_evidence_not_triggered,unknown
QSB-PLANCK-BRIDGE-RESONATOR-INDEPENDENT-LAG-VARIABLE-ADMISSIBILITY-EXECUTION-01,CAND-0043,unknown_alias_risk,triggered,alias_risk_level=unknown; value_series_status=not_available,unknown
QSB-PLANCK-BRIDGE-RESONATOR-INDEPENDENT-LAG-VARIABLE-ADMISSIBILITY-EXECUTION-01,CAND-0044,exact_lag_alias,not_triggered,inventory_evidence_not_triggered,unknown
QSB-PLANCK-BRIDGE-RESONATOR-INDEPENDENT-LAG-VARIABLE-ADMISSIBILITY-EXECUTION-01,CAND-0044,absolute_lag_alias,not_triggered,inventory_evidence_not_triggered,unknown
QSB-PLANCK-BRIDGE-RESONATOR-INDEPENDENT-LAG-VARIABLE-ADMISSIBILITY-EXECUTION-01,CAND-0044,pair_id_lookup_alias,not_triggered,inventory_evidence_not_triggered,unknown
QSB-PLANCK-BRIDGE-RESONATOR-INDEPENDENT-LAG-VARIABLE-ADMISSIBILITY-EXECUTION-01,CAND-0044,index_order_alias,not_triggered,inventory_evidence_not_triggered,unknown
QSB-PLANCK-BRIDGE-RESONATOR-INDEPENDENT-LAG-VARIABLE-ADMISSIBILITY-EXECUTION-01,CAND-0044,monotonic_lag_surrogate,not_triggered,inventory_evidence_not_triggered,unknown
QSB-PLANCK-BRIDGE-RESONATOR-INDEPENDENT-LAG-VARIABLE-ADMISSIBILITY-EXECUTION-01,CAND-0044,piecewise_lag_surrogate,not_triggered,inventory_evidence_not_triggered,unknown
QSB-PLANCK-BRIDGE-RESONATOR-INDEPENDENT-LAG-VARIABLE-ADMISSIBILITY-EXECUTION-01,CAND-0044,symmetry_only_alias,not_triggered,inventory_evidence_not_triggered,unknown
QSB-PLANCK-BRIDGE-RESONATOR-INDEPENDENT-LAG-VARIABLE-ADMISSIBILITY-EXECUTION-01,CAND-0044,phase_response_abs_lag_alias,not_triggered,inventory_evidence_not_triggered,unknown
QSB-PLANCK-BRIDGE-RESONATOR-INDEPENDENT-LAG-VARIABLE-ADMISSIBILITY-EXECUTION-01,CAND-0044,unknown_alias_risk,triggered,alias_risk_level=unknown; value_series_status=not_available,unknown
QSB-PLANCK-BRIDGE-RESONATOR-INDEPENDENT-LAG-VARIABLE-ADMISSIBILITY-EXECUTION-01,CAND-0045,exact_lag_alias,not_triggered,inventory_evidence_not_triggered,unknown
QSB-PLANCK-BRIDGE-RESONATOR-INDEPENDENT-LAG-VARIABLE-ADMISSIBILITY-EXECUTION-01,CAND-0045,absolute_lag_alias,not_triggered,inventory_evidence_not_triggered,unknown
QSB-PLANCK-BRIDGE-RESONATOR-INDEPENDENT-LAG-VARIABLE-ADMISSIBILITY-EXECUTION-01,CAND-0045,pair_id_lookup_alias,not_triggered,inventory_evidence_not_triggered,unknown
QSB-PLANCK-BRIDGE-RESONATOR-INDEPENDENT-LAG-VARIABLE-ADMISSIBILITY-EXECUTION-01,CAND-0045,index_order_alias,not_triggered,inventory_evidence_not_triggered,unknown
QSB-PLANCK-BRIDGE-RESONATOR-INDEPENDENT-LAG-VARIABLE-ADMISSIBILITY-EXECUTION-01,CAND-0045,monotonic_lag_surrogate,not_triggered,inventory_evidence_not_triggered,unknown
QSB-PLANCK-BRIDGE-RESONATOR-INDEPENDENT-LAG-VARIABLE-ADMISSIBILITY-EXECUTION-01,CAND-0045,piecewise_lag_surrogate,not_triggered,inventory_evidence_not_triggered,unknown
QSB-PLANCK-BRIDGE-RESONATOR-INDEPENDENT-LAG-VARIABLE-ADMISSIBILITY-EXECUTION-01,CAND-0045,symmetry_only_alias,not_triggered,inventory_evidence_not_triggered,unknown
QSB-PLANCK-BRIDGE-RESONATOR-INDEPENDENT-LAG-VARIABLE-ADMISSIBILITY-EXECUTION-01,CAND-0045,phase_response_abs_lag_alias,not_triggered,inventory_evidence_not_triggered,unknown
QSB-PLANCK-BRIDGE-RESONATOR-INDEPENDENT-LAG-VARIABLE-ADMISSIBILITY-EXECUTION-01,CAND-0045,unknown_alias_risk,triggered,alias_risk_level=unknown; value_series_status=not_available,unknown
QSB-PLANCK-BRIDGE-RESONATOR-INDEPENDENT-LAG-VARIABLE-ADMISSIBILITY-EXECUTION-01,CAND-0046,exact_lag_alias,not_triggered,inventory_evidence_not_triggered,unknown
QSB-PLANCK-BRIDGE-RESONATOR-INDEPENDENT-LAG-VARIABLE-ADMISSIBILITY-EXECUTION-01,CAND-0046,absolute_lag_alias,not_triggered,inventory_evidence_not_triggered,unknown
QSB-PLANCK-BRIDGE-RESONATOR-INDEPENDENT-LAG-VARIABLE-ADMISSIBILITY-EXECUTION-01,CAND-0046,pair_id_lookup_alias,not_triggered,inventory_evidence_not_triggered,unknown
QSB-PLANCK-BRIDGE-RESONATOR-INDEPENDENT-LAG-VARIABLE-ADMISSIBILITY-EXECUTION-01,CAND-0046,index_order_alias,not_triggered,inventory_evidence_not_triggered,unknown
QSB-PLANCK-BRIDGE-RESONATOR-INDEPENDENT-LAG-VARIABLE-ADMISSIBILITY-EXECUTION-01,CAND-0046,monotonic_lag_surrogate,not_triggered,inventory_evidence_not_triggered,unknown
QSB-PLANCK-BRIDGE-RESONATOR-INDEPENDENT-LAG-VARIABLE-ADMISSIBILITY-EXECUTION-01,CAND-0046,piecewise_lag_surrogate,not_triggered,inventory_evidence_not_triggered,unknown
QSB-PLANCK-BRIDGE-RESONATOR-INDEPENDENT-LAG-VARIABLE-ADMISSIBILITY-EXECUTION-01,CAND-0046,symmetry_only_alias,not_triggered,inventory_evidence_not_triggered,unknown
QSB-PLANCK-BRIDGE-RESONATOR-INDEPENDENT-LAG-VARIABLE-ADMISSIBILITY-EXECUTION-01,CAND-0046,phase_response_abs_lag_alias,not_triggered,inventory_evidence_not_triggered,unknown
QSB-PLANCK-BRIDGE-RESONATOR-INDEPENDENT-LAG-VARIABLE-ADMISSIBILITY-EXECUTION-01,CAND-0046,unknown_alias_risk,triggered,alias_risk_level=unknown; value_series_status=not_available,unknown
QSB-PLANCK-BRIDGE-RESONATOR-INDEPENDENT-LAG-VARIABLE-ADMISSIBILITY-EXECUTION-01,CAND-0047,exact_lag_alias,not_triggered,inventory_evidence_not_triggered,unknown
QSB-PLANCK-BRIDGE-RESONATOR-INDEPENDENT-LAG-VARIABLE-ADMISSIBILITY-EXECUTION-01,CAND-0047,absolute_lag_alias,not_triggered,inventory_evidence_not_triggered,unknown
QSB-PLANCK-BRIDGE-RESONATOR-INDEPENDENT-LAG-VARIABLE-ADMISSIBILITY-EXECUTION-01,CAND-0047,pair_id_lookup_alias,not_triggered,inventory_evidence_not_triggered,unknown
QSB-PLANCK-BRIDGE-RESONATOR-INDEPENDENT-LAG-VARIABLE-ADMISSIBILITY-EXECUTION-01,CAND-0047,index_order_alias,not_triggered,inventory_evidence_not_triggered,unknown
QSB-PLANCK-BRIDGE-RESONATOR-INDEPENDENT-LAG-VARIABLE-ADMISSIBILITY-EXECUTION-01,CAND-0047,monotonic_lag_surrogate,not_triggered,inventory_evidence_not_triggered,unknown
QSB-PLANCK-BRIDGE-RESONATOR-INDEPENDENT-LAG-VARIABLE-ADMISSIBILITY-EXECUTION-01,CAND-0047,piecewise_lag_surrogate,not_triggered,inventory_evidence_not_triggered,unknown
QSB-PLANCK-BRIDGE-RESONATOR-INDEPENDENT-LAG-VARIABLE-ADMISSIBILITY-EXECUTION-01,CAND-0047,symmetry_only_alias,not_triggered,inventory_evidence_not_triggered,unknown
QSB-PLANCK-BRIDGE-RESONATOR-INDEPENDENT-LAG-VARIABLE-ADMISSIBILITY-EXECUTION-01,CAND-0047,phase_response_abs_lag_alias,not_triggered,inventory_evidence_not_triggered,unknown
QSB-PLANCK-BRIDGE-RESONATOR-INDEPENDENT-LAG-VARIABLE-ADMISSIBILITY-EXECUTION-01,CAND-0047,unknown_alias_risk,triggered,alias_risk_level=unknown; value_series_status=not_available,unknown
QSB-PLANCK-BRIDGE-RESONATOR-INDEPENDENT-LAG-VARIABLE-ADMISSIBILITY-EXECUTION-01,CAND-0048,exact_lag_alias,not_triggered,inventory_evidence_not_triggered,unknown
QSB-PLANCK-BRIDGE-RESONATOR-INDEPENDENT-LAG-VARIABLE-ADMISSIBILITY-EXECUTION-01,CAND-0048,absolute_lag_alias,not_triggered,inventory_evidence_not_triggered,unknown
QSB-PLANCK-BRIDGE-RESONATOR-INDEPENDENT-LAG-VARIABLE-ADMISSIBILITY-EXECUTION-01,CAND-0048,pair_id_lookup_alias,not_triggered,inventory_evidence_not_triggered,unknown
QSB-PLANCK-BRIDGE-RESONATOR-INDEPENDENT-LAG-VARIABLE-ADMISSIBILITY-EXECUTION-01,CAND-0048,index_order_alias,not_triggered,inventory_evidence_not_triggered,unknown
QSB-PLANCK-BRIDGE-RESONATOR-INDEPENDENT-LAG-VARIABLE-ADMISSIBILITY-EXECUTION-01,CAND-0048,monotonic_lag_surrogate,not_triggered,inventory_evidence_not_triggered,unknown
QSB-PLANCK-BRIDGE-RESONATOR-INDEPENDENT-LAG-VARIABLE-ADMISSIBILITY-EXECUTION-01,CAND-0048,piecewise_lag_surrogate,not_triggered,inventory_evidence_not_triggered,unknown
QSB-PLANCK-BRIDGE-RESONATOR-INDEPENDENT-LAG-VARIABLE-ADMISSIBILITY-EXECUTION-01,CAND-0048,symmetry_only_alias,not_triggered,inventory_evidence_not_triggered,unknown
QSB-PLANCK-BRIDGE-RESONATOR-INDEPENDENT-LAG-VARIABLE-ADMISSIBILITY-EXECUTION-01,CAND-0048,phase_response_abs_lag_alias,not_triggered,inventory_evidence_not_triggered,unknown
QSB-PLANCK-BRIDGE-RESONATOR-INDEPENDENT-LAG-VARIABLE-ADMISSIBILITY-EXECUTION-01,CAND-0048,unknown_alias_risk,triggered,alias_risk_level=unknown; value_series_status=not_available,unknown
QSB-PLANCK-BRIDGE-RESONATOR-INDEPENDENT-LAG-VARIABLE-ADMISSIBILITY-EXECUTION-01,CAND-0049,exact_lag_alias,not_triggered,inventory_evidence_not_triggered,unknown
QSB-PLANCK-BRIDGE-RESONATOR-INDEPENDENT-LAG-VARIABLE-ADMISSIBILITY-EXECUTION-01,CAND-0049,absolute_lag_alias,not_triggered,inventory_evidence_not_triggered,unknown
QSB-PLANCK-BRIDGE-RESONATOR-INDEPENDENT-LAG-VARIABLE-ADMISSIBILITY-EXECUTION-01,CAND-0049,pair_id_lookup_alias,not_triggered,inventory_evidence_not_triggered,unknown
QSB-PLANCK-BRIDGE-RESONATOR-INDEPENDENT-LAG-VARIABLE-ADMISSIBILITY-EXECUTION-01,CAND-0049,index_order_alias,not_triggered,inventory_evidence_not_triggered,unknown
QSB-PLANCK-BRIDGE-RESONATOR-INDEPENDENT-LAG-VARIABLE-ADMISSIBILITY-EXECUTION-01,CAND-0049,monotonic_lag_surrogate,not_triggered,inventory_evidence_not_triggered,unknown
QSB-PLANCK-BRIDGE-RESONATOR-INDEPENDENT-LAG-VARIABLE-ADMISSIBILITY-EXECUTION-01,CAND-0049,piecewise_lag_surrogate,not_triggered,inventory_evidence_not_triggered,unknown
QSB-PLANCK-BRIDGE-RESONATOR-INDEPENDENT-LAG-VARIABLE-ADMISSIBILITY-EXECUTION-01,CAND-0049,symmetry_only_alias,not_triggered,inventory_evidence_not_triggered,unknown
QSB-PLANCK-BRIDGE-RESONATOR-INDEPENDENT-LAG-VARIABLE-ADMISSIBILITY-EXECUTION-01,CAND-0049,phase_response_abs_lag_alias,not_triggered,inventory_evidence_not_triggered,unknown
QSB-PLANCK-BRIDGE-RESONATOR-INDEPENDENT-LAG-VARIABLE-ADMISSIBILITY-EXECUTION-01,CAND-0049,unknown_alias_risk,triggered,alias_risk_level=unknown; value_series_status=not_available,unknown
QSB-PLANCK-BRIDGE-RESONATOR-INDEPENDENT-LAG-VARIABLE-ADMISSIBILITY-EXECUTION-01,CAND-0050,exact_lag_alias,not_triggered,inventory_evidence_not_triggered,unknown
QSB-PLANCK-BRIDGE-RESONATOR-INDEPENDENT-LAG-VARIABLE-ADMISSIBILITY-EXECUTION-01,CAND-0050,absolute_lag_alias,not_triggered,inventory_evidence_not_triggered,unknown
QSB-PLANCK-BRIDGE-RESONATOR-INDEPENDENT-LAG-VARIABLE-ADMISSIBILITY-EXECUTION-01,CAND-0050,pair_id_lookup_alias,not_triggered,inventory_evidence_not_triggered,unknown
QSB-PLANCK-BRIDGE-RESONATOR-INDEPENDENT-LAG-VARIABLE-ADMISSIBILITY-EXECUTION-01,CAND-0050,index_order_alias,not_triggered,inventory_evidence_not_triggered,unknown
QSB-PLANCK-BRIDGE-RESONATOR-INDEPENDENT-LAG-VARIABLE-ADMISSIBILITY-EXECUTION-01,CAND-0050,monotonic_lag_surrogate,not_triggered,inventory_evidence_not_triggered,unknown
QSB-PLANCK-BRIDGE-RESONATOR-INDEPENDENT-LAG-VARIABLE-ADMISSIBILITY-EXECUTION-01,CAND-0050,piecewise_lag_surrogate,not_triggered,inventory_evidence_not_triggered,unknown
QSB-PLANCK-BRIDGE-RESONATOR-INDEPENDENT-LAG-VARIABLE-ADMISSIBILITY-EXECUTION-01,CAND-0050,symmetry_only_alias,not_triggered,inventory_evidence_not_triggered,unknown
QSB-PLANCK-BRIDGE-RESONATOR-INDEPENDENT-LAG-VARIABLE-ADMISSIBILITY-EXECUTION-01,CAND-0050,phase_response_abs_lag_alias,not_triggered,inventory_evidence_not_triggered,unknown
QSB-PLANCK-BRIDGE-RESONATOR-INDEPENDENT-LAG-VARIABLE-ADMISSIBILITY-EXECUTION-01,CAND-0050,unknown_alias_risk,triggered,alias_risk_level=unknown; value_series_status=not_available,unknown
QSB-PLANCK-BRIDGE-RESONATOR-INDEPENDENT-LAG-VARIABLE-ADMISSIBILITY-EXECUTION-01,CAND-0051,exact_lag_alias,not_triggered,inventory_evidence_not_triggered,unknown
QSB-PLANCK-BRIDGE-RESONATOR-INDEPENDENT-LAG-VARIABLE-ADMISSIBILITY-EXECUTION-01,CAND-0051,absolute_lag_alias,not_triggered,inventory_evidence_not_triggered,unknown
QSB-PLANCK-BRIDGE-RESONATOR-INDEPENDENT-LAG-VARIABLE-ADMISSIBILITY-EXECUTION-01,CAND-0051,pair_id_lookup_alias,not_triggered,inventory_evidence_not_triggered,unknown
QSB-PLANCK-BRIDGE-RESONATOR-INDEPENDENT-LAG-VARIABLE-ADMISSIBILITY-EXECUTION-01,CAND-0051,index_order_alias,not_triggered,inventory_evidence_not_triggered,unknown
QSB-PLANCK-BRIDGE-RESONATOR-INDEPENDENT-LAG-VARIABLE-ADMISSIBILITY-EXECUTION-01,CAND-0051,monotonic_lag_surrogate,not_triggered,inventory_evidence_not_triggered,unknown
QSB-PLANCK-BRIDGE-RESONATOR-INDEPENDENT-LAG-VARIABLE-ADMISSIBILITY-EXECUTION-01,CAND-0051,piecewise_lag_surrogate,not_triggered,inventory_evidence_not_triggered,unknown
QSB-PLANCK-BRIDGE-RESONATOR-INDEPENDENT-LAG-VARIABLE-ADMISSIBILITY-EXECUTION-01,CAND-0051,symmetry_only_alias,not_triggered,inventory_evidence_not_triggered,unknown
QSB-PLANCK-BRIDGE-RESONATOR-INDEPENDENT-LAG-VARIABLE-ADMISSIBILITY-EXECUTION-01,CAND-0051,phase_response_abs_lag_alias,not_triggered,inventory_evidence_not_triggered,unknown
QSB-PLANCK-BRIDGE-RESONATOR-INDEPENDENT-LAG-VARIABLE-ADMISSIBILITY-EXECUTION-01,CAND-0051,unknown_alias_risk,triggered,alias_risk_level=unknown; value_series_status=not_available,unknown
QSB-PLANCK-BRIDGE-RESONATOR-INDEPENDENT-LAG-VARIABLE-ADMISSIBILITY-EXECUTION-01,CAND-0052,exact_lag_alias,not_triggered,inventory_evidence_not_triggered,unknown
QSB-PLANCK-BRIDGE-RESONATOR-INDEPENDENT-LAG-VARIABLE-ADMISSIBILITY-EXECUTION-01,CAND-0052,absolute_lag_alias,not_triggered,inventory_evidence_not_triggered,unknown
QSB-PLANCK-BRIDGE-RESONATOR-INDEPENDENT-LAG-VARIABLE-ADMISSIBILITY-EXECUTION-01,CAND-0052,pair_id_lookup_alias,not_triggered,inventory_evidence_not_triggered,unknown
QSB-PLANCK-BRIDGE-RESONATOR-INDEPENDENT-LAG-VARIABLE-ADMISSIBILITY-EXECUTION-01,CAND-0052,index_order_alias,not_triggered,inventory_evidence_not_triggered,unknown
QSB-PLANCK-BRIDGE-RESONATOR-INDEPENDENT-LAG-VARIABLE-ADMISSIBILITY-EXECUTION-01,CAND-0052,monotonic_lag_surrogate,not_triggered,inventory_evidence_not_triggered,unknown
QSB-PLANCK-BRIDGE-RESONATOR-INDEPENDENT-LAG-VARIABLE-ADMISSIBILITY-EXECUTION-01,CAND-0052,piecewise_lag_surrogate,not_triggered,inventory_evidence_not_triggered,unknown
QSB-PLANCK-BRIDGE-RESONATOR-INDEPENDENT-LAG-VARIABLE-ADMISSIBILITY-EXECUTION-01,CAND-0052,symmetry_only_alias,not_triggered,inventory_evidence_not_triggered,unknown
QSB-PLANCK-BRIDGE-RESONATOR-INDEPENDENT-LAG-VARIABLE-ADMISSIBILITY-EXECUTION-01,CAND-0052,phase_response_abs_lag_alias,not_triggered,inventory_evidence_not_triggered,unknown
QSB-PLANCK-BRIDGE-RESONATOR-INDEPENDENT-LAG-VARIABLE-ADMISSIBILITY-EXECUTION-01,CAND-0052,unknown_alias_risk,triggered,alias_risk_level=unknown; value_series_status=not_available,unknown
QSB-PLANCK-BRIDGE-RESONATOR-INDEPENDENT-LAG-VARIABLE-ADMISSIBILITY-EXECUTION-01,CAND-0053,exact_lag_alias,not_triggered,inventory_evidence_not_triggered,unknown
QSB-PLANCK-BRIDGE-RESONATOR-INDEPENDENT-LAG-VARIABLE-ADMISSIBILITY-EXECUTION-01,CAND-0053,absolute_lag_alias,not_triggered,inventory_evidence_not_triggered,unknown
QSB-PLANCK-BRIDGE-RESONATOR-INDEPENDENT-LAG-VARIABLE-ADMISSIBILITY-EXECUTION-01,CAND-0053,pair_id_lookup_alias,not_triggered,inventory_evidence_not_triggered,unknown
QSB-PLANCK-BRIDGE-RESONATOR-INDEPENDENT-LAG-VARIABLE-ADMISSIBILITY-EXECUTION-01,CAND-0053,index_order_alias,not_triggered,inventory_evidence_not_triggered,unknown
QSB-PLANCK-BRIDGE-RESONATOR-INDEPENDENT-LAG-VARIABLE-ADMISSIBILITY-EXECUTION-01,CAND-0053,monotonic_lag_surrogate,not_triggered,inventory_evidence_not_triggered,unknown
QSB-PLANCK-BRIDGE-RESONATOR-INDEPENDENT-LAG-VARIABLE-ADMISSIBILITY-EXECUTION-01,CAND-0053,piecewise_lag_surrogate,not_triggered,inventory_evidence_not_triggered,unknown
QSB-PLANCK-BRIDGE-RESONATOR-INDEPENDENT-LAG-VARIABLE-ADMISSIBILITY-EXECUTION-01,CAND-0053,symmetry_only_alias,not_triggered,inventory_evidence_not_triggered,unknown
QSB-PLANCK-BRIDGE-RESONATOR-INDEPENDENT-LAG-VARIABLE-ADMISSIBILITY-EXECUTION-01,CAND-0053,phase_response_abs_lag_alias,not_triggered,inventory_evidence_not_triggered,unknown
QSB-PLANCK-BRIDGE-RESONATOR-INDEPENDENT-LAG-VARIABLE-ADMISSIBILITY-EXECUTION-01,CAND-0053,unknown_alias_risk,triggered,alias_risk_level=unknown; value_series_status=not_available,unknown
QSB-PLANCK-BRIDGE-RESONATOR-INDEPENDENT-LAG-VARIABLE-ADMISSIBILITY-EXECUTION-01,CAND-0054,exact_lag_alias,not_triggered,inventory_evidence_not_triggered,unknown
QSB-PLANCK-BRIDGE-RESONATOR-INDEPENDENT-LAG-VARIABLE-ADMISSIBILITY-EXECUTION-01,CAND-0054,absolute_lag_alias,not_triggered,inventory_evidence_not_triggered,unknown
QSB-PLANCK-BRIDGE-RESONATOR-INDEPENDENT-LAG-VARIABLE-ADMISSIBILITY-EXECUTION-01,CAND-0054,pair_id_lookup_alias,not_triggered,inventory_evidence_not_triggered,unknown
QSB-PLANCK-BRIDGE-RESONATOR-INDEPENDENT-LAG-VARIABLE-ADMISSIBILITY-EXECUTION-01,CAND-0054,index_order_alias,not_triggered,inventory_evidence_not_triggered,unknown
QSB-PLANCK-BRIDGE-RESONATOR-INDEPENDENT-LAG-VARIABLE-ADMISSIBILITY-EXECUTION-01,CAND-0054,monotonic_lag_surrogate,not_triggered,inventory_evidence_not_triggered,unknown
QSB-PLANCK-BRIDGE-RESONATOR-INDEPENDENT-LAG-VARIABLE-ADMISSIBILITY-EXECUTION-01,CAND-0054,piecewise_lag_surrogate,not_triggered,inventory_evidence_not_triggered,unknown
QSB-PLANCK-BRIDGE-RESONATOR-INDEPENDENT-LAG-VARIABLE-ADMISSIBILITY-EXECUTION-01,CAND-0054,symmetry_only_alias,not_triggered,inventory_evidence_not_triggered,unknown
QSB-PLANCK-BRIDGE-RESONATOR-INDEPENDENT-LAG-VARIABLE-ADMISSIBILITY-EXECUTION-01,CAND-0054,phase_response_abs_lag_alias,not_triggered,inventory_evidence_not_triggered,unknown
QSB-PLANCK-BRIDGE-RESONATOR-INDEPENDENT-LAG-VARIABLE-ADMISSIBILITY-EXECUTION-01,CAND-0054,unknown_alias_risk,triggered,alias_risk_level=unknown; value_series_status=not_available,unknown
QSB-PLANCK-BRIDGE-RESONATOR-INDEPENDENT-LAG-VARIABLE-ADMISSIBILITY-EXECUTION-01,CAND-0055,exact_lag_alias,not_triggered,inventory_evidence_not_triggered,unknown
QSB-PLANCK-BRIDGE-RESONATOR-INDEPENDENT-LAG-VARIABLE-ADMISSIBILITY-EXECUTION-01,CAND-0055,absolute_lag_alias,not_triggered,inventory_evidence_not_triggered,unknown
QSB-PLANCK-BRIDGE-RESONATOR-INDEPENDENT-LAG-VARIABLE-ADMISSIBILITY-EXECUTION-01,CAND-0055,pair_id_lookup_alias,not_triggered,inventory_evidence_not_triggered,unknown
QSB-PLANCK-BRIDGE-RESONATOR-INDEPENDENT-LAG-VARIABLE-ADMISSIBILITY-EXECUTION-01,CAND-0055,index_order_alias,not_triggered,inventory_evidence_not_triggered,unknown
QSB-PLANCK-BRIDGE-RESONATOR-INDEPENDENT-LAG-VARIABLE-ADMISSIBILITY-EXECUTION-01,CAND-0055,monotonic_lag_surrogate,not_triggered,inventory_evidence_not_triggered,unknown
QSB-PLANCK-BRIDGE-RESONATOR-INDEPENDENT-LAG-VARIABLE-ADMISSIBILITY-EXECUTION-01,CAND-0055,piecewise_lag_surrogate,not_triggered,inventory_evidence_not_triggered,unknown
QSB-PLANCK-BRIDGE-RESONATOR-INDEPENDENT-LAG-VARIABLE-ADMISSIBILITY-EXECUTION-01,CAND-0055,symmetry_only_alias,not_triggered,inventory_evidence_not_triggered,unknown
QSB-PLANCK-BRIDGE-RESONATOR-INDEPENDENT-LAG-VARIABLE-ADMISSIBILITY-EXECUTION-01,CAND-0055,phase_response_abs_lag_alias,not_triggered,inventory_evidence_not_triggered,unknown
QSB-PLANCK-BRIDGE-RESONATOR-INDEPENDENT-LAG-VARIABLE-ADMISSIBILITY-EXECUTION-01,CAND-0055,unknown_alias_risk,triggered,alias_risk_level=unknown; value_series_status=not_available,unknown
QSB-PLANCK-BRIDGE-RESONATOR-INDEPENDENT-LAG-VARIABLE-ADMISSIBILITY-EXECUTION-01,CAND-0056,exact_lag_alias,not_triggered,inventory_evidence_not_triggered,unknown
QSB-PLANCK-BRIDGE-RESONATOR-INDEPENDENT-LAG-VARIABLE-ADMISSIBILITY-EXECUTION-01,CAND-0056,absolute_lag_alias,not_triggered,inventory_evidence_not_triggered,unknown
QSB-PLANCK-BRIDGE-RESONATOR-INDEPENDENT-LAG-VARIABLE-ADMISSIBILITY-EXECUTION-01,CAND-0056,pair_id_lookup_alias,not_triggered,inventory_evidence_not_triggered,unknown
QSB-PLANCK-BRIDGE-RESONATOR-INDEPENDENT-LAG-VARIABLE-ADMISSIBILITY-EXECUTION-01,CAND-0056,index_order_alias,not_triggered,inventory_evidence_not_triggered,unknown
QSB-PLANCK-BRIDGE-RESONATOR-INDEPENDENT-LAG-VARIABLE-ADMISSIBILITY-EXECUTION-01,CAND-0056,monotonic_lag_surrogate,not_triggered,inventory_evidence_not_triggered,unknown
QSB-PLANCK-BRIDGE-RESONATOR-INDEPENDENT-LAG-VARIABLE-ADMISSIBILITY-EXECUTION-01,CAND-0056,piecewise_lag_surrogate,not_triggered,inventory_evidence_not_triggered,unknown
QSB-PLANCK-BRIDGE-RESONATOR-INDEPENDENT-LAG-VARIABLE-ADMISSIBILITY-EXECUTION-01,CAND-0056,symmetry_only_alias,not_triggered,inventory_evidence_not_triggered,unknown
QSB-PLANCK-BRIDGE-RESONATOR-INDEPENDENT-LAG-VARIABLE-ADMISSIBILITY-EXECUTION-01,CAND-0056,phase_response_abs_lag_alias,not_triggered,inventory_evidence_not_triggered,unknown
QSB-PLANCK-BRIDGE-RESONATOR-INDEPENDENT-LAG-VARIABLE-ADMISSIBILITY-EXECUTION-01,CAND-0056,unknown_alias_risk,triggered,alias_risk_level=unknown; value_series_status=not_available,unknown
QSB-PLANCK-BRIDGE-RESONATOR-INDEPENDENT-LAG-VARIABLE-ADMISSIBILITY-EXECUTION-01,CAND-0057,exact_lag_alias,not_triggered,inventory_evidence_not_triggered,unknown
QSB-PLANCK-BRIDGE-RESONATOR-INDEPENDENT-LAG-VARIABLE-ADMISSIBILITY-EXECUTION-01,CAND-0057,absolute_lag_alias,not_triggered,inventory_evidence_not_triggered,unknown
QSB-PLANCK-BRIDGE-RESONATOR-INDEPENDENT-LAG-VARIABLE-ADMISSIBILITY-EXECUTION-01,CAND-0057,pair_id_lookup_alias,not_triggered,inventory_evidence_not_triggered,unknown
QSB-PLANCK-BRIDGE-RESONATOR-INDEPENDENT-LAG-VARIABLE-ADMISSIBILITY-EXECUTION-01,CAND-0057,index_order_alias,not_triggered,inventory_evidence_not_triggered,unknown
QSB-PLANCK-BRIDGE-RESONATOR-INDEPENDENT-LAG-VARIABLE-ADMISSIBILITY-EXECUTION-01,CAND-0057,monotonic_lag_surrogate,not_triggered,inventory_evidence_not_triggered,unknown
QSB-PLANCK-BRIDGE-RESONATOR-INDEPENDENT-LAG-VARIABLE-ADMISSIBILITY-EXECUTION-01,CAND-0057,piecewise_lag_surrogate,not_triggered,inventory_evidence_not_triggered,unknown
QSB-PLANCK-BRIDGE-RESONATOR-INDEPENDENT-LAG-VARIABLE-ADMISSIBILITY-EXECUTION-01,CAND-0057,symmetry_only_alias,not_triggered,inventory_evidence_not_triggered,unknown
QSB-PLANCK-BRIDGE-RESONATOR-INDEPENDENT-LAG-VARIABLE-ADMISSIBILITY-EXECUTION-01,CAND-0057,phase_response_abs_lag_alias,not_triggered,inventory_evidence_not_triggered,unknown
QSB-PLANCK-BRIDGE-RESONATOR-INDEPENDENT-LAG-VARIABLE-ADMISSIBILITY-EXECUTION-01,CAND-0057,unknown_alias_risk,triggered,alias_risk_level=unknown; value_series_status=not_available,unknown
QSB-PLANCK-BRIDGE-RESONATOR-INDEPENDENT-LAG-VARIABLE-ADMISSIBILITY-EXECUTION-01,CAND-0058,exact_lag_alias,not_triggered,inventory_evidence_not_triggered,unknown
QSB-PLANCK-BRIDGE-RESONATOR-INDEPENDENT-LAG-VARIABLE-ADMISSIBILITY-EXECUTION-01,CAND-0058,absolute_lag_alias,not_triggered,inventory_evidence_not_triggered,unknown
QSB-PLANCK-BRIDGE-RESONATOR-INDEPENDENT-LAG-VARIABLE-ADMISSIBILITY-EXECUTION-01,CAND-0058,pair_id_lookup_alias,not_triggered,inventory_evidence_not_triggered,unknown
QSB-PLANCK-BRIDGE-RESONATOR-INDEPENDENT-LAG-VARIABLE-ADMISSIBILITY-EXECUTION-01,CAND-0058,index_order_alias,not_triggered,inventory_evidence_not_triggered,unknown
QSB-PLANCK-BRIDGE-RESONATOR-INDEPENDENT-LAG-VARIABLE-ADMISSIBILITY-EXECUTION-01,CAND-0058,monotonic_lag_surrogate,not_triggered,inventory_evidence_not_triggered,unknown
QSB-PLANCK-BRIDGE-RESONATOR-INDEPENDENT-LAG-VARIABLE-ADMISSIBILITY-EXECUTION-01,CAND-0058,piecewise_lag_surrogate,not_triggered,inventory_evidence_not_triggered,unknown
QSB-PLANCK-BRIDGE-RESONATOR-INDEPENDENT-LAG-VARIABLE-ADMISSIBILITY-EXECUTION-01,CAND-0058,symmetry_only_alias,not_triggered,inventory_evidence_not_triggered,unknown
QSB-PLANCK-BRIDGE-RESONATOR-INDEPENDENT-LAG-VARIABLE-ADMISSIBILITY-EXECUTION-01,CAND-0058,phase_response_abs_lag_alias,not_triggered,inventory_evidence_not_triggered,unknown
QSB-PLANCK-BRIDGE-RESONATOR-INDEPENDENT-LAG-VARIABLE-ADMISSIBILITY-EXECUTION-01,CAND-0058,unknown_alias_risk,triggered,alias_risk_level=unknown; value_series_status=not_available,unknown
QSB-PLANCK-BRIDGE-RESONATOR-INDEPENDENT-LAG-VARIABLE-ADMISSIBILITY-EXECUTION-01,CAND-0059,exact_lag_alias,not_triggered,inventory_evidence_not_triggered,high
QSB-PLANCK-BRIDGE-RESONATOR-INDEPENDENT-LAG-VARIABLE-ADMISSIBILITY-EXECUTION-01,CAND-0059,absolute_lag_alias,not_triggered,inventory_evidence_not_triggered,high
QSB-PLANCK-BRIDGE-RESONATOR-INDEPENDENT-LAG-VARIABLE-ADMISSIBILITY-EXECUTION-01,CAND-0059,pair_id_lookup_alias,not_triggered,inventory_evidence_not_triggered,high
QSB-PLANCK-BRIDGE-RESONATOR-INDEPENDENT-LAG-VARIABLE-ADMISSIBILITY-EXECUTION-01,CAND-0059,index_order_alias,not_triggered,inventory_evidence_not_triggered,high
QSB-PLANCK-BRIDGE-RESONATOR-INDEPENDENT-LAG-VARIABLE-ADMISSIBILITY-EXECUTION-01,CAND-0059,monotonic_lag_surrogate,not_triggered,inventory_evidence_not_triggered,high
QSB-PLANCK-BRIDGE-RESONATOR-INDEPENDENT-LAG-VARIABLE-ADMISSIBILITY-EXECUTION-01,CAND-0059,piecewise_lag_surrogate,not_triggered,inventory_evidence_not_triggered,high
QSB-PLANCK-BRIDGE-RESONATOR-INDEPENDENT-LAG-VARIABLE-ADMISSIBILITY-EXECUTION-01,CAND-0059,symmetry_only_alias,not_triggered,inventory_evidence_not_triggered,high
QSB-PLANCK-BRIDGE-RESONATOR-INDEPENDENT-LAG-VARIABLE-ADMISSIBILITY-EXECUTION-01,CAND-0059,phase_response_abs_lag_alias,not_triggered,inventory_evidence_not_triggered,high
QSB-PLANCK-BRIDGE-RESONATOR-INDEPENDENT-LAG-VARIABLE-ADMISSIBILITY-EXECUTION-01,CAND-0059,unknown_alias_risk,triggered,alias_risk_level=high; value_series_status=not_available,high
QSB-PLANCK-BRIDGE-RESONATOR-INDEPENDENT-LAG-VARIABLE-ADMISSIBILITY-EXECUTION-01,CAND-0060,exact_lag_alias,not_triggered,inventory_evidence_not_triggered,high
QSB-PLANCK-BRIDGE-RESONATOR-INDEPENDENT-LAG-VARIABLE-ADMISSIBILITY-EXECUTION-01,CAND-0060,absolute_lag_alias,not_triggered,inventory_evidence_not_triggered,high
QSB-PLANCK-BRIDGE-RESONATOR-INDEPENDENT-LAG-VARIABLE-ADMISSIBILITY-EXECUTION-01,CAND-0060,pair_id_lookup_alias,not_triggered,inventory_evidence_not_triggered,high
QSB-PLANCK-BRIDGE-RESONATOR-INDEPENDENT-LAG-VARIABLE-ADMISSIBILITY-EXECUTION-01,CAND-0060,index_order_alias,not_triggered,inventory_evidence_not_triggered,high
QSB-PLANCK-BRIDGE-RESONATOR-INDEPENDENT-LAG-VARIABLE-ADMISSIBILITY-EXECUTION-01,CAND-0060,monotonic_lag_surrogate,not_triggered,inventory_evidence_not_triggered,high
QSB-PLANCK-BRIDGE-RESONATOR-INDEPENDENT-LAG-VARIABLE-ADMISSIBILITY-EXECUTION-01,CAND-0060,piecewise_lag_surrogate,not_triggered,inventory_evidence_not_triggered,high
QSB-PLANCK-BRIDGE-RESONATOR-INDEPENDENT-LAG-VARIABLE-ADMISSIBILITY-EXECUTION-01,CAND-0060,symmetry_only_alias,not_triggered,inventory_evidence_not_triggered,high
QSB-PLANCK-BRIDGE-RESONATOR-INDEPENDENT-LAG-VARIABLE-ADMISSIBILITY-EXECUTION-01,CAND-0060,phase_response_abs_lag_alias,not_triggered,inventory_evidence_not_triggered,high
QSB-PLANCK-BRIDGE-RESONATOR-INDEPENDENT-LAG-VARIABLE-ADMISSIBILITY-EXECUTION-01,CAND-0060,unknown_alias_risk,triggered,alias_risk_level=high; value_series_status=not_available,high
QSB-PLANCK-BRIDGE-RESONATOR-INDEPENDENT-LAG-VARIABLE-ADMISSIBILITY-EXECUTION-01,CAND-0061,exact_lag_alias,not_triggered,inventory_evidence_not_triggered,high
QSB-PLANCK-BRIDGE-RESONATOR-INDEPENDENT-LAG-VARIABLE-ADMISSIBILITY-EXECUTION-01,CAND-0061,absolute_lag_alias,not_triggered,inventory_evidence_not_triggered,high
QSB-PLANCK-BRIDGE-RESONATOR-INDEPENDENT-LAG-VARIABLE-ADMISSIBILITY-EXECUTION-01,CAND-0061,pair_id_lookup_alias,not_triggered,inventory_evidence_not_triggered,high
QSB-PLANCK-BRIDGE-RESONATOR-INDEPENDENT-LAG-VARIABLE-ADMISSIBILITY-EXECUTION-01,CAND-0061,index_order_alias,not_triggered,inventory_evidence_not_triggered,high
QSB-PLANCK-BRIDGE-RESONATOR-INDEPENDENT-LAG-VARIABLE-ADMISSIBILITY-EXECUTION-01,CAND-0061,monotonic_lag_surrogate,not_triggered,inventory_evidence_not_triggered,high
QSB-PLANCK-BRIDGE-RESONATOR-INDEPENDENT-LAG-VARIABLE-ADMISSIBILITY-EXECUTION-01,CAND-0061,piecewise_lag_surrogate,not_triggered,inventory_evidence_not_triggered,high
QSB-PLANCK-BRIDGE-RESONATOR-INDEPENDENT-LAG-VARIABLE-ADMISSIBILITY-EXECUTION-01,CAND-0061,symmetry_only_alias,not_triggered,inventory_evidence_not_triggered,high
QSB-PLANCK-BRIDGE-RESONATOR-INDEPENDENT-LAG-VARIABLE-ADMISSIBILITY-EXECUTION-01,CAND-0061,phase_response_abs_lag_alias,not_triggered,inventory_evidence_not_triggered,high
QSB-PLANCK-BRIDGE-RESONATOR-INDEPENDENT-LAG-VARIABLE-ADMISSIBILITY-EXECUTION-01,CAND-0061,unknown_alias_risk,triggered,alias_risk_level=high; value_series_status=not_available,high
QSB-PLANCK-BRIDGE-RESONATOR-INDEPENDENT-LAG-VARIABLE-ADMISSIBILITY-EXECUTION-01,CAND-0062,exact_lag_alias,not_triggered,inventory_evidence_not_triggered,high
QSB-PLANCK-BRIDGE-RESONATOR-INDEPENDENT-LAG-VARIABLE-ADMISSIBILITY-EXECUTION-01,CAND-0062,absolute_lag_alias,not_triggered,inventory_evidence_not_triggered,high
QSB-PLANCK-BRIDGE-RESONATOR-INDEPENDENT-LAG-VARIABLE-ADMISSIBILITY-EXECUTION-01,CAND-0062,pair_id_lookup_alias,not_triggered,inventory_evidence_not_triggered,high
QSB-PLANCK-BRIDGE-RESONATOR-INDEPENDENT-LAG-VARIABLE-ADMISSIBILITY-EXECUTION-01,CAND-0062,index_order_alias,not_triggered,inventory_evidence_not_triggered,high
QSB-PLANCK-BRIDGE-RESONATOR-INDEPENDENT-LAG-VARIABLE-ADMISSIBILITY-EXECUTION-01,CAND-0062,monotonic_lag_surrogate,not_triggered,inventory_evidence_not_triggered,high
QSB-PLANCK-BRIDGE-RESONATOR-INDEPENDENT-LAG-VARIABLE-ADMISSIBILITY-EXECUTION-01,CAND-0062,piecewise_lag_surrogate,not_triggered,inventory_evidence_not_triggered,high
QSB-PLANCK-BRIDGE-RESONATOR-INDEPENDENT-LAG-VARIABLE-ADMISSIBILITY-EXECUTION-01,CAND-0062,symmetry_only_alias,not_triggered,inventory_evidence_not_triggered,high
QSB-PLANCK-BRIDGE-RESONATOR-INDEPENDENT-LAG-VARIABLE-ADMISSIBILITY-EXECUTION-01,CAND-0062,phase_response_abs_lag_alias,not_triggered,inventory_evidence_not_triggered,high
QSB-PLANCK-BRIDGE-RESONATOR-INDEPENDENT-LAG-VARIABLE-ADMISSIBILITY-EXECUTION-01,CAND-0062,unknown_alias_risk,triggered,alias_risk_level=high; value_series_status=not_available,high
QSB-PLANCK-BRIDGE-RESONATOR-INDEPENDENT-LAG-VARIABLE-ADMISSIBILITY-EXECUTION-01,CAND-0063,exact_lag_alias,not_triggered,inventory_evidence_not_triggered,high
QSB-PLANCK-BRIDGE-RESONATOR-INDEPENDENT-LAG-VARIABLE-ADMISSIBILITY-EXECUTION-01,CAND-0063,absolute_lag_alias,not_triggered,inventory_evidence_not_triggered,high
QSB-PLANCK-BRIDGE-RESONATOR-INDEPENDENT-LAG-VARIABLE-ADMISSIBILITY-EXECUTION-01,CAND-0063,pair_id_lookup_alias,not_triggered,inventory_evidence_not_triggered,high
QSB-PLANCK-BRIDGE-RESONATOR-INDEPENDENT-LAG-VARIABLE-ADMISSIBILITY-EXECUTION-01,CAND-0063,index_order_alias,not_triggered,inventory_evidence_not_triggered,high
QSB-PLANCK-BRIDGE-RESONATOR-INDEPENDENT-LAG-VARIABLE-ADMISSIBILITY-EXECUTION-01,CAND-0063,monotonic_lag_surrogate,not_triggered,inventory_evidence_not_triggered,high
QSB-PLANCK-BRIDGE-RESONATOR-INDEPENDENT-LAG-VARIABLE-ADMISSIBILITY-EXECUTION-01,CAND-0063,piecewise_lag_surrogate,not_triggered,inventory_evidence_not_triggered,high
QSB-PLANCK-BRIDGE-RESONATOR-INDEPENDENT-LAG-VARIABLE-ADMISSIBILITY-EXECUTION-01,CAND-0063,symmetry_only_alias,not_triggered,inventory_evidence_not_triggered,high
QSB-PLANCK-BRIDGE-RESONATOR-INDEPENDENT-LAG-VARIABLE-ADMISSIBILITY-EXECUTION-01,CAND-0063,phase_response_abs_lag_alias,not_triggered,inventory_evidence_not_triggered,high
QSB-PLANCK-BRIDGE-RESONATOR-INDEPENDENT-LAG-VARIABLE-ADMISSIBILITY-EXECUTION-01,CAND-0063,unknown_alias_risk,triggered,alias_risk_level=high; value_series_status=not_available,high
QSB-PLANCK-BRIDGE-RESONATOR-INDEPENDENT-LAG-VARIABLE-ADMISSIBILITY-EXECUTION-01,CAND-0064,exact_lag_alias,not_triggered,inventory_evidence_not_triggered,high
QSB-PLANCK-BRIDGE-RESONATOR-INDEPENDENT-LAG-VARIABLE-ADMISSIBILITY-EXECUTION-01,CAND-0064,absolute_lag_alias,not_triggered,inventory_evidence_not_triggered,high
QSB-PLANCK-BRIDGE-RESONATOR-INDEPENDENT-LAG-VARIABLE-ADMISSIBILITY-EXECUTION-01,CAND-0064,pair_id_lookup_alias,not_triggered,inventory_evidence_not_triggered,high
QSB-PLANCK-BRIDGE-RESONATOR-INDEPENDENT-LAG-VARIABLE-ADMISSIBILITY-EXECUTION-01,CAND-0064,index_order_alias,not_triggered,inventory_evidence_not_triggered,high
QSB-PLANCK-BRIDGE-RESONATOR-INDEPENDENT-LAG-VARIABLE-ADMISSIBILITY-EXECUTION-01,CAND-0064,monotonic_lag_surrogate,not_triggered,inventory_evidence_not_triggered,high
QSB-PLANCK-BRIDGE-RESONATOR-INDEPENDENT-LAG-VARIABLE-ADMISSIBILITY-EXECUTION-01,CAND-0064,piecewise_lag_surrogate,not_triggered,inventory_evidence_not_triggered,high
QSB-PLANCK-BRIDGE-RESONATOR-INDEPENDENT-LAG-VARIABLE-ADMISSIBILITY-EXECUTION-01,CAND-0064,symmetry_only_alias,not_triggered,inventory_evidence_not_triggered,high
QSB-PLANCK-BRIDGE-RESONATOR-INDEPENDENT-LAG-VARIABLE-ADMISSIBILITY-EXECUTION-01,CAND-0064,phase_response_abs_lag_alias,not_triggered,inventory_evidence_not_triggered,high
QSB-PLANCK-BRIDGE-RESONATOR-INDEPENDENT-LAG-VARIABLE-ADMISSIBILITY-EXECUTION-01,CAND-0064,unknown_alias_risk,triggered,alias_risk_level=high; value_series_status=not_available,high
QSB-PLANCK-BRIDGE-RESONATOR-INDEPENDENT-LAG-VARIABLE-ADMISSIBILITY-EXECUTION-01,CAND-0065,exact_lag_alias,not_triggered,inventory_evidence_not_triggered,high
QSB-PLANCK-BRIDGE-RESONATOR-INDEPENDENT-LAG-VARIABLE-ADMISSIBILITY-EXECUTION-01,CAND-0065,absolute_lag_alias,not_triggered,inventory_evidence_not_triggered,high
QSB-PLANCK-BRIDGE-RESONATOR-INDEPENDENT-LAG-VARIABLE-ADMISSIBILITY-EXECUTION-01,CAND-0065,pair_id_lookup_alias,not_triggered,inventory_evidence_not_triggered,high
QSB-PLANCK-BRIDGE-RESONATOR-INDEPENDENT-LAG-VARIABLE-ADMISSIBILITY-EXECUTION-01,CAND-0065,index_order_alias,not_triggered,inventory_evidence_not_triggered,high
QSB-PLANCK-BRIDGE-RESONATOR-INDEPENDENT-LAG-VARIABLE-ADMISSIBILITY-EXECUTION-01,CAND-0065,monotonic_lag_surrogate,not_triggered,inventory_evidence_not_triggered,high
QSB-PLANCK-BRIDGE-RESONATOR-INDEPENDENT-LAG-VARIABLE-ADMISSIBILITY-EXECUTION-01,CAND-0065,piecewise_lag_surrogate,not_triggered,inventory_evidence_not_triggered,high
QSB-PLANCK-BRIDGE-RESONATOR-INDEPENDENT-LAG-VARIABLE-ADMISSIBILITY-EXECUTION-01,CAND-0065,symmetry_only_alias,not_triggered,inventory_evidence_not_triggered,high
QSB-PLANCK-BRIDGE-RESONATOR-INDEPENDENT-LAG-VARIABLE-ADMISSIBILITY-EXECUTION-01,CAND-0065,phase_response_abs_lag_alias,not_triggered,inventory_evidence_not_triggered,high
QSB-PLANCK-BRIDGE-RESONATOR-INDEPENDENT-LAG-VARIABLE-ADMISSIBILITY-EXECUTION-01,CAND-0065,unknown_alias_risk,triggered,alias_risk_level=high; value_series_status=not_available,high
QSB-PLANCK-BRIDGE-RESONATOR-INDEPENDENT-LAG-VARIABLE-ADMISSIBILITY-EXECUTION-01,CAND-0066,exact_lag_alias,not_triggered,inventory_evidence_not_triggered,high
QSB-PLANCK-BRIDGE-RESONATOR-INDEPENDENT-LAG-VARIABLE-ADMISSIBILITY-EXECUTION-01,CAND-0066,absolute_lag_alias,not_triggered,inventory_evidence_not_triggered,high
QSB-PLANCK-BRIDGE-RESONATOR-INDEPENDENT-LAG-VARIABLE-ADMISSIBILITY-EXECUTION-01,CAND-0066,pair_id_lookup_alias,not_triggered,inventory_evidence_not_triggered,high
QSB-PLANCK-BRIDGE-RESONATOR-INDEPENDENT-LAG-VARIABLE-ADMISSIBILITY-EXECUTION-01,CAND-0066,index_order_alias,not_triggered,inventory_evidence_not_triggered,high
QSB-PLANCK-BRIDGE-RESONATOR-INDEPENDENT-LAG-VARIABLE-ADMISSIBILITY-EXECUTION-01,CAND-0066,monotonic_lag_surrogate,not_triggered,inventory_evidence_not_triggered,high
QSB-PLANCK-BRIDGE-RESONATOR-INDEPENDENT-LAG-VARIABLE-ADMISSIBILITY-EXECUTION-01,CAND-0066,piecewise_lag_surrogate,not_triggered,inventory_evidence_not_triggered,high
QSB-PLANCK-BRIDGE-RESONATOR-INDEPENDENT-LAG-VARIABLE-ADMISSIBILITY-EXECUTION-01,CAND-0066,symmetry_only_alias,not_triggered,inventory_evidence_not_triggered,high
QSB-PLANCK-BRIDGE-RESONATOR-INDEPENDENT-LAG-VARIABLE-ADMISSIBILITY-EXECUTION-01,CAND-0066,phase_response_abs_lag_alias,not_triggered,inventory_evidence_not_triggered,high
QSB-PLANCK-BRIDGE-RESONATOR-INDEPENDENT-LAG-VARIABLE-ADMISSIBILITY-EXECUTION-01,CAND-0066,unknown_alias_risk,triggered,alias_risk_level=high; value_series_status=not_available,high
QSB-PLANCK-BRIDGE-RESONATOR-INDEPENDENT-LAG-VARIABLE-ADMISSIBILITY-EXECUTION-01,CAND-0067,exact_lag_alias,not_triggered,inventory_evidence_not_triggered,high
QSB-PLANCK-BRIDGE-RESONATOR-INDEPENDENT-LAG-VARIABLE-ADMISSIBILITY-EXECUTION-01,CAND-0067,absolute_lag_alias,not_triggered,inventory_evidence_not_triggered,high
QSB-PLANCK-BRIDGE-RESONATOR-INDEPENDENT-LAG-VARIABLE-ADMISSIBILITY-EXECUTION-01,CAND-0067,pair_id_lookup_alias,not_triggered,inventory_evidence_not_triggered,high
QSB-PLANCK-BRIDGE-RESONATOR-INDEPENDENT-LAG-VARIABLE-ADMISSIBILITY-EXECUTION-01,CAND-0067,index_order_alias,not_triggered,inventory_evidence_not_triggered,high
QSB-PLANCK-BRIDGE-RESONATOR-INDEPENDENT-LAG-VARIABLE-ADMISSIBILITY-EXECUTION-01,CAND-0067,monotonic_lag_surrogate,not_triggered,inventory_evidence_not_triggered,high
QSB-PLANCK-BRIDGE-RESONATOR-INDEPENDENT-LAG-VARIABLE-ADMISSIBILITY-EXECUTION-01,CAND-0067,piecewise_lag_surrogate,not_triggered,inventory_evidence_not_triggered,high
QSB-PLANCK-BRIDGE-RESONATOR-INDEPENDENT-LAG-VARIABLE-ADMISSIBILITY-EXECUTION-01,CAND-0067,symmetry_only_alias,not_triggered,inventory_evidence_not_triggered,high
QSB-PLANCK-BRIDGE-RESONATOR-INDEPENDENT-LAG-VARIABLE-ADMISSIBILITY-EXECUTION-01,CAND-0067,phase_response_abs_lag_alias,not_triggered,inventory_evidence_not_triggered,high
QSB-PLANCK-BRIDGE-RESONATOR-INDEPENDENT-LAG-VARIABLE-ADMISSIBILITY-EXECUTION-01,CAND-0067,unknown_alias_risk,triggered,alias_risk_level=high; value_series_status=not_available,high
QSB-PLANCK-BRIDGE-RESONATOR-INDEPENDENT-LAG-VARIABLE-ADMISSIBILITY-EXECUTION-01,CAND-0068,exact_lag_alias,not_triggered,inventory_evidence_not_triggered,unknown
QSB-PLANCK-BRIDGE-RESONATOR-INDEPENDENT-LAG-VARIABLE-ADMISSIBILITY-EXECUTION-01,CAND-0068,absolute_lag_alias,not_triggered,inventory_evidence_not_triggered,unknown
QSB-PLANCK-BRIDGE-RESONATOR-INDEPENDENT-LAG-VARIABLE-ADMISSIBILITY-EXECUTION-01,CAND-0068,pair_id_lookup_alias,not_triggered,inventory_evidence_not_triggered,unknown
QSB-PLANCK-BRIDGE-RESONATOR-INDEPENDENT-LAG-VARIABLE-ADMISSIBILITY-EXECUTION-01,CAND-0068,index_order_alias,not_triggered,inventory_evidence_not_triggered,unknown
QSB-PLANCK-BRIDGE-RESONATOR-INDEPENDENT-LAG-VARIABLE-ADMISSIBILITY-EXECUTION-01,CAND-0068,monotonic_lag_surrogate,not_triggered,inventory_evidence_not_triggered,unknown
QSB-PLANCK-BRIDGE-RESONATOR-INDEPENDENT-LAG-VARIABLE-ADMISSIBILITY-EXECUTION-01,CAND-0068,piecewise_lag_surrogate,not_triggered,inventory_evidence_not_triggered,unknown
QSB-PLANCK-BRIDGE-RESONATOR-INDEPENDENT-LAG-VARIABLE-ADMISSIBILITY-EXECUTION-01,CAND-0068,symmetry_only_alias,not_triggered,inventory_evidence_not_triggered,unknown
QSB-PLANCK-BRIDGE-RESONATOR-INDEPENDENT-LAG-VARIABLE-ADMISSIBILITY-EXECUTION-01,CAND-0068,phase_response_abs_lag_alias,not_triggered,inventory_evidence_not_triggered,unknown
QSB-PLANCK-BRIDGE-RESONATOR-INDEPENDENT-LAG-VARIABLE-ADMISSIBILITY-EXECUTION-01,CAND-0068,unknown_alias_risk,triggered,alias_risk_level=unknown; value_series_status=not_available,unknown
QSB-PLANCK-BRIDGE-RESONATOR-INDEPENDENT-LAG-VARIABLE-ADMISSIBILITY-EXECUTION-01,CAND-0069,exact_lag_alias,not_triggered,inventory_evidence_not_triggered,high
QSB-PLANCK-BRIDGE-RESONATOR-INDEPENDENT-LAG-VARIABLE-ADMISSIBILITY-EXECUTION-01,CAND-0069,absolute_lag_alias,not_triggered,inventory_evidence_not_triggered,high
QSB-PLANCK-BRIDGE-RESONATOR-INDEPENDENT-LAG-VARIABLE-ADMISSIBILITY-EXECUTION-01,CAND-0069,pair_id_lookup_alias,not_triggered,inventory_evidence_not_triggered,high
QSB-PLANCK-BRIDGE-RESONATOR-INDEPENDENT-LAG-VARIABLE-ADMISSIBILITY-EXECUTION-01,CAND-0069,index_order_alias,not_triggered,inventory_evidence_not_triggered,high
QSB-PLANCK-BRIDGE-RESONATOR-INDEPENDENT-LAG-VARIABLE-ADMISSIBILITY-EXECUTION-01,CAND-0069,monotonic_lag_surrogate,not_triggered,inventory_evidence_not_triggered,high
QSB-PLANCK-BRIDGE-RESONATOR-INDEPENDENT-LAG-VARIABLE-ADMISSIBILITY-EXECUTION-01,CAND-0069,piecewise_lag_surrogate,not_triggered,inventory_evidence_not_triggered,high
QSB-PLANCK-BRIDGE-RESONATOR-INDEPENDENT-LAG-VARIABLE-ADMISSIBILITY-EXECUTION-01,CAND-0069,symmetry_only_alias,not_triggered,inventory_evidence_not_triggered,high
QSB-PLANCK-BRIDGE-RESONATOR-INDEPENDENT-LAG-VARIABLE-ADMISSIBILITY-EXECUTION-01,CAND-0069,phase_response_abs_lag_alias,not_triggered,inventory_evidence_not_triggered,high
QSB-PLANCK-BRIDGE-RESONATOR-INDEPENDENT-LAG-VARIABLE-ADMISSIBILITY-EXECUTION-01,CAND-0069,unknown_alias_risk,triggered,alias_risk_level=high; value_series_status=not_available,high
QSB-PLANCK-BRIDGE-RESONATOR-INDEPENDENT-LAG-VARIABLE-ADMISSIBILITY-EXECUTION-01,CAND-0070,exact_lag_alias,not_triggered,inventory_evidence_not_triggered,unknown
QSB-PLANCK-BRIDGE-RESONATOR-INDEPENDENT-LAG-VARIABLE-ADMISSIBILITY-EXECUTION-01,CAND-0070,absolute_lag_alias,not_triggered,inventory_evidence_not_triggered,unknown
QSB-PLANCK-BRIDGE-RESONATOR-INDEPENDENT-LAG-VARIABLE-ADMISSIBILITY-EXECUTION-01,CAND-0070,pair_id_lookup_alias,not_triggered,inventory_evidence_not_triggered,unknown
QSB-PLANCK-BRIDGE-RESONATOR-INDEPENDENT-LAG-VARIABLE-ADMISSIBILITY-EXECUTION-01,CAND-0070,index_order_alias,not_triggered,inventory_evidence_not_triggered,unknown
QSB-PLANCK-BRIDGE-RESONATOR-INDEPENDENT-LAG-VARIABLE-ADMISSIBILITY-EXECUTION-01,CAND-0070,monotonic_lag_surrogate,not_triggered,inventory_evidence_not_triggered,unknown
QSB-PLANCK-BRIDGE-RESONATOR-INDEPENDENT-LAG-VARIABLE-ADMISSIBILITY-EXECUTION-01,CAND-0070,piecewise_lag_surrogate,not_triggered,inventory_evidence_not_triggered,unknown
QSB-PLANCK-BRIDGE-RESONATOR-INDEPENDENT-LAG-VARIABLE-ADMISSIBILITY-EXECUTION-01,CAND-0070,symmetry_only_alias,not_triggered,inventory_evidence_not_triggered,unknown
QSB-PLANCK-BRIDGE-RESONATOR-INDEPENDENT-LAG-VARIABLE-ADMISSIBILITY-EXECUTION-01,CAND-0070,phase_response_abs_lag_alias,not_triggered,inventory_evidence_not_triggered,unknown
QSB-PLANCK-BRIDGE-RESONATOR-INDEPENDENT-LAG-VARIABLE-ADMISSIBILITY-EXECUTION-01,CAND-0070,unknown_alias_risk,triggered,alias_risk_level=unknown; value_series_status=not_available,unknown
QSB-PLANCK-BRIDGE-RESONATOR-INDEPENDENT-LAG-VARIABLE-ADMISSIBILITY-EXECUTION-01,CAND-0071,exact_lag_alias,not_triggered,inventory_evidence_not_triggered,high
QSB-PLANCK-BRIDGE-RESONATOR-INDEPENDENT-LAG-VARIABLE-ADMISSIBILITY-EXECUTION-01,CAND-0071,absolute_lag_alias,not_triggered,inventory_evidence_not_triggered,high
QSB-PLANCK-BRIDGE-RESONATOR-INDEPENDENT-LAG-VARIABLE-ADMISSIBILITY-EXECUTION-01,CAND-0071,pair_id_lookup_alias,not_triggered,inventory_evidence_not_triggered,high
QSB-PLANCK-BRIDGE-RESONATOR-INDEPENDENT-LAG-VARIABLE-ADMISSIBILITY-EXECUTION-01,CAND-0071,index_order_alias,not_triggered,inventory_evidence_not_triggered,high
QSB-PLANCK-BRIDGE-RESONATOR-INDEPENDENT-LAG-VARIABLE-ADMISSIBILITY-EXECUTION-01,CAND-0071,monotonic_lag_surrogate,not_triggered,inventory_evidence_not_triggered,high
QSB-PLANCK-BRIDGE-RESONATOR-INDEPENDENT-LAG-VARIABLE-ADMISSIBILITY-EXECUTION-01,CAND-0071,piecewise_lag_surrogate,not_triggered,inventory_evidence_not_triggered,high
QSB-PLANCK-BRIDGE-RESONATOR-INDEPENDENT-LAG-VARIABLE-ADMISSIBILITY-EXECUTION-01,CAND-0071,symmetry_only_alias,not_triggered,inventory_evidence_not_triggered,high
QSB-PLANCK-BRIDGE-RESONATOR-INDEPENDENT-LAG-VARIABLE-ADMISSIBILITY-EXECUTION-01,CAND-0071,phase_response_abs_lag_alias,not_triggered,inventory_evidence_not_triggered,high
QSB-PLANCK-BRIDGE-RESONATOR-INDEPENDENT-LAG-VARIABLE-ADMISSIBILITY-EXECUTION-01,CAND-0071,unknown_alias_risk,triggered,alias_risk_level=high; value_series_status=not_available,high
QSB-PLANCK-BRIDGE-RESONATOR-INDEPENDENT-LAG-VARIABLE-ADMISSIBILITY-EXECUTION-01,CAND-0072,exact_lag_alias,not_triggered,inventory_evidence_not_triggered,unknown
QSB-PLANCK-BRIDGE-RESONATOR-INDEPENDENT-LAG-VARIABLE-ADMISSIBILITY-EXECUTION-01,CAND-0072,absolute_lag_alias,not_triggered,inventory_evidence_not_triggered,unknown
QSB-PLANCK-BRIDGE-RESONATOR-INDEPENDENT-LAG-VARIABLE-ADMISSIBILITY-EXECUTION-01,CAND-0072,pair_id_lookup_alias,not_triggered,inventory_evidence_not_triggered,unknown
QSB-PLANCK-BRIDGE-RESONATOR-INDEPENDENT-LAG-VARIABLE-ADMISSIBILITY-EXECUTION-01,CAND-0072,index_order_alias,not_triggered,inventory_evidence_not_triggered,unknown
QSB-PLANCK-BRIDGE-RESONATOR-INDEPENDENT-LAG-VARIABLE-ADMISSIBILITY-EXECUTION-01,CAND-0072,monotonic_lag_surrogate,not_triggered,inventory_evidence_not_triggered,unknown
QSB-PLANCK-BRIDGE-RESONATOR-INDEPENDENT-LAG-VARIABLE-ADMISSIBILITY-EXECUTION-01,CAND-0072,piecewise_lag_surrogate,not_triggered,inventory_evidence_not_triggered,unknown
QSB-PLANCK-BRIDGE-RESONATOR-INDEPENDENT-LAG-VARIABLE-ADMISSIBILITY-EXECUTION-01,CAND-0072,symmetry_only_alias,not_triggered,inventory_evidence_not_triggered,unknown
QSB-PLANCK-BRIDGE-RESONATOR-INDEPENDENT-LAG-VARIABLE-ADMISSIBILITY-EXECUTION-01,CAND-0072,phase_response_abs_lag_alias,not_triggered,inventory_evidence_not_triggered,unknown
QSB-PLANCK-BRIDGE-RESONATOR-INDEPENDENT-LAG-VARIABLE-ADMISSIBILITY-EXECUTION-01,CAND-0072,unknown_alias_risk,triggered,alias_risk_level=unknown; value_series_status=not_available,unknown
QSB-PLANCK-BRIDGE-RESONATOR-INDEPENDENT-LAG-VARIABLE-ADMISSIBILITY-EXECUTION-01,CAND-0073,exact_lag_alias,not_triggered,inventory_evidence_not_triggered,unknown
QSB-PLANCK-BRIDGE-RESONATOR-INDEPENDENT-LAG-VARIABLE-ADMISSIBILITY-EXECUTION-01,CAND-0073,absolute_lag_alias,not_triggered,inventory_evidence_not_triggered,unknown
QSB-PLANCK-BRIDGE-RESONATOR-INDEPENDENT-LAG-VARIABLE-ADMISSIBILITY-EXECUTION-01,CAND-0073,pair_id_lookup_alias,not_triggered,inventory_evidence_not_triggered,unknown
QSB-PLANCK-BRIDGE-RESONATOR-INDEPENDENT-LAG-VARIABLE-ADMISSIBILITY-EXECUTION-01,CAND-0073,index_order_alias,not_triggered,inventory_evidence_not_triggered,unknown
QSB-PLANCK-BRIDGE-RESONATOR-INDEPENDENT-LAG-VARIABLE-ADMISSIBILITY-EXECUTION-01,CAND-0073,monotonic_lag_surrogate,not_triggered,inventory_evidence_not_triggered,unknown
QSB-PLANCK-BRIDGE-RESONATOR-INDEPENDENT-LAG-VARIABLE-ADMISSIBILITY-EXECUTION-01,CAND-0073,piecewise_lag_surrogate,not_triggered,inventory_evidence_not_triggered,unknown
QSB-PLANCK-BRIDGE-RESONATOR-INDEPENDENT-LAG-VARIABLE-ADMISSIBILITY-EXECUTION-01,CAND-0073,symmetry_only_alias,not_triggered,inventory_evidence_not_triggered,unknown
QSB-PLANCK-BRIDGE-RESONATOR-INDEPENDENT-LAG-VARIABLE-ADMISSIBILITY-EXECUTION-01,CAND-0073,phase_response_abs_lag_alias,not_triggered,inventory_evidence_not_triggered,unknown
QSB-PLANCK-BRIDGE-RESONATOR-INDEPENDENT-LAG-VARIABLE-ADMISSIBILITY-EXECUTION-01,CAND-0073,unknown_alias_risk,triggered,alias_risk_level=unknown; value_series_status=not_available,unknown
QSB-PLANCK-BRIDGE-RESONATOR-INDEPENDENT-LAG-VARIABLE-ADMISSIBILITY-EXECUTION-01,CAND-0074,exact_lag_alias,not_triggered,inventory_evidence_not_triggered,unknown
QSB-PLANCK-BRIDGE-RESONATOR-INDEPENDENT-LAG-VARIABLE-ADMISSIBILITY-EXECUTION-01,CAND-0074,absolute_lag_alias,not_triggered,inventory_evidence_not_triggered,unknown
QSB-PLANCK-BRIDGE-RESONATOR-INDEPENDENT-LAG-VARIABLE-ADMISSIBILITY-EXECUTION-01,CAND-0074,pair_id_lookup_alias,not_triggered,inventory_evidence_not_triggered,unknown
QSB-PLANCK-BRIDGE-RESONATOR-INDEPENDENT-LAG-VARIABLE-ADMISSIBILITY-EXECUTION-01,CAND-0074,index_order_alias,not_triggered,inventory_evidence_not_triggered,unknown
QSB-PLANCK-BRIDGE-RESONATOR-INDEPENDENT-LAG-VARIABLE-ADMISSIBILITY-EXECUTION-01,CAND-0074,monotonic_lag_surrogate,not_triggered,inventory_evidence_not_triggered,unknown
QSB-PLANCK-BRIDGE-RESONATOR-INDEPENDENT-LAG-VARIABLE-ADMISSIBILITY-EXECUTION-01,CAND-0074,piecewise_lag_surrogate,not_triggered,inventory_evidence_not_triggered,unknown
QSB-PLANCK-BRIDGE-RESONATOR-INDEPENDENT-LAG-VARIABLE-ADMISSIBILITY-EXECUTION-01,CAND-0074,symmetry_only_alias,not_triggered,inventory_evidence_not_triggered,unknown
QSB-PLANCK-BRIDGE-RESONATOR-INDEPENDENT-LAG-VARIABLE-ADMISSIBILITY-EXECUTION-01,CAND-0074,phase_response_abs_lag_alias,not_triggered,inventory_evidence_not_triggered,unknown
QSB-PLANCK-BRIDGE-RESONATOR-INDEPENDENT-LAG-VARIABLE-ADMISSIBILITY-EXECUTION-01,CAND-0074,unknown_alias_risk,triggered,alias_risk_level=unknown; value_series_status=not_available,unknown
QSB-PLANCK-BRIDGE-RESONATOR-INDEPENDENT-LAG-VARIABLE-ADMISSIBILITY-EXECUTION-01,CAND-0075,exact_lag_alias,not_triggered,inventory_evidence_not_triggered,high
QSB-PLANCK-BRIDGE-RESONATOR-INDEPENDENT-LAG-VARIABLE-ADMISSIBILITY-EXECUTION-01,CAND-0075,absolute_lag_alias,not_triggered,inventory_evidence_not_triggered,high
QSB-PLANCK-BRIDGE-RESONATOR-INDEPENDENT-LAG-VARIABLE-ADMISSIBILITY-EXECUTION-01,CAND-0075,pair_id_lookup_alias,not_triggered,inventory_evidence_not_triggered,high
QSB-PLANCK-BRIDGE-RESONATOR-INDEPENDENT-LAG-VARIABLE-ADMISSIBILITY-EXECUTION-01,CAND-0075,index_order_alias,not_triggered,inventory_evidence_not_triggered,high
QSB-PLANCK-BRIDGE-RESONATOR-INDEPENDENT-LAG-VARIABLE-ADMISSIBILITY-EXECUTION-01,CAND-0075,monotonic_lag_surrogate,not_triggered,inventory_evidence_not_triggered,high
QSB-PLANCK-BRIDGE-RESONATOR-INDEPENDENT-LAG-VARIABLE-ADMISSIBILITY-EXECUTION-01,CAND-0075,piecewise_lag_surrogate,not_triggered,inventory_evidence_not_triggered,high
QSB-PLANCK-BRIDGE-RESONATOR-INDEPENDENT-LAG-VARIABLE-ADMISSIBILITY-EXECUTION-01,CAND-0075,symmetry_only_alias,not_triggered,inventory_evidence_not_triggered,high
QSB-PLANCK-BRIDGE-RESONATOR-INDEPENDENT-LAG-VARIABLE-ADMISSIBILITY-EXECUTION-01,CAND-0075,phase_response_abs_lag_alias,not_triggered,inventory_evidence_not_triggered,high
QSB-PLANCK-BRIDGE-RESONATOR-INDEPENDENT-LAG-VARIABLE-ADMISSIBILITY-EXECUTION-01,CAND-0075,unknown_alias_risk,triggered,alias_risk_level=high; value_series_status=not_available,high
QSB-PLANCK-BRIDGE-RESONATOR-INDEPENDENT-LAG-VARIABLE-ADMISSIBILITY-EXECUTION-01,CAND-0076,exact_lag_alias,not_triggered,inventory_evidence_not_triggered,high
QSB-PLANCK-BRIDGE-RESONATOR-INDEPENDENT-LAG-VARIABLE-ADMISSIBILITY-EXECUTION-01,CAND-0076,absolute_lag_alias,not_triggered,inventory_evidence_not_triggered,high
QSB-PLANCK-BRIDGE-RESONATOR-INDEPENDENT-LAG-VARIABLE-ADMISSIBILITY-EXECUTION-01,CAND-0076,pair_id_lookup_alias,not_triggered,inventory_evidence_not_triggered,high
QSB-PLANCK-BRIDGE-RESONATOR-INDEPENDENT-LAG-VARIABLE-ADMISSIBILITY-EXECUTION-01,CAND-0076,index_order_alias,not_triggered,inventory_evidence_not_triggered,high
QSB-PLANCK-BRIDGE-RESONATOR-INDEPENDENT-LAG-VARIABLE-ADMISSIBILITY-EXECUTION-01,CAND-0076,monotonic_lag_surrogate,not_triggered,inventory_evidence_not_triggered,high
QSB-PLANCK-BRIDGE-RESONATOR-INDEPENDENT-LAG-VARIABLE-ADMISSIBILITY-EXECUTION-01,CAND-0076,piecewise_lag_surrogate,not_triggered,inventory_evidence_not_triggered,high
QSB-PLANCK-BRIDGE-RESONATOR-INDEPENDENT-LAG-VARIABLE-ADMISSIBILITY-EXECUTION-01,CAND-0076,symmetry_only_alias,not_triggered,inventory_evidence_not_triggered,high
QSB-PLANCK-BRIDGE-RESONATOR-INDEPENDENT-LAG-VARIABLE-ADMISSIBILITY-EXECUTION-01,CAND-0076,phase_response_abs_lag_alias,not_triggered,inventory_evidence_not_triggered,high
QSB-PLANCK-BRIDGE-RESONATOR-INDEPENDENT-LAG-VARIABLE-ADMISSIBILITY-EXECUTION-01,CAND-0076,unknown_alias_risk,triggered,alias_risk_level=high; value_series_status=not_available,high
QSB-PLANCK-BRIDGE-RESONATOR-INDEPENDENT-LAG-VARIABLE-ADMISSIBILITY-EXECUTION-01,CAND-0077,exact_lag_alias,not_triggered,inventory_evidence_not_triggered,unknown
QSB-PLANCK-BRIDGE-RESONATOR-INDEPENDENT-LAG-VARIABLE-ADMISSIBILITY-EXECUTION-01,CAND-0077,absolute_lag_alias,not_triggered,inventory_evidence_not_triggered,unknown
QSB-PLANCK-BRIDGE-RESONATOR-INDEPENDENT-LAG-VARIABLE-ADMISSIBILITY-EXECUTION-01,CAND-0077,pair_id_lookup_alias,not_triggered,inventory_evidence_not_triggered,unknown
QSB-PLANCK-BRIDGE-RESONATOR-INDEPENDENT-LAG-VARIABLE-ADMISSIBILITY-EXECUTION-01,CAND-0077,index_order_alias,not_triggered,inventory_evidence_not_triggered,unknown
QSB-PLANCK-BRIDGE-RESONATOR-INDEPENDENT-LAG-VARIABLE-ADMISSIBILITY-EXECUTION-01,CAND-0077,monotonic_lag_surrogate,not_triggered,inventory_evidence_not_triggered,unknown
QSB-PLANCK-BRIDGE-RESONATOR-INDEPENDENT-LAG-VARIABLE-ADMISSIBILITY-EXECUTION-01,CAND-0077,piecewise_lag_surrogate,not_triggered,inventory_evidence_not_triggered,unknown
QSB-PLANCK-BRIDGE-RESONATOR-INDEPENDENT-LAG-VARIABLE-ADMISSIBILITY-EXECUTION-01,CAND-0077,symmetry_only_alias,not_triggered,inventory_evidence_not_triggered,unknown
QSB-PLANCK-BRIDGE-RESONATOR-INDEPENDENT-LAG-VARIABLE-ADMISSIBILITY-EXECUTION-01,CAND-0077,phase_response_abs_lag_alias,not_triggered,inventory_evidence_not_triggered,unknown
QSB-PLANCK-BRIDGE-RESONATOR-INDEPENDENT-LAG-VARIABLE-ADMISSIBILITY-EXECUTION-01,CAND-0077,unknown_alias_risk,triggered,alias_risk_level=unknown; value_series_status=not_available,unknown
QSB-PLANCK-BRIDGE-RESONATOR-INDEPENDENT-LAG-VARIABLE-ADMISSIBILITY-EXECUTION-01,CAND-0078,exact_lag_alias,not_triggered,inventory_evidence_not_triggered,unknown
QSB-PLANCK-BRIDGE-RESONATOR-INDEPENDENT-LAG-VARIABLE-ADMISSIBILITY-EXECUTION-01,CAND-0078,absolute_lag_alias,not_triggered,inventory_evidence_not_triggered,unknown
QSB-PLANCK-BRIDGE-RESONATOR-INDEPENDENT-LAG-VARIABLE-ADMISSIBILITY-EXECUTION-01,CAND-0078,pair_id_lookup_alias,not_triggered,inventory_evidence_not_triggered,unknown
QSB-PLANCK-BRIDGE-RESONATOR-INDEPENDENT-LAG-VARIABLE-ADMISSIBILITY-EXECUTION-01,CAND-0078,index_order_alias,not_triggered,inventory_evidence_not_triggered,unknown
QSB-PLANCK-BRIDGE-RESONATOR-INDEPENDENT-LAG-VARIABLE-ADMISSIBILITY-EXECUTION-01,CAND-0078,monotonic_lag_surrogate,not_triggered,inventory_evidence_not_triggered,unknown
QSB-PLANCK-BRIDGE-RESONATOR-INDEPENDENT-LAG-VARIABLE-ADMISSIBILITY-EXECUTION-01,CAND-0078,piecewise_lag_surrogate,not_triggered,inventory_evidence_not_triggered,unknown
QSB-PLANCK-BRIDGE-RESONATOR-INDEPENDENT-LAG-VARIABLE-ADMISSIBILITY-EXECUTION-01,CAND-0078,symmetry_only_alias,not_triggered,inventory_evidence_not_triggered,unknown
QSB-PLANCK-BRIDGE-RESONATOR-INDEPENDENT-LAG-VARIABLE-ADMISSIBILITY-EXECUTION-01,CAND-0078,phase_response_abs_lag_alias,not_triggered,inventory_evidence_not_triggered,unknown
QSB-PLANCK-BRIDGE-RESONATOR-INDEPENDENT-LAG-VARIABLE-ADMISSIBILITY-EXECUTION-01,CAND-0078,unknown_alias_risk,triggered,alias_risk_level=unknown; value_series_status=not_available,unknown
QSB-PLANCK-BRIDGE-RESONATOR-INDEPENDENT-LAG-VARIABLE-ADMISSIBILITY-EXECUTION-01,CAND-0079,exact_lag_alias,not_triggered,inventory_evidence_not_triggered,unknown
QSB-PLANCK-BRIDGE-RESONATOR-INDEPENDENT-LAG-VARIABLE-ADMISSIBILITY-EXECUTION-01,CAND-0079,absolute_lag_alias,not_triggered,inventory_evidence_not_triggered,unknown
QSB-PLANCK-BRIDGE-RESONATOR-INDEPENDENT-LAG-VARIABLE-ADMISSIBILITY-EXECUTION-01,CAND-0079,pair_id_lookup_alias,not_triggered,inventory_evidence_not_triggered,unknown
QSB-PLANCK-BRIDGE-RESONATOR-INDEPENDENT-LAG-VARIABLE-ADMISSIBILITY-EXECUTION-01,CAND-0079,index_order_alias,not_triggered,inventory_evidence_not_triggered,unknown
QSB-PLANCK-BRIDGE-RESONATOR-INDEPENDENT-LAG-VARIABLE-ADMISSIBILITY-EXECUTION-01,CAND-0079,monotonic_lag_surrogate,not_triggered,inventory_evidence_not_triggered,unknown
QSB-PLANCK-BRIDGE-RESONATOR-INDEPENDENT-LAG-VARIABLE-ADMISSIBILITY-EXECUTION-01,CAND-0079,piecewise_lag_surrogate,not_triggered,inventory_evidence_not_triggered,unknown
QSB-PLANCK-BRIDGE-RESONATOR-INDEPENDENT-LAG-VARIABLE-ADMISSIBILITY-EXECUTION-01,CAND-0079,symmetry_only_alias,not_triggered,inventory_evidence_not_triggered,unknown
QSB-PLANCK-BRIDGE-RESONATOR-INDEPENDENT-LAG-VARIABLE-ADMISSIBILITY-EXECUTION-01,CAND-0079,phase_response_abs_lag_alias,not_triggered,inventory_evidence_not_triggered,unknown
QSB-PLANCK-BRIDGE-RESONATOR-INDEPENDENT-LAG-VARIABLE-ADMISSIBILITY-EXECUTION-01,CAND-0079,unknown_alias_risk,triggered,alias_risk_level=unknown; value_series_status=not_available,unknown
QSB-PLANCK-BRIDGE-RESONATOR-INDEPENDENT-LAG-VARIABLE-ADMISSIBILITY-EXECUTION-01,CAND-0080,exact_lag_alias,not_triggered,inventory_evidence_not_triggered,unknown
QSB-PLANCK-BRIDGE-RESONATOR-INDEPENDENT-LAG-VARIABLE-ADMISSIBILITY-EXECUTION-01,CAND-0080,absolute_lag_alias,not_triggered,inventory_evidence_not_triggered,unknown
QSB-PLANCK-BRIDGE-RESONATOR-INDEPENDENT-LAG-VARIABLE-ADMISSIBILITY-EXECUTION-01,CAND-0080,pair_id_lookup_alias,not_triggered,inventory_evidence_not_triggered,unknown
QSB-PLANCK-BRIDGE-RESONATOR-INDEPENDENT-LAG-VARIABLE-ADMISSIBILITY-EXECUTION-01,CAND-0080,index_order_alias,not_triggered,inventory_evidence_not_triggered,unknown
QSB-PLANCK-BRIDGE-RESONATOR-INDEPENDENT-LAG-VARIABLE-ADMISSIBILITY-EXECUTION-01,CAND-0080,monotonic_lag_surrogate,not_triggered,inventory_evidence_not_triggered,unknown
QSB-PLANCK-BRIDGE-RESONATOR-INDEPENDENT-LAG-VARIABLE-ADMISSIBILITY-EXECUTION-01,CAND-0080,piecewise_lag_surrogate,not_triggered,inventory_evidence_not_triggered,unknown
QSB-PLANCK-BRIDGE-RESONATOR-INDEPENDENT-LAG-VARIABLE-ADMISSIBILITY-EXECUTION-01,CAND-0080,symmetry_only_alias,not_triggered,inventory_evidence_not_triggered,unknown
QSB-PLANCK-BRIDGE-RESONATOR-INDEPENDENT-LAG-VARIABLE-ADMISSIBILITY-EXECUTION-01,CAND-0080,phase_response_abs_lag_alias,not_triggered,inventory_evidence_not_triggered,unknown
QSB-PLANCK-BRIDGE-RESONATOR-INDEPENDENT-LAG-VARIABLE-ADMISSIBILITY-EXECUTION-01,CAND-0080,unknown_alias_risk,triggered,alias_risk_level=unknown; value_series_status=not_available,unknown
QSB-PLANCK-BRIDGE-RESONATOR-INDEPENDENT-LAG-VARIABLE-ADMISSIBILITY-EXECUTION-01,CAND-0081,exact_lag_alias,not_triggered,inventory_evidence_not_triggered,unknown
QSB-PLANCK-BRIDGE-RESONATOR-INDEPENDENT-LAG-VARIABLE-ADMISSIBILITY-EXECUTION-01,CAND-0081,absolute_lag_alias,not_triggered,inventory_evidence_not_triggered,unknown
QSB-PLANCK-BRIDGE-RESONATOR-INDEPENDENT-LAG-VARIABLE-ADMISSIBILITY-EXECUTION-01,CAND-0081,pair_id_lookup_alias,not_triggered,inventory_evidence_not_triggered,unknown
QSB-PLANCK-BRIDGE-RESONATOR-INDEPENDENT-LAG-VARIABLE-ADMISSIBILITY-EXECUTION-01,CAND-0081,index_order_alias,not_triggered,inventory_evidence_not_triggered,unknown
QSB-PLANCK-BRIDGE-RESONATOR-INDEPENDENT-LAG-VARIABLE-ADMISSIBILITY-EXECUTION-01,CAND-0081,monotonic_lag_surrogate,not_triggered,inventory_evidence_not_triggered,unknown
QSB-PLANCK-BRIDGE-RESONATOR-INDEPENDENT-LAG-VARIABLE-ADMISSIBILITY-EXECUTION-01,CAND-0081,piecewise_lag_surrogate,not_triggered,inventory_evidence_not_triggered,unknown
QSB-PLANCK-BRIDGE-RESONATOR-INDEPENDENT-LAG-VARIABLE-ADMISSIBILITY-EXECUTION-01,CAND-0081,symmetry_only_alias,not_triggered,inventory_evidence_not_triggered,unknown
QSB-PLANCK-BRIDGE-RESONATOR-INDEPENDENT-LAG-VARIABLE-ADMISSIBILITY-EXECUTION-01,CAND-0081,phase_response_abs_lag_alias,not_triggered,inventory_evidence_not_triggered,unknown
QSB-PLANCK-BRIDGE-RESONATOR-INDEPENDENT-LAG-VARIABLE-ADMISSIBILITY-EXECUTION-01,CAND-0081,unknown_alias_risk,triggered,alias_risk_level=unknown; value_series_status=not_available,unknown
QSB-PLANCK-BRIDGE-RESONATOR-INDEPENDENT-LAG-VARIABLE-ADMISSIBILITY-EXECUTION-01,CAND-0082,exact_lag_alias,not_triggered,inventory_evidence_not_triggered,unknown
QSB-PLANCK-BRIDGE-RESONATOR-INDEPENDENT-LAG-VARIABLE-ADMISSIBILITY-EXECUTION-01,CAND-0082,absolute_lag_alias,not_triggered,inventory_evidence_not_triggered,unknown
QSB-PLANCK-BRIDGE-RESONATOR-INDEPENDENT-LAG-VARIABLE-ADMISSIBILITY-EXECUTION-01,CAND-0082,pair_id_lookup_alias,not_triggered,inventory_evidence_not_triggered,unknown
QSB-PLANCK-BRIDGE-RESONATOR-INDEPENDENT-LAG-VARIABLE-ADMISSIBILITY-EXECUTION-01,CAND-0082,index_order_alias,not_triggered,inventory_evidence_not_triggered,unknown
QSB-PLANCK-BRIDGE-RESONATOR-INDEPENDENT-LAG-VARIABLE-ADMISSIBILITY-EXECUTION-01,CAND-0082,monotonic_lag_surrogate,not_triggered,inventory_evidence_not_triggered,unknown
QSB-PLANCK-BRIDGE-RESONATOR-INDEPENDENT-LAG-VARIABLE-ADMISSIBILITY-EXECUTION-01,CAND-0082,piecewise_lag_surrogate,not_triggered,inventory_evidence_not_triggered,unknown
QSB-PLANCK-BRIDGE-RESONATOR-INDEPENDENT-LAG-VARIABLE-ADMISSIBILITY-EXECUTION-01,CAND-0082,symmetry_only_alias,not_triggered,inventory_evidence_not_triggered,unknown
QSB-PLANCK-BRIDGE-RESONATOR-INDEPENDENT-LAG-VARIABLE-ADMISSIBILITY-EXECUTION-01,CAND-0082,phase_response_abs_lag_alias,not_triggered,inventory_evidence_not_triggered,unknown
QSB-PLANCK-BRIDGE-RESONATOR-INDEPENDENT-LAG-VARIABLE-ADMISSIBILITY-EXECUTION-01,CAND-0082,unknown_alias_risk,triggered,alias_risk_level=unknown; value_series_status=not_available,unknown
QSB-PLANCK-BRIDGE-RESONATOR-INDEPENDENT-LAG-VARIABLE-ADMISSIBILITY-EXECUTION-01,CAND-0083,exact_lag_alias,not_triggered,inventory_evidence_not_triggered,unknown
QSB-PLANCK-BRIDGE-RESONATOR-INDEPENDENT-LAG-VARIABLE-ADMISSIBILITY-EXECUTION-01,CAND-0083,absolute_lag_alias,not_triggered,inventory_evidence_not_triggered,unknown
QSB-PLANCK-BRIDGE-RESONATOR-INDEPENDENT-LAG-VARIABLE-ADMISSIBILITY-EXECUTION-01,CAND-0083,pair_id_lookup_alias,not_triggered,inventory_evidence_not_triggered,unknown
QSB-PLANCK-BRIDGE-RESONATOR-INDEPENDENT-LAG-VARIABLE-ADMISSIBILITY-EXECUTION-01,CAND-0083,index_order_alias,not_triggered,inventory_evidence_not_triggered,unknown
QSB-PLANCK-BRIDGE-RESONATOR-INDEPENDENT-LAG-VARIABLE-ADMISSIBILITY-EXECUTION-01,CAND-0083,monotonic_lag_surrogate,not_triggered,inventory_evidence_not_triggered,unknown
QSB-PLANCK-BRIDGE-RESONATOR-INDEPENDENT-LAG-VARIABLE-ADMISSIBILITY-EXECUTION-01,CAND-0083,piecewise_lag_surrogate,not_triggered,inventory_evidence_not_triggered,unknown
QSB-PLANCK-BRIDGE-RESONATOR-INDEPENDENT-LAG-VARIABLE-ADMISSIBILITY-EXECUTION-01,CAND-0083,symmetry_only_alias,not_triggered,inventory_evidence_not_triggered,unknown
QSB-PLANCK-BRIDGE-RESONATOR-INDEPENDENT-LAG-VARIABLE-ADMISSIBILITY-EXECUTION-01,CAND-0083,phase_response_abs_lag_alias,not_triggered,inventory_evidence_not_triggered,unknown
QSB-PLANCK-BRIDGE-RESONATOR-INDEPENDENT-LAG-VARIABLE-ADMISSIBILITY-EXECUTION-01,CAND-0083,unknown_alias_risk,triggered,alias_risk_level=unknown; value_series_status=not_available,unknown
QSB-PLANCK-BRIDGE-RESONATOR-INDEPENDENT-LAG-VARIABLE-ADMISSIBILITY-EXECUTION-01,CAND-0084,exact_lag_alias,not_triggered,inventory_evidence_not_triggered,high
QSB-PLANCK-BRIDGE-RESONATOR-INDEPENDENT-LAG-VARIABLE-ADMISSIBILITY-EXECUTION-01,CAND-0084,absolute_lag_alias,not_triggered,inventory_evidence_not_triggered,high
QSB-PLANCK-BRIDGE-RESONATOR-INDEPENDENT-LAG-VARIABLE-ADMISSIBILITY-EXECUTION-01,CAND-0084,pair_id_lookup_alias,not_triggered,inventory_evidence_not_triggered,high
QSB-PLANCK-BRIDGE-RESONATOR-INDEPENDENT-LAG-VARIABLE-ADMISSIBILITY-EXECUTION-01,CAND-0084,index_order_alias,not_triggered,inventory_evidence_not_triggered,high
QSB-PLANCK-BRIDGE-RESONATOR-INDEPENDENT-LAG-VARIABLE-ADMISSIBILITY-EXECUTION-01,CAND-0084,monotonic_lag_surrogate,not_triggered,inventory_evidence_not_triggered,high
QSB-PLANCK-BRIDGE-RESONATOR-INDEPENDENT-LAG-VARIABLE-ADMISSIBILITY-EXECUTION-01,CAND-0084,piecewise_lag_surrogate,not_triggered,inventory_evidence_not_triggered,high
QSB-PLANCK-BRIDGE-RESONATOR-INDEPENDENT-LAG-VARIABLE-ADMISSIBILITY-EXECUTION-01,CAND-0084,symmetry_only_alias,not_triggered,inventory_evidence_not_triggered,high
QSB-PLANCK-BRIDGE-RESONATOR-INDEPENDENT-LAG-VARIABLE-ADMISSIBILITY-EXECUTION-01,CAND-0084,phase_response_abs_lag_alias,not_triggered,inventory_evidence_not_triggered,high
QSB-PLANCK-BRIDGE-RESONATOR-INDEPENDENT-LAG-VARIABLE-ADMISSIBILITY-EXECUTION-01,CAND-0084,unknown_alias_risk,triggered,alias_risk_level=high; value_series_status=not_available,high
QSB-PLANCK-BRIDGE-RESONATOR-INDEPENDENT-LAG-VARIABLE-ADMISSIBILITY-EXECUTION-01,CAND-0085,exact_lag_alias,not_triggered,inventory_evidence_not_triggered,high
QSB-PLANCK-BRIDGE-RESONATOR-INDEPENDENT-LAG-VARIABLE-ADMISSIBILITY-EXECUTION-01,CAND-0085,absolute_lag_alias,not_triggered,inventory_evidence_not_triggered,high
QSB-PLANCK-BRIDGE-RESONATOR-INDEPENDENT-LAG-VARIABLE-ADMISSIBILITY-EXECUTION-01,CAND-0085,pair_id_lookup_alias,not_triggered,inventory_evidence_not_triggered,high
QSB-PLANCK-BRIDGE-RESONATOR-INDEPENDENT-LAG-VARIABLE-ADMISSIBILITY-EXECUTION-01,CAND-0085,index_order_alias,not_triggered,inventory_evidence_not_triggered,high
QSB-PLANCK-BRIDGE-RESONATOR-INDEPENDENT-LAG-VARIABLE-ADMISSIBILITY-EXECUTION-01,CAND-0085,monotonic_lag_surrogate,not_triggered,inventory_evidence_not_triggered,high
QSB-PLANCK-BRIDGE-RESONATOR-INDEPENDENT-LAG-VARIABLE-ADMISSIBILITY-EXECUTION-01,CAND-0085,piecewise_lag_surrogate,not_triggered,inventory_evidence_not_triggered,high
QSB-PLANCK-BRIDGE-RESONATOR-INDEPENDENT-LAG-VARIABLE-ADMISSIBILITY-EXECUTION-01,CAND-0085,symmetry_only_alias,not_triggered,inventory_evidence_not_triggered,high
QSB-PLANCK-BRIDGE-RESONATOR-INDEPENDENT-LAG-VARIABLE-ADMISSIBILITY-EXECUTION-01,CAND-0085,phase_response_abs_lag_alias,not_triggered,inventory_evidence_not_triggered,high
QSB-PLANCK-BRIDGE-RESONATOR-INDEPENDENT-LAG-VARIABLE-ADMISSIBILITY-EXECUTION-01,CAND-0085,unknown_alias_risk,triggered,alias_risk_level=high; value_series_status=not_available,high
QSB-PLANCK-BRIDGE-RESONATOR-INDEPENDENT-LAG-VARIABLE-ADMISSIBILITY-EXECUTION-01,CAND-0086,exact_lag_alias,not_triggered,inventory_evidence_not_triggered,unknown
QSB-PLANCK-BRIDGE-RESONATOR-INDEPENDENT-LAG-VARIABLE-ADMISSIBILITY-EXECUTION-01,CAND-0086,absolute_lag_alias,not_triggered,inventory_evidence_not_triggered,unknown
QSB-PLANCK-BRIDGE-RESONATOR-INDEPENDENT-LAG-VARIABLE-ADMISSIBILITY-EXECUTION-01,CAND-0086,pair_id_lookup_alias,not_triggered,inventory_evidence_not_triggered,unknown
QSB-PLANCK-BRIDGE-RESONATOR-INDEPENDENT-LAG-VARIABLE-ADMISSIBILITY-EXECUTION-01,CAND-0086,index_order_alias,not_triggered,inventory_evidence_not_triggered,unknown
QSB-PLANCK-BRIDGE-RESONATOR-INDEPENDENT-LAG-VARIABLE-ADMISSIBILITY-EXECUTION-01,CAND-0086,monotonic_lag_surrogate,not_triggered,inventory_evidence_not_triggered,unknown
QSB-PLANCK-BRIDGE-RESONATOR-INDEPENDENT-LAG-VARIABLE-ADMISSIBILITY-EXECUTION-01,CAND-0086,piecewise_lag_surrogate,not_triggered,inventory_evidence_not_triggered,unknown
QSB-PLANCK-BRIDGE-RESONATOR-INDEPENDENT-LAG-VARIABLE-ADMISSIBILITY-EXECUTION-01,CAND-0086,symmetry_only_alias,not_triggered,inventory_evidence_not_triggered,unknown
QSB-PLANCK-BRIDGE-RESONATOR-INDEPENDENT-LAG-VARIABLE-ADMISSIBILITY-EXECUTION-01,CAND-0086,phase_response_abs_lag_alias,not_triggered,inventory_evidence_not_triggered,unknown
QSB-PLANCK-BRIDGE-RESONATOR-INDEPENDENT-LAG-VARIABLE-ADMISSIBILITY-EXECUTION-01,CAND-0086,unknown_alias_risk,triggered,alias_risk_level=unknown; value_series_status=not_available,unknown
QSB-PLANCK-BRIDGE-RESONATOR-INDEPENDENT-LAG-VARIABLE-ADMISSIBILITY-EXECUTION-01,CAND-0087,exact_lag_alias,not_triggered,inventory_evidence_not_triggered,unknown
QSB-PLANCK-BRIDGE-RESONATOR-INDEPENDENT-LAG-VARIABLE-ADMISSIBILITY-EXECUTION-01,CAND-0087,absolute_lag_alias,not_triggered,inventory_evidence_not_triggered,unknown
QSB-PLANCK-BRIDGE-RESONATOR-INDEPENDENT-LAG-VARIABLE-ADMISSIBILITY-EXECUTION-01,CAND-0087,pair_id_lookup_alias,not_triggered,inventory_evidence_not_triggered,unknown
QSB-PLANCK-BRIDGE-RESONATOR-INDEPENDENT-LAG-VARIABLE-ADMISSIBILITY-EXECUTION-01,CAND-0087,index_order_alias,not_triggered,inventory_evidence_not_triggered,unknown
QSB-PLANCK-BRIDGE-RESONATOR-INDEPENDENT-LAG-VARIABLE-ADMISSIBILITY-EXECUTION-01,CAND-0087,monotonic_lag_surrogate,not_triggered,inventory_evidence_not_triggered,unknown
QSB-PLANCK-BRIDGE-RESONATOR-INDEPENDENT-LAG-VARIABLE-ADMISSIBILITY-EXECUTION-01,CAND-0087,piecewise_lag_surrogate,not_triggered,inventory_evidence_not_triggered,unknown
QSB-PLANCK-BRIDGE-RESONATOR-INDEPENDENT-LAG-VARIABLE-ADMISSIBILITY-EXECUTION-01,CAND-0087,symmetry_only_alias,not_triggered,inventory_evidence_not_triggered,unknown
QSB-PLANCK-BRIDGE-RESONATOR-INDEPENDENT-LAG-VARIABLE-ADMISSIBILITY-EXECUTION-01,CAND-0087,phase_response_abs_lag_alias,not_triggered,inventory_evidence_not_triggered,unknown
QSB-PLANCK-BRIDGE-RESONATOR-INDEPENDENT-LAG-VARIABLE-ADMISSIBILITY-EXECUTION-01,CAND-0087,unknown_alias_risk,triggered,alias_risk_level=unknown; value_series_status=not_available,unknown
QSB-PLANCK-BRIDGE-RESONATOR-INDEPENDENT-LAG-VARIABLE-ADMISSIBILITY-EXECUTION-01,CAND-0088,exact_lag_alias,not_triggered,inventory_evidence_not_triggered,high
QSB-PLANCK-BRIDGE-RESONATOR-INDEPENDENT-LAG-VARIABLE-ADMISSIBILITY-EXECUTION-01,CAND-0088,absolute_lag_alias,not_triggered,inventory_evidence_not_triggered,high
QSB-PLANCK-BRIDGE-RESONATOR-INDEPENDENT-LAG-VARIABLE-ADMISSIBILITY-EXECUTION-01,CAND-0088,pair_id_lookup_alias,not_triggered,inventory_evidence_not_triggered,high
QSB-PLANCK-BRIDGE-RESONATOR-INDEPENDENT-LAG-VARIABLE-ADMISSIBILITY-EXECUTION-01,CAND-0088,index_order_alias,not_triggered,inventory_evidence_not_triggered,high
QSB-PLANCK-BRIDGE-RESONATOR-INDEPENDENT-LAG-VARIABLE-ADMISSIBILITY-EXECUTION-01,CAND-0088,monotonic_lag_surrogate,not_triggered,inventory_evidence_not_triggered,high
QSB-PLANCK-BRIDGE-RESONATOR-INDEPENDENT-LAG-VARIABLE-ADMISSIBILITY-EXECUTION-01,CAND-0088,piecewise_lag_surrogate,not_triggered,inventory_evidence_not_triggered,high
QSB-PLANCK-BRIDGE-RESONATOR-INDEPENDENT-LAG-VARIABLE-ADMISSIBILITY-EXECUTION-01,CAND-0088,symmetry_only_alias,not_triggered,inventory_evidence_not_triggered,high
QSB-PLANCK-BRIDGE-RESONATOR-INDEPENDENT-LAG-VARIABLE-ADMISSIBILITY-EXECUTION-01,CAND-0088,phase_response_abs_lag_alias,not_triggered,inventory_evidence_not_triggered,high
QSB-PLANCK-BRIDGE-RESONATOR-INDEPENDENT-LAG-VARIABLE-ADMISSIBILITY-EXECUTION-01,CAND-0088,unknown_alias_risk,triggered,alias_risk_level=high; value_series_status=not_available,high
QSB-PLANCK-BRIDGE-RESONATOR-INDEPENDENT-LAG-VARIABLE-ADMISSIBILITY-EXECUTION-01,CAND-0089,exact_lag_alias,not_triggered,inventory_evidence_not_triggered,high
QSB-PLANCK-BRIDGE-RESONATOR-INDEPENDENT-LAG-VARIABLE-ADMISSIBILITY-EXECUTION-01,CAND-0089,absolute_lag_alias,not_triggered,inventory_evidence_not_triggered,high
QSB-PLANCK-BRIDGE-RESONATOR-INDEPENDENT-LAG-VARIABLE-ADMISSIBILITY-EXECUTION-01,CAND-0089,pair_id_lookup_alias,not_triggered,inventory_evidence_not_triggered,high
QSB-PLANCK-BRIDGE-RESONATOR-INDEPENDENT-LAG-VARIABLE-ADMISSIBILITY-EXECUTION-01,CAND-0089,index_order_alias,not_triggered,inventory_evidence_not_triggered,high
QSB-PLANCK-BRIDGE-RESONATOR-INDEPENDENT-LAG-VARIABLE-ADMISSIBILITY-EXECUTION-01,CAND-0089,monotonic_lag_surrogate,not_triggered,inventory_evidence_not_triggered,high
QSB-PLANCK-BRIDGE-RESONATOR-INDEPENDENT-LAG-VARIABLE-ADMISSIBILITY-EXECUTION-01,CAND-0089,piecewise_lag_surrogate,not_triggered,inventory_evidence_not_triggered,high
QSB-PLANCK-BRIDGE-RESONATOR-INDEPENDENT-LAG-VARIABLE-ADMISSIBILITY-EXECUTION-01,CAND-0089,symmetry_only_alias,not_triggered,inventory_evidence_not_triggered,high
QSB-PLANCK-BRIDGE-RESONATOR-INDEPENDENT-LAG-VARIABLE-ADMISSIBILITY-EXECUTION-01,CAND-0089,phase_response_abs_lag_alias,not_triggered,inventory_evidence_not_triggered,high
QSB-PLANCK-BRIDGE-RESONATOR-INDEPENDENT-LAG-VARIABLE-ADMISSIBILITY-EXECUTION-01,CAND-0089,unknown_alias_risk,triggered,alias_risk_level=high; value_series_status=not_available,high
QSB-PLANCK-BRIDGE-RESONATOR-INDEPENDENT-LAG-VARIABLE-ADMISSIBILITY-EXECUTION-01,CAND-0090,exact_lag_alias,not_triggered,inventory_evidence_not_triggered,high
QSB-PLANCK-BRIDGE-RESONATOR-INDEPENDENT-LAG-VARIABLE-ADMISSIBILITY-EXECUTION-01,CAND-0090,absolute_lag_alias,not_triggered,inventory_evidence_not_triggered,high
QSB-PLANCK-BRIDGE-RESONATOR-INDEPENDENT-LAG-VARIABLE-ADMISSIBILITY-EXECUTION-01,CAND-0090,pair_id_lookup_alias,not_triggered,inventory_evidence_not_triggered,high
QSB-PLANCK-BRIDGE-RESONATOR-INDEPENDENT-LAG-VARIABLE-ADMISSIBILITY-EXECUTION-01,CAND-0090,index_order_alias,not_triggered,inventory_evidence_not_triggered,high
QSB-PLANCK-BRIDGE-RESONATOR-INDEPENDENT-LAG-VARIABLE-ADMISSIBILITY-EXECUTION-01,CAND-0090,monotonic_lag_surrogate,not_triggered,inventory_evidence_not_triggered,high
QSB-PLANCK-BRIDGE-RESONATOR-INDEPENDENT-LAG-VARIABLE-ADMISSIBILITY-EXECUTION-01,CAND-0090,piecewise_lag_surrogate,not_triggered,inventory_evidence_not_triggered,high
QSB-PLANCK-BRIDGE-RESONATOR-INDEPENDENT-LAG-VARIABLE-ADMISSIBILITY-EXECUTION-01,CAND-0090,symmetry_only_alias,not_triggered,inventory_evidence_not_triggered,high
QSB-PLANCK-BRIDGE-RESONATOR-INDEPENDENT-LAG-VARIABLE-ADMISSIBILITY-EXECUTION-01,CAND-0090,phase_response_abs_lag_alias,not_triggered,inventory_evidence_not_triggered,high
QSB-PLANCK-BRIDGE-RESONATOR-INDEPENDENT-LAG-VARIABLE-ADMISSIBILITY-EXECUTION-01,CAND-0090,unknown_alias_risk,triggered,alias_risk_level=high; value_series_status=not_available,high
QSB-PLANCK-BRIDGE-RESONATOR-INDEPENDENT-LAG-VARIABLE-ADMISSIBILITY-EXECUTION-01,CAND-0091,exact_lag_alias,not_triggered,inventory_evidence_not_triggered,high
QSB-PLANCK-BRIDGE-RESONATOR-INDEPENDENT-LAG-VARIABLE-ADMISSIBILITY-EXECUTION-01,CAND-0091,absolute_lag_alias,not_triggered,inventory_evidence_not_triggered,high
QSB-PLANCK-BRIDGE-RESONATOR-INDEPENDENT-LAG-VARIABLE-ADMISSIBILITY-EXECUTION-01,CAND-0091,pair_id_lookup_alias,not_triggered,inventory_evidence_not_triggered,high
QSB-PLANCK-BRIDGE-RESONATOR-INDEPENDENT-LAG-VARIABLE-ADMISSIBILITY-EXECUTION-01,CAND-0091,index_order_alias,not_triggered,inventory_evidence_not_triggered,high
QSB-PLANCK-BRIDGE-RESONATOR-INDEPENDENT-LAG-VARIABLE-ADMISSIBILITY-EXECUTION-01,CAND-0091,monotonic_lag_surrogate,not_triggered,inventory_evidence_not_triggered,high
QSB-PLANCK-BRIDGE-RESONATOR-INDEPENDENT-LAG-VARIABLE-ADMISSIBILITY-EXECUTION-01,CAND-0091,piecewise_lag_surrogate,not_triggered,inventory_evidence_not_triggered,high
QSB-PLANCK-BRIDGE-RESONATOR-INDEPENDENT-LAG-VARIABLE-ADMISSIBILITY-EXECUTION-01,CAND-0091,symmetry_only_alias,not_triggered,inventory_evidence_not_triggered,high
QSB-PLANCK-BRIDGE-RESONATOR-INDEPENDENT-LAG-VARIABLE-ADMISSIBILITY-EXECUTION-01,CAND-0091,phase_response_abs_lag_alias,not_triggered,inventory_evidence_not_triggered,high
QSB-PLANCK-BRIDGE-RESONATOR-INDEPENDENT-LAG-VARIABLE-ADMISSIBILITY-EXECUTION-01,CAND-0091,unknown_alias_risk,triggered,alias_risk_level=high; value_series_status=not_available,high
QSB-PLANCK-BRIDGE-RESONATOR-INDEPENDENT-LAG-VARIABLE-ADMISSIBILITY-EXECUTION-01,CAND-0092,exact_lag_alias,not_triggered,inventory_evidence_not_triggered,high
QSB-PLANCK-BRIDGE-RESONATOR-INDEPENDENT-LAG-VARIABLE-ADMISSIBILITY-EXECUTION-01,CAND-0092,absolute_lag_alias,not_triggered,inventory_evidence_not_triggered,high
QSB-PLANCK-BRIDGE-RESONATOR-INDEPENDENT-LAG-VARIABLE-ADMISSIBILITY-EXECUTION-01,CAND-0092,pair_id_lookup_alias,not_triggered,inventory_evidence_not_triggered,high
QSB-PLANCK-BRIDGE-RESONATOR-INDEPENDENT-LAG-VARIABLE-ADMISSIBILITY-EXECUTION-01,CAND-0092,index_order_alias,not_triggered,inventory_evidence_not_triggered,high
QSB-PLANCK-BRIDGE-RESONATOR-INDEPENDENT-LAG-VARIABLE-ADMISSIBILITY-EXECUTION-01,CAND-0092,monotonic_lag_surrogate,not_triggered,inventory_evidence_not_triggered,high
QSB-PLANCK-BRIDGE-RESONATOR-INDEPENDENT-LAG-VARIABLE-ADMISSIBILITY-EXECUTION-01,CAND-0092,piecewise_lag_surrogate,not_triggered,inventory_evidence_not_triggered,high
QSB-PLANCK-BRIDGE-RESONATOR-INDEPENDENT-LAG-VARIABLE-ADMISSIBILITY-EXECUTION-01,CAND-0092,symmetry_only_alias,not_triggered,inventory_evidence_not_triggered,high
QSB-PLANCK-BRIDGE-RESONATOR-INDEPENDENT-LAG-VARIABLE-ADMISSIBILITY-EXECUTION-01,CAND-0092,phase_response_abs_lag_alias,not_triggered,inventory_evidence_not_triggered,high
QSB-PLANCK-BRIDGE-RESONATOR-INDEPENDENT-LAG-VARIABLE-ADMISSIBILITY-EXECUTION-01,CAND-0092,unknown_alias_risk,triggered,alias_risk_level=high; value_series_status=not_available,high
QSB-PLANCK-BRIDGE-RESONATOR-INDEPENDENT-LAG-VARIABLE-ADMISSIBILITY-EXECUTION-01,CAND-0093,exact_lag_alias,not_triggered,inventory_evidence_not_triggered,high
QSB-PLANCK-BRIDGE-RESONATOR-INDEPENDENT-LAG-VARIABLE-ADMISSIBILITY-EXECUTION-01,CAND-0093,absolute_lag_alias,not_triggered,inventory_evidence_not_triggered,high
QSB-PLANCK-BRIDGE-RESONATOR-INDEPENDENT-LAG-VARIABLE-ADMISSIBILITY-EXECUTION-01,CAND-0093,pair_id_lookup_alias,not_triggered,inventory_evidence_not_triggered,high
QSB-PLANCK-BRIDGE-RESONATOR-INDEPENDENT-LAG-VARIABLE-ADMISSIBILITY-EXECUTION-01,CAND-0093,index_order_alias,not_triggered,inventory_evidence_not_triggered,high
QSB-PLANCK-BRIDGE-RESONATOR-INDEPENDENT-LAG-VARIABLE-ADMISSIBILITY-EXECUTION-01,CAND-0093,monotonic_lag_surrogate,not_triggered,inventory_evidence_not_triggered,high
QSB-PLANCK-BRIDGE-RESONATOR-INDEPENDENT-LAG-VARIABLE-ADMISSIBILITY-EXECUTION-01,CAND-0093,piecewise_lag_surrogate,not_triggered,inventory_evidence_not_triggered,high
QSB-PLANCK-BRIDGE-RESONATOR-INDEPENDENT-LAG-VARIABLE-ADMISSIBILITY-EXECUTION-01,CAND-0093,symmetry_only_alias,not_triggered,inventory_evidence_not_triggered,high
QSB-PLANCK-BRIDGE-RESONATOR-INDEPENDENT-LAG-VARIABLE-ADMISSIBILITY-EXECUTION-01,CAND-0093,phase_response_abs_lag_alias,not_triggered,inventory_evidence_not_triggered,high
QSB-PLANCK-BRIDGE-RESONATOR-INDEPENDENT-LAG-VARIABLE-ADMISSIBILITY-EXECUTION-01,CAND-0093,unknown_alias_risk,triggered,alias_risk_level=high; value_series_status=not_available,high
QSB-PLANCK-BRIDGE-RESONATOR-INDEPENDENT-LAG-VARIABLE-ADMISSIBILITY-EXECUTION-01,CAND-0094,exact_lag_alias,not_triggered,inventory_evidence_not_triggered,high
QSB-PLANCK-BRIDGE-RESONATOR-INDEPENDENT-LAG-VARIABLE-ADMISSIBILITY-EXECUTION-01,CAND-0094,absolute_lag_alias,not_triggered,inventory_evidence_not_triggered,high
QSB-PLANCK-BRIDGE-RESONATOR-INDEPENDENT-LAG-VARIABLE-ADMISSIBILITY-EXECUTION-01,CAND-0094,pair_id_lookup_alias,not_triggered,inventory_evidence_not_triggered,high
QSB-PLANCK-BRIDGE-RESONATOR-INDEPENDENT-LAG-VARIABLE-ADMISSIBILITY-EXECUTION-01,CAND-0094,index_order_alias,not_triggered,inventory_evidence_not_triggered,high
QSB-PLANCK-BRIDGE-RESONATOR-INDEPENDENT-LAG-VARIABLE-ADMISSIBILITY-EXECUTION-01,CAND-0094,monotonic_lag_surrogate,not_triggered,inventory_evidence_not_triggered,high
QSB-PLANCK-BRIDGE-RESONATOR-INDEPENDENT-LAG-VARIABLE-ADMISSIBILITY-EXECUTION-01,CAND-0094,piecewise_lag_surrogate,not_triggered,inventory_evidence_not_triggered,high
QSB-PLANCK-BRIDGE-RESONATOR-INDEPENDENT-LAG-VARIABLE-ADMISSIBILITY-EXECUTION-01,CAND-0094,symmetry_only_alias,not_triggered,inventory_evidence_not_triggered,high
QSB-PLANCK-BRIDGE-RESONATOR-INDEPENDENT-LAG-VARIABLE-ADMISSIBILITY-EXECUTION-01,CAND-0094,phase_response_abs_lag_alias,not_triggered,inventory_evidence_not_triggered,high
QSB-PLANCK-BRIDGE-RESONATOR-INDEPENDENT-LAG-VARIABLE-ADMISSIBILITY-EXECUTION-01,CAND-0094,unknown_alias_risk,triggered,alias_risk_level=high; value_series_status=not_available,high
QSB-PLANCK-BRIDGE-RESONATOR-INDEPENDENT-LAG-VARIABLE-ADMISSIBILITY-EXECUTION-01,CAND-0095,exact_lag_alias,not_triggered,inventory_evidence_not_triggered,unknown
QSB-PLANCK-BRIDGE-RESONATOR-INDEPENDENT-LAG-VARIABLE-ADMISSIBILITY-EXECUTION-01,CAND-0095,absolute_lag_alias,not_triggered,inventory_evidence_not_triggered,unknown
QSB-PLANCK-BRIDGE-RESONATOR-INDEPENDENT-LAG-VARIABLE-ADMISSIBILITY-EXECUTION-01,CAND-0095,pair_id_lookup_alias,not_triggered,inventory_evidence_not_triggered,unknown
QSB-PLANCK-BRIDGE-RESONATOR-INDEPENDENT-LAG-VARIABLE-ADMISSIBILITY-EXECUTION-01,CAND-0095,index_order_alias,not_triggered,inventory_evidence_not_triggered,unknown
QSB-PLANCK-BRIDGE-RESONATOR-INDEPENDENT-LAG-VARIABLE-ADMISSIBILITY-EXECUTION-01,CAND-0095,monotonic_lag_surrogate,not_triggered,inventory_evidence_not_triggered,unknown
QSB-PLANCK-BRIDGE-RESONATOR-INDEPENDENT-LAG-VARIABLE-ADMISSIBILITY-EXECUTION-01,CAND-0095,piecewise_lag_surrogate,not_triggered,inventory_evidence_not_triggered,unknown
QSB-PLANCK-BRIDGE-RESONATOR-INDEPENDENT-LAG-VARIABLE-ADMISSIBILITY-EXECUTION-01,CAND-0095,symmetry_only_alias,not_triggered,inventory_evidence_not_triggered,unknown
QSB-PLANCK-BRIDGE-RESONATOR-INDEPENDENT-LAG-VARIABLE-ADMISSIBILITY-EXECUTION-01,CAND-0095,phase_response_abs_lag_alias,not_triggered,inventory_evidence_not_triggered,unknown
QSB-PLANCK-BRIDGE-RESONATOR-INDEPENDENT-LAG-VARIABLE-ADMISSIBILITY-EXECUTION-01,CAND-0095,unknown_alias_risk,triggered,alias_risk_level=unknown; value_series_status=not_available,unknown
QSB-PLANCK-BRIDGE-RESONATOR-INDEPENDENT-LAG-VARIABLE-ADMISSIBILITY-EXECUTION-01,CAND-0096,exact_lag_alias,not_triggered,inventory_evidence_not_triggered,high
QSB-PLANCK-BRIDGE-RESONATOR-INDEPENDENT-LAG-VARIABLE-ADMISSIBILITY-EXECUTION-01,CAND-0096,absolute_lag_alias,not_triggered,inventory_evidence_not_triggered,high
QSB-PLANCK-BRIDGE-RESONATOR-INDEPENDENT-LAG-VARIABLE-ADMISSIBILITY-EXECUTION-01,CAND-0096,pair_id_lookup_alias,not_triggered,inventory_evidence_not_triggered,high
QSB-PLANCK-BRIDGE-RESONATOR-INDEPENDENT-LAG-VARIABLE-ADMISSIBILITY-EXECUTION-01,CAND-0096,index_order_alias,not_triggered,inventory_evidence_not_triggered,high
QSB-PLANCK-BRIDGE-RESONATOR-INDEPENDENT-LAG-VARIABLE-ADMISSIBILITY-EXECUTION-01,CAND-0096,monotonic_lag_surrogate,not_triggered,inventory_evidence_not_triggered,high
QSB-PLANCK-BRIDGE-RESONATOR-INDEPENDENT-LAG-VARIABLE-ADMISSIBILITY-EXECUTION-01,CAND-0096,piecewise_lag_surrogate,not_triggered,inventory_evidence_not_triggered,high
QSB-PLANCK-BRIDGE-RESONATOR-INDEPENDENT-LAG-VARIABLE-ADMISSIBILITY-EXECUTION-01,CAND-0096,symmetry_only_alias,not_triggered,inventory_evidence_not_triggered,high
QSB-PLANCK-BRIDGE-RESONATOR-INDEPENDENT-LAG-VARIABLE-ADMISSIBILITY-EXECUTION-01,CAND-0096,phase_response_abs_lag_alias,not_triggered,inventory_evidence_not_triggered,high
QSB-PLANCK-BRIDGE-RESONATOR-INDEPENDENT-LAG-VARIABLE-ADMISSIBILITY-EXECUTION-01,CAND-0096,unknown_alias_risk,triggered,alias_risk_level=high; value_series_status=not_available,high
QSB-PLANCK-BRIDGE-RESONATOR-INDEPENDENT-LAG-VARIABLE-ADMISSIBILITY-EXECUTION-01,CAND-0097,exact_lag_alias,not_triggered,inventory_evidence_not_triggered,high
QSB-PLANCK-BRIDGE-RESONATOR-INDEPENDENT-LAG-VARIABLE-ADMISSIBILITY-EXECUTION-01,CAND-0097,absolute_lag_alias,not_triggered,inventory_evidence_not_triggered,high
QSB-PLANCK-BRIDGE-RESONATOR-INDEPENDENT-LAG-VARIABLE-ADMISSIBILITY-EXECUTION-01,CAND-0097,pair_id_lookup_alias,not_triggered,inventory_evidence_not_triggered,high
QSB-PLANCK-BRIDGE-RESONATOR-INDEPENDENT-LAG-VARIABLE-ADMISSIBILITY-EXECUTION-01,CAND-0097,index_order_alias,not_triggered,inventory_evidence_not_triggered,high
QSB-PLANCK-BRIDGE-RESONATOR-INDEPENDENT-LAG-VARIABLE-ADMISSIBILITY-EXECUTION-01,CAND-0097,monotonic_lag_surrogate,not_triggered,inventory_evidence_not_triggered,high
QSB-PLANCK-BRIDGE-RESONATOR-INDEPENDENT-LAG-VARIABLE-ADMISSIBILITY-EXECUTION-01,CAND-0097,piecewise_lag_surrogate,not_triggered,inventory_evidence_not_triggered,high
QSB-PLANCK-BRIDGE-RESONATOR-INDEPENDENT-LAG-VARIABLE-ADMISSIBILITY-EXECUTION-01,CAND-0097,symmetry_only_alias,not_triggered,inventory_evidence_not_triggered,high
QSB-PLANCK-BRIDGE-RESONATOR-INDEPENDENT-LAG-VARIABLE-ADMISSIBILITY-EXECUTION-01,CAND-0097,phase_response_abs_lag_alias,not_triggered,inventory_evidence_not_triggered,high
QSB-PLANCK-BRIDGE-RESONATOR-INDEPENDENT-LAG-VARIABLE-ADMISSIBILITY-EXECUTION-01,CAND-0097,unknown_alias_risk,triggered,alias_risk_level=high; value_series_status=not_available,high
QSB-PLANCK-BRIDGE-RESONATOR-INDEPENDENT-LAG-VARIABLE-ADMISSIBILITY-EXECUTION-01,CAND-0098,exact_lag_alias,not_triggered,inventory_evidence_not_triggered,unknown
QSB-PLANCK-BRIDGE-RESONATOR-INDEPENDENT-LAG-VARIABLE-ADMISSIBILITY-EXECUTION-01,CAND-0098,absolute_lag_alias,not_triggered,inventory_evidence_not_triggered,unknown
QSB-PLANCK-BRIDGE-RESONATOR-INDEPENDENT-LAG-VARIABLE-ADMISSIBILITY-EXECUTION-01,CAND-0098,pair_id_lookup_alias,not_triggered,inventory_evidence_not_triggered,unknown
QSB-PLANCK-BRIDGE-RESONATOR-INDEPENDENT-LAG-VARIABLE-ADMISSIBILITY-EXECUTION-01,CAND-0098,index_order_alias,not_triggered,inventory_evidence_not_triggered,unknown
QSB-PLANCK-BRIDGE-RESONATOR-INDEPENDENT-LAG-VARIABLE-ADMISSIBILITY-EXECUTION-01,CAND-0098,monotonic_lag_surrogate,not_triggered,inventory_evidence_not_triggered,unknown
QSB-PLANCK-BRIDGE-RESONATOR-INDEPENDENT-LAG-VARIABLE-ADMISSIBILITY-EXECUTION-01,CAND-0098,piecewise_lag_surrogate,not_triggered,inventory_evidence_not_triggered,unknown
QSB-PLANCK-BRIDGE-RESONATOR-INDEPENDENT-LAG-VARIABLE-ADMISSIBILITY-EXECUTION-01,CAND-0098,symmetry_only_alias,not_triggered,inventory_evidence_not_triggered,unknown
QSB-PLANCK-BRIDGE-RESONATOR-INDEPENDENT-LAG-VARIABLE-ADMISSIBILITY-EXECUTION-01,CAND-0098,phase_response_abs_lag_alias,not_triggered,inventory_evidence_not_triggered,unknown
QSB-PLANCK-BRIDGE-RESONATOR-INDEPENDENT-LAG-VARIABLE-ADMISSIBILITY-EXECUTION-01,CAND-0098,unknown_alias_risk,triggered,alias_risk_level=unknown; value_series_status=not_available,unknown
QSB-PLANCK-BRIDGE-RESONATOR-INDEPENDENT-LAG-VARIABLE-ADMISSIBILITY-EXECUTION-01,CAND-0099,exact_lag_alias,not_triggered,inventory_evidence_not_triggered,unknown
QSB-PLANCK-BRIDGE-RESONATOR-INDEPENDENT-LAG-VARIABLE-ADMISSIBILITY-EXECUTION-01,CAND-0099,absolute_lag_alias,not_triggered,inventory_evidence_not_triggered,unknown
QSB-PLANCK-BRIDGE-RESONATOR-INDEPENDENT-LAG-VARIABLE-ADMISSIBILITY-EXECUTION-01,CAND-0099,pair_id_lookup_alias,not_triggered,inventory_evidence_not_triggered,unknown
QSB-PLANCK-BRIDGE-RESONATOR-INDEPENDENT-LAG-VARIABLE-ADMISSIBILITY-EXECUTION-01,CAND-0099,index_order_alias,not_triggered,inventory_evidence_not_triggered,unknown
QSB-PLANCK-BRIDGE-RESONATOR-INDEPENDENT-LAG-VARIABLE-ADMISSIBILITY-EXECUTION-01,CAND-0099,monotonic_lag_surrogate,not_triggered,inventory_evidence_not_triggered,unknown
QSB-PLANCK-BRIDGE-RESONATOR-INDEPENDENT-LAG-VARIABLE-ADMISSIBILITY-EXECUTION-01,CAND-0099,piecewise_lag_surrogate,not_triggered,inventory_evidence_not_triggered,unknown
QSB-PLANCK-BRIDGE-RESONATOR-INDEPENDENT-LAG-VARIABLE-ADMISSIBILITY-EXECUTION-01,CAND-0099,symmetry_only_alias,not_triggered,inventory_evidence_not_triggered,unknown
QSB-PLANCK-BRIDGE-RESONATOR-INDEPENDENT-LAG-VARIABLE-ADMISSIBILITY-EXECUTION-01,CAND-0099,phase_response_abs_lag_alias,not_triggered,inventory_evidence_not_triggered,unknown
QSB-PLANCK-BRIDGE-RESONATOR-INDEPENDENT-LAG-VARIABLE-ADMISSIBILITY-EXECUTION-01,CAND-0099,unknown_alias_risk,triggered,alias_risk_level=unknown; value_series_status=not_available,unknown
QSB-PLANCK-BRIDGE-RESONATOR-INDEPENDENT-LAG-VARIABLE-ADMISSIBILITY-EXECUTION-01,CAND-0100,exact_lag_alias,not_triggered,inventory_evidence_not_triggered,unknown
QSB-PLANCK-BRIDGE-RESONATOR-INDEPENDENT-LAG-VARIABLE-ADMISSIBILITY-EXECUTION-01,CAND-0100,absolute_lag_alias,not_triggered,inventory_evidence_not_triggered,unknown
QSB-PLANCK-BRIDGE-RESONATOR-INDEPENDENT-LAG-VARIABLE-ADMISSIBILITY-EXECUTION-01,CAND-0100,pair_id_lookup_alias,not_triggered,inventory_evidence_not_triggered,unknown
QSB-PLANCK-BRIDGE-RESONATOR-INDEPENDENT-LAG-VARIABLE-ADMISSIBILITY-EXECUTION-01,CAND-0100,index_order_alias,not_triggered,inventory_evidence_not_triggered,unknown
QSB-PLANCK-BRIDGE-RESONATOR-INDEPENDENT-LAG-VARIABLE-ADMISSIBILITY-EXECUTION-01,CAND-0100,monotonic_lag_surrogate,not_triggered,inventory_evidence_not_triggered,unknown
QSB-PLANCK-BRIDGE-RESONATOR-INDEPENDENT-LAG-VARIABLE-ADMISSIBILITY-EXECUTION-01,CAND-0100,piecewise_lag_surrogate,not_triggered,inventory_evidence_not_triggered,unknown
QSB-PLANCK-BRIDGE-RESONATOR-INDEPENDENT-LAG-VARIABLE-ADMISSIBILITY-EXECUTION-01,CAND-0100,symmetry_only_alias,not_triggered,inventory_evidence_not_triggered,unknown
QSB-PLANCK-BRIDGE-RESONATOR-INDEPENDENT-LAG-VARIABLE-ADMISSIBILITY-EXECUTION-01,CAND-0100,phase_response_abs_lag_alias,not_triggered,inventory_evidence_not_triggered,unknown
QSB-PLANCK-BRIDGE-RESONATOR-INDEPENDENT-LAG-VARIABLE-ADMISSIBILITY-EXECUTION-01,CAND-0100,unknown_alias_risk,triggered,alias_risk_level=unknown; value_series_status=not_available,unknown
QSB-PLANCK-BRIDGE-RESONATOR-INDEPENDENT-LAG-VARIABLE-ADMISSIBILITY-EXECUTION-01,CAND-0101,exact_lag_alias,not_triggered,inventory_evidence_not_triggered,unknown
QSB-PLANCK-BRIDGE-RESONATOR-INDEPENDENT-LAG-VARIABLE-ADMISSIBILITY-EXECUTION-01,CAND-0101,absolute_lag_alias,not_triggered,inventory_evidence_not_triggered,unknown
QSB-PLANCK-BRIDGE-RESONATOR-INDEPENDENT-LAG-VARIABLE-ADMISSIBILITY-EXECUTION-01,CAND-0101,pair_id_lookup_alias,not_triggered,inventory_evidence_not_triggered,unknown
QSB-PLANCK-BRIDGE-RESONATOR-INDEPENDENT-LAG-VARIABLE-ADMISSIBILITY-EXECUTION-01,CAND-0101,index_order_alias,not_triggered,inventory_evidence_not_triggered,unknown
QSB-PLANCK-BRIDGE-RESONATOR-INDEPENDENT-LAG-VARIABLE-ADMISSIBILITY-EXECUTION-01,CAND-0101,monotonic_lag_surrogate,not_triggered,inventory_evidence_not_triggered,unknown
QSB-PLANCK-BRIDGE-RESONATOR-INDEPENDENT-LAG-VARIABLE-ADMISSIBILITY-EXECUTION-01,CAND-0101,piecewise_lag_surrogate,not_triggered,inventory_evidence_not_triggered,unknown
QSB-PLANCK-BRIDGE-RESONATOR-INDEPENDENT-LAG-VARIABLE-ADMISSIBILITY-EXECUTION-01,CAND-0101,symmetry_only_alias,not_triggered,inventory_evidence_not_triggered,unknown
QSB-PLANCK-BRIDGE-RESONATOR-INDEPENDENT-LAG-VARIABLE-ADMISSIBILITY-EXECUTION-01,CAND-0101,phase_response_abs_lag_alias,not_triggered,inventory_evidence_not_triggered,unknown
QSB-PLANCK-BRIDGE-RESONATOR-INDEPENDENT-LAG-VARIABLE-ADMISSIBILITY-EXECUTION-01,CAND-0101,unknown_alias_risk,triggered,alias_risk_level=unknown; value_series_status=not_available,unknown
QSB-PLANCK-BRIDGE-RESONATOR-INDEPENDENT-LAG-VARIABLE-ADMISSIBILITY-EXECUTION-01,CAND-0102,exact_lag_alias,not_triggered,inventory_evidence_not_triggered,high
QSB-PLANCK-BRIDGE-RESONATOR-INDEPENDENT-LAG-VARIABLE-ADMISSIBILITY-EXECUTION-01,CAND-0102,absolute_lag_alias,not_triggered,inventory_evidence_not_triggered,high
QSB-PLANCK-BRIDGE-RESONATOR-INDEPENDENT-LAG-VARIABLE-ADMISSIBILITY-EXECUTION-01,CAND-0102,pair_id_lookup_alias,not_triggered,inventory_evidence_not_triggered,high
QSB-PLANCK-BRIDGE-RESONATOR-INDEPENDENT-LAG-VARIABLE-ADMISSIBILITY-EXECUTION-01,CAND-0102,index_order_alias,not_triggered,inventory_evidence_not_triggered,high
QSB-PLANCK-BRIDGE-RESONATOR-INDEPENDENT-LAG-VARIABLE-ADMISSIBILITY-EXECUTION-01,CAND-0102,monotonic_lag_surrogate,not_triggered,inventory_evidence_not_triggered,high
QSB-PLANCK-BRIDGE-RESONATOR-INDEPENDENT-LAG-VARIABLE-ADMISSIBILITY-EXECUTION-01,CAND-0102,piecewise_lag_surrogate,not_triggered,inventory_evidence_not_triggered,high
QSB-PLANCK-BRIDGE-RESONATOR-INDEPENDENT-LAG-VARIABLE-ADMISSIBILITY-EXECUTION-01,CAND-0102,symmetry_only_alias,not_triggered,inventory_evidence_not_triggered,high
QSB-PLANCK-BRIDGE-RESONATOR-INDEPENDENT-LAG-VARIABLE-ADMISSIBILITY-EXECUTION-01,CAND-0102,phase_response_abs_lag_alias,not_triggered,inventory_evidence_not_triggered,high
QSB-PLANCK-BRIDGE-RESONATOR-INDEPENDENT-LAG-VARIABLE-ADMISSIBILITY-EXECUTION-01,CAND-0102,unknown_alias_risk,triggered,alias_risk_level=high; value_series_status=not_available,high
QSB-PLANCK-BRIDGE-RESONATOR-INDEPENDENT-LAG-VARIABLE-ADMISSIBILITY-EXECUTION-01,CAND-0103,exact_lag_alias,not_triggered,inventory_evidence_not_triggered,high
QSB-PLANCK-BRIDGE-RESONATOR-INDEPENDENT-LAG-VARIABLE-ADMISSIBILITY-EXECUTION-01,CAND-0103,absolute_lag_alias,not_triggered,inventory_evidence_not_triggered,high
QSB-PLANCK-BRIDGE-RESONATOR-INDEPENDENT-LAG-VARIABLE-ADMISSIBILITY-EXECUTION-01,CAND-0103,pair_id_lookup_alias,not_triggered,inventory_evidence_not_triggered,high
QSB-PLANCK-BRIDGE-RESONATOR-INDEPENDENT-LAG-VARIABLE-ADMISSIBILITY-EXECUTION-01,CAND-0103,index_order_alias,not_triggered,inventory_evidence_not_triggered,high
QSB-PLANCK-BRIDGE-RESONATOR-INDEPENDENT-LAG-VARIABLE-ADMISSIBILITY-EXECUTION-01,CAND-0103,monotonic_lag_surrogate,not_triggered,inventory_evidence_not_triggered,high
QSB-PLANCK-BRIDGE-RESONATOR-INDEPENDENT-LAG-VARIABLE-ADMISSIBILITY-EXECUTION-01,CAND-0103,piecewise_lag_surrogate,not_triggered,inventory_evidence_not_triggered,high
QSB-PLANCK-BRIDGE-RESONATOR-INDEPENDENT-LAG-VARIABLE-ADMISSIBILITY-EXECUTION-01,CAND-0103,symmetry_only_alias,not_triggered,inventory_evidence_not_triggered,high
QSB-PLANCK-BRIDGE-RESONATOR-INDEPENDENT-LAG-VARIABLE-ADMISSIBILITY-EXECUTION-01,CAND-0103,phase_response_abs_lag_alias,not_triggered,inventory_evidence_not_triggered,high
QSB-PLANCK-BRIDGE-RESONATOR-INDEPENDENT-LAG-VARIABLE-ADMISSIBILITY-EXECUTION-01,CAND-0103,unknown_alias_risk,triggered,alias_risk_level=high; value_series_status=not_available,high
QSB-PLANCK-BRIDGE-RESONATOR-INDEPENDENT-LAG-VARIABLE-ADMISSIBILITY-EXECUTION-01,CAND-0104,exact_lag_alias,not_triggered,inventory_evidence_not_triggered,unknown
QSB-PLANCK-BRIDGE-RESONATOR-INDEPENDENT-LAG-VARIABLE-ADMISSIBILITY-EXECUTION-01,CAND-0104,absolute_lag_alias,not_triggered,inventory_evidence_not_triggered,unknown
QSB-PLANCK-BRIDGE-RESONATOR-INDEPENDENT-LAG-VARIABLE-ADMISSIBILITY-EXECUTION-01,CAND-0104,pair_id_lookup_alias,not_triggered,inventory_evidence_not_triggered,unknown
QSB-PLANCK-BRIDGE-RESONATOR-INDEPENDENT-LAG-VARIABLE-ADMISSIBILITY-EXECUTION-01,CAND-0104,index_order_alias,not_triggered,inventory_evidence_not_triggered,unknown
QSB-PLANCK-BRIDGE-RESONATOR-INDEPENDENT-LAG-VARIABLE-ADMISSIBILITY-EXECUTION-01,CAND-0104,monotonic_lag_surrogate,not_triggered,inventory_evidence_not_triggered,unknown
QSB-PLANCK-BRIDGE-RESONATOR-INDEPENDENT-LAG-VARIABLE-ADMISSIBILITY-EXECUTION-01,CAND-0104,piecewise_lag_surrogate,not_triggered,inventory_evidence_not_triggered,unknown
QSB-PLANCK-BRIDGE-RESONATOR-INDEPENDENT-LAG-VARIABLE-ADMISSIBILITY-EXECUTION-01,CAND-0104,symmetry_only_alias,not_triggered,inventory_evidence_not_triggered,unknown
QSB-PLANCK-BRIDGE-RESONATOR-INDEPENDENT-LAG-VARIABLE-ADMISSIBILITY-EXECUTION-01,CAND-0104,phase_response_abs_lag_alias,not_triggered,inventory_evidence_not_triggered,unknown
QSB-PLANCK-BRIDGE-RESONATOR-INDEPENDENT-LAG-VARIABLE-ADMISSIBILITY-EXECUTION-01,CAND-0104,unknown_alias_risk,triggered,alias_risk_level=unknown; value_series_status=not_available,unknown
QSB-PLANCK-BRIDGE-RESONATOR-INDEPENDENT-LAG-VARIABLE-ADMISSIBILITY-EXECUTION-01,CAND-0105,exact_lag_alias,not_triggered,inventory_evidence_not_triggered,unknown
QSB-PLANCK-BRIDGE-RESONATOR-INDEPENDENT-LAG-VARIABLE-ADMISSIBILITY-EXECUTION-01,CAND-0105,absolute_lag_alias,not_triggered,inventory_evidence_not_triggered,unknown
QSB-PLANCK-BRIDGE-RESONATOR-INDEPENDENT-LAG-VARIABLE-ADMISSIBILITY-EXECUTION-01,CAND-0105,pair_id_lookup_alias,not_triggered,inventory_evidence_not_triggered,unknown
QSB-PLANCK-BRIDGE-RESONATOR-INDEPENDENT-LAG-VARIABLE-ADMISSIBILITY-EXECUTION-01,CAND-0105,index_order_alias,not_triggered,inventory_evidence_not_triggered,unknown
QSB-PLANCK-BRIDGE-RESONATOR-INDEPENDENT-LAG-VARIABLE-ADMISSIBILITY-EXECUTION-01,CAND-0105,monotonic_lag_surrogate,not_triggered,inventory_evidence_not_triggered,unknown
QSB-PLANCK-BRIDGE-RESONATOR-INDEPENDENT-LAG-VARIABLE-ADMISSIBILITY-EXECUTION-01,CAND-0105,piecewise_lag_surrogate,not_triggered,inventory_evidence_not_triggered,unknown
QSB-PLANCK-BRIDGE-RESONATOR-INDEPENDENT-LAG-VARIABLE-ADMISSIBILITY-EXECUTION-01,CAND-0105,symmetry_only_alias,not_triggered,inventory_evidence_not_triggered,unknown
QSB-PLANCK-BRIDGE-RESONATOR-INDEPENDENT-LAG-VARIABLE-ADMISSIBILITY-EXECUTION-01,CAND-0105,phase_response_abs_lag_alias,not_triggered,inventory_evidence_not_triggered,unknown
QSB-PLANCK-BRIDGE-RESONATOR-INDEPENDENT-LAG-VARIABLE-ADMISSIBILITY-EXECUTION-01,CAND-0105,unknown_alias_risk,triggered,alias_risk_level=unknown; value_series_status=not_available,unknown
QSB-PLANCK-BRIDGE-RESONATOR-INDEPENDENT-LAG-VARIABLE-ADMISSIBILITY-EXECUTION-01,CAND-0106,exact_lag_alias,not_triggered,inventory_evidence_not_triggered,unknown
QSB-PLANCK-BRIDGE-RESONATOR-INDEPENDENT-LAG-VARIABLE-ADMISSIBILITY-EXECUTION-01,CAND-0106,absolute_lag_alias,not_triggered,inventory_evidence_not_triggered,unknown
QSB-PLANCK-BRIDGE-RESONATOR-INDEPENDENT-LAG-VARIABLE-ADMISSIBILITY-EXECUTION-01,CAND-0106,pair_id_lookup_alias,not_triggered,inventory_evidence_not_triggered,unknown
QSB-PLANCK-BRIDGE-RESONATOR-INDEPENDENT-LAG-VARIABLE-ADMISSIBILITY-EXECUTION-01,CAND-0106,index_order_alias,not_triggered,inventory_evidence_not_triggered,unknown
QSB-PLANCK-BRIDGE-RESONATOR-INDEPENDENT-LAG-VARIABLE-ADMISSIBILITY-EXECUTION-01,CAND-0106,monotonic_lag_surrogate,not_triggered,inventory_evidence_not_triggered,unknown
QSB-PLANCK-BRIDGE-RESONATOR-INDEPENDENT-LAG-VARIABLE-ADMISSIBILITY-EXECUTION-01,CAND-0106,piecewise_lag_surrogate,not_triggered,inventory_evidence_not_triggered,unknown
QSB-PLANCK-BRIDGE-RESONATOR-INDEPENDENT-LAG-VARIABLE-ADMISSIBILITY-EXECUTION-01,CAND-0106,symmetry_only_alias,not_triggered,inventory_evidence_not_triggered,unknown
QSB-PLANCK-BRIDGE-RESONATOR-INDEPENDENT-LAG-VARIABLE-ADMISSIBILITY-EXECUTION-01,CAND-0106,phase_response_abs_lag_alias,not_triggered,inventory_evidence_not_triggered,unknown
QSB-PLANCK-BRIDGE-RESONATOR-INDEPENDENT-LAG-VARIABLE-ADMISSIBILITY-EXECUTION-01,CAND-0106,unknown_alias_risk,triggered,alias_risk_level=unknown; value_series_status=not_available,unknown
QSB-PLANCK-BRIDGE-RESONATOR-INDEPENDENT-LAG-VARIABLE-ADMISSIBILITY-EXECUTION-01,CAND-0107,exact_lag_alias,not_triggered,inventory_evidence_not_triggered,high
QSB-PLANCK-BRIDGE-RESONATOR-INDEPENDENT-LAG-VARIABLE-ADMISSIBILITY-EXECUTION-01,CAND-0107,absolute_lag_alias,not_triggered,inventory_evidence_not_triggered,high
QSB-PLANCK-BRIDGE-RESONATOR-INDEPENDENT-LAG-VARIABLE-ADMISSIBILITY-EXECUTION-01,CAND-0107,pair_id_lookup_alias,not_triggered,inventory_evidence_not_triggered,high
QSB-PLANCK-BRIDGE-RESONATOR-INDEPENDENT-LAG-VARIABLE-ADMISSIBILITY-EXECUTION-01,CAND-0107,index_order_alias,not_triggered,inventory_evidence_not_triggered,high
QSB-PLANCK-BRIDGE-RESONATOR-INDEPENDENT-LAG-VARIABLE-ADMISSIBILITY-EXECUTION-01,CAND-0107,monotonic_lag_surrogate,not_triggered,inventory_evidence_not_triggered,high
QSB-PLANCK-BRIDGE-RESONATOR-INDEPENDENT-LAG-VARIABLE-ADMISSIBILITY-EXECUTION-01,CAND-0107,piecewise_lag_surrogate,not_triggered,inventory_evidence_not_triggered,high
QSB-PLANCK-BRIDGE-RESONATOR-INDEPENDENT-LAG-VARIABLE-ADMISSIBILITY-EXECUTION-01,CAND-0107,symmetry_only_alias,not_triggered,inventory_evidence_not_triggered,high
QSB-PLANCK-BRIDGE-RESONATOR-INDEPENDENT-LAG-VARIABLE-ADMISSIBILITY-EXECUTION-01,CAND-0107,phase_response_abs_lag_alias,not_triggered,inventory_evidence_not_triggered,high
QSB-PLANCK-BRIDGE-RESONATOR-INDEPENDENT-LAG-VARIABLE-ADMISSIBILITY-EXECUTION-01,CAND-0107,unknown_alias_risk,triggered,alias_risk_level=high; value_series_status=not_available,high
QSB-PLANCK-BRIDGE-RESONATOR-INDEPENDENT-LAG-VARIABLE-ADMISSIBILITY-EXECUTION-01,CAND-0108,exact_lag_alias,not_triggered,inventory_evidence_not_triggered,high
QSB-PLANCK-BRIDGE-RESONATOR-INDEPENDENT-LAG-VARIABLE-ADMISSIBILITY-EXECUTION-01,CAND-0108,absolute_lag_alias,not_triggered,inventory_evidence_not_triggered,high
QSB-PLANCK-BRIDGE-RESONATOR-INDEPENDENT-LAG-VARIABLE-ADMISSIBILITY-EXECUTION-01,CAND-0108,pair_id_lookup_alias,not_triggered,inventory_evidence_not_triggered,high
QSB-PLANCK-BRIDGE-RESONATOR-INDEPENDENT-LAG-VARIABLE-ADMISSIBILITY-EXECUTION-01,CAND-0108,index_order_alias,not_triggered,inventory_evidence_not_triggered,high
QSB-PLANCK-BRIDGE-RESONATOR-INDEPENDENT-LAG-VARIABLE-ADMISSIBILITY-EXECUTION-01,CAND-0108,monotonic_lag_surrogate,not_triggered,inventory_evidence_not_triggered,high
QSB-PLANCK-BRIDGE-RESONATOR-INDEPENDENT-LAG-VARIABLE-ADMISSIBILITY-EXECUTION-01,CAND-0108,piecewise_lag_surrogate,not_triggered,inventory_evidence_not_triggered,high
QSB-PLANCK-BRIDGE-RESONATOR-INDEPENDENT-LAG-VARIABLE-ADMISSIBILITY-EXECUTION-01,CAND-0108,symmetry_only_alias,not_triggered,inventory_evidence_not_triggered,high
QSB-PLANCK-BRIDGE-RESONATOR-INDEPENDENT-LAG-VARIABLE-ADMISSIBILITY-EXECUTION-01,CAND-0108,phase_response_abs_lag_alias,not_triggered,inventory_evidence_not_triggered,high
QSB-PLANCK-BRIDGE-RESONATOR-INDEPENDENT-LAG-VARIABLE-ADMISSIBILITY-EXECUTION-01,CAND-0108,unknown_alias_risk,triggered,alias_risk_level=high; value_series_status=not_available,high
QSB-PLANCK-BRIDGE-RESONATOR-INDEPENDENT-LAG-VARIABLE-ADMISSIBILITY-EXECUTION-01,CAND-0109,exact_lag_alias,not_triggered,inventory_evidence_not_triggered,high
QSB-PLANCK-BRIDGE-RESONATOR-INDEPENDENT-LAG-VARIABLE-ADMISSIBILITY-EXECUTION-01,CAND-0109,absolute_lag_alias,not_triggered,inventory_evidence_not_triggered,high
QSB-PLANCK-BRIDGE-RESONATOR-INDEPENDENT-LAG-VARIABLE-ADMISSIBILITY-EXECUTION-01,CAND-0109,pair_id_lookup_alias,not_triggered,inventory_evidence_not_triggered,high
QSB-PLANCK-BRIDGE-RESONATOR-INDEPENDENT-LAG-VARIABLE-ADMISSIBILITY-EXECUTION-01,CAND-0109,index_order_alias,not_triggered,inventory_evidence_not_triggered,high
QSB-PLANCK-BRIDGE-RESONATOR-INDEPENDENT-LAG-VARIABLE-ADMISSIBILITY-EXECUTION-01,CAND-0109,monotonic_lag_surrogate,not_triggered,inventory_evidence_not_triggered,high
QSB-PLANCK-BRIDGE-RESONATOR-INDEPENDENT-LAG-VARIABLE-ADMISSIBILITY-EXECUTION-01,CAND-0109,piecewise_lag_surrogate,not_triggered,inventory_evidence_not_triggered,high
QSB-PLANCK-BRIDGE-RESONATOR-INDEPENDENT-LAG-VARIABLE-ADMISSIBILITY-EXECUTION-01,CAND-0109,symmetry_only_alias,not_triggered,inventory_evidence_not_triggered,high
QSB-PLANCK-BRIDGE-RESONATOR-INDEPENDENT-LAG-VARIABLE-ADMISSIBILITY-EXECUTION-01,CAND-0109,phase_response_abs_lag_alias,not_triggered,inventory_evidence_not_triggered,high
QSB-PLANCK-BRIDGE-RESONATOR-INDEPENDENT-LAG-VARIABLE-ADMISSIBILITY-EXECUTION-01,CAND-0109,unknown_alias_risk,triggered,alias_risk_level=high; value_series_status=not_available,high
QSB-PLANCK-BRIDGE-RESONATOR-INDEPENDENT-LAG-VARIABLE-ADMISSIBILITY-EXECUTION-01,CAND-0110,exact_lag_alias,not_triggered,inventory_evidence_not_triggered,high
QSB-PLANCK-BRIDGE-RESONATOR-INDEPENDENT-LAG-VARIABLE-ADMISSIBILITY-EXECUTION-01,CAND-0110,absolute_lag_alias,not_triggered,inventory_evidence_not_triggered,high
QSB-PLANCK-BRIDGE-RESONATOR-INDEPENDENT-LAG-VARIABLE-ADMISSIBILITY-EXECUTION-01,CAND-0110,pair_id_lookup_alias,not_triggered,inventory_evidence_not_triggered,high
QSB-PLANCK-BRIDGE-RESONATOR-INDEPENDENT-LAG-VARIABLE-ADMISSIBILITY-EXECUTION-01,CAND-0110,index_order_alias,not_triggered,inventory_evidence_not_triggered,high
QSB-PLANCK-BRIDGE-RESONATOR-INDEPENDENT-LAG-VARIABLE-ADMISSIBILITY-EXECUTION-01,CAND-0110,monotonic_lag_surrogate,not_triggered,inventory_evidence_not_triggered,high
QSB-PLANCK-BRIDGE-RESONATOR-INDEPENDENT-LAG-VARIABLE-ADMISSIBILITY-EXECUTION-01,CAND-0110,piecewise_lag_surrogate,not_triggered,inventory_evidence_not_triggered,high
QSB-PLANCK-BRIDGE-RESONATOR-INDEPENDENT-LAG-VARIABLE-ADMISSIBILITY-EXECUTION-01,CAND-0110,symmetry_only_alias,not_triggered,inventory_evidence_not_triggered,high
QSB-PLANCK-BRIDGE-RESONATOR-INDEPENDENT-LAG-VARIABLE-ADMISSIBILITY-EXECUTION-01,CAND-0110,phase_response_abs_lag_alias,not_triggered,inventory_evidence_not_triggered,high
QSB-PLANCK-BRIDGE-RESONATOR-INDEPENDENT-LAG-VARIABLE-ADMISSIBILITY-EXECUTION-01,CAND-0110,unknown_alias_risk,triggered,alias_risk_level=high; value_series_status=not_available,high
QSB-PLANCK-BRIDGE-RESONATOR-INDEPENDENT-LAG-VARIABLE-ADMISSIBILITY-EXECUTION-01,CAND-0111,exact_lag_alias,not_triggered,inventory_evidence_not_triggered,high
QSB-PLANCK-BRIDGE-RESONATOR-INDEPENDENT-LAG-VARIABLE-ADMISSIBILITY-EXECUTION-01,CAND-0111,absolute_lag_alias,not_triggered,inventory_evidence_not_triggered,high
QSB-PLANCK-BRIDGE-RESONATOR-INDEPENDENT-LAG-VARIABLE-ADMISSIBILITY-EXECUTION-01,CAND-0111,pair_id_lookup_alias,not_triggered,inventory_evidence_not_triggered,high
QSB-PLANCK-BRIDGE-RESONATOR-INDEPENDENT-LAG-VARIABLE-ADMISSIBILITY-EXECUTION-01,CAND-0111,index_order_alias,not_triggered,inventory_evidence_not_triggered,high
QSB-PLANCK-BRIDGE-RESONATOR-INDEPENDENT-LAG-VARIABLE-ADMISSIBILITY-EXECUTION-01,CAND-0111,monotonic_lag_surrogate,not_triggered,inventory_evidence_not_triggered,high
QSB-PLANCK-BRIDGE-RESONATOR-INDEPENDENT-LAG-VARIABLE-ADMISSIBILITY-EXECUTION-01,CAND-0111,piecewise_lag_surrogate,not_triggered,inventory_evidence_not_triggered,high
QSB-PLANCK-BRIDGE-RESONATOR-INDEPENDENT-LAG-VARIABLE-ADMISSIBILITY-EXECUTION-01,CAND-0111,symmetry_only_alias,not_triggered,inventory_evidence_not_triggered,high
QSB-PLANCK-BRIDGE-RESONATOR-INDEPENDENT-LAG-VARIABLE-ADMISSIBILITY-EXECUTION-01,CAND-0111,phase_response_abs_lag_alias,not_triggered,inventory_evidence_not_triggered,high
QSB-PLANCK-BRIDGE-RESONATOR-INDEPENDENT-LAG-VARIABLE-ADMISSIBILITY-EXECUTION-01,CAND-0111,unknown_alias_risk,triggered,alias_risk_level=high; value_series_status=not_available,high
QSB-PLANCK-BRIDGE-RESONATOR-INDEPENDENT-LAG-VARIABLE-ADMISSIBILITY-EXECUTION-01,CAND-0112,exact_lag_alias,not_triggered,inventory_evidence_not_triggered,high
QSB-PLANCK-BRIDGE-RESONATOR-INDEPENDENT-LAG-VARIABLE-ADMISSIBILITY-EXECUTION-01,CAND-0112,absolute_lag_alias,not_triggered,inventory_evidence_not_triggered,high
QSB-PLANCK-BRIDGE-RESONATOR-INDEPENDENT-LAG-VARIABLE-ADMISSIBILITY-EXECUTION-01,CAND-0112,pair_id_lookup_alias,not_triggered,inventory_evidence_not_triggered,high
QSB-PLANCK-BRIDGE-RESONATOR-INDEPENDENT-LAG-VARIABLE-ADMISSIBILITY-EXECUTION-01,CAND-0112,index_order_alias,not_triggered,inventory_evidence_not_triggered,high
QSB-PLANCK-BRIDGE-RESONATOR-INDEPENDENT-LAG-VARIABLE-ADMISSIBILITY-EXECUTION-01,CAND-0112,monotonic_lag_surrogate,not_triggered,inventory_evidence_not_triggered,high
QSB-PLANCK-BRIDGE-RESONATOR-INDEPENDENT-LAG-VARIABLE-ADMISSIBILITY-EXECUTION-01,CAND-0112,piecewise_lag_surrogate,not_triggered,inventory_evidence_not_triggered,high
QSB-PLANCK-BRIDGE-RESONATOR-INDEPENDENT-LAG-VARIABLE-ADMISSIBILITY-EXECUTION-01,CAND-0112,symmetry_only_alias,not_triggered,inventory_evidence_not_triggered,high
QSB-PLANCK-BRIDGE-RESONATOR-INDEPENDENT-LAG-VARIABLE-ADMISSIBILITY-EXECUTION-01,CAND-0112,phase_response_abs_lag_alias,not_triggered,inventory_evidence_not_triggered,high
QSB-PLANCK-BRIDGE-RESONATOR-INDEPENDENT-LAG-VARIABLE-ADMISSIBILITY-EXECUTION-01,CAND-0112,unknown_alias_risk,triggered,alias_risk_level=high; value_series_status=not_available,high
QSB-PLANCK-BRIDGE-RESONATOR-INDEPENDENT-LAG-VARIABLE-ADMISSIBILITY-EXECUTION-01,CAND-0113,exact_lag_alias,not_triggered,inventory_evidence_not_triggered,unknown
QSB-PLANCK-BRIDGE-RESONATOR-INDEPENDENT-LAG-VARIABLE-ADMISSIBILITY-EXECUTION-01,CAND-0113,absolute_lag_alias,not_triggered,inventory_evidence_not_triggered,unknown
QSB-PLANCK-BRIDGE-RESONATOR-INDEPENDENT-LAG-VARIABLE-ADMISSIBILITY-EXECUTION-01,CAND-0113,pair_id_lookup_alias,not_triggered,inventory_evidence_not_triggered,unknown
QSB-PLANCK-BRIDGE-RESONATOR-INDEPENDENT-LAG-VARIABLE-ADMISSIBILITY-EXECUTION-01,CAND-0113,index_order_alias,not_triggered,inventory_evidence_not_triggered,unknown
QSB-PLANCK-BRIDGE-RESONATOR-INDEPENDENT-LAG-VARIABLE-ADMISSIBILITY-EXECUTION-01,CAND-0113,monotonic_lag_surrogate,not_triggered,inventory_evidence_not_triggered,unknown
QSB-PLANCK-BRIDGE-RESONATOR-INDEPENDENT-LAG-VARIABLE-ADMISSIBILITY-EXECUTION-01,CAND-0113,piecewise_lag_surrogate,not_triggered,inventory_evidence_not_triggered,unknown
QSB-PLANCK-BRIDGE-RESONATOR-INDEPENDENT-LAG-VARIABLE-ADMISSIBILITY-EXECUTION-01,CAND-0113,symmetry_only_alias,not_triggered,inventory_evidence_not_triggered,unknown
QSB-PLANCK-BRIDGE-RESONATOR-INDEPENDENT-LAG-VARIABLE-ADMISSIBILITY-EXECUTION-01,CAND-0113,phase_response_abs_lag_alias,not_triggered,inventory_evidence_not_triggered,unknown
QSB-PLANCK-BRIDGE-RESONATOR-INDEPENDENT-LAG-VARIABLE-ADMISSIBILITY-EXECUTION-01,CAND-0113,unknown_alias_risk,triggered,alias_risk_level=unknown; value_series_status=not_available,unknown
QSB-PLANCK-BRIDGE-RESONATOR-INDEPENDENT-LAG-VARIABLE-ADMISSIBILITY-EXECUTION-01,CAND-0114,exact_lag_alias,not_triggered,inventory_evidence_not_triggered,unknown
QSB-PLANCK-BRIDGE-RESONATOR-INDEPENDENT-LAG-VARIABLE-ADMISSIBILITY-EXECUTION-01,CAND-0114,absolute_lag_alias,not_triggered,inventory_evidence_not_triggered,unknown
QSB-PLANCK-BRIDGE-RESONATOR-INDEPENDENT-LAG-VARIABLE-ADMISSIBILITY-EXECUTION-01,CAND-0114,pair_id_lookup_alias,not_triggered,inventory_evidence_not_triggered,unknown
QSB-PLANCK-BRIDGE-RESONATOR-INDEPENDENT-LAG-VARIABLE-ADMISSIBILITY-EXECUTION-01,CAND-0114,index_order_alias,not_triggered,inventory_evidence_not_triggered,unknown
QSB-PLANCK-BRIDGE-RESONATOR-INDEPENDENT-LAG-VARIABLE-ADMISSIBILITY-EXECUTION-01,CAND-0114,monotonic_lag_surrogate,not_triggered,inventory_evidence_not_triggered,unknown
QSB-PLANCK-BRIDGE-RESONATOR-INDEPENDENT-LAG-VARIABLE-ADMISSIBILITY-EXECUTION-01,CAND-0114,piecewise_lag_surrogate,not_triggered,inventory_evidence_not_triggered,unknown
QSB-PLANCK-BRIDGE-RESONATOR-INDEPENDENT-LAG-VARIABLE-ADMISSIBILITY-EXECUTION-01,CAND-0114,symmetry_only_alias,not_triggered,inventory_evidence_not_triggered,unknown
QSB-PLANCK-BRIDGE-RESONATOR-INDEPENDENT-LAG-VARIABLE-ADMISSIBILITY-EXECUTION-01,CAND-0114,phase_response_abs_lag_alias,not_triggered,inventory_evidence_not_triggered,unknown
QSB-PLANCK-BRIDGE-RESONATOR-INDEPENDENT-LAG-VARIABLE-ADMISSIBILITY-EXECUTION-01,CAND-0114,unknown_alias_risk,triggered,alias_risk_level=unknown; value_series_status=not_available,unknown
QSB-PLANCK-BRIDGE-RESONATOR-INDEPENDENT-LAG-VARIABLE-ADMISSIBILITY-EXECUTION-01,CAND-0115,exact_lag_alias,not_triggered,inventory_evidence_not_triggered,high
QSB-PLANCK-BRIDGE-RESONATOR-INDEPENDENT-LAG-VARIABLE-ADMISSIBILITY-EXECUTION-01,CAND-0115,absolute_lag_alias,not_triggered,inventory_evidence_not_triggered,high
QSB-PLANCK-BRIDGE-RESONATOR-INDEPENDENT-LAG-VARIABLE-ADMISSIBILITY-EXECUTION-01,CAND-0115,pair_id_lookup_alias,not_triggered,inventory_evidence_not_triggered,high
QSB-PLANCK-BRIDGE-RESONATOR-INDEPENDENT-LAG-VARIABLE-ADMISSIBILITY-EXECUTION-01,CAND-0115,index_order_alias,not_triggered,inventory_evidence_not_triggered,high
QSB-PLANCK-BRIDGE-RESONATOR-INDEPENDENT-LAG-VARIABLE-ADMISSIBILITY-EXECUTION-01,CAND-0115,monotonic_lag_surrogate,not_triggered,inventory_evidence_not_triggered,high
QSB-PLANCK-BRIDGE-RESONATOR-INDEPENDENT-LAG-VARIABLE-ADMISSIBILITY-EXECUTION-01,CAND-0115,piecewise_lag_surrogate,not_triggered,inventory_evidence_not_triggered,high
QSB-PLANCK-BRIDGE-RESONATOR-INDEPENDENT-LAG-VARIABLE-ADMISSIBILITY-EXECUTION-01,CAND-0115,symmetry_only_alias,not_triggered,inventory_evidence_not_triggered,high
QSB-PLANCK-BRIDGE-RESONATOR-INDEPENDENT-LAG-VARIABLE-ADMISSIBILITY-EXECUTION-01,CAND-0115,phase_response_abs_lag_alias,not_triggered,inventory_evidence_not_triggered,high
QSB-PLANCK-BRIDGE-RESONATOR-INDEPENDENT-LAG-VARIABLE-ADMISSIBILITY-EXECUTION-01,CAND-0115,unknown_alias_risk,triggered,alias_risk_level=high; value_series_status=not_available,high
QSB-PLANCK-BRIDGE-RESONATOR-INDEPENDENT-LAG-VARIABLE-ADMISSIBILITY-EXECUTION-01,CAND-0116,exact_lag_alias,not_triggered,inventory_evidence_not_triggered,unknown
QSB-PLANCK-BRIDGE-RESONATOR-INDEPENDENT-LAG-VARIABLE-ADMISSIBILITY-EXECUTION-01,CAND-0116,absolute_lag_alias,not_triggered,inventory_evidence_not_triggered,unknown
QSB-PLANCK-BRIDGE-RESONATOR-INDEPENDENT-LAG-VARIABLE-ADMISSIBILITY-EXECUTION-01,CAND-0116,pair_id_lookup_alias,not_triggered,inventory_evidence_not_triggered,unknown
QSB-PLANCK-BRIDGE-RESONATOR-INDEPENDENT-LAG-VARIABLE-ADMISSIBILITY-EXECUTION-01,CAND-0116,index_order_alias,not_triggered,inventory_evidence_not_triggered,unknown
QSB-PLANCK-BRIDGE-RESONATOR-INDEPENDENT-LAG-VARIABLE-ADMISSIBILITY-EXECUTION-01,CAND-0116,monotonic_lag_surrogate,not_triggered,inventory_evidence_not_triggered,unknown
QSB-PLANCK-BRIDGE-RESONATOR-INDEPENDENT-LAG-VARIABLE-ADMISSIBILITY-EXECUTION-01,CAND-0116,piecewise_lag_surrogate,not_triggered,inventory_evidence_not_triggered,unknown
QSB-PLANCK-BRIDGE-RESONATOR-INDEPENDENT-LAG-VARIABLE-ADMISSIBILITY-EXECUTION-01,CAND-0116,symmetry_only_alias,not_triggered,inventory_evidence_not_triggered,unknown
QSB-PLANCK-BRIDGE-RESONATOR-INDEPENDENT-LAG-VARIABLE-ADMISSIBILITY-EXECUTION-01,CAND-0116,phase_response_abs_lag_alias,not_triggered,inventory_evidence_not_triggered,unknown
QSB-PLANCK-BRIDGE-RESONATOR-INDEPENDENT-LAG-VARIABLE-ADMISSIBILITY-EXECUTION-01,CAND-0116,unknown_alias_risk,triggered,alias_risk_level=unknown; value_series_status=not_available,unknown
QSB-PLANCK-BRIDGE-RESONATOR-INDEPENDENT-LAG-VARIABLE-ADMISSIBILITY-EXECUTION-01,CAND-0117,exact_lag_alias,not_triggered,inventory_evidence_not_triggered,unknown
QSB-PLANCK-BRIDGE-RESONATOR-INDEPENDENT-LAG-VARIABLE-ADMISSIBILITY-EXECUTION-01,CAND-0117,absolute_lag_alias,not_triggered,inventory_evidence_not_triggered,unknown
QSB-PLANCK-BRIDGE-RESONATOR-INDEPENDENT-LAG-VARIABLE-ADMISSIBILITY-EXECUTION-01,CAND-0117,pair_id_lookup_alias,not_triggered,inventory_evidence_not_triggered,unknown
QSB-PLANCK-BRIDGE-RESONATOR-INDEPENDENT-LAG-VARIABLE-ADMISSIBILITY-EXECUTION-01,CAND-0117,index_order_alias,not_triggered,inventory_evidence_not_triggered,unknown
QSB-PLANCK-BRIDGE-RESONATOR-INDEPENDENT-LAG-VARIABLE-ADMISSIBILITY-EXECUTION-01,CAND-0117,monotonic_lag_surrogate,not_triggered,inventory_evidence_not_triggered,unknown
QSB-PLANCK-BRIDGE-RESONATOR-INDEPENDENT-LAG-VARIABLE-ADMISSIBILITY-EXECUTION-01,CAND-0117,piecewise_lag_surrogate,not_triggered,inventory_evidence_not_triggered,unknown
QSB-PLANCK-BRIDGE-RESONATOR-INDEPENDENT-LAG-VARIABLE-ADMISSIBILITY-EXECUTION-01,CAND-0117,symmetry_only_alias,not_triggered,inventory_evidence_not_triggered,unknown
QSB-PLANCK-BRIDGE-RESONATOR-INDEPENDENT-LAG-VARIABLE-ADMISSIBILITY-EXECUTION-01,CAND-0117,phase_response_abs_lag_alias,not_triggered,inventory_evidence_not_triggered,unknown
QSB-PLANCK-BRIDGE-RESONATOR-INDEPENDENT-LAG-VARIABLE-ADMISSIBILITY-EXECUTION-01,CAND-0117,unknown_alias_risk,triggered,alias_risk_level=unknown; value_series_status=not_available,unknown
QSB-PLANCK-BRIDGE-RESONATOR-INDEPENDENT-LAG-VARIABLE-ADMISSIBILITY-EXECUTION-01,CAND-0118,exact_lag_alias,not_triggered,inventory_evidence_not_triggered,unknown
QSB-PLANCK-BRIDGE-RESONATOR-INDEPENDENT-LAG-VARIABLE-ADMISSIBILITY-EXECUTION-01,CAND-0118,absolute_lag_alias,not_triggered,inventory_evidence_not_triggered,unknown
QSB-PLANCK-BRIDGE-RESONATOR-INDEPENDENT-LAG-VARIABLE-ADMISSIBILITY-EXECUTION-01,CAND-0118,pair_id_lookup_alias,not_triggered,inventory_evidence_not_triggered,unknown
QSB-PLANCK-BRIDGE-RESONATOR-INDEPENDENT-LAG-VARIABLE-ADMISSIBILITY-EXECUTION-01,CAND-0118,index_order_alias,not_triggered,inventory_evidence_not_triggered,unknown
QSB-PLANCK-BRIDGE-RESONATOR-INDEPENDENT-LAG-VARIABLE-ADMISSIBILITY-EXECUTION-01,CAND-0118,monotonic_lag_surrogate,not_triggered,inventory_evidence_not_triggered,unknown
QSB-PLANCK-BRIDGE-RESONATOR-INDEPENDENT-LAG-VARIABLE-ADMISSIBILITY-EXECUTION-01,CAND-0118,piecewise_lag_surrogate,not_triggered,inventory_evidence_not_triggered,unknown
QSB-PLANCK-BRIDGE-RESONATOR-INDEPENDENT-LAG-VARIABLE-ADMISSIBILITY-EXECUTION-01,CAND-0118,symmetry_only_alias,not_triggered,inventory_evidence_not_triggered,unknown
QSB-PLANCK-BRIDGE-RESONATOR-INDEPENDENT-LAG-VARIABLE-ADMISSIBILITY-EXECUTION-01,CAND-0118,phase_response_abs_lag_alias,not_triggered,inventory_evidence_not_triggered,unknown
QSB-PLANCK-BRIDGE-RESONATOR-INDEPENDENT-LAG-VARIABLE-ADMISSIBILITY-EXECUTION-01,CAND-0118,unknown_alias_risk,triggered,alias_risk_level=unknown; value_series_status=not_available,unknown
QSB-PLANCK-BRIDGE-RESONATOR-INDEPENDENT-LAG-VARIABLE-ADMISSIBILITY-EXECUTION-01,CAND-0119,exact_lag_alias,not_triggered,inventory_evidence_not_triggered,unknown
QSB-PLANCK-BRIDGE-RESONATOR-INDEPENDENT-LAG-VARIABLE-ADMISSIBILITY-EXECUTION-01,CAND-0119,absolute_lag_alias,not_triggered,inventory_evidence_not_triggered,unknown
QSB-PLANCK-BRIDGE-RESONATOR-INDEPENDENT-LAG-VARIABLE-ADMISSIBILITY-EXECUTION-01,CAND-0119,pair_id_lookup_alias,not_triggered,inventory_evidence_not_triggered,unknown
QSB-PLANCK-BRIDGE-RESONATOR-INDEPENDENT-LAG-VARIABLE-ADMISSIBILITY-EXECUTION-01,CAND-0119,index_order_alias,not_triggered,inventory_evidence_not_triggered,unknown
QSB-PLANCK-BRIDGE-RESONATOR-INDEPENDENT-LAG-VARIABLE-ADMISSIBILITY-EXECUTION-01,CAND-0119,monotonic_lag_surrogate,not_triggered,inventory_evidence_not_triggered,unknown
QSB-PLANCK-BRIDGE-RESONATOR-INDEPENDENT-LAG-VARIABLE-ADMISSIBILITY-EXECUTION-01,CAND-0119,piecewise_lag_surrogate,not_triggered,inventory_evidence_not_triggered,unknown
QSB-PLANCK-BRIDGE-RESONATOR-INDEPENDENT-LAG-VARIABLE-ADMISSIBILITY-EXECUTION-01,CAND-0119,symmetry_only_alias,not_triggered,inventory_evidence_not_triggered,unknown
QSB-PLANCK-BRIDGE-RESONATOR-INDEPENDENT-LAG-VARIABLE-ADMISSIBILITY-EXECUTION-01,CAND-0119,phase_response_abs_lag_alias,not_triggered,inventory_evidence_not_triggered,unknown
QSB-PLANCK-BRIDGE-RESONATOR-INDEPENDENT-LAG-VARIABLE-ADMISSIBILITY-EXECUTION-01,CAND-0119,unknown_alias_risk,triggered,alias_risk_level=unknown; value_series_status=not_available,unknown
QSB-PLANCK-BRIDGE-RESONATOR-INDEPENDENT-LAG-VARIABLE-ADMISSIBILITY-EXECUTION-01,CAND-0120,exact_lag_alias,not_triggered,inventory_evidence_not_triggered,unknown
QSB-PLANCK-BRIDGE-RESONATOR-INDEPENDENT-LAG-VARIABLE-ADMISSIBILITY-EXECUTION-01,CAND-0120,absolute_lag_alias,not_triggered,inventory_evidence_not_triggered,unknown
QSB-PLANCK-BRIDGE-RESONATOR-INDEPENDENT-LAG-VARIABLE-ADMISSIBILITY-EXECUTION-01,CAND-0120,pair_id_lookup_alias,not_triggered,inventory_evidence_not_triggered,unknown
QSB-PLANCK-BRIDGE-RESONATOR-INDEPENDENT-LAG-VARIABLE-ADMISSIBILITY-EXECUTION-01,CAND-0120,index_order_alias,not_triggered,inventory_evidence_not_triggered,unknown
QSB-PLANCK-BRIDGE-RESONATOR-INDEPENDENT-LAG-VARIABLE-ADMISSIBILITY-EXECUTION-01,CAND-0120,monotonic_lag_surrogate,not_triggered,inventory_evidence_not_triggered,unknown
QSB-PLANCK-BRIDGE-RESONATOR-INDEPENDENT-LAG-VARIABLE-ADMISSIBILITY-EXECUTION-01,CAND-0120,piecewise_lag_surrogate,not_triggered,inventory_evidence_not_triggered,unknown
QSB-PLANCK-BRIDGE-RESONATOR-INDEPENDENT-LAG-VARIABLE-ADMISSIBILITY-EXECUTION-01,CAND-0120,symmetry_only_alias,not_triggered,inventory_evidence_not_triggered,unknown
QSB-PLANCK-BRIDGE-RESONATOR-INDEPENDENT-LAG-VARIABLE-ADMISSIBILITY-EXECUTION-01,CAND-0120,phase_response_abs_lag_alias,not_triggered,inventory_evidence_not_triggered,unknown
QSB-PLANCK-BRIDGE-RESONATOR-INDEPENDENT-LAG-VARIABLE-ADMISSIBILITY-EXECUTION-01,CAND-0120,unknown_alias_risk,triggered,alias_risk_level=unknown; value_series_status=not_available,unknown
QSB-PLANCK-BRIDGE-RESONATOR-INDEPENDENT-LAG-VARIABLE-ADMISSIBILITY-EXECUTION-01,CAND-0121,exact_lag_alias,not_triggered,inventory_evidence_not_triggered,unknown
QSB-PLANCK-BRIDGE-RESONATOR-INDEPENDENT-LAG-VARIABLE-ADMISSIBILITY-EXECUTION-01,CAND-0121,absolute_lag_alias,not_triggered,inventory_evidence_not_triggered,unknown
QSB-PLANCK-BRIDGE-RESONATOR-INDEPENDENT-LAG-VARIABLE-ADMISSIBILITY-EXECUTION-01,CAND-0121,pair_id_lookup_alias,not_triggered,inventory_evidence_not_triggered,unknown
QSB-PLANCK-BRIDGE-RESONATOR-INDEPENDENT-LAG-VARIABLE-ADMISSIBILITY-EXECUTION-01,CAND-0121,index_order_alias,not_triggered,inventory_evidence_not_triggered,unknown
QSB-PLANCK-BRIDGE-RESONATOR-INDEPENDENT-LAG-VARIABLE-ADMISSIBILITY-EXECUTION-01,CAND-0121,monotonic_lag_surrogate,not_triggered,inventory_evidence_not_triggered,unknown
QSB-PLANCK-BRIDGE-RESONATOR-INDEPENDENT-LAG-VARIABLE-ADMISSIBILITY-EXECUTION-01,CAND-0121,piecewise_lag_surrogate,not_triggered,inventory_evidence_not_triggered,unknown
QSB-PLANCK-BRIDGE-RESONATOR-INDEPENDENT-LAG-VARIABLE-ADMISSIBILITY-EXECUTION-01,CAND-0121,symmetry_only_alias,not_triggered,inventory_evidence_not_triggered,unknown
QSB-PLANCK-BRIDGE-RESONATOR-INDEPENDENT-LAG-VARIABLE-ADMISSIBILITY-EXECUTION-01,CAND-0121,phase_response_abs_lag_alias,not_triggered,inventory_evidence_not_triggered,unknown
QSB-PLANCK-BRIDGE-RESONATOR-INDEPENDENT-LAG-VARIABLE-ADMISSIBILITY-EXECUTION-01,CAND-0121,unknown_alias_risk,triggered,alias_risk_level=unknown; value_series_status=not_available,unknown
QSB-PLANCK-BRIDGE-RESONATOR-INDEPENDENT-LAG-VARIABLE-ADMISSIBILITY-EXECUTION-01,CAND-0122,exact_lag_alias,not_triggered,inventory_evidence_not_triggered,unknown
QSB-PLANCK-BRIDGE-RESONATOR-INDEPENDENT-LAG-VARIABLE-ADMISSIBILITY-EXECUTION-01,CAND-0122,absolute_lag_alias,not_triggered,inventory_evidence_not_triggered,unknown
QSB-PLANCK-BRIDGE-RESONATOR-INDEPENDENT-LAG-VARIABLE-ADMISSIBILITY-EXECUTION-01,CAND-0122,pair_id_lookup_alias,not_triggered,inventory_evidence_not_triggered,unknown
QSB-PLANCK-BRIDGE-RESONATOR-INDEPENDENT-LAG-VARIABLE-ADMISSIBILITY-EXECUTION-01,CAND-0122,index_order_alias,not_triggered,inventory_evidence_not_triggered,unknown
QSB-PLANCK-BRIDGE-RESONATOR-INDEPENDENT-LAG-VARIABLE-ADMISSIBILITY-EXECUTION-01,CAND-0122,monotonic_lag_surrogate,not_triggered,inventory_evidence_not_triggered,unknown
QSB-PLANCK-BRIDGE-RESONATOR-INDEPENDENT-LAG-VARIABLE-ADMISSIBILITY-EXECUTION-01,CAND-0122,piecewise_lag_surrogate,not_triggered,inventory_evidence_not_triggered,unknown
QSB-PLANCK-BRIDGE-RESONATOR-INDEPENDENT-LAG-VARIABLE-ADMISSIBILITY-EXECUTION-01,CAND-0122,symmetry_only_alias,not_triggered,inventory_evidence_not_triggered,unknown
QSB-PLANCK-BRIDGE-RESONATOR-INDEPENDENT-LAG-VARIABLE-ADMISSIBILITY-EXECUTION-01,CAND-0122,phase_response_abs_lag_alias,not_triggered,inventory_evidence_not_triggered,unknown
QSB-PLANCK-BRIDGE-RESONATOR-INDEPENDENT-LAG-VARIABLE-ADMISSIBILITY-EXECUTION-01,CAND-0122,unknown_alias_risk,triggered,alias_risk_level=unknown; value_series_status=not_available,unknown
QSB-PLANCK-BRIDGE-RESONATOR-INDEPENDENT-LAG-VARIABLE-ADMISSIBILITY-EXECUTION-01,CAND-0123,exact_lag_alias,not_triggered,inventory_evidence_not_triggered,unknown
QSB-PLANCK-BRIDGE-RESONATOR-INDEPENDENT-LAG-VARIABLE-ADMISSIBILITY-EXECUTION-01,CAND-0123,absolute_lag_alias,not_triggered,inventory_evidence_not_triggered,unknown
QSB-PLANCK-BRIDGE-RESONATOR-INDEPENDENT-LAG-VARIABLE-ADMISSIBILITY-EXECUTION-01,CAND-0123,pair_id_lookup_alias,not_triggered,inventory_evidence_not_triggered,unknown
QSB-PLANCK-BRIDGE-RESONATOR-INDEPENDENT-LAG-VARIABLE-ADMISSIBILITY-EXECUTION-01,CAND-0123,index_order_alias,not_triggered,inventory_evidence_not_triggered,unknown
QSB-PLANCK-BRIDGE-RESONATOR-INDEPENDENT-LAG-VARIABLE-ADMISSIBILITY-EXECUTION-01,CAND-0123,monotonic_lag_surrogate,not_triggered,inventory_evidence_not_triggered,unknown
QSB-PLANCK-BRIDGE-RESONATOR-INDEPENDENT-LAG-VARIABLE-ADMISSIBILITY-EXECUTION-01,CAND-0123,piecewise_lag_surrogate,not_triggered,inventory_evidence_not_triggered,unknown
QSB-PLANCK-BRIDGE-RESONATOR-INDEPENDENT-LAG-VARIABLE-ADMISSIBILITY-EXECUTION-01,CAND-0123,symmetry_only_alias,not_triggered,inventory_evidence_not_triggered,unknown
QSB-PLANCK-BRIDGE-RESONATOR-INDEPENDENT-LAG-VARIABLE-ADMISSIBILITY-EXECUTION-01,CAND-0123,phase_response_abs_lag_alias,not_triggered,inventory_evidence_not_triggered,unknown
QSB-PLANCK-BRIDGE-RESONATOR-INDEPENDENT-LAG-VARIABLE-ADMISSIBILITY-EXECUTION-01,CAND-0123,unknown_alias_risk,triggered,alias_risk_level=unknown; value_series_status=not_available,unknown
QSB-PLANCK-BRIDGE-RESONATOR-INDEPENDENT-LAG-VARIABLE-ADMISSIBILITY-EXECUTION-01,CAND-0124,exact_lag_alias,not_triggered,inventory_evidence_not_triggered,high
QSB-PLANCK-BRIDGE-RESONATOR-INDEPENDENT-LAG-VARIABLE-ADMISSIBILITY-EXECUTION-01,CAND-0124,absolute_lag_alias,not_triggered,inventory_evidence_not_triggered,high
QSB-PLANCK-BRIDGE-RESONATOR-INDEPENDENT-LAG-VARIABLE-ADMISSIBILITY-EXECUTION-01,CAND-0124,pair_id_lookup_alias,not_triggered,inventory_evidence_not_triggered,high
QSB-PLANCK-BRIDGE-RESONATOR-INDEPENDENT-LAG-VARIABLE-ADMISSIBILITY-EXECUTION-01,CAND-0124,index_order_alias,not_triggered,inventory_evidence_not_triggered,high
QSB-PLANCK-BRIDGE-RESONATOR-INDEPENDENT-LAG-VARIABLE-ADMISSIBILITY-EXECUTION-01,CAND-0124,monotonic_lag_surrogate,not_triggered,inventory_evidence_not_triggered,high
QSB-PLANCK-BRIDGE-RESONATOR-INDEPENDENT-LAG-VARIABLE-ADMISSIBILITY-EXECUTION-01,CAND-0124,piecewise_lag_surrogate,not_triggered,inventory_evidence_not_triggered,high
QSB-PLANCK-BRIDGE-RESONATOR-INDEPENDENT-LAG-VARIABLE-ADMISSIBILITY-EXECUTION-01,CAND-0124,symmetry_only_alias,not_triggered,inventory_evidence_not_triggered,high
QSB-PLANCK-BRIDGE-RESONATOR-INDEPENDENT-LAG-VARIABLE-ADMISSIBILITY-EXECUTION-01,CAND-0124,phase_response_abs_lag_alias,not_triggered,inventory_evidence_not_triggered,high
QSB-PLANCK-BRIDGE-RESONATOR-INDEPENDENT-LAG-VARIABLE-ADMISSIBILITY-EXECUTION-01,CAND-0124,unknown_alias_risk,triggered,alias_risk_level=high; value_series_status=not_available,high
QSB-PLANCK-BRIDGE-RESONATOR-INDEPENDENT-LAG-VARIABLE-ADMISSIBILITY-EXECUTION-01,CAND-0125,exact_lag_alias,not_triggered,inventory_evidence_not_triggered,unknown
QSB-PLANCK-BRIDGE-RESONATOR-INDEPENDENT-LAG-VARIABLE-ADMISSIBILITY-EXECUTION-01,CAND-0125,absolute_lag_alias,not_triggered,inventory_evidence_not_triggered,unknown
QSB-PLANCK-BRIDGE-RESONATOR-INDEPENDENT-LAG-VARIABLE-ADMISSIBILITY-EXECUTION-01,CAND-0125,pair_id_lookup_alias,not_triggered,inventory_evidence_not_triggered,unknown
QSB-PLANCK-BRIDGE-RESONATOR-INDEPENDENT-LAG-VARIABLE-ADMISSIBILITY-EXECUTION-01,CAND-0125,index_order_alias,not_triggered,inventory_evidence_not_triggered,unknown
QSB-PLANCK-BRIDGE-RESONATOR-INDEPENDENT-LAG-VARIABLE-ADMISSIBILITY-EXECUTION-01,CAND-0125,monotonic_lag_surrogate,not_triggered,inventory_evidence_not_triggered,unknown
QSB-PLANCK-BRIDGE-RESONATOR-INDEPENDENT-LAG-VARIABLE-ADMISSIBILITY-EXECUTION-01,CAND-0125,piecewise_lag_surrogate,not_triggered,inventory_evidence_not_triggered,unknown
QSB-PLANCK-BRIDGE-RESONATOR-INDEPENDENT-LAG-VARIABLE-ADMISSIBILITY-EXECUTION-01,CAND-0125,symmetry_only_alias,not_triggered,inventory_evidence_not_triggered,unknown
QSB-PLANCK-BRIDGE-RESONATOR-INDEPENDENT-LAG-VARIABLE-ADMISSIBILITY-EXECUTION-01,CAND-0125,phase_response_abs_lag_alias,not_triggered,inventory_evidence_not_triggered,unknown
QSB-PLANCK-BRIDGE-RESONATOR-INDEPENDENT-LAG-VARIABLE-ADMISSIBILITY-EXECUTION-01,CAND-0125,unknown_alias_risk,triggered,alias_risk_level=unknown; value_series_status=not_available,unknown
QSB-PLANCK-BRIDGE-RESONATOR-INDEPENDENT-LAG-VARIABLE-ADMISSIBILITY-EXECUTION-01,CAND-0126,exact_lag_alias,not_triggered,inventory_evidence_not_triggered,unknown
QSB-PLANCK-BRIDGE-RESONATOR-INDEPENDENT-LAG-VARIABLE-ADMISSIBILITY-EXECUTION-01,CAND-0126,absolute_lag_alias,not_triggered,inventory_evidence_not_triggered,unknown
QSB-PLANCK-BRIDGE-RESONATOR-INDEPENDENT-LAG-VARIABLE-ADMISSIBILITY-EXECUTION-01,CAND-0126,pair_id_lookup_alias,not_triggered,inventory_evidence_not_triggered,unknown
QSB-PLANCK-BRIDGE-RESONATOR-INDEPENDENT-LAG-VARIABLE-ADMISSIBILITY-EXECUTION-01,CAND-0126,index_order_alias,not_triggered,inventory_evidence_not_triggered,unknown
QSB-PLANCK-BRIDGE-RESONATOR-INDEPENDENT-LAG-VARIABLE-ADMISSIBILITY-EXECUTION-01,CAND-0126,monotonic_lag_surrogate,not_triggered,inventory_evidence_not_triggered,unknown
QSB-PLANCK-BRIDGE-RESONATOR-INDEPENDENT-LAG-VARIABLE-ADMISSIBILITY-EXECUTION-01,CAND-0126,piecewise_lag_surrogate,not_triggered,inventory_evidence_not_triggered,unknown
QSB-PLANCK-BRIDGE-RESONATOR-INDEPENDENT-LAG-VARIABLE-ADMISSIBILITY-EXECUTION-01,CAND-0126,symmetry_only_alias,not_triggered,inventory_evidence_not_triggered,unknown
QSB-PLANCK-BRIDGE-RESONATOR-INDEPENDENT-LAG-VARIABLE-ADMISSIBILITY-EXECUTION-01,CAND-0126,phase_response_abs_lag_alias,not_triggered,inventory_evidence_not_triggered,unknown
QSB-PLANCK-BRIDGE-RESONATOR-INDEPENDENT-LAG-VARIABLE-ADMISSIBILITY-EXECUTION-01,CAND-0126,unknown_alias_risk,triggered,alias_risk_level=unknown; value_series_status=not_available,unknown
QSB-PLANCK-BRIDGE-RESONATOR-INDEPENDENT-LAG-VARIABLE-ADMISSIBILITY-EXECUTION-01,CAND-0127,exact_lag_alias,not_triggered,inventory_evidence_not_triggered,unknown
QSB-PLANCK-BRIDGE-RESONATOR-INDEPENDENT-LAG-VARIABLE-ADMISSIBILITY-EXECUTION-01,CAND-0127,absolute_lag_alias,not_triggered,inventory_evidence_not_triggered,unknown
QSB-PLANCK-BRIDGE-RESONATOR-INDEPENDENT-LAG-VARIABLE-ADMISSIBILITY-EXECUTION-01,CAND-0127,pair_id_lookup_alias,not_triggered,inventory_evidence_not_triggered,unknown
QSB-PLANCK-BRIDGE-RESONATOR-INDEPENDENT-LAG-VARIABLE-ADMISSIBILITY-EXECUTION-01,CAND-0127,index_order_alias,not_triggered,inventory_evidence_not_triggered,unknown
QSB-PLANCK-BRIDGE-RESONATOR-INDEPENDENT-LAG-VARIABLE-ADMISSIBILITY-EXECUTION-01,CAND-0127,monotonic_lag_surrogate,not_triggered,inventory_evidence_not_triggered,unknown
QSB-PLANCK-BRIDGE-RESONATOR-INDEPENDENT-LAG-VARIABLE-ADMISSIBILITY-EXECUTION-01,CAND-0127,piecewise_lag_surrogate,not_triggered,inventory_evidence_not_triggered,unknown
QSB-PLANCK-BRIDGE-RESONATOR-INDEPENDENT-LAG-VARIABLE-ADMISSIBILITY-EXECUTION-01,CAND-0127,symmetry_only_alias,not_triggered,inventory_evidence_not_triggered,unknown
QSB-PLANCK-BRIDGE-RESONATOR-INDEPENDENT-LAG-VARIABLE-ADMISSIBILITY-EXECUTION-01,CAND-0127,phase_response_abs_lag_alias,not_triggered,inventory_evidence_not_triggered,unknown
QSB-PLANCK-BRIDGE-RESONATOR-INDEPENDENT-LAG-VARIABLE-ADMISSIBILITY-EXECUTION-01,CAND-0127,unknown_alias_risk,triggered,alias_risk_level=unknown; value_series_status=not_available,unknown
QSB-PLANCK-BRIDGE-RESONATOR-INDEPENDENT-LAG-VARIABLE-ADMISSIBILITY-EXECUTION-01,CAND-0128,exact_lag_alias,not_triggered,inventory_evidence_not_triggered,unknown
QSB-PLANCK-BRIDGE-RESONATOR-INDEPENDENT-LAG-VARIABLE-ADMISSIBILITY-EXECUTION-01,CAND-0128,absolute_lag_alias,not_triggered,inventory_evidence_not_triggered,unknown
QSB-PLANCK-BRIDGE-RESONATOR-INDEPENDENT-LAG-VARIABLE-ADMISSIBILITY-EXECUTION-01,CAND-0128,pair_id_lookup_alias,not_triggered,inventory_evidence_not_triggered,unknown
QSB-PLANCK-BRIDGE-RESONATOR-INDEPENDENT-LAG-VARIABLE-ADMISSIBILITY-EXECUTION-01,CAND-0128,index_order_alias,not_triggered,inventory_evidence_not_triggered,unknown
QSB-PLANCK-BRIDGE-RESONATOR-INDEPENDENT-LAG-VARIABLE-ADMISSIBILITY-EXECUTION-01,CAND-0128,monotonic_lag_surrogate,not_triggered,inventory_evidence_not_triggered,unknown
QSB-PLANCK-BRIDGE-RESONATOR-INDEPENDENT-LAG-VARIABLE-ADMISSIBILITY-EXECUTION-01,CAND-0128,piecewise_lag_surrogate,not_triggered,inventory_evidence_not_triggered,unknown
QSB-PLANCK-BRIDGE-RESONATOR-INDEPENDENT-LAG-VARIABLE-ADMISSIBILITY-EXECUTION-01,CAND-0128,symmetry_only_alias,not_triggered,inventory_evidence_not_triggered,unknown
QSB-PLANCK-BRIDGE-RESONATOR-INDEPENDENT-LAG-VARIABLE-ADMISSIBILITY-EXECUTION-01,CAND-0128,phase_response_abs_lag_alias,not_triggered,inventory_evidence_not_triggered,unknown
QSB-PLANCK-BRIDGE-RESONATOR-INDEPENDENT-LAG-VARIABLE-ADMISSIBILITY-EXECUTION-01,CAND-0128,unknown_alias_risk,triggered,alias_risk_level=unknown; value_series_status=not_available,unknown
QSB-PLANCK-BRIDGE-RESONATOR-INDEPENDENT-LAG-VARIABLE-ADMISSIBILITY-EXECUTION-01,CAND-0129,exact_lag_alias,not_triggered,inventory_evidence_not_triggered,unknown
QSB-PLANCK-BRIDGE-RESONATOR-INDEPENDENT-LAG-VARIABLE-ADMISSIBILITY-EXECUTION-01,CAND-0129,absolute_lag_alias,not_triggered,inventory_evidence_not_triggered,unknown
QSB-PLANCK-BRIDGE-RESONATOR-INDEPENDENT-LAG-VARIABLE-ADMISSIBILITY-EXECUTION-01,CAND-0129,pair_id_lookup_alias,not_triggered,inventory_evidence_not_triggered,unknown
QSB-PLANCK-BRIDGE-RESONATOR-INDEPENDENT-LAG-VARIABLE-ADMISSIBILITY-EXECUTION-01,CAND-0129,index_order_alias,not_triggered,inventory_evidence_not_triggered,unknown
QSB-PLANCK-BRIDGE-RESONATOR-INDEPENDENT-LAG-VARIABLE-ADMISSIBILITY-EXECUTION-01,CAND-0129,monotonic_lag_surrogate,not_triggered,inventory_evidence_not_triggered,unknown
QSB-PLANCK-BRIDGE-RESONATOR-INDEPENDENT-LAG-VARIABLE-ADMISSIBILITY-EXECUTION-01,CAND-0129,piecewise_lag_surrogate,not_triggered,inventory_evidence_not_triggered,unknown
QSB-PLANCK-BRIDGE-RESONATOR-INDEPENDENT-LAG-VARIABLE-ADMISSIBILITY-EXECUTION-01,CAND-0129,symmetry_only_alias,not_triggered,inventory_evidence_not_triggered,unknown
QSB-PLANCK-BRIDGE-RESONATOR-INDEPENDENT-LAG-VARIABLE-ADMISSIBILITY-EXECUTION-01,CAND-0129,phase_response_abs_lag_alias,not_triggered,inventory_evidence_not_triggered,unknown
QSB-PLANCK-BRIDGE-RESONATOR-INDEPENDENT-LAG-VARIABLE-ADMISSIBILITY-EXECUTION-01,CAND-0129,unknown_alias_risk,triggered,alias_risk_level=unknown; value_series_status=not_available,unknown
QSB-PLANCK-BRIDGE-RESONATOR-INDEPENDENT-LAG-VARIABLE-ADMISSIBILITY-EXECUTION-01,CAND-0130,exact_lag_alias,not_triggered,inventory_evidence_not_triggered,unknown
QSB-PLANCK-BRIDGE-RESONATOR-INDEPENDENT-LAG-VARIABLE-ADMISSIBILITY-EXECUTION-01,CAND-0130,absolute_lag_alias,not_triggered,inventory_evidence_not_triggered,unknown
QSB-PLANCK-BRIDGE-RESONATOR-INDEPENDENT-LAG-VARIABLE-ADMISSIBILITY-EXECUTION-01,CAND-0130,pair_id_lookup_alias,not_triggered,inventory_evidence_not_triggered,unknown
QSB-PLANCK-BRIDGE-RESONATOR-INDEPENDENT-LAG-VARIABLE-ADMISSIBILITY-EXECUTION-01,CAND-0130,index_order_alias,not_triggered,inventory_evidence_not_triggered,unknown
QSB-PLANCK-BRIDGE-RESONATOR-INDEPENDENT-LAG-VARIABLE-ADMISSIBILITY-EXECUTION-01,CAND-0130,monotonic_lag_surrogate,not_triggered,inventory_evidence_not_triggered,unknown
QSB-PLANCK-BRIDGE-RESONATOR-INDEPENDENT-LAG-VARIABLE-ADMISSIBILITY-EXECUTION-01,CAND-0130,piecewise_lag_surrogate,not_triggered,inventory_evidence_not_triggered,unknown
QSB-PLANCK-BRIDGE-RESONATOR-INDEPENDENT-LAG-VARIABLE-ADMISSIBILITY-EXECUTION-01,CAND-0130,symmetry_only_alias,not_triggered,inventory_evidence_not_triggered,unknown
QSB-PLANCK-BRIDGE-RESONATOR-INDEPENDENT-LAG-VARIABLE-ADMISSIBILITY-EXECUTION-01,CAND-0130,phase_response_abs_lag_alias,not_triggered,inventory_evidence_not_triggered,unknown
QSB-PLANCK-BRIDGE-RESONATOR-INDEPENDENT-LAG-VARIABLE-ADMISSIBILITY-EXECUTION-01,CAND-0130,unknown_alias_risk,triggered,alias_risk_level=unknown; value_series_status=not_available,unknown
QSB-PLANCK-BRIDGE-RESONATOR-INDEPENDENT-LAG-VARIABLE-ADMISSIBILITY-EXECUTION-01,CAND-0131,exact_lag_alias,not_triggered,inventory_evidence_not_triggered,unknown
QSB-PLANCK-BRIDGE-RESONATOR-INDEPENDENT-LAG-VARIABLE-ADMISSIBILITY-EXECUTION-01,CAND-0131,absolute_lag_alias,not_triggered,inventory_evidence_not_triggered,unknown
QSB-PLANCK-BRIDGE-RESONATOR-INDEPENDENT-LAG-VARIABLE-ADMISSIBILITY-EXECUTION-01,CAND-0131,pair_id_lookup_alias,not_triggered,inventory_evidence_not_triggered,unknown
QSB-PLANCK-BRIDGE-RESONATOR-INDEPENDENT-LAG-VARIABLE-ADMISSIBILITY-EXECUTION-01,CAND-0131,index_order_alias,not_triggered,inventory_evidence_not_triggered,unknown
QSB-PLANCK-BRIDGE-RESONATOR-INDEPENDENT-LAG-VARIABLE-ADMISSIBILITY-EXECUTION-01,CAND-0131,monotonic_lag_surrogate,not_triggered,inventory_evidence_not_triggered,unknown
QSB-PLANCK-BRIDGE-RESONATOR-INDEPENDENT-LAG-VARIABLE-ADMISSIBILITY-EXECUTION-01,CAND-0131,piecewise_lag_surrogate,not_triggered,inventory_evidence_not_triggered,unknown
QSB-PLANCK-BRIDGE-RESONATOR-INDEPENDENT-LAG-VARIABLE-ADMISSIBILITY-EXECUTION-01,CAND-0131,symmetry_only_alias,not_triggered,inventory_evidence_not_triggered,unknown
QSB-PLANCK-BRIDGE-RESONATOR-INDEPENDENT-LAG-VARIABLE-ADMISSIBILITY-EXECUTION-01,CAND-0131,phase_response_abs_lag_alias,not_triggered,inventory_evidence_not_triggered,unknown
QSB-PLANCK-BRIDGE-RESONATOR-INDEPENDENT-LAG-VARIABLE-ADMISSIBILITY-EXECUTION-01,CAND-0131,unknown_alias_risk,triggered,alias_risk_level=unknown; value_series_status=not_available,unknown
QSB-PLANCK-BRIDGE-RESONATOR-INDEPENDENT-LAG-VARIABLE-ADMISSIBILITY-EXECUTION-01,CAND-0132,exact_lag_alias,not_triggered,inventory_evidence_not_triggered,unknown
QSB-PLANCK-BRIDGE-RESONATOR-INDEPENDENT-LAG-VARIABLE-ADMISSIBILITY-EXECUTION-01,CAND-0132,absolute_lag_alias,not_triggered,inventory_evidence_not_triggered,unknown
QSB-PLANCK-BRIDGE-RESONATOR-INDEPENDENT-LAG-VARIABLE-ADMISSIBILITY-EXECUTION-01,CAND-0132,pair_id_lookup_alias,not_triggered,inventory_evidence_not_triggered,unknown
QSB-PLANCK-BRIDGE-RESONATOR-INDEPENDENT-LAG-VARIABLE-ADMISSIBILITY-EXECUTION-01,CAND-0132,index_order_alias,not_triggered,inventory_evidence_not_triggered,unknown
QSB-PLANCK-BRIDGE-RESONATOR-INDEPENDENT-LAG-VARIABLE-ADMISSIBILITY-EXECUTION-01,CAND-0132,monotonic_lag_surrogate,not_triggered,inventory_evidence_not_triggered,unknown
QSB-PLANCK-BRIDGE-RESONATOR-INDEPENDENT-LAG-VARIABLE-ADMISSIBILITY-EXECUTION-01,CAND-0132,piecewise_lag_surrogate,not_triggered,inventory_evidence_not_triggered,unknown
QSB-PLANCK-BRIDGE-RESONATOR-INDEPENDENT-LAG-VARIABLE-ADMISSIBILITY-EXECUTION-01,CAND-0132,symmetry_only_alias,not_triggered,inventory_evidence_not_triggered,unknown
QSB-PLANCK-BRIDGE-RESONATOR-INDEPENDENT-LAG-VARIABLE-ADMISSIBILITY-EXECUTION-01,CAND-0132,phase_response_abs_lag_alias,not_triggered,inventory_evidence_not_triggered,unknown
QSB-PLANCK-BRIDGE-RESONATOR-INDEPENDENT-LAG-VARIABLE-ADMISSIBILITY-EXECUTION-01,CAND-0132,unknown_alias_risk,triggered,alias_risk_level=unknown; value_series_status=not_available,unknown
QSB-PLANCK-BRIDGE-RESONATOR-INDEPENDENT-LAG-VARIABLE-ADMISSIBILITY-EXECUTION-01,CAND-0133,exact_lag_alias,not_triggered,inventory_evidence_not_triggered,unknown
QSB-PLANCK-BRIDGE-RESONATOR-INDEPENDENT-LAG-VARIABLE-ADMISSIBILITY-EXECUTION-01,CAND-0133,absolute_lag_alias,not_triggered,inventory_evidence_not_triggered,unknown
QSB-PLANCK-BRIDGE-RESONATOR-INDEPENDENT-LAG-VARIABLE-ADMISSIBILITY-EXECUTION-01,CAND-0133,pair_id_lookup_alias,not_triggered,inventory_evidence_not_triggered,unknown
QSB-PLANCK-BRIDGE-RESONATOR-INDEPENDENT-LAG-VARIABLE-ADMISSIBILITY-EXECUTION-01,CAND-0133,index_order_alias,not_triggered,inventory_evidence_not_triggered,unknown
QSB-PLANCK-BRIDGE-RESONATOR-INDEPENDENT-LAG-VARIABLE-ADMISSIBILITY-EXECUTION-01,CAND-0133,monotonic_lag_surrogate,not_triggered,inventory_evidence_not_triggered,unknown
QSB-PLANCK-BRIDGE-RESONATOR-INDEPENDENT-LAG-VARIABLE-ADMISSIBILITY-EXECUTION-01,CAND-0133,piecewise_lag_surrogate,not_triggered,inventory_evidence_not_triggered,unknown
QSB-PLANCK-BRIDGE-RESONATOR-INDEPENDENT-LAG-VARIABLE-ADMISSIBILITY-EXECUTION-01,CAND-0133,symmetry_only_alias,not_triggered,inventory_evidence_not_triggered,unknown
QSB-PLANCK-BRIDGE-RESONATOR-INDEPENDENT-LAG-VARIABLE-ADMISSIBILITY-EXECUTION-01,CAND-0133,phase_response_abs_lag_alias,not_triggered,inventory_evidence_not_triggered,unknown
QSB-PLANCK-BRIDGE-RESONATOR-INDEPENDENT-LAG-VARIABLE-ADMISSIBILITY-EXECUTION-01,CAND-0133,unknown_alias_risk,triggered,alias_risk_level=unknown; value_series_status=not_available,unknown
QSB-PLANCK-BRIDGE-RESONATOR-INDEPENDENT-LAG-VARIABLE-ADMISSIBILITY-EXECUTION-01,CAND-0134,exact_lag_alias,not_triggered,inventory_evidence_not_triggered,unknown
QSB-PLANCK-BRIDGE-RESONATOR-INDEPENDENT-LAG-VARIABLE-ADMISSIBILITY-EXECUTION-01,CAND-0134,absolute_lag_alias,not_triggered,inventory_evidence_not_triggered,unknown
QSB-PLANCK-BRIDGE-RESONATOR-INDEPENDENT-LAG-VARIABLE-ADMISSIBILITY-EXECUTION-01,CAND-0134,pair_id_lookup_alias,not_triggered,inventory_evidence_not_triggered,unknown
QSB-PLANCK-BRIDGE-RESONATOR-INDEPENDENT-LAG-VARIABLE-ADMISSIBILITY-EXECUTION-01,CAND-0134,index_order_alias,not_triggered,inventory_evidence_not_triggered,unknown
QSB-PLANCK-BRIDGE-RESONATOR-INDEPENDENT-LAG-VARIABLE-ADMISSIBILITY-EXECUTION-01,CAND-0134,monotonic_lag_surrogate,not_triggered,inventory_evidence_not_triggered,unknown
QSB-PLANCK-BRIDGE-RESONATOR-INDEPENDENT-LAG-VARIABLE-ADMISSIBILITY-EXECUTION-01,CAND-0134,piecewise_lag_surrogate,not_triggered,inventory_evidence_not_triggered,unknown
QSB-PLANCK-BRIDGE-RESONATOR-INDEPENDENT-LAG-VARIABLE-ADMISSIBILITY-EXECUTION-01,CAND-0134,symmetry_only_alias,not_triggered,inventory_evidence_not_triggered,unknown
QSB-PLANCK-BRIDGE-RESONATOR-INDEPENDENT-LAG-VARIABLE-ADMISSIBILITY-EXECUTION-01,CAND-0134,phase_response_abs_lag_alias,not_triggered,inventory_evidence_not_triggered,unknown
QSB-PLANCK-BRIDGE-RESONATOR-INDEPENDENT-LAG-VARIABLE-ADMISSIBILITY-EXECUTION-01,CAND-0134,unknown_alias_risk,triggered,alias_risk_level=unknown; value_series_status=not_available,unknown
QSB-PLANCK-BRIDGE-RESONATOR-INDEPENDENT-LAG-VARIABLE-ADMISSIBILITY-EXECUTION-01,CAND-0135,exact_lag_alias,not_triggered,inventory_evidence_not_triggered,unknown
QSB-PLANCK-BRIDGE-RESONATOR-INDEPENDENT-LAG-VARIABLE-ADMISSIBILITY-EXECUTION-01,CAND-0135,absolute_lag_alias,not_triggered,inventory_evidence_not_triggered,unknown
QSB-PLANCK-BRIDGE-RESONATOR-INDEPENDENT-LAG-VARIABLE-ADMISSIBILITY-EXECUTION-01,CAND-0135,pair_id_lookup_alias,not_triggered,inventory_evidence_not_triggered,unknown
QSB-PLANCK-BRIDGE-RESONATOR-INDEPENDENT-LAG-VARIABLE-ADMISSIBILITY-EXECUTION-01,CAND-0135,index_order_alias,not_triggered,inventory_evidence_not_triggered,unknown
QSB-PLANCK-BRIDGE-RESONATOR-INDEPENDENT-LAG-VARIABLE-ADMISSIBILITY-EXECUTION-01,CAND-0135,monotonic_lag_surrogate,not_triggered,inventory_evidence_not_triggered,unknown
QSB-PLANCK-BRIDGE-RESONATOR-INDEPENDENT-LAG-VARIABLE-ADMISSIBILITY-EXECUTION-01,CAND-0135,piecewise_lag_surrogate,not_triggered,inventory_evidence_not_triggered,unknown
QSB-PLANCK-BRIDGE-RESONATOR-INDEPENDENT-LAG-VARIABLE-ADMISSIBILITY-EXECUTION-01,CAND-0135,symmetry_only_alias,not_triggered,inventory_evidence_not_triggered,unknown
QSB-PLANCK-BRIDGE-RESONATOR-INDEPENDENT-LAG-VARIABLE-ADMISSIBILITY-EXECUTION-01,CAND-0135,phase_response_abs_lag_alias,not_triggered,inventory_evidence_not_triggered,unknown
QSB-PLANCK-BRIDGE-RESONATOR-INDEPENDENT-LAG-VARIABLE-ADMISSIBILITY-EXECUTION-01,CAND-0135,unknown_alias_risk,triggered,alias_risk_level=unknown; value_series_status=not_available,unknown
QSB-PLANCK-BRIDGE-RESONATOR-INDEPENDENT-LAG-VARIABLE-ADMISSIBILITY-EXECUTION-01,CAND-0136,exact_lag_alias,not_triggered,inventory_evidence_not_triggered,high
QSB-PLANCK-BRIDGE-RESONATOR-INDEPENDENT-LAG-VARIABLE-ADMISSIBILITY-EXECUTION-01,CAND-0136,absolute_lag_alias,not_triggered,inventory_evidence_not_triggered,high
QSB-PLANCK-BRIDGE-RESONATOR-INDEPENDENT-LAG-VARIABLE-ADMISSIBILITY-EXECUTION-01,CAND-0136,pair_id_lookup_alias,not_triggered,inventory_evidence_not_triggered,high
QSB-PLANCK-BRIDGE-RESONATOR-INDEPENDENT-LAG-VARIABLE-ADMISSIBILITY-EXECUTION-01,CAND-0136,index_order_alias,not_triggered,inventory_evidence_not_triggered,high
QSB-PLANCK-BRIDGE-RESONATOR-INDEPENDENT-LAG-VARIABLE-ADMISSIBILITY-EXECUTION-01,CAND-0136,monotonic_lag_surrogate,not_triggered,inventory_evidence_not_triggered,high
QSB-PLANCK-BRIDGE-RESONATOR-INDEPENDENT-LAG-VARIABLE-ADMISSIBILITY-EXECUTION-01,CAND-0136,piecewise_lag_surrogate,not_triggered,inventory_evidence_not_triggered,high
QSB-PLANCK-BRIDGE-RESONATOR-INDEPENDENT-LAG-VARIABLE-ADMISSIBILITY-EXECUTION-01,CAND-0136,symmetry_only_alias,not_triggered,inventory_evidence_not_triggered,high
QSB-PLANCK-BRIDGE-RESONATOR-INDEPENDENT-LAG-VARIABLE-ADMISSIBILITY-EXECUTION-01,CAND-0136,phase_response_abs_lag_alias,not_triggered,inventory_evidence_not_triggered,high
QSB-PLANCK-BRIDGE-RESONATOR-INDEPENDENT-LAG-VARIABLE-ADMISSIBILITY-EXECUTION-01,CAND-0136,unknown_alias_risk,triggered,alias_risk_level=high; value_series_status=not_available,high
QSB-PLANCK-BRIDGE-RESONATOR-INDEPENDENT-LAG-VARIABLE-ADMISSIBILITY-EXECUTION-01,CAND-0137,exact_lag_alias,not_triggered,inventory_evidence_not_triggered,high
QSB-PLANCK-BRIDGE-RESONATOR-INDEPENDENT-LAG-VARIABLE-ADMISSIBILITY-EXECUTION-01,CAND-0137,absolute_lag_alias,not_triggered,inventory_evidence_not_triggered,high
QSB-PLANCK-BRIDGE-RESONATOR-INDEPENDENT-LAG-VARIABLE-ADMISSIBILITY-EXECUTION-01,CAND-0137,pair_id_lookup_alias,not_triggered,inventory_evidence_not_triggered,high
QSB-PLANCK-BRIDGE-RESONATOR-INDEPENDENT-LAG-VARIABLE-ADMISSIBILITY-EXECUTION-01,CAND-0137,index_order_alias,not_triggered,inventory_evidence_not_triggered,high
QSB-PLANCK-BRIDGE-RESONATOR-INDEPENDENT-LAG-VARIABLE-ADMISSIBILITY-EXECUTION-01,CAND-0137,monotonic_lag_surrogate,not_triggered,inventory_evidence_not_triggered,high
QSB-PLANCK-BRIDGE-RESONATOR-INDEPENDENT-LAG-VARIABLE-ADMISSIBILITY-EXECUTION-01,CAND-0137,piecewise_lag_surrogate,not_triggered,inventory_evidence_not_triggered,high
QSB-PLANCK-BRIDGE-RESONATOR-INDEPENDENT-LAG-VARIABLE-ADMISSIBILITY-EXECUTION-01,CAND-0137,symmetry_only_alias,not_triggered,inventory_evidence_not_triggered,high
QSB-PLANCK-BRIDGE-RESONATOR-INDEPENDENT-LAG-VARIABLE-ADMISSIBILITY-EXECUTION-01,CAND-0137,phase_response_abs_lag_alias,not_triggered,inventory_evidence_not_triggered,high
QSB-PLANCK-BRIDGE-RESONATOR-INDEPENDENT-LAG-VARIABLE-ADMISSIBILITY-EXECUTION-01,CAND-0137,unknown_alias_risk,triggered,alias_risk_level=high; value_series_status=not_available,high
QSB-PLANCK-BRIDGE-RESONATOR-INDEPENDENT-LAG-VARIABLE-ADMISSIBILITY-EXECUTION-01,CAND-0138,exact_lag_alias,not_triggered,inventory_evidence_not_triggered,unknown
QSB-PLANCK-BRIDGE-RESONATOR-INDEPENDENT-LAG-VARIABLE-ADMISSIBILITY-EXECUTION-01,CAND-0138,absolute_lag_alias,not_triggered,inventory_evidence_not_triggered,unknown
QSB-PLANCK-BRIDGE-RESONATOR-INDEPENDENT-LAG-VARIABLE-ADMISSIBILITY-EXECUTION-01,CAND-0138,pair_id_lookup_alias,not_triggered,inventory_evidence_not_triggered,unknown
QSB-PLANCK-BRIDGE-RESONATOR-INDEPENDENT-LAG-VARIABLE-ADMISSIBILITY-EXECUTION-01,CAND-0138,index_order_alias,not_triggered,inventory_evidence_not_triggered,unknown
QSB-PLANCK-BRIDGE-RESONATOR-INDEPENDENT-LAG-VARIABLE-ADMISSIBILITY-EXECUTION-01,CAND-0138,monotonic_lag_surrogate,not_triggered,inventory_evidence_not_triggered,unknown
QSB-PLANCK-BRIDGE-RESONATOR-INDEPENDENT-LAG-VARIABLE-ADMISSIBILITY-EXECUTION-01,CAND-0138,piecewise_lag_surrogate,not_triggered,inventory_evidence_not_triggered,unknown
QSB-PLANCK-BRIDGE-RESONATOR-INDEPENDENT-LAG-VARIABLE-ADMISSIBILITY-EXECUTION-01,CAND-0138,symmetry_only_alias,not_triggered,inventory_evidence_not_triggered,unknown
QSB-PLANCK-BRIDGE-RESONATOR-INDEPENDENT-LAG-VARIABLE-ADMISSIBILITY-EXECUTION-01,CAND-0138,phase_response_abs_lag_alias,not_triggered,inventory_evidence_not_triggered,unknown
QSB-PLANCK-BRIDGE-RESONATOR-INDEPENDENT-LAG-VARIABLE-ADMISSIBILITY-EXECUTION-01,CAND-0138,unknown_alias_risk,triggered,alias_risk_level=unknown; value_series_status=not_available,unknown
QSB-PLANCK-BRIDGE-RESONATOR-INDEPENDENT-LAG-VARIABLE-ADMISSIBILITY-EXECUTION-01,CAND-0139,exact_lag_alias,not_triggered,inventory_evidence_not_triggered,unknown
QSB-PLANCK-BRIDGE-RESONATOR-INDEPENDENT-LAG-VARIABLE-ADMISSIBILITY-EXECUTION-01,CAND-0139,absolute_lag_alias,not_triggered,inventory_evidence_not_triggered,unknown
QSB-PLANCK-BRIDGE-RESONATOR-INDEPENDENT-LAG-VARIABLE-ADMISSIBILITY-EXECUTION-01,CAND-0139,pair_id_lookup_alias,not_triggered,inventory_evidence_not_triggered,unknown
QSB-PLANCK-BRIDGE-RESONATOR-INDEPENDENT-LAG-VARIABLE-ADMISSIBILITY-EXECUTION-01,CAND-0139,index_order_alias,not_triggered,inventory_evidence_not_triggered,unknown
QSB-PLANCK-BRIDGE-RESONATOR-INDEPENDENT-LAG-VARIABLE-ADMISSIBILITY-EXECUTION-01,CAND-0139,monotonic_lag_surrogate,not_triggered,inventory_evidence_not_triggered,unknown
QSB-PLANCK-BRIDGE-RESONATOR-INDEPENDENT-LAG-VARIABLE-ADMISSIBILITY-EXECUTION-01,CAND-0139,piecewise_lag_surrogate,not_triggered,inventory_evidence_not_triggered,unknown
QSB-PLANCK-BRIDGE-RESONATOR-INDEPENDENT-LAG-VARIABLE-ADMISSIBILITY-EXECUTION-01,CAND-0139,symmetry_only_alias,not_triggered,inventory_evidence_not_triggered,unknown
QSB-PLANCK-BRIDGE-RESONATOR-INDEPENDENT-LAG-VARIABLE-ADMISSIBILITY-EXECUTION-01,CAND-0139,phase_response_abs_lag_alias,not_triggered,inventory_evidence_not_triggered,unknown
QSB-PLANCK-BRIDGE-RESONATOR-INDEPENDENT-LAG-VARIABLE-ADMISSIBILITY-EXECUTION-01,CAND-0139,unknown_alias_risk,triggered,alias_risk_level=unknown; value_series_status=not_available,unknown
QSB-PLANCK-BRIDGE-RESONATOR-INDEPENDENT-LAG-VARIABLE-ADMISSIBILITY-EXECUTION-01,CAND-0140,exact_lag_alias,not_triggered,inventory_evidence_not_triggered,high
QSB-PLANCK-BRIDGE-RESONATOR-INDEPENDENT-LAG-VARIABLE-ADMISSIBILITY-EXECUTION-01,CAND-0140,absolute_lag_alias,not_triggered,inventory_evidence_not_triggered,high
QSB-PLANCK-BRIDGE-RESONATOR-INDEPENDENT-LAG-VARIABLE-ADMISSIBILITY-EXECUTION-01,CAND-0140,pair_id_lookup_alias,not_triggered,inventory_evidence_not_triggered,high
QSB-PLANCK-BRIDGE-RESONATOR-INDEPENDENT-LAG-VARIABLE-ADMISSIBILITY-EXECUTION-01,CAND-0140,index_order_alias,not_triggered,inventory_evidence_not_triggered,high
QSB-PLANCK-BRIDGE-RESONATOR-INDEPENDENT-LAG-VARIABLE-ADMISSIBILITY-EXECUTION-01,CAND-0140,monotonic_lag_surrogate,not_triggered,inventory_evidence_not_triggered,high
QSB-PLANCK-BRIDGE-RESONATOR-INDEPENDENT-LAG-VARIABLE-ADMISSIBILITY-EXECUTION-01,CAND-0140,piecewise_lag_surrogate,not_triggered,inventory_evidence_not_triggered,high
QSB-PLANCK-BRIDGE-RESONATOR-INDEPENDENT-LAG-VARIABLE-ADMISSIBILITY-EXECUTION-01,CAND-0140,symmetry_only_alias,not_triggered,inventory_evidence_not_triggered,high
QSB-PLANCK-BRIDGE-RESONATOR-INDEPENDENT-LAG-VARIABLE-ADMISSIBILITY-EXECUTION-01,CAND-0140,phase_response_abs_lag_alias,not_triggered,inventory_evidence_not_triggered,high
QSB-PLANCK-BRIDGE-RESONATOR-INDEPENDENT-LAG-VARIABLE-ADMISSIBILITY-EXECUTION-01,CAND-0140,unknown_alias_risk,triggered,alias_risk_level=high; value_series_status=not_available,high
QSB-PLANCK-BRIDGE-RESONATOR-INDEPENDENT-LAG-VARIABLE-ADMISSIBILITY-EXECUTION-01,CAND-0141,exact_lag_alias,not_triggered,inventory_evidence_not_triggered,unknown
QSB-PLANCK-BRIDGE-RESONATOR-INDEPENDENT-LAG-VARIABLE-ADMISSIBILITY-EXECUTION-01,CAND-0141,absolute_lag_alias,not_triggered,inventory_evidence_not_triggered,unknown
QSB-PLANCK-BRIDGE-RESONATOR-INDEPENDENT-LAG-VARIABLE-ADMISSIBILITY-EXECUTION-01,CAND-0141,pair_id_lookup_alias,not_triggered,inventory_evidence_not_triggered,unknown
QSB-PLANCK-BRIDGE-RESONATOR-INDEPENDENT-LAG-VARIABLE-ADMISSIBILITY-EXECUTION-01,CAND-0141,index_order_alias,not_triggered,inventory_evidence_not_triggered,unknown
QSB-PLANCK-BRIDGE-RESONATOR-INDEPENDENT-LAG-VARIABLE-ADMISSIBILITY-EXECUTION-01,CAND-0141,monotonic_lag_surrogate,not_triggered,inventory_evidence_not_triggered,unknown
QSB-PLANCK-BRIDGE-RESONATOR-INDEPENDENT-LAG-VARIABLE-ADMISSIBILITY-EXECUTION-01,CAND-0141,piecewise_lag_surrogate,not_triggered,inventory_evidence_not_triggered,unknown
QSB-PLANCK-BRIDGE-RESONATOR-INDEPENDENT-LAG-VARIABLE-ADMISSIBILITY-EXECUTION-01,CAND-0141,symmetry_only_alias,not_triggered,inventory_evidence_not_triggered,unknown
QSB-PLANCK-BRIDGE-RESONATOR-INDEPENDENT-LAG-VARIABLE-ADMISSIBILITY-EXECUTION-01,CAND-0141,phase_response_abs_lag_alias,not_triggered,inventory_evidence_not_triggered,unknown
QSB-PLANCK-BRIDGE-RESONATOR-INDEPENDENT-LAG-VARIABLE-ADMISSIBILITY-EXECUTION-01,CAND-0141,unknown_alias_risk,triggered,alias_risk_level=unknown; value_series_status=not_available,unknown
QSB-PLANCK-BRIDGE-RESONATOR-INDEPENDENT-LAG-VARIABLE-ADMISSIBILITY-EXECUTION-01,CAND-0142,exact_lag_alias,not_triggered,inventory_evidence_not_triggered,unknown
QSB-PLANCK-BRIDGE-RESONATOR-INDEPENDENT-LAG-VARIABLE-ADMISSIBILITY-EXECUTION-01,CAND-0142,absolute_lag_alias,not_triggered,inventory_evidence_not_triggered,unknown
QSB-PLANCK-BRIDGE-RESONATOR-INDEPENDENT-LAG-VARIABLE-ADMISSIBILITY-EXECUTION-01,CAND-0142,pair_id_lookup_alias,not_triggered,inventory_evidence_not_triggered,unknown
QSB-PLANCK-BRIDGE-RESONATOR-INDEPENDENT-LAG-VARIABLE-ADMISSIBILITY-EXECUTION-01,CAND-0142,index_order_alias,not_triggered,inventory_evidence_not_triggered,unknown
QSB-PLANCK-BRIDGE-RESONATOR-INDEPENDENT-LAG-VARIABLE-ADMISSIBILITY-EXECUTION-01,CAND-0142,monotonic_lag_surrogate,not_triggered,inventory_evidence_not_triggered,unknown
QSB-PLANCK-BRIDGE-RESONATOR-INDEPENDENT-LAG-VARIABLE-ADMISSIBILITY-EXECUTION-01,CAND-0142,piecewise_lag_surrogate,not_triggered,inventory_evidence_not_triggered,unknown
QSB-PLANCK-BRIDGE-RESONATOR-INDEPENDENT-LAG-VARIABLE-ADMISSIBILITY-EXECUTION-01,CAND-0142,symmetry_only_alias,not_triggered,inventory_evidence_not_triggered,unknown
QSB-PLANCK-BRIDGE-RESONATOR-INDEPENDENT-LAG-VARIABLE-ADMISSIBILITY-EXECUTION-01,CAND-0142,phase_response_abs_lag_alias,not_triggered,inventory_evidence_not_triggered,unknown
QSB-PLANCK-BRIDGE-RESONATOR-INDEPENDENT-LAG-VARIABLE-ADMISSIBILITY-EXECUTION-01,CAND-0142,unknown_alias_risk,triggered,alias_risk_level=unknown; value_series_status=not_available,unknown
QSB-PLANCK-BRIDGE-RESONATOR-INDEPENDENT-LAG-VARIABLE-ADMISSIBILITY-EXECUTION-01,CAND-0143,exact_lag_alias,not_triggered,inventory_evidence_not_triggered,high
QSB-PLANCK-BRIDGE-RESONATOR-INDEPENDENT-LAG-VARIABLE-ADMISSIBILITY-EXECUTION-01,CAND-0143,absolute_lag_alias,not_triggered,inventory_evidence_not_triggered,high
QSB-PLANCK-BRIDGE-RESONATOR-INDEPENDENT-LAG-VARIABLE-ADMISSIBILITY-EXECUTION-01,CAND-0143,pair_id_lookup_alias,not_triggered,inventory_evidence_not_triggered,high
QSB-PLANCK-BRIDGE-RESONATOR-INDEPENDENT-LAG-VARIABLE-ADMISSIBILITY-EXECUTION-01,CAND-0143,index_order_alias,not_triggered,inventory_evidence_not_triggered,high
QSB-PLANCK-BRIDGE-RESONATOR-INDEPENDENT-LAG-VARIABLE-ADMISSIBILITY-EXECUTION-01,CAND-0143,monotonic_lag_surrogate,not_triggered,inventory_evidence_not_triggered,high
QSB-PLANCK-BRIDGE-RESONATOR-INDEPENDENT-LAG-VARIABLE-ADMISSIBILITY-EXECUTION-01,CAND-0143,piecewise_lag_surrogate,not_triggered,inventory_evidence_not_triggered,high
QSB-PLANCK-BRIDGE-RESONATOR-INDEPENDENT-LAG-VARIABLE-ADMISSIBILITY-EXECUTION-01,CAND-0143,symmetry_only_alias,not_triggered,inventory_evidence_not_triggered,high
QSB-PLANCK-BRIDGE-RESONATOR-INDEPENDENT-LAG-VARIABLE-ADMISSIBILITY-EXECUTION-01,CAND-0143,phase_response_abs_lag_alias,not_triggered,inventory_evidence_not_triggered,high
QSB-PLANCK-BRIDGE-RESONATOR-INDEPENDENT-LAG-VARIABLE-ADMISSIBILITY-EXECUTION-01,CAND-0143,unknown_alias_risk,triggered,alias_risk_level=high; value_series_status=not_available,high
QSB-PLANCK-BRIDGE-RESONATOR-INDEPENDENT-LAG-VARIABLE-ADMISSIBILITY-EXECUTION-01,CAND-0144,exact_lag_alias,not_triggered,inventory_evidence_not_triggered,unknown
QSB-PLANCK-BRIDGE-RESONATOR-INDEPENDENT-LAG-VARIABLE-ADMISSIBILITY-EXECUTION-01,CAND-0144,absolute_lag_alias,not_triggered,inventory_evidence_not_triggered,unknown
QSB-PLANCK-BRIDGE-RESONATOR-INDEPENDENT-LAG-VARIABLE-ADMISSIBILITY-EXECUTION-01,CAND-0144,pair_id_lookup_alias,not_triggered,inventory_evidence_not_triggered,unknown
QSB-PLANCK-BRIDGE-RESONATOR-INDEPENDENT-LAG-VARIABLE-ADMISSIBILITY-EXECUTION-01,CAND-0144,index_order_alias,not_triggered,inventory_evidence_not_triggered,unknown
QSB-PLANCK-BRIDGE-RESONATOR-INDEPENDENT-LAG-VARIABLE-ADMISSIBILITY-EXECUTION-01,CAND-0144,monotonic_lag_surrogate,not_triggered,inventory_evidence_not_triggered,unknown
QSB-PLANCK-BRIDGE-RESONATOR-INDEPENDENT-LAG-VARIABLE-ADMISSIBILITY-EXECUTION-01,CAND-0144,piecewise_lag_surrogate,not_triggered,inventory_evidence_not_triggered,unknown
QSB-PLANCK-BRIDGE-RESONATOR-INDEPENDENT-LAG-VARIABLE-ADMISSIBILITY-EXECUTION-01,CAND-0144,symmetry_only_alias,not_triggered,inventory_evidence_not_triggered,unknown
QSB-PLANCK-BRIDGE-RESONATOR-INDEPENDENT-LAG-VARIABLE-ADMISSIBILITY-EXECUTION-01,CAND-0144,phase_response_abs_lag_alias,not_triggered,inventory_evidence_not_triggered,unknown
QSB-PLANCK-BRIDGE-RESONATOR-INDEPENDENT-LAG-VARIABLE-ADMISSIBILITY-EXECUTION-01,CAND-0144,unknown_alias_risk,triggered,alias_risk_level=unknown; value_series_status=not_available,unknown
QSB-PLANCK-BRIDGE-RESONATOR-INDEPENDENT-LAG-VARIABLE-ADMISSIBILITY-EXECUTION-01,CAND-0145,exact_lag_alias,not_triggered,inventory_evidence_not_triggered,unknown
QSB-PLANCK-BRIDGE-RESONATOR-INDEPENDENT-LAG-VARIABLE-ADMISSIBILITY-EXECUTION-01,CAND-0145,absolute_lag_alias,not_triggered,inventory_evidence_not_triggered,unknown
QSB-PLANCK-BRIDGE-RESONATOR-INDEPENDENT-LAG-VARIABLE-ADMISSIBILITY-EXECUTION-01,CAND-0145,pair_id_lookup_alias,not_triggered,inventory_evidence_not_triggered,unknown
QSB-PLANCK-BRIDGE-RESONATOR-INDEPENDENT-LAG-VARIABLE-ADMISSIBILITY-EXECUTION-01,CAND-0145,index_order_alias,not_triggered,inventory_evidence_not_triggered,unknown
QSB-PLANCK-BRIDGE-RESONATOR-INDEPENDENT-LAG-VARIABLE-ADMISSIBILITY-EXECUTION-01,CAND-0145,monotonic_lag_surrogate,not_triggered,inventory_evidence_not_triggered,unknown
QSB-PLANCK-BRIDGE-RESONATOR-INDEPENDENT-LAG-VARIABLE-ADMISSIBILITY-EXECUTION-01,CAND-0145,piecewise_lag_surrogate,not_triggered,inventory_evidence_not_triggered,unknown
QSB-PLANCK-BRIDGE-RESONATOR-INDEPENDENT-LAG-VARIABLE-ADMISSIBILITY-EXECUTION-01,CAND-0145,symmetry_only_alias,not_triggered,inventory_evidence_not_triggered,unknown
QSB-PLANCK-BRIDGE-RESONATOR-INDEPENDENT-LAG-VARIABLE-ADMISSIBILITY-EXECUTION-01,CAND-0145,phase_response_abs_lag_alias,not_triggered,inventory_evidence_not_triggered,unknown
QSB-PLANCK-BRIDGE-RESONATOR-INDEPENDENT-LAG-VARIABLE-ADMISSIBILITY-EXECUTION-01,CAND-0145,unknown_alias_risk,triggered,alias_risk_level=unknown; value_series_status=not_available,unknown
QSB-PLANCK-BRIDGE-RESONATOR-INDEPENDENT-LAG-VARIABLE-ADMISSIBILITY-EXECUTION-01,CAND-0146,exact_lag_alias,not_triggered,inventory_evidence_not_triggered,unknown
QSB-PLANCK-BRIDGE-RESONATOR-INDEPENDENT-LAG-VARIABLE-ADMISSIBILITY-EXECUTION-01,CAND-0146,absolute_lag_alias,not_triggered,inventory_evidence_not_triggered,unknown
QSB-PLANCK-BRIDGE-RESONATOR-INDEPENDENT-LAG-VARIABLE-ADMISSIBILITY-EXECUTION-01,CAND-0146,pair_id_lookup_alias,not_triggered,inventory_evidence_not_triggered,unknown
QSB-PLANCK-BRIDGE-RESONATOR-INDEPENDENT-LAG-VARIABLE-ADMISSIBILITY-EXECUTION-01,CAND-0146,index_order_alias,not_triggered,inventory_evidence_not_triggered,unknown
QSB-PLANCK-BRIDGE-RESONATOR-INDEPENDENT-LAG-VARIABLE-ADMISSIBILITY-EXECUTION-01,CAND-0146,monotonic_lag_surrogate,not_triggered,inventory_evidence_not_triggered,unknown
QSB-PLANCK-BRIDGE-RESONATOR-INDEPENDENT-LAG-VARIABLE-ADMISSIBILITY-EXECUTION-01,CAND-0146,piecewise_lag_surrogate,not_triggered,inventory_evidence_not_triggered,unknown
QSB-PLANCK-BRIDGE-RESONATOR-INDEPENDENT-LAG-VARIABLE-ADMISSIBILITY-EXECUTION-01,CAND-0146,symmetry_only_alias,not_triggered,inventory_evidence_not_triggered,unknown
QSB-PLANCK-BRIDGE-RESONATOR-INDEPENDENT-LAG-VARIABLE-ADMISSIBILITY-EXECUTION-01,CAND-0146,phase_response_abs_lag_alias,not_triggered,inventory_evidence_not_triggered,unknown
QSB-PLANCK-BRIDGE-RESONATOR-INDEPENDENT-LAG-VARIABLE-ADMISSIBILITY-EXECUTION-01,CAND-0146,unknown_alias_risk,triggered,alias_risk_level=unknown; value_series_status=not_available,unknown
QSB-PLANCK-BRIDGE-RESONATOR-INDEPENDENT-LAG-VARIABLE-ADMISSIBILITY-EXECUTION-01,CAND-0147,exact_lag_alias,not_triggered,inventory_evidence_not_triggered,unknown
QSB-PLANCK-BRIDGE-RESONATOR-INDEPENDENT-LAG-VARIABLE-ADMISSIBILITY-EXECUTION-01,CAND-0147,absolute_lag_alias,not_triggered,inventory_evidence_not_triggered,unknown
QSB-PLANCK-BRIDGE-RESONATOR-INDEPENDENT-LAG-VARIABLE-ADMISSIBILITY-EXECUTION-01,CAND-0147,pair_id_lookup_alias,not_triggered,inventory_evidence_not_triggered,unknown
QSB-PLANCK-BRIDGE-RESONATOR-INDEPENDENT-LAG-VARIABLE-ADMISSIBILITY-EXECUTION-01,CAND-0147,index_order_alias,not_triggered,inventory_evidence_not_triggered,unknown
QSB-PLANCK-BRIDGE-RESONATOR-INDEPENDENT-LAG-VARIABLE-ADMISSIBILITY-EXECUTION-01,CAND-0147,monotonic_lag_surrogate,not_triggered,inventory_evidence_not_triggered,unknown
QSB-PLANCK-BRIDGE-RESONATOR-INDEPENDENT-LAG-VARIABLE-ADMISSIBILITY-EXECUTION-01,CAND-0147,piecewise_lag_surrogate,not_triggered,inventory_evidence_not_triggered,unknown
QSB-PLANCK-BRIDGE-RESONATOR-INDEPENDENT-LAG-VARIABLE-ADMISSIBILITY-EXECUTION-01,CAND-0147,symmetry_only_alias,not_triggered,inventory_evidence_not_triggered,unknown
QSB-PLANCK-BRIDGE-RESONATOR-INDEPENDENT-LAG-VARIABLE-ADMISSIBILITY-EXECUTION-01,CAND-0147,phase_response_abs_lag_alias,not_triggered,inventory_evidence_not_triggered,unknown
QSB-PLANCK-BRIDGE-RESONATOR-INDEPENDENT-LAG-VARIABLE-ADMISSIBILITY-EXECUTION-01,CAND-0147,unknown_alias_risk,triggered,alias_risk_level=unknown; value_series_status=not_available,unknown
QSB-PLANCK-BRIDGE-RESONATOR-INDEPENDENT-LAG-VARIABLE-ADMISSIBILITY-EXECUTION-01,CAND-0148,exact_lag_alias,not_triggered,inventory_evidence_not_triggered,unknown
QSB-PLANCK-BRIDGE-RESONATOR-INDEPENDENT-LAG-VARIABLE-ADMISSIBILITY-EXECUTION-01,CAND-0148,absolute_lag_alias,not_triggered,inventory_evidence_not_triggered,unknown
QSB-PLANCK-BRIDGE-RESONATOR-INDEPENDENT-LAG-VARIABLE-ADMISSIBILITY-EXECUTION-01,CAND-0148,pair_id_lookup_alias,not_triggered,inventory_evidence_not_triggered,unknown
QSB-PLANCK-BRIDGE-RESONATOR-INDEPENDENT-LAG-VARIABLE-ADMISSIBILITY-EXECUTION-01,CAND-0148,index_order_alias,not_triggered,inventory_evidence_not_triggered,unknown
QSB-PLANCK-BRIDGE-RESONATOR-INDEPENDENT-LAG-VARIABLE-ADMISSIBILITY-EXECUTION-01,CAND-0148,monotonic_lag_surrogate,not_triggered,inventory_evidence_not_triggered,unknown
QSB-PLANCK-BRIDGE-RESONATOR-INDEPENDENT-LAG-VARIABLE-ADMISSIBILITY-EXECUTION-01,CAND-0148,piecewise_lag_surrogate,not_triggered,inventory_evidence_not_triggered,unknown
QSB-PLANCK-BRIDGE-RESONATOR-INDEPENDENT-LAG-VARIABLE-ADMISSIBILITY-EXECUTION-01,CAND-0148,symmetry_only_alias,not_triggered,inventory_evidence_not_triggered,unknown
QSB-PLANCK-BRIDGE-RESONATOR-INDEPENDENT-LAG-VARIABLE-ADMISSIBILITY-EXECUTION-01,CAND-0148,phase_response_abs_lag_alias,not_triggered,inventory_evidence_not_triggered,unknown
QSB-PLANCK-BRIDGE-RESONATOR-INDEPENDENT-LAG-VARIABLE-ADMISSIBILITY-EXECUTION-01,CAND-0148,unknown_alias_risk,triggered,alias_risk_level=unknown; value_series_status=not_available,unknown
QSB-PLANCK-BRIDGE-RESONATOR-INDEPENDENT-LAG-VARIABLE-ADMISSIBILITY-EXECUTION-01,CAND-0149,exact_lag_alias,not_triggered,inventory_evidence_not_triggered,unknown
QSB-PLANCK-BRIDGE-RESONATOR-INDEPENDENT-LAG-VARIABLE-ADMISSIBILITY-EXECUTION-01,CAND-0149,absolute_lag_alias,not_triggered,inventory_evidence_not_triggered,unknown
QSB-PLANCK-BRIDGE-RESONATOR-INDEPENDENT-LAG-VARIABLE-ADMISSIBILITY-EXECUTION-01,CAND-0149,pair_id_lookup_alias,not_triggered,inventory_evidence_not_triggered,unknown
QSB-PLANCK-BRIDGE-RESONATOR-INDEPENDENT-LAG-VARIABLE-ADMISSIBILITY-EXECUTION-01,CAND-0149,index_order_alias,not_triggered,inventory_evidence_not_triggered,unknown
QSB-PLANCK-BRIDGE-RESONATOR-INDEPENDENT-LAG-VARIABLE-ADMISSIBILITY-EXECUTION-01,CAND-0149,monotonic_lag_surrogate,not_triggered,inventory_evidence_not_triggered,unknown
QSB-PLANCK-BRIDGE-RESONATOR-INDEPENDENT-LAG-VARIABLE-ADMISSIBILITY-EXECUTION-01,CAND-0149,piecewise_lag_surrogate,not_triggered,inventory_evidence_not_triggered,unknown
QSB-PLANCK-BRIDGE-RESONATOR-INDEPENDENT-LAG-VARIABLE-ADMISSIBILITY-EXECUTION-01,CAND-0149,symmetry_only_alias,not_triggered,inventory_evidence_not_triggered,unknown
QSB-PLANCK-BRIDGE-RESONATOR-INDEPENDENT-LAG-VARIABLE-ADMISSIBILITY-EXECUTION-01,CAND-0149,phase_response_abs_lag_alias,not_triggered,inventory_evidence_not_triggered,unknown
QSB-PLANCK-BRIDGE-RESONATOR-INDEPENDENT-LAG-VARIABLE-ADMISSIBILITY-EXECUTION-01,CAND-0149,unknown_alias_risk,triggered,alias_risk_level=unknown; value_series_status=not_available,unknown
QSB-PLANCK-BRIDGE-RESONATOR-INDEPENDENT-LAG-VARIABLE-ADMISSIBILITY-EXECUTION-01,CAND-0150,exact_lag_alias,not_triggered,inventory_evidence_not_triggered,unknown
QSB-PLANCK-BRIDGE-RESONATOR-INDEPENDENT-LAG-VARIABLE-ADMISSIBILITY-EXECUTION-01,CAND-0150,absolute_lag_alias,not_triggered,inventory_evidence_not_triggered,unknown
QSB-PLANCK-BRIDGE-RESONATOR-INDEPENDENT-LAG-VARIABLE-ADMISSIBILITY-EXECUTION-01,CAND-0150,pair_id_lookup_alias,not_triggered,inventory_evidence_not_triggered,unknown
QSB-PLANCK-BRIDGE-RESONATOR-INDEPENDENT-LAG-VARIABLE-ADMISSIBILITY-EXECUTION-01,CAND-0150,index_order_alias,not_triggered,inventory_evidence_not_triggered,unknown
QSB-PLANCK-BRIDGE-RESONATOR-INDEPENDENT-LAG-VARIABLE-ADMISSIBILITY-EXECUTION-01,CAND-0150,monotonic_lag_surrogate,not_triggered,inventory_evidence_not_triggered,unknown
QSB-PLANCK-BRIDGE-RESONATOR-INDEPENDENT-LAG-VARIABLE-ADMISSIBILITY-EXECUTION-01,CAND-0150,piecewise_lag_surrogate,not_triggered,inventory_evidence_not_triggered,unknown
QSB-PLANCK-BRIDGE-RESONATOR-INDEPENDENT-LAG-VARIABLE-ADMISSIBILITY-EXECUTION-01,CAND-0150,symmetry_only_alias,not_triggered,inventory_evidence_not_triggered,unknown
QSB-PLANCK-BRIDGE-RESONATOR-INDEPENDENT-LAG-VARIABLE-ADMISSIBILITY-EXECUTION-01,CAND-0150,phase_response_abs_lag_alias,not_triggered,inventory_evidence_not_triggered,unknown
QSB-PLANCK-BRIDGE-RESONATOR-INDEPENDENT-LAG-VARIABLE-ADMISSIBILITY-EXECUTION-01,CAND-0150,unknown_alias_risk,triggered,alias_risk_level=unknown; value_series_status=not_available,unknown
QSB-PLANCK-BRIDGE-RESONATOR-INDEPENDENT-LAG-VARIABLE-ADMISSIBILITY-EXECUTION-01,CAND-0151,exact_lag_alias,not_triggered,inventory_evidence_not_triggered,unknown
QSB-PLANCK-BRIDGE-RESONATOR-INDEPENDENT-LAG-VARIABLE-ADMISSIBILITY-EXECUTION-01,CAND-0151,absolute_lag_alias,not_triggered,inventory_evidence_not_triggered,unknown
QSB-PLANCK-BRIDGE-RESONATOR-INDEPENDENT-LAG-VARIABLE-ADMISSIBILITY-EXECUTION-01,CAND-0151,pair_id_lookup_alias,not_triggered,inventory_evidence_not_triggered,unknown
QSB-PLANCK-BRIDGE-RESONATOR-INDEPENDENT-LAG-VARIABLE-ADMISSIBILITY-EXECUTION-01,CAND-0151,index_order_alias,not_triggered,inventory_evidence_not_triggered,unknown
QSB-PLANCK-BRIDGE-RESONATOR-INDEPENDENT-LAG-VARIABLE-ADMISSIBILITY-EXECUTION-01,CAND-0151,monotonic_lag_surrogate,not_triggered,inventory_evidence_not_triggered,unknown
QSB-PLANCK-BRIDGE-RESONATOR-INDEPENDENT-LAG-VARIABLE-ADMISSIBILITY-EXECUTION-01,CAND-0151,piecewise_lag_surrogate,not_triggered,inventory_evidence_not_triggered,unknown
QSB-PLANCK-BRIDGE-RESONATOR-INDEPENDENT-LAG-VARIABLE-ADMISSIBILITY-EXECUTION-01,CAND-0151,symmetry_only_alias,not_triggered,inventory_evidence_not_triggered,unknown
QSB-PLANCK-BRIDGE-RESONATOR-INDEPENDENT-LAG-VARIABLE-ADMISSIBILITY-EXECUTION-01,CAND-0151,phase_response_abs_lag_alias,not_triggered,inventory_evidence_not_triggered,unknown
QSB-PLANCK-BRIDGE-RESONATOR-INDEPENDENT-LAG-VARIABLE-ADMISSIBILITY-EXECUTION-01,CAND-0151,unknown_alias_risk,triggered,alias_risk_level=unknown; value_series_status=not_available,unknown
QSB-PLANCK-BRIDGE-RESONATOR-INDEPENDENT-LAG-VARIABLE-ADMISSIBILITY-EXECUTION-01,CAND-0152,exact_lag_alias,not_triggered,inventory_evidence_not_triggered,unknown
QSB-PLANCK-BRIDGE-RESONATOR-INDEPENDENT-LAG-VARIABLE-ADMISSIBILITY-EXECUTION-01,CAND-0152,absolute_lag_alias,not_triggered,inventory_evidence_not_triggered,unknown
QSB-PLANCK-BRIDGE-RESONATOR-INDEPENDENT-LAG-VARIABLE-ADMISSIBILITY-EXECUTION-01,CAND-0152,pair_id_lookup_alias,not_triggered,inventory_evidence_not_triggered,unknown
QSB-PLANCK-BRIDGE-RESONATOR-INDEPENDENT-LAG-VARIABLE-ADMISSIBILITY-EXECUTION-01,CAND-0152,index_order_alias,not_triggered,inventory_evidence_not_triggered,unknown
QSB-PLANCK-BRIDGE-RESONATOR-INDEPENDENT-LAG-VARIABLE-ADMISSIBILITY-EXECUTION-01,CAND-0152,monotonic_lag_surrogate,not_triggered,inventory_evidence_not_triggered,unknown
QSB-PLANCK-BRIDGE-RESONATOR-INDEPENDENT-LAG-VARIABLE-ADMISSIBILITY-EXECUTION-01,CAND-0152,piecewise_lag_surrogate,not_triggered,inventory_evidence_not_triggered,unknown
QSB-PLANCK-BRIDGE-RESONATOR-INDEPENDENT-LAG-VARIABLE-ADMISSIBILITY-EXECUTION-01,CAND-0152,symmetry_only_alias,not_triggered,inventory_evidence_not_triggered,unknown
QSB-PLANCK-BRIDGE-RESONATOR-INDEPENDENT-LAG-VARIABLE-ADMISSIBILITY-EXECUTION-01,CAND-0152,phase_response_abs_lag_alias,not_triggered,inventory_evidence_not_triggered,unknown
QSB-PLANCK-BRIDGE-RESONATOR-INDEPENDENT-LAG-VARIABLE-ADMISSIBILITY-EXECUTION-01,CAND-0152,unknown_alias_risk,triggered,alias_risk_level=unknown; value_series_status=not_available,unknown
QSB-PLANCK-BRIDGE-RESONATOR-INDEPENDENT-LAG-VARIABLE-ADMISSIBILITY-EXECUTION-01,CAND-0153,exact_lag_alias,not_triggered,inventory_evidence_not_triggered,unknown
QSB-PLANCK-BRIDGE-RESONATOR-INDEPENDENT-LAG-VARIABLE-ADMISSIBILITY-EXECUTION-01,CAND-0153,absolute_lag_alias,not_triggered,inventory_evidence_not_triggered,unknown
QSB-PLANCK-BRIDGE-RESONATOR-INDEPENDENT-LAG-VARIABLE-ADMISSIBILITY-EXECUTION-01,CAND-0153,pair_id_lookup_alias,not_triggered,inventory_evidence_not_triggered,unknown
QSB-PLANCK-BRIDGE-RESONATOR-INDEPENDENT-LAG-VARIABLE-ADMISSIBILITY-EXECUTION-01,CAND-0153,index_order_alias,not_triggered,inventory_evidence_not_triggered,unknown
QSB-PLANCK-BRIDGE-RESONATOR-INDEPENDENT-LAG-VARIABLE-ADMISSIBILITY-EXECUTION-01,CAND-0153,monotonic_lag_surrogate,not_triggered,inventory_evidence_not_triggered,unknown
QSB-PLANCK-BRIDGE-RESONATOR-INDEPENDENT-LAG-VARIABLE-ADMISSIBILITY-EXECUTION-01,CAND-0153,piecewise_lag_surrogate,not_triggered,inventory_evidence_not_triggered,unknown
QSB-PLANCK-BRIDGE-RESONATOR-INDEPENDENT-LAG-VARIABLE-ADMISSIBILITY-EXECUTION-01,CAND-0153,symmetry_only_alias,not_triggered,inventory_evidence_not_triggered,unknown
QSB-PLANCK-BRIDGE-RESONATOR-INDEPENDENT-LAG-VARIABLE-ADMISSIBILITY-EXECUTION-01,CAND-0153,phase_response_abs_lag_alias,not_triggered,inventory_evidence_not_triggered,unknown
QSB-PLANCK-BRIDGE-RESONATOR-INDEPENDENT-LAG-VARIABLE-ADMISSIBILITY-EXECUTION-01,CAND-0153,unknown_alias_risk,triggered,alias_risk_level=unknown; value_series_status=not_available,unknown
QSB-PLANCK-BRIDGE-RESONATOR-INDEPENDENT-LAG-VARIABLE-ADMISSIBILITY-EXECUTION-01,CAND-0154,exact_lag_alias,not_triggered,inventory_evidence_not_triggered,unknown
QSB-PLANCK-BRIDGE-RESONATOR-INDEPENDENT-LAG-VARIABLE-ADMISSIBILITY-EXECUTION-01,CAND-0154,absolute_lag_alias,not_triggered,inventory_evidence_not_triggered,unknown
QSB-PLANCK-BRIDGE-RESONATOR-INDEPENDENT-LAG-VARIABLE-ADMISSIBILITY-EXECUTION-01,CAND-0154,pair_id_lookup_alias,not_triggered,inventory_evidence_not_triggered,unknown
QSB-PLANCK-BRIDGE-RESONATOR-INDEPENDENT-LAG-VARIABLE-ADMISSIBILITY-EXECUTION-01,CAND-0154,index_order_alias,not_triggered,inventory_evidence_not_triggered,unknown
QSB-PLANCK-BRIDGE-RESONATOR-INDEPENDENT-LAG-VARIABLE-ADMISSIBILITY-EXECUTION-01,CAND-0154,monotonic_lag_surrogate,not_triggered,inventory_evidence_not_triggered,unknown
QSB-PLANCK-BRIDGE-RESONATOR-INDEPENDENT-LAG-VARIABLE-ADMISSIBILITY-EXECUTION-01,CAND-0154,piecewise_lag_surrogate,not_triggered,inventory_evidence_not_triggered,unknown
QSB-PLANCK-BRIDGE-RESONATOR-INDEPENDENT-LAG-VARIABLE-ADMISSIBILITY-EXECUTION-01,CAND-0154,symmetry_only_alias,not_triggered,inventory_evidence_not_triggered,unknown
QSB-PLANCK-BRIDGE-RESONATOR-INDEPENDENT-LAG-VARIABLE-ADMISSIBILITY-EXECUTION-01,CAND-0154,phase_response_abs_lag_alias,not_triggered,inventory_evidence_not_triggered,unknown
QSB-PLANCK-BRIDGE-RESONATOR-INDEPENDENT-LAG-VARIABLE-ADMISSIBILITY-EXECUTION-01,CAND-0154,unknown_alias_risk,triggered,alias_risk_level=unknown; value_series_status=not_available,unknown
QSB-PLANCK-BRIDGE-RESONATOR-INDEPENDENT-LAG-VARIABLE-ADMISSIBILITY-EXECUTION-01,CAND-0155,exact_lag_alias,not_triggered,inventory_evidence_not_triggered,unknown
QSB-PLANCK-BRIDGE-RESONATOR-INDEPENDENT-LAG-VARIABLE-ADMISSIBILITY-EXECUTION-01,CAND-0155,absolute_lag_alias,not_triggered,inventory_evidence_not_triggered,unknown
QSB-PLANCK-BRIDGE-RESONATOR-INDEPENDENT-LAG-VARIABLE-ADMISSIBILITY-EXECUTION-01,CAND-0155,pair_id_lookup_alias,not_triggered,inventory_evidence_not_triggered,unknown
QSB-PLANCK-BRIDGE-RESONATOR-INDEPENDENT-LAG-VARIABLE-ADMISSIBILITY-EXECUTION-01,CAND-0155,index_order_alias,not_triggered,inventory_evidence_not_triggered,unknown
QSB-PLANCK-BRIDGE-RESONATOR-INDEPENDENT-LAG-VARIABLE-ADMISSIBILITY-EXECUTION-01,CAND-0155,monotonic_lag_surrogate,not_triggered,inventory_evidence_not_triggered,unknown
QSB-PLANCK-BRIDGE-RESONATOR-INDEPENDENT-LAG-VARIABLE-ADMISSIBILITY-EXECUTION-01,CAND-0155,piecewise_lag_surrogate,not_triggered,inventory_evidence_not_triggered,unknown
QSB-PLANCK-BRIDGE-RESONATOR-INDEPENDENT-LAG-VARIABLE-ADMISSIBILITY-EXECUTION-01,CAND-0155,symmetry_only_alias,not_triggered,inventory_evidence_not_triggered,unknown
QSB-PLANCK-BRIDGE-RESONATOR-INDEPENDENT-LAG-VARIABLE-ADMISSIBILITY-EXECUTION-01,CAND-0155,phase_response_abs_lag_alias,not_triggered,inventory_evidence_not_triggered,unknown
QSB-PLANCK-BRIDGE-RESONATOR-INDEPENDENT-LAG-VARIABLE-ADMISSIBILITY-EXECUTION-01,CAND-0155,unknown_alias_risk,triggered,alias_risk_level=unknown; value_series_status=not_available,unknown
QSB-PLANCK-BRIDGE-RESONATOR-INDEPENDENT-LAG-VARIABLE-ADMISSIBILITY-EXECUTION-01,CAND-0156,exact_lag_alias,not_triggered,inventory_evidence_not_triggered,unknown
QSB-PLANCK-BRIDGE-RESONATOR-INDEPENDENT-LAG-VARIABLE-ADMISSIBILITY-EXECUTION-01,CAND-0156,absolute_lag_alias,not_triggered,inventory_evidence_not_triggered,unknown
QSB-PLANCK-BRIDGE-RESONATOR-INDEPENDENT-LAG-VARIABLE-ADMISSIBILITY-EXECUTION-01,CAND-0156,pair_id_lookup_alias,not_triggered,inventory_evidence_not_triggered,unknown
QSB-PLANCK-BRIDGE-RESONATOR-INDEPENDENT-LAG-VARIABLE-ADMISSIBILITY-EXECUTION-01,CAND-0156,index_order_alias,not_triggered,inventory_evidence_not_triggered,unknown
QSB-PLANCK-BRIDGE-RESONATOR-INDEPENDENT-LAG-VARIABLE-ADMISSIBILITY-EXECUTION-01,CAND-0156,monotonic_lag_surrogate,not_triggered,inventory_evidence_not_triggered,unknown
QSB-PLANCK-BRIDGE-RESONATOR-INDEPENDENT-LAG-VARIABLE-ADMISSIBILITY-EXECUTION-01,CAND-0156,piecewise_lag_surrogate,not_triggered,inventory_evidence_not_triggered,unknown
QSB-PLANCK-BRIDGE-RESONATOR-INDEPENDENT-LAG-VARIABLE-ADMISSIBILITY-EXECUTION-01,CAND-0156,symmetry_only_alias,not_triggered,inventory_evidence_not_triggered,unknown
QSB-PLANCK-BRIDGE-RESONATOR-INDEPENDENT-LAG-VARIABLE-ADMISSIBILITY-EXECUTION-01,CAND-0156,phase_response_abs_lag_alias,not_triggered,inventory_evidence_not_triggered,unknown
QSB-PLANCK-BRIDGE-RESONATOR-INDEPENDENT-LAG-VARIABLE-ADMISSIBILITY-EXECUTION-01,CAND-0156,unknown_alias_risk,triggered,alias_risk_level=unknown; value_series_status=not_available,unknown
QSB-PLANCK-BRIDGE-RESONATOR-INDEPENDENT-LAG-VARIABLE-ADMISSIBILITY-EXECUTION-01,CAND-0157,exact_lag_alias,not_triggered,inventory_evidence_not_triggered,unknown
QSB-PLANCK-BRIDGE-RESONATOR-INDEPENDENT-LAG-VARIABLE-ADMISSIBILITY-EXECUTION-01,CAND-0157,absolute_lag_alias,not_triggered,inventory_evidence_not_triggered,unknown
QSB-PLANCK-BRIDGE-RESONATOR-INDEPENDENT-LAG-VARIABLE-ADMISSIBILITY-EXECUTION-01,CAND-0157,pair_id_lookup_alias,not_triggered,inventory_evidence_not_triggered,unknown
QSB-PLANCK-BRIDGE-RESONATOR-INDEPENDENT-LAG-VARIABLE-ADMISSIBILITY-EXECUTION-01,CAND-0157,index_order_alias,not_triggered,inventory_evidence_not_triggered,unknown
QSB-PLANCK-BRIDGE-RESONATOR-INDEPENDENT-LAG-VARIABLE-ADMISSIBILITY-EXECUTION-01,CAND-0157,monotonic_lag_surrogate,not_triggered,inventory_evidence_not_triggered,unknown
QSB-PLANCK-BRIDGE-RESONATOR-INDEPENDENT-LAG-VARIABLE-ADMISSIBILITY-EXECUTION-01,CAND-0157,piecewise_lag_surrogate,not_triggered,inventory_evidence_not_triggered,unknown
QSB-PLANCK-BRIDGE-RESONATOR-INDEPENDENT-LAG-VARIABLE-ADMISSIBILITY-EXECUTION-01,CAND-0157,symmetry_only_alias,not_triggered,inventory_evidence_not_triggered,unknown
QSB-PLANCK-BRIDGE-RESONATOR-INDEPENDENT-LAG-VARIABLE-ADMISSIBILITY-EXECUTION-01,CAND-0157,phase_response_abs_lag_alias,not_triggered,inventory_evidence_not_triggered,unknown
QSB-PLANCK-BRIDGE-RESONATOR-INDEPENDENT-LAG-VARIABLE-ADMISSIBILITY-EXECUTION-01,CAND-0157,unknown_alias_risk,triggered,alias_risk_level=unknown; value_series_status=not_available,unknown
QSB-PLANCK-BRIDGE-RESONATOR-INDEPENDENT-LAG-VARIABLE-ADMISSIBILITY-EXECUTION-01,CAND-0158,exact_lag_alias,not_triggered,inventory_evidence_not_triggered,unknown
QSB-PLANCK-BRIDGE-RESONATOR-INDEPENDENT-LAG-VARIABLE-ADMISSIBILITY-EXECUTION-01,CAND-0158,absolute_lag_alias,not_triggered,inventory_evidence_not_triggered,unknown
QSB-PLANCK-BRIDGE-RESONATOR-INDEPENDENT-LAG-VARIABLE-ADMISSIBILITY-EXECUTION-01,CAND-0158,pair_id_lookup_alias,not_triggered,inventory_evidence_not_triggered,unknown
QSB-PLANCK-BRIDGE-RESONATOR-INDEPENDENT-LAG-VARIABLE-ADMISSIBILITY-EXECUTION-01,CAND-0158,index_order_alias,not_triggered,inventory_evidence_not_triggered,unknown
QSB-PLANCK-BRIDGE-RESONATOR-INDEPENDENT-LAG-VARIABLE-ADMISSIBILITY-EXECUTION-01,CAND-0158,monotonic_lag_surrogate,not_triggered,inventory_evidence_not_triggered,unknown
QSB-PLANCK-BRIDGE-RESONATOR-INDEPENDENT-LAG-VARIABLE-ADMISSIBILITY-EXECUTION-01,CAND-0158,piecewise_lag_surrogate,not_triggered,inventory_evidence_not_triggered,unknown
QSB-PLANCK-BRIDGE-RESONATOR-INDEPENDENT-LAG-VARIABLE-ADMISSIBILITY-EXECUTION-01,CAND-0158,symmetry_only_alias,not_triggered,inventory_evidence_not_triggered,unknown
QSB-PLANCK-BRIDGE-RESONATOR-INDEPENDENT-LAG-VARIABLE-ADMISSIBILITY-EXECUTION-01,CAND-0158,phase_response_abs_lag_alias,not_triggered,inventory_evidence_not_triggered,unknown
QSB-PLANCK-BRIDGE-RESONATOR-INDEPENDENT-LAG-VARIABLE-ADMISSIBILITY-EXECUTION-01,CAND-0158,unknown_alias_risk,triggered,alias_risk_level=unknown; value_series_status=not_available,unknown
QSB-PLANCK-BRIDGE-RESONATOR-INDEPENDENT-LAG-VARIABLE-ADMISSIBILITY-EXECUTION-01,CAND-0159,exact_lag_alias,not_triggered,inventory_evidence_not_triggered,unknown
QSB-PLANCK-BRIDGE-RESONATOR-INDEPENDENT-LAG-VARIABLE-ADMISSIBILITY-EXECUTION-01,CAND-0159,absolute_lag_alias,not_triggered,inventory_evidence_not_triggered,unknown
QSB-PLANCK-BRIDGE-RESONATOR-INDEPENDENT-LAG-VARIABLE-ADMISSIBILITY-EXECUTION-01,CAND-0159,pair_id_lookup_alias,not_triggered,inventory_evidence_not_triggered,unknown
QSB-PLANCK-BRIDGE-RESONATOR-INDEPENDENT-LAG-VARIABLE-ADMISSIBILITY-EXECUTION-01,CAND-0159,index_order_alias,not_triggered,inventory_evidence_not_triggered,unknown
QSB-PLANCK-BRIDGE-RESONATOR-INDEPENDENT-LAG-VARIABLE-ADMISSIBILITY-EXECUTION-01,CAND-0159,monotonic_lag_surrogate,not_triggered,inventory_evidence_not_triggered,unknown
QSB-PLANCK-BRIDGE-RESONATOR-INDEPENDENT-LAG-VARIABLE-ADMISSIBILITY-EXECUTION-01,CAND-0159,piecewise_lag_surrogate,not_triggered,inventory_evidence_not_triggered,unknown
QSB-PLANCK-BRIDGE-RESONATOR-INDEPENDENT-LAG-VARIABLE-ADMISSIBILITY-EXECUTION-01,CAND-0159,symmetry_only_alias,not_triggered,inventory_evidence_not_triggered,unknown
QSB-PLANCK-BRIDGE-RESONATOR-INDEPENDENT-LAG-VARIABLE-ADMISSIBILITY-EXECUTION-01,CAND-0159,phase_response_abs_lag_alias,not_triggered,inventory_evidence_not_triggered,unknown
QSB-PLANCK-BRIDGE-RESONATOR-INDEPENDENT-LAG-VARIABLE-ADMISSIBILITY-EXECUTION-01,CAND-0159,unknown_alias_risk,triggered,alias_risk_level=unknown; value_series_status=not_available,unknown
QSB-PLANCK-BRIDGE-RESONATOR-INDEPENDENT-LAG-VARIABLE-ADMISSIBILITY-EXECUTION-01,CAND-0160,exact_lag_alias,not_triggered,inventory_evidence_not_triggered,unknown
QSB-PLANCK-BRIDGE-RESONATOR-INDEPENDENT-LAG-VARIABLE-ADMISSIBILITY-EXECUTION-01,CAND-0160,absolute_lag_alias,not_triggered,inventory_evidence_not_triggered,unknown
QSB-PLANCK-BRIDGE-RESONATOR-INDEPENDENT-LAG-VARIABLE-ADMISSIBILITY-EXECUTION-01,CAND-0160,pair_id_lookup_alias,not_triggered,inventory_evidence_not_triggered,unknown
QSB-PLANCK-BRIDGE-RESONATOR-INDEPENDENT-LAG-VARIABLE-ADMISSIBILITY-EXECUTION-01,CAND-0160,index_order_alias,not_triggered,inventory_evidence_not_triggered,unknown
QSB-PLANCK-BRIDGE-RESONATOR-INDEPENDENT-LAG-VARIABLE-ADMISSIBILITY-EXECUTION-01,CAND-0160,monotonic_lag_surrogate,not_triggered,inventory_evidence_not_triggered,unknown
QSB-PLANCK-BRIDGE-RESONATOR-INDEPENDENT-LAG-VARIABLE-ADMISSIBILITY-EXECUTION-01,CAND-0160,piecewise_lag_surrogate,not_triggered,inventory_evidence_not_triggered,unknown
QSB-PLANCK-BRIDGE-RESONATOR-INDEPENDENT-LAG-VARIABLE-ADMISSIBILITY-EXECUTION-01,CAND-0160,symmetry_only_alias,not_triggered,inventory_evidence_not_triggered,unknown
QSB-PLANCK-BRIDGE-RESONATOR-INDEPENDENT-LAG-VARIABLE-ADMISSIBILITY-EXECUTION-01,CAND-0160,phase_response_abs_lag_alias,not_triggered,inventory_evidence_not_triggered,unknown
QSB-PLANCK-BRIDGE-RESONATOR-INDEPENDENT-LAG-VARIABLE-ADMISSIBILITY-EXECUTION-01,CAND-0160,unknown_alias_risk,triggered,alias_risk_level=unknown; value_series_status=not_available,unknown
QSB-PLANCK-BRIDGE-RESONATOR-INDEPENDENT-LAG-VARIABLE-ADMISSIBILITY-EXECUTION-01,CAND-0161,exact_lag_alias,not_triggered,inventory_evidence_not_triggered,unknown
QSB-PLANCK-BRIDGE-RESONATOR-INDEPENDENT-LAG-VARIABLE-ADMISSIBILITY-EXECUTION-01,CAND-0161,absolute_lag_alias,not_triggered,inventory_evidence_not_triggered,unknown
QSB-PLANCK-BRIDGE-RESONATOR-INDEPENDENT-LAG-VARIABLE-ADMISSIBILITY-EXECUTION-01,CAND-0161,pair_id_lookup_alias,not_triggered,inventory_evidence_not_triggered,unknown
QSB-PLANCK-BRIDGE-RESONATOR-INDEPENDENT-LAG-VARIABLE-ADMISSIBILITY-EXECUTION-01,CAND-0161,index_order_alias,not_triggered,inventory_evidence_not_triggered,unknown
QSB-PLANCK-BRIDGE-RESONATOR-INDEPENDENT-LAG-VARIABLE-ADMISSIBILITY-EXECUTION-01,CAND-0161,monotonic_lag_surrogate,not_triggered,inventory_evidence_not_triggered,unknown
QSB-PLANCK-BRIDGE-RESONATOR-INDEPENDENT-LAG-VARIABLE-ADMISSIBILITY-EXECUTION-01,CAND-0161,piecewise_lag_surrogate,not_triggered,inventory_evidence_not_triggered,unknown
QSB-PLANCK-BRIDGE-RESONATOR-INDEPENDENT-LAG-VARIABLE-ADMISSIBILITY-EXECUTION-01,CAND-0161,symmetry_only_alias,not_triggered,inventory_evidence_not_triggered,unknown
QSB-PLANCK-BRIDGE-RESONATOR-INDEPENDENT-LAG-VARIABLE-ADMISSIBILITY-EXECUTION-01,CAND-0161,phase_response_abs_lag_alias,not_triggered,inventory_evidence_not_triggered,unknown
QSB-PLANCK-BRIDGE-RESONATOR-INDEPENDENT-LAG-VARIABLE-ADMISSIBILITY-EXECUTION-01,CAND-0161,unknown_alias_risk,triggered,alias_risk_level=unknown; value_series_status=not_available,unknown
QSB-PLANCK-BRIDGE-RESONATOR-INDEPENDENT-LAG-VARIABLE-ADMISSIBILITY-EXECUTION-01,CAND-0162,exact_lag_alias,not_triggered,inventory_evidence_not_triggered,unknown
QSB-PLANCK-BRIDGE-RESONATOR-INDEPENDENT-LAG-VARIABLE-ADMISSIBILITY-EXECUTION-01,CAND-0162,absolute_lag_alias,not_triggered,inventory_evidence_not_triggered,unknown
QSB-PLANCK-BRIDGE-RESONATOR-INDEPENDENT-LAG-VARIABLE-ADMISSIBILITY-EXECUTION-01,CAND-0162,pair_id_lookup_alias,not_triggered,inventory_evidence_not_triggered,unknown
QSB-PLANCK-BRIDGE-RESONATOR-INDEPENDENT-LAG-VARIABLE-ADMISSIBILITY-EXECUTION-01,CAND-0162,index_order_alias,not_triggered,inventory_evidence_not_triggered,unknown
QSB-PLANCK-BRIDGE-RESONATOR-INDEPENDENT-LAG-VARIABLE-ADMISSIBILITY-EXECUTION-01,CAND-0162,monotonic_lag_surrogate,not_triggered,inventory_evidence_not_triggered,unknown
QSB-PLANCK-BRIDGE-RESONATOR-INDEPENDENT-LAG-VARIABLE-ADMISSIBILITY-EXECUTION-01,CAND-0162,piecewise_lag_surrogate,not_triggered,inventory_evidence_not_triggered,unknown
QSB-PLANCK-BRIDGE-RESONATOR-INDEPENDENT-LAG-VARIABLE-ADMISSIBILITY-EXECUTION-01,CAND-0162,symmetry_only_alias,not_triggered,inventory_evidence_not_triggered,unknown
QSB-PLANCK-BRIDGE-RESONATOR-INDEPENDENT-LAG-VARIABLE-ADMISSIBILITY-EXECUTION-01,CAND-0162,phase_response_abs_lag_alias,not_triggered,inventory_evidence_not_triggered,unknown
QSB-PLANCK-BRIDGE-RESONATOR-INDEPENDENT-LAG-VARIABLE-ADMISSIBILITY-EXECUTION-01,CAND-0162,unknown_alias_risk,triggered,alias_risk_level=unknown; value_series_status=not_available,unknown
QSB-PLANCK-BRIDGE-RESONATOR-INDEPENDENT-LAG-VARIABLE-ADMISSIBILITY-EXECUTION-01,CAND-0163,exact_lag_alias,not_triggered,inventory_evidence_not_triggered,unknown
QSB-PLANCK-BRIDGE-RESONATOR-INDEPENDENT-LAG-VARIABLE-ADMISSIBILITY-EXECUTION-01,CAND-0163,absolute_lag_alias,not_triggered,inventory_evidence_not_triggered,unknown
QSB-PLANCK-BRIDGE-RESONATOR-INDEPENDENT-LAG-VARIABLE-ADMISSIBILITY-EXECUTION-01,CAND-0163,pair_id_lookup_alias,not_triggered,inventory_evidence_not_triggered,unknown
QSB-PLANCK-BRIDGE-RESONATOR-INDEPENDENT-LAG-VARIABLE-ADMISSIBILITY-EXECUTION-01,CAND-0163,index_order_alias,not_triggered,inventory_evidence_not_triggered,unknown
QSB-PLANCK-BRIDGE-RESONATOR-INDEPENDENT-LAG-VARIABLE-ADMISSIBILITY-EXECUTION-01,CAND-0163,monotonic_lag_surrogate,not_triggered,inventory_evidence_not_triggered,unknown
QSB-PLANCK-BRIDGE-RESONATOR-INDEPENDENT-LAG-VARIABLE-ADMISSIBILITY-EXECUTION-01,CAND-0163,piecewise_lag_surrogate,not_triggered,inventory_evidence_not_triggered,unknown
QSB-PLANCK-BRIDGE-RESONATOR-INDEPENDENT-LAG-VARIABLE-ADMISSIBILITY-EXECUTION-01,CAND-0163,symmetry_only_alias,not_triggered,inventory_evidence_not_triggered,unknown
QSB-PLANCK-BRIDGE-RESONATOR-INDEPENDENT-LAG-VARIABLE-ADMISSIBILITY-EXECUTION-01,CAND-0163,phase_response_abs_lag_alias,not_triggered,inventory_evidence_not_triggered,unknown
QSB-PLANCK-BRIDGE-RESONATOR-INDEPENDENT-LAG-VARIABLE-ADMISSIBILITY-EXECUTION-01,CAND-0163,unknown_alias_risk,triggered,alias_risk_level=unknown; value_series_status=not_available,unknown
QSB-PLANCK-BRIDGE-RESONATOR-INDEPENDENT-LAG-VARIABLE-ADMISSIBILITY-EXECUTION-01,CAND-0164,exact_lag_alias,not_triggered,inventory_evidence_not_triggered,unknown
QSB-PLANCK-BRIDGE-RESONATOR-INDEPENDENT-LAG-VARIABLE-ADMISSIBILITY-EXECUTION-01,CAND-0164,absolute_lag_alias,not_triggered,inventory_evidence_not_triggered,unknown
QSB-PLANCK-BRIDGE-RESONATOR-INDEPENDENT-LAG-VARIABLE-ADMISSIBILITY-EXECUTION-01,CAND-0164,pair_id_lookup_alias,not_triggered,inventory_evidence_not_triggered,unknown
QSB-PLANCK-BRIDGE-RESONATOR-INDEPENDENT-LAG-VARIABLE-ADMISSIBILITY-EXECUTION-01,CAND-0164,index_order_alias,not_triggered,inventory_evidence_not_triggered,unknown
QSB-PLANCK-BRIDGE-RESONATOR-INDEPENDENT-LAG-VARIABLE-ADMISSIBILITY-EXECUTION-01,CAND-0164,monotonic_lag_surrogate,not_triggered,inventory_evidence_not_triggered,unknown
QSB-PLANCK-BRIDGE-RESONATOR-INDEPENDENT-LAG-VARIABLE-ADMISSIBILITY-EXECUTION-01,CAND-0164,piecewise_lag_surrogate,not_triggered,inventory_evidence_not_triggered,unknown
QSB-PLANCK-BRIDGE-RESONATOR-INDEPENDENT-LAG-VARIABLE-ADMISSIBILITY-EXECUTION-01,CAND-0164,symmetry_only_alias,not_triggered,inventory_evidence_not_triggered,unknown
QSB-PLANCK-BRIDGE-RESONATOR-INDEPENDENT-LAG-VARIABLE-ADMISSIBILITY-EXECUTION-01,CAND-0164,phase_response_abs_lag_alias,not_triggered,inventory_evidence_not_triggered,unknown
QSB-PLANCK-BRIDGE-RESONATOR-INDEPENDENT-LAG-VARIABLE-ADMISSIBILITY-EXECUTION-01,CAND-0164,unknown_alias_risk,triggered,alias_risk_level=unknown; value_series_status=not_available,unknown
QSB-PLANCK-BRIDGE-RESONATOR-INDEPENDENT-LAG-VARIABLE-ADMISSIBILITY-EXECUTION-01,CAND-0165,exact_lag_alias,not_triggered,inventory_evidence_not_triggered,unknown
QSB-PLANCK-BRIDGE-RESONATOR-INDEPENDENT-LAG-VARIABLE-ADMISSIBILITY-EXECUTION-01,CAND-0165,absolute_lag_alias,not_triggered,inventory_evidence_not_triggered,unknown
QSB-PLANCK-BRIDGE-RESONATOR-INDEPENDENT-LAG-VARIABLE-ADMISSIBILITY-EXECUTION-01,CAND-0165,pair_id_lookup_alias,not_triggered,inventory_evidence_not_triggered,unknown
QSB-PLANCK-BRIDGE-RESONATOR-INDEPENDENT-LAG-VARIABLE-ADMISSIBILITY-EXECUTION-01,CAND-0165,index_order_alias,not_triggered,inventory_evidence_not_triggered,unknown
QSB-PLANCK-BRIDGE-RESONATOR-INDEPENDENT-LAG-VARIABLE-ADMISSIBILITY-EXECUTION-01,CAND-0165,monotonic_lag_surrogate,not_triggered,inventory_evidence_not_triggered,unknown
QSB-PLANCK-BRIDGE-RESONATOR-INDEPENDENT-LAG-VARIABLE-ADMISSIBILITY-EXECUTION-01,CAND-0165,piecewise_lag_surrogate,not_triggered,inventory_evidence_not_triggered,unknown
QSB-PLANCK-BRIDGE-RESONATOR-INDEPENDENT-LAG-VARIABLE-ADMISSIBILITY-EXECUTION-01,CAND-0165,symmetry_only_alias,not_triggered,inventory_evidence_not_triggered,unknown
QSB-PLANCK-BRIDGE-RESONATOR-INDEPENDENT-LAG-VARIABLE-ADMISSIBILITY-EXECUTION-01,CAND-0165,phase_response_abs_lag_alias,not_triggered,inventory_evidence_not_triggered,unknown
QSB-PLANCK-BRIDGE-RESONATOR-INDEPENDENT-LAG-VARIABLE-ADMISSIBILITY-EXECUTION-01,CAND-0165,unknown_alias_risk,triggered,alias_risk_level=unknown; value_series_status=not_available,unknown
QSB-PLANCK-BRIDGE-RESONATOR-INDEPENDENT-LAG-VARIABLE-ADMISSIBILITY-EXECUTION-01,CAND-0166,exact_lag_alias,not_triggered,inventory_evidence_not_triggered,unknown
QSB-PLANCK-BRIDGE-RESONATOR-INDEPENDENT-LAG-VARIABLE-ADMISSIBILITY-EXECUTION-01,CAND-0166,absolute_lag_alias,not_triggered,inventory_evidence_not_triggered,unknown
QSB-PLANCK-BRIDGE-RESONATOR-INDEPENDENT-LAG-VARIABLE-ADMISSIBILITY-EXECUTION-01,CAND-0166,pair_id_lookup_alias,not_triggered,inventory_evidence_not_triggered,unknown
QSB-PLANCK-BRIDGE-RESONATOR-INDEPENDENT-LAG-VARIABLE-ADMISSIBILITY-EXECUTION-01,CAND-0166,index_order_alias,not_triggered,inventory_evidence_not_triggered,unknown
QSB-PLANCK-BRIDGE-RESONATOR-INDEPENDENT-LAG-VARIABLE-ADMISSIBILITY-EXECUTION-01,CAND-0166,monotonic_lag_surrogate,not_triggered,inventory_evidence_not_triggered,unknown
QSB-PLANCK-BRIDGE-RESONATOR-INDEPENDENT-LAG-VARIABLE-ADMISSIBILITY-EXECUTION-01,CAND-0166,piecewise_lag_surrogate,not_triggered,inventory_evidence_not_triggered,unknown
QSB-PLANCK-BRIDGE-RESONATOR-INDEPENDENT-LAG-VARIABLE-ADMISSIBILITY-EXECUTION-01,CAND-0166,symmetry_only_alias,not_triggered,inventory_evidence_not_triggered,unknown
QSB-PLANCK-BRIDGE-RESONATOR-INDEPENDENT-LAG-VARIABLE-ADMISSIBILITY-EXECUTION-01,CAND-0166,phase_response_abs_lag_alias,not_triggered,inventory_evidence_not_triggered,unknown
QSB-PLANCK-BRIDGE-RESONATOR-INDEPENDENT-LAG-VARIABLE-ADMISSIBILITY-EXECUTION-01,CAND-0166,unknown_alias_risk,triggered,alias_risk_level=unknown; value_series_status=not_available,unknown
QSB-PLANCK-BRIDGE-RESONATOR-INDEPENDENT-LAG-VARIABLE-ADMISSIBILITY-EXECUTION-01,CAND-0167,exact_lag_alias,not_triggered,inventory_evidence_not_triggered,unknown
QSB-PLANCK-BRIDGE-RESONATOR-INDEPENDENT-LAG-VARIABLE-ADMISSIBILITY-EXECUTION-01,CAND-0167,absolute_lag_alias,not_triggered,inventory_evidence_not_triggered,unknown
QSB-PLANCK-BRIDGE-RESONATOR-INDEPENDENT-LAG-VARIABLE-ADMISSIBILITY-EXECUTION-01,CAND-0167,pair_id_lookup_alias,not_triggered,inventory_evidence_not_triggered,unknown
QSB-PLANCK-BRIDGE-RESONATOR-INDEPENDENT-LAG-VARIABLE-ADMISSIBILITY-EXECUTION-01,CAND-0167,index_order_alias,not_triggered,inventory_evidence_not_triggered,unknown
QSB-PLANCK-BRIDGE-RESONATOR-INDEPENDENT-LAG-VARIABLE-ADMISSIBILITY-EXECUTION-01,CAND-0167,monotonic_lag_surrogate,not_triggered,inventory_evidence_not_triggered,unknown
QSB-PLANCK-BRIDGE-RESONATOR-INDEPENDENT-LAG-VARIABLE-ADMISSIBILITY-EXECUTION-01,CAND-0167,piecewise_lag_surrogate,not_triggered,inventory_evidence_not_triggered,unknown
QSB-PLANCK-BRIDGE-RESONATOR-INDEPENDENT-LAG-VARIABLE-ADMISSIBILITY-EXECUTION-01,CAND-0167,symmetry_only_alias,not_triggered,inventory_evidence_not_triggered,unknown
QSB-PLANCK-BRIDGE-RESONATOR-INDEPENDENT-LAG-VARIABLE-ADMISSIBILITY-EXECUTION-01,CAND-0167,phase_response_abs_lag_alias,not_triggered,inventory_evidence_not_triggered,unknown
QSB-PLANCK-BRIDGE-RESONATOR-INDEPENDENT-LAG-VARIABLE-ADMISSIBILITY-EXECUTION-01,CAND-0167,unknown_alias_risk,triggered,alias_risk_level=unknown; value_series_status=not_available,unknown
QSB-PLANCK-BRIDGE-RESONATOR-INDEPENDENT-LAG-VARIABLE-ADMISSIBILITY-EXECUTION-01,CAND-0168,exact_lag_alias,not_triggered,inventory_evidence_not_triggered,unknown
QSB-PLANCK-BRIDGE-RESONATOR-INDEPENDENT-LAG-VARIABLE-ADMISSIBILITY-EXECUTION-01,CAND-0168,absolute_lag_alias,not_triggered,inventory_evidence_not_triggered,unknown
QSB-PLANCK-BRIDGE-RESONATOR-INDEPENDENT-LAG-VARIABLE-ADMISSIBILITY-EXECUTION-01,CAND-0168,pair_id_lookup_alias,not_triggered,inventory_evidence_not_triggered,unknown
QSB-PLANCK-BRIDGE-RESONATOR-INDEPENDENT-LAG-VARIABLE-ADMISSIBILITY-EXECUTION-01,CAND-0168,index_order_alias,not_triggered,inventory_evidence_not_triggered,unknown
QSB-PLANCK-BRIDGE-RESONATOR-INDEPENDENT-LAG-VARIABLE-ADMISSIBILITY-EXECUTION-01,CAND-0168,monotonic_lag_surrogate,not_triggered,inventory_evidence_not_triggered,unknown
QSB-PLANCK-BRIDGE-RESONATOR-INDEPENDENT-LAG-VARIABLE-ADMISSIBILITY-EXECUTION-01,CAND-0168,piecewise_lag_surrogate,not_triggered,inventory_evidence_not_triggered,unknown
QSB-PLANCK-BRIDGE-RESONATOR-INDEPENDENT-LAG-VARIABLE-ADMISSIBILITY-EXECUTION-01,CAND-0168,symmetry_only_alias,not_triggered,inventory_evidence_not_triggered,unknown
QSB-PLANCK-BRIDGE-RESONATOR-INDEPENDENT-LAG-VARIABLE-ADMISSIBILITY-EXECUTION-01,CAND-0168,phase_response_abs_lag_alias,not_triggered,inventory_evidence_not_triggered,unknown
QSB-PLANCK-BRIDGE-RESONATOR-INDEPENDENT-LAG-VARIABLE-ADMISSIBILITY-EXECUTION-01,CAND-0168,unknown_alias_risk,triggered,alias_risk_level=unknown; value_series_status=not_available,unknown
QSB-PLANCK-BRIDGE-RESONATOR-INDEPENDENT-LAG-VARIABLE-ADMISSIBILITY-EXECUTION-01,CAND-0169,exact_lag_alias,not_triggered,inventory_evidence_not_triggered,unknown
QSB-PLANCK-BRIDGE-RESONATOR-INDEPENDENT-LAG-VARIABLE-ADMISSIBILITY-EXECUTION-01,CAND-0169,absolute_lag_alias,not_triggered,inventory_evidence_not_triggered,unknown
QSB-PLANCK-BRIDGE-RESONATOR-INDEPENDENT-LAG-VARIABLE-ADMISSIBILITY-EXECUTION-01,CAND-0169,pair_id_lookup_alias,not_triggered,inventory_evidence_not_triggered,unknown
QSB-PLANCK-BRIDGE-RESONATOR-INDEPENDENT-LAG-VARIABLE-ADMISSIBILITY-EXECUTION-01,CAND-0169,index_order_alias,not_triggered,inventory_evidence_not_triggered,unknown
QSB-PLANCK-BRIDGE-RESONATOR-INDEPENDENT-LAG-VARIABLE-ADMISSIBILITY-EXECUTION-01,CAND-0169,monotonic_lag_surrogate,not_triggered,inventory_evidence_not_triggered,unknown
QSB-PLANCK-BRIDGE-RESONATOR-INDEPENDENT-LAG-VARIABLE-ADMISSIBILITY-EXECUTION-01,CAND-0169,piecewise_lag_surrogate,not_triggered,inventory_evidence_not_triggered,unknown
QSB-PLANCK-BRIDGE-RESONATOR-INDEPENDENT-LAG-VARIABLE-ADMISSIBILITY-EXECUTION-01,CAND-0169,symmetry_only_alias,not_triggered,inventory_evidence_not_triggered,unknown
QSB-PLANCK-BRIDGE-RESONATOR-INDEPENDENT-LAG-VARIABLE-ADMISSIBILITY-EXECUTION-01,CAND-0169,phase_response_abs_lag_alias,not_triggered,inventory_evidence_not_triggered,unknown
QSB-PLANCK-BRIDGE-RESONATOR-INDEPENDENT-LAG-VARIABLE-ADMISSIBILITY-EXECUTION-01,CAND-0169,unknown_alias_risk,triggered,alias_risk_level=unknown; value_series_status=not_available,unknown
QSB-PLANCK-BRIDGE-RESONATOR-INDEPENDENT-LAG-VARIABLE-ADMISSIBILITY-EXECUTION-01,CAND-0170,exact_lag_alias,not_triggered,inventory_evidence_not_triggered,unknown
QSB-PLANCK-BRIDGE-RESONATOR-INDEPENDENT-LAG-VARIABLE-ADMISSIBILITY-EXECUTION-01,CAND-0170,absolute_lag_alias,not_triggered,inventory_evidence_not_triggered,unknown
QSB-PLANCK-BRIDGE-RESONATOR-INDEPENDENT-LAG-VARIABLE-ADMISSIBILITY-EXECUTION-01,CAND-0170,pair_id_lookup_alias,not_triggered,inventory_evidence_not_triggered,unknown
QSB-PLANCK-BRIDGE-RESONATOR-INDEPENDENT-LAG-VARIABLE-ADMISSIBILITY-EXECUTION-01,CAND-0170,index_order_alias,not_triggered,inventory_evidence_not_triggered,unknown
QSB-PLANCK-BRIDGE-RESONATOR-INDEPENDENT-LAG-VARIABLE-ADMISSIBILITY-EXECUTION-01,CAND-0170,monotonic_lag_surrogate,not_triggered,inventory_evidence_not_triggered,unknown
QSB-PLANCK-BRIDGE-RESONATOR-INDEPENDENT-LAG-VARIABLE-ADMISSIBILITY-EXECUTION-01,CAND-0170,piecewise_lag_surrogate,not_triggered,inventory_evidence_not_triggered,unknown
QSB-PLANCK-BRIDGE-RESONATOR-INDEPENDENT-LAG-VARIABLE-ADMISSIBILITY-EXECUTION-01,CAND-0170,symmetry_only_alias,not_triggered,inventory_evidence_not_triggered,unknown
QSB-PLANCK-BRIDGE-RESONATOR-INDEPENDENT-LAG-VARIABLE-ADMISSIBILITY-EXECUTION-01,CAND-0170,phase_response_abs_lag_alias,not_triggered,inventory_evidence_not_triggered,unknown
QSB-PLANCK-BRIDGE-RESONATOR-INDEPENDENT-LAG-VARIABLE-ADMISSIBILITY-EXECUTION-01,CAND-0170,unknown_alias_risk,triggered,alias_risk_level=unknown; value_series_status=not_available,unknown
QSB-PLANCK-BRIDGE-RESONATOR-INDEPENDENT-LAG-VARIABLE-ADMISSIBILITY-EXECUTION-01,CAND-0171,exact_lag_alias,not_triggered,inventory_evidence_not_triggered,unknown
QSB-PLANCK-BRIDGE-RESONATOR-INDEPENDENT-LAG-VARIABLE-ADMISSIBILITY-EXECUTION-01,CAND-0171,absolute_lag_alias,not_triggered,inventory_evidence_not_triggered,unknown
QSB-PLANCK-BRIDGE-RESONATOR-INDEPENDENT-LAG-VARIABLE-ADMISSIBILITY-EXECUTION-01,CAND-0171,pair_id_lookup_alias,not_triggered,inventory_evidence_not_triggered,unknown
QSB-PLANCK-BRIDGE-RESONATOR-INDEPENDENT-LAG-VARIABLE-ADMISSIBILITY-EXECUTION-01,CAND-0171,index_order_alias,not_triggered,inventory_evidence_not_triggered,unknown
QSB-PLANCK-BRIDGE-RESONATOR-INDEPENDENT-LAG-VARIABLE-ADMISSIBILITY-EXECUTION-01,CAND-0171,monotonic_lag_surrogate,not_triggered,inventory_evidence_not_triggered,unknown
QSB-PLANCK-BRIDGE-RESONATOR-INDEPENDENT-LAG-VARIABLE-ADMISSIBILITY-EXECUTION-01,CAND-0171,piecewise_lag_surrogate,not_triggered,inventory_evidence_not_triggered,unknown
QSB-PLANCK-BRIDGE-RESONATOR-INDEPENDENT-LAG-VARIABLE-ADMISSIBILITY-EXECUTION-01,CAND-0171,symmetry_only_alias,not_triggered,inventory_evidence_not_triggered,unknown
QSB-PLANCK-BRIDGE-RESONATOR-INDEPENDENT-LAG-VARIABLE-ADMISSIBILITY-EXECUTION-01,CAND-0171,phase_response_abs_lag_alias,not_triggered,inventory_evidence_not_triggered,unknown
QSB-PLANCK-BRIDGE-RESONATOR-INDEPENDENT-LAG-VARIABLE-ADMISSIBILITY-EXECUTION-01,CAND-0171,unknown_alias_risk,triggered,alias_risk_level=unknown; value_series_status=not_available,unknown
QSB-PLANCK-BRIDGE-RESONATOR-INDEPENDENT-LAG-VARIABLE-ADMISSIBILITY-EXECUTION-01,CAND-0172,exact_lag_alias,not_triggered,inventory_evidence_not_triggered,unknown
QSB-PLANCK-BRIDGE-RESONATOR-INDEPENDENT-LAG-VARIABLE-ADMISSIBILITY-EXECUTION-01,CAND-0172,absolute_lag_alias,not_triggered,inventory_evidence_not_triggered,unknown
QSB-PLANCK-BRIDGE-RESONATOR-INDEPENDENT-LAG-VARIABLE-ADMISSIBILITY-EXECUTION-01,CAND-0172,pair_id_lookup_alias,not_triggered,inventory_evidence_not_triggered,unknown
QSB-PLANCK-BRIDGE-RESONATOR-INDEPENDENT-LAG-VARIABLE-ADMISSIBILITY-EXECUTION-01,CAND-0172,index_order_alias,not_triggered,inventory_evidence_not_triggered,unknown
QSB-PLANCK-BRIDGE-RESONATOR-INDEPENDENT-LAG-VARIABLE-ADMISSIBILITY-EXECUTION-01,CAND-0172,monotonic_lag_surrogate,not_triggered,inventory_evidence_not_triggered,unknown
QSB-PLANCK-BRIDGE-RESONATOR-INDEPENDENT-LAG-VARIABLE-ADMISSIBILITY-EXECUTION-01,CAND-0172,piecewise_lag_surrogate,not_triggered,inventory_evidence_not_triggered,unknown
QSB-PLANCK-BRIDGE-RESONATOR-INDEPENDENT-LAG-VARIABLE-ADMISSIBILITY-EXECUTION-01,CAND-0172,symmetry_only_alias,not_triggered,inventory_evidence_not_triggered,unknown
QSB-PLANCK-BRIDGE-RESONATOR-INDEPENDENT-LAG-VARIABLE-ADMISSIBILITY-EXECUTION-01,CAND-0172,phase_response_abs_lag_alias,not_triggered,inventory_evidence_not_triggered,unknown
QSB-PLANCK-BRIDGE-RESONATOR-INDEPENDENT-LAG-VARIABLE-ADMISSIBILITY-EXECUTION-01,CAND-0172,unknown_alias_risk,triggered,alias_risk_level=unknown; value_series_status=not_available,unknown
QSB-PLANCK-BRIDGE-RESONATOR-INDEPENDENT-LAG-VARIABLE-ADMISSIBILITY-EXECUTION-01,CAND-0173,exact_lag_alias,not_triggered,inventory_evidence_not_triggered,unknown
QSB-PLANCK-BRIDGE-RESONATOR-INDEPENDENT-LAG-VARIABLE-ADMISSIBILITY-EXECUTION-01,CAND-0173,absolute_lag_alias,not_triggered,inventory_evidence_not_triggered,unknown
QSB-PLANCK-BRIDGE-RESONATOR-INDEPENDENT-LAG-VARIABLE-ADMISSIBILITY-EXECUTION-01,CAND-0173,pair_id_lookup_alias,not_triggered,inventory_evidence_not_triggered,unknown
QSB-PLANCK-BRIDGE-RESONATOR-INDEPENDENT-LAG-VARIABLE-ADMISSIBILITY-EXECUTION-01,CAND-0173,index_order_alias,not_triggered,inventory_evidence_not_triggered,unknown
QSB-PLANCK-BRIDGE-RESONATOR-INDEPENDENT-LAG-VARIABLE-ADMISSIBILITY-EXECUTION-01,CAND-0173,monotonic_lag_surrogate,not_triggered,inventory_evidence_not_triggered,unknown
QSB-PLANCK-BRIDGE-RESONATOR-INDEPENDENT-LAG-VARIABLE-ADMISSIBILITY-EXECUTION-01,CAND-0173,piecewise_lag_surrogate,not_triggered,inventory_evidence_not_triggered,unknown
QSB-PLANCK-BRIDGE-RESONATOR-INDEPENDENT-LAG-VARIABLE-ADMISSIBILITY-EXECUTION-01,CAND-0173,symmetry_only_alias,not_triggered,inventory_evidence_not_triggered,unknown
QSB-PLANCK-BRIDGE-RESONATOR-INDEPENDENT-LAG-VARIABLE-ADMISSIBILITY-EXECUTION-01,CAND-0173,phase_response_abs_lag_alias,not_triggered,inventory_evidence_not_triggered,unknown
QSB-PLANCK-BRIDGE-RESONATOR-INDEPENDENT-LAG-VARIABLE-ADMISSIBILITY-EXECUTION-01,CAND-0173,unknown_alias_risk,triggered,alias_risk_level=unknown; value_series_status=not_available,unknown
QSB-PLANCK-BRIDGE-RESONATOR-INDEPENDENT-LAG-VARIABLE-ADMISSIBILITY-EXECUTION-01,CAND-0174,exact_lag_alias,not_triggered,inventory_evidence_not_triggered,unknown
QSB-PLANCK-BRIDGE-RESONATOR-INDEPENDENT-LAG-VARIABLE-ADMISSIBILITY-EXECUTION-01,CAND-0174,absolute_lag_alias,not_triggered,inventory_evidence_not_triggered,unknown
QSB-PLANCK-BRIDGE-RESONATOR-INDEPENDENT-LAG-VARIABLE-ADMISSIBILITY-EXECUTION-01,CAND-0174,pair_id_lookup_alias,not_triggered,inventory_evidence_not_triggered,unknown
QSB-PLANCK-BRIDGE-RESONATOR-INDEPENDENT-LAG-VARIABLE-ADMISSIBILITY-EXECUTION-01,CAND-0174,index_order_alias,not_triggered,inventory_evidence_not_triggered,unknown
QSB-PLANCK-BRIDGE-RESONATOR-INDEPENDENT-LAG-VARIABLE-ADMISSIBILITY-EXECUTION-01,CAND-0174,monotonic_lag_surrogate,not_triggered,inventory_evidence_not_triggered,unknown
QSB-PLANCK-BRIDGE-RESONATOR-INDEPENDENT-LAG-VARIABLE-ADMISSIBILITY-EXECUTION-01,CAND-0174,piecewise_lag_surrogate,not_triggered,inventory_evidence_not_triggered,unknown
QSB-PLANCK-BRIDGE-RESONATOR-INDEPENDENT-LAG-VARIABLE-ADMISSIBILITY-EXECUTION-01,CAND-0174,symmetry_only_alias,not_triggered,inventory_evidence_not_triggered,unknown
QSB-PLANCK-BRIDGE-RESONATOR-INDEPENDENT-LAG-VARIABLE-ADMISSIBILITY-EXECUTION-01,CAND-0174,phase_response_abs_lag_alias,not_triggered,inventory_evidence_not_triggered,unknown
QSB-PLANCK-BRIDGE-RESONATOR-INDEPENDENT-LAG-VARIABLE-ADMISSIBILITY-EXECUTION-01,CAND-0174,unknown_alias_risk,triggered,alias_risk_level=unknown; value_series_status=not_available,unknown
QSB-PLANCK-BRIDGE-RESONATOR-INDEPENDENT-LAG-VARIABLE-ADMISSIBILITY-EXECUTION-01,CAND-0175,exact_lag_alias,not_triggered,inventory_evidence_not_triggered,unknown
QSB-PLANCK-BRIDGE-RESONATOR-INDEPENDENT-LAG-VARIABLE-ADMISSIBILITY-EXECUTION-01,CAND-0175,absolute_lag_alias,not_triggered,inventory_evidence_not_triggered,unknown
QSB-PLANCK-BRIDGE-RESONATOR-INDEPENDENT-LAG-VARIABLE-ADMISSIBILITY-EXECUTION-01,CAND-0175,pair_id_lookup_alias,not_triggered,inventory_evidence_not_triggered,unknown
QSB-PLANCK-BRIDGE-RESONATOR-INDEPENDENT-LAG-VARIABLE-ADMISSIBILITY-EXECUTION-01,CAND-0175,index_order_alias,not_triggered,inventory_evidence_not_triggered,unknown
QSB-PLANCK-BRIDGE-RESONATOR-INDEPENDENT-LAG-VARIABLE-ADMISSIBILITY-EXECUTION-01,CAND-0175,monotonic_lag_surrogate,not_triggered,inventory_evidence_not_triggered,unknown
QSB-PLANCK-BRIDGE-RESONATOR-INDEPENDENT-LAG-VARIABLE-ADMISSIBILITY-EXECUTION-01,CAND-0175,piecewise_lag_surrogate,not_triggered,inventory_evidence_not_triggered,unknown
QSB-PLANCK-BRIDGE-RESONATOR-INDEPENDENT-LAG-VARIABLE-ADMISSIBILITY-EXECUTION-01,CAND-0175,symmetry_only_alias,not_triggered,inventory_evidence_not_triggered,unknown
QSB-PLANCK-BRIDGE-RESONATOR-INDEPENDENT-LAG-VARIABLE-ADMISSIBILITY-EXECUTION-01,CAND-0175,phase_response_abs_lag_alias,not_triggered,inventory_evidence_not_triggered,unknown
QSB-PLANCK-BRIDGE-RESONATOR-INDEPENDENT-LAG-VARIABLE-ADMISSIBILITY-EXECUTION-01,CAND-0175,unknown_alias_risk,triggered,alias_risk_level=unknown; value_series_status=not_available,unknown
QSB-PLANCK-BRIDGE-RESONATOR-INDEPENDENT-LAG-VARIABLE-ADMISSIBILITY-EXECUTION-01,CAND-0176,exact_lag_alias,not_triggered,inventory_evidence_not_triggered,unknown
QSB-PLANCK-BRIDGE-RESONATOR-INDEPENDENT-LAG-VARIABLE-ADMISSIBILITY-EXECUTION-01,CAND-0176,absolute_lag_alias,not_triggered,inventory_evidence_not_triggered,unknown
QSB-PLANCK-BRIDGE-RESONATOR-INDEPENDENT-LAG-VARIABLE-ADMISSIBILITY-EXECUTION-01,CAND-0176,pair_id_lookup_alias,not_triggered,inventory_evidence_not_triggered,unknown
QSB-PLANCK-BRIDGE-RESONATOR-INDEPENDENT-LAG-VARIABLE-ADMISSIBILITY-EXECUTION-01,CAND-0176,index_order_alias,not_triggered,inventory_evidence_not_triggered,unknown
QSB-PLANCK-BRIDGE-RESONATOR-INDEPENDENT-LAG-VARIABLE-ADMISSIBILITY-EXECUTION-01,CAND-0176,monotonic_lag_surrogate,not_triggered,inventory_evidence_not_triggered,unknown
QSB-PLANCK-BRIDGE-RESONATOR-INDEPENDENT-LAG-VARIABLE-ADMISSIBILITY-EXECUTION-01,CAND-0176,piecewise_lag_surrogate,not_triggered,inventory_evidence_not_triggered,unknown
QSB-PLANCK-BRIDGE-RESONATOR-INDEPENDENT-LAG-VARIABLE-ADMISSIBILITY-EXECUTION-01,CAND-0176,symmetry_only_alias,not_triggered,inventory_evidence_not_triggered,unknown
QSB-PLANCK-BRIDGE-RESONATOR-INDEPENDENT-LAG-VARIABLE-ADMISSIBILITY-EXECUTION-01,CAND-0176,phase_response_abs_lag_alias,not_triggered,inventory_evidence_not_triggered,unknown
QSB-PLANCK-BRIDGE-RESONATOR-INDEPENDENT-LAG-VARIABLE-ADMISSIBILITY-EXECUTION-01,CAND-0176,unknown_alias_risk,triggered,alias_risk_level=unknown; value_series_status=not_available,unknown
QSB-PLANCK-BRIDGE-RESONATOR-INDEPENDENT-LAG-VARIABLE-ADMISSIBILITY-EXECUTION-01,CAND-0177,exact_lag_alias,not_triggered,inventory_evidence_not_triggered,unknown
QSB-PLANCK-BRIDGE-RESONATOR-INDEPENDENT-LAG-VARIABLE-ADMISSIBILITY-EXECUTION-01,CAND-0177,absolute_lag_alias,not_triggered,inventory_evidence_not_triggered,unknown
QSB-PLANCK-BRIDGE-RESONATOR-INDEPENDENT-LAG-VARIABLE-ADMISSIBILITY-EXECUTION-01,CAND-0177,pair_id_lookup_alias,not_triggered,inventory_evidence_not_triggered,unknown
QSB-PLANCK-BRIDGE-RESONATOR-INDEPENDENT-LAG-VARIABLE-ADMISSIBILITY-EXECUTION-01,CAND-0177,index_order_alias,not_triggered,inventory_evidence_not_triggered,unknown
QSB-PLANCK-BRIDGE-RESONATOR-INDEPENDENT-LAG-VARIABLE-ADMISSIBILITY-EXECUTION-01,CAND-0177,monotonic_lag_surrogate,not_triggered,inventory_evidence_not_triggered,unknown
QSB-PLANCK-BRIDGE-RESONATOR-INDEPENDENT-LAG-VARIABLE-ADMISSIBILITY-EXECUTION-01,CAND-0177,piecewise_lag_surrogate,not_triggered,inventory_evidence_not_triggered,unknown
QSB-PLANCK-BRIDGE-RESONATOR-INDEPENDENT-LAG-VARIABLE-ADMISSIBILITY-EXECUTION-01,CAND-0177,symmetry_only_alias,not_triggered,inventory_evidence_not_triggered,unknown
QSB-PLANCK-BRIDGE-RESONATOR-INDEPENDENT-LAG-VARIABLE-ADMISSIBILITY-EXECUTION-01,CAND-0177,phase_response_abs_lag_alias,not_triggered,inventory_evidence_not_triggered,unknown
QSB-PLANCK-BRIDGE-RESONATOR-INDEPENDENT-LAG-VARIABLE-ADMISSIBILITY-EXECUTION-01,CAND-0177,unknown_alias_risk,triggered,alias_risk_level=unknown; value_series_status=not_available,unknown
QSB-PLANCK-BRIDGE-RESONATOR-INDEPENDENT-LAG-VARIABLE-ADMISSIBILITY-EXECUTION-01,CAND-0178,exact_lag_alias,not_triggered,inventory_evidence_not_triggered,unknown
QSB-PLANCK-BRIDGE-RESONATOR-INDEPENDENT-LAG-VARIABLE-ADMISSIBILITY-EXECUTION-01,CAND-0178,absolute_lag_alias,not_triggered,inventory_evidence_not_triggered,unknown
QSB-PLANCK-BRIDGE-RESONATOR-INDEPENDENT-LAG-VARIABLE-ADMISSIBILITY-EXECUTION-01,CAND-0178,pair_id_lookup_alias,not_triggered,inventory_evidence_not_triggered,unknown
QSB-PLANCK-BRIDGE-RESONATOR-INDEPENDENT-LAG-VARIABLE-ADMISSIBILITY-EXECUTION-01,CAND-0178,index_order_alias,not_triggered,inventory_evidence_not_triggered,unknown
QSB-PLANCK-BRIDGE-RESONATOR-INDEPENDENT-LAG-VARIABLE-ADMISSIBILITY-EXECUTION-01,CAND-0178,monotonic_lag_surrogate,not_triggered,inventory_evidence_not_triggered,unknown
QSB-PLANCK-BRIDGE-RESONATOR-INDEPENDENT-LAG-VARIABLE-ADMISSIBILITY-EXECUTION-01,CAND-0178,piecewise_lag_surrogate,not_triggered,inventory_evidence_not_triggered,unknown
QSB-PLANCK-BRIDGE-RESONATOR-INDEPENDENT-LAG-VARIABLE-ADMISSIBILITY-EXECUTION-01,CAND-0178,symmetry_only_alias,not_triggered,inventory_evidence_not_triggered,unknown
QSB-PLANCK-BRIDGE-RESONATOR-INDEPENDENT-LAG-VARIABLE-ADMISSIBILITY-EXECUTION-01,CAND-0178,phase_response_abs_lag_alias,not_triggered,inventory_evidence_not_triggered,unknown
QSB-PLANCK-BRIDGE-RESONATOR-INDEPENDENT-LAG-VARIABLE-ADMISSIBILITY-EXECUTION-01,CAND-0178,unknown_alias_risk,triggered,alias_risk_level=unknown; value_series_status=not_available,unknown
QSB-PLANCK-BRIDGE-RESONATOR-INDEPENDENT-LAG-VARIABLE-ADMISSIBILITY-EXECUTION-01,CAND-0179,exact_lag_alias,not_triggered,inventory_evidence_not_triggered,unknown
QSB-PLANCK-BRIDGE-RESONATOR-INDEPENDENT-LAG-VARIABLE-ADMISSIBILITY-EXECUTION-01,CAND-0179,absolute_lag_alias,not_triggered,inventory_evidence_not_triggered,unknown
QSB-PLANCK-BRIDGE-RESONATOR-INDEPENDENT-LAG-VARIABLE-ADMISSIBILITY-EXECUTION-01,CAND-0179,pair_id_lookup_alias,not_triggered,inventory_evidence_not_triggered,unknown
QSB-PLANCK-BRIDGE-RESONATOR-INDEPENDENT-LAG-VARIABLE-ADMISSIBILITY-EXECUTION-01,CAND-0179,index_order_alias,not_triggered,inventory_evidence_not_triggered,unknown
QSB-PLANCK-BRIDGE-RESONATOR-INDEPENDENT-LAG-VARIABLE-ADMISSIBILITY-EXECUTION-01,CAND-0179,monotonic_lag_surrogate,not_triggered,inventory_evidence_not_triggered,unknown
QSB-PLANCK-BRIDGE-RESONATOR-INDEPENDENT-LAG-VARIABLE-ADMISSIBILITY-EXECUTION-01,CAND-0179,piecewise_lag_surrogate,not_triggered,inventory_evidence_not_triggered,unknown
QSB-PLANCK-BRIDGE-RESONATOR-INDEPENDENT-LAG-VARIABLE-ADMISSIBILITY-EXECUTION-01,CAND-0179,symmetry_only_alias,not_triggered,inventory_evidence_not_triggered,unknown
QSB-PLANCK-BRIDGE-RESONATOR-INDEPENDENT-LAG-VARIABLE-ADMISSIBILITY-EXECUTION-01,CAND-0179,phase_response_abs_lag_alias,not_triggered,inventory_evidence_not_triggered,unknown
QSB-PLANCK-BRIDGE-RESONATOR-INDEPENDENT-LAG-VARIABLE-ADMISSIBILITY-EXECUTION-01,CAND-0179,unknown_alias_risk,triggered,alias_risk_level=unknown; value_series_status=not_available,unknown
QSB-PLANCK-BRIDGE-RESONATOR-INDEPENDENT-LAG-VARIABLE-ADMISSIBILITY-EXECUTION-01,CAND-0180,exact_lag_alias,not_triggered,inventory_evidence_not_triggered,unknown
QSB-PLANCK-BRIDGE-RESONATOR-INDEPENDENT-LAG-VARIABLE-ADMISSIBILITY-EXECUTION-01,CAND-0180,absolute_lag_alias,not_triggered,inventory_evidence_not_triggered,unknown
QSB-PLANCK-BRIDGE-RESONATOR-INDEPENDENT-LAG-VARIABLE-ADMISSIBILITY-EXECUTION-01,CAND-0180,pair_id_lookup_alias,not_triggered,inventory_evidence_not_triggered,unknown
QSB-PLANCK-BRIDGE-RESONATOR-INDEPENDENT-LAG-VARIABLE-ADMISSIBILITY-EXECUTION-01,CAND-0180,index_order_alias,not_triggered,inventory_evidence_not_triggered,unknown
QSB-PLANCK-BRIDGE-RESONATOR-INDEPENDENT-LAG-VARIABLE-ADMISSIBILITY-EXECUTION-01,CAND-0180,monotonic_lag_surrogate,not_triggered,inventory_evidence_not_triggered,unknown
QSB-PLANCK-BRIDGE-RESONATOR-INDEPENDENT-LAG-VARIABLE-ADMISSIBILITY-EXECUTION-01,CAND-0180,piecewise_lag_surrogate,not_triggered,inventory_evidence_not_triggered,unknown
QSB-PLANCK-BRIDGE-RESONATOR-INDEPENDENT-LAG-VARIABLE-ADMISSIBILITY-EXECUTION-01,CAND-0180,symmetry_only_alias,not_triggered,inventory_evidence_not_triggered,unknown
QSB-PLANCK-BRIDGE-RESONATOR-INDEPENDENT-LAG-VARIABLE-ADMISSIBILITY-EXECUTION-01,CAND-0180,phase_response_abs_lag_alias,not_triggered,inventory_evidence_not_triggered,unknown
QSB-PLANCK-BRIDGE-RESONATOR-INDEPENDENT-LAG-VARIABLE-ADMISSIBILITY-EXECUTION-01,CAND-0180,unknown_alias_risk,triggered,alias_risk_level=unknown; value_series_status=not_available,unknown
QSB-PLANCK-BRIDGE-RESONATOR-INDEPENDENT-LAG-VARIABLE-ADMISSIBILITY-EXECUTION-01,CAND-0181,exact_lag_alias,not_triggered,inventory_evidence_not_triggered,unknown
QSB-PLANCK-BRIDGE-RESONATOR-INDEPENDENT-LAG-VARIABLE-ADMISSIBILITY-EXECUTION-01,CAND-0181,absolute_lag_alias,not_triggered,inventory_evidence_not_triggered,unknown
QSB-PLANCK-BRIDGE-RESONATOR-INDEPENDENT-LAG-VARIABLE-ADMISSIBILITY-EXECUTION-01,CAND-0181,pair_id_lookup_alias,not_triggered,inventory_evidence_not_triggered,unknown
QSB-PLANCK-BRIDGE-RESONATOR-INDEPENDENT-LAG-VARIABLE-ADMISSIBILITY-EXECUTION-01,CAND-0181,index_order_alias,not_triggered,inventory_evidence_not_triggered,unknown
QSB-PLANCK-BRIDGE-RESONATOR-INDEPENDENT-LAG-VARIABLE-ADMISSIBILITY-EXECUTION-01,CAND-0181,monotonic_lag_surrogate,not_triggered,inventory_evidence_not_triggered,unknown
QSB-PLANCK-BRIDGE-RESONATOR-INDEPENDENT-LAG-VARIABLE-ADMISSIBILITY-EXECUTION-01,CAND-0181,piecewise_lag_surrogate,not_triggered,inventory_evidence_not_triggered,unknown
QSB-PLANCK-BRIDGE-RESONATOR-INDEPENDENT-LAG-VARIABLE-ADMISSIBILITY-EXECUTION-01,CAND-0181,symmetry_only_alias,not_triggered,inventory_evidence_not_triggered,unknown
QSB-PLANCK-BRIDGE-RESONATOR-INDEPENDENT-LAG-VARIABLE-ADMISSIBILITY-EXECUTION-01,CAND-0181,phase_response_abs_lag_alias,not_triggered,inventory_evidence_not_triggered,unknown
QSB-PLANCK-BRIDGE-RESONATOR-INDEPENDENT-LAG-VARIABLE-ADMISSIBILITY-EXECUTION-01,CAND-0181,unknown_alias_risk,triggered,alias_risk_level=unknown; value_series_status=not_available,unknown
QSB-PLANCK-BRIDGE-RESONATOR-INDEPENDENT-LAG-VARIABLE-ADMISSIBILITY-EXECUTION-01,CAND-0182,exact_lag_alias,not_triggered,inventory_evidence_not_triggered,unknown
QSB-PLANCK-BRIDGE-RESONATOR-INDEPENDENT-LAG-VARIABLE-ADMISSIBILITY-EXECUTION-01,CAND-0182,absolute_lag_alias,not_triggered,inventory_evidence_not_triggered,unknown
QSB-PLANCK-BRIDGE-RESONATOR-INDEPENDENT-LAG-VARIABLE-ADMISSIBILITY-EXECUTION-01,CAND-0182,pair_id_lookup_alias,not_triggered,inventory_evidence_not_triggered,unknown
QSB-PLANCK-BRIDGE-RESONATOR-INDEPENDENT-LAG-VARIABLE-ADMISSIBILITY-EXECUTION-01,CAND-0182,index_order_alias,not_triggered,inventory_evidence_not_triggered,unknown
QSB-PLANCK-BRIDGE-RESONATOR-INDEPENDENT-LAG-VARIABLE-ADMISSIBILITY-EXECUTION-01,CAND-0182,monotonic_lag_surrogate,not_triggered,inventory_evidence_not_triggered,unknown
QSB-PLANCK-BRIDGE-RESONATOR-INDEPENDENT-LAG-VARIABLE-ADMISSIBILITY-EXECUTION-01,CAND-0182,piecewise_lag_surrogate,not_triggered,inventory_evidence_not_triggered,unknown
QSB-PLANCK-BRIDGE-RESONATOR-INDEPENDENT-LAG-VARIABLE-ADMISSIBILITY-EXECUTION-01,CAND-0182,symmetry_only_alias,not_triggered,inventory_evidence_not_triggered,unknown
QSB-PLANCK-BRIDGE-RESONATOR-INDEPENDENT-LAG-VARIABLE-ADMISSIBILITY-EXECUTION-01,CAND-0182,phase_response_abs_lag_alias,not_triggered,inventory_evidence_not_triggered,unknown
QSB-PLANCK-BRIDGE-RESONATOR-INDEPENDENT-LAG-VARIABLE-ADMISSIBILITY-EXECUTION-01,CAND-0182,unknown_alias_risk,triggered,alias_risk_level=unknown; value_series_status=not_available,unknown
QSB-PLANCK-BRIDGE-RESONATOR-INDEPENDENT-LAG-VARIABLE-ADMISSIBILITY-EXECUTION-01,CAND-0183,exact_lag_alias,not_triggered,inventory_evidence_not_triggered,unknown
QSB-PLANCK-BRIDGE-RESONATOR-INDEPENDENT-LAG-VARIABLE-ADMISSIBILITY-EXECUTION-01,CAND-0183,absolute_lag_alias,not_triggered,inventory_evidence_not_triggered,unknown
QSB-PLANCK-BRIDGE-RESONATOR-INDEPENDENT-LAG-VARIABLE-ADMISSIBILITY-EXECUTION-01,CAND-0183,pair_id_lookup_alias,not_triggered,inventory_evidence_not_triggered,unknown
QSB-PLANCK-BRIDGE-RESONATOR-INDEPENDENT-LAG-VARIABLE-ADMISSIBILITY-EXECUTION-01,CAND-0183,index_order_alias,not_triggered,inventory_evidence_not_triggered,unknown
QSB-PLANCK-BRIDGE-RESONATOR-INDEPENDENT-LAG-VARIABLE-ADMISSIBILITY-EXECUTION-01,CAND-0183,monotonic_lag_surrogate,not_triggered,inventory_evidence_not_triggered,unknown
QSB-PLANCK-BRIDGE-RESONATOR-INDEPENDENT-LAG-VARIABLE-ADMISSIBILITY-EXECUTION-01,CAND-0183,piecewise_lag_surrogate,not_triggered,inventory_evidence_not_triggered,unknown
QSB-PLANCK-BRIDGE-RESONATOR-INDEPENDENT-LAG-VARIABLE-ADMISSIBILITY-EXECUTION-01,CAND-0183,symmetry_only_alias,not_triggered,inventory_evidence_not_triggered,unknown
QSB-PLANCK-BRIDGE-RESONATOR-INDEPENDENT-LAG-VARIABLE-ADMISSIBILITY-EXECUTION-01,CAND-0183,phase_response_abs_lag_alias,not_triggered,inventory_evidence_not_triggered,unknown
QSB-PLANCK-BRIDGE-RESONATOR-INDEPENDENT-LAG-VARIABLE-ADMISSIBILITY-EXECUTION-01,CAND-0183,unknown_alias_risk,triggered,alias_risk_level=unknown; value_series_status=not_available,unknown
QSB-PLANCK-BRIDGE-RESONATOR-INDEPENDENT-LAG-VARIABLE-ADMISSIBILITY-EXECUTION-01,CAND-0184,exact_lag_alias,not_triggered,inventory_evidence_not_triggered,unknown
QSB-PLANCK-BRIDGE-RESONATOR-INDEPENDENT-LAG-VARIABLE-ADMISSIBILITY-EXECUTION-01,CAND-0184,absolute_lag_alias,not_triggered,inventory_evidence_not_triggered,unknown
QSB-PLANCK-BRIDGE-RESONATOR-INDEPENDENT-LAG-VARIABLE-ADMISSIBILITY-EXECUTION-01,CAND-0184,pair_id_lookup_alias,not_triggered,inventory_evidence_not_triggered,unknown
QSB-PLANCK-BRIDGE-RESONATOR-INDEPENDENT-LAG-VARIABLE-ADMISSIBILITY-EXECUTION-01,CAND-0184,index_order_alias,not_triggered,inventory_evidence_not_triggered,unknown
QSB-PLANCK-BRIDGE-RESONATOR-INDEPENDENT-LAG-VARIABLE-ADMISSIBILITY-EXECUTION-01,CAND-0184,monotonic_lag_surrogate,not_triggered,inventory_evidence_not_triggered,unknown
QSB-PLANCK-BRIDGE-RESONATOR-INDEPENDENT-LAG-VARIABLE-ADMISSIBILITY-EXECUTION-01,CAND-0184,piecewise_lag_surrogate,not_triggered,inventory_evidence_not_triggered,unknown
QSB-PLANCK-BRIDGE-RESONATOR-INDEPENDENT-LAG-VARIABLE-ADMISSIBILITY-EXECUTION-01,CAND-0184,symmetry_only_alias,not_triggered,inventory_evidence_not_triggered,unknown
QSB-PLANCK-BRIDGE-RESONATOR-INDEPENDENT-LAG-VARIABLE-ADMISSIBILITY-EXECUTION-01,CAND-0184,phase_response_abs_lag_alias,not_triggered,inventory_evidence_not_triggered,unknown
QSB-PLANCK-BRIDGE-RESONATOR-INDEPENDENT-LAG-VARIABLE-ADMISSIBILITY-EXECUTION-01,CAND-0184,unknown_alias_risk,triggered,alias_risk_level=unknown; value_series_status=not_available,unknown
QSB-PLANCK-BRIDGE-RESONATOR-INDEPENDENT-LAG-VARIABLE-ADMISSIBILITY-EXECUTION-01,CAND-0185,exact_lag_alias,not_triggered,inventory_evidence_not_triggered,unknown
QSB-PLANCK-BRIDGE-RESONATOR-INDEPENDENT-LAG-VARIABLE-ADMISSIBILITY-EXECUTION-01,CAND-0185,absolute_lag_alias,not_triggered,inventory_evidence_not_triggered,unknown
QSB-PLANCK-BRIDGE-RESONATOR-INDEPENDENT-LAG-VARIABLE-ADMISSIBILITY-EXECUTION-01,CAND-0185,pair_id_lookup_alias,not_triggered,inventory_evidence_not_triggered,unknown
QSB-PLANCK-BRIDGE-RESONATOR-INDEPENDENT-LAG-VARIABLE-ADMISSIBILITY-EXECUTION-01,CAND-0185,index_order_alias,not_triggered,inventory_evidence_not_triggered,unknown
QSB-PLANCK-BRIDGE-RESONATOR-INDEPENDENT-LAG-VARIABLE-ADMISSIBILITY-EXECUTION-01,CAND-0185,monotonic_lag_surrogate,not_triggered,inventory_evidence_not_triggered,unknown
QSB-PLANCK-BRIDGE-RESONATOR-INDEPENDENT-LAG-VARIABLE-ADMISSIBILITY-EXECUTION-01,CAND-0185,piecewise_lag_surrogate,not_triggered,inventory_evidence_not_triggered,unknown
QSB-PLANCK-BRIDGE-RESONATOR-INDEPENDENT-LAG-VARIABLE-ADMISSIBILITY-EXECUTION-01,CAND-0185,symmetry_only_alias,not_triggered,inventory_evidence_not_triggered,unknown
QSB-PLANCK-BRIDGE-RESONATOR-INDEPENDENT-LAG-VARIABLE-ADMISSIBILITY-EXECUTION-01,CAND-0185,phase_response_abs_lag_alias,not_triggered,inventory_evidence_not_triggered,unknown
QSB-PLANCK-BRIDGE-RESONATOR-INDEPENDENT-LAG-VARIABLE-ADMISSIBILITY-EXECUTION-01,CAND-0185,unknown_alias_risk,triggered,alias_risk_level=unknown; value_series_status=not_available,unknown
QSB-PLANCK-BRIDGE-RESONATOR-INDEPENDENT-LAG-VARIABLE-ADMISSIBILITY-EXECUTION-01,CAND-0186,exact_lag_alias,not_triggered,inventory_evidence_not_triggered,unknown
QSB-PLANCK-BRIDGE-RESONATOR-INDEPENDENT-LAG-VARIABLE-ADMISSIBILITY-EXECUTION-01,CAND-0186,absolute_lag_alias,not_triggered,inventory_evidence_not_triggered,unknown
QSB-PLANCK-BRIDGE-RESONATOR-INDEPENDENT-LAG-VARIABLE-ADMISSIBILITY-EXECUTION-01,CAND-0186,pair_id_lookup_alias,not_triggered,inventory_evidence_not_triggered,unknown
QSB-PLANCK-BRIDGE-RESONATOR-INDEPENDENT-LAG-VARIABLE-ADMISSIBILITY-EXECUTION-01,CAND-0186,index_order_alias,not_triggered,inventory_evidence_not_triggered,unknown
QSB-PLANCK-BRIDGE-RESONATOR-INDEPENDENT-LAG-VARIABLE-ADMISSIBILITY-EXECUTION-01,CAND-0186,monotonic_lag_surrogate,not_triggered,inventory_evidence_not_triggered,unknown
QSB-PLANCK-BRIDGE-RESONATOR-INDEPENDENT-LAG-VARIABLE-ADMISSIBILITY-EXECUTION-01,CAND-0186,piecewise_lag_surrogate,not_triggered,inventory_evidence_not_triggered,unknown
QSB-PLANCK-BRIDGE-RESONATOR-INDEPENDENT-LAG-VARIABLE-ADMISSIBILITY-EXECUTION-01,CAND-0186,symmetry_only_alias,not_triggered,inventory_evidence_not_triggered,unknown
QSB-PLANCK-BRIDGE-RESONATOR-INDEPENDENT-LAG-VARIABLE-ADMISSIBILITY-EXECUTION-01,CAND-0186,phase_response_abs_lag_alias,not_triggered,inventory_evidence_not_triggered,unknown
QSB-PLANCK-BRIDGE-RESONATOR-INDEPENDENT-LAG-VARIABLE-ADMISSIBILITY-EXECUTION-01,CAND-0186,unknown_alias_risk,triggered,alias_risk_level=unknown; value_series_status=not_available,unknown
QSB-PLANCK-BRIDGE-RESONATOR-INDEPENDENT-LAG-VARIABLE-ADMISSIBILITY-EXECUTION-01,CAND-0187,exact_lag_alias,not_triggered,inventory_evidence_not_triggered,unknown
QSB-PLANCK-BRIDGE-RESONATOR-INDEPENDENT-LAG-VARIABLE-ADMISSIBILITY-EXECUTION-01,CAND-0187,absolute_lag_alias,not_triggered,inventory_evidence_not_triggered,unknown
QSB-PLANCK-BRIDGE-RESONATOR-INDEPENDENT-LAG-VARIABLE-ADMISSIBILITY-EXECUTION-01,CAND-0187,pair_id_lookup_alias,not_triggered,inventory_evidence_not_triggered,unknown
QSB-PLANCK-BRIDGE-RESONATOR-INDEPENDENT-LAG-VARIABLE-ADMISSIBILITY-EXECUTION-01,CAND-0187,index_order_alias,not_triggered,inventory_evidence_not_triggered,unknown
QSB-PLANCK-BRIDGE-RESONATOR-INDEPENDENT-LAG-VARIABLE-ADMISSIBILITY-EXECUTION-01,CAND-0187,monotonic_lag_surrogate,not_triggered,inventory_evidence_not_triggered,unknown
QSB-PLANCK-BRIDGE-RESONATOR-INDEPENDENT-LAG-VARIABLE-ADMISSIBILITY-EXECUTION-01,CAND-0187,piecewise_lag_surrogate,not_triggered,inventory_evidence_not_triggered,unknown
QSB-PLANCK-BRIDGE-RESONATOR-INDEPENDENT-LAG-VARIABLE-ADMISSIBILITY-EXECUTION-01,CAND-0187,symmetry_only_alias,not_triggered,inventory_evidence_not_triggered,unknown
QSB-PLANCK-BRIDGE-RESONATOR-INDEPENDENT-LAG-VARIABLE-ADMISSIBILITY-EXECUTION-01,CAND-0187,phase_response_abs_lag_alias,not_triggered,inventory_evidence_not_triggered,unknown
QSB-PLANCK-BRIDGE-RESONATOR-INDEPENDENT-LAG-VARIABLE-ADMISSIBILITY-EXECUTION-01,CAND-0187,unknown_alias_risk,triggered,alias_risk_level=unknown; value_series_status=not_available,unknown
QSB-PLANCK-BRIDGE-RESONATOR-INDEPENDENT-LAG-VARIABLE-ADMISSIBILITY-EXECUTION-01,CAND-0188,exact_lag_alias,not_triggered,inventory_evidence_not_triggered,unknown
QSB-PLANCK-BRIDGE-RESONATOR-INDEPENDENT-LAG-VARIABLE-ADMISSIBILITY-EXECUTION-01,CAND-0188,absolute_lag_alias,not_triggered,inventory_evidence_not_triggered,unknown
QSB-PLANCK-BRIDGE-RESONATOR-INDEPENDENT-LAG-VARIABLE-ADMISSIBILITY-EXECUTION-01,CAND-0188,pair_id_lookup_alias,not_triggered,inventory_evidence_not_triggered,unknown
QSB-PLANCK-BRIDGE-RESONATOR-INDEPENDENT-LAG-VARIABLE-ADMISSIBILITY-EXECUTION-01,CAND-0188,index_order_alias,not_triggered,inventory_evidence_not_triggered,unknown
QSB-PLANCK-BRIDGE-RESONATOR-INDEPENDENT-LAG-VARIABLE-ADMISSIBILITY-EXECUTION-01,CAND-0188,monotonic_lag_surrogate,not_triggered,inventory_evidence_not_triggered,unknown
QSB-PLANCK-BRIDGE-RESONATOR-INDEPENDENT-LAG-VARIABLE-ADMISSIBILITY-EXECUTION-01,CAND-0188,piecewise_lag_surrogate,not_triggered,inventory_evidence_not_triggered,unknown
QSB-PLANCK-BRIDGE-RESONATOR-INDEPENDENT-LAG-VARIABLE-ADMISSIBILITY-EXECUTION-01,CAND-0188,symmetry_only_alias,not_triggered,inventory_evidence_not_triggered,unknown
QSB-PLANCK-BRIDGE-RESONATOR-INDEPENDENT-LAG-VARIABLE-ADMISSIBILITY-EXECUTION-01,CAND-0188,phase_response_abs_lag_alias,not_triggered,inventory_evidence_not_triggered,unknown
QSB-PLANCK-BRIDGE-RESONATOR-INDEPENDENT-LAG-VARIABLE-ADMISSIBILITY-EXECUTION-01,CAND-0188,unknown_alias_risk,triggered,alias_risk_level=unknown; value_series_status=not_available,unknown
QSB-PLANCK-BRIDGE-RESONATOR-INDEPENDENT-LAG-VARIABLE-ADMISSIBILITY-EXECUTION-01,CAND-0189,exact_lag_alias,not_triggered,inventory_evidence_not_triggered,unknown
QSB-PLANCK-BRIDGE-RESONATOR-INDEPENDENT-LAG-VARIABLE-ADMISSIBILITY-EXECUTION-01,CAND-0189,absolute_lag_alias,not_triggered,inventory_evidence_not_triggered,unknown
QSB-PLANCK-BRIDGE-RESONATOR-INDEPENDENT-LAG-VARIABLE-ADMISSIBILITY-EXECUTION-01,CAND-0189,pair_id_lookup_alias,not_triggered,inventory_evidence_not_triggered,unknown
QSB-PLANCK-BRIDGE-RESONATOR-INDEPENDENT-LAG-VARIABLE-ADMISSIBILITY-EXECUTION-01,CAND-0189,index_order_alias,not_triggered,inventory_evidence_not_triggered,unknown
QSB-PLANCK-BRIDGE-RESONATOR-INDEPENDENT-LAG-VARIABLE-ADMISSIBILITY-EXECUTION-01,CAND-0189,monotonic_lag_surrogate,not_triggered,inventory_evidence_not_triggered,unknown
QSB-PLANCK-BRIDGE-RESONATOR-INDEPENDENT-LAG-VARIABLE-ADMISSIBILITY-EXECUTION-01,CAND-0189,piecewise_lag_surrogate,not_triggered,inventory_evidence_not_triggered,unknown
QSB-PLANCK-BRIDGE-RESONATOR-INDEPENDENT-LAG-VARIABLE-ADMISSIBILITY-EXECUTION-01,CAND-0189,symmetry_only_alias,not_triggered,inventory_evidence_not_triggered,unknown
QSB-PLANCK-BRIDGE-RESONATOR-INDEPENDENT-LAG-VARIABLE-ADMISSIBILITY-EXECUTION-01,CAND-0189,phase_response_abs_lag_alias,not_triggered,inventory_evidence_not_triggered,unknown
QSB-PLANCK-BRIDGE-RESONATOR-INDEPENDENT-LAG-VARIABLE-ADMISSIBILITY-EXECUTION-01,CAND-0189,unknown_alias_risk,triggered,alias_risk_level=unknown; value_series_status=not_available,unknown
QSB-PLANCK-BRIDGE-RESONATOR-INDEPENDENT-LAG-VARIABLE-ADMISSIBILITY-EXECUTION-01,CAND-0190,exact_lag_alias,not_triggered,inventory_evidence_not_triggered,unknown
QSB-PLANCK-BRIDGE-RESONATOR-INDEPENDENT-LAG-VARIABLE-ADMISSIBILITY-EXECUTION-01,CAND-0190,absolute_lag_alias,not_triggered,inventory_evidence_not_triggered,unknown
QSB-PLANCK-BRIDGE-RESONATOR-INDEPENDENT-LAG-VARIABLE-ADMISSIBILITY-EXECUTION-01,CAND-0190,pair_id_lookup_alias,not_triggered,inventory_evidence_not_triggered,unknown
QSB-PLANCK-BRIDGE-RESONATOR-INDEPENDENT-LAG-VARIABLE-ADMISSIBILITY-EXECUTION-01,CAND-0190,index_order_alias,not_triggered,inventory_evidence_not_triggered,unknown
QSB-PLANCK-BRIDGE-RESONATOR-INDEPENDENT-LAG-VARIABLE-ADMISSIBILITY-EXECUTION-01,CAND-0190,monotonic_lag_surrogate,not_triggered,inventory_evidence_not_triggered,unknown
QSB-PLANCK-BRIDGE-RESONATOR-INDEPENDENT-LAG-VARIABLE-ADMISSIBILITY-EXECUTION-01,CAND-0190,piecewise_lag_surrogate,not_triggered,inventory_evidence_not_triggered,unknown
QSB-PLANCK-BRIDGE-RESONATOR-INDEPENDENT-LAG-VARIABLE-ADMISSIBILITY-EXECUTION-01,CAND-0190,symmetry_only_alias,not_triggered,inventory_evidence_not_triggered,unknown
QSB-PLANCK-BRIDGE-RESONATOR-INDEPENDENT-LAG-VARIABLE-ADMISSIBILITY-EXECUTION-01,CAND-0190,phase_response_abs_lag_alias,not_triggered,inventory_evidence_not_triggered,unknown
QSB-PLANCK-BRIDGE-RESONATOR-INDEPENDENT-LAG-VARIABLE-ADMISSIBILITY-EXECUTION-01,CAND-0190,unknown_alias_risk,triggered,alias_risk_level=unknown; value_series_status=not_available,unknown
QSB-PLANCK-BRIDGE-RESONATOR-INDEPENDENT-LAG-VARIABLE-ADMISSIBILITY-EXECUTION-01,CAND-0191,exact_lag_alias,not_triggered,inventory_evidence_not_triggered,unknown
QSB-PLANCK-BRIDGE-RESONATOR-INDEPENDENT-LAG-VARIABLE-ADMISSIBILITY-EXECUTION-01,CAND-0191,absolute_lag_alias,not_triggered,inventory_evidence_not_triggered,unknown
QSB-PLANCK-BRIDGE-RESONATOR-INDEPENDENT-LAG-VARIABLE-ADMISSIBILITY-EXECUTION-01,CAND-0191,pair_id_lookup_alias,not_triggered,inventory_evidence_not_triggered,unknown
QSB-PLANCK-BRIDGE-RESONATOR-INDEPENDENT-LAG-VARIABLE-ADMISSIBILITY-EXECUTION-01,CAND-0191,index_order_alias,not_triggered,inventory_evidence_not_triggered,unknown
QSB-PLANCK-BRIDGE-RESONATOR-INDEPENDENT-LAG-VARIABLE-ADMISSIBILITY-EXECUTION-01,CAND-0191,monotonic_lag_surrogate,not_triggered,inventory_evidence_not_triggered,unknown
QSB-PLANCK-BRIDGE-RESONATOR-INDEPENDENT-LAG-VARIABLE-ADMISSIBILITY-EXECUTION-01,CAND-0191,piecewise_lag_surrogate,not_triggered,inventory_evidence_not_triggered,unknown
QSB-PLANCK-BRIDGE-RESONATOR-INDEPENDENT-LAG-VARIABLE-ADMISSIBILITY-EXECUTION-01,CAND-0191,symmetry_only_alias,not_triggered,inventory_evidence_not_triggered,unknown
QSB-PLANCK-BRIDGE-RESONATOR-INDEPENDENT-LAG-VARIABLE-ADMISSIBILITY-EXECUTION-01,CAND-0191,phase_response_abs_lag_alias,not_triggered,inventory_evidence_not_triggered,unknown
QSB-PLANCK-BRIDGE-RESONATOR-INDEPENDENT-LAG-VARIABLE-ADMISSIBILITY-EXECUTION-01,CAND-0191,unknown_alias_risk,triggered,alias_risk_level=unknown; value_series_status=not_available,unknown
QSB-PLANCK-BRIDGE-RESONATOR-INDEPENDENT-LAG-VARIABLE-ADMISSIBILITY-EXECUTION-01,CAND-0192,exact_lag_alias,not_triggered,inventory_evidence_not_triggered,unknown
QSB-PLANCK-BRIDGE-RESONATOR-INDEPENDENT-LAG-VARIABLE-ADMISSIBILITY-EXECUTION-01,CAND-0192,absolute_lag_alias,not_triggered,inventory_evidence_not_triggered,unknown
QSB-PLANCK-BRIDGE-RESONATOR-INDEPENDENT-LAG-VARIABLE-ADMISSIBILITY-EXECUTION-01,CAND-0192,pair_id_lookup_alias,not_triggered,inventory_evidence_not_triggered,unknown
QSB-PLANCK-BRIDGE-RESONATOR-INDEPENDENT-LAG-VARIABLE-ADMISSIBILITY-EXECUTION-01,CAND-0192,index_order_alias,not_triggered,inventory_evidence_not_triggered,unknown
QSB-PLANCK-BRIDGE-RESONATOR-INDEPENDENT-LAG-VARIABLE-ADMISSIBILITY-EXECUTION-01,CAND-0192,monotonic_lag_surrogate,not_triggered,inventory_evidence_not_triggered,unknown
QSB-PLANCK-BRIDGE-RESONATOR-INDEPENDENT-LAG-VARIABLE-ADMISSIBILITY-EXECUTION-01,CAND-0192,piecewise_lag_surrogate,not_triggered,inventory_evidence_not_triggered,unknown
QSB-PLANCK-BRIDGE-RESONATOR-INDEPENDENT-LAG-VARIABLE-ADMISSIBILITY-EXECUTION-01,CAND-0192,symmetry_only_alias,not_triggered,inventory_evidence_not_triggered,unknown
QSB-PLANCK-BRIDGE-RESONATOR-INDEPENDENT-LAG-VARIABLE-ADMISSIBILITY-EXECUTION-01,CAND-0192,phase_response_abs_lag_alias,not_triggered,inventory_evidence_not_triggered,unknown
QSB-PLANCK-BRIDGE-RESONATOR-INDEPENDENT-LAG-VARIABLE-ADMISSIBILITY-EXECUTION-01,CAND-0192,unknown_alias_risk,triggered,alias_risk_level=unknown; value_series_status=not_available,unknown
QSB-PLANCK-BRIDGE-RESONATOR-INDEPENDENT-LAG-VARIABLE-ADMISSIBILITY-EXECUTION-01,CAND-0193,exact_lag_alias,not_triggered,inventory_evidence_not_triggered,unknown
QSB-PLANCK-BRIDGE-RESONATOR-INDEPENDENT-LAG-VARIABLE-ADMISSIBILITY-EXECUTION-01,CAND-0193,absolute_lag_alias,not_triggered,inventory_evidence_not_triggered,unknown
QSB-PLANCK-BRIDGE-RESONATOR-INDEPENDENT-LAG-VARIABLE-ADMISSIBILITY-EXECUTION-01,CAND-0193,pair_id_lookup_alias,not_triggered,inventory_evidence_not_triggered,unknown
QSB-PLANCK-BRIDGE-RESONATOR-INDEPENDENT-LAG-VARIABLE-ADMISSIBILITY-EXECUTION-01,CAND-0193,index_order_alias,not_triggered,inventory_evidence_not_triggered,unknown
QSB-PLANCK-BRIDGE-RESONATOR-INDEPENDENT-LAG-VARIABLE-ADMISSIBILITY-EXECUTION-01,CAND-0193,monotonic_lag_surrogate,not_triggered,inventory_evidence_not_triggered,unknown
QSB-PLANCK-BRIDGE-RESONATOR-INDEPENDENT-LAG-VARIABLE-ADMISSIBILITY-EXECUTION-01,CAND-0193,piecewise_lag_surrogate,not_triggered,inventory_evidence_not_triggered,unknown
QSB-PLANCK-BRIDGE-RESONATOR-INDEPENDENT-LAG-VARIABLE-ADMISSIBILITY-EXECUTION-01,CAND-0193,symmetry_only_alias,not_triggered,inventory_evidence_not_triggered,unknown
QSB-PLANCK-BRIDGE-RESONATOR-INDEPENDENT-LAG-VARIABLE-ADMISSIBILITY-EXECUTION-01,CAND-0193,phase_response_abs_lag_alias,not_triggered,inventory_evidence_not_triggered,unknown
QSB-PLANCK-BRIDGE-RESONATOR-INDEPENDENT-LAG-VARIABLE-ADMISSIBILITY-EXECUTION-01,CAND-0193,unknown_alias_risk,triggered,alias_risk_level=unknown; value_series_status=not_available,unknown
QSB-PLANCK-BRIDGE-RESONATOR-INDEPENDENT-LAG-VARIABLE-ADMISSIBILITY-EXECUTION-01,CAND-0194,exact_lag_alias,not_triggered,inventory_evidence_not_triggered,unknown
QSB-PLANCK-BRIDGE-RESONATOR-INDEPENDENT-LAG-VARIABLE-ADMISSIBILITY-EXECUTION-01,CAND-0194,absolute_lag_alias,not_triggered,inventory_evidence_not_triggered,unknown
QSB-PLANCK-BRIDGE-RESONATOR-INDEPENDENT-LAG-VARIABLE-ADMISSIBILITY-EXECUTION-01,CAND-0194,pair_id_lookup_alias,not_triggered,inventory_evidence_not_triggered,unknown
QSB-PLANCK-BRIDGE-RESONATOR-INDEPENDENT-LAG-VARIABLE-ADMISSIBILITY-EXECUTION-01,CAND-0194,index_order_alias,not_triggered,inventory_evidence_not_triggered,unknown
QSB-PLANCK-BRIDGE-RESONATOR-INDEPENDENT-LAG-VARIABLE-ADMISSIBILITY-EXECUTION-01,CAND-0194,monotonic_lag_surrogate,not_triggered,inventory_evidence_not_triggered,unknown
QSB-PLANCK-BRIDGE-RESONATOR-INDEPENDENT-LAG-VARIABLE-ADMISSIBILITY-EXECUTION-01,CAND-0194,piecewise_lag_surrogate,not_triggered,inventory_evidence_not_triggered,unknown
QSB-PLANCK-BRIDGE-RESONATOR-INDEPENDENT-LAG-VARIABLE-ADMISSIBILITY-EXECUTION-01,CAND-0194,symmetry_only_alias,not_triggered,inventory_evidence_not_triggered,unknown
QSB-PLANCK-BRIDGE-RESONATOR-INDEPENDENT-LAG-VARIABLE-ADMISSIBILITY-EXECUTION-01,CAND-0194,phase_response_abs_lag_alias,not_triggered,inventory_evidence_not_triggered,unknown
QSB-PLANCK-BRIDGE-RESONATOR-INDEPENDENT-LAG-VARIABLE-ADMISSIBILITY-EXECUTION-01,CAND-0194,unknown_alias_risk,triggered,alias_risk_level=unknown; value_series_status=not_available,unknown
QSB-PLANCK-BRIDGE-RESONATOR-INDEPENDENT-LAG-VARIABLE-ADMISSIBILITY-EXECUTION-01,CAND-0195,exact_lag_alias,not_triggered,inventory_evidence_not_triggered,unknown
QSB-PLANCK-BRIDGE-RESONATOR-INDEPENDENT-LAG-VARIABLE-ADMISSIBILITY-EXECUTION-01,CAND-0195,absolute_lag_alias,not_triggered,inventory_evidence_not_triggered,unknown
QSB-PLANCK-BRIDGE-RESONATOR-INDEPENDENT-LAG-VARIABLE-ADMISSIBILITY-EXECUTION-01,CAND-0195,pair_id_lookup_alias,not_triggered,inventory_evidence_not_triggered,unknown
QSB-PLANCK-BRIDGE-RESONATOR-INDEPENDENT-LAG-VARIABLE-ADMISSIBILITY-EXECUTION-01,CAND-0195,index_order_alias,not_triggered,inventory_evidence_not_triggered,unknown
QSB-PLANCK-BRIDGE-RESONATOR-INDEPENDENT-LAG-VARIABLE-ADMISSIBILITY-EXECUTION-01,CAND-0195,monotonic_lag_surrogate,not_triggered,inventory_evidence_not_triggered,unknown
QSB-PLANCK-BRIDGE-RESONATOR-INDEPENDENT-LAG-VARIABLE-ADMISSIBILITY-EXECUTION-01,CAND-0195,piecewise_lag_surrogate,not_triggered,inventory_evidence_not_triggered,unknown
QSB-PLANCK-BRIDGE-RESONATOR-INDEPENDENT-LAG-VARIABLE-ADMISSIBILITY-EXECUTION-01,CAND-0195,symmetry_only_alias,not_triggered,inventory_evidence_not_triggered,unknown
QSB-PLANCK-BRIDGE-RESONATOR-INDEPENDENT-LAG-VARIABLE-ADMISSIBILITY-EXECUTION-01,CAND-0195,phase_response_abs_lag_alias,not_triggered,inventory_evidence_not_triggered,unknown
QSB-PLANCK-BRIDGE-RESONATOR-INDEPENDENT-LAG-VARIABLE-ADMISSIBILITY-EXECUTION-01,CAND-0195,unknown_alias_risk,triggered,alias_risk_level=unknown; value_series_status=not_available,unknown
QSB-PLANCK-BRIDGE-RESONATOR-INDEPENDENT-LAG-VARIABLE-ADMISSIBILITY-EXECUTION-01,CAND-0196,exact_lag_alias,not_triggered,inventory_evidence_not_triggered,unknown
QSB-PLANCK-BRIDGE-RESONATOR-INDEPENDENT-LAG-VARIABLE-ADMISSIBILITY-EXECUTION-01,CAND-0196,absolute_lag_alias,not_triggered,inventory_evidence_not_triggered,unknown
QSB-PLANCK-BRIDGE-RESONATOR-INDEPENDENT-LAG-VARIABLE-ADMISSIBILITY-EXECUTION-01,CAND-0196,pair_id_lookup_alias,not_triggered,inventory_evidence_not_triggered,unknown
QSB-PLANCK-BRIDGE-RESONATOR-INDEPENDENT-LAG-VARIABLE-ADMISSIBILITY-EXECUTION-01,CAND-0196,index_order_alias,not_triggered,inventory_evidence_not_triggered,unknown
QSB-PLANCK-BRIDGE-RESONATOR-INDEPENDENT-LAG-VARIABLE-ADMISSIBILITY-EXECUTION-01,CAND-0196,monotonic_lag_surrogate,not_triggered,inventory_evidence_not_triggered,unknown
QSB-PLANCK-BRIDGE-RESONATOR-INDEPENDENT-LAG-VARIABLE-ADMISSIBILITY-EXECUTION-01,CAND-0196,piecewise_lag_surrogate,not_triggered,inventory_evidence_not_triggered,unknown
QSB-PLANCK-BRIDGE-RESONATOR-INDEPENDENT-LAG-VARIABLE-ADMISSIBILITY-EXECUTION-01,CAND-0196,symmetry_only_alias,not_triggered,inventory_evidence_not_triggered,unknown
QSB-PLANCK-BRIDGE-RESONATOR-INDEPENDENT-LAG-VARIABLE-ADMISSIBILITY-EXECUTION-01,CAND-0196,phase_response_abs_lag_alias,not_triggered,inventory_evidence_not_triggered,unknown
QSB-PLANCK-BRIDGE-RESONATOR-INDEPENDENT-LAG-VARIABLE-ADMISSIBILITY-EXECUTION-01,CAND-0196,unknown_alias_risk,triggered,alias_risk_level=unknown; value_series_status=not_available,unknown
QSB-PLANCK-BRIDGE-RESONATOR-INDEPENDENT-LAG-VARIABLE-ADMISSIBILITY-EXECUTION-01,CAND-0197,exact_lag_alias,not_triggered,inventory_evidence_not_triggered,unknown
QSB-PLANCK-BRIDGE-RESONATOR-INDEPENDENT-LAG-VARIABLE-ADMISSIBILITY-EXECUTION-01,CAND-0197,absolute_lag_alias,not_triggered,inventory_evidence_not_triggered,unknown
QSB-PLANCK-BRIDGE-RESONATOR-INDEPENDENT-LAG-VARIABLE-ADMISSIBILITY-EXECUTION-01,CAND-0197,pair_id_lookup_alias,not_triggered,inventory_evidence_not_triggered,unknown
QSB-PLANCK-BRIDGE-RESONATOR-INDEPENDENT-LAG-VARIABLE-ADMISSIBILITY-EXECUTION-01,CAND-0197,index_order_alias,not_triggered,inventory_evidence_not_triggered,unknown
QSB-PLANCK-BRIDGE-RESONATOR-INDEPENDENT-LAG-VARIABLE-ADMISSIBILITY-EXECUTION-01,CAND-0197,monotonic_lag_surrogate,not_triggered,inventory_evidence_not_triggered,unknown
QSB-PLANCK-BRIDGE-RESONATOR-INDEPENDENT-LAG-VARIABLE-ADMISSIBILITY-EXECUTION-01,CAND-0197,piecewise_lag_surrogate,not_triggered,inventory_evidence_not_triggered,unknown
QSB-PLANCK-BRIDGE-RESONATOR-INDEPENDENT-LAG-VARIABLE-ADMISSIBILITY-EXECUTION-01,CAND-0197,symmetry_only_alias,not_triggered,inventory_evidence_not_triggered,unknown
QSB-PLANCK-BRIDGE-RESONATOR-INDEPENDENT-LAG-VARIABLE-ADMISSIBILITY-EXECUTION-01,CAND-0197,phase_response_abs_lag_alias,not_triggered,inventory_evidence_not_triggered,unknown
QSB-PLANCK-BRIDGE-RESONATOR-INDEPENDENT-LAG-VARIABLE-ADMISSIBILITY-EXECUTION-01,CAND-0197,unknown_alias_risk,triggered,alias_risk_level=unknown; value_series_status=not_available,unknown
QSB-PLANCK-BRIDGE-RESONATOR-INDEPENDENT-LAG-VARIABLE-ADMISSIBILITY-EXECUTION-01,CAND-0198,exact_lag_alias,not_triggered,inventory_evidence_not_triggered,unknown
QSB-PLANCK-BRIDGE-RESONATOR-INDEPENDENT-LAG-VARIABLE-ADMISSIBILITY-EXECUTION-01,CAND-0198,absolute_lag_alias,not_triggered,inventory_evidence_not_triggered,unknown
QSB-PLANCK-BRIDGE-RESONATOR-INDEPENDENT-LAG-VARIABLE-ADMISSIBILITY-EXECUTION-01,CAND-0198,pair_id_lookup_alias,not_triggered,inventory_evidence_not_triggered,unknown
QSB-PLANCK-BRIDGE-RESONATOR-INDEPENDENT-LAG-VARIABLE-ADMISSIBILITY-EXECUTION-01,CAND-0198,index_order_alias,not_triggered,inventory_evidence_not_triggered,unknown
QSB-PLANCK-BRIDGE-RESONATOR-INDEPENDENT-LAG-VARIABLE-ADMISSIBILITY-EXECUTION-01,CAND-0198,monotonic_lag_surrogate,not_triggered,inventory_evidence_not_triggered,unknown
QSB-PLANCK-BRIDGE-RESONATOR-INDEPENDENT-LAG-VARIABLE-ADMISSIBILITY-EXECUTION-01,CAND-0198,piecewise_lag_surrogate,not_triggered,inventory_evidence_not_triggered,unknown
QSB-PLANCK-BRIDGE-RESONATOR-INDEPENDENT-LAG-VARIABLE-ADMISSIBILITY-EXECUTION-01,CAND-0198,symmetry_only_alias,not_triggered,inventory_evidence_not_triggered,unknown
QSB-PLANCK-BRIDGE-RESONATOR-INDEPENDENT-LAG-VARIABLE-ADMISSIBILITY-EXECUTION-01,CAND-0198,phase_response_abs_lag_alias,not_triggered,inventory_evidence_not_triggered,unknown
QSB-PLANCK-BRIDGE-RESONATOR-INDEPENDENT-LAG-VARIABLE-ADMISSIBILITY-EXECUTION-01,CAND-0198,unknown_alias_risk,triggered,alias_risk_level=unknown; value_series_status=not_available,unknown
QSB-PLANCK-BRIDGE-RESONATOR-INDEPENDENT-LAG-VARIABLE-ADMISSIBILITY-EXECUTION-01,CAND-0199,exact_lag_alias,not_triggered,inventory_evidence_not_triggered,unknown
QSB-PLANCK-BRIDGE-RESONATOR-INDEPENDENT-LAG-VARIABLE-ADMISSIBILITY-EXECUTION-01,CAND-0199,absolute_lag_alias,not_triggered,inventory_evidence_not_triggered,unknown
QSB-PLANCK-BRIDGE-RESONATOR-INDEPENDENT-LAG-VARIABLE-ADMISSIBILITY-EXECUTION-01,CAND-0199,pair_id_lookup_alias,not_triggered,inventory_evidence_not_triggered,unknown
QSB-PLANCK-BRIDGE-RESONATOR-INDEPENDENT-LAG-VARIABLE-ADMISSIBILITY-EXECUTION-01,CAND-0199,index_order_alias,not_triggered,inventory_evidence_not_triggered,unknown
QSB-PLANCK-BRIDGE-RESONATOR-INDEPENDENT-LAG-VARIABLE-ADMISSIBILITY-EXECUTION-01,CAND-0199,monotonic_lag_surrogate,not_triggered,inventory_evidence_not_triggered,unknown
QSB-PLANCK-BRIDGE-RESONATOR-INDEPENDENT-LAG-VARIABLE-ADMISSIBILITY-EXECUTION-01,CAND-0199,piecewise_lag_surrogate,not_triggered,inventory_evidence_not_triggered,unknown
QSB-PLANCK-BRIDGE-RESONATOR-INDEPENDENT-LAG-VARIABLE-ADMISSIBILITY-EXECUTION-01,CAND-0199,symmetry_only_alias,not_triggered,inventory_evidence_not_triggered,unknown
QSB-PLANCK-BRIDGE-RESONATOR-INDEPENDENT-LAG-VARIABLE-ADMISSIBILITY-EXECUTION-01,CAND-0199,phase_response_abs_lag_alias,not_triggered,inventory_evidence_not_triggered,unknown
QSB-PLANCK-BRIDGE-RESONATOR-INDEPENDENT-LAG-VARIABLE-ADMISSIBILITY-EXECUTION-01,CAND-0199,unknown_alias_risk,triggered,alias_risk_level=unknown; value_series_status=not_available,unknown
QSB-PLANCK-BRIDGE-RESONATOR-INDEPENDENT-LAG-VARIABLE-ADMISSIBILITY-EXECUTION-01,CAND-0200,exact_lag_alias,not_triggered,inventory_evidence_not_triggered,unknown
QSB-PLANCK-BRIDGE-RESONATOR-INDEPENDENT-LAG-VARIABLE-ADMISSIBILITY-EXECUTION-01,CAND-0200,absolute_lag_alias,not_triggered,inventory_evidence_not_triggered,unknown
QSB-PLANCK-BRIDGE-RESONATOR-INDEPENDENT-LAG-VARIABLE-ADMISSIBILITY-EXECUTION-01,CAND-0200,pair_id_lookup_alias,not_triggered,inventory_evidence_not_triggered,unknown
QSB-PLANCK-BRIDGE-RESONATOR-INDEPENDENT-LAG-VARIABLE-ADMISSIBILITY-EXECUTION-01,CAND-0200,index_order_alias,not_triggered,inventory_evidence_not_triggered,unknown
QSB-PLANCK-BRIDGE-RESONATOR-INDEPENDENT-LAG-VARIABLE-ADMISSIBILITY-EXECUTION-01,CAND-0200,monotonic_lag_surrogate,not_triggered,inventory_evidence_not_triggered,unknown
QSB-PLANCK-BRIDGE-RESONATOR-INDEPENDENT-LAG-VARIABLE-ADMISSIBILITY-EXECUTION-01,CAND-0200,piecewise_lag_surrogate,not_triggered,inventory_evidence_not_triggered,unknown
QSB-PLANCK-BRIDGE-RESONATOR-INDEPENDENT-LAG-VARIABLE-ADMISSIBILITY-EXECUTION-01,CAND-0200,symmetry_only_alias,not_triggered,inventory_evidence_not_triggered,unknown
QSB-PLANCK-BRIDGE-RESONATOR-INDEPENDENT-LAG-VARIABLE-ADMISSIBILITY-EXECUTION-01,CAND-0200,phase_response_abs_lag_alias,not_triggered,inventory_evidence_not_triggered,unknown
QSB-PLANCK-BRIDGE-RESONATOR-INDEPENDENT-LAG-VARIABLE-ADMISSIBILITY-EXECUTION-01,CAND-0200,unknown_alias_risk,triggered,alias_risk_level=unknown; value_series_status=not_available,unknown
QSB-PLANCK-BRIDGE-RESONATOR-INDEPENDENT-LAG-VARIABLE-ADMISSIBILITY-EXECUTION-01,CAND-0201,exact_lag_alias,not_triggered,inventory_evidence_not_triggered,unknown
QSB-PLANCK-BRIDGE-RESONATOR-INDEPENDENT-LAG-VARIABLE-ADMISSIBILITY-EXECUTION-01,CAND-0201,absolute_lag_alias,not_triggered,inventory_evidence_not_triggered,unknown
QSB-PLANCK-BRIDGE-RESONATOR-INDEPENDENT-LAG-VARIABLE-ADMISSIBILITY-EXECUTION-01,CAND-0201,pair_id_lookup_alias,not_triggered,inventory_evidence_not_triggered,unknown
QSB-PLANCK-BRIDGE-RESONATOR-INDEPENDENT-LAG-VARIABLE-ADMISSIBILITY-EXECUTION-01,CAND-0201,index_order_alias,not_triggered,inventory_evidence_not_triggered,unknown
QSB-PLANCK-BRIDGE-RESONATOR-INDEPENDENT-LAG-VARIABLE-ADMISSIBILITY-EXECUTION-01,CAND-0201,monotonic_lag_surrogate,not_triggered,inventory_evidence_not_triggered,unknown
QSB-PLANCK-BRIDGE-RESONATOR-INDEPENDENT-LAG-VARIABLE-ADMISSIBILITY-EXECUTION-01,CAND-0201,piecewise_lag_surrogate,not_triggered,inventory_evidence_not_triggered,unknown
QSB-PLANCK-BRIDGE-RESONATOR-INDEPENDENT-LAG-VARIABLE-ADMISSIBILITY-EXECUTION-01,CAND-0201,symmetry_only_alias,not_triggered,inventory_evidence_not_triggered,unknown
QSB-PLANCK-BRIDGE-RESONATOR-INDEPENDENT-LAG-VARIABLE-ADMISSIBILITY-EXECUTION-01,CAND-0201,phase_response_abs_lag_alias,not_triggered,inventory_evidence_not_triggered,unknown
QSB-PLANCK-BRIDGE-RESONATOR-INDEPENDENT-LAG-VARIABLE-ADMISSIBILITY-EXECUTION-01,CAND-0201,unknown_alias_risk,triggered,alias_risk_level=unknown; value_series_status=not_available,unknown
QSB-PLANCK-BRIDGE-RESONATOR-INDEPENDENT-LAG-VARIABLE-ADMISSIBILITY-EXECUTION-01,CAND-0202,exact_lag_alias,not_triggered,inventory_evidence_not_triggered,unknown
QSB-PLANCK-BRIDGE-RESONATOR-INDEPENDENT-LAG-VARIABLE-ADMISSIBILITY-EXECUTION-01,CAND-0202,absolute_lag_alias,not_triggered,inventory_evidence_not_triggered,unknown
QSB-PLANCK-BRIDGE-RESONATOR-INDEPENDENT-LAG-VARIABLE-ADMISSIBILITY-EXECUTION-01,CAND-0202,pair_id_lookup_alias,not_triggered,inventory_evidence_not_triggered,unknown
QSB-PLANCK-BRIDGE-RESONATOR-INDEPENDENT-LAG-VARIABLE-ADMISSIBILITY-EXECUTION-01,CAND-0202,index_order_alias,not_triggered,inventory_evidence_not_triggered,unknown
QSB-PLANCK-BRIDGE-RESONATOR-INDEPENDENT-LAG-VARIABLE-ADMISSIBILITY-EXECUTION-01,CAND-0202,monotonic_lag_surrogate,not_triggered,inventory_evidence_not_triggered,unknown
QSB-PLANCK-BRIDGE-RESONATOR-INDEPENDENT-LAG-VARIABLE-ADMISSIBILITY-EXECUTION-01,CAND-0202,piecewise_lag_surrogate,not_triggered,inventory_evidence_not_triggered,unknown
QSB-PLANCK-BRIDGE-RESONATOR-INDEPENDENT-LAG-VARIABLE-ADMISSIBILITY-EXECUTION-01,CAND-0202,symmetry_only_alias,not_triggered,inventory_evidence_not_triggered,unknown
QSB-PLANCK-BRIDGE-RESONATOR-INDEPENDENT-LAG-VARIABLE-ADMISSIBILITY-EXECUTION-01,CAND-0202,phase_response_abs_lag_alias,not_triggered,inventory_evidence_not_triggered,unknown
QSB-PLANCK-BRIDGE-RESONATOR-INDEPENDENT-LAG-VARIABLE-ADMISSIBILITY-EXECUTION-01,CAND-0202,unknown_alias_risk,triggered,alias_risk_level=unknown; value_series_status=not_available,unknown
QSB-PLANCK-BRIDGE-RESONATOR-INDEPENDENT-LAG-VARIABLE-ADMISSIBILITY-EXECUTION-01,CAND-0203,exact_lag_alias,not_triggered,inventory_evidence_not_triggered,unknown
QSB-PLANCK-BRIDGE-RESONATOR-INDEPENDENT-LAG-VARIABLE-ADMISSIBILITY-EXECUTION-01,CAND-0203,absolute_lag_alias,not_triggered,inventory_evidence_not_triggered,unknown
QSB-PLANCK-BRIDGE-RESONATOR-INDEPENDENT-LAG-VARIABLE-ADMISSIBILITY-EXECUTION-01,CAND-0203,pair_id_lookup_alias,not_triggered,inventory_evidence_not_triggered,unknown
QSB-PLANCK-BRIDGE-RESONATOR-INDEPENDENT-LAG-VARIABLE-ADMISSIBILITY-EXECUTION-01,CAND-0203,index_order_alias,not_triggered,inventory_evidence_not_triggered,unknown
QSB-PLANCK-BRIDGE-RESONATOR-INDEPENDENT-LAG-VARIABLE-ADMISSIBILITY-EXECUTION-01,CAND-0203,monotonic_lag_surrogate,not_triggered,inventory_evidence_not_triggered,unknown
QSB-PLANCK-BRIDGE-RESONATOR-INDEPENDENT-LAG-VARIABLE-ADMISSIBILITY-EXECUTION-01,CAND-0203,piecewise_lag_surrogate,not_triggered,inventory_evidence_not_triggered,unknown
QSB-PLANCK-BRIDGE-RESONATOR-INDEPENDENT-LAG-VARIABLE-ADMISSIBILITY-EXECUTION-01,CAND-0203,symmetry_only_alias,not_triggered,inventory_evidence_not_triggered,unknown
QSB-PLANCK-BRIDGE-RESONATOR-INDEPENDENT-LAG-VARIABLE-ADMISSIBILITY-EXECUTION-01,CAND-0203,phase_response_abs_lag_alias,not_triggered,inventory_evidence_not_triggered,unknown
QSB-PLANCK-BRIDGE-RESONATOR-INDEPENDENT-LAG-VARIABLE-ADMISSIBILITY-EXECUTION-01,CAND-0203,unknown_alias_risk,triggered,alias_risk_level=unknown; value_series_status=not_available,unknown
QSB-PLANCK-BRIDGE-RESONATOR-INDEPENDENT-LAG-VARIABLE-ADMISSIBILITY-EXECUTION-01,CAND-0204,exact_lag_alias,not_triggered,inventory_evidence_not_triggered,unknown
QSB-PLANCK-BRIDGE-RESONATOR-INDEPENDENT-LAG-VARIABLE-ADMISSIBILITY-EXECUTION-01,CAND-0204,absolute_lag_alias,not_triggered,inventory_evidence_not_triggered,unknown
QSB-PLANCK-BRIDGE-RESONATOR-INDEPENDENT-LAG-VARIABLE-ADMISSIBILITY-EXECUTION-01,CAND-0204,pair_id_lookup_alias,not_triggered,inventory_evidence_not_triggered,unknown
QSB-PLANCK-BRIDGE-RESONATOR-INDEPENDENT-LAG-VARIABLE-ADMISSIBILITY-EXECUTION-01,CAND-0204,index_order_alias,not_triggered,inventory_evidence_not_triggered,unknown
QSB-PLANCK-BRIDGE-RESONATOR-INDEPENDENT-LAG-VARIABLE-ADMISSIBILITY-EXECUTION-01,CAND-0204,monotonic_lag_surrogate,not_triggered,inventory_evidence_not_triggered,unknown
QSB-PLANCK-BRIDGE-RESONATOR-INDEPENDENT-LAG-VARIABLE-ADMISSIBILITY-EXECUTION-01,CAND-0204,piecewise_lag_surrogate,not_triggered,inventory_evidence_not_triggered,unknown
QSB-PLANCK-BRIDGE-RESONATOR-INDEPENDENT-LAG-VARIABLE-ADMISSIBILITY-EXECUTION-01,CAND-0204,symmetry_only_alias,not_triggered,inventory_evidence_not_triggered,unknown
QSB-PLANCK-BRIDGE-RESONATOR-INDEPENDENT-LAG-VARIABLE-ADMISSIBILITY-EXECUTION-01,CAND-0204,phase_response_abs_lag_alias,not_triggered,inventory_evidence_not_triggered,unknown
QSB-PLANCK-BRIDGE-RESONATOR-INDEPENDENT-LAG-VARIABLE-ADMISSIBILITY-EXECUTION-01,CAND-0204,unknown_alias_risk,triggered,alias_risk_level=unknown; value_series_status=not_available,unknown
QSB-PLANCK-BRIDGE-RESONATOR-INDEPENDENT-LAG-VARIABLE-ADMISSIBILITY-EXECUTION-01,CAND-0205,exact_lag_alias,not_triggered,inventory_evidence_not_triggered,unknown
QSB-PLANCK-BRIDGE-RESONATOR-INDEPENDENT-LAG-VARIABLE-ADMISSIBILITY-EXECUTION-01,CAND-0205,absolute_lag_alias,not_triggered,inventory_evidence_not_triggered,unknown
QSB-PLANCK-BRIDGE-RESONATOR-INDEPENDENT-LAG-VARIABLE-ADMISSIBILITY-EXECUTION-01,CAND-0205,pair_id_lookup_alias,not_triggered,inventory_evidence_not_triggered,unknown
QSB-PLANCK-BRIDGE-RESONATOR-INDEPENDENT-LAG-VARIABLE-ADMISSIBILITY-EXECUTION-01,CAND-0205,index_order_alias,not_triggered,inventory_evidence_not_triggered,unknown
QSB-PLANCK-BRIDGE-RESONATOR-INDEPENDENT-LAG-VARIABLE-ADMISSIBILITY-EXECUTION-01,CAND-0205,monotonic_lag_surrogate,not_triggered,inventory_evidence_not_triggered,unknown
QSB-PLANCK-BRIDGE-RESONATOR-INDEPENDENT-LAG-VARIABLE-ADMISSIBILITY-EXECUTION-01,CAND-0205,piecewise_lag_surrogate,not_triggered,inventory_evidence_not_triggered,unknown
QSB-PLANCK-BRIDGE-RESONATOR-INDEPENDENT-LAG-VARIABLE-ADMISSIBILITY-EXECUTION-01,CAND-0205,symmetry_only_alias,not_triggered,inventory_evidence_not_triggered,unknown
QSB-PLANCK-BRIDGE-RESONATOR-INDEPENDENT-LAG-VARIABLE-ADMISSIBILITY-EXECUTION-01,CAND-0205,phase_response_abs_lag_alias,not_triggered,inventory_evidence_not_triggered,unknown
QSB-PLANCK-BRIDGE-RESONATOR-INDEPENDENT-LAG-VARIABLE-ADMISSIBILITY-EXECUTION-01,CAND-0205,unknown_alias_risk,triggered,alias_risk_level=unknown; value_series_status=not_available,unknown
QSB-PLANCK-BRIDGE-RESONATOR-INDEPENDENT-LAG-VARIABLE-ADMISSIBILITY-EXECUTION-01,CAND-0206,exact_lag_alias,not_triggered,inventory_evidence_not_triggered,unknown
QSB-PLANCK-BRIDGE-RESONATOR-INDEPENDENT-LAG-VARIABLE-ADMISSIBILITY-EXECUTION-01,CAND-0206,absolute_lag_alias,not_triggered,inventory_evidence_not_triggered,unknown
QSB-PLANCK-BRIDGE-RESONATOR-INDEPENDENT-LAG-VARIABLE-ADMISSIBILITY-EXECUTION-01,CAND-0206,pair_id_lookup_alias,not_triggered,inventory_evidence_not_triggered,unknown
QSB-PLANCK-BRIDGE-RESONATOR-INDEPENDENT-LAG-VARIABLE-ADMISSIBILITY-EXECUTION-01,CAND-0206,index_order_alias,not_triggered,inventory_evidence_not_triggered,unknown
QSB-PLANCK-BRIDGE-RESONATOR-INDEPENDENT-LAG-VARIABLE-ADMISSIBILITY-EXECUTION-01,CAND-0206,monotonic_lag_surrogate,not_triggered,inventory_evidence_not_triggered,unknown
QSB-PLANCK-BRIDGE-RESONATOR-INDEPENDENT-LAG-VARIABLE-ADMISSIBILITY-EXECUTION-01,CAND-0206,piecewise_lag_surrogate,not_triggered,inventory_evidence_not_triggered,unknown
QSB-PLANCK-BRIDGE-RESONATOR-INDEPENDENT-LAG-VARIABLE-ADMISSIBILITY-EXECUTION-01,CAND-0206,symmetry_only_alias,not_triggered,inventory_evidence_not_triggered,unknown
QSB-PLANCK-BRIDGE-RESONATOR-INDEPENDENT-LAG-VARIABLE-ADMISSIBILITY-EXECUTION-01,CAND-0206,phase_response_abs_lag_alias,not_triggered,inventory_evidence_not_triggered,unknown
QSB-PLANCK-BRIDGE-RESONATOR-INDEPENDENT-LAG-VARIABLE-ADMISSIBILITY-EXECUTION-01,CAND-0206,unknown_alias_risk,triggered,alias_risk_level=unknown; value_series_status=not_available,unknown
QSB-PLANCK-BRIDGE-RESONATOR-INDEPENDENT-LAG-VARIABLE-ADMISSIBILITY-EXECUTION-01,CAND-0207,exact_lag_alias,not_triggered,inventory_evidence_not_triggered,unknown
QSB-PLANCK-BRIDGE-RESONATOR-INDEPENDENT-LAG-VARIABLE-ADMISSIBILITY-EXECUTION-01,CAND-0207,absolute_lag_alias,not_triggered,inventory_evidence_not_triggered,unknown
QSB-PLANCK-BRIDGE-RESONATOR-INDEPENDENT-LAG-VARIABLE-ADMISSIBILITY-EXECUTION-01,CAND-0207,pair_id_lookup_alias,not_triggered,inventory_evidence_not_triggered,unknown
QSB-PLANCK-BRIDGE-RESONATOR-INDEPENDENT-LAG-VARIABLE-ADMISSIBILITY-EXECUTION-01,CAND-0207,index_order_alias,not_triggered,inventory_evidence_not_triggered,unknown
QSB-PLANCK-BRIDGE-RESONATOR-INDEPENDENT-LAG-VARIABLE-ADMISSIBILITY-EXECUTION-01,CAND-0207,monotonic_lag_surrogate,not_triggered,inventory_evidence_not_triggered,unknown
QSB-PLANCK-BRIDGE-RESONATOR-INDEPENDENT-LAG-VARIABLE-ADMISSIBILITY-EXECUTION-01,CAND-0207,piecewise_lag_surrogate,not_triggered,inventory_evidence_not_triggered,unknown
QSB-PLANCK-BRIDGE-RESONATOR-INDEPENDENT-LAG-VARIABLE-ADMISSIBILITY-EXECUTION-01,CAND-0207,symmetry_only_alias,not_triggered,inventory_evidence_not_triggered,unknown
QSB-PLANCK-BRIDGE-RESONATOR-INDEPENDENT-LAG-VARIABLE-ADMISSIBILITY-EXECUTION-01,CAND-0207,phase_response_abs_lag_alias,not_triggered,inventory_evidence_not_triggered,unknown
QSB-PLANCK-BRIDGE-RESONATOR-INDEPENDENT-LAG-VARIABLE-ADMISSIBILITY-EXECUTION-01,CAND-0207,unknown_alias_risk,triggered,alias_risk_level=unknown; value_series_status=not_available,unknown
QSB-PLANCK-BRIDGE-RESONATOR-INDEPENDENT-LAG-VARIABLE-ADMISSIBILITY-EXECUTION-01,CAND-0208,exact_lag_alias,not_triggered,inventory_evidence_not_triggered,unknown
QSB-PLANCK-BRIDGE-RESONATOR-INDEPENDENT-LAG-VARIABLE-ADMISSIBILITY-EXECUTION-01,CAND-0208,absolute_lag_alias,not_triggered,inventory_evidence_not_triggered,unknown
QSB-PLANCK-BRIDGE-RESONATOR-INDEPENDENT-LAG-VARIABLE-ADMISSIBILITY-EXECUTION-01,CAND-0208,pair_id_lookup_alias,not_triggered,inventory_evidence_not_triggered,unknown
QSB-PLANCK-BRIDGE-RESONATOR-INDEPENDENT-LAG-VARIABLE-ADMISSIBILITY-EXECUTION-01,CAND-0208,index_order_alias,not_triggered,inventory_evidence_not_triggered,unknown
QSB-PLANCK-BRIDGE-RESONATOR-INDEPENDENT-LAG-VARIABLE-ADMISSIBILITY-EXECUTION-01,CAND-0208,monotonic_lag_surrogate,not_triggered,inventory_evidence_not_triggered,unknown
QSB-PLANCK-BRIDGE-RESONATOR-INDEPENDENT-LAG-VARIABLE-ADMISSIBILITY-EXECUTION-01,CAND-0208,piecewise_lag_surrogate,not_triggered,inventory_evidence_not_triggered,unknown
QSB-PLANCK-BRIDGE-RESONATOR-INDEPENDENT-LAG-VARIABLE-ADMISSIBILITY-EXECUTION-01,CAND-0208,symmetry_only_alias,not_triggered,inventory_evidence_not_triggered,unknown
QSB-PLANCK-BRIDGE-RESONATOR-INDEPENDENT-LAG-VARIABLE-ADMISSIBILITY-EXECUTION-01,CAND-0208,phase_response_abs_lag_alias,not_triggered,inventory_evidence_not_triggered,unknown
QSB-PLANCK-BRIDGE-RESONATOR-INDEPENDENT-LAG-VARIABLE-ADMISSIBILITY-EXECUTION-01,CAND-0208,unknown_alias_risk,triggered,alias_risk_level=unknown; value_series_status=not_available,unknown
QSB-PLANCK-BRIDGE-RESONATOR-INDEPENDENT-LAG-VARIABLE-ADMISSIBILITY-EXECUTION-01,CAND-0209,exact_lag_alias,not_triggered,inventory_evidence_not_triggered,unknown
QSB-PLANCK-BRIDGE-RESONATOR-INDEPENDENT-LAG-VARIABLE-ADMISSIBILITY-EXECUTION-01,CAND-0209,absolute_lag_alias,not_triggered,inventory_evidence_not_triggered,unknown
QSB-PLANCK-BRIDGE-RESONATOR-INDEPENDENT-LAG-VARIABLE-ADMISSIBILITY-EXECUTION-01,CAND-0209,pair_id_lookup_alias,not_triggered,inventory_evidence_not_triggered,unknown
QSB-PLANCK-BRIDGE-RESONATOR-INDEPENDENT-LAG-VARIABLE-ADMISSIBILITY-EXECUTION-01,CAND-0209,index_order_alias,not_triggered,inventory_evidence_not_triggered,unknown
QSB-PLANCK-BRIDGE-RESONATOR-INDEPENDENT-LAG-VARIABLE-ADMISSIBILITY-EXECUTION-01,CAND-0209,monotonic_lag_surrogate,not_triggered,inventory_evidence_not_triggered,unknown
QSB-PLANCK-BRIDGE-RESONATOR-INDEPENDENT-LAG-VARIABLE-ADMISSIBILITY-EXECUTION-01,CAND-0209,piecewise_lag_surrogate,not_triggered,inventory_evidence_not_triggered,unknown
QSB-PLANCK-BRIDGE-RESONATOR-INDEPENDENT-LAG-VARIABLE-ADMISSIBILITY-EXECUTION-01,CAND-0209,symmetry_only_alias,not_triggered,inventory_evidence_not_triggered,unknown
QSB-PLANCK-BRIDGE-RESONATOR-INDEPENDENT-LAG-VARIABLE-ADMISSIBILITY-EXECUTION-01,CAND-0209,phase_response_abs_lag_alias,not_triggered,inventory_evidence_not_triggered,unknown
QSB-PLANCK-BRIDGE-RESONATOR-INDEPENDENT-LAG-VARIABLE-ADMISSIBILITY-EXECUTION-01,CAND-0209,unknown_alias_risk,triggered,alias_risk_level=unknown; value_series_status=not_available,unknown
QSB-PLANCK-BRIDGE-RESONATOR-INDEPENDENT-LAG-VARIABLE-ADMISSIBILITY-EXECUTION-01,CAND-0210,exact_lag_alias,not_triggered,inventory_evidence_not_triggered,unknown
QSB-PLANCK-BRIDGE-RESONATOR-INDEPENDENT-LAG-VARIABLE-ADMISSIBILITY-EXECUTION-01,CAND-0210,absolute_lag_alias,not_triggered,inventory_evidence_not_triggered,unknown
QSB-PLANCK-BRIDGE-RESONATOR-INDEPENDENT-LAG-VARIABLE-ADMISSIBILITY-EXECUTION-01,CAND-0210,pair_id_lookup_alias,not_triggered,inventory_evidence_not_triggered,unknown
QSB-PLANCK-BRIDGE-RESONATOR-INDEPENDENT-LAG-VARIABLE-ADMISSIBILITY-EXECUTION-01,CAND-0210,index_order_alias,not_triggered,inventory_evidence_not_triggered,unknown
QSB-PLANCK-BRIDGE-RESONATOR-INDEPENDENT-LAG-VARIABLE-ADMISSIBILITY-EXECUTION-01,CAND-0210,monotonic_lag_surrogate,not_triggered,inventory_evidence_not_triggered,unknown
QSB-PLANCK-BRIDGE-RESONATOR-INDEPENDENT-LAG-VARIABLE-ADMISSIBILITY-EXECUTION-01,CAND-0210,piecewise_lag_surrogate,not_triggered,inventory_evidence_not_triggered,unknown
QSB-PLANCK-BRIDGE-RESONATOR-INDEPENDENT-LAG-VARIABLE-ADMISSIBILITY-EXECUTION-01,CAND-0210,symmetry_only_alias,not_triggered,inventory_evidence_not_triggered,unknown
QSB-PLANCK-BRIDGE-RESONATOR-INDEPENDENT-LAG-VARIABLE-ADMISSIBILITY-EXECUTION-01,CAND-0210,phase_response_abs_lag_alias,not_triggered,inventory_evidence_not_triggered,unknown
QSB-PLANCK-BRIDGE-RESONATOR-INDEPENDENT-LAG-VARIABLE-ADMISSIBILITY-EXECUTION-01,CAND-0210,unknown_alias_risk,triggered,alias_risk_level=unknown; value_series_status=not_available,unknown
QSB-PLANCK-BRIDGE-RESONATOR-INDEPENDENT-LAG-VARIABLE-ADMISSIBILITY-EXECUTION-01,CAND-0211,exact_lag_alias,not_triggered,inventory_evidence_not_triggered,unknown
QSB-PLANCK-BRIDGE-RESONATOR-INDEPENDENT-LAG-VARIABLE-ADMISSIBILITY-EXECUTION-01,CAND-0211,absolute_lag_alias,not_triggered,inventory_evidence_not_triggered,unknown
QSB-PLANCK-BRIDGE-RESONATOR-INDEPENDENT-LAG-VARIABLE-ADMISSIBILITY-EXECUTION-01,CAND-0211,pair_id_lookup_alias,not_triggered,inventory_evidence_not_triggered,unknown
QSB-PLANCK-BRIDGE-RESONATOR-INDEPENDENT-LAG-VARIABLE-ADMISSIBILITY-EXECUTION-01,CAND-0211,index_order_alias,not_triggered,inventory_evidence_not_triggered,unknown
QSB-PLANCK-BRIDGE-RESONATOR-INDEPENDENT-LAG-VARIABLE-ADMISSIBILITY-EXECUTION-01,CAND-0211,monotonic_lag_surrogate,not_triggered,inventory_evidence_not_triggered,unknown
QSB-PLANCK-BRIDGE-RESONATOR-INDEPENDENT-LAG-VARIABLE-ADMISSIBILITY-EXECUTION-01,CAND-0211,piecewise_lag_surrogate,not_triggered,inventory_evidence_not_triggered,unknown
QSB-PLANCK-BRIDGE-RESONATOR-INDEPENDENT-LAG-VARIABLE-ADMISSIBILITY-EXECUTION-01,CAND-0211,symmetry_only_alias,not_triggered,inventory_evidence_not_triggered,unknown
QSB-PLANCK-BRIDGE-RESONATOR-INDEPENDENT-LAG-VARIABLE-ADMISSIBILITY-EXECUTION-01,CAND-0211,phase_response_abs_lag_alias,not_triggered,inventory_evidence_not_triggered,unknown
QSB-PLANCK-BRIDGE-RESONATOR-INDEPENDENT-LAG-VARIABLE-ADMISSIBILITY-EXECUTION-01,CAND-0211,unknown_alias_risk,triggered,alias_risk_level=unknown; value_series_status=not_available,unknown
QSB-PLANCK-BRIDGE-RESONATOR-INDEPENDENT-LAG-VARIABLE-ADMISSIBILITY-EXECUTION-01,CAND-0212,exact_lag_alias,not_triggered,inventory_evidence_not_triggered,unknown
QSB-PLANCK-BRIDGE-RESONATOR-INDEPENDENT-LAG-VARIABLE-ADMISSIBILITY-EXECUTION-01,CAND-0212,absolute_lag_alias,not_triggered,inventory_evidence_not_triggered,unknown
QSB-PLANCK-BRIDGE-RESONATOR-INDEPENDENT-LAG-VARIABLE-ADMISSIBILITY-EXECUTION-01,CAND-0212,pair_id_lookup_alias,not_triggered,inventory_evidence_not_triggered,unknown
QSB-PLANCK-BRIDGE-RESONATOR-INDEPENDENT-LAG-VARIABLE-ADMISSIBILITY-EXECUTION-01,CAND-0212,index_order_alias,not_triggered,inventory_evidence_not_triggered,unknown
QSB-PLANCK-BRIDGE-RESONATOR-INDEPENDENT-LAG-VARIABLE-ADMISSIBILITY-EXECUTION-01,CAND-0212,monotonic_lag_surrogate,not_triggered,inventory_evidence_not_triggered,unknown
QSB-PLANCK-BRIDGE-RESONATOR-INDEPENDENT-LAG-VARIABLE-ADMISSIBILITY-EXECUTION-01,CAND-0212,piecewise_lag_surrogate,not_triggered,inventory_evidence_not_triggered,unknown
QSB-PLANCK-BRIDGE-RESONATOR-INDEPENDENT-LAG-VARIABLE-ADMISSIBILITY-EXECUTION-01,CAND-0212,symmetry_only_alias,not_triggered,inventory_evidence_not_triggered,unknown
QSB-PLANCK-BRIDGE-RESONATOR-INDEPENDENT-LAG-VARIABLE-ADMISSIBILITY-EXECUTION-01,CAND-0212,phase_response_abs_lag_alias,not_triggered,inventory_evidence_not_triggered,unknown
QSB-PLANCK-BRIDGE-RESONATOR-INDEPENDENT-LAG-VARIABLE-ADMISSIBILITY-EXECUTION-01,CAND-0212,unknown_alias_risk,triggered,alias_risk_level=unknown; value_series_status=not_available,unknown
QSB-PLANCK-BRIDGE-RESONATOR-INDEPENDENT-LAG-VARIABLE-ADMISSIBILITY-EXECUTION-01,CAND-0213,exact_lag_alias,not_triggered,inventory_evidence_not_triggered,unknown
QSB-PLANCK-BRIDGE-RESONATOR-INDEPENDENT-LAG-VARIABLE-ADMISSIBILITY-EXECUTION-01,CAND-0213,absolute_lag_alias,not_triggered,inventory_evidence_not_triggered,unknown
QSB-PLANCK-BRIDGE-RESONATOR-INDEPENDENT-LAG-VARIABLE-ADMISSIBILITY-EXECUTION-01,CAND-0213,pair_id_lookup_alias,not_triggered,inventory_evidence_not_triggered,unknown
QSB-PLANCK-BRIDGE-RESONATOR-INDEPENDENT-LAG-VARIABLE-ADMISSIBILITY-EXECUTION-01,CAND-0213,index_order_alias,not_triggered,inventory_evidence_not_triggered,unknown
QSB-PLANCK-BRIDGE-RESONATOR-INDEPENDENT-LAG-VARIABLE-ADMISSIBILITY-EXECUTION-01,CAND-0213,monotonic_lag_surrogate,not_triggered,inventory_evidence_not_triggered,unknown
QSB-PLANCK-BRIDGE-RESONATOR-INDEPENDENT-LAG-VARIABLE-ADMISSIBILITY-EXECUTION-01,CAND-0213,piecewise_lag_surrogate,not_triggered,inventory_evidence_not_triggered,unknown
QSB-PLANCK-BRIDGE-RESONATOR-INDEPENDENT-LAG-VARIABLE-ADMISSIBILITY-EXECUTION-01,CAND-0213,symmetry_only_alias,not_triggered,inventory_evidence_not_triggered,unknown
QSB-PLANCK-BRIDGE-RESONATOR-INDEPENDENT-LAG-VARIABLE-ADMISSIBILITY-EXECUTION-01,CAND-0213,phase_response_abs_lag_alias,not_triggered,inventory_evidence_not_triggered,unknown
QSB-PLANCK-BRIDGE-RESONATOR-INDEPENDENT-LAG-VARIABLE-ADMISSIBILITY-EXECUTION-01,CAND-0213,unknown_alias_risk,triggered,alias_risk_level=unknown; value_series_status=not_available,unknown
QSB-PLANCK-BRIDGE-RESONATOR-INDEPENDENT-LAG-VARIABLE-ADMISSIBILITY-EXECUTION-01,CAND-0214,exact_lag_alias,not_triggered,inventory_evidence_not_triggered,unknown
QSB-PLANCK-BRIDGE-RESONATOR-INDEPENDENT-LAG-VARIABLE-ADMISSIBILITY-EXECUTION-01,CAND-0214,absolute_lag_alias,not_triggered,inventory_evidence_not_triggered,unknown
QSB-PLANCK-BRIDGE-RESONATOR-INDEPENDENT-LAG-VARIABLE-ADMISSIBILITY-EXECUTION-01,CAND-0214,pair_id_lookup_alias,not_triggered,inventory_evidence_not_triggered,unknown
QSB-PLANCK-BRIDGE-RESONATOR-INDEPENDENT-LAG-VARIABLE-ADMISSIBILITY-EXECUTION-01,CAND-0214,index_order_alias,not_triggered,inventory_evidence_not_triggered,unknown
QSB-PLANCK-BRIDGE-RESONATOR-INDEPENDENT-LAG-VARIABLE-ADMISSIBILITY-EXECUTION-01,CAND-0214,monotonic_lag_surrogate,not_triggered,inventory_evidence_not_triggered,unknown
QSB-PLANCK-BRIDGE-RESONATOR-INDEPENDENT-LAG-VARIABLE-ADMISSIBILITY-EXECUTION-01,CAND-0214,piecewise_lag_surrogate,not_triggered,inventory_evidence_not_triggered,unknown
QSB-PLANCK-BRIDGE-RESONATOR-INDEPENDENT-LAG-VARIABLE-ADMISSIBILITY-EXECUTION-01,CAND-0214,symmetry_only_alias,not_triggered,inventory_evidence_not_triggered,unknown
QSB-PLANCK-BRIDGE-RESONATOR-INDEPENDENT-LAG-VARIABLE-ADMISSIBILITY-EXECUTION-01,CAND-0214,phase_response_abs_lag_alias,not_triggered,inventory_evidence_not_triggered,unknown
QSB-PLANCK-BRIDGE-RESONATOR-INDEPENDENT-LAG-VARIABLE-ADMISSIBILITY-EXECUTION-01,CAND-0214,unknown_alias_risk,triggered,alias_risk_level=unknown; value_series_status=not_available,unknown
QSB-PLANCK-BRIDGE-RESONATOR-INDEPENDENT-LAG-VARIABLE-ADMISSIBILITY-EXECUTION-01,CAND-0215,exact_lag_alias,not_triggered,inventory_evidence_not_triggered,unknown
QSB-PLANCK-BRIDGE-RESONATOR-INDEPENDENT-LAG-VARIABLE-ADMISSIBILITY-EXECUTION-01,CAND-0215,absolute_lag_alias,not_triggered,inventory_evidence_not_triggered,unknown
QSB-PLANCK-BRIDGE-RESONATOR-INDEPENDENT-LAG-VARIABLE-ADMISSIBILITY-EXECUTION-01,CAND-0215,pair_id_lookup_alias,not_triggered,inventory_evidence_not_triggered,unknown
QSB-PLANCK-BRIDGE-RESONATOR-INDEPENDENT-LAG-VARIABLE-ADMISSIBILITY-EXECUTION-01,CAND-0215,index_order_alias,not_triggered,inventory_evidence_not_triggered,unknown
QSB-PLANCK-BRIDGE-RESONATOR-INDEPENDENT-LAG-VARIABLE-ADMISSIBILITY-EXECUTION-01,CAND-0215,monotonic_lag_surrogate,not_triggered,inventory_evidence_not_triggered,unknown
QSB-PLANCK-BRIDGE-RESONATOR-INDEPENDENT-LAG-VARIABLE-ADMISSIBILITY-EXECUTION-01,CAND-0215,piecewise_lag_surrogate,not_triggered,inventory_evidence_not_triggered,unknown
QSB-PLANCK-BRIDGE-RESONATOR-INDEPENDENT-LAG-VARIABLE-ADMISSIBILITY-EXECUTION-01,CAND-0215,symmetry_only_alias,not_triggered,inventory_evidence_not_triggered,unknown
QSB-PLANCK-BRIDGE-RESONATOR-INDEPENDENT-LAG-VARIABLE-ADMISSIBILITY-EXECUTION-01,CAND-0215,phase_response_abs_lag_alias,not_triggered,inventory_evidence_not_triggered,unknown
QSB-PLANCK-BRIDGE-RESONATOR-INDEPENDENT-LAG-VARIABLE-ADMISSIBILITY-EXECUTION-01,CAND-0215,unknown_alias_risk,triggered,alias_risk_level=unknown; value_series_status=not_available,unknown
QSB-PLANCK-BRIDGE-RESONATOR-INDEPENDENT-LAG-VARIABLE-ADMISSIBILITY-EXECUTION-01,CAND-0216,exact_lag_alias,not_triggered,inventory_evidence_not_triggered,unknown
QSB-PLANCK-BRIDGE-RESONATOR-INDEPENDENT-LAG-VARIABLE-ADMISSIBILITY-EXECUTION-01,CAND-0216,absolute_lag_alias,not_triggered,inventory_evidence_not_triggered,unknown
QSB-PLANCK-BRIDGE-RESONATOR-INDEPENDENT-LAG-VARIABLE-ADMISSIBILITY-EXECUTION-01,CAND-0216,pair_id_lookup_alias,not_triggered,inventory_evidence_not_triggered,unknown
QSB-PLANCK-BRIDGE-RESONATOR-INDEPENDENT-LAG-VARIABLE-ADMISSIBILITY-EXECUTION-01,CAND-0216,index_order_alias,not_triggered,inventory_evidence_not_triggered,unknown
QSB-PLANCK-BRIDGE-RESONATOR-INDEPENDENT-LAG-VARIABLE-ADMISSIBILITY-EXECUTION-01,CAND-0216,monotonic_lag_surrogate,not_triggered,inventory_evidence_not_triggered,unknown
QSB-PLANCK-BRIDGE-RESONATOR-INDEPENDENT-LAG-VARIABLE-ADMISSIBILITY-EXECUTION-01,CAND-0216,piecewise_lag_surrogate,not_triggered,inventory_evidence_not_triggered,unknown
QSB-PLANCK-BRIDGE-RESONATOR-INDEPENDENT-LAG-VARIABLE-ADMISSIBILITY-EXECUTION-01,CAND-0216,symmetry_only_alias,not_triggered,inventory_evidence_not_triggered,unknown
QSB-PLANCK-BRIDGE-RESONATOR-INDEPENDENT-LAG-VARIABLE-ADMISSIBILITY-EXECUTION-01,CAND-0216,phase_response_abs_lag_alias,not_triggered,inventory_evidence_not_triggered,unknown
QSB-PLANCK-BRIDGE-RESONATOR-INDEPENDENT-LAG-VARIABLE-ADMISSIBILITY-EXECUTION-01,CAND-0216,unknown_alias_risk,triggered,alias_risk_level=unknown; value_series_status=not_available,unknown
QSB-PLANCK-BRIDGE-RESONATOR-INDEPENDENT-LAG-VARIABLE-ADMISSIBILITY-EXECUTION-01,CAND-0217,exact_lag_alias,not_triggered,inventory_evidence_not_triggered,unknown
QSB-PLANCK-BRIDGE-RESONATOR-INDEPENDENT-LAG-VARIABLE-ADMISSIBILITY-EXECUTION-01,CAND-0217,absolute_lag_alias,not_triggered,inventory_evidence_not_triggered,unknown
QSB-PLANCK-BRIDGE-RESONATOR-INDEPENDENT-LAG-VARIABLE-ADMISSIBILITY-EXECUTION-01,CAND-0217,pair_id_lookup_alias,not_triggered,inventory_evidence_not_triggered,unknown
QSB-PLANCK-BRIDGE-RESONATOR-INDEPENDENT-LAG-VARIABLE-ADMISSIBILITY-EXECUTION-01,CAND-0217,index_order_alias,not_triggered,inventory_evidence_not_triggered,unknown
QSB-PLANCK-BRIDGE-RESONATOR-INDEPENDENT-LAG-VARIABLE-ADMISSIBILITY-EXECUTION-01,CAND-0217,monotonic_lag_surrogate,not_triggered,inventory_evidence_not_triggered,unknown
QSB-PLANCK-BRIDGE-RESONATOR-INDEPENDENT-LAG-VARIABLE-ADMISSIBILITY-EXECUTION-01,CAND-0217,piecewise_lag_surrogate,not_triggered,inventory_evidence_not_triggered,unknown
QSB-PLANCK-BRIDGE-RESONATOR-INDEPENDENT-LAG-VARIABLE-ADMISSIBILITY-EXECUTION-01,CAND-0217,symmetry_only_alias,not_triggered,inventory_evidence_not_triggered,unknown
QSB-PLANCK-BRIDGE-RESONATOR-INDEPENDENT-LAG-VARIABLE-ADMISSIBILITY-EXECUTION-01,CAND-0217,phase_response_abs_lag_alias,not_triggered,inventory_evidence_not_triggered,unknown
QSB-PLANCK-BRIDGE-RESONATOR-INDEPENDENT-LAG-VARIABLE-ADMISSIBILITY-EXECUTION-01,CAND-0217,unknown_alias_risk,triggered,alias_risk_level=unknown; value_series_status=not_available,unknown
QSB-PLANCK-BRIDGE-RESONATOR-INDEPENDENT-LAG-VARIABLE-ADMISSIBILITY-EXECUTION-01,CAND-0218,exact_lag_alias,not_triggered,inventory_evidence_not_triggered,unknown
QSB-PLANCK-BRIDGE-RESONATOR-INDEPENDENT-LAG-VARIABLE-ADMISSIBILITY-EXECUTION-01,CAND-0218,absolute_lag_alias,not_triggered,inventory_evidence_not_triggered,unknown
QSB-PLANCK-BRIDGE-RESONATOR-INDEPENDENT-LAG-VARIABLE-ADMISSIBILITY-EXECUTION-01,CAND-0218,pair_id_lookup_alias,not_triggered,inventory_evidence_not_triggered,unknown
QSB-PLANCK-BRIDGE-RESONATOR-INDEPENDENT-LAG-VARIABLE-ADMISSIBILITY-EXECUTION-01,CAND-0218,index_order_alias,not_triggered,inventory_evidence_not_triggered,unknown
QSB-PLANCK-BRIDGE-RESONATOR-INDEPENDENT-LAG-VARIABLE-ADMISSIBILITY-EXECUTION-01,CAND-0218,monotonic_lag_surrogate,not_triggered,inventory_evidence_not_triggered,unknown
QSB-PLANCK-BRIDGE-RESONATOR-INDEPENDENT-LAG-VARIABLE-ADMISSIBILITY-EXECUTION-01,CAND-0218,piecewise_lag_surrogate,not_triggered,inventory_evidence_not_triggered,unknown
QSB-PLANCK-BRIDGE-RESONATOR-INDEPENDENT-LAG-VARIABLE-ADMISSIBILITY-EXECUTION-01,CAND-0218,symmetry_only_alias,not_triggered,inventory_evidence_not_triggered,unknown
QSB-PLANCK-BRIDGE-RESONATOR-INDEPENDENT-LAG-VARIABLE-ADMISSIBILITY-EXECUTION-01,CAND-0218,phase_response_abs_lag_alias,not_triggered,inventory_evidence_not_triggered,unknown
QSB-PLANCK-BRIDGE-RESONATOR-INDEPENDENT-LAG-VARIABLE-ADMISSIBILITY-EXECUTION-01,CAND-0218,unknown_alias_risk,triggered,alias_risk_level=unknown; value_series_status=not_available,unknown
QSB-PLANCK-BRIDGE-RESONATOR-INDEPENDENT-LAG-VARIABLE-ADMISSIBILITY-EXECUTION-01,CAND-0219,exact_lag_alias,not_triggered,inventory_evidence_not_triggered,unknown
QSB-PLANCK-BRIDGE-RESONATOR-INDEPENDENT-LAG-VARIABLE-ADMISSIBILITY-EXECUTION-01,CAND-0219,absolute_lag_alias,not_triggered,inventory_evidence_not_triggered,unknown
QSB-PLANCK-BRIDGE-RESONATOR-INDEPENDENT-LAG-VARIABLE-ADMISSIBILITY-EXECUTION-01,CAND-0219,pair_id_lookup_alias,not_triggered,inventory_evidence_not_triggered,unknown
QSB-PLANCK-BRIDGE-RESONATOR-INDEPENDENT-LAG-VARIABLE-ADMISSIBILITY-EXECUTION-01,CAND-0219,index_order_alias,not_triggered,inventory_evidence_not_triggered,unknown
QSB-PLANCK-BRIDGE-RESONATOR-INDEPENDENT-LAG-VARIABLE-ADMISSIBILITY-EXECUTION-01,CAND-0219,monotonic_lag_surrogate,not_triggered,inventory_evidence_not_triggered,unknown
QSB-PLANCK-BRIDGE-RESONATOR-INDEPENDENT-LAG-VARIABLE-ADMISSIBILITY-EXECUTION-01,CAND-0219,piecewise_lag_surrogate,not_triggered,inventory_evidence_not_triggered,unknown
QSB-PLANCK-BRIDGE-RESONATOR-INDEPENDENT-LAG-VARIABLE-ADMISSIBILITY-EXECUTION-01,CAND-0219,symmetry_only_alias,not_triggered,inventory_evidence_not_triggered,unknown
QSB-PLANCK-BRIDGE-RESONATOR-INDEPENDENT-LAG-VARIABLE-ADMISSIBILITY-EXECUTION-01,CAND-0219,phase_response_abs_lag_alias,not_triggered,inventory_evidence_not_triggered,unknown
QSB-PLANCK-BRIDGE-RESONATOR-INDEPENDENT-LAG-VARIABLE-ADMISSIBILITY-EXECUTION-01,CAND-0219,unknown_alias_risk,triggered,alias_risk_level=unknown; value_series_status=not_available,unknown
QSB-PLANCK-BRIDGE-RESONATOR-INDEPENDENT-LAG-VARIABLE-ADMISSIBILITY-EXECUTION-01,CAND-0220,exact_lag_alias,not_triggered,inventory_evidence_not_triggered,unknown
QSB-PLANCK-BRIDGE-RESONATOR-INDEPENDENT-LAG-VARIABLE-ADMISSIBILITY-EXECUTION-01,CAND-0220,absolute_lag_alias,not_triggered,inventory_evidence_not_triggered,unknown
QSB-PLANCK-BRIDGE-RESONATOR-INDEPENDENT-LAG-VARIABLE-ADMISSIBILITY-EXECUTION-01,CAND-0220,pair_id_lookup_alias,not_triggered,inventory_evidence_not_triggered,unknown
QSB-PLANCK-BRIDGE-RESONATOR-INDEPENDENT-LAG-VARIABLE-ADMISSIBILITY-EXECUTION-01,CAND-0220,index_order_alias,not_triggered,inventory_evidence_not_triggered,unknown
QSB-PLANCK-BRIDGE-RESONATOR-INDEPENDENT-LAG-VARIABLE-ADMISSIBILITY-EXECUTION-01,CAND-0220,monotonic_lag_surrogate,not_triggered,inventory_evidence_not_triggered,unknown
QSB-PLANCK-BRIDGE-RESONATOR-INDEPENDENT-LAG-VARIABLE-ADMISSIBILITY-EXECUTION-01,CAND-0220,piecewise_lag_surrogate,not_triggered,inventory_evidence_not_triggered,unknown
QSB-PLANCK-BRIDGE-RESONATOR-INDEPENDENT-LAG-VARIABLE-ADMISSIBILITY-EXECUTION-01,CAND-0220,symmetry_only_alias,not_triggered,inventory_evidence_not_triggered,unknown
QSB-PLANCK-BRIDGE-RESONATOR-INDEPENDENT-LAG-VARIABLE-ADMISSIBILITY-EXECUTION-01,CAND-0220,phase_response_abs_lag_alias,not_triggered,inventory_evidence_not_triggered,unknown
QSB-PLANCK-BRIDGE-RESONATOR-INDEPENDENT-LAG-VARIABLE-ADMISSIBILITY-EXECUTION-01,CAND-0220,unknown_alias_risk,triggered,alias_risk_level=unknown; value_series_status=not_available,unknown
QSB-PLANCK-BRIDGE-RESONATOR-INDEPENDENT-LAG-VARIABLE-ADMISSIBILITY-EXECUTION-01,CAND-0221,exact_lag_alias,not_triggered,inventory_evidence_not_triggered,unknown
QSB-PLANCK-BRIDGE-RESONATOR-INDEPENDENT-LAG-VARIABLE-ADMISSIBILITY-EXECUTION-01,CAND-0221,absolute_lag_alias,not_triggered,inventory_evidence_not_triggered,unknown
QSB-PLANCK-BRIDGE-RESONATOR-INDEPENDENT-LAG-VARIABLE-ADMISSIBILITY-EXECUTION-01,CAND-0221,pair_id_lookup_alias,not_triggered,inventory_evidence_not_triggered,unknown
QSB-PLANCK-BRIDGE-RESONATOR-INDEPENDENT-LAG-VARIABLE-ADMISSIBILITY-EXECUTION-01,CAND-0221,index_order_alias,not_triggered,inventory_evidence_not_triggered,unknown
QSB-PLANCK-BRIDGE-RESONATOR-INDEPENDENT-LAG-VARIABLE-ADMISSIBILITY-EXECUTION-01,CAND-0221,monotonic_lag_surrogate,not_triggered,inventory_evidence_not_triggered,unknown
QSB-PLANCK-BRIDGE-RESONATOR-INDEPENDENT-LAG-VARIABLE-ADMISSIBILITY-EXECUTION-01,CAND-0221,piecewise_lag_surrogate,not_triggered,inventory_evidence_not_triggered,unknown
QSB-PLANCK-BRIDGE-RESONATOR-INDEPENDENT-LAG-VARIABLE-ADMISSIBILITY-EXECUTION-01,CAND-0221,symmetry_only_alias,not_triggered,inventory_evidence_not_triggered,unknown
QSB-PLANCK-BRIDGE-RESONATOR-INDEPENDENT-LAG-VARIABLE-ADMISSIBILITY-EXECUTION-01,CAND-0221,phase_response_abs_lag_alias,not_triggered,inventory_evidence_not_triggered,unknown
QSB-PLANCK-BRIDGE-RESONATOR-INDEPENDENT-LAG-VARIABLE-ADMISSIBILITY-EXECUTION-01,CAND-0221,unknown_alias_risk,triggered,alias_risk_level=unknown; value_series_status=not_available,unknown
QSB-PLANCK-BRIDGE-RESONATOR-INDEPENDENT-LAG-VARIABLE-ADMISSIBILITY-EXECUTION-01,CAND-0222,exact_lag_alias,not_triggered,inventory_evidence_not_triggered,unknown
QSB-PLANCK-BRIDGE-RESONATOR-INDEPENDENT-LAG-VARIABLE-ADMISSIBILITY-EXECUTION-01,CAND-0222,absolute_lag_alias,not_triggered,inventory_evidence_not_triggered,unknown
QSB-PLANCK-BRIDGE-RESONATOR-INDEPENDENT-LAG-VARIABLE-ADMISSIBILITY-EXECUTION-01,CAND-0222,pair_id_lookup_alias,not_triggered,inventory_evidence_not_triggered,unknown
QSB-PLANCK-BRIDGE-RESONATOR-INDEPENDENT-LAG-VARIABLE-ADMISSIBILITY-EXECUTION-01,CAND-0222,index_order_alias,not_triggered,inventory_evidence_not_triggered,unknown
QSB-PLANCK-BRIDGE-RESONATOR-INDEPENDENT-LAG-VARIABLE-ADMISSIBILITY-EXECUTION-01,CAND-0222,monotonic_lag_surrogate,not_triggered,inventory_evidence_not_triggered,unknown
QSB-PLANCK-BRIDGE-RESONATOR-INDEPENDENT-LAG-VARIABLE-ADMISSIBILITY-EXECUTION-01,CAND-0222,piecewise_lag_surrogate,not_triggered,inventory_evidence_not_triggered,unknown
QSB-PLANCK-BRIDGE-RESONATOR-INDEPENDENT-LAG-VARIABLE-ADMISSIBILITY-EXECUTION-01,CAND-0222,symmetry_only_alias,not_triggered,inventory_evidence_not_triggered,unknown
QSB-PLANCK-BRIDGE-RESONATOR-INDEPENDENT-LAG-VARIABLE-ADMISSIBILITY-EXECUTION-01,CAND-0222,phase_response_abs_lag_alias,not_triggered,inventory_evidence_not_triggered,unknown
QSB-PLANCK-BRIDGE-RESONATOR-INDEPENDENT-LAG-VARIABLE-ADMISSIBILITY-EXECUTION-01,CAND-0222,unknown_alias_risk,triggered,alias_risk_level=unknown; value_series_status=not_available,unknown
QSB-PLANCK-BRIDGE-RESONATOR-INDEPENDENT-LAG-VARIABLE-ADMISSIBILITY-EXECUTION-01,CAND-0223,exact_lag_alias,not_triggered,inventory_evidence_not_triggered,unknown
QSB-PLANCK-BRIDGE-RESONATOR-INDEPENDENT-LAG-VARIABLE-ADMISSIBILITY-EXECUTION-01,CAND-0223,absolute_lag_alias,not_triggered,inventory_evidence_not_triggered,unknown
QSB-PLANCK-BRIDGE-RESONATOR-INDEPENDENT-LAG-VARIABLE-ADMISSIBILITY-EXECUTION-01,CAND-0223,pair_id_lookup_alias,not_triggered,inventory_evidence_not_triggered,unknown
QSB-PLANCK-BRIDGE-RESONATOR-INDEPENDENT-LAG-VARIABLE-ADMISSIBILITY-EXECUTION-01,CAND-0223,index_order_alias,not_triggered,inventory_evidence_not_triggered,unknown
QSB-PLANCK-BRIDGE-RESONATOR-INDEPENDENT-LAG-VARIABLE-ADMISSIBILITY-EXECUTION-01,CAND-0223,monotonic_lag_surrogate,not_triggered,inventory_evidence_not_triggered,unknown
QSB-PLANCK-BRIDGE-RESONATOR-INDEPENDENT-LAG-VARIABLE-ADMISSIBILITY-EXECUTION-01,CAND-0223,piecewise_lag_surrogate,not_triggered,inventory_evidence_not_triggered,unknown
QSB-PLANCK-BRIDGE-RESONATOR-INDEPENDENT-LAG-VARIABLE-ADMISSIBILITY-EXECUTION-01,CAND-0223,symmetry_only_alias,not_triggered,inventory_evidence_not_triggered,unknown
QSB-PLANCK-BRIDGE-RESONATOR-INDEPENDENT-LAG-VARIABLE-ADMISSIBILITY-EXECUTION-01,CAND-0223,phase_response_abs_lag_alias,not_triggered,inventory_evidence_not_triggered,unknown
QSB-PLANCK-BRIDGE-RESONATOR-INDEPENDENT-LAG-VARIABLE-ADMISSIBILITY-EXECUTION-01,CAND-0223,unknown_alias_risk,triggered,alias_risk_level=unknown; value_series_status=not_available,unknown
QSB-PLANCK-BRIDGE-RESONATOR-INDEPENDENT-LAG-VARIABLE-ADMISSIBILITY-EXECUTION-01,CAND-0224,exact_lag_alias,not_triggered,inventory_evidence_not_triggered,unknown
QSB-PLANCK-BRIDGE-RESONATOR-INDEPENDENT-LAG-VARIABLE-ADMISSIBILITY-EXECUTION-01,CAND-0224,absolute_lag_alias,not_triggered,inventory_evidence_not_triggered,unknown
QSB-PLANCK-BRIDGE-RESONATOR-INDEPENDENT-LAG-VARIABLE-ADMISSIBILITY-EXECUTION-01,CAND-0224,pair_id_lookup_alias,not_triggered,inventory_evidence_not_triggered,unknown
QSB-PLANCK-BRIDGE-RESONATOR-INDEPENDENT-LAG-VARIABLE-ADMISSIBILITY-EXECUTION-01,CAND-0224,index_order_alias,not_triggered,inventory_evidence_not_triggered,unknown
QSB-PLANCK-BRIDGE-RESONATOR-INDEPENDENT-LAG-VARIABLE-ADMISSIBILITY-EXECUTION-01,CAND-0224,monotonic_lag_surrogate,not_triggered,inventory_evidence_not_triggered,unknown
QSB-PLANCK-BRIDGE-RESONATOR-INDEPENDENT-LAG-VARIABLE-ADMISSIBILITY-EXECUTION-01,CAND-0224,piecewise_lag_surrogate,not_triggered,inventory_evidence_not_triggered,unknown
QSB-PLANCK-BRIDGE-RESONATOR-INDEPENDENT-LAG-VARIABLE-ADMISSIBILITY-EXECUTION-01,CAND-0224,symmetry_only_alias,not_triggered,inventory_evidence_not_triggered,unknown
QSB-PLANCK-BRIDGE-RESONATOR-INDEPENDENT-LAG-VARIABLE-ADMISSIBILITY-EXECUTION-01,CAND-0224,phase_response_abs_lag_alias,not_triggered,inventory_evidence_not_triggered,unknown
QSB-PLANCK-BRIDGE-RESONATOR-INDEPENDENT-LAG-VARIABLE-ADMISSIBILITY-EXECUTION-01,CAND-0224,unknown_alias_risk,triggered,alias_risk_level=unknown; value_series_status=not_available,unknown
QSB-PLANCK-BRIDGE-RESONATOR-INDEPENDENT-LAG-VARIABLE-ADMISSIBILITY-EXECUTION-01,CAND-0225,exact_lag_alias,not_triggered,inventory_evidence_not_triggered,unknown
QSB-PLANCK-BRIDGE-RESONATOR-INDEPENDENT-LAG-VARIABLE-ADMISSIBILITY-EXECUTION-01,CAND-0225,absolute_lag_alias,not_triggered,inventory_evidence_not_triggered,unknown
QSB-PLANCK-BRIDGE-RESONATOR-INDEPENDENT-LAG-VARIABLE-ADMISSIBILITY-EXECUTION-01,CAND-0225,pair_id_lookup_alias,not_triggered,inventory_evidence_not_triggered,unknown
QSB-PLANCK-BRIDGE-RESONATOR-INDEPENDENT-LAG-VARIABLE-ADMISSIBILITY-EXECUTION-01,CAND-0225,index_order_alias,not_triggered,inventory_evidence_not_triggered,unknown
QSB-PLANCK-BRIDGE-RESONATOR-INDEPENDENT-LAG-VARIABLE-ADMISSIBILITY-EXECUTION-01,CAND-0225,monotonic_lag_surrogate,not_triggered,inventory_evidence_not_triggered,unknown
QSB-PLANCK-BRIDGE-RESONATOR-INDEPENDENT-LAG-VARIABLE-ADMISSIBILITY-EXECUTION-01,CAND-0225,piecewise_lag_surrogate,not_triggered,inventory_evidence_not_triggered,unknown
QSB-PLANCK-BRIDGE-RESONATOR-INDEPENDENT-LAG-VARIABLE-ADMISSIBILITY-EXECUTION-01,CAND-0225,symmetry_only_alias,not_triggered,inventory_evidence_not_triggered,unknown
QSB-PLANCK-BRIDGE-RESONATOR-INDEPENDENT-LAG-VARIABLE-ADMISSIBILITY-EXECUTION-01,CAND-0225,phase_response_abs_lag_alias,not_triggered,inventory_evidence_not_triggered,unknown
QSB-PLANCK-BRIDGE-RESONATOR-INDEPENDENT-LAG-VARIABLE-ADMISSIBILITY-EXECUTION-01,CAND-0225,unknown_alias_risk,triggered,alias_risk_level=unknown; value_series_status=not_available,unknown
QSB-PLANCK-BRIDGE-RESONATOR-INDEPENDENT-LAG-VARIABLE-ADMISSIBILITY-EXECUTION-01,CAND-0226,exact_lag_alias,not_triggered,inventory_evidence_not_triggered,unknown
QSB-PLANCK-BRIDGE-RESONATOR-INDEPENDENT-LAG-VARIABLE-ADMISSIBILITY-EXECUTION-01,CAND-0226,absolute_lag_alias,not_triggered,inventory_evidence_not_triggered,unknown
QSB-PLANCK-BRIDGE-RESONATOR-INDEPENDENT-LAG-VARIABLE-ADMISSIBILITY-EXECUTION-01,CAND-0226,pair_id_lookup_alias,not_triggered,inventory_evidence_not_triggered,unknown
QSB-PLANCK-BRIDGE-RESONATOR-INDEPENDENT-LAG-VARIABLE-ADMISSIBILITY-EXECUTION-01,CAND-0226,index_order_alias,not_triggered,inventory_evidence_not_triggered,unknown
QSB-PLANCK-BRIDGE-RESONATOR-INDEPENDENT-LAG-VARIABLE-ADMISSIBILITY-EXECUTION-01,CAND-0226,monotonic_lag_surrogate,not_triggered,inventory_evidence_not_triggered,unknown
QSB-PLANCK-BRIDGE-RESONATOR-INDEPENDENT-LAG-VARIABLE-ADMISSIBILITY-EXECUTION-01,CAND-0226,piecewise_lag_surrogate,not_triggered,inventory_evidence_not_triggered,unknown
QSB-PLANCK-BRIDGE-RESONATOR-INDEPENDENT-LAG-VARIABLE-ADMISSIBILITY-EXECUTION-01,CAND-0226,symmetry_only_alias,not_triggered,inventory_evidence_not_triggered,unknown
QSB-PLANCK-BRIDGE-RESONATOR-INDEPENDENT-LAG-VARIABLE-ADMISSIBILITY-EXECUTION-01,CAND-0226,phase_response_abs_lag_alias,not_triggered,inventory_evidence_not_triggered,unknown
QSB-PLANCK-BRIDGE-RESONATOR-INDEPENDENT-LAG-VARIABLE-ADMISSIBILITY-EXECUTION-01,CAND-0226,unknown_alias_risk,triggered,alias_risk_level=unknown; value_series_status=not_available,unknown
QSB-PLANCK-BRIDGE-RESONATOR-INDEPENDENT-LAG-VARIABLE-ADMISSIBILITY-EXECUTION-01,CAND-0227,exact_lag_alias,not_triggered,inventory_evidence_not_triggered,unknown
QSB-PLANCK-BRIDGE-RESONATOR-INDEPENDENT-LAG-VARIABLE-ADMISSIBILITY-EXECUTION-01,CAND-0227,absolute_lag_alias,not_triggered,inventory_evidence_not_triggered,unknown
QSB-PLANCK-BRIDGE-RESONATOR-INDEPENDENT-LAG-VARIABLE-ADMISSIBILITY-EXECUTION-01,CAND-0227,pair_id_lookup_alias,not_triggered,inventory_evidence_not_triggered,unknown
QSB-PLANCK-BRIDGE-RESONATOR-INDEPENDENT-LAG-VARIABLE-ADMISSIBILITY-EXECUTION-01,CAND-0227,index_order_alias,not_triggered,inventory_evidence_not_triggered,unknown
QSB-PLANCK-BRIDGE-RESONATOR-INDEPENDENT-LAG-VARIABLE-ADMISSIBILITY-EXECUTION-01,CAND-0227,monotonic_lag_surrogate,not_triggered,inventory_evidence_not_triggered,unknown
QSB-PLANCK-BRIDGE-RESONATOR-INDEPENDENT-LAG-VARIABLE-ADMISSIBILITY-EXECUTION-01,CAND-0227,piecewise_lag_surrogate,not_triggered,inventory_evidence_not_triggered,unknown
QSB-PLANCK-BRIDGE-RESONATOR-INDEPENDENT-LAG-VARIABLE-ADMISSIBILITY-EXECUTION-01,CAND-0227,symmetry_only_alias,not_triggered,inventory_evidence_not_triggered,unknown
QSB-PLANCK-BRIDGE-RESONATOR-INDEPENDENT-LAG-VARIABLE-ADMISSIBILITY-EXECUTION-01,CAND-0227,phase_response_abs_lag_alias,not_triggered,inventory_evidence_not_triggered,unknown
QSB-PLANCK-BRIDGE-RESONATOR-INDEPENDENT-LAG-VARIABLE-ADMISSIBILITY-EXECUTION-01,CAND-0227,unknown_alias_risk,triggered,alias_risk_level=unknown; value_series_status=not_available,unknown
QSB-PLANCK-BRIDGE-RESONATOR-INDEPENDENT-LAG-VARIABLE-ADMISSIBILITY-EXECUTION-01,CAND-0228,exact_lag_alias,not_triggered,inventory_evidence_not_triggered,unknown
QSB-PLANCK-BRIDGE-RESONATOR-INDEPENDENT-LAG-VARIABLE-ADMISSIBILITY-EXECUTION-01,CAND-0228,absolute_lag_alias,not_triggered,inventory_evidence_not_triggered,unknown
QSB-PLANCK-BRIDGE-RESONATOR-INDEPENDENT-LAG-VARIABLE-ADMISSIBILITY-EXECUTION-01,CAND-0228,pair_id_lookup_alias,not_triggered,inventory_evidence_not_triggered,unknown
QSB-PLANCK-BRIDGE-RESONATOR-INDEPENDENT-LAG-VARIABLE-ADMISSIBILITY-EXECUTION-01,CAND-0228,index_order_alias,not_triggered,inventory_evidence_not_triggered,unknown
QSB-PLANCK-BRIDGE-RESONATOR-INDEPENDENT-LAG-VARIABLE-ADMISSIBILITY-EXECUTION-01,CAND-0228,monotonic_lag_surrogate,not_triggered,inventory_evidence_not_triggered,unknown
QSB-PLANCK-BRIDGE-RESONATOR-INDEPENDENT-LAG-VARIABLE-ADMISSIBILITY-EXECUTION-01,CAND-0228,piecewise_lag_surrogate,not_triggered,inventory_evidence_not_triggered,unknown
QSB-PLANCK-BRIDGE-RESONATOR-INDEPENDENT-LAG-VARIABLE-ADMISSIBILITY-EXECUTION-01,CAND-0228,symmetry_only_alias,not_triggered,inventory_evidence_not_triggered,unknown
QSB-PLANCK-BRIDGE-RESONATOR-INDEPENDENT-LAG-VARIABLE-ADMISSIBILITY-EXECUTION-01,CAND-0228,phase_response_abs_lag_alias,not_triggered,inventory_evidence_not_triggered,unknown
QSB-PLANCK-BRIDGE-RESONATOR-INDEPENDENT-LAG-VARIABLE-ADMISSIBILITY-EXECUTION-01,CAND-0228,unknown_alias_risk,triggered,alias_risk_level=unknown; value_series_status=not_available,unknown
QSB-PLANCK-BRIDGE-RESONATOR-INDEPENDENT-LAG-VARIABLE-ADMISSIBILITY-EXECUTION-01,CAND-0229,exact_lag_alias,not_triggered,inventory_evidence_not_triggered,unknown
QSB-PLANCK-BRIDGE-RESONATOR-INDEPENDENT-LAG-VARIABLE-ADMISSIBILITY-EXECUTION-01,CAND-0229,absolute_lag_alias,not_triggered,inventory_evidence_not_triggered,unknown
QSB-PLANCK-BRIDGE-RESONATOR-INDEPENDENT-LAG-VARIABLE-ADMISSIBILITY-EXECUTION-01,CAND-0229,pair_id_lookup_alias,not_triggered,inventory_evidence_not_triggered,unknown
QSB-PLANCK-BRIDGE-RESONATOR-INDEPENDENT-LAG-VARIABLE-ADMISSIBILITY-EXECUTION-01,CAND-0229,index_order_alias,not_triggered,inventory_evidence_not_triggered,unknown
QSB-PLANCK-BRIDGE-RESONATOR-INDEPENDENT-LAG-VARIABLE-ADMISSIBILITY-EXECUTION-01,CAND-0229,monotonic_lag_surrogate,not_triggered,inventory_evidence_not_triggered,unknown
QSB-PLANCK-BRIDGE-RESONATOR-INDEPENDENT-LAG-VARIABLE-ADMISSIBILITY-EXECUTION-01,CAND-0229,piecewise_lag_surrogate,not_triggered,inventory_evidence_not_triggered,unknown
QSB-PLANCK-BRIDGE-RESONATOR-INDEPENDENT-LAG-VARIABLE-ADMISSIBILITY-EXECUTION-01,CAND-0229,symmetry_only_alias,not_triggered,inventory_evidence_not_triggered,unknown
QSB-PLANCK-BRIDGE-RESONATOR-INDEPENDENT-LAG-VARIABLE-ADMISSIBILITY-EXECUTION-01,CAND-0229,phase_response_abs_lag_alias,not_triggered,inventory_evidence_not_triggered,unknown
QSB-PLANCK-BRIDGE-RESONATOR-INDEPENDENT-LAG-VARIABLE-ADMISSIBILITY-EXECUTION-01,CAND-0229,unknown_alias_risk,triggered,alias_risk_level=unknown; value_series_status=not_available,unknown
QSB-PLANCK-BRIDGE-RESONATOR-INDEPENDENT-LAG-VARIABLE-ADMISSIBILITY-EXECUTION-01,CAND-0230,exact_lag_alias,not_triggered,inventory_evidence_not_triggered,unknown
QSB-PLANCK-BRIDGE-RESONATOR-INDEPENDENT-LAG-VARIABLE-ADMISSIBILITY-EXECUTION-01,CAND-0230,absolute_lag_alias,not_triggered,inventory_evidence_not_triggered,unknown
QSB-PLANCK-BRIDGE-RESONATOR-INDEPENDENT-LAG-VARIABLE-ADMISSIBILITY-EXECUTION-01,CAND-0230,pair_id_lookup_alias,not_triggered,inventory_evidence_not_triggered,unknown
QSB-PLANCK-BRIDGE-RESONATOR-INDEPENDENT-LAG-VARIABLE-ADMISSIBILITY-EXECUTION-01,CAND-0230,index_order_alias,not_triggered,inventory_evidence_not_triggered,unknown
QSB-PLANCK-BRIDGE-RESONATOR-INDEPENDENT-LAG-VARIABLE-ADMISSIBILITY-EXECUTION-01,CAND-0230,monotonic_lag_surrogate,not_triggered,inventory_evidence_not_triggered,unknown
QSB-PLANCK-BRIDGE-RESONATOR-INDEPENDENT-LAG-VARIABLE-ADMISSIBILITY-EXECUTION-01,CAND-0230,piecewise_lag_surrogate,not_triggered,inventory_evidence_not_triggered,unknown
QSB-PLANCK-BRIDGE-RESONATOR-INDEPENDENT-LAG-VARIABLE-ADMISSIBILITY-EXECUTION-01,CAND-0230,symmetry_only_alias,not_triggered,inventory_evidence_not_triggered,unknown
QSB-PLANCK-BRIDGE-RESONATOR-INDEPENDENT-LAG-VARIABLE-ADMISSIBILITY-EXECUTION-01,CAND-0230,phase_response_abs_lag_alias,not_triggered,inventory_evidence_not_triggered,unknown
QSB-PLANCK-BRIDGE-RESONATOR-INDEPENDENT-LAG-VARIABLE-ADMISSIBILITY-EXECUTION-01,CAND-0230,unknown_alias_risk,triggered,alias_risk_level=unknown; value_series_status=not_available,unknown
QSB-PLANCK-BRIDGE-RESONATOR-INDEPENDENT-LAG-VARIABLE-ADMISSIBILITY-EXECUTION-01,CAND-0231,exact_lag_alias,not_triggered,inventory_evidence_not_triggered,unknown
QSB-PLANCK-BRIDGE-RESONATOR-INDEPENDENT-LAG-VARIABLE-ADMISSIBILITY-EXECUTION-01,CAND-0231,absolute_lag_alias,not_triggered,inventory_evidence_not_triggered,unknown
QSB-PLANCK-BRIDGE-RESONATOR-INDEPENDENT-LAG-VARIABLE-ADMISSIBILITY-EXECUTION-01,CAND-0231,pair_id_lookup_alias,not_triggered,inventory_evidence_not_triggered,unknown
QSB-PLANCK-BRIDGE-RESONATOR-INDEPENDENT-LAG-VARIABLE-ADMISSIBILITY-EXECUTION-01,CAND-0231,index_order_alias,not_triggered,inventory_evidence_not_triggered,unknown
QSB-PLANCK-BRIDGE-RESONATOR-INDEPENDENT-LAG-VARIABLE-ADMISSIBILITY-EXECUTION-01,CAND-0231,monotonic_lag_surrogate,not_triggered,inventory_evidence_not_triggered,unknown
QSB-PLANCK-BRIDGE-RESONATOR-INDEPENDENT-LAG-VARIABLE-ADMISSIBILITY-EXECUTION-01,CAND-0231,piecewise_lag_surrogate,not_triggered,inventory_evidence_not_triggered,unknown
QSB-PLANCK-BRIDGE-RESONATOR-INDEPENDENT-LAG-VARIABLE-ADMISSIBILITY-EXECUTION-01,CAND-0231,symmetry_only_alias,not_triggered,inventory_evidence_not_triggered,unknown
QSB-PLANCK-BRIDGE-RESONATOR-INDEPENDENT-LAG-VARIABLE-ADMISSIBILITY-EXECUTION-01,CAND-0231,phase_response_abs_lag_alias,not_triggered,inventory_evidence_not_triggered,unknown
QSB-PLANCK-BRIDGE-RESONATOR-INDEPENDENT-LAG-VARIABLE-ADMISSIBILITY-EXECUTION-01,CAND-0231,unknown_alias_risk,triggered,alias_risk_level=unknown; value_series_status=not_available,unknown
QSB-PLANCK-BRIDGE-RESONATOR-INDEPENDENT-LAG-VARIABLE-ADMISSIBILITY-EXECUTION-01,CAND-0232,exact_lag_alias,not_triggered,inventory_evidence_not_triggered,unknown
QSB-PLANCK-BRIDGE-RESONATOR-INDEPENDENT-LAG-VARIABLE-ADMISSIBILITY-EXECUTION-01,CAND-0232,absolute_lag_alias,not_triggered,inventory_evidence_not_triggered,unknown
QSB-PLANCK-BRIDGE-RESONATOR-INDEPENDENT-LAG-VARIABLE-ADMISSIBILITY-EXECUTION-01,CAND-0232,pair_id_lookup_alias,not_triggered,inventory_evidence_not_triggered,unknown
QSB-PLANCK-BRIDGE-RESONATOR-INDEPENDENT-LAG-VARIABLE-ADMISSIBILITY-EXECUTION-01,CAND-0232,index_order_alias,not_triggered,inventory_evidence_not_triggered,unknown
QSB-PLANCK-BRIDGE-RESONATOR-INDEPENDENT-LAG-VARIABLE-ADMISSIBILITY-EXECUTION-01,CAND-0232,monotonic_lag_surrogate,not_triggered,inventory_evidence_not_triggered,unknown
QSB-PLANCK-BRIDGE-RESONATOR-INDEPENDENT-LAG-VARIABLE-ADMISSIBILITY-EXECUTION-01,CAND-0232,piecewise_lag_surrogate,not_triggered,inventory_evidence_not_triggered,unknown
QSB-PLANCK-BRIDGE-RESONATOR-INDEPENDENT-LAG-VARIABLE-ADMISSIBILITY-EXECUTION-01,CAND-0232,symmetry_only_alias,not_triggered,inventory_evidence_not_triggered,unknown
QSB-PLANCK-BRIDGE-RESONATOR-INDEPENDENT-LAG-VARIABLE-ADMISSIBILITY-EXECUTION-01,CAND-0232,phase_response_abs_lag_alias,not_triggered,inventory_evidence_not_triggered,unknown
QSB-PLANCK-BRIDGE-RESONATOR-INDEPENDENT-LAG-VARIABLE-ADMISSIBILITY-EXECUTION-01,CAND-0232,unknown_alias_risk,triggered,alias_risk_level=unknown; value_series_status=not_available,unknown
QSB-PLANCK-BRIDGE-RESONATOR-INDEPENDENT-LAG-VARIABLE-ADMISSIBILITY-EXECUTION-01,CAND-0233,exact_lag_alias,not_triggered,inventory_evidence_not_triggered,unknown
QSB-PLANCK-BRIDGE-RESONATOR-INDEPENDENT-LAG-VARIABLE-ADMISSIBILITY-EXECUTION-01,CAND-0233,absolute_lag_alias,not_triggered,inventory_evidence_not_triggered,unknown
QSB-PLANCK-BRIDGE-RESONATOR-INDEPENDENT-LAG-VARIABLE-ADMISSIBILITY-EXECUTION-01,CAND-0233,pair_id_lookup_alias,not_triggered,inventory_evidence_not_triggered,unknown
QSB-PLANCK-BRIDGE-RESONATOR-INDEPENDENT-LAG-VARIABLE-ADMISSIBILITY-EXECUTION-01,CAND-0233,index_order_alias,not_triggered,inventory_evidence_not_triggered,unknown
QSB-PLANCK-BRIDGE-RESONATOR-INDEPENDENT-LAG-VARIABLE-ADMISSIBILITY-EXECUTION-01,CAND-0233,monotonic_lag_surrogate,not_triggered,inventory_evidence_not_triggered,unknown
QSB-PLANCK-BRIDGE-RESONATOR-INDEPENDENT-LAG-VARIABLE-ADMISSIBILITY-EXECUTION-01,CAND-0233,piecewise_lag_surrogate,not_triggered,inventory_evidence_not_triggered,unknown
QSB-PLANCK-BRIDGE-RESONATOR-INDEPENDENT-LAG-VARIABLE-ADMISSIBILITY-EXECUTION-01,CAND-0233,symmetry_only_alias,not_triggered,inventory_evidence_not_triggered,unknown
QSB-PLANCK-BRIDGE-RESONATOR-INDEPENDENT-LAG-VARIABLE-ADMISSIBILITY-EXECUTION-01,CAND-0233,phase_response_abs_lag_alias,not_triggered,inventory_evidence_not_triggered,unknown
QSB-PLANCK-BRIDGE-RESONATOR-INDEPENDENT-LAG-VARIABLE-ADMISSIBILITY-EXECUTION-01,CAND-0233,unknown_alias_risk,triggered,alias_risk_level=unknown; value_series_status=not_available,unknown
QSB-PLANCK-BRIDGE-RESONATOR-INDEPENDENT-LAG-VARIABLE-ADMISSIBILITY-EXECUTION-01,CAND-0234,exact_lag_alias,not_triggered,inventory_evidence_not_triggered,unknown
QSB-PLANCK-BRIDGE-RESONATOR-INDEPENDENT-LAG-VARIABLE-ADMISSIBILITY-EXECUTION-01,CAND-0234,absolute_lag_alias,not_triggered,inventory_evidence_not_triggered,unknown
QSB-PLANCK-BRIDGE-RESONATOR-INDEPENDENT-LAG-VARIABLE-ADMISSIBILITY-EXECUTION-01,CAND-0234,pair_id_lookup_alias,not_triggered,inventory_evidence_not_triggered,unknown
QSB-PLANCK-BRIDGE-RESONATOR-INDEPENDENT-LAG-VARIABLE-ADMISSIBILITY-EXECUTION-01,CAND-0234,index_order_alias,not_triggered,inventory_evidence_not_triggered,unknown
QSB-PLANCK-BRIDGE-RESONATOR-INDEPENDENT-LAG-VARIABLE-ADMISSIBILITY-EXECUTION-01,CAND-0234,monotonic_lag_surrogate,not_triggered,inventory_evidence_not_triggered,unknown
QSB-PLANCK-BRIDGE-RESONATOR-INDEPENDENT-LAG-VARIABLE-ADMISSIBILITY-EXECUTION-01,CAND-0234,piecewise_lag_surrogate,not_triggered,inventory_evidence_not_triggered,unknown
QSB-PLANCK-BRIDGE-RESONATOR-INDEPENDENT-LAG-VARIABLE-ADMISSIBILITY-EXECUTION-01,CAND-0234,symmetry_only_alias,not_triggered,inventory_evidence_not_triggered,unknown
QSB-PLANCK-BRIDGE-RESONATOR-INDEPENDENT-LAG-VARIABLE-ADMISSIBILITY-EXECUTION-01,CAND-0234,phase_response_abs_lag_alias,not_triggered,inventory_evidence_not_triggered,unknown
QSB-PLANCK-BRIDGE-RESONATOR-INDEPENDENT-LAG-VARIABLE-ADMISSIBILITY-EXECUTION-01,CAND-0234,unknown_alias_risk,triggered,alias_risk_level=unknown; value_series_status=not_available,unknown
QSB-PLANCK-BRIDGE-RESONATOR-INDEPENDENT-LAG-VARIABLE-ADMISSIBILITY-EXECUTION-01,CAND-0235,exact_lag_alias,not_triggered,inventory_evidence_not_triggered,unknown
QSB-PLANCK-BRIDGE-RESONATOR-INDEPENDENT-LAG-VARIABLE-ADMISSIBILITY-EXECUTION-01,CAND-0235,absolute_lag_alias,not_triggered,inventory_evidence_not_triggered,unknown
QSB-PLANCK-BRIDGE-RESONATOR-INDEPENDENT-LAG-VARIABLE-ADMISSIBILITY-EXECUTION-01,CAND-0235,pair_id_lookup_alias,not_triggered,inventory_evidence_not_triggered,unknown
QSB-PLANCK-BRIDGE-RESONATOR-INDEPENDENT-LAG-VARIABLE-ADMISSIBILITY-EXECUTION-01,CAND-0235,index_order_alias,not_triggered,inventory_evidence_not_triggered,unknown
QSB-PLANCK-BRIDGE-RESONATOR-INDEPENDENT-LAG-VARIABLE-ADMISSIBILITY-EXECUTION-01,CAND-0235,monotonic_lag_surrogate,not_triggered,inventory_evidence_not_triggered,unknown
QSB-PLANCK-BRIDGE-RESONATOR-INDEPENDENT-LAG-VARIABLE-ADMISSIBILITY-EXECUTION-01,CAND-0235,piecewise_lag_surrogate,not_triggered,inventory_evidence_not_triggered,unknown
QSB-PLANCK-BRIDGE-RESONATOR-INDEPENDENT-LAG-VARIABLE-ADMISSIBILITY-EXECUTION-01,CAND-0235,symmetry_only_alias,not_triggered,inventory_evidence_not_triggered,unknown
QSB-PLANCK-BRIDGE-RESONATOR-INDEPENDENT-LAG-VARIABLE-ADMISSIBILITY-EXECUTION-01,CAND-0235,phase_response_abs_lag_alias,not_triggered,inventory_evidence_not_triggered,unknown
QSB-PLANCK-BRIDGE-RESONATOR-INDEPENDENT-LAG-VARIABLE-ADMISSIBILITY-EXECUTION-01,CAND-0235,unknown_alias_risk,triggered,alias_risk_level=unknown; value_series_status=not_available,unknown
QSB-PLANCK-BRIDGE-RESONATOR-INDEPENDENT-LAG-VARIABLE-ADMISSIBILITY-EXECUTION-01,CAND-0236,exact_lag_alias,not_triggered,inventory_evidence_not_triggered,unknown
QSB-PLANCK-BRIDGE-RESONATOR-INDEPENDENT-LAG-VARIABLE-ADMISSIBILITY-EXECUTION-01,CAND-0236,absolute_lag_alias,not_triggered,inventory_evidence_not_triggered,unknown
QSB-PLANCK-BRIDGE-RESONATOR-INDEPENDENT-LAG-VARIABLE-ADMISSIBILITY-EXECUTION-01,CAND-0236,pair_id_lookup_alias,not_triggered,inventory_evidence_not_triggered,unknown
QSB-PLANCK-BRIDGE-RESONATOR-INDEPENDENT-LAG-VARIABLE-ADMISSIBILITY-EXECUTION-01,CAND-0236,index_order_alias,not_triggered,inventory_evidence_not_triggered,unknown
QSB-PLANCK-BRIDGE-RESONATOR-INDEPENDENT-LAG-VARIABLE-ADMISSIBILITY-EXECUTION-01,CAND-0236,monotonic_lag_surrogate,not_triggered,inventory_evidence_not_triggered,unknown
QSB-PLANCK-BRIDGE-RESONATOR-INDEPENDENT-LAG-VARIABLE-ADMISSIBILITY-EXECUTION-01,CAND-0236,piecewise_lag_surrogate,not_triggered,inventory_evidence_not_triggered,unknown
QSB-PLANCK-BRIDGE-RESONATOR-INDEPENDENT-LAG-VARIABLE-ADMISSIBILITY-EXECUTION-01,CAND-0236,symmetry_only_alias,not_triggered,inventory_evidence_not_triggered,unknown
QSB-PLANCK-BRIDGE-RESONATOR-INDEPENDENT-LAG-VARIABLE-ADMISSIBILITY-EXECUTION-01,CAND-0236,phase_response_abs_lag_alias,not_triggered,inventory_evidence_not_triggered,unknown
QSB-PLANCK-BRIDGE-RESONATOR-INDEPENDENT-LAG-VARIABLE-ADMISSIBILITY-EXECUTION-01,CAND-0236,unknown_alias_risk,triggered,alias_risk_level=unknown; value_series_status=not_available,unknown
QSB-PLANCK-BRIDGE-RESONATOR-INDEPENDENT-LAG-VARIABLE-ADMISSIBILITY-EXECUTION-01,CAND-0237,exact_lag_alias,not_triggered,inventory_evidence_not_triggered,unknown
QSB-PLANCK-BRIDGE-RESONATOR-INDEPENDENT-LAG-VARIABLE-ADMISSIBILITY-EXECUTION-01,CAND-0237,absolute_lag_alias,not_triggered,inventory_evidence_not_triggered,unknown
QSB-PLANCK-BRIDGE-RESONATOR-INDEPENDENT-LAG-VARIABLE-ADMISSIBILITY-EXECUTION-01,CAND-0237,pair_id_lookup_alias,not_triggered,inventory_evidence_not_triggered,unknown
QSB-PLANCK-BRIDGE-RESONATOR-INDEPENDENT-LAG-VARIABLE-ADMISSIBILITY-EXECUTION-01,CAND-0237,index_order_alias,not_triggered,inventory_evidence_not_triggered,unknown
QSB-PLANCK-BRIDGE-RESONATOR-INDEPENDENT-LAG-VARIABLE-ADMISSIBILITY-EXECUTION-01,CAND-0237,monotonic_lag_surrogate,not_triggered,inventory_evidence_not_triggered,unknown
QSB-PLANCK-BRIDGE-RESONATOR-INDEPENDENT-LAG-VARIABLE-ADMISSIBILITY-EXECUTION-01,CAND-0237,piecewise_lag_surrogate,not_triggered,inventory_evidence_not_triggered,unknown
QSB-PLANCK-BRIDGE-RESONATOR-INDEPENDENT-LAG-VARIABLE-ADMISSIBILITY-EXECUTION-01,CAND-0237,symmetry_only_alias,not_triggered,inventory_evidence_not_triggered,unknown
QSB-PLANCK-BRIDGE-RESONATOR-INDEPENDENT-LAG-VARIABLE-ADMISSIBILITY-EXECUTION-01,CAND-0237,phase_response_abs_lag_alias,not_triggered,inventory_evidence_not_triggered,unknown
QSB-PLANCK-BRIDGE-RESONATOR-INDEPENDENT-LAG-VARIABLE-ADMISSIBILITY-EXECUTION-01,CAND-0237,unknown_alias_risk,triggered,alias_risk_level=unknown; value_series_status=not_available,unknown
QSB-PLANCK-BRIDGE-RESONATOR-INDEPENDENT-LAG-VARIABLE-ADMISSIBILITY-EXECUTION-01,CAND-0238,exact_lag_alias,not_triggered,inventory_evidence_not_triggered,unknown
QSB-PLANCK-BRIDGE-RESONATOR-INDEPENDENT-LAG-VARIABLE-ADMISSIBILITY-EXECUTION-01,CAND-0238,absolute_lag_alias,not_triggered,inventory_evidence_not_triggered,unknown
QSB-PLANCK-BRIDGE-RESONATOR-INDEPENDENT-LAG-VARIABLE-ADMISSIBILITY-EXECUTION-01,CAND-0238,pair_id_lookup_alias,not_triggered,inventory_evidence_not_triggered,unknown
QSB-PLANCK-BRIDGE-RESONATOR-INDEPENDENT-LAG-VARIABLE-ADMISSIBILITY-EXECUTION-01,CAND-0238,index_order_alias,not_triggered,inventory_evidence_not_triggered,unknown
QSB-PLANCK-BRIDGE-RESONATOR-INDEPENDENT-LAG-VARIABLE-ADMISSIBILITY-EXECUTION-01,CAND-0238,monotonic_lag_surrogate,not_triggered,inventory_evidence_not_triggered,unknown
QSB-PLANCK-BRIDGE-RESONATOR-INDEPENDENT-LAG-VARIABLE-ADMISSIBILITY-EXECUTION-01,CAND-0238,piecewise_lag_surrogate,not_triggered,inventory_evidence_not_triggered,unknown
QSB-PLANCK-BRIDGE-RESONATOR-INDEPENDENT-LAG-VARIABLE-ADMISSIBILITY-EXECUTION-01,CAND-0238,symmetry_only_alias,not_triggered,inventory_evidence_not_triggered,unknown
QSB-PLANCK-BRIDGE-RESONATOR-INDEPENDENT-LAG-VARIABLE-ADMISSIBILITY-EXECUTION-01,CAND-0238,phase_response_abs_lag_alias,not_triggered,inventory_evidence_not_triggered,unknown
QSB-PLANCK-BRIDGE-RESONATOR-INDEPENDENT-LAG-VARIABLE-ADMISSIBILITY-EXECUTION-01,CAND-0238,unknown_alias_risk,triggered,alias_risk_level=unknown; value_series_status=not_available,unknown
QSB-PLANCK-BRIDGE-RESONATOR-INDEPENDENT-LAG-VARIABLE-ADMISSIBILITY-EXECUTION-01,CAND-0239,exact_lag_alias,not_triggered,inventory_evidence_not_triggered,unknown
QSB-PLANCK-BRIDGE-RESONATOR-INDEPENDENT-LAG-VARIABLE-ADMISSIBILITY-EXECUTION-01,CAND-0239,absolute_lag_alias,not_triggered,inventory_evidence_not_triggered,unknown
QSB-PLANCK-BRIDGE-RESONATOR-INDEPENDENT-LAG-VARIABLE-ADMISSIBILITY-EXECUTION-01,CAND-0239,pair_id_lookup_alias,not_triggered,inventory_evidence_not_triggered,unknown
QSB-PLANCK-BRIDGE-RESONATOR-INDEPENDENT-LAG-VARIABLE-ADMISSIBILITY-EXECUTION-01,CAND-0239,index_order_alias,not_triggered,inventory_evidence_not_triggered,unknown
QSB-PLANCK-BRIDGE-RESONATOR-INDEPENDENT-LAG-VARIABLE-ADMISSIBILITY-EXECUTION-01,CAND-0239,monotonic_lag_surrogate,not_triggered,inventory_evidence_not_triggered,unknown
QSB-PLANCK-BRIDGE-RESONATOR-INDEPENDENT-LAG-VARIABLE-ADMISSIBILITY-EXECUTION-01,CAND-0239,piecewise_lag_surrogate,not_triggered,inventory_evidence_not_triggered,unknown
QSB-PLANCK-BRIDGE-RESONATOR-INDEPENDENT-LAG-VARIABLE-ADMISSIBILITY-EXECUTION-01,CAND-0239,symmetry_only_alias,not_triggered,inventory_evidence_not_triggered,unknown
QSB-PLANCK-BRIDGE-RESONATOR-INDEPENDENT-LAG-VARIABLE-ADMISSIBILITY-EXECUTION-01,CAND-0239,phase_response_abs_lag_alias,not_triggered,inventory_evidence_not_triggered,unknown
QSB-PLANCK-BRIDGE-RESONATOR-INDEPENDENT-LAG-VARIABLE-ADMISSIBILITY-EXECUTION-01,CAND-0239,unknown_alias_risk,triggered,alias_risk_level=unknown; value_series_status=not_available,unknown
QSB-PLANCK-BRIDGE-RESONATOR-INDEPENDENT-LAG-VARIABLE-ADMISSIBILITY-EXECUTION-01,CAND-0240,exact_lag_alias,not_triggered,inventory_evidence_not_triggered,unknown
QSB-PLANCK-BRIDGE-RESONATOR-INDEPENDENT-LAG-VARIABLE-ADMISSIBILITY-EXECUTION-01,CAND-0240,absolute_lag_alias,not_triggered,inventory_evidence_not_triggered,unknown
QSB-PLANCK-BRIDGE-RESONATOR-INDEPENDENT-LAG-VARIABLE-ADMISSIBILITY-EXECUTION-01,CAND-0240,pair_id_lookup_alias,not_triggered,inventory_evidence_not_triggered,unknown
QSB-PLANCK-BRIDGE-RESONATOR-INDEPENDENT-LAG-VARIABLE-ADMISSIBILITY-EXECUTION-01,CAND-0240,index_order_alias,not_triggered,inventory_evidence_not_triggered,unknown
QSB-PLANCK-BRIDGE-RESONATOR-INDEPENDENT-LAG-VARIABLE-ADMISSIBILITY-EXECUTION-01,CAND-0240,monotonic_lag_surrogate,not_triggered,inventory_evidence_not_triggered,unknown
QSB-PLANCK-BRIDGE-RESONATOR-INDEPENDENT-LAG-VARIABLE-ADMISSIBILITY-EXECUTION-01,CAND-0240,piecewise_lag_surrogate,not_triggered,inventory_evidence_not_triggered,unknown
QSB-PLANCK-BRIDGE-RESONATOR-INDEPENDENT-LAG-VARIABLE-ADMISSIBILITY-EXECUTION-01,CAND-0240,symmetry_only_alias,not_triggered,inventory_evidence_not_triggered,unknown
QSB-PLANCK-BRIDGE-RESONATOR-INDEPENDENT-LAG-VARIABLE-ADMISSIBILITY-EXECUTION-01,CAND-0240,phase_response_abs_lag_alias,not_triggered,inventory_evidence_not_triggered,unknown
QSB-PLANCK-BRIDGE-RESONATOR-INDEPENDENT-LAG-VARIABLE-ADMISSIBILITY-EXECUTION-01,CAND-0240,unknown_alias_risk,triggered,alias_risk_level=unknown; value_series_status=not_available,unknown
QSB-PLANCK-BRIDGE-RESONATOR-INDEPENDENT-LAG-VARIABLE-ADMISSIBILITY-EXECUTION-01,CAND-0241,exact_lag_alias,not_triggered,inventory_evidence_not_triggered,unknown
QSB-PLANCK-BRIDGE-RESONATOR-INDEPENDENT-LAG-VARIABLE-ADMISSIBILITY-EXECUTION-01,CAND-0241,absolute_lag_alias,not_triggered,inventory_evidence_not_triggered,unknown
QSB-PLANCK-BRIDGE-RESONATOR-INDEPENDENT-LAG-VARIABLE-ADMISSIBILITY-EXECUTION-01,CAND-0241,pair_id_lookup_alias,not_triggered,inventory_evidence_not_triggered,unknown
QSB-PLANCK-BRIDGE-RESONATOR-INDEPENDENT-LAG-VARIABLE-ADMISSIBILITY-EXECUTION-01,CAND-0241,index_order_alias,not_triggered,inventory_evidence_not_triggered,unknown
QSB-PLANCK-BRIDGE-RESONATOR-INDEPENDENT-LAG-VARIABLE-ADMISSIBILITY-EXECUTION-01,CAND-0241,monotonic_lag_surrogate,not_triggered,inventory_evidence_not_triggered,unknown
QSB-PLANCK-BRIDGE-RESONATOR-INDEPENDENT-LAG-VARIABLE-ADMISSIBILITY-EXECUTION-01,CAND-0241,piecewise_lag_surrogate,not_triggered,inventory_evidence_not_triggered,unknown
QSB-PLANCK-BRIDGE-RESONATOR-INDEPENDENT-LAG-VARIABLE-ADMISSIBILITY-EXECUTION-01,CAND-0241,symmetry_only_alias,not_triggered,inventory_evidence_not_triggered,unknown
QSB-PLANCK-BRIDGE-RESONATOR-INDEPENDENT-LAG-VARIABLE-ADMISSIBILITY-EXECUTION-01,CAND-0241,phase_response_abs_lag_alias,not_triggered,inventory_evidence_not_triggered,unknown
QSB-PLANCK-BRIDGE-RESONATOR-INDEPENDENT-LAG-VARIABLE-ADMISSIBILITY-EXECUTION-01,CAND-0241,unknown_alias_risk,triggered,alias_risk_level=unknown; value_series_status=not_available,unknown
QSB-PLANCK-BRIDGE-RESONATOR-INDEPENDENT-LAG-VARIABLE-ADMISSIBILITY-EXECUTION-01,CAND-0242,exact_lag_alias,not_triggered,inventory_evidence_not_triggered,unknown
QSB-PLANCK-BRIDGE-RESONATOR-INDEPENDENT-LAG-VARIABLE-ADMISSIBILITY-EXECUTION-01,CAND-0242,absolute_lag_alias,not_triggered,inventory_evidence_not_triggered,unknown
QSB-PLANCK-BRIDGE-RESONATOR-INDEPENDENT-LAG-VARIABLE-ADMISSIBILITY-EXECUTION-01,CAND-0242,pair_id_lookup_alias,not_triggered,inventory_evidence_not_triggered,unknown
QSB-PLANCK-BRIDGE-RESONATOR-INDEPENDENT-LAG-VARIABLE-ADMISSIBILITY-EXECUTION-01,CAND-0242,index_order_alias,not_triggered,inventory_evidence_not_triggered,unknown
QSB-PLANCK-BRIDGE-RESONATOR-INDEPENDENT-LAG-VARIABLE-ADMISSIBILITY-EXECUTION-01,CAND-0242,monotonic_lag_surrogate,not_triggered,inventory_evidence_not_triggered,unknown
QSB-PLANCK-BRIDGE-RESONATOR-INDEPENDENT-LAG-VARIABLE-ADMISSIBILITY-EXECUTION-01,CAND-0242,piecewise_lag_surrogate,not_triggered,inventory_evidence_not_triggered,unknown
QSB-PLANCK-BRIDGE-RESONATOR-INDEPENDENT-LAG-VARIABLE-ADMISSIBILITY-EXECUTION-01,CAND-0242,symmetry_only_alias,not_triggered,inventory_evidence_not_triggered,unknown
QSB-PLANCK-BRIDGE-RESONATOR-INDEPENDENT-LAG-VARIABLE-ADMISSIBILITY-EXECUTION-01,CAND-0242,phase_response_abs_lag_alias,not_triggered,inventory_evidence_not_triggered,unknown
QSB-PLANCK-BRIDGE-RESONATOR-INDEPENDENT-LAG-VARIABLE-ADMISSIBILITY-EXECUTION-01,CAND-0242,unknown_alias_risk,triggered,alias_risk_level=unknown; value_series_status=not_available,unknown
QSB-PLANCK-BRIDGE-RESONATOR-INDEPENDENT-LAG-VARIABLE-ADMISSIBILITY-EXECUTION-01,CAND-0243,exact_lag_alias,not_triggered,inventory_evidence_not_triggered,unknown
QSB-PLANCK-BRIDGE-RESONATOR-INDEPENDENT-LAG-VARIABLE-ADMISSIBILITY-EXECUTION-01,CAND-0243,absolute_lag_alias,not_triggered,inventory_evidence_not_triggered,unknown
QSB-PLANCK-BRIDGE-RESONATOR-INDEPENDENT-LAG-VARIABLE-ADMISSIBILITY-EXECUTION-01,CAND-0243,pair_id_lookup_alias,not_triggered,inventory_evidence_not_triggered,unknown
QSB-PLANCK-BRIDGE-RESONATOR-INDEPENDENT-LAG-VARIABLE-ADMISSIBILITY-EXECUTION-01,CAND-0243,index_order_alias,not_triggered,inventory_evidence_not_triggered,unknown
QSB-PLANCK-BRIDGE-RESONATOR-INDEPENDENT-LAG-VARIABLE-ADMISSIBILITY-EXECUTION-01,CAND-0243,monotonic_lag_surrogate,not_triggered,inventory_evidence_not_triggered,unknown
QSB-PLANCK-BRIDGE-RESONATOR-INDEPENDENT-LAG-VARIABLE-ADMISSIBILITY-EXECUTION-01,CAND-0243,piecewise_lag_surrogate,not_triggered,inventory_evidence_not_triggered,unknown
QSB-PLANCK-BRIDGE-RESONATOR-INDEPENDENT-LAG-VARIABLE-ADMISSIBILITY-EXECUTION-01,CAND-0243,symmetry_only_alias,not_triggered,inventory_evidence_not_triggered,unknown
QSB-PLANCK-BRIDGE-RESONATOR-INDEPENDENT-LAG-VARIABLE-ADMISSIBILITY-EXECUTION-01,CAND-0243,phase_response_abs_lag_alias,not_triggered,inventory_evidence_not_triggered,unknown
QSB-PLANCK-BRIDGE-RESONATOR-INDEPENDENT-LAG-VARIABLE-ADMISSIBILITY-EXECUTION-01,CAND-0243,unknown_alias_risk,triggered,alias_risk_level=unknown; value_series_status=not_available,unknown
QSB-PLANCK-BRIDGE-RESONATOR-INDEPENDENT-LAG-VARIABLE-ADMISSIBILITY-EXECUTION-01,CAND-0244,exact_lag_alias,not_triggered,inventory_evidence_not_triggered,unknown
QSB-PLANCK-BRIDGE-RESONATOR-INDEPENDENT-LAG-VARIABLE-ADMISSIBILITY-EXECUTION-01,CAND-0244,absolute_lag_alias,not_triggered,inventory_evidence_not_triggered,unknown
QSB-PLANCK-BRIDGE-RESONATOR-INDEPENDENT-LAG-VARIABLE-ADMISSIBILITY-EXECUTION-01,CAND-0244,pair_id_lookup_alias,not_triggered,inventory_evidence_not_triggered,unknown
QSB-PLANCK-BRIDGE-RESONATOR-INDEPENDENT-LAG-VARIABLE-ADMISSIBILITY-EXECUTION-01,CAND-0244,index_order_alias,not_triggered,inventory_evidence_not_triggered,unknown
QSB-PLANCK-BRIDGE-RESONATOR-INDEPENDENT-LAG-VARIABLE-ADMISSIBILITY-EXECUTION-01,CAND-0244,monotonic_lag_surrogate,not_triggered,inventory_evidence_not_triggered,unknown
QSB-PLANCK-BRIDGE-RESONATOR-INDEPENDENT-LAG-VARIABLE-ADMISSIBILITY-EXECUTION-01,CAND-0244,piecewise_lag_surrogate,not_triggered,inventory_evidence_not_triggered,unknown
QSB-PLANCK-BRIDGE-RESONATOR-INDEPENDENT-LAG-VARIABLE-ADMISSIBILITY-EXECUTION-01,CAND-0244,symmetry_only_alias,not_triggered,inventory_evidence_not_triggered,unknown
QSB-PLANCK-BRIDGE-RESONATOR-INDEPENDENT-LAG-VARIABLE-ADMISSIBILITY-EXECUTION-01,CAND-0244,phase_response_abs_lag_alias,not_triggered,inventory_evidence_not_triggered,unknown
QSB-PLANCK-BRIDGE-RESONATOR-INDEPENDENT-LAG-VARIABLE-ADMISSIBILITY-EXECUTION-01,CAND-0244,unknown_alias_risk,triggered,alias_risk_level=unknown; value_series_status=not_available,unknown
QSB-PLANCK-BRIDGE-RESONATOR-INDEPENDENT-LAG-VARIABLE-ADMISSIBILITY-EXECUTION-01,CAND-0245,exact_lag_alias,not_triggered,inventory_evidence_not_triggered,unknown
QSB-PLANCK-BRIDGE-RESONATOR-INDEPENDENT-LAG-VARIABLE-ADMISSIBILITY-EXECUTION-01,CAND-0245,absolute_lag_alias,not_triggered,inventory_evidence_not_triggered,unknown
QSB-PLANCK-BRIDGE-RESONATOR-INDEPENDENT-LAG-VARIABLE-ADMISSIBILITY-EXECUTION-01,CAND-0245,pair_id_lookup_alias,not_triggered,inventory_evidence_not_triggered,unknown
QSB-PLANCK-BRIDGE-RESONATOR-INDEPENDENT-LAG-VARIABLE-ADMISSIBILITY-EXECUTION-01,CAND-0245,index_order_alias,not_triggered,inventory_evidence_not_triggered,unknown
QSB-PLANCK-BRIDGE-RESONATOR-INDEPENDENT-LAG-VARIABLE-ADMISSIBILITY-EXECUTION-01,CAND-0245,monotonic_lag_surrogate,not_triggered,inventory_evidence_not_triggered,unknown
QSB-PLANCK-BRIDGE-RESONATOR-INDEPENDENT-LAG-VARIABLE-ADMISSIBILITY-EXECUTION-01,CAND-0245,piecewise_lag_surrogate,not_triggered,inventory_evidence_not_triggered,unknown
QSB-PLANCK-BRIDGE-RESONATOR-INDEPENDENT-LAG-VARIABLE-ADMISSIBILITY-EXECUTION-01,CAND-0245,symmetry_only_alias,not_triggered,inventory_evidence_not_triggered,unknown
QSB-PLANCK-BRIDGE-RESONATOR-INDEPENDENT-LAG-VARIABLE-ADMISSIBILITY-EXECUTION-01,CAND-0245,phase_response_abs_lag_alias,not_triggered,inventory_evidence_not_triggered,unknown
QSB-PLANCK-BRIDGE-RESONATOR-INDEPENDENT-LAG-VARIABLE-ADMISSIBILITY-EXECUTION-01,CAND-0245,unknown_alias_risk,triggered,alias_risk_level=unknown; value_series_status=not_available,unknown
QSB-PLANCK-BRIDGE-RESONATOR-INDEPENDENT-LAG-VARIABLE-ADMISSIBILITY-EXECUTION-01,CAND-0246,exact_lag_alias,not_triggered,inventory_evidence_not_triggered,unknown
QSB-PLANCK-BRIDGE-RESONATOR-INDEPENDENT-LAG-VARIABLE-ADMISSIBILITY-EXECUTION-01,CAND-0246,absolute_lag_alias,not_triggered,inventory_evidence_not_triggered,unknown
QSB-PLANCK-BRIDGE-RESONATOR-INDEPENDENT-LAG-VARIABLE-ADMISSIBILITY-EXECUTION-01,CAND-0246,pair_id_lookup_alias,not_triggered,inventory_evidence_not_triggered,unknown
QSB-PLANCK-BRIDGE-RESONATOR-INDEPENDENT-LAG-VARIABLE-ADMISSIBILITY-EXECUTION-01,CAND-0246,index_order_alias,not_triggered,inventory_evidence_not_triggered,unknown
QSB-PLANCK-BRIDGE-RESONATOR-INDEPENDENT-LAG-VARIABLE-ADMISSIBILITY-EXECUTION-01,CAND-0246,monotonic_lag_surrogate,not_triggered,inventory_evidence_not_triggered,unknown
QSB-PLANCK-BRIDGE-RESONATOR-INDEPENDENT-LAG-VARIABLE-ADMISSIBILITY-EXECUTION-01,CAND-0246,piecewise_lag_surrogate,not_triggered,inventory_evidence_not_triggered,unknown
QSB-PLANCK-BRIDGE-RESONATOR-INDEPENDENT-LAG-VARIABLE-ADMISSIBILITY-EXECUTION-01,CAND-0246,symmetry_only_alias,not_triggered,inventory_evidence_not_triggered,unknown
QSB-PLANCK-BRIDGE-RESONATOR-INDEPENDENT-LAG-VARIABLE-ADMISSIBILITY-EXECUTION-01,CAND-0246,phase_response_abs_lag_alias,not_triggered,inventory_evidence_not_triggered,unknown
QSB-PLANCK-BRIDGE-RESONATOR-INDEPENDENT-LAG-VARIABLE-ADMISSIBILITY-EXECUTION-01,CAND-0246,unknown_alias_risk,triggered,alias_risk_level=unknown; value_series_status=not_available,unknown
QSB-PLANCK-BRIDGE-RESONATOR-INDEPENDENT-LAG-VARIABLE-ADMISSIBILITY-EXECUTION-01,CAND-0247,exact_lag_alias,not_triggered,inventory_evidence_not_triggered,unknown
QSB-PLANCK-BRIDGE-RESONATOR-INDEPENDENT-LAG-VARIABLE-ADMISSIBILITY-EXECUTION-01,CAND-0247,absolute_lag_alias,not_triggered,inventory_evidence_not_triggered,unknown
QSB-PLANCK-BRIDGE-RESONATOR-INDEPENDENT-LAG-VARIABLE-ADMISSIBILITY-EXECUTION-01,CAND-0247,pair_id_lookup_alias,not_triggered,inventory_evidence_not_triggered,unknown
QSB-PLANCK-BRIDGE-RESONATOR-INDEPENDENT-LAG-VARIABLE-ADMISSIBILITY-EXECUTION-01,CAND-0247,index_order_alias,not_triggered,inventory_evidence_not_triggered,unknown
QSB-PLANCK-BRIDGE-RESONATOR-INDEPENDENT-LAG-VARIABLE-ADMISSIBILITY-EXECUTION-01,CAND-0247,monotonic_lag_surrogate,not_triggered,inventory_evidence_not_triggered,unknown
QSB-PLANCK-BRIDGE-RESONATOR-INDEPENDENT-LAG-VARIABLE-ADMISSIBILITY-EXECUTION-01,CAND-0247,piecewise_lag_surrogate,not_triggered,inventory_evidence_not_triggered,unknown
QSB-PLANCK-BRIDGE-RESONATOR-INDEPENDENT-LAG-VARIABLE-ADMISSIBILITY-EXECUTION-01,CAND-0247,symmetry_only_alias,not_triggered,inventory_evidence_not_triggered,unknown
QSB-PLANCK-BRIDGE-RESONATOR-INDEPENDENT-LAG-VARIABLE-ADMISSIBILITY-EXECUTION-01,CAND-0247,phase_response_abs_lag_alias,not_triggered,inventory_evidence_not_triggered,unknown
QSB-PLANCK-BRIDGE-RESONATOR-INDEPENDENT-LAG-VARIABLE-ADMISSIBILITY-EXECUTION-01,CAND-0247,unknown_alias_risk,triggered,alias_risk_level=unknown; value_series_status=not_available,unknown
QSB-PLANCK-BRIDGE-RESONATOR-INDEPENDENT-LAG-VARIABLE-ADMISSIBILITY-EXECUTION-01,CAND-0248,exact_lag_alias,not_triggered,inventory_evidence_not_triggered,unknown
QSB-PLANCK-BRIDGE-RESONATOR-INDEPENDENT-LAG-VARIABLE-ADMISSIBILITY-EXECUTION-01,CAND-0248,absolute_lag_alias,not_triggered,inventory_evidence_not_triggered,unknown
QSB-PLANCK-BRIDGE-RESONATOR-INDEPENDENT-LAG-VARIABLE-ADMISSIBILITY-EXECUTION-01,CAND-0248,pair_id_lookup_alias,not_triggered,inventory_evidence_not_triggered,unknown
QSB-PLANCK-BRIDGE-RESONATOR-INDEPENDENT-LAG-VARIABLE-ADMISSIBILITY-EXECUTION-01,CAND-0248,index_order_alias,not_triggered,inventory_evidence_not_triggered,unknown
QSB-PLANCK-BRIDGE-RESONATOR-INDEPENDENT-LAG-VARIABLE-ADMISSIBILITY-EXECUTION-01,CAND-0248,monotonic_lag_surrogate,not_triggered,inventory_evidence_not_triggered,unknown
QSB-PLANCK-BRIDGE-RESONATOR-INDEPENDENT-LAG-VARIABLE-ADMISSIBILITY-EXECUTION-01,CAND-0248,piecewise_lag_surrogate,not_triggered,inventory_evidence_not_triggered,unknown
QSB-PLANCK-BRIDGE-RESONATOR-INDEPENDENT-LAG-VARIABLE-ADMISSIBILITY-EXECUTION-01,CAND-0248,symmetry_only_alias,not_triggered,inventory_evidence_not_triggered,unknown
QSB-PLANCK-BRIDGE-RESONATOR-INDEPENDENT-LAG-VARIABLE-ADMISSIBILITY-EXECUTION-01,CAND-0248,phase_response_abs_lag_alias,not_triggered,inventory_evidence_not_triggered,unknown
QSB-PLANCK-BRIDGE-RESONATOR-INDEPENDENT-LAG-VARIABLE-ADMISSIBILITY-EXECUTION-01,CAND-0248,unknown_alias_risk,triggered,alias_risk_level=unknown; value_series_status=not_available,unknown
QSB-PLANCK-BRIDGE-RESONATOR-INDEPENDENT-LAG-VARIABLE-ADMISSIBILITY-EXECUTION-01,CAND-0249,exact_lag_alias,not_triggered,inventory_evidence_not_triggered,unknown
QSB-PLANCK-BRIDGE-RESONATOR-INDEPENDENT-LAG-VARIABLE-ADMISSIBILITY-EXECUTION-01,CAND-0249,absolute_lag_alias,not_triggered,inventory_evidence_not_triggered,unknown
QSB-PLANCK-BRIDGE-RESONATOR-INDEPENDENT-LAG-VARIABLE-ADMISSIBILITY-EXECUTION-01,CAND-0249,pair_id_lookup_alias,not_triggered,inventory_evidence_not_triggered,unknown
QSB-PLANCK-BRIDGE-RESONATOR-INDEPENDENT-LAG-VARIABLE-ADMISSIBILITY-EXECUTION-01,CAND-0249,index_order_alias,not_triggered,inventory_evidence_not_triggered,unknown
QSB-PLANCK-BRIDGE-RESONATOR-INDEPENDENT-LAG-VARIABLE-ADMISSIBILITY-EXECUTION-01,CAND-0249,monotonic_lag_surrogate,not_triggered,inventory_evidence_not_triggered,unknown
QSB-PLANCK-BRIDGE-RESONATOR-INDEPENDENT-LAG-VARIABLE-ADMISSIBILITY-EXECUTION-01,CAND-0249,piecewise_lag_surrogate,not_triggered,inventory_evidence_not_triggered,unknown
QSB-PLANCK-BRIDGE-RESONATOR-INDEPENDENT-LAG-VARIABLE-ADMISSIBILITY-EXECUTION-01,CAND-0249,symmetry_only_alias,not_triggered,inventory_evidence_not_triggered,unknown
QSB-PLANCK-BRIDGE-RESONATOR-INDEPENDENT-LAG-VARIABLE-ADMISSIBILITY-EXECUTION-01,CAND-0249,phase_response_abs_lag_alias,not_triggered,inventory_evidence_not_triggered,unknown
QSB-PLANCK-BRIDGE-RESONATOR-INDEPENDENT-LAG-VARIABLE-ADMISSIBILITY-EXECUTION-01,CAND-0249,unknown_alias_risk,triggered,alias_risk_level=unknown; value_series_status=not_available,unknown
QSB-PLANCK-BRIDGE-RESONATOR-INDEPENDENT-LAG-VARIABLE-ADMISSIBILITY-EXECUTION-01,CAND-0250,exact_lag_alias,not_triggered,inventory_evidence_not_triggered,unknown
QSB-PLANCK-BRIDGE-RESONATOR-INDEPENDENT-LAG-VARIABLE-ADMISSIBILITY-EXECUTION-01,CAND-0250,absolute_lag_alias,not_triggered,inventory_evidence_not_triggered,unknown
QSB-PLANCK-BRIDGE-RESONATOR-INDEPENDENT-LAG-VARIABLE-ADMISSIBILITY-EXECUTION-01,CAND-0250,pair_id_lookup_alias,not_triggered,inventory_evidence_not_triggered,unknown
QSB-PLANCK-BRIDGE-RESONATOR-INDEPENDENT-LAG-VARIABLE-ADMISSIBILITY-EXECUTION-01,CAND-0250,index_order_alias,not_triggered,inventory_evidence_not_triggered,unknown
QSB-PLANCK-BRIDGE-RESONATOR-INDEPENDENT-LAG-VARIABLE-ADMISSIBILITY-EXECUTION-01,CAND-0250,monotonic_lag_surrogate,not_triggered,inventory_evidence_not_triggered,unknown
QSB-PLANCK-BRIDGE-RESONATOR-INDEPENDENT-LAG-VARIABLE-ADMISSIBILITY-EXECUTION-01,CAND-0250,piecewise_lag_surrogate,not_triggered,inventory_evidence_not_triggered,unknown
QSB-PLANCK-BRIDGE-RESONATOR-INDEPENDENT-LAG-VARIABLE-ADMISSIBILITY-EXECUTION-01,CAND-0250,symmetry_only_alias,not_triggered,inventory_evidence_not_triggered,unknown
QSB-PLANCK-BRIDGE-RESONATOR-INDEPENDENT-LAG-VARIABLE-ADMISSIBILITY-EXECUTION-01,CAND-0250,phase_response_abs_lag_alias,not_triggered,inventory_evidence_not_triggered,unknown
QSB-PLANCK-BRIDGE-RESONATOR-INDEPENDENT-LAG-VARIABLE-ADMISSIBILITY-EXECUTION-01,CAND-0250,unknown_alias_risk,triggered,alias_risk_level=unknown; value_series_status=not_available,unknown
QSB-PLANCK-BRIDGE-RESONATOR-INDEPENDENT-LAG-VARIABLE-ADMISSIBILITY-EXECUTION-01,CAND-0251,exact_lag_alias,not_triggered,inventory_evidence_not_triggered,unknown
QSB-PLANCK-BRIDGE-RESONATOR-INDEPENDENT-LAG-VARIABLE-ADMISSIBILITY-EXECUTION-01,CAND-0251,absolute_lag_alias,not_triggered,inventory_evidence_not_triggered,unknown
QSB-PLANCK-BRIDGE-RESONATOR-INDEPENDENT-LAG-VARIABLE-ADMISSIBILITY-EXECUTION-01,CAND-0251,pair_id_lookup_alias,not_triggered,inventory_evidence_not_triggered,unknown
QSB-PLANCK-BRIDGE-RESONATOR-INDEPENDENT-LAG-VARIABLE-ADMISSIBILITY-EXECUTION-01,CAND-0251,index_order_alias,not_triggered,inventory_evidence_not_triggered,unknown
QSB-PLANCK-BRIDGE-RESONATOR-INDEPENDENT-LAG-VARIABLE-ADMISSIBILITY-EXECUTION-01,CAND-0251,monotonic_lag_surrogate,not_triggered,inventory_evidence_not_triggered,unknown
QSB-PLANCK-BRIDGE-RESONATOR-INDEPENDENT-LAG-VARIABLE-ADMISSIBILITY-EXECUTION-01,CAND-0251,piecewise_lag_surrogate,not_triggered,inventory_evidence_not_triggered,unknown
QSB-PLANCK-BRIDGE-RESONATOR-INDEPENDENT-LAG-VARIABLE-ADMISSIBILITY-EXECUTION-01,CAND-0251,symmetry_only_alias,not_triggered,inventory_evidence_not_triggered,unknown
QSB-PLANCK-BRIDGE-RESONATOR-INDEPENDENT-LAG-VARIABLE-ADMISSIBILITY-EXECUTION-01,CAND-0251,phase_response_abs_lag_alias,not_triggered,inventory_evidence_not_triggered,unknown
QSB-PLANCK-BRIDGE-RESONATOR-INDEPENDENT-LAG-VARIABLE-ADMISSIBILITY-EXECUTION-01,CAND-0251,unknown_alias_risk,triggered,alias_risk_level=unknown; value_series_status=not_available,unknown
QSB-PLANCK-BRIDGE-RESONATOR-INDEPENDENT-LAG-VARIABLE-ADMISSIBILITY-EXECUTION-01,CAND-0252,exact_lag_alias,not_triggered,inventory_evidence_not_triggered,unknown
QSB-PLANCK-BRIDGE-RESONATOR-INDEPENDENT-LAG-VARIABLE-ADMISSIBILITY-EXECUTION-01,CAND-0252,absolute_lag_alias,not_triggered,inventory_evidence_not_triggered,unknown
QSB-PLANCK-BRIDGE-RESONATOR-INDEPENDENT-LAG-VARIABLE-ADMISSIBILITY-EXECUTION-01,CAND-0252,pair_id_lookup_alias,not_triggered,inventory_evidence_not_triggered,unknown
QSB-PLANCK-BRIDGE-RESONATOR-INDEPENDENT-LAG-VARIABLE-ADMISSIBILITY-EXECUTION-01,CAND-0252,index_order_alias,not_triggered,inventory_evidence_not_triggered,unknown
QSB-PLANCK-BRIDGE-RESONATOR-INDEPENDENT-LAG-VARIABLE-ADMISSIBILITY-EXECUTION-01,CAND-0252,monotonic_lag_surrogate,not_triggered,inventory_evidence_not_triggered,unknown
QSB-PLANCK-BRIDGE-RESONATOR-INDEPENDENT-LAG-VARIABLE-ADMISSIBILITY-EXECUTION-01,CAND-0252,piecewise_lag_surrogate,not_triggered,inventory_evidence_not_triggered,unknown
QSB-PLANCK-BRIDGE-RESONATOR-INDEPENDENT-LAG-VARIABLE-ADMISSIBILITY-EXECUTION-01,CAND-0252,symmetry_only_alias,not_triggered,inventory_evidence_not_triggered,unknown
QSB-PLANCK-BRIDGE-RESONATOR-INDEPENDENT-LAG-VARIABLE-ADMISSIBILITY-EXECUTION-01,CAND-0252,phase_response_abs_lag_alias,not_triggered,inventory_evidence_not_triggered,unknown
QSB-PLANCK-BRIDGE-RESONATOR-INDEPENDENT-LAG-VARIABLE-ADMISSIBILITY-EXECUTION-01,CAND-0252,unknown_alias_risk,triggered,alias_risk_level=unknown; value_series_status=not_available,unknown
QSB-PLANCK-BRIDGE-RESONATOR-INDEPENDENT-LAG-VARIABLE-ADMISSIBILITY-EXECUTION-01,CAND-0253,exact_lag_alias,not_triggered,inventory_evidence_not_triggered,unknown
QSB-PLANCK-BRIDGE-RESONATOR-INDEPENDENT-LAG-VARIABLE-ADMISSIBILITY-EXECUTION-01,CAND-0253,absolute_lag_alias,not_triggered,inventory_evidence_not_triggered,unknown
QSB-PLANCK-BRIDGE-RESONATOR-INDEPENDENT-LAG-VARIABLE-ADMISSIBILITY-EXECUTION-01,CAND-0253,pair_id_lookup_alias,not_triggered,inventory_evidence_not_triggered,unknown
QSB-PLANCK-BRIDGE-RESONATOR-INDEPENDENT-LAG-VARIABLE-ADMISSIBILITY-EXECUTION-01,CAND-0253,index_order_alias,not_triggered,inventory_evidence_not_triggered,unknown
QSB-PLANCK-BRIDGE-RESONATOR-INDEPENDENT-LAG-VARIABLE-ADMISSIBILITY-EXECUTION-01,CAND-0253,monotonic_lag_surrogate,not_triggered,inventory_evidence_not_triggered,unknown
QSB-PLANCK-BRIDGE-RESONATOR-INDEPENDENT-LAG-VARIABLE-ADMISSIBILITY-EXECUTION-01,CAND-0253,piecewise_lag_surrogate,not_triggered,inventory_evidence_not_triggered,unknown
QSB-PLANCK-BRIDGE-RESONATOR-INDEPENDENT-LAG-VARIABLE-ADMISSIBILITY-EXECUTION-01,CAND-0253,symmetry_only_alias,not_triggered,inventory_evidence_not_triggered,unknown
QSB-PLANCK-BRIDGE-RESONATOR-INDEPENDENT-LAG-VARIABLE-ADMISSIBILITY-EXECUTION-01,CAND-0253,phase_response_abs_lag_alias,not_triggered,inventory_evidence_not_triggered,unknown
QSB-PLANCK-BRIDGE-RESONATOR-INDEPENDENT-LAG-VARIABLE-ADMISSIBILITY-EXECUTION-01,CAND-0253,unknown_alias_risk,triggered,alias_risk_level=unknown; value_series_status=not_available,unknown
QSB-PLANCK-BRIDGE-RESONATOR-INDEPENDENT-LAG-VARIABLE-ADMISSIBILITY-EXECUTION-01,CAND-0254,exact_lag_alias,not_triggered,inventory_evidence_not_triggered,unknown
QSB-PLANCK-BRIDGE-RESONATOR-INDEPENDENT-LAG-VARIABLE-ADMISSIBILITY-EXECUTION-01,CAND-0254,absolute_lag_alias,not_triggered,inventory_evidence_not_triggered,unknown
QSB-PLANCK-BRIDGE-RESONATOR-INDEPENDENT-LAG-VARIABLE-ADMISSIBILITY-EXECUTION-01,CAND-0254,pair_id_lookup_alias,not_triggered,inventory_evidence_not_triggered,unknown
QSB-PLANCK-BRIDGE-RESONATOR-INDEPENDENT-LAG-VARIABLE-ADMISSIBILITY-EXECUTION-01,CAND-0254,index_order_alias,not_triggered,inventory_evidence_not_triggered,unknown
QSB-PLANCK-BRIDGE-RESONATOR-INDEPENDENT-LAG-VARIABLE-ADMISSIBILITY-EXECUTION-01,CAND-0254,monotonic_lag_surrogate,not_triggered,inventory_evidence_not_triggered,unknown
QSB-PLANCK-BRIDGE-RESONATOR-INDEPENDENT-LAG-VARIABLE-ADMISSIBILITY-EXECUTION-01,CAND-0254,piecewise_lag_surrogate,not_triggered,inventory_evidence_not_triggered,unknown
QSB-PLANCK-BRIDGE-RESONATOR-INDEPENDENT-LAG-VARIABLE-ADMISSIBILITY-EXECUTION-01,CAND-0254,symmetry_only_alias,not_triggered,inventory_evidence_not_triggered,unknown
QSB-PLANCK-BRIDGE-RESONATOR-INDEPENDENT-LAG-VARIABLE-ADMISSIBILITY-EXECUTION-01,CAND-0254,phase_response_abs_lag_alias,not_triggered,inventory_evidence_not_triggered,unknown
QSB-PLANCK-BRIDGE-RESONATOR-INDEPENDENT-LAG-VARIABLE-ADMISSIBILITY-EXECUTION-01,CAND-0254,unknown_alias_risk,triggered,alias_risk_level=unknown; value_series_status=not_available,unknown
QSB-PLANCK-BRIDGE-RESONATOR-INDEPENDENT-LAG-VARIABLE-ADMISSIBILITY-EXECUTION-01,CAND-0255,exact_lag_alias,not_triggered,inventory_evidence_not_triggered,unknown
QSB-PLANCK-BRIDGE-RESONATOR-INDEPENDENT-LAG-VARIABLE-ADMISSIBILITY-EXECUTION-01,CAND-0255,absolute_lag_alias,not_triggered,inventory_evidence_not_triggered,unknown
QSB-PLANCK-BRIDGE-RESONATOR-INDEPENDENT-LAG-VARIABLE-ADMISSIBILITY-EXECUTION-01,CAND-0255,pair_id_lookup_alias,not_triggered,inventory_evidence_not_triggered,unknown
QSB-PLANCK-BRIDGE-RESONATOR-INDEPENDENT-LAG-VARIABLE-ADMISSIBILITY-EXECUTION-01,CAND-0255,index_order_alias,not_triggered,inventory_evidence_not_triggered,unknown
QSB-PLANCK-BRIDGE-RESONATOR-INDEPENDENT-LAG-VARIABLE-ADMISSIBILITY-EXECUTION-01,CAND-0255,monotonic_lag_surrogate,not_triggered,inventory_evidence_not_triggered,unknown
QSB-PLANCK-BRIDGE-RESONATOR-INDEPENDENT-LAG-VARIABLE-ADMISSIBILITY-EXECUTION-01,CAND-0255,piecewise_lag_surrogate,not_triggered,inventory_evidence_not_triggered,unknown
QSB-PLANCK-BRIDGE-RESONATOR-INDEPENDENT-LAG-VARIABLE-ADMISSIBILITY-EXECUTION-01,CAND-0255,symmetry_only_alias,not_triggered,inventory_evidence_not_triggered,unknown
QSB-PLANCK-BRIDGE-RESONATOR-INDEPENDENT-LAG-VARIABLE-ADMISSIBILITY-EXECUTION-01,CAND-0255,phase_response_abs_lag_alias,not_triggered,inventory_evidence_not_triggered,unknown
QSB-PLANCK-BRIDGE-RESONATOR-INDEPENDENT-LAG-VARIABLE-ADMISSIBILITY-EXECUTION-01,CAND-0255,unknown_alias_risk,triggered,alias_risk_level=unknown; value_series_status=not_available,unknown
QSB-PLANCK-BRIDGE-RESONATOR-INDEPENDENT-LAG-VARIABLE-ADMISSIBILITY-EXECUTION-01,CAND-0256,exact_lag_alias,not_triggered,inventory_evidence_not_triggered,unknown
QSB-PLANCK-BRIDGE-RESONATOR-INDEPENDENT-LAG-VARIABLE-ADMISSIBILITY-EXECUTION-01,CAND-0256,absolute_lag_alias,not_triggered,inventory_evidence_not_triggered,unknown
QSB-PLANCK-BRIDGE-RESONATOR-INDEPENDENT-LAG-VARIABLE-ADMISSIBILITY-EXECUTION-01,CAND-0256,pair_id_lookup_alias,not_triggered,inventory_evidence_not_triggered,unknown
QSB-PLANCK-BRIDGE-RESONATOR-INDEPENDENT-LAG-VARIABLE-ADMISSIBILITY-EXECUTION-01,CAND-0256,index_order_alias,not_triggered,inventory_evidence_not_triggered,unknown
QSB-PLANCK-BRIDGE-RESONATOR-INDEPENDENT-LAG-VARIABLE-ADMISSIBILITY-EXECUTION-01,CAND-0256,monotonic_lag_surrogate,not_triggered,inventory_evidence_not_triggered,unknown
QSB-PLANCK-BRIDGE-RESONATOR-INDEPENDENT-LAG-VARIABLE-ADMISSIBILITY-EXECUTION-01,CAND-0256,piecewise_lag_surrogate,not_triggered,inventory_evidence_not_triggered,unknown
QSB-PLANCK-BRIDGE-RESONATOR-INDEPENDENT-LAG-VARIABLE-ADMISSIBILITY-EXECUTION-01,CAND-0256,symmetry_only_alias,not_triggered,inventory_evidence_not_triggered,unknown
QSB-PLANCK-BRIDGE-RESONATOR-INDEPENDENT-LAG-VARIABLE-ADMISSIBILITY-EXECUTION-01,CAND-0256,phase_response_abs_lag_alias,not_triggered,inventory_evidence_not_triggered,unknown
QSB-PLANCK-BRIDGE-RESONATOR-INDEPENDENT-LAG-VARIABLE-ADMISSIBILITY-EXECUTION-01,CAND-0256,unknown_alias_risk,triggered,alias_risk_level=unknown; value_series_status=not_available,unknown
QSB-PLANCK-BRIDGE-RESONATOR-INDEPENDENT-LAG-VARIABLE-ADMISSIBILITY-EXECUTION-01,CAND-0257,exact_lag_alias,not_triggered,inventory_evidence_not_triggered,unknown
QSB-PLANCK-BRIDGE-RESONATOR-INDEPENDENT-LAG-VARIABLE-ADMISSIBILITY-EXECUTION-01,CAND-0257,absolute_lag_alias,not_triggered,inventory_evidence_not_triggered,unknown
QSB-PLANCK-BRIDGE-RESONATOR-INDEPENDENT-LAG-VARIABLE-ADMISSIBILITY-EXECUTION-01,CAND-0257,pair_id_lookup_alias,not_triggered,inventory_evidence_not_triggered,unknown
QSB-PLANCK-BRIDGE-RESONATOR-INDEPENDENT-LAG-VARIABLE-ADMISSIBILITY-EXECUTION-01,CAND-0257,index_order_alias,not_triggered,inventory_evidence_not_triggered,unknown
QSB-PLANCK-BRIDGE-RESONATOR-INDEPENDENT-LAG-VARIABLE-ADMISSIBILITY-EXECUTION-01,CAND-0257,monotonic_lag_surrogate,not_triggered,inventory_evidence_not_triggered,unknown
QSB-PLANCK-BRIDGE-RESONATOR-INDEPENDENT-LAG-VARIABLE-ADMISSIBILITY-EXECUTION-01,CAND-0257,piecewise_lag_surrogate,not_triggered,inventory_evidence_not_triggered,unknown
QSB-PLANCK-BRIDGE-RESONATOR-INDEPENDENT-LAG-VARIABLE-ADMISSIBILITY-EXECUTION-01,CAND-0257,symmetry_only_alias,not_triggered,inventory_evidence_not_triggered,unknown
QSB-PLANCK-BRIDGE-RESONATOR-INDEPENDENT-LAG-VARIABLE-ADMISSIBILITY-EXECUTION-01,CAND-0257,phase_response_abs_lag_alias,not_triggered,inventory_evidence_not_triggered,unknown
QSB-PLANCK-BRIDGE-RESONATOR-INDEPENDENT-LAG-VARIABLE-ADMISSIBILITY-EXECUTION-01,CAND-0257,unknown_alias_risk,triggered,alias_risk_level=unknown; value_series_status=not_available,unknown
QSB-PLANCK-BRIDGE-RESONATOR-INDEPENDENT-LAG-VARIABLE-ADMISSIBILITY-EXECUTION-01,CAND-0258,exact_lag_alias,not_triggered,inventory_evidence_not_triggered,unknown
QSB-PLANCK-BRIDGE-RESONATOR-INDEPENDENT-LAG-VARIABLE-ADMISSIBILITY-EXECUTION-01,CAND-0258,absolute_lag_alias,not_triggered,inventory_evidence_not_triggered,unknown
QSB-PLANCK-BRIDGE-RESONATOR-INDEPENDENT-LAG-VARIABLE-ADMISSIBILITY-EXECUTION-01,CAND-0258,pair_id_lookup_alias,not_triggered,inventory_evidence_not_triggered,unknown
QSB-PLANCK-BRIDGE-RESONATOR-INDEPENDENT-LAG-VARIABLE-ADMISSIBILITY-EXECUTION-01,CAND-0258,index_order_alias,not_triggered,inventory_evidence_not_triggered,unknown
QSB-PLANCK-BRIDGE-RESONATOR-INDEPENDENT-LAG-VARIABLE-ADMISSIBILITY-EXECUTION-01,CAND-0258,monotonic_lag_surrogate,not_triggered,inventory_evidence_not_triggered,unknown
QSB-PLANCK-BRIDGE-RESONATOR-INDEPENDENT-LAG-VARIABLE-ADMISSIBILITY-EXECUTION-01,CAND-0258,piecewise_lag_surrogate,not_triggered,inventory_evidence_not_triggered,unknown
QSB-PLANCK-BRIDGE-RESONATOR-INDEPENDENT-LAG-VARIABLE-ADMISSIBILITY-EXECUTION-01,CAND-0258,symmetry_only_alias,not_triggered,inventory_evidence_not_triggered,unknown
QSB-PLANCK-BRIDGE-RESONATOR-INDEPENDENT-LAG-VARIABLE-ADMISSIBILITY-EXECUTION-01,CAND-0258,phase_response_abs_lag_alias,not_triggered,inventory_evidence_not_triggered,unknown
QSB-PLANCK-BRIDGE-RESONATOR-INDEPENDENT-LAG-VARIABLE-ADMISSIBILITY-EXECUTION-01,CAND-0258,unknown_alias_risk,triggered,alias_risk_level=unknown; value_series_status=not_available,unknown
QSB-PLANCK-BRIDGE-RESONATOR-INDEPENDENT-LAG-VARIABLE-ADMISSIBILITY-EXECUTION-01,CAND-0259,exact_lag_alias,not_triggered,inventory_evidence_not_triggered,unknown
QSB-PLANCK-BRIDGE-RESONATOR-INDEPENDENT-LAG-VARIABLE-ADMISSIBILITY-EXECUTION-01,CAND-0259,absolute_lag_alias,not_triggered,inventory_evidence_not_triggered,unknown
QSB-PLANCK-BRIDGE-RESONATOR-INDEPENDENT-LAG-VARIABLE-ADMISSIBILITY-EXECUTION-01,CAND-0259,pair_id_lookup_alias,not_triggered,inventory_evidence_not_triggered,unknown
QSB-PLANCK-BRIDGE-RESONATOR-INDEPENDENT-LAG-VARIABLE-ADMISSIBILITY-EXECUTION-01,CAND-0259,index_order_alias,not_triggered,inventory_evidence_not_triggered,unknown
QSB-PLANCK-BRIDGE-RESONATOR-INDEPENDENT-LAG-VARIABLE-ADMISSIBILITY-EXECUTION-01,CAND-0259,monotonic_lag_surrogate,not_triggered,inventory_evidence_not_triggered,unknown
QSB-PLANCK-BRIDGE-RESONATOR-INDEPENDENT-LAG-VARIABLE-ADMISSIBILITY-EXECUTION-01,CAND-0259,piecewise_lag_surrogate,not_triggered,inventory_evidence_not_triggered,unknown
QSB-PLANCK-BRIDGE-RESONATOR-INDEPENDENT-LAG-VARIABLE-ADMISSIBILITY-EXECUTION-01,CAND-0259,symmetry_only_alias,not_triggered,inventory_evidence_not_triggered,unknown
QSB-PLANCK-BRIDGE-RESONATOR-INDEPENDENT-LAG-VARIABLE-ADMISSIBILITY-EXECUTION-01,CAND-0259,phase_response_abs_lag_alias,not_triggered,inventory_evidence_not_triggered,unknown
QSB-PLANCK-BRIDGE-RESONATOR-INDEPENDENT-LAG-VARIABLE-ADMISSIBILITY-EXECUTION-01,CAND-0259,unknown_alias_risk,triggered,alias_risk_level=unknown; value_series_status=not_available,unknown
QSB-PLANCK-BRIDGE-RESONATOR-INDEPENDENT-LAG-VARIABLE-ADMISSIBILITY-EXECUTION-01,CAND-0260,exact_lag_alias,not_triggered,inventory_evidence_not_triggered,unknown
QSB-PLANCK-BRIDGE-RESONATOR-INDEPENDENT-LAG-VARIABLE-ADMISSIBILITY-EXECUTION-01,CAND-0260,absolute_lag_alias,not_triggered,inventory_evidence_not_triggered,unknown
QSB-PLANCK-BRIDGE-RESONATOR-INDEPENDENT-LAG-VARIABLE-ADMISSIBILITY-EXECUTION-01,CAND-0260,pair_id_lookup_alias,not_triggered,inventory_evidence_not_triggered,unknown
QSB-PLANCK-BRIDGE-RESONATOR-INDEPENDENT-LAG-VARIABLE-ADMISSIBILITY-EXECUTION-01,CAND-0260,index_order_alias,not_triggered,inventory_evidence_not_triggered,unknown
QSB-PLANCK-BRIDGE-RESONATOR-INDEPENDENT-LAG-VARIABLE-ADMISSIBILITY-EXECUTION-01,CAND-0260,monotonic_lag_surrogate,not_triggered,inventory_evidence_not_triggered,unknown
QSB-PLANCK-BRIDGE-RESONATOR-INDEPENDENT-LAG-VARIABLE-ADMISSIBILITY-EXECUTION-01,CAND-0260,piecewise_lag_surrogate,not_triggered,inventory_evidence_not_triggered,unknown
QSB-PLANCK-BRIDGE-RESONATOR-INDEPENDENT-LAG-VARIABLE-ADMISSIBILITY-EXECUTION-01,CAND-0260,symmetry_only_alias,not_triggered,inventory_evidence_not_triggered,unknown
QSB-PLANCK-BRIDGE-RESONATOR-INDEPENDENT-LAG-VARIABLE-ADMISSIBILITY-EXECUTION-01,CAND-0260,phase_response_abs_lag_alias,not_triggered,inventory_evidence_not_triggered,unknown
QSB-PLANCK-BRIDGE-RESONATOR-INDEPENDENT-LAG-VARIABLE-ADMISSIBILITY-EXECUTION-01,CAND-0260,unknown_alias_risk,triggered,alias_risk_level=unknown; value_series_status=not_available,unknown
