run_id,candidate_id,criterion_name,criterion_status,criterion_evidence
QSB-PLANCK-BRIDGE-RESONATOR-INDEPENDENT-LAG-VARIABLE-ADMISSIBILITY-EXECUTION-01,CAND-0001,Vor-Paar-Existenz,unknown,inventory_field_based_admissibility_execution
QSB-PLANCK-BRIDGE-RESONATOR-INDEPENDENT-LAG-VARIABLE-ADMISSIBILITY-EXECUTION-01,CAND-0001,Nicht-Alias-Ableitung,unknown,inventory_field_based_admissibility_execution
QSB-PLANCK-BRIDGE-RESONATOR-INDEPENDENT-LAG-VARIABLE-ADMISSIBILITY-EXECUTION-01,CAND-0001,unabhängige Source-Lineage,blocked_missing_evidence,inventory_field_based_admissibility_execution
QSB-PLANCK-BRIDGE-RESONATOR-INDEPENDENT-LAG-VARIABLE-ADMISSIBILITY-EXECUTION-01,CAND-0001,Paar-Mappbarkeit,fail,inventory_field_based_admissibility_execution
QSB-PLANCK-BRIDGE-RESONATOR-INDEPENDENT-LAG-VARIABLE-ADMISSIBILITY-EXECUTION-01,CAND-0001,nicht vollständig lag-determiniert,unknown,inventory_field_based_admissibility_execution
QSB-PLANCK-BRIDGE-RESONATOR-INDEPENDENT-LAG-VARIABLE-ADMISSIBILITY-EXECUTION-01,CAND-0001,Richtungs-/Symmetrieprüfung,unknown,inventory_field_based_admissibility_execution
QSB-PLANCK-BRIDGE-RESONATOR-INDEPENDENT-LAG-VARIABLE-ADMISSIBILITY-EXECUTION-01,CAND-0001,Einheiten-/Dimensionsmetadaten,pass,inventory_field_based_admissibility_execution
QSB-PLANCK-BRIDGE-RESONATOR-INDEPENDENT-LAG-VARIABLE-ADMISSIBILITY-EXECUTION-01,CAND-0001,Null-Alias-Stresstest,blocked_missing_evidence,inventory_field_based_admissibility_execution
QSB-PLANCK-BRIDGE-RESONATOR-INDEPENDENT-LAG-VARIABLE-ADMISSIBILITY-EXECUTION-01,CAND-0002,Vor-Paar-Existenz,unknown,inventory_field_based_admissibility_execution
QSB-PLANCK-BRIDGE-RESONATOR-INDEPENDENT-LAG-VARIABLE-ADMISSIBILITY-EXECUTION-01,CAND-0002,Nicht-Alias-Ableitung,unknown,inventory_field_based_admissibility_execution
QSB-PLANCK-BRIDGE-RESONATOR-INDEPENDENT-LAG-VARIABLE-ADMISSIBILITY-EXECUTION-01,CAND-0002,unabhängige Source-Lineage,blocked_missing_evidence,inventory_field_based_admissibility_execution
QSB-PLANCK-BRIDGE-RESONATOR-INDEPENDENT-LAG-VARIABLE-ADMISSIBILITY-EXECUTION-01,CAND-0002,Paar-Mappbarkeit,fail,inventory_field_based_admissibility_execution
QSB-PLANCK-BRIDGE-RESONATOR-INDEPENDENT-LAG-VARIABLE-ADMISSIBILITY-EXECUTION-01,CAND-0002,nicht vollständig lag-determiniert,unknown,inventory_field_based_admissibility_execution
QSB-PLANCK-BRIDGE-RESONATOR-INDEPENDENT-LAG-VARIABLE-ADMISSIBILITY-EXECUTION-01,CAND-0002,Richtungs-/Symmetrieprüfung,unknown,inventory_field_based_admissibility_execution
QSB-PLANCK-BRIDGE-RESONATOR-INDEPENDENT-LAG-VARIABLE-ADMISSIBILITY-EXECUTION-01,CAND-0002,Einheiten-/Dimensionsmetadaten,blocked_missing_evidence,inventory_field_based_admissibility_execution
QSB-PLANCK-BRIDGE-RESONATOR-INDEPENDENT-LAG-VARIABLE-ADMISSIBILITY-EXECUTION-01,CAND-0002,Null-Alias-Stresstest,blocked_missing_evidence,inventory_field_based_admissibility_execution
QSB-PLANCK-BRIDGE-RESONATOR-INDEPENDENT-LAG-VARIABLE-ADMISSIBILITY-EXECUTION-01,CAND-0003,Vor-Paar-Existenz,unknown,inventory_field_based_admissibility_execution
QSB-PLANCK-BRIDGE-RESONATOR-INDEPENDENT-LAG-VARIABLE-ADMISSIBILITY-EXECUTION-01,CAND-0003,Nicht-Alias-Ableitung,unknown,inventory_field_based_admissibility_execution
QSB-PLANCK-BRIDGE-RESONATOR-INDEPENDENT-LAG-VARIABLE-ADMISSIBILITY-EXECUTION-01,CAND-0003,unabhängige Source-Lineage,blocked_missing_evidence,inventory_field_based_admissibility_execution
QSB-PLANCK-BRIDGE-RESONATOR-INDEPENDENT-LAG-VARIABLE-ADMISSIBILITY-EXECUTION-01,CAND-0003,Paar-Mappbarkeit,fail,inventory_field_based_admissibility_execution
QSB-PLANCK-BRIDGE-RESONATOR-INDEPENDENT-LAG-VARIABLE-ADMISSIBILITY-EXECUTION-01,CAND-0003,nicht vollständig lag-determiniert,unknown,inventory_field_based_admissibility_execution
QSB-PLANCK-BRIDGE-RESONATOR-INDEPENDENT-LAG-VARIABLE-ADMISSIBILITY-EXECUTION-01,CAND-0003,Richtungs-/Symmetrieprüfung,unknown,inventory_field_based_admissibility_execution
QSB-PLANCK-BRIDGE-RESONATOR-INDEPENDENT-LAG-VARIABLE-ADMISSIBILITY-EXECUTION-01,CAND-0003,Einheiten-/Dimensionsmetadaten,blocked_missing_evidence,inventory_field_based_admissibility_execution
QSB-PLANCK-BRIDGE-RESONATOR-INDEPENDENT-LAG-VARIABLE-ADMISSIBILITY-EXECUTION-01,CAND-0003,Null-Alias-Stresstest,blocked_missing_evidence,inventory_field_based_admissibility_execution
QSB-PLANCK-BRIDGE-RESONATOR-INDEPENDENT-LAG-VARIABLE-ADMISSIBILITY-EXECUTION-01,CAND-0004,Vor-Paar-Existenz,unknown,inventory_field_based_admissibility_execution
QSB-PLANCK-BRIDGE-RESONATOR-INDEPENDENT-LAG-VARIABLE-ADMISSIBILITY-EXECUTION-01,CAND-0004,Nicht-Alias-Ableitung,unknown,inventory_field_based_admissibility_execution
QSB-PLANCK-BRIDGE-RESONATOR-INDEPENDENT-LAG-VARIABLE-ADMISSIBILITY-EXECUTION-01,CAND-0004,unabhängige Source-Lineage,blocked_missing_evidence,inventory_field_based_admissibility_execution
QSB-PLANCK-BRIDGE-RESONATOR-INDEPENDENT-LAG-VARIABLE-ADMISSIBILITY-EXECUTION-01,CAND-0004,Paar-Mappbarkeit,fail,inventory_field_based_admissibility_execution
QSB-PLANCK-BRIDGE-RESONATOR-INDEPENDENT-LAG-VARIABLE-ADMISSIBILITY-EXECUTION-01,CAND-0004,nicht vollständig lag-determiniert,unknown,inventory_field_based_admissibility_execution
QSB-PLANCK-BRIDGE-RESONATOR-INDEPENDENT-LAG-VARIABLE-ADMISSIBILITY-EXECUTION-01,CAND-0004,Richtungs-/Symmetrieprüfung,unknown,inventory_field_based_admissibility_execution
QSB-PLANCK-BRIDGE-RESONATOR-INDEPENDENT-LAG-VARIABLE-ADMISSIBILITY-EXECUTION-01,CAND-0004,Einheiten-/Dimensionsmetadaten,blocked_missing_evidence,inventory_field_based_admissibility_execution
QSB-PLANCK-BRIDGE-RESONATOR-INDEPENDENT-LAG-VARIABLE-ADMISSIBILITY-EXECUTION-01,CAND-0004,Null-Alias-Stresstest,blocked_missing_evidence,inventory_field_based_admissibility_execution
QSB-PLANCK-BRIDGE-RESONATOR-INDEPENDENT-LAG-VARIABLE-ADMISSIBILITY-EXECUTION-01,CAND-0005,Vor-Paar-Existenz,unknown,inventory_field_based_admissibility_execution
QSB-PLANCK-BRIDGE-RESONATOR-INDEPENDENT-LAG-VARIABLE-ADMISSIBILITY-EXECUTION-01,CAND-0005,Nicht-Alias-Ableitung,unknown,inventory_field_based_admissibility_execution
QSB-PLANCK-BRIDGE-RESONATOR-INDEPENDENT-LAG-VARIABLE-ADMISSIBILITY-EXECUTION-01,CAND-0005,unabhängige Source-Lineage,blocked_missing_evidence,inventory_field_based_admissibility_execution
QSB-PLANCK-BRIDGE-RESONATOR-INDEPENDENT-LAG-VARIABLE-ADMISSIBILITY-EXECUTION-01,CAND-0005,Paar-Mappbarkeit,fail,inventory_field_based_admissibility_execution
QSB-PLANCK-BRIDGE-RESONATOR-INDEPENDENT-LAG-VARIABLE-ADMISSIBILITY-EXECUTION-01,CAND-0005,nicht vollständig lag-determiniert,unknown,inventory_field_based_admissibility_execution
QSB-PLANCK-BRIDGE-RESONATOR-INDEPENDENT-LAG-VARIABLE-ADMISSIBILITY-EXECUTION-01,CAND-0005,Richtungs-/Symmetrieprüfung,unknown,inventory_field_based_admissibility_execution
QSB-PLANCK-BRIDGE-RESONATOR-INDEPENDENT-LAG-VARIABLE-ADMISSIBILITY-EXECUTION-01,CAND-0005,Einheiten-/Dimensionsmetadaten,blocked_missing_evidence,inventory_field_based_admissibility_execution
QSB-PLANCK-BRIDGE-RESONATOR-INDEPENDENT-LAG-VARIABLE-ADMISSIBILITY-EXECUTION-01,CAND-0005,Null-Alias-Stresstest,blocked_missing_evidence,inventory_field_based_admissibility_execution
QSB-PLANCK-BRIDGE-RESONATOR-INDEPENDENT-LAG-VARIABLE-ADMISSIBILITY-EXECUTION-01,CAND-0006,Vor-Paar-Existenz,unknown,inventory_field_based_admissibility_execution
QSB-PLANCK-BRIDGE-RESONATOR-INDEPENDENT-LAG-VARIABLE-ADMISSIBILITY-EXECUTION-01,CAND-0006,Nicht-Alias-Ableitung,unknown,inventory_field_based_admissibility_execution
QSB-PLANCK-BRIDGE-RESONATOR-INDEPENDENT-LAG-VARIABLE-ADMISSIBILITY-EXECUTION-01,CAND-0006,unabhängige Source-Lineage,blocked_missing_evidence,inventory_field_based_admissibility_execution
QSB-PLANCK-BRIDGE-RESONATOR-INDEPENDENT-LAG-VARIABLE-ADMISSIBILITY-EXECUTION-01,CAND-0006,Paar-Mappbarkeit,fail,inventory_field_based_admissibility_execution
QSB-PLANCK-BRIDGE-RESONATOR-INDEPENDENT-LAG-VARIABLE-ADMISSIBILITY-EXECUTION-01,CAND-0006,nicht vollständig lag-determiniert,unknown,inventory_field_based_admissibility_execution
QSB-PLANCK-BRIDGE-RESONATOR-INDEPENDENT-LAG-VARIABLE-ADMISSIBILITY-EXECUTION-01,CAND-0006,Richtungs-/Symmetrieprüfung,unknown,inventory_field_based_admissibility_execution
QSB-PLANCK-BRIDGE-RESONATOR-INDEPENDENT-LAG-VARIABLE-ADMISSIBILITY-EXECUTION-01,CAND-0006,Einheiten-/Dimensionsmetadaten,blocked_missing_evidence,inventory_field_based_admissibility_execution
QSB-PLANCK-BRIDGE-RESONATOR-INDEPENDENT-LAG-VARIABLE-ADMISSIBILITY-EXECUTION-01,CAND-0006,Null-Alias-Stresstest,blocked_missing_evidence,inventory_field_based_admissibility_execution
QSB-PLANCK-BRIDGE-RESONATOR-INDEPENDENT-LAG-VARIABLE-ADMISSIBILITY-EXECUTION-01,CAND-0007,Vor-Paar-Existenz,unknown,inventory_field_based_admissibility_execution
QSB-PLANCK-BRIDGE-RESONATOR-INDEPENDENT-LAG-VARIABLE-ADMISSIBILITY-EXECUTION-01,CAND-0007,Nicht-Alias-Ableitung,unknown,inventory_field_based_admissibility_execution
QSB-PLANCK-BRIDGE-RESONATOR-INDEPENDENT-LAG-VARIABLE-ADMISSIBILITY-EXECUTION-01,CAND-0007,unabhängige Source-Lineage,blocked_missing_evidence,inventory_field_based_admissibility_execution
QSB-PLANCK-BRIDGE-RESONATOR-INDEPENDENT-LAG-VARIABLE-ADMISSIBILITY-EXECUTION-01,CAND-0007,Paar-Mappbarkeit,fail,inventory_field_based_admissibility_execution
QSB-PLANCK-BRIDGE-RESONATOR-INDEPENDENT-LAG-VARIABLE-ADMISSIBILITY-EXECUTION-01,CAND-0007,nicht vollständig lag-determiniert,unknown,inventory_field_based_admissibility_execution
QSB-PLANCK-BRIDGE-RESONATOR-INDEPENDENT-LAG-VARIABLE-ADMISSIBILITY-EXECUTION-01,CAND-0007,Richtungs-/Symmetrieprüfung,unknown,inventory_field_based_admissibility_execution
QSB-PLANCK-BRIDGE-RESONATOR-INDEPENDENT-LAG-VARIABLE-ADMISSIBILITY-EXECUTION-01,CAND-0007,Einheiten-/Dimensionsmetadaten,blocked_missing_evidence,inventory_field_based_admissibility_execution
QSB-PLANCK-BRIDGE-RESONATOR-INDEPENDENT-LAG-VARIABLE-ADMISSIBILITY-EXECUTION-01,CAND-0007,Null-Alias-Stresstest,blocked_missing_evidence,inventory_field_based_admissibility_execution
QSB-PLANCK-BRIDGE-RESONATOR-INDEPENDENT-LAG-VARIABLE-ADMISSIBILITY-EXECUTION-01,CAND-0008,Vor-Paar-Existenz,unknown,inventory_field_based_admissibility_execution
QSB-PLANCK-BRIDGE-RESONATOR-INDEPENDENT-LAG-VARIABLE-ADMISSIBILITY-EXECUTION-01,CAND-0008,Nicht-Alias-Ableitung,unknown,inventory_field_based_admissibility_execution
QSB-PLANCK-BRIDGE-RESONATOR-INDEPENDENT-LAG-VARIABLE-ADMISSIBILITY-EXECUTION-01,CAND-0008,unabhängige Source-Lineage,blocked_missing_evidence,inventory_field_based_admissibility_execution
QSB-PLANCK-BRIDGE-RESONATOR-INDEPENDENT-LAG-VARIABLE-ADMISSIBILITY-EXECUTION-01,CAND-0008,Paar-Mappbarkeit,fail,inventory_field_based_admissibility_execution
QSB-PLANCK-BRIDGE-RESONATOR-INDEPENDENT-LAG-VARIABLE-ADMISSIBILITY-EXECUTION-01,CAND-0008,nicht vollständig lag-determiniert,unknown,inventory_field_based_admissibility_execution
QSB-PLANCK-BRIDGE-RESONATOR-INDEPENDENT-LAG-VARIABLE-ADMISSIBILITY-EXECUTION-01,CAND-0008,Richtungs-/Symmetrieprüfung,unknown,inventory_field_based_admissibility_execution
QSB-PLANCK-BRIDGE-RESONATOR-INDEPENDENT-LAG-VARIABLE-ADMISSIBILITY-EXECUTION-01,CAND-0008,Einheiten-/Dimensionsmetadaten,blocked_missing_evidence,inventory_field_based_admissibility_execution
QSB-PLANCK-BRIDGE-RESONATOR-INDEPENDENT-LAG-VARIABLE-ADMISSIBILITY-EXECUTION-01,CAND-0008,Null-Alias-Stresstest,blocked_missing_evidence,inventory_field_based_admissibility_execution
QSB-PLANCK-BRIDGE-RESONATOR-INDEPENDENT-LAG-VARIABLE-ADMISSIBILITY-EXECUTION-01,CAND-0009,Vor-Paar-Existenz,unknown,inventory_field_based_admissibility_execution
QSB-PLANCK-BRIDGE-RESONATOR-INDEPENDENT-LAG-VARIABLE-ADMISSIBILITY-EXECUTION-01,CAND-0009,Nicht-Alias-Ableitung,unknown,inventory_field_based_admissibility_execution
QSB-PLANCK-BRIDGE-RESONATOR-INDEPENDENT-LAG-VARIABLE-ADMISSIBILITY-EXECUTION-01,CAND-0009,unabhängige Source-Lineage,blocked_missing_evidence,inventory_field_based_admissibility_execution
QSB-PLANCK-BRIDGE-RESONATOR-INDEPENDENT-LAG-VARIABLE-ADMISSIBILITY-EXECUTION-01,CAND-0009,Paar-Mappbarkeit,fail,inventory_field_based_admissibility_execution
QSB-PLANCK-BRIDGE-RESONATOR-INDEPENDENT-LAG-VARIABLE-ADMISSIBILITY-EXECUTION-01,CAND-0009,nicht vollständig lag-determiniert,unknown,inventory_field_based_admissibility_execution
QSB-PLANCK-BRIDGE-RESONATOR-INDEPENDENT-LAG-VARIABLE-ADMISSIBILITY-EXECUTION-01,CAND-0009,Richtungs-/Symmetrieprüfung,unknown,inventory_field_based_admissibility_execution
QSB-PLANCK-BRIDGE-RESONATOR-INDEPENDENT-LAG-VARIABLE-ADMISSIBILITY-EXECUTION-01,CAND-0009,Einheiten-/Dimensionsmetadaten,blocked_missing_evidence,inventory_field_based_admissibility_execution
QSB-PLANCK-BRIDGE-RESONATOR-INDEPENDENT-LAG-VARIABLE-ADMISSIBILITY-EXECUTION-01,CAND-0009,Null-Alias-Stresstest,blocked_missing_evidence,inventory_field_based_admissibility_execution
QSB-PLANCK-BRIDGE-RESONATOR-INDEPENDENT-LAG-VARIABLE-ADMISSIBILITY-EXECUTION-01,CAND-0010,Vor-Paar-Existenz,unknown,inventory_field_based_admissibility_execution
QSB-PLANCK-BRIDGE-RESONATOR-INDEPENDENT-LAG-VARIABLE-ADMISSIBILITY-EXECUTION-01,CAND-0010,Nicht-Alias-Ableitung,unknown,inventory_field_based_admissibility_execution
QSB-PLANCK-BRIDGE-RESONATOR-INDEPENDENT-LAG-VARIABLE-ADMISSIBILITY-EXECUTION-01,CAND-0010,unabhängige Source-Lineage,blocked_missing_evidence,inventory_field_based_admissibility_execution
QSB-PLANCK-BRIDGE-RESONATOR-INDEPENDENT-LAG-VARIABLE-ADMISSIBILITY-EXECUTION-01,CAND-0010,Paar-Mappbarkeit,fail,inventory_field_based_admissibility_execution
QSB-PLANCK-BRIDGE-RESONATOR-INDEPENDENT-LAG-VARIABLE-ADMISSIBILITY-EXECUTION-01,CAND-0010,nicht vollständig lag-determiniert,unknown,inventory_field_based_admissibility_execution
QSB-PLANCK-BRIDGE-RESONATOR-INDEPENDENT-LAG-VARIABLE-ADMISSIBILITY-EXECUTION-01,CAND-0010,Richtungs-/Symmetrieprüfung,unknown,inventory_field_based_admissibility_execution
QSB-PLANCK-BRIDGE-RESONATOR-INDEPENDENT-LAG-VARIABLE-ADMISSIBILITY-EXECUTION-01,CAND-0010,Einheiten-/Dimensionsmetadaten,blocked_missing_evidence,inventory_field_based_admissibility_execution
QSB-PLANCK-BRIDGE-RESONATOR-INDEPENDENT-LAG-VARIABLE-ADMISSIBILITY-EXECUTION-01,CAND-0010,Null-Alias-Stresstest,blocked_missing_evidence,inventory_field_based_admissibility_execution
QSB-PLANCK-BRIDGE-RESONATOR-INDEPENDENT-LAG-VARIABLE-ADMISSIBILITY-EXECUTION-01,CAND-0011,Vor-Paar-Existenz,unknown,inventory_field_based_admissibility_execution
QSB-PLANCK-BRIDGE-RESONATOR-INDEPENDENT-LAG-VARIABLE-ADMISSIBILITY-EXECUTION-01,CAND-0011,Nicht-Alias-Ableitung,unknown,inventory_field_based_admissibility_execution
QSB-PLANCK-BRIDGE-RESONATOR-INDEPENDENT-LAG-VARIABLE-ADMISSIBILITY-EXECUTION-01,CAND-0011,unabhängige Source-Lineage,blocked_missing_evidence,inventory_field_based_admissibility_execution
QSB-PLANCK-BRIDGE-RESONATOR-INDEPENDENT-LAG-VARIABLE-ADMISSIBILITY-EXECUTION-01,CAND-0011,Paar-Mappbarkeit,fail,inventory_field_based_admissibility_execution
QSB-PLANCK-BRIDGE-RESONATOR-INDEPENDENT-LAG-VARIABLE-ADMISSIBILITY-EXECUTION-01,CAND-0011,nicht vollständig lag-determiniert,unknown,inventory_field_based_admissibility_execution
QSB-PLANCK-BRIDGE-RESONATOR-INDEPENDENT-LAG-VARIABLE-ADMISSIBILITY-EXECUTION-01,CAND-0011,Richtungs-/Symmetrieprüfung,unknown,inventory_field_based_admissibility_execution
QSB-PLANCK-BRIDGE-RESONATOR-INDEPENDENT-LAG-VARIABLE-ADMISSIBILITY-EXECUTION-01,CAND-0011,Einheiten-/Dimensionsmetadaten,blocked_missing_evidence,inventory_field_based_admissibility_execution
QSB-PLANCK-BRIDGE-RESONATOR-INDEPENDENT-LAG-VARIABLE-ADMISSIBILITY-EXECUTION-01,CAND-0011,Null-Alias-Stresstest,blocked_missing_evidence,inventory_field_based_admissibility_execution
QSB-PLANCK-BRIDGE-RESONATOR-INDEPENDENT-LAG-VARIABLE-ADMISSIBILITY-EXECUTION-01,CAND-0012,Vor-Paar-Existenz,unknown,inventory_field_based_admissibility_execution
QSB-PLANCK-BRIDGE-RESONATOR-INDEPENDENT-LAG-VARIABLE-ADMISSIBILITY-EXECUTION-01,CAND-0012,Nicht-Alias-Ableitung,unknown,inventory_field_based_admissibility_execution
QSB-PLANCK-BRIDGE-RESONATOR-INDEPENDENT-LAG-VARIABLE-ADMISSIBILITY-EXECUTION-01,CAND-0012,unabhängige Source-Lineage,blocked_missing_evidence,inventory_field_based_admissibility_execution
QSB-PLANCK-BRIDGE-RESONATOR-INDEPENDENT-LAG-VARIABLE-ADMISSIBILITY-EXECUTION-01,CAND-0012,Paar-Mappbarkeit,fail,inventory_field_based_admissibility_execution
QSB-PLANCK-BRIDGE-RESONATOR-INDEPENDENT-LAG-VARIABLE-ADMISSIBILITY-EXECUTION-01,CAND-0012,nicht vollständig lag-determiniert,unknown,inventory_field_based_admissibility_execution
QSB-PLANCK-BRIDGE-RESONATOR-INDEPENDENT-LAG-VARIABLE-ADMISSIBILITY-EXECUTION-01,CAND-0012,Richtungs-/Symmetrieprüfung,unknown,inventory_field_based_admissibility_execution
QSB-PLANCK-BRIDGE-RESONATOR-INDEPENDENT-LAG-VARIABLE-ADMISSIBILITY-EXECUTION-01,CAND-0012,Einheiten-/Dimensionsmetadaten,blocked_missing_evidence,inventory_field_based_admissibility_execution
QSB-PLANCK-BRIDGE-RESONATOR-INDEPENDENT-LAG-VARIABLE-ADMISSIBILITY-EXECUTION-01,CAND-0012,Null-Alias-Stresstest,blocked_missing_evidence,inventory_field_based_admissibility_execution
QSB-PLANCK-BRIDGE-RESONATOR-INDEPENDENT-LAG-VARIABLE-ADMISSIBILITY-EXECUTION-01,CAND-0013,Vor-Paar-Existenz,unknown,inventory_field_based_admissibility_execution
QSB-PLANCK-BRIDGE-RESONATOR-INDEPENDENT-LAG-VARIABLE-ADMISSIBILITY-EXECUTION-01,CAND-0013,Nicht-Alias-Ableitung,unknown,inventory_field_based_admissibility_execution
QSB-PLANCK-BRIDGE-RESONATOR-INDEPENDENT-LAG-VARIABLE-ADMISSIBILITY-EXECUTION-01,CAND-0013,unabhängige Source-Lineage,blocked_missing_evidence,inventory_field_based_admissibility_execution
QSB-PLANCK-BRIDGE-RESONATOR-INDEPENDENT-LAG-VARIABLE-ADMISSIBILITY-EXECUTION-01,CAND-0013,Paar-Mappbarkeit,fail,inventory_field_based_admissibility_execution
QSB-PLANCK-BRIDGE-RESONATOR-INDEPENDENT-LAG-VARIABLE-ADMISSIBILITY-EXECUTION-01,CAND-0013,nicht vollständig lag-determiniert,unknown,inventory_field_based_admissibility_execution
QSB-PLANCK-BRIDGE-RESONATOR-INDEPENDENT-LAG-VARIABLE-ADMISSIBILITY-EXECUTION-01,CAND-0013,Richtungs-/Symmetrieprüfung,unknown,inventory_field_based_admissibility_execution
QSB-PLANCK-BRIDGE-RESONATOR-INDEPENDENT-LAG-VARIABLE-ADMISSIBILITY-EXECUTION-01,CAND-0013,Einheiten-/Dimensionsmetadaten,blocked_missing_evidence,inventory_field_based_admissibility_execution
QSB-PLANCK-BRIDGE-RESONATOR-INDEPENDENT-LAG-VARIABLE-ADMISSIBILITY-EXECUTION-01,CAND-0013,Null-Alias-Stresstest,blocked_missing_evidence,inventory_field_based_admissibility_execution
QSB-PLANCK-BRIDGE-RESONATOR-INDEPENDENT-LAG-VARIABLE-ADMISSIBILITY-EXECUTION-01,CAND-0014,Vor-Paar-Existenz,unknown,inventory_field_based_admissibility_execution
QSB-PLANCK-BRIDGE-RESONATOR-INDEPENDENT-LAG-VARIABLE-ADMISSIBILITY-EXECUTION-01,CAND-0014,Nicht-Alias-Ableitung,unknown,inventory_field_based_admissibility_execution
QSB-PLANCK-BRIDGE-RESONATOR-INDEPENDENT-LAG-VARIABLE-ADMISSIBILITY-EXECUTION-01,CAND-0014,unabhängige Source-Lineage,blocked_missing_evidence,inventory_field_based_admissibility_execution
QSB-PLANCK-BRIDGE-RESONATOR-INDEPENDENT-LAG-VARIABLE-ADMISSIBILITY-EXECUTION-01,CAND-0014,Paar-Mappbarkeit,fail,inventory_field_based_admissibility_execution
QSB-PLANCK-BRIDGE-RESONATOR-INDEPENDENT-LAG-VARIABLE-ADMISSIBILITY-EXECUTION-01,CAND-0014,nicht vollständig lag-determiniert,unknown,inventory_field_based_admissibility_execution
QSB-PLANCK-BRIDGE-RESONATOR-INDEPENDENT-LAG-VARIABLE-ADMISSIBILITY-EXECUTION-01,CAND-0014,Richtungs-/Symmetrieprüfung,unknown,inventory_field_based_admissibility_execution
QSB-PLANCK-BRIDGE-RESONATOR-INDEPENDENT-LAG-VARIABLE-ADMISSIBILITY-EXECUTION-01,CAND-0014,Einheiten-/Dimensionsmetadaten,pass,inventory_field_based_admissibility_execution
QSB-PLANCK-BRIDGE-RESONATOR-INDEPENDENT-LAG-VARIABLE-ADMISSIBILITY-EXECUTION-01,CAND-0014,Null-Alias-Stresstest,blocked_missing_evidence,inventory_field_based_admissibility_execution
QSB-PLANCK-BRIDGE-RESONATOR-INDEPENDENT-LAG-VARIABLE-ADMISSIBILITY-EXECUTION-01,CAND-0015,Vor-Paar-Existenz,unknown,inventory_field_based_admissibility_execution
QSB-PLANCK-BRIDGE-RESONATOR-INDEPENDENT-LAG-VARIABLE-ADMISSIBILITY-EXECUTION-01,CAND-0015,Nicht-Alias-Ableitung,unknown,inventory_field_based_admissibility_execution
QSB-PLANCK-BRIDGE-RESONATOR-INDEPENDENT-LAG-VARIABLE-ADMISSIBILITY-EXECUTION-01,CAND-0015,unabhängige Source-Lineage,blocked_missing_evidence,inventory_field_based_admissibility_execution
QSB-PLANCK-BRIDGE-RESONATOR-INDEPENDENT-LAG-VARIABLE-ADMISSIBILITY-EXECUTION-01,CAND-0015,Paar-Mappbarkeit,fail,inventory_field_based_admissibility_execution
QSB-PLANCK-BRIDGE-RESONATOR-INDEPENDENT-LAG-VARIABLE-ADMISSIBILITY-EXECUTION-01,CAND-0015,nicht vollständig lag-determiniert,unknown,inventory_field_based_admissibility_execution
QSB-PLANCK-BRIDGE-RESONATOR-INDEPENDENT-LAG-VARIABLE-ADMISSIBILITY-EXECUTION-01,CAND-0015,Richtungs-/Symmetrieprüfung,unknown,inventory_field_based_admissibility_execution
QSB-PLANCK-BRIDGE-RESONATOR-INDEPENDENT-LAG-VARIABLE-ADMISSIBILITY-EXECUTION-01,CAND-0015,Einheiten-/Dimensionsmetadaten,pass,inventory_field_based_admissibility_execution
QSB-PLANCK-BRIDGE-RESONATOR-INDEPENDENT-LAG-VARIABLE-ADMISSIBILITY-EXECUTION-01,CAND-0015,Null-Alias-Stresstest,blocked_missing_evidence,inventory_field_based_admissibility_execution
QSB-PLANCK-BRIDGE-RESONATOR-INDEPENDENT-LAG-VARIABLE-ADMISSIBILITY-EXECUTION-01,CAND-0016,Vor-Paar-Existenz,unknown,inventory_field_based_admissibility_execution
QSB-PLANCK-BRIDGE-RESONATOR-INDEPENDENT-LAG-VARIABLE-ADMISSIBILITY-EXECUTION-01,CAND-0016,Nicht-Alias-Ableitung,unknown,inventory_field_based_admissibility_execution
QSB-PLANCK-BRIDGE-RESONATOR-INDEPENDENT-LAG-VARIABLE-ADMISSIBILITY-EXECUTION-01,CAND-0016,unabhängige Source-Lineage,blocked_missing_evidence,inventory_field_based_admissibility_execution
QSB-PLANCK-BRIDGE-RESONATOR-INDEPENDENT-LAG-VARIABLE-ADMISSIBILITY-EXECUTION-01,CAND-0016,Paar-Mappbarkeit,fail,inventory_field_based_admissibility_execution
QSB-PLANCK-BRIDGE-RESONATOR-INDEPENDENT-LAG-VARIABLE-ADMISSIBILITY-EXECUTION-01,CAND-0016,nicht vollständig lag-determiniert,unknown,inventory_field_based_admissibility_execution
QSB-PLANCK-BRIDGE-RESONATOR-INDEPENDENT-LAG-VARIABLE-ADMISSIBILITY-EXECUTION-01,CAND-0016,Richtungs-/Symmetrieprüfung,unknown,inventory_field_based_admissibility_execution
QSB-PLANCK-BRIDGE-RESONATOR-INDEPENDENT-LAG-VARIABLE-ADMISSIBILITY-EXECUTION-01,CAND-0016,Einheiten-/Dimensionsmetadaten,pass,inventory_field_based_admissibility_execution
QSB-PLANCK-BRIDGE-RESONATOR-INDEPENDENT-LAG-VARIABLE-ADMISSIBILITY-EXECUTION-01,CAND-0016,Null-Alias-Stresstest,blocked_missing_evidence,inventory_field_based_admissibility_execution
QSB-PLANCK-BRIDGE-RESONATOR-INDEPENDENT-LAG-VARIABLE-ADMISSIBILITY-EXECUTION-01,CAND-0017,Vor-Paar-Existenz,unknown,inventory_field_based_admissibility_execution
QSB-PLANCK-BRIDGE-RESONATOR-INDEPENDENT-LAG-VARIABLE-ADMISSIBILITY-EXECUTION-01,CAND-0017,Nicht-Alias-Ableitung,unknown,inventory_field_based_admissibility_execution
QSB-PLANCK-BRIDGE-RESONATOR-INDEPENDENT-LAG-VARIABLE-ADMISSIBILITY-EXECUTION-01,CAND-0017,unabhängige Source-Lineage,blocked_missing_evidence,inventory_field_based_admissibility_execution
QSB-PLANCK-BRIDGE-RESONATOR-INDEPENDENT-LAG-VARIABLE-ADMISSIBILITY-EXECUTION-01,CAND-0017,Paar-Mappbarkeit,fail,inventory_field_based_admissibility_execution
QSB-PLANCK-BRIDGE-RESONATOR-INDEPENDENT-LAG-VARIABLE-ADMISSIBILITY-EXECUTION-01,CAND-0017,nicht vollständig lag-determiniert,unknown,inventory_field_based_admissibility_execution
QSB-PLANCK-BRIDGE-RESONATOR-INDEPENDENT-LAG-VARIABLE-ADMISSIBILITY-EXECUTION-01,CAND-0017,Richtungs-/Symmetrieprüfung,unknown,inventory_field_based_admissibility_execution
QSB-PLANCK-BRIDGE-RESONATOR-INDEPENDENT-LAG-VARIABLE-ADMISSIBILITY-EXECUTION-01,CAND-0017,Einheiten-/Dimensionsmetadaten,pass,inventory_field_based_admissibility_execution
QSB-PLANCK-BRIDGE-RESONATOR-INDEPENDENT-LAG-VARIABLE-ADMISSIBILITY-EXECUTION-01,CAND-0017,Null-Alias-Stresstest,blocked_missing_evidence,inventory_field_based_admissibility_execution
QSB-PLANCK-BRIDGE-RESONATOR-INDEPENDENT-LAG-VARIABLE-ADMISSIBILITY-EXECUTION-01,CAND-0018,Vor-Paar-Existenz,unknown,inventory_field_based_admissibility_execution
QSB-PLANCK-BRIDGE-RESONATOR-INDEPENDENT-LAG-VARIABLE-ADMISSIBILITY-EXECUTION-01,CAND-0018,Nicht-Alias-Ableitung,unknown,inventory_field_based_admissibility_execution
QSB-PLANCK-BRIDGE-RESONATOR-INDEPENDENT-LAG-VARIABLE-ADMISSIBILITY-EXECUTION-01,CAND-0018,unabhängige Source-Lineage,blocked_missing_evidence,inventory_field_based_admissibility_execution
QSB-PLANCK-BRIDGE-RESONATOR-INDEPENDENT-LAG-VARIABLE-ADMISSIBILITY-EXECUTION-01,CAND-0018,Paar-Mappbarkeit,fail,inventory_field_based_admissibility_execution
QSB-PLANCK-BRIDGE-RESONATOR-INDEPENDENT-LAG-VARIABLE-ADMISSIBILITY-EXECUTION-01,CAND-0018,nicht vollständig lag-determiniert,unknown,inventory_field_based_admissibility_execution
QSB-PLANCK-BRIDGE-RESONATOR-INDEPENDENT-LAG-VARIABLE-ADMISSIBILITY-EXECUTION-01,CAND-0018,Richtungs-/Symmetrieprüfung,unknown,inventory_field_based_admissibility_execution
QSB-PLANCK-BRIDGE-RESONATOR-INDEPENDENT-LAG-VARIABLE-ADMISSIBILITY-EXECUTION-01,CAND-0018,Einheiten-/Dimensionsmetadaten,pass,inventory_field_based_admissibility_execution
QSB-PLANCK-BRIDGE-RESONATOR-INDEPENDENT-LAG-VARIABLE-ADMISSIBILITY-EXECUTION-01,CAND-0018,Null-Alias-Stresstest,blocked_missing_evidence,inventory_field_based_admissibility_execution
QSB-PLANCK-BRIDGE-RESONATOR-INDEPENDENT-LAG-VARIABLE-ADMISSIBILITY-EXECUTION-01,CAND-0019,Vor-Paar-Existenz,unknown,inventory_field_based_admissibility_execution
QSB-PLANCK-BRIDGE-RESONATOR-INDEPENDENT-LAG-VARIABLE-ADMISSIBILITY-EXECUTION-01,CAND-0019,Nicht-Alias-Ableitung,unknown,inventory_field_based_admissibility_execution
QSB-PLANCK-BRIDGE-RESONATOR-INDEPENDENT-LAG-VARIABLE-ADMISSIBILITY-EXECUTION-01,CAND-0019,unabhängige Source-Lineage,blocked_missing_evidence,inventory_field_based_admissibility_execution
QSB-PLANCK-BRIDGE-RESONATOR-INDEPENDENT-LAG-VARIABLE-ADMISSIBILITY-EXECUTION-01,CAND-0019,Paar-Mappbarkeit,fail,inventory_field_based_admissibility_execution
QSB-PLANCK-BRIDGE-RESONATOR-INDEPENDENT-LAG-VARIABLE-ADMISSIBILITY-EXECUTION-01,CAND-0019,nicht vollständig lag-determiniert,unknown,inventory_field_based_admissibility_execution
QSB-PLANCK-BRIDGE-RESONATOR-INDEPENDENT-LAG-VARIABLE-ADMISSIBILITY-EXECUTION-01,CAND-0019,Richtungs-/Symmetrieprüfung,unknown,inventory_field_based_admissibility_execution
QSB-PLANCK-BRIDGE-RESONATOR-INDEPENDENT-LAG-VARIABLE-ADMISSIBILITY-EXECUTION-01,CAND-0019,Einheiten-/Dimensionsmetadaten,blocked_missing_evidence,inventory_field_based_admissibility_execution
QSB-PLANCK-BRIDGE-RESONATOR-INDEPENDENT-LAG-VARIABLE-ADMISSIBILITY-EXECUTION-01,CAND-0019,Null-Alias-Stresstest,blocked_missing_evidence,inventory_field_based_admissibility_execution
QSB-PLANCK-BRIDGE-RESONATOR-INDEPENDENT-LAG-VARIABLE-ADMISSIBILITY-EXECUTION-01,CAND-0020,Vor-Paar-Existenz,unknown,inventory_field_based_admissibility_execution
QSB-PLANCK-BRIDGE-RESONATOR-INDEPENDENT-LAG-VARIABLE-ADMISSIBILITY-EXECUTION-01,CAND-0020,Nicht-Alias-Ableitung,unknown,inventory_field_based_admissibility_execution
QSB-PLANCK-BRIDGE-RESONATOR-INDEPENDENT-LAG-VARIABLE-ADMISSIBILITY-EXECUTION-01,CAND-0020,unabhängige Source-Lineage,blocked_missing_evidence,inventory_field_based_admissibility_execution
QSB-PLANCK-BRIDGE-RESONATOR-INDEPENDENT-LAG-VARIABLE-ADMISSIBILITY-EXECUTION-01,CAND-0020,Paar-Mappbarkeit,fail,inventory_field_based_admissibility_execution
QSB-PLANCK-BRIDGE-RESONATOR-INDEPENDENT-LAG-VARIABLE-ADMISSIBILITY-EXECUTION-01,CAND-0020,nicht vollständig lag-determiniert,unknown,inventory_field_based_admissibility_execution
QSB-PLANCK-BRIDGE-RESONATOR-INDEPENDENT-LAG-VARIABLE-ADMISSIBILITY-EXECUTION-01,CAND-0020,Richtungs-/Symmetrieprüfung,unknown,inventory_field_based_admissibility_execution
QSB-PLANCK-BRIDGE-RESONATOR-INDEPENDENT-LAG-VARIABLE-ADMISSIBILITY-EXECUTION-01,CAND-0020,Einheiten-/Dimensionsmetadaten,blocked_missing_evidence,inventory_field_based_admissibility_execution
QSB-PLANCK-BRIDGE-RESONATOR-INDEPENDENT-LAG-VARIABLE-ADMISSIBILITY-EXECUTION-01,CAND-0020,Null-Alias-Stresstest,blocked_missing_evidence,inventory_field_based_admissibility_execution
QSB-PLANCK-BRIDGE-RESONATOR-INDEPENDENT-LAG-VARIABLE-ADMISSIBILITY-EXECUTION-01,CAND-0021,Vor-Paar-Existenz,unknown,inventory_field_based_admissibility_execution
QSB-PLANCK-BRIDGE-RESONATOR-INDEPENDENT-LAG-VARIABLE-ADMISSIBILITY-EXECUTION-01,CAND-0021,Nicht-Alias-Ableitung,unknown,inventory_field_based_admissibility_execution
QSB-PLANCK-BRIDGE-RESONATOR-INDEPENDENT-LAG-VARIABLE-ADMISSIBILITY-EXECUTION-01,CAND-0021,unabhängige Source-Lineage,blocked_missing_evidence,inventory_field_based_admissibility_execution
QSB-PLANCK-BRIDGE-RESONATOR-INDEPENDENT-LAG-VARIABLE-ADMISSIBILITY-EXECUTION-01,CAND-0021,Paar-Mappbarkeit,fail,inventory_field_based_admissibility_execution
QSB-PLANCK-BRIDGE-RESONATOR-INDEPENDENT-LAG-VARIABLE-ADMISSIBILITY-EXECUTION-01,CAND-0021,nicht vollständig lag-determiniert,unknown,inventory_field_based_admissibility_execution
QSB-PLANCK-BRIDGE-RESONATOR-INDEPENDENT-LAG-VARIABLE-ADMISSIBILITY-EXECUTION-01,CAND-0021,Richtungs-/Symmetrieprüfung,unknown,inventory_field_based_admissibility_execution
QSB-PLANCK-BRIDGE-RESONATOR-INDEPENDENT-LAG-VARIABLE-ADMISSIBILITY-EXECUTION-01,CAND-0021,Einheiten-/Dimensionsmetadaten,pass,inventory_field_based_admissibility_execution
QSB-PLANCK-BRIDGE-RESONATOR-INDEPENDENT-LAG-VARIABLE-ADMISSIBILITY-EXECUTION-01,CAND-0021,Null-Alias-Stresstest,blocked_missing_evidence,inventory_field_based_admissibility_execution
QSB-PLANCK-BRIDGE-RESONATOR-INDEPENDENT-LAG-VARIABLE-ADMISSIBILITY-EXECUTION-01,CAND-0022,Vor-Paar-Existenz,unknown,inventory_field_based_admissibility_execution
QSB-PLANCK-BRIDGE-RESONATOR-INDEPENDENT-LAG-VARIABLE-ADMISSIBILITY-EXECUTION-01,CAND-0022,Nicht-Alias-Ableitung,unknown,inventory_field_based_admissibility_execution
QSB-PLANCK-BRIDGE-RESONATOR-INDEPENDENT-LAG-VARIABLE-ADMISSIBILITY-EXECUTION-01,CAND-0022,unabhängige Source-Lineage,blocked_missing_evidence,inventory_field_based_admissibility_execution
QSB-PLANCK-BRIDGE-RESONATOR-INDEPENDENT-LAG-VARIABLE-ADMISSIBILITY-EXECUTION-01,CAND-0022,Paar-Mappbarkeit,fail,inventory_field_based_admissibility_execution
QSB-PLANCK-BRIDGE-RESONATOR-INDEPENDENT-LAG-VARIABLE-ADMISSIBILITY-EXECUTION-01,CAND-0022,nicht vollständig lag-determiniert,unknown,inventory_field_based_admissibility_execution
QSB-PLANCK-BRIDGE-RESONATOR-INDEPENDENT-LAG-VARIABLE-ADMISSIBILITY-EXECUTION-01,CAND-0022,Richtungs-/Symmetrieprüfung,unknown,inventory_field_based_admissibility_execution
QSB-PLANCK-BRIDGE-RESONATOR-INDEPENDENT-LAG-VARIABLE-ADMISSIBILITY-EXECUTION-01,CAND-0022,Einheiten-/Dimensionsmetadaten,pass,inventory_field_based_admissibility_execution
QSB-PLANCK-BRIDGE-RESONATOR-INDEPENDENT-LAG-VARIABLE-ADMISSIBILITY-EXECUTION-01,CAND-0022,Null-Alias-Stresstest,blocked_missing_evidence,inventory_field_based_admissibility_execution
QSB-PLANCK-BRIDGE-RESONATOR-INDEPENDENT-LAG-VARIABLE-ADMISSIBILITY-EXECUTION-01,CAND-0023,Vor-Paar-Existenz,unknown,inventory_field_based_admissibility_execution
QSB-PLANCK-BRIDGE-RESONATOR-INDEPENDENT-LAG-VARIABLE-ADMISSIBILITY-EXECUTION-01,CAND-0023,Nicht-Alias-Ableitung,unknown,inventory_field_based_admissibility_execution
QSB-PLANCK-BRIDGE-RESONATOR-INDEPENDENT-LAG-VARIABLE-ADMISSIBILITY-EXECUTION-01,CAND-0023,unabhängige Source-Lineage,blocked_missing_evidence,inventory_field_based_admissibility_execution
QSB-PLANCK-BRIDGE-RESONATOR-INDEPENDENT-LAG-VARIABLE-ADMISSIBILITY-EXECUTION-01,CAND-0023,Paar-Mappbarkeit,fail,inventory_field_based_admissibility_execution
QSB-PLANCK-BRIDGE-RESONATOR-INDEPENDENT-LAG-VARIABLE-ADMISSIBILITY-EXECUTION-01,CAND-0023,nicht vollständig lag-determiniert,unknown,inventory_field_based_admissibility_execution
QSB-PLANCK-BRIDGE-RESONATOR-INDEPENDENT-LAG-VARIABLE-ADMISSIBILITY-EXECUTION-01,CAND-0023,Richtungs-/Symmetrieprüfung,unknown,inventory_field_based_admissibility_execution
QSB-PLANCK-BRIDGE-RESONATOR-INDEPENDENT-LAG-VARIABLE-ADMISSIBILITY-EXECUTION-01,CAND-0023,Einheiten-/Dimensionsmetadaten,pass,inventory_field_based_admissibility_execution
QSB-PLANCK-BRIDGE-RESONATOR-INDEPENDENT-LAG-VARIABLE-ADMISSIBILITY-EXECUTION-01,CAND-0023,Null-Alias-Stresstest,blocked_missing_evidence,inventory_field_based_admissibility_execution
QSB-PLANCK-BRIDGE-RESONATOR-INDEPENDENT-LAG-VARIABLE-ADMISSIBILITY-EXECUTION-01,CAND-0024,Vor-Paar-Existenz,unknown,inventory_field_based_admissibility_execution
QSB-PLANCK-BRIDGE-RESONATOR-INDEPENDENT-LAG-VARIABLE-ADMISSIBILITY-EXECUTION-01,CAND-0024,Nicht-Alias-Ableitung,unknown,inventory_field_based_admissibility_execution
QSB-PLANCK-BRIDGE-RESONATOR-INDEPENDENT-LAG-VARIABLE-ADMISSIBILITY-EXECUTION-01,CAND-0024,unabhängige Source-Lineage,blocked_missing_evidence,inventory_field_based_admissibility_execution
QSB-PLANCK-BRIDGE-RESONATOR-INDEPENDENT-LAG-VARIABLE-ADMISSIBILITY-EXECUTION-01,CAND-0024,Paar-Mappbarkeit,fail,inventory_field_based_admissibility_execution
QSB-PLANCK-BRIDGE-RESONATOR-INDEPENDENT-LAG-VARIABLE-ADMISSIBILITY-EXECUTION-01,CAND-0024,nicht vollständig lag-determiniert,unknown,inventory_field_based_admissibility_execution
QSB-PLANCK-BRIDGE-RESONATOR-INDEPENDENT-LAG-VARIABLE-ADMISSIBILITY-EXECUTION-01,CAND-0024,Richtungs-/Symmetrieprüfung,unknown,inventory_field_based_admissibility_execution
QSB-PLANCK-BRIDGE-RESONATOR-INDEPENDENT-LAG-VARIABLE-ADMISSIBILITY-EXECUTION-01,CAND-0024,Einheiten-/Dimensionsmetadaten,pass,inventory_field_based_admissibility_execution
QSB-PLANCK-BRIDGE-RESONATOR-INDEPENDENT-LAG-VARIABLE-ADMISSIBILITY-EXECUTION-01,CAND-0024,Null-Alias-Stresstest,blocked_missing_evidence,inventory_field_based_admissibility_execution
QSB-PLANCK-BRIDGE-RESONATOR-INDEPENDENT-LAG-VARIABLE-ADMISSIBILITY-EXECUTION-01,CAND-0025,Vor-Paar-Existenz,unknown,inventory_field_based_admissibility_execution
QSB-PLANCK-BRIDGE-RESONATOR-INDEPENDENT-LAG-VARIABLE-ADMISSIBILITY-EXECUTION-01,CAND-0025,Nicht-Alias-Ableitung,unknown,inventory_field_based_admissibility_execution
QSB-PLANCK-BRIDGE-RESONATOR-INDEPENDENT-LAG-VARIABLE-ADMISSIBILITY-EXECUTION-01,CAND-0025,unabhängige Source-Lineage,blocked_missing_evidence,inventory_field_based_admissibility_execution
QSB-PLANCK-BRIDGE-RESONATOR-INDEPENDENT-LAG-VARIABLE-ADMISSIBILITY-EXECUTION-01,CAND-0025,Paar-Mappbarkeit,fail,inventory_field_based_admissibility_execution
QSB-PLANCK-BRIDGE-RESONATOR-INDEPENDENT-LAG-VARIABLE-ADMISSIBILITY-EXECUTION-01,CAND-0025,nicht vollständig lag-determiniert,unknown,inventory_field_based_admissibility_execution
QSB-PLANCK-BRIDGE-RESONATOR-INDEPENDENT-LAG-VARIABLE-ADMISSIBILITY-EXECUTION-01,CAND-0025,Richtungs-/Symmetrieprüfung,unknown,inventory_field_based_admissibility_execution
QSB-PLANCK-BRIDGE-RESONATOR-INDEPENDENT-LAG-VARIABLE-ADMISSIBILITY-EXECUTION-01,CAND-0025,Einheiten-/Dimensionsmetadaten,pass,inventory_field_based_admissibility_execution
QSB-PLANCK-BRIDGE-RESONATOR-INDEPENDENT-LAG-VARIABLE-ADMISSIBILITY-EXECUTION-01,CAND-0025,Null-Alias-Stresstest,blocked_missing_evidence,inventory_field_based_admissibility_execution
QSB-PLANCK-BRIDGE-RESONATOR-INDEPENDENT-LAG-VARIABLE-ADMISSIBILITY-EXECUTION-01,CAND-0026,Vor-Paar-Existenz,unknown,inventory_field_based_admissibility_execution
QSB-PLANCK-BRIDGE-RESONATOR-INDEPENDENT-LAG-VARIABLE-ADMISSIBILITY-EXECUTION-01,CAND-0026,Nicht-Alias-Ableitung,unknown,inventory_field_based_admissibility_execution
QSB-PLANCK-BRIDGE-RESONATOR-INDEPENDENT-LAG-VARIABLE-ADMISSIBILITY-EXECUTION-01,CAND-0026,unabhängige Source-Lineage,blocked_missing_evidence,inventory_field_based_admissibility_execution
QSB-PLANCK-BRIDGE-RESONATOR-INDEPENDENT-LAG-VARIABLE-ADMISSIBILITY-EXECUTION-01,CAND-0026,Paar-Mappbarkeit,fail,inventory_field_based_admissibility_execution
QSB-PLANCK-BRIDGE-RESONATOR-INDEPENDENT-LAG-VARIABLE-ADMISSIBILITY-EXECUTION-01,CAND-0026,nicht vollständig lag-determiniert,unknown,inventory_field_based_admissibility_execution
QSB-PLANCK-BRIDGE-RESONATOR-INDEPENDENT-LAG-VARIABLE-ADMISSIBILITY-EXECUTION-01,CAND-0026,Richtungs-/Symmetrieprüfung,unknown,inventory_field_based_admissibility_execution
QSB-PLANCK-BRIDGE-RESONATOR-INDEPENDENT-LAG-VARIABLE-ADMISSIBILITY-EXECUTION-01,CAND-0026,Einheiten-/Dimensionsmetadaten,pass,inventory_field_based_admissibility_execution
QSB-PLANCK-BRIDGE-RESONATOR-INDEPENDENT-LAG-VARIABLE-ADMISSIBILITY-EXECUTION-01,CAND-0026,Null-Alias-Stresstest,blocked_missing_evidence,inventory_field_based_admissibility_execution
QSB-PLANCK-BRIDGE-RESONATOR-INDEPENDENT-LAG-VARIABLE-ADMISSIBILITY-EXECUTION-01,CAND-0027,Vor-Paar-Existenz,unknown,inventory_field_based_admissibility_execution
QSB-PLANCK-BRIDGE-RESONATOR-INDEPENDENT-LAG-VARIABLE-ADMISSIBILITY-EXECUTION-01,CAND-0027,Nicht-Alias-Ableitung,unknown,inventory_field_based_admissibility_execution
QSB-PLANCK-BRIDGE-RESONATOR-INDEPENDENT-LAG-VARIABLE-ADMISSIBILITY-EXECUTION-01,CAND-0027,unabhängige Source-Lineage,blocked_missing_evidence,inventory_field_based_admissibility_execution
QSB-PLANCK-BRIDGE-RESONATOR-INDEPENDENT-LAG-VARIABLE-ADMISSIBILITY-EXECUTION-01,CAND-0027,Paar-Mappbarkeit,fail,inventory_field_based_admissibility_execution
QSB-PLANCK-BRIDGE-RESONATOR-INDEPENDENT-LAG-VARIABLE-ADMISSIBILITY-EXECUTION-01,CAND-0027,nicht vollständig lag-determiniert,unknown,inventory_field_based_admissibility_execution
QSB-PLANCK-BRIDGE-RESONATOR-INDEPENDENT-LAG-VARIABLE-ADMISSIBILITY-EXECUTION-01,CAND-0027,Richtungs-/Symmetrieprüfung,unknown,inventory_field_based_admissibility_execution
QSB-PLANCK-BRIDGE-RESONATOR-INDEPENDENT-LAG-VARIABLE-ADMISSIBILITY-EXECUTION-01,CAND-0027,Einheiten-/Dimensionsmetadaten,pass,inventory_field_based_admissibility_execution
QSB-PLANCK-BRIDGE-RESONATOR-INDEPENDENT-LAG-VARIABLE-ADMISSIBILITY-EXECUTION-01,CAND-0027,Null-Alias-Stresstest,blocked_missing_evidence,inventory_field_based_admissibility_execution
QSB-PLANCK-BRIDGE-RESONATOR-INDEPENDENT-LAG-VARIABLE-ADMISSIBILITY-EXECUTION-01,CAND-0028,Vor-Paar-Existenz,unknown,inventory_field_based_admissibility_execution
QSB-PLANCK-BRIDGE-RESONATOR-INDEPENDENT-LAG-VARIABLE-ADMISSIBILITY-EXECUTION-01,CAND-0028,Nicht-Alias-Ableitung,unknown,inventory_field_based_admissibility_execution
QSB-PLANCK-BRIDGE-RESONATOR-INDEPENDENT-LAG-VARIABLE-ADMISSIBILITY-EXECUTION-01,CAND-0028,unabhängige Source-Lineage,blocked_missing_evidence,inventory_field_based_admissibility_execution
QSB-PLANCK-BRIDGE-RESONATOR-INDEPENDENT-LAG-VARIABLE-ADMISSIBILITY-EXECUTION-01,CAND-0028,Paar-Mappbarkeit,fail,inventory_field_based_admissibility_execution
QSB-PLANCK-BRIDGE-RESONATOR-INDEPENDENT-LAG-VARIABLE-ADMISSIBILITY-EXECUTION-01,CAND-0028,nicht vollständig lag-determiniert,unknown,inventory_field_based_admissibility_execution
QSB-PLANCK-BRIDGE-RESONATOR-INDEPENDENT-LAG-VARIABLE-ADMISSIBILITY-EXECUTION-01,CAND-0028,Richtungs-/Symmetrieprüfung,unknown,inventory_field_based_admissibility_execution
QSB-PLANCK-BRIDGE-RESONATOR-INDEPENDENT-LAG-VARIABLE-ADMISSIBILITY-EXECUTION-01,CAND-0028,Einheiten-/Dimensionsmetadaten,pass,inventory_field_based_admissibility_execution
QSB-PLANCK-BRIDGE-RESONATOR-INDEPENDENT-LAG-VARIABLE-ADMISSIBILITY-EXECUTION-01,CAND-0028,Null-Alias-Stresstest,blocked_missing_evidence,inventory_field_based_admissibility_execution
QSB-PLANCK-BRIDGE-RESONATOR-INDEPENDENT-LAG-VARIABLE-ADMISSIBILITY-EXECUTION-01,CAND-0029,Vor-Paar-Existenz,unknown,inventory_field_based_admissibility_execution
QSB-PLANCK-BRIDGE-RESONATOR-INDEPENDENT-LAG-VARIABLE-ADMISSIBILITY-EXECUTION-01,CAND-0029,Nicht-Alias-Ableitung,unknown,inventory_field_based_admissibility_execution
QSB-PLANCK-BRIDGE-RESONATOR-INDEPENDENT-LAG-VARIABLE-ADMISSIBILITY-EXECUTION-01,CAND-0029,unabhängige Source-Lineage,blocked_missing_evidence,inventory_field_based_admissibility_execution
QSB-PLANCK-BRIDGE-RESONATOR-INDEPENDENT-LAG-VARIABLE-ADMISSIBILITY-EXECUTION-01,CAND-0029,Paar-Mappbarkeit,fail,inventory_field_based_admissibility_execution
QSB-PLANCK-BRIDGE-RESONATOR-INDEPENDENT-LAG-VARIABLE-ADMISSIBILITY-EXECUTION-01,CAND-0029,nicht vollständig lag-determiniert,unknown,inventory_field_based_admissibility_execution
QSB-PLANCK-BRIDGE-RESONATOR-INDEPENDENT-LAG-VARIABLE-ADMISSIBILITY-EXECUTION-01,CAND-0029,Richtungs-/Symmetrieprüfung,unknown,inventory_field_based_admissibility_execution
QSB-PLANCK-BRIDGE-RESONATOR-INDEPENDENT-LAG-VARIABLE-ADMISSIBILITY-EXECUTION-01,CAND-0029,Einheiten-/Dimensionsmetadaten,pass,inventory_field_based_admissibility_execution
QSB-PLANCK-BRIDGE-RESONATOR-INDEPENDENT-LAG-VARIABLE-ADMISSIBILITY-EXECUTION-01,CAND-0029,Null-Alias-Stresstest,blocked_missing_evidence,inventory_field_based_admissibility_execution
QSB-PLANCK-BRIDGE-RESONATOR-INDEPENDENT-LAG-VARIABLE-ADMISSIBILITY-EXECUTION-01,CAND-0030,Vor-Paar-Existenz,unknown,inventory_field_based_admissibility_execution
QSB-PLANCK-BRIDGE-RESONATOR-INDEPENDENT-LAG-VARIABLE-ADMISSIBILITY-EXECUTION-01,CAND-0030,Nicht-Alias-Ableitung,unknown,inventory_field_based_admissibility_execution
QSB-PLANCK-BRIDGE-RESONATOR-INDEPENDENT-LAG-VARIABLE-ADMISSIBILITY-EXECUTION-01,CAND-0030,unabhängige Source-Lineage,blocked_missing_evidence,inventory_field_based_admissibility_execution
QSB-PLANCK-BRIDGE-RESONATOR-INDEPENDENT-LAG-VARIABLE-ADMISSIBILITY-EXECUTION-01,CAND-0030,Paar-Mappbarkeit,fail,inventory_field_based_admissibility_execution
QSB-PLANCK-BRIDGE-RESONATOR-INDEPENDENT-LAG-VARIABLE-ADMISSIBILITY-EXECUTION-01,CAND-0030,nicht vollständig lag-determiniert,unknown,inventory_field_based_admissibility_execution
QSB-PLANCK-BRIDGE-RESONATOR-INDEPENDENT-LAG-VARIABLE-ADMISSIBILITY-EXECUTION-01,CAND-0030,Richtungs-/Symmetrieprüfung,unknown,inventory_field_based_admissibility_execution
QSB-PLANCK-BRIDGE-RESONATOR-INDEPENDENT-LAG-VARIABLE-ADMISSIBILITY-EXECUTION-01,CAND-0030,Einheiten-/Dimensionsmetadaten,pass,inventory_field_based_admissibility_execution
QSB-PLANCK-BRIDGE-RESONATOR-INDEPENDENT-LAG-VARIABLE-ADMISSIBILITY-EXECUTION-01,CAND-0030,Null-Alias-Stresstest,blocked_missing_evidence,inventory_field_based_admissibility_execution
QSB-PLANCK-BRIDGE-RESONATOR-INDEPENDENT-LAG-VARIABLE-ADMISSIBILITY-EXECUTION-01,CAND-0031,Vor-Paar-Existenz,unknown,inventory_field_based_admissibility_execution
QSB-PLANCK-BRIDGE-RESONATOR-INDEPENDENT-LAG-VARIABLE-ADMISSIBILITY-EXECUTION-01,CAND-0031,Nicht-Alias-Ableitung,unknown,inventory_field_based_admissibility_execution
QSB-PLANCK-BRIDGE-RESONATOR-INDEPENDENT-LAG-VARIABLE-ADMISSIBILITY-EXECUTION-01,CAND-0031,unabhängige Source-Lineage,blocked_missing_evidence,inventory_field_based_admissibility_execution
QSB-PLANCK-BRIDGE-RESONATOR-INDEPENDENT-LAG-VARIABLE-ADMISSIBILITY-EXECUTION-01,CAND-0031,Paar-Mappbarkeit,fail,inventory_field_based_admissibility_execution
QSB-PLANCK-BRIDGE-RESONATOR-INDEPENDENT-LAG-VARIABLE-ADMISSIBILITY-EXECUTION-01,CAND-0031,nicht vollständig lag-determiniert,unknown,inventory_field_based_admissibility_execution
QSB-PLANCK-BRIDGE-RESONATOR-INDEPENDENT-LAG-VARIABLE-ADMISSIBILITY-EXECUTION-01,CAND-0031,Richtungs-/Symmetrieprüfung,unknown,inventory_field_based_admissibility_execution
QSB-PLANCK-BRIDGE-RESONATOR-INDEPENDENT-LAG-VARIABLE-ADMISSIBILITY-EXECUTION-01,CAND-0031,Einheiten-/Dimensionsmetadaten,pass,inventory_field_based_admissibility_execution
QSB-PLANCK-BRIDGE-RESONATOR-INDEPENDENT-LAG-VARIABLE-ADMISSIBILITY-EXECUTION-01,CAND-0031,Null-Alias-Stresstest,blocked_missing_evidence,inventory_field_based_admissibility_execution
QSB-PLANCK-BRIDGE-RESONATOR-INDEPENDENT-LAG-VARIABLE-ADMISSIBILITY-EXECUTION-01,CAND-0032,Vor-Paar-Existenz,unknown,inventory_field_based_admissibility_execution
QSB-PLANCK-BRIDGE-RESONATOR-INDEPENDENT-LAG-VARIABLE-ADMISSIBILITY-EXECUTION-01,CAND-0032,Nicht-Alias-Ableitung,unknown,inventory_field_based_admissibility_execution
QSB-PLANCK-BRIDGE-RESONATOR-INDEPENDENT-LAG-VARIABLE-ADMISSIBILITY-EXECUTION-01,CAND-0032,unabhängige Source-Lineage,blocked_missing_evidence,inventory_field_based_admissibility_execution
QSB-PLANCK-BRIDGE-RESONATOR-INDEPENDENT-LAG-VARIABLE-ADMISSIBILITY-EXECUTION-01,CAND-0032,Paar-Mappbarkeit,fail,inventory_field_based_admissibility_execution
QSB-PLANCK-BRIDGE-RESONATOR-INDEPENDENT-LAG-VARIABLE-ADMISSIBILITY-EXECUTION-01,CAND-0032,nicht vollständig lag-determiniert,unknown,inventory_field_based_admissibility_execution
QSB-PLANCK-BRIDGE-RESONATOR-INDEPENDENT-LAG-VARIABLE-ADMISSIBILITY-EXECUTION-01,CAND-0032,Richtungs-/Symmetrieprüfung,unknown,inventory_field_based_admissibility_execution
QSB-PLANCK-BRIDGE-RESONATOR-INDEPENDENT-LAG-VARIABLE-ADMISSIBILITY-EXECUTION-01,CAND-0032,Einheiten-/Dimensionsmetadaten,pass,inventory_field_based_admissibility_execution
QSB-PLANCK-BRIDGE-RESONATOR-INDEPENDENT-LAG-VARIABLE-ADMISSIBILITY-EXECUTION-01,CAND-0032,Null-Alias-Stresstest,blocked_missing_evidence,inventory_field_based_admissibility_execution
QSB-PLANCK-BRIDGE-RESONATOR-INDEPENDENT-LAG-VARIABLE-ADMISSIBILITY-EXECUTION-01,CAND-0033,Vor-Paar-Existenz,unknown,inventory_field_based_admissibility_execution
QSB-PLANCK-BRIDGE-RESONATOR-INDEPENDENT-LAG-VARIABLE-ADMISSIBILITY-EXECUTION-01,CAND-0033,Nicht-Alias-Ableitung,unknown,inventory_field_based_admissibility_execution
QSB-PLANCK-BRIDGE-RESONATOR-INDEPENDENT-LAG-VARIABLE-ADMISSIBILITY-EXECUTION-01,CAND-0033,unabhängige Source-Lineage,blocked_missing_evidence,inventory_field_based_admissibility_execution
QSB-PLANCK-BRIDGE-RESONATOR-INDEPENDENT-LAG-VARIABLE-ADMISSIBILITY-EXECUTION-01,CAND-0033,Paar-Mappbarkeit,fail,inventory_field_based_admissibility_execution
QSB-PLANCK-BRIDGE-RESONATOR-INDEPENDENT-LAG-VARIABLE-ADMISSIBILITY-EXECUTION-01,CAND-0033,nicht vollständig lag-determiniert,unknown,inventory_field_based_admissibility_execution
QSB-PLANCK-BRIDGE-RESONATOR-INDEPENDENT-LAG-VARIABLE-ADMISSIBILITY-EXECUTION-01,CAND-0033,Richtungs-/Symmetrieprüfung,unknown,inventory_field_based_admissibility_execution
QSB-PLANCK-BRIDGE-RESONATOR-INDEPENDENT-LAG-VARIABLE-ADMISSIBILITY-EXECUTION-01,CAND-0033,Einheiten-/Dimensionsmetadaten,pass,inventory_field_based_admissibility_execution
QSB-PLANCK-BRIDGE-RESONATOR-INDEPENDENT-LAG-VARIABLE-ADMISSIBILITY-EXECUTION-01,CAND-0033,Null-Alias-Stresstest,blocked_missing_evidence,inventory_field_based_admissibility_execution
QSB-PLANCK-BRIDGE-RESONATOR-INDEPENDENT-LAG-VARIABLE-ADMISSIBILITY-EXECUTION-01,CAND-0034,Vor-Paar-Existenz,unknown,inventory_field_based_admissibility_execution
QSB-PLANCK-BRIDGE-RESONATOR-INDEPENDENT-LAG-VARIABLE-ADMISSIBILITY-EXECUTION-01,CAND-0034,Nicht-Alias-Ableitung,unknown,inventory_field_based_admissibility_execution
QSB-PLANCK-BRIDGE-RESONATOR-INDEPENDENT-LAG-VARIABLE-ADMISSIBILITY-EXECUTION-01,CAND-0034,unabhängige Source-Lineage,blocked_missing_evidence,inventory_field_based_admissibility_execution
QSB-PLANCK-BRIDGE-RESONATOR-INDEPENDENT-LAG-VARIABLE-ADMISSIBILITY-EXECUTION-01,CAND-0034,Paar-Mappbarkeit,fail,inventory_field_based_admissibility_execution
QSB-PLANCK-BRIDGE-RESONATOR-INDEPENDENT-LAG-VARIABLE-ADMISSIBILITY-EXECUTION-01,CAND-0034,nicht vollständig lag-determiniert,unknown,inventory_field_based_admissibility_execution
QSB-PLANCK-BRIDGE-RESONATOR-INDEPENDENT-LAG-VARIABLE-ADMISSIBILITY-EXECUTION-01,CAND-0034,Richtungs-/Symmetrieprüfung,unknown,inventory_field_based_admissibility_execution
QSB-PLANCK-BRIDGE-RESONATOR-INDEPENDENT-LAG-VARIABLE-ADMISSIBILITY-EXECUTION-01,CAND-0034,Einheiten-/Dimensionsmetadaten,pass,inventory_field_based_admissibility_execution
QSB-PLANCK-BRIDGE-RESONATOR-INDEPENDENT-LAG-VARIABLE-ADMISSIBILITY-EXECUTION-01,CAND-0034,Null-Alias-Stresstest,blocked_missing_evidence,inventory_field_based_admissibility_execution
QSB-PLANCK-BRIDGE-RESONATOR-INDEPENDENT-LAG-VARIABLE-ADMISSIBILITY-EXECUTION-01,CAND-0035,Vor-Paar-Existenz,unknown,inventory_field_based_admissibility_execution
QSB-PLANCK-BRIDGE-RESONATOR-INDEPENDENT-LAG-VARIABLE-ADMISSIBILITY-EXECUTION-01,CAND-0035,Nicht-Alias-Ableitung,unknown,inventory_field_based_admissibility_execution
QSB-PLANCK-BRIDGE-RESONATOR-INDEPENDENT-LAG-VARIABLE-ADMISSIBILITY-EXECUTION-01,CAND-0035,unabhängige Source-Lineage,blocked_missing_evidence,inventory_field_based_admissibility_execution
QSB-PLANCK-BRIDGE-RESONATOR-INDEPENDENT-LAG-VARIABLE-ADMISSIBILITY-EXECUTION-01,CAND-0035,Paar-Mappbarkeit,fail,inventory_field_based_admissibility_execution
QSB-PLANCK-BRIDGE-RESONATOR-INDEPENDENT-LAG-VARIABLE-ADMISSIBILITY-EXECUTION-01,CAND-0035,nicht vollständig lag-determiniert,unknown,inventory_field_based_admissibility_execution
QSB-PLANCK-BRIDGE-RESONATOR-INDEPENDENT-LAG-VARIABLE-ADMISSIBILITY-EXECUTION-01,CAND-0035,Richtungs-/Symmetrieprüfung,unknown,inventory_field_based_admissibility_execution
QSB-PLANCK-BRIDGE-RESONATOR-INDEPENDENT-LAG-VARIABLE-ADMISSIBILITY-EXECUTION-01,CAND-0035,Einheiten-/Dimensionsmetadaten,pass,inventory_field_based_admissibility_execution
QSB-PLANCK-BRIDGE-RESONATOR-INDEPENDENT-LAG-VARIABLE-ADMISSIBILITY-EXECUTION-01,CAND-0035,Null-Alias-Stresstest,blocked_missing_evidence,inventory_field_based_admissibility_execution
QSB-PLANCK-BRIDGE-RESONATOR-INDEPENDENT-LAG-VARIABLE-ADMISSIBILITY-EXECUTION-01,CAND-0036,Vor-Paar-Existenz,unknown,inventory_field_based_admissibility_execution
QSB-PLANCK-BRIDGE-RESONATOR-INDEPENDENT-LAG-VARIABLE-ADMISSIBILITY-EXECUTION-01,CAND-0036,Nicht-Alias-Ableitung,unknown,inventory_field_based_admissibility_execution
QSB-PLANCK-BRIDGE-RESONATOR-INDEPENDENT-LAG-VARIABLE-ADMISSIBILITY-EXECUTION-01,CAND-0036,unabhängige Source-Lineage,blocked_missing_evidence,inventory_field_based_admissibility_execution
QSB-PLANCK-BRIDGE-RESONATOR-INDEPENDENT-LAG-VARIABLE-ADMISSIBILITY-EXECUTION-01,CAND-0036,Paar-Mappbarkeit,fail,inventory_field_based_admissibility_execution
QSB-PLANCK-BRIDGE-RESONATOR-INDEPENDENT-LAG-VARIABLE-ADMISSIBILITY-EXECUTION-01,CAND-0036,nicht vollständig lag-determiniert,unknown,inventory_field_based_admissibility_execution
QSB-PLANCK-BRIDGE-RESONATOR-INDEPENDENT-LAG-VARIABLE-ADMISSIBILITY-EXECUTION-01,CAND-0036,Richtungs-/Symmetrieprüfung,unknown,inventory_field_based_admissibility_execution
QSB-PLANCK-BRIDGE-RESONATOR-INDEPENDENT-LAG-VARIABLE-ADMISSIBILITY-EXECUTION-01,CAND-0036,Einheiten-/Dimensionsmetadaten,pass,inventory_field_based_admissibility_execution
QSB-PLANCK-BRIDGE-RESONATOR-INDEPENDENT-LAG-VARIABLE-ADMISSIBILITY-EXECUTION-01,CAND-0036,Null-Alias-Stresstest,blocked_missing_evidence,inventory_field_based_admissibility_execution
QSB-PLANCK-BRIDGE-RESONATOR-INDEPENDENT-LAG-VARIABLE-ADMISSIBILITY-EXECUTION-01,CAND-0037,Vor-Paar-Existenz,unknown,inventory_field_based_admissibility_execution
QSB-PLANCK-BRIDGE-RESONATOR-INDEPENDENT-LAG-VARIABLE-ADMISSIBILITY-EXECUTION-01,CAND-0037,Nicht-Alias-Ableitung,unknown,inventory_field_based_admissibility_execution
QSB-PLANCK-BRIDGE-RESONATOR-INDEPENDENT-LAG-VARIABLE-ADMISSIBILITY-EXECUTION-01,CAND-0037,unabhängige Source-Lineage,blocked_missing_evidence,inventory_field_based_admissibility_execution
QSB-PLANCK-BRIDGE-RESONATOR-INDEPENDENT-LAG-VARIABLE-ADMISSIBILITY-EXECUTION-01,CAND-0037,Paar-Mappbarkeit,fail,inventory_field_based_admissibility_execution
QSB-PLANCK-BRIDGE-RESONATOR-INDEPENDENT-LAG-VARIABLE-ADMISSIBILITY-EXECUTION-01,CAND-0037,nicht vollständig lag-determiniert,unknown,inventory_field_based_admissibility_execution
QSB-PLANCK-BRIDGE-RESONATOR-INDEPENDENT-LAG-VARIABLE-ADMISSIBILITY-EXECUTION-01,CAND-0037,Richtungs-/Symmetrieprüfung,unknown,inventory_field_based_admissibility_execution
QSB-PLANCK-BRIDGE-RESONATOR-INDEPENDENT-LAG-VARIABLE-ADMISSIBILITY-EXECUTION-01,CAND-0037,Einheiten-/Dimensionsmetadaten,pass,inventory_field_based_admissibility_execution
QSB-PLANCK-BRIDGE-RESONATOR-INDEPENDENT-LAG-VARIABLE-ADMISSIBILITY-EXECUTION-01,CAND-0037,Null-Alias-Stresstest,blocked_missing_evidence,inventory_field_based_admissibility_execution
QSB-PLANCK-BRIDGE-RESONATOR-INDEPENDENT-LAG-VARIABLE-ADMISSIBILITY-EXECUTION-01,CAND-0038,Vor-Paar-Existenz,unknown,inventory_field_based_admissibility_execution
QSB-PLANCK-BRIDGE-RESONATOR-INDEPENDENT-LAG-VARIABLE-ADMISSIBILITY-EXECUTION-01,CAND-0038,Nicht-Alias-Ableitung,unknown,inventory_field_based_admissibility_execution
QSB-PLANCK-BRIDGE-RESONATOR-INDEPENDENT-LAG-VARIABLE-ADMISSIBILITY-EXECUTION-01,CAND-0038,unabhängige Source-Lineage,blocked_missing_evidence,inventory_field_based_admissibility_execution
QSB-PLANCK-BRIDGE-RESONATOR-INDEPENDENT-LAG-VARIABLE-ADMISSIBILITY-EXECUTION-01,CAND-0038,Paar-Mappbarkeit,fail,inventory_field_based_admissibility_execution
QSB-PLANCK-BRIDGE-RESONATOR-INDEPENDENT-LAG-VARIABLE-ADMISSIBILITY-EXECUTION-01,CAND-0038,nicht vollständig lag-determiniert,unknown,inventory_field_based_admissibility_execution
QSB-PLANCK-BRIDGE-RESONATOR-INDEPENDENT-LAG-VARIABLE-ADMISSIBILITY-EXECUTION-01,CAND-0038,Richtungs-/Symmetrieprüfung,unknown,inventory_field_based_admissibility_execution
QSB-PLANCK-BRIDGE-RESONATOR-INDEPENDENT-LAG-VARIABLE-ADMISSIBILITY-EXECUTION-01,CAND-0038,Einheiten-/Dimensionsmetadaten,pass,inventory_field_based_admissibility_execution
QSB-PLANCK-BRIDGE-RESONATOR-INDEPENDENT-LAG-VARIABLE-ADMISSIBILITY-EXECUTION-01,CAND-0038,Null-Alias-Stresstest,blocked_missing_evidence,inventory_field_based_admissibility_execution
QSB-PLANCK-BRIDGE-RESONATOR-INDEPENDENT-LAG-VARIABLE-ADMISSIBILITY-EXECUTION-01,CAND-0039,Vor-Paar-Existenz,unknown,inventory_field_based_admissibility_execution
QSB-PLANCK-BRIDGE-RESONATOR-INDEPENDENT-LAG-VARIABLE-ADMISSIBILITY-EXECUTION-01,CAND-0039,Nicht-Alias-Ableitung,unknown,inventory_field_based_admissibility_execution
QSB-PLANCK-BRIDGE-RESONATOR-INDEPENDENT-LAG-VARIABLE-ADMISSIBILITY-EXECUTION-01,CAND-0039,unabhängige Source-Lineage,blocked_missing_evidence,inventory_field_based_admissibility_execution
QSB-PLANCK-BRIDGE-RESONATOR-INDEPENDENT-LAG-VARIABLE-ADMISSIBILITY-EXECUTION-01,CAND-0039,Paar-Mappbarkeit,fail,inventory_field_based_admissibility_execution
QSB-PLANCK-BRIDGE-RESONATOR-INDEPENDENT-LAG-VARIABLE-ADMISSIBILITY-EXECUTION-01,CAND-0039,nicht vollständig lag-determiniert,unknown,inventory_field_based_admissibility_execution
QSB-PLANCK-BRIDGE-RESONATOR-INDEPENDENT-LAG-VARIABLE-ADMISSIBILITY-EXECUTION-01,CAND-0039,Richtungs-/Symmetrieprüfung,unknown,inventory_field_based_admissibility_execution
QSB-PLANCK-BRIDGE-RESONATOR-INDEPENDENT-LAG-VARIABLE-ADMISSIBILITY-EXECUTION-01,CAND-0039,Einheiten-/Dimensionsmetadaten,blocked_missing_evidence,inventory_field_based_admissibility_execution
QSB-PLANCK-BRIDGE-RESONATOR-INDEPENDENT-LAG-VARIABLE-ADMISSIBILITY-EXECUTION-01,CAND-0039,Null-Alias-Stresstest,blocked_missing_evidence,inventory_field_based_admissibility_execution
QSB-PLANCK-BRIDGE-RESONATOR-INDEPENDENT-LAG-VARIABLE-ADMISSIBILITY-EXECUTION-01,CAND-0040,Vor-Paar-Existenz,unknown,inventory_field_based_admissibility_execution
QSB-PLANCK-BRIDGE-RESONATOR-INDEPENDENT-LAG-VARIABLE-ADMISSIBILITY-EXECUTION-01,CAND-0040,Nicht-Alias-Ableitung,unknown,inventory_field_based_admissibility_execution
QSB-PLANCK-BRIDGE-RESONATOR-INDEPENDENT-LAG-VARIABLE-ADMISSIBILITY-EXECUTION-01,CAND-0040,unabhängige Source-Lineage,blocked_missing_evidence,inventory_field_based_admissibility_execution
QSB-PLANCK-BRIDGE-RESONATOR-INDEPENDENT-LAG-VARIABLE-ADMISSIBILITY-EXECUTION-01,CAND-0040,Paar-Mappbarkeit,fail,inventory_field_based_admissibility_execution
QSB-PLANCK-BRIDGE-RESONATOR-INDEPENDENT-LAG-VARIABLE-ADMISSIBILITY-EXECUTION-01,CAND-0040,nicht vollständig lag-determiniert,unknown,inventory_field_based_admissibility_execution
QSB-PLANCK-BRIDGE-RESONATOR-INDEPENDENT-LAG-VARIABLE-ADMISSIBILITY-EXECUTION-01,CAND-0040,Richtungs-/Symmetrieprüfung,unknown,inventory_field_based_admissibility_execution
QSB-PLANCK-BRIDGE-RESONATOR-INDEPENDENT-LAG-VARIABLE-ADMISSIBILITY-EXECUTION-01,CAND-0040,Einheiten-/Dimensionsmetadaten,blocked_missing_evidence,inventory_field_based_admissibility_execution
QSB-PLANCK-BRIDGE-RESONATOR-INDEPENDENT-LAG-VARIABLE-ADMISSIBILITY-EXECUTION-01,CAND-0040,Null-Alias-Stresstest,blocked_missing_evidence,inventory_field_based_admissibility_execution
QSB-PLANCK-BRIDGE-RESONATOR-INDEPENDENT-LAG-VARIABLE-ADMISSIBILITY-EXECUTION-01,CAND-0041,Vor-Paar-Existenz,unknown,inventory_field_based_admissibility_execution
QSB-PLANCK-BRIDGE-RESONATOR-INDEPENDENT-LAG-VARIABLE-ADMISSIBILITY-EXECUTION-01,CAND-0041,Nicht-Alias-Ableitung,unknown,inventory_field_based_admissibility_execution
QSB-PLANCK-BRIDGE-RESONATOR-INDEPENDENT-LAG-VARIABLE-ADMISSIBILITY-EXECUTION-01,CAND-0041,unabhängige Source-Lineage,blocked_missing_evidence,inventory_field_based_admissibility_execution
QSB-PLANCK-BRIDGE-RESONATOR-INDEPENDENT-LAG-VARIABLE-ADMISSIBILITY-EXECUTION-01,CAND-0041,Paar-Mappbarkeit,fail,inventory_field_based_admissibility_execution
QSB-PLANCK-BRIDGE-RESONATOR-INDEPENDENT-LAG-VARIABLE-ADMISSIBILITY-EXECUTION-01,CAND-0041,nicht vollständig lag-determiniert,unknown,inventory_field_based_admissibility_execution
QSB-PLANCK-BRIDGE-RESONATOR-INDEPENDENT-LAG-VARIABLE-ADMISSIBILITY-EXECUTION-01,CAND-0041,Richtungs-/Symmetrieprüfung,unknown,inventory_field_based_admissibility_execution
QSB-PLANCK-BRIDGE-RESONATOR-INDEPENDENT-LAG-VARIABLE-ADMISSIBILITY-EXECUTION-01,CAND-0041,Einheiten-/Dimensionsmetadaten,pass,inventory_field_based_admissibility_execution
QSB-PLANCK-BRIDGE-RESONATOR-INDEPENDENT-LAG-VARIABLE-ADMISSIBILITY-EXECUTION-01,CAND-0041,Null-Alias-Stresstest,blocked_missing_evidence,inventory_field_based_admissibility_execution
QSB-PLANCK-BRIDGE-RESONATOR-INDEPENDENT-LAG-VARIABLE-ADMISSIBILITY-EXECUTION-01,CAND-0042,Vor-Paar-Existenz,unknown,inventory_field_based_admissibility_execution
QSB-PLANCK-BRIDGE-RESONATOR-INDEPENDENT-LAG-VARIABLE-ADMISSIBILITY-EXECUTION-01,CAND-0042,Nicht-Alias-Ableitung,unknown,inventory_field_based_admissibility_execution
QSB-PLANCK-BRIDGE-RESONATOR-INDEPENDENT-LAG-VARIABLE-ADMISSIBILITY-EXECUTION-01,CAND-0042,unabhängige Source-Lineage,blocked_missing_evidence,inventory_field_based_admissibility_execution
QSB-PLANCK-BRIDGE-RESONATOR-INDEPENDENT-LAG-VARIABLE-ADMISSIBILITY-EXECUTION-01,CAND-0042,Paar-Mappbarkeit,fail,inventory_field_based_admissibility_execution
QSB-PLANCK-BRIDGE-RESONATOR-INDEPENDENT-LAG-VARIABLE-ADMISSIBILITY-EXECUTION-01,CAND-0042,nicht vollständig lag-determiniert,unknown,inventory_field_based_admissibility_execution
QSB-PLANCK-BRIDGE-RESONATOR-INDEPENDENT-LAG-VARIABLE-ADMISSIBILITY-EXECUTION-01,CAND-0042,Richtungs-/Symmetrieprüfung,unknown,inventory_field_based_admissibility_execution
QSB-PLANCK-BRIDGE-RESONATOR-INDEPENDENT-LAG-VARIABLE-ADMISSIBILITY-EXECUTION-01,CAND-0042,Einheiten-/Dimensionsmetadaten,blocked_missing_evidence,inventory_field_based_admissibility_execution
QSB-PLANCK-BRIDGE-RESONATOR-INDEPENDENT-LAG-VARIABLE-ADMISSIBILITY-EXECUTION-01,CAND-0042,Null-Alias-Stresstest,blocked_missing_evidence,inventory_field_based_admissibility_execution
QSB-PLANCK-BRIDGE-RESONATOR-INDEPENDENT-LAG-VARIABLE-ADMISSIBILITY-EXECUTION-01,CAND-0043,Vor-Paar-Existenz,unknown,inventory_field_based_admissibility_execution
QSB-PLANCK-BRIDGE-RESONATOR-INDEPENDENT-LAG-VARIABLE-ADMISSIBILITY-EXECUTION-01,CAND-0043,Nicht-Alias-Ableitung,unknown,inventory_field_based_admissibility_execution
QSB-PLANCK-BRIDGE-RESONATOR-INDEPENDENT-LAG-VARIABLE-ADMISSIBILITY-EXECUTION-01,CAND-0043,unabhängige Source-Lineage,blocked_missing_evidence,inventory_field_based_admissibility_execution
QSB-PLANCK-BRIDGE-RESONATOR-INDEPENDENT-LAG-VARIABLE-ADMISSIBILITY-EXECUTION-01,CAND-0043,Paar-Mappbarkeit,fail,inventory_field_based_admissibility_execution
QSB-PLANCK-BRIDGE-RESONATOR-INDEPENDENT-LAG-VARIABLE-ADMISSIBILITY-EXECUTION-01,CAND-0043,nicht vollständig lag-determiniert,unknown,inventory_field_based_admissibility_execution
QSB-PLANCK-BRIDGE-RESONATOR-INDEPENDENT-LAG-VARIABLE-ADMISSIBILITY-EXECUTION-01,CAND-0043,Richtungs-/Symmetrieprüfung,unknown,inventory_field_based_admissibility_execution
QSB-PLANCK-BRIDGE-RESONATOR-INDEPENDENT-LAG-VARIABLE-ADMISSIBILITY-EXECUTION-01,CAND-0043,Einheiten-/Dimensionsmetadaten,blocked_missing_evidence,inventory_field_based_admissibility_execution
QSB-PLANCK-BRIDGE-RESONATOR-INDEPENDENT-LAG-VARIABLE-ADMISSIBILITY-EXECUTION-01,CAND-0043,Null-Alias-Stresstest,blocked_missing_evidence,inventory_field_based_admissibility_execution
QSB-PLANCK-BRIDGE-RESONATOR-INDEPENDENT-LAG-VARIABLE-ADMISSIBILITY-EXECUTION-01,CAND-0044,Vor-Paar-Existenz,unknown,inventory_field_based_admissibility_execution
QSB-PLANCK-BRIDGE-RESONATOR-INDEPENDENT-LAG-VARIABLE-ADMISSIBILITY-EXECUTION-01,CAND-0044,Nicht-Alias-Ableitung,unknown,inventory_field_based_admissibility_execution
QSB-PLANCK-BRIDGE-RESONATOR-INDEPENDENT-LAG-VARIABLE-ADMISSIBILITY-EXECUTION-01,CAND-0044,unabhängige Source-Lineage,blocked_missing_evidence,inventory_field_based_admissibility_execution
QSB-PLANCK-BRIDGE-RESONATOR-INDEPENDENT-LAG-VARIABLE-ADMISSIBILITY-EXECUTION-01,CAND-0044,Paar-Mappbarkeit,fail,inventory_field_based_admissibility_execution
QSB-PLANCK-BRIDGE-RESONATOR-INDEPENDENT-LAG-VARIABLE-ADMISSIBILITY-EXECUTION-01,CAND-0044,nicht vollständig lag-determiniert,unknown,inventory_field_based_admissibility_execution
QSB-PLANCK-BRIDGE-RESONATOR-INDEPENDENT-LAG-VARIABLE-ADMISSIBILITY-EXECUTION-01,CAND-0044,Richtungs-/Symmetrieprüfung,unknown,inventory_field_based_admissibility_execution
QSB-PLANCK-BRIDGE-RESONATOR-INDEPENDENT-LAG-VARIABLE-ADMISSIBILITY-EXECUTION-01,CAND-0044,Einheiten-/Dimensionsmetadaten,blocked_missing_evidence,inventory_field_based_admissibility_execution
QSB-PLANCK-BRIDGE-RESONATOR-INDEPENDENT-LAG-VARIABLE-ADMISSIBILITY-EXECUTION-01,CAND-0044,Null-Alias-Stresstest,blocked_missing_evidence,inventory_field_based_admissibility_execution
QSB-PLANCK-BRIDGE-RESONATOR-INDEPENDENT-LAG-VARIABLE-ADMISSIBILITY-EXECUTION-01,CAND-0045,Vor-Paar-Existenz,unknown,inventory_field_based_admissibility_execution
QSB-PLANCK-BRIDGE-RESONATOR-INDEPENDENT-LAG-VARIABLE-ADMISSIBILITY-EXECUTION-01,CAND-0045,Nicht-Alias-Ableitung,unknown,inventory_field_based_admissibility_execution
QSB-PLANCK-BRIDGE-RESONATOR-INDEPENDENT-LAG-VARIABLE-ADMISSIBILITY-EXECUTION-01,CAND-0045,unabhängige Source-Lineage,blocked_missing_evidence,inventory_field_based_admissibility_execution
QSB-PLANCK-BRIDGE-RESONATOR-INDEPENDENT-LAG-VARIABLE-ADMISSIBILITY-EXECUTION-01,CAND-0045,Paar-Mappbarkeit,fail,inventory_field_based_admissibility_execution
QSB-PLANCK-BRIDGE-RESONATOR-INDEPENDENT-LAG-VARIABLE-ADMISSIBILITY-EXECUTION-01,CAND-0045,nicht vollständig lag-determiniert,unknown,inventory_field_based_admissibility_execution
QSB-PLANCK-BRIDGE-RESONATOR-INDEPENDENT-LAG-VARIABLE-ADMISSIBILITY-EXECUTION-01,CAND-0045,Richtungs-/Symmetrieprüfung,unknown,inventory_field_based_admissibility_execution
QSB-PLANCK-BRIDGE-RESONATOR-INDEPENDENT-LAG-VARIABLE-ADMISSIBILITY-EXECUTION-01,CAND-0045,Einheiten-/Dimensionsmetadaten,pass,inventory_field_based_admissibility_execution
QSB-PLANCK-BRIDGE-RESONATOR-INDEPENDENT-LAG-VARIABLE-ADMISSIBILITY-EXECUTION-01,CAND-0045,Null-Alias-Stresstest,blocked_missing_evidence,inventory_field_based_admissibility_execution
QSB-PLANCK-BRIDGE-RESONATOR-INDEPENDENT-LAG-VARIABLE-ADMISSIBILITY-EXECUTION-01,CAND-0046,Vor-Paar-Existenz,unknown,inventory_field_based_admissibility_execution
QSB-PLANCK-BRIDGE-RESONATOR-INDEPENDENT-LAG-VARIABLE-ADMISSIBILITY-EXECUTION-01,CAND-0046,Nicht-Alias-Ableitung,unknown,inventory_field_based_admissibility_execution
QSB-PLANCK-BRIDGE-RESONATOR-INDEPENDENT-LAG-VARIABLE-ADMISSIBILITY-EXECUTION-01,CAND-0046,unabhängige Source-Lineage,blocked_missing_evidence,inventory_field_based_admissibility_execution
QSB-PLANCK-BRIDGE-RESONATOR-INDEPENDENT-LAG-VARIABLE-ADMISSIBILITY-EXECUTION-01,CAND-0046,Paar-Mappbarkeit,fail,inventory_field_based_admissibility_execution
QSB-PLANCK-BRIDGE-RESONATOR-INDEPENDENT-LAG-VARIABLE-ADMISSIBILITY-EXECUTION-01,CAND-0046,nicht vollständig lag-determiniert,unknown,inventory_field_based_admissibility_execution
QSB-PLANCK-BRIDGE-RESONATOR-INDEPENDENT-LAG-VARIABLE-ADMISSIBILITY-EXECUTION-01,CAND-0046,Richtungs-/Symmetrieprüfung,unknown,inventory_field_based_admissibility_execution
QSB-PLANCK-BRIDGE-RESONATOR-INDEPENDENT-LAG-VARIABLE-ADMISSIBILITY-EXECUTION-01,CAND-0046,Einheiten-/Dimensionsmetadaten,pass,inventory_field_based_admissibility_execution
QSB-PLANCK-BRIDGE-RESONATOR-INDEPENDENT-LAG-VARIABLE-ADMISSIBILITY-EXECUTION-01,CAND-0046,Null-Alias-Stresstest,blocked_missing_evidence,inventory_field_based_admissibility_execution
QSB-PLANCK-BRIDGE-RESONATOR-INDEPENDENT-LAG-VARIABLE-ADMISSIBILITY-EXECUTION-01,CAND-0047,Vor-Paar-Existenz,unknown,inventory_field_based_admissibility_execution
QSB-PLANCK-BRIDGE-RESONATOR-INDEPENDENT-LAG-VARIABLE-ADMISSIBILITY-EXECUTION-01,CAND-0047,Nicht-Alias-Ableitung,unknown,inventory_field_based_admissibility_execution
QSB-PLANCK-BRIDGE-RESONATOR-INDEPENDENT-LAG-VARIABLE-ADMISSIBILITY-EXECUTION-01,CAND-0047,unabhängige Source-Lineage,blocked_missing_evidence,inventory_field_based_admissibility_execution
QSB-PLANCK-BRIDGE-RESONATOR-INDEPENDENT-LAG-VARIABLE-ADMISSIBILITY-EXECUTION-01,CAND-0047,Paar-Mappbarkeit,fail,inventory_field_based_admissibility_execution
QSB-PLANCK-BRIDGE-RESONATOR-INDEPENDENT-LAG-VARIABLE-ADMISSIBILITY-EXECUTION-01,CAND-0047,nicht vollständig lag-determiniert,unknown,inventory_field_based_admissibility_execution
QSB-PLANCK-BRIDGE-RESONATOR-INDEPENDENT-LAG-VARIABLE-ADMISSIBILITY-EXECUTION-01,CAND-0047,Richtungs-/Symmetrieprüfung,unknown,inventory_field_based_admissibility_execution
QSB-PLANCK-BRIDGE-RESONATOR-INDEPENDENT-LAG-VARIABLE-ADMISSIBILITY-EXECUTION-01,CAND-0047,Einheiten-/Dimensionsmetadaten,pass,inventory_field_based_admissibility_execution
QSB-PLANCK-BRIDGE-RESONATOR-INDEPENDENT-LAG-VARIABLE-ADMISSIBILITY-EXECUTION-01,CAND-0047,Null-Alias-Stresstest,blocked_missing_evidence,inventory_field_based_admissibility_execution
QSB-PLANCK-BRIDGE-RESONATOR-INDEPENDENT-LAG-VARIABLE-ADMISSIBILITY-EXECUTION-01,CAND-0048,Vor-Paar-Existenz,unknown,inventory_field_based_admissibility_execution
QSB-PLANCK-BRIDGE-RESONATOR-INDEPENDENT-LAG-VARIABLE-ADMISSIBILITY-EXECUTION-01,CAND-0048,Nicht-Alias-Ableitung,unknown,inventory_field_based_admissibility_execution
QSB-PLANCK-BRIDGE-RESONATOR-INDEPENDENT-LAG-VARIABLE-ADMISSIBILITY-EXECUTION-01,CAND-0048,unabhängige Source-Lineage,blocked_missing_evidence,inventory_field_based_admissibility_execution
QSB-PLANCK-BRIDGE-RESONATOR-INDEPENDENT-LAG-VARIABLE-ADMISSIBILITY-EXECUTION-01,CAND-0048,Paar-Mappbarkeit,fail,inventory_field_based_admissibility_execution
QSB-PLANCK-BRIDGE-RESONATOR-INDEPENDENT-LAG-VARIABLE-ADMISSIBILITY-EXECUTION-01,CAND-0048,nicht vollständig lag-determiniert,unknown,inventory_field_based_admissibility_execution
QSB-PLANCK-BRIDGE-RESONATOR-INDEPENDENT-LAG-VARIABLE-ADMISSIBILITY-EXECUTION-01,CAND-0048,Richtungs-/Symmetrieprüfung,unknown,inventory_field_based_admissibility_execution
QSB-PLANCK-BRIDGE-RESONATOR-INDEPENDENT-LAG-VARIABLE-ADMISSIBILITY-EXECUTION-01,CAND-0048,Einheiten-/Dimensionsmetadaten,pass,inventory_field_based_admissibility_execution
QSB-PLANCK-BRIDGE-RESONATOR-INDEPENDENT-LAG-VARIABLE-ADMISSIBILITY-EXECUTION-01,CAND-0048,Null-Alias-Stresstest,blocked_missing_evidence,inventory_field_based_admissibility_execution
QSB-PLANCK-BRIDGE-RESONATOR-INDEPENDENT-LAG-VARIABLE-ADMISSIBILITY-EXECUTION-01,CAND-0049,Vor-Paar-Existenz,unknown,inventory_field_based_admissibility_execution
QSB-PLANCK-BRIDGE-RESONATOR-INDEPENDENT-LAG-VARIABLE-ADMISSIBILITY-EXECUTION-01,CAND-0049,Nicht-Alias-Ableitung,unknown,inventory_field_based_admissibility_execution
QSB-PLANCK-BRIDGE-RESONATOR-INDEPENDENT-LAG-VARIABLE-ADMISSIBILITY-EXECUTION-01,CAND-0049,unabhängige Source-Lineage,blocked_missing_evidence,inventory_field_based_admissibility_execution
QSB-PLANCK-BRIDGE-RESONATOR-INDEPENDENT-LAG-VARIABLE-ADMISSIBILITY-EXECUTION-01,CAND-0049,Paar-Mappbarkeit,fail,inventory_field_based_admissibility_execution
QSB-PLANCK-BRIDGE-RESONATOR-INDEPENDENT-LAG-VARIABLE-ADMISSIBILITY-EXECUTION-01,CAND-0049,nicht vollständig lag-determiniert,unknown,inventory_field_based_admissibility_execution
QSB-PLANCK-BRIDGE-RESONATOR-INDEPENDENT-LAG-VARIABLE-ADMISSIBILITY-EXECUTION-01,CAND-0049,Richtungs-/Symmetrieprüfung,unknown,inventory_field_based_admissibility_execution
QSB-PLANCK-BRIDGE-RESONATOR-INDEPENDENT-LAG-VARIABLE-ADMISSIBILITY-EXECUTION-01,CAND-0049,Einheiten-/Dimensionsmetadaten,pass,inventory_field_based_admissibility_execution
QSB-PLANCK-BRIDGE-RESONATOR-INDEPENDENT-LAG-VARIABLE-ADMISSIBILITY-EXECUTION-01,CAND-0049,Null-Alias-Stresstest,blocked_missing_evidence,inventory_field_based_admissibility_execution
QSB-PLANCK-BRIDGE-RESONATOR-INDEPENDENT-LAG-VARIABLE-ADMISSIBILITY-EXECUTION-01,CAND-0050,Vor-Paar-Existenz,unknown,inventory_field_based_admissibility_execution
QSB-PLANCK-BRIDGE-RESONATOR-INDEPENDENT-LAG-VARIABLE-ADMISSIBILITY-EXECUTION-01,CAND-0050,Nicht-Alias-Ableitung,unknown,inventory_field_based_admissibility_execution
QSB-PLANCK-BRIDGE-RESONATOR-INDEPENDENT-LAG-VARIABLE-ADMISSIBILITY-EXECUTION-01,CAND-0050,unabhängige Source-Lineage,blocked_missing_evidence,inventory_field_based_admissibility_execution
QSB-PLANCK-BRIDGE-RESONATOR-INDEPENDENT-LAG-VARIABLE-ADMISSIBILITY-EXECUTION-01,CAND-0050,Paar-Mappbarkeit,fail,inventory_field_based_admissibility_execution
QSB-PLANCK-BRIDGE-RESONATOR-INDEPENDENT-LAG-VARIABLE-ADMISSIBILITY-EXECUTION-01,CAND-0050,nicht vollständig lag-determiniert,unknown,inventory_field_based_admissibility_execution
QSB-PLANCK-BRIDGE-RESONATOR-INDEPENDENT-LAG-VARIABLE-ADMISSIBILITY-EXECUTION-01,CAND-0050,Richtungs-/Symmetrieprüfung,unknown,inventory_field_based_admissibility_execution
QSB-PLANCK-BRIDGE-RESONATOR-INDEPENDENT-LAG-VARIABLE-ADMISSIBILITY-EXECUTION-01,CAND-0050,Einheiten-/Dimensionsmetadaten,pass,inventory_field_based_admissibility_execution
QSB-PLANCK-BRIDGE-RESONATOR-INDEPENDENT-LAG-VARIABLE-ADMISSIBILITY-EXECUTION-01,CAND-0050,Null-Alias-Stresstest,blocked_missing_evidence,inventory_field_based_admissibility_execution
QSB-PLANCK-BRIDGE-RESONATOR-INDEPENDENT-LAG-VARIABLE-ADMISSIBILITY-EXECUTION-01,CAND-0051,Vor-Paar-Existenz,unknown,inventory_field_based_admissibility_execution
QSB-PLANCK-BRIDGE-RESONATOR-INDEPENDENT-LAG-VARIABLE-ADMISSIBILITY-EXECUTION-01,CAND-0051,Nicht-Alias-Ableitung,unknown,inventory_field_based_admissibility_execution
QSB-PLANCK-BRIDGE-RESONATOR-INDEPENDENT-LAG-VARIABLE-ADMISSIBILITY-EXECUTION-01,CAND-0051,unabhängige Source-Lineage,blocked_missing_evidence,inventory_field_based_admissibility_execution
QSB-PLANCK-BRIDGE-RESONATOR-INDEPENDENT-LAG-VARIABLE-ADMISSIBILITY-EXECUTION-01,CAND-0051,Paar-Mappbarkeit,fail,inventory_field_based_admissibility_execution
QSB-PLANCK-BRIDGE-RESONATOR-INDEPENDENT-LAG-VARIABLE-ADMISSIBILITY-EXECUTION-01,CAND-0051,nicht vollständig lag-determiniert,unknown,inventory_field_based_admissibility_execution
QSB-PLANCK-BRIDGE-RESONATOR-INDEPENDENT-LAG-VARIABLE-ADMISSIBILITY-EXECUTION-01,CAND-0051,Richtungs-/Symmetrieprüfung,unknown,inventory_field_based_admissibility_execution
QSB-PLANCK-BRIDGE-RESONATOR-INDEPENDENT-LAG-VARIABLE-ADMISSIBILITY-EXECUTION-01,CAND-0051,Einheiten-/Dimensionsmetadaten,pass,inventory_field_based_admissibility_execution
QSB-PLANCK-BRIDGE-RESONATOR-INDEPENDENT-LAG-VARIABLE-ADMISSIBILITY-EXECUTION-01,CAND-0051,Null-Alias-Stresstest,blocked_missing_evidence,inventory_field_based_admissibility_execution
QSB-PLANCK-BRIDGE-RESONATOR-INDEPENDENT-LAG-VARIABLE-ADMISSIBILITY-EXECUTION-01,CAND-0052,Vor-Paar-Existenz,unknown,inventory_field_based_admissibility_execution
QSB-PLANCK-BRIDGE-RESONATOR-INDEPENDENT-LAG-VARIABLE-ADMISSIBILITY-EXECUTION-01,CAND-0052,Nicht-Alias-Ableitung,unknown,inventory_field_based_admissibility_execution
QSB-PLANCK-BRIDGE-RESONATOR-INDEPENDENT-LAG-VARIABLE-ADMISSIBILITY-EXECUTION-01,CAND-0052,unabhängige Source-Lineage,blocked_missing_evidence,inventory_field_based_admissibility_execution
QSB-PLANCK-BRIDGE-RESONATOR-INDEPENDENT-LAG-VARIABLE-ADMISSIBILITY-EXECUTION-01,CAND-0052,Paar-Mappbarkeit,fail,inventory_field_based_admissibility_execution
QSB-PLANCK-BRIDGE-RESONATOR-INDEPENDENT-LAG-VARIABLE-ADMISSIBILITY-EXECUTION-01,CAND-0052,nicht vollständig lag-determiniert,unknown,inventory_field_based_admissibility_execution
QSB-PLANCK-BRIDGE-RESONATOR-INDEPENDENT-LAG-VARIABLE-ADMISSIBILITY-EXECUTION-01,CAND-0052,Richtungs-/Symmetrieprüfung,unknown,inventory_field_based_admissibility_execution
QSB-PLANCK-BRIDGE-RESONATOR-INDEPENDENT-LAG-VARIABLE-ADMISSIBILITY-EXECUTION-01,CAND-0052,Einheiten-/Dimensionsmetadaten,pass,inventory_field_based_admissibility_execution
QSB-PLANCK-BRIDGE-RESONATOR-INDEPENDENT-LAG-VARIABLE-ADMISSIBILITY-EXECUTION-01,CAND-0052,Null-Alias-Stresstest,blocked_missing_evidence,inventory_field_based_admissibility_execution
QSB-PLANCK-BRIDGE-RESONATOR-INDEPENDENT-LAG-VARIABLE-ADMISSIBILITY-EXECUTION-01,CAND-0053,Vor-Paar-Existenz,unknown,inventory_field_based_admissibility_execution
QSB-PLANCK-BRIDGE-RESONATOR-INDEPENDENT-LAG-VARIABLE-ADMISSIBILITY-EXECUTION-01,CAND-0053,Nicht-Alias-Ableitung,unknown,inventory_field_based_admissibility_execution
QSB-PLANCK-BRIDGE-RESONATOR-INDEPENDENT-LAG-VARIABLE-ADMISSIBILITY-EXECUTION-01,CAND-0053,unabhängige Source-Lineage,blocked_missing_evidence,inventory_field_based_admissibility_execution
QSB-PLANCK-BRIDGE-RESONATOR-INDEPENDENT-LAG-VARIABLE-ADMISSIBILITY-EXECUTION-01,CAND-0053,Paar-Mappbarkeit,fail,inventory_field_based_admissibility_execution
QSB-PLANCK-BRIDGE-RESONATOR-INDEPENDENT-LAG-VARIABLE-ADMISSIBILITY-EXECUTION-01,CAND-0053,nicht vollständig lag-determiniert,unknown,inventory_field_based_admissibility_execution
QSB-PLANCK-BRIDGE-RESONATOR-INDEPENDENT-LAG-VARIABLE-ADMISSIBILITY-EXECUTION-01,CAND-0053,Richtungs-/Symmetrieprüfung,unknown,inventory_field_based_admissibility_execution
QSB-PLANCK-BRIDGE-RESONATOR-INDEPENDENT-LAG-VARIABLE-ADMISSIBILITY-EXECUTION-01,CAND-0053,Einheiten-/Dimensionsmetadaten,blocked_missing_evidence,inventory_field_based_admissibility_execution
QSB-PLANCK-BRIDGE-RESONATOR-INDEPENDENT-LAG-VARIABLE-ADMISSIBILITY-EXECUTION-01,CAND-0053,Null-Alias-Stresstest,blocked_missing_evidence,inventory_field_based_admissibility_execution
QSB-PLANCK-BRIDGE-RESONATOR-INDEPENDENT-LAG-VARIABLE-ADMISSIBILITY-EXECUTION-01,CAND-0054,Vor-Paar-Existenz,unknown,inventory_field_based_admissibility_execution
QSB-PLANCK-BRIDGE-RESONATOR-INDEPENDENT-LAG-VARIABLE-ADMISSIBILITY-EXECUTION-01,CAND-0054,Nicht-Alias-Ableitung,unknown,inventory_field_based_admissibility_execution
QSB-PLANCK-BRIDGE-RESONATOR-INDEPENDENT-LAG-VARIABLE-ADMISSIBILITY-EXECUTION-01,CAND-0054,unabhängige Source-Lineage,blocked_missing_evidence,inventory_field_based_admissibility_execution
QSB-PLANCK-BRIDGE-RESONATOR-INDEPENDENT-LAG-VARIABLE-ADMISSIBILITY-EXECUTION-01,CAND-0054,Paar-Mappbarkeit,fail,inventory_field_based_admissibility_execution
QSB-PLANCK-BRIDGE-RESONATOR-INDEPENDENT-LAG-VARIABLE-ADMISSIBILITY-EXECUTION-01,CAND-0054,nicht vollständig lag-determiniert,unknown,inventory_field_based_admissibility_execution
QSB-PLANCK-BRIDGE-RESONATOR-INDEPENDENT-LAG-VARIABLE-ADMISSIBILITY-EXECUTION-01,CAND-0054,Richtungs-/Symmetrieprüfung,unknown,inventory_field_based_admissibility_execution
QSB-PLANCK-BRIDGE-RESONATOR-INDEPENDENT-LAG-VARIABLE-ADMISSIBILITY-EXECUTION-01,CAND-0054,Einheiten-/Dimensionsmetadaten,blocked_missing_evidence,inventory_field_based_admissibility_execution
QSB-PLANCK-BRIDGE-RESONATOR-INDEPENDENT-LAG-VARIABLE-ADMISSIBILITY-EXECUTION-01,CAND-0054,Null-Alias-Stresstest,blocked_missing_evidence,inventory_field_based_admissibility_execution
QSB-PLANCK-BRIDGE-RESONATOR-INDEPENDENT-LAG-VARIABLE-ADMISSIBILITY-EXECUTION-01,CAND-0055,Vor-Paar-Existenz,unknown,inventory_field_based_admissibility_execution
QSB-PLANCK-BRIDGE-RESONATOR-INDEPENDENT-LAG-VARIABLE-ADMISSIBILITY-EXECUTION-01,CAND-0055,Nicht-Alias-Ableitung,unknown,inventory_field_based_admissibility_execution
QSB-PLANCK-BRIDGE-RESONATOR-INDEPENDENT-LAG-VARIABLE-ADMISSIBILITY-EXECUTION-01,CAND-0055,unabhängige Source-Lineage,blocked_missing_evidence,inventory_field_based_admissibility_execution
QSB-PLANCK-BRIDGE-RESONATOR-INDEPENDENT-LAG-VARIABLE-ADMISSIBILITY-EXECUTION-01,CAND-0055,Paar-Mappbarkeit,fail,inventory_field_based_admissibility_execution
QSB-PLANCK-BRIDGE-RESONATOR-INDEPENDENT-LAG-VARIABLE-ADMISSIBILITY-EXECUTION-01,CAND-0055,nicht vollständig lag-determiniert,unknown,inventory_field_based_admissibility_execution
QSB-PLANCK-BRIDGE-RESONATOR-INDEPENDENT-LAG-VARIABLE-ADMISSIBILITY-EXECUTION-01,CAND-0055,Richtungs-/Symmetrieprüfung,unknown,inventory_field_based_admissibility_execution
QSB-PLANCK-BRIDGE-RESONATOR-INDEPENDENT-LAG-VARIABLE-ADMISSIBILITY-EXECUTION-01,CAND-0055,Einheiten-/Dimensionsmetadaten,blocked_missing_evidence,inventory_field_based_admissibility_execution
QSB-PLANCK-BRIDGE-RESONATOR-INDEPENDENT-LAG-VARIABLE-ADMISSIBILITY-EXECUTION-01,CAND-0055,Null-Alias-Stresstest,blocked_missing_evidence,inventory_field_based_admissibility_execution
QSB-PLANCK-BRIDGE-RESONATOR-INDEPENDENT-LAG-VARIABLE-ADMISSIBILITY-EXECUTION-01,CAND-0056,Vor-Paar-Existenz,unknown,inventory_field_based_admissibility_execution
QSB-PLANCK-BRIDGE-RESONATOR-INDEPENDENT-LAG-VARIABLE-ADMISSIBILITY-EXECUTION-01,CAND-0056,Nicht-Alias-Ableitung,unknown,inventory_field_based_admissibility_execution
QSB-PLANCK-BRIDGE-RESONATOR-INDEPENDENT-LAG-VARIABLE-ADMISSIBILITY-EXECUTION-01,CAND-0056,unabhängige Source-Lineage,blocked_missing_evidence,inventory_field_based_admissibility_execution
QSB-PLANCK-BRIDGE-RESONATOR-INDEPENDENT-LAG-VARIABLE-ADMISSIBILITY-EXECUTION-01,CAND-0056,Paar-Mappbarkeit,fail,inventory_field_based_admissibility_execution
QSB-PLANCK-BRIDGE-RESONATOR-INDEPENDENT-LAG-VARIABLE-ADMISSIBILITY-EXECUTION-01,CAND-0056,nicht vollständig lag-determiniert,unknown,inventory_field_based_admissibility_execution
QSB-PLANCK-BRIDGE-RESONATOR-INDEPENDENT-LAG-VARIABLE-ADMISSIBILITY-EXECUTION-01,CAND-0056,Richtungs-/Symmetrieprüfung,unknown,inventory_field_based_admissibility_execution
QSB-PLANCK-BRIDGE-RESONATOR-INDEPENDENT-LAG-VARIABLE-ADMISSIBILITY-EXECUTION-01,CAND-0056,Einheiten-/Dimensionsmetadaten,blocked_missing_evidence,inventory_field_based_admissibility_execution
QSB-PLANCK-BRIDGE-RESONATOR-INDEPENDENT-LAG-VARIABLE-ADMISSIBILITY-EXECUTION-01,CAND-0056,Null-Alias-Stresstest,blocked_missing_evidence,inventory_field_based_admissibility_execution
QSB-PLANCK-BRIDGE-RESONATOR-INDEPENDENT-LAG-VARIABLE-ADMISSIBILITY-EXECUTION-01,CAND-0057,Vor-Paar-Existenz,unknown,inventory_field_based_admissibility_execution
QSB-PLANCK-BRIDGE-RESONATOR-INDEPENDENT-LAG-VARIABLE-ADMISSIBILITY-EXECUTION-01,CAND-0057,Nicht-Alias-Ableitung,unknown,inventory_field_based_admissibility_execution
QSB-PLANCK-BRIDGE-RESONATOR-INDEPENDENT-LAG-VARIABLE-ADMISSIBILITY-EXECUTION-01,CAND-0057,unabhängige Source-Lineage,blocked_missing_evidence,inventory_field_based_admissibility_execution
QSB-PLANCK-BRIDGE-RESONATOR-INDEPENDENT-LAG-VARIABLE-ADMISSIBILITY-EXECUTION-01,CAND-0057,Paar-Mappbarkeit,fail,inventory_field_based_admissibility_execution
QSB-PLANCK-BRIDGE-RESONATOR-INDEPENDENT-LAG-VARIABLE-ADMISSIBILITY-EXECUTION-01,CAND-0057,nicht vollständig lag-determiniert,unknown,inventory_field_based_admissibility_execution
QSB-PLANCK-BRIDGE-RESONATOR-INDEPENDENT-LAG-VARIABLE-ADMISSIBILITY-EXECUTION-01,CAND-0057,Richtungs-/Symmetrieprüfung,unknown,inventory_field_based_admissibility_execution
QSB-PLANCK-BRIDGE-RESONATOR-INDEPENDENT-LAG-VARIABLE-ADMISSIBILITY-EXECUTION-01,CAND-0057,Einheiten-/Dimensionsmetadaten,pass,inventory_field_based_admissibility_execution
QSB-PLANCK-BRIDGE-RESONATOR-INDEPENDENT-LAG-VARIABLE-ADMISSIBILITY-EXECUTION-01,CAND-0057,Null-Alias-Stresstest,blocked_missing_evidence,inventory_field_based_admissibility_execution
QSB-PLANCK-BRIDGE-RESONATOR-INDEPENDENT-LAG-VARIABLE-ADMISSIBILITY-EXECUTION-01,CAND-0058,Vor-Paar-Existenz,unknown,inventory_field_based_admissibility_execution
QSB-PLANCK-BRIDGE-RESONATOR-INDEPENDENT-LAG-VARIABLE-ADMISSIBILITY-EXECUTION-01,CAND-0058,Nicht-Alias-Ableitung,unknown,inventory_field_based_admissibility_execution
QSB-PLANCK-BRIDGE-RESONATOR-INDEPENDENT-LAG-VARIABLE-ADMISSIBILITY-EXECUTION-01,CAND-0058,unabhängige Source-Lineage,blocked_missing_evidence,inventory_field_based_admissibility_execution
QSB-PLANCK-BRIDGE-RESONATOR-INDEPENDENT-LAG-VARIABLE-ADMISSIBILITY-EXECUTION-01,CAND-0058,Paar-Mappbarkeit,fail,inventory_field_based_admissibility_execution
QSB-PLANCK-BRIDGE-RESONATOR-INDEPENDENT-LAG-VARIABLE-ADMISSIBILITY-EXECUTION-01,CAND-0058,nicht vollständig lag-determiniert,unknown,inventory_field_based_admissibility_execution
QSB-PLANCK-BRIDGE-RESONATOR-INDEPENDENT-LAG-VARIABLE-ADMISSIBILITY-EXECUTION-01,CAND-0058,Richtungs-/Symmetrieprüfung,unknown,inventory_field_based_admissibility_execution
QSB-PLANCK-BRIDGE-RESONATOR-INDEPENDENT-LAG-VARIABLE-ADMISSIBILITY-EXECUTION-01,CAND-0058,Einheiten-/Dimensionsmetadaten,pass,inventory_field_based_admissibility_execution
QSB-PLANCK-BRIDGE-RESONATOR-INDEPENDENT-LAG-VARIABLE-ADMISSIBILITY-EXECUTION-01,CAND-0058,Null-Alias-Stresstest,blocked_missing_evidence,inventory_field_based_admissibility_execution
QSB-PLANCK-BRIDGE-RESONATOR-INDEPENDENT-LAG-VARIABLE-ADMISSIBILITY-EXECUTION-01,CAND-0059,Vor-Paar-Existenz,unknown,inventory_field_based_admissibility_execution
QSB-PLANCK-BRIDGE-RESONATOR-INDEPENDENT-LAG-VARIABLE-ADMISSIBILITY-EXECUTION-01,CAND-0059,Nicht-Alias-Ableitung,unknown,inventory_field_based_admissibility_execution
QSB-PLANCK-BRIDGE-RESONATOR-INDEPENDENT-LAG-VARIABLE-ADMISSIBILITY-EXECUTION-01,CAND-0059,unabhängige Source-Lineage,blocked_missing_evidence,inventory_field_based_admissibility_execution
QSB-PLANCK-BRIDGE-RESONATOR-INDEPENDENT-LAG-VARIABLE-ADMISSIBILITY-EXECUTION-01,CAND-0059,Paar-Mappbarkeit,fail,inventory_field_based_admissibility_execution
QSB-PLANCK-BRIDGE-RESONATOR-INDEPENDENT-LAG-VARIABLE-ADMISSIBILITY-EXECUTION-01,CAND-0059,nicht vollständig lag-determiniert,unknown,inventory_field_based_admissibility_execution
QSB-PLANCK-BRIDGE-RESONATOR-INDEPENDENT-LAG-VARIABLE-ADMISSIBILITY-EXECUTION-01,CAND-0059,Richtungs-/Symmetrieprüfung,unknown,inventory_field_based_admissibility_execution
QSB-PLANCK-BRIDGE-RESONATOR-INDEPENDENT-LAG-VARIABLE-ADMISSIBILITY-EXECUTION-01,CAND-0059,Einheiten-/Dimensionsmetadaten,blocked_missing_evidence,inventory_field_based_admissibility_execution
QSB-PLANCK-BRIDGE-RESONATOR-INDEPENDENT-LAG-VARIABLE-ADMISSIBILITY-EXECUTION-01,CAND-0059,Null-Alias-Stresstest,blocked_missing_evidence,inventory_field_based_admissibility_execution
QSB-PLANCK-BRIDGE-RESONATOR-INDEPENDENT-LAG-VARIABLE-ADMISSIBILITY-EXECUTION-01,CAND-0060,Vor-Paar-Existenz,unknown,inventory_field_based_admissibility_execution
QSB-PLANCK-BRIDGE-RESONATOR-INDEPENDENT-LAG-VARIABLE-ADMISSIBILITY-EXECUTION-01,CAND-0060,Nicht-Alias-Ableitung,unknown,inventory_field_based_admissibility_execution
QSB-PLANCK-BRIDGE-RESONATOR-INDEPENDENT-LAG-VARIABLE-ADMISSIBILITY-EXECUTION-01,CAND-0060,unabhängige Source-Lineage,blocked_missing_evidence,inventory_field_based_admissibility_execution
QSB-PLANCK-BRIDGE-RESONATOR-INDEPENDENT-LAG-VARIABLE-ADMISSIBILITY-EXECUTION-01,CAND-0060,Paar-Mappbarkeit,fail,inventory_field_based_admissibility_execution
QSB-PLANCK-BRIDGE-RESONATOR-INDEPENDENT-LAG-VARIABLE-ADMISSIBILITY-EXECUTION-01,CAND-0060,nicht vollständig lag-determiniert,unknown,inventory_field_based_admissibility_execution
QSB-PLANCK-BRIDGE-RESONATOR-INDEPENDENT-LAG-VARIABLE-ADMISSIBILITY-EXECUTION-01,CAND-0060,Richtungs-/Symmetrieprüfung,unknown,inventory_field_based_admissibility_execution
QSB-PLANCK-BRIDGE-RESONATOR-INDEPENDENT-LAG-VARIABLE-ADMISSIBILITY-EXECUTION-01,CAND-0060,Einheiten-/Dimensionsmetadaten,blocked_missing_evidence,inventory_field_based_admissibility_execution
QSB-PLANCK-BRIDGE-RESONATOR-INDEPENDENT-LAG-VARIABLE-ADMISSIBILITY-EXECUTION-01,CAND-0060,Null-Alias-Stresstest,blocked_missing_evidence,inventory_field_based_admissibility_execution
QSB-PLANCK-BRIDGE-RESONATOR-INDEPENDENT-LAG-VARIABLE-ADMISSIBILITY-EXECUTION-01,CAND-0061,Vor-Paar-Existenz,unknown,inventory_field_based_admissibility_execution
QSB-PLANCK-BRIDGE-RESONATOR-INDEPENDENT-LAG-VARIABLE-ADMISSIBILITY-EXECUTION-01,CAND-0061,Nicht-Alias-Ableitung,unknown,inventory_field_based_admissibility_execution
QSB-PLANCK-BRIDGE-RESONATOR-INDEPENDENT-LAG-VARIABLE-ADMISSIBILITY-EXECUTION-01,CAND-0061,unabhängige Source-Lineage,blocked_missing_evidence,inventory_field_based_admissibility_execution
QSB-PLANCK-BRIDGE-RESONATOR-INDEPENDENT-LAG-VARIABLE-ADMISSIBILITY-EXECUTION-01,CAND-0061,Paar-Mappbarkeit,fail,inventory_field_based_admissibility_execution
QSB-PLANCK-BRIDGE-RESONATOR-INDEPENDENT-LAG-VARIABLE-ADMISSIBILITY-EXECUTION-01,CAND-0061,nicht vollständig lag-determiniert,unknown,inventory_field_based_admissibility_execution
QSB-PLANCK-BRIDGE-RESONATOR-INDEPENDENT-LAG-VARIABLE-ADMISSIBILITY-EXECUTION-01,CAND-0061,Richtungs-/Symmetrieprüfung,unknown,inventory_field_based_admissibility_execution
QSB-PLANCK-BRIDGE-RESONATOR-INDEPENDENT-LAG-VARIABLE-ADMISSIBILITY-EXECUTION-01,CAND-0061,Einheiten-/Dimensionsmetadaten,blocked_missing_evidence,inventory_field_based_admissibility_execution
QSB-PLANCK-BRIDGE-RESONATOR-INDEPENDENT-LAG-VARIABLE-ADMISSIBILITY-EXECUTION-01,CAND-0061,Null-Alias-Stresstest,blocked_missing_evidence,inventory_field_based_admissibility_execution
QSB-PLANCK-BRIDGE-RESONATOR-INDEPENDENT-LAG-VARIABLE-ADMISSIBILITY-EXECUTION-01,CAND-0062,Vor-Paar-Existenz,unknown,inventory_field_based_admissibility_execution
QSB-PLANCK-BRIDGE-RESONATOR-INDEPENDENT-LAG-VARIABLE-ADMISSIBILITY-EXECUTION-01,CAND-0062,Nicht-Alias-Ableitung,unknown,inventory_field_based_admissibility_execution
QSB-PLANCK-BRIDGE-RESONATOR-INDEPENDENT-LAG-VARIABLE-ADMISSIBILITY-EXECUTION-01,CAND-0062,unabhängige Source-Lineage,blocked_missing_evidence,inventory_field_based_admissibility_execution
QSB-PLANCK-BRIDGE-RESONATOR-INDEPENDENT-LAG-VARIABLE-ADMISSIBILITY-EXECUTION-01,CAND-0062,Paar-Mappbarkeit,fail,inventory_field_based_admissibility_execution
QSB-PLANCK-BRIDGE-RESONATOR-INDEPENDENT-LAG-VARIABLE-ADMISSIBILITY-EXECUTION-01,CAND-0062,nicht vollständig lag-determiniert,unknown,inventory_field_based_admissibility_execution
QSB-PLANCK-BRIDGE-RESONATOR-INDEPENDENT-LAG-VARIABLE-ADMISSIBILITY-EXECUTION-01,CAND-0062,Richtungs-/Symmetrieprüfung,unknown,inventory_field_based_admissibility_execution
QSB-PLANCK-BRIDGE-RESONATOR-INDEPENDENT-LAG-VARIABLE-ADMISSIBILITY-EXECUTION-01,CAND-0062,Einheiten-/Dimensionsmetadaten,blocked_missing_evidence,inventory_field_based_admissibility_execution
QSB-PLANCK-BRIDGE-RESONATOR-INDEPENDENT-LAG-VARIABLE-ADMISSIBILITY-EXECUTION-01,CAND-0062,Null-Alias-Stresstest,blocked_missing_evidence,inventory_field_based_admissibility_execution
QSB-PLANCK-BRIDGE-RESONATOR-INDEPENDENT-LAG-VARIABLE-ADMISSIBILITY-EXECUTION-01,CAND-0063,Vor-Paar-Existenz,unknown,inventory_field_based_admissibility_execution
QSB-PLANCK-BRIDGE-RESONATOR-INDEPENDENT-LAG-VARIABLE-ADMISSIBILITY-EXECUTION-01,CAND-0063,Nicht-Alias-Ableitung,unknown,inventory_field_based_admissibility_execution
QSB-PLANCK-BRIDGE-RESONATOR-INDEPENDENT-LAG-VARIABLE-ADMISSIBILITY-EXECUTION-01,CAND-0063,unabhängige Source-Lineage,blocked_missing_evidence,inventory_field_based_admissibility_execution
QSB-PLANCK-BRIDGE-RESONATOR-INDEPENDENT-LAG-VARIABLE-ADMISSIBILITY-EXECUTION-01,CAND-0063,Paar-Mappbarkeit,fail,inventory_field_based_admissibility_execution
QSB-PLANCK-BRIDGE-RESONATOR-INDEPENDENT-LAG-VARIABLE-ADMISSIBILITY-EXECUTION-01,CAND-0063,nicht vollständig lag-determiniert,unknown,inventory_field_based_admissibility_execution
QSB-PLANCK-BRIDGE-RESONATOR-INDEPENDENT-LAG-VARIABLE-ADMISSIBILITY-EXECUTION-01,CAND-0063,Richtungs-/Symmetrieprüfung,unknown,inventory_field_based_admissibility_execution
QSB-PLANCK-BRIDGE-RESONATOR-INDEPENDENT-LAG-VARIABLE-ADMISSIBILITY-EXECUTION-01,CAND-0063,Einheiten-/Dimensionsmetadaten,blocked_missing_evidence,inventory_field_based_admissibility_execution
QSB-PLANCK-BRIDGE-RESONATOR-INDEPENDENT-LAG-VARIABLE-ADMISSIBILITY-EXECUTION-01,CAND-0063,Null-Alias-Stresstest,blocked_missing_evidence,inventory_field_based_admissibility_execution
QSB-PLANCK-BRIDGE-RESONATOR-INDEPENDENT-LAG-VARIABLE-ADMISSIBILITY-EXECUTION-01,CAND-0064,Vor-Paar-Existenz,unknown,inventory_field_based_admissibility_execution
QSB-PLANCK-BRIDGE-RESONATOR-INDEPENDENT-LAG-VARIABLE-ADMISSIBILITY-EXECUTION-01,CAND-0064,Nicht-Alias-Ableitung,unknown,inventory_field_based_admissibility_execution
QSB-PLANCK-BRIDGE-RESONATOR-INDEPENDENT-LAG-VARIABLE-ADMISSIBILITY-EXECUTION-01,CAND-0064,unabhängige Source-Lineage,blocked_missing_evidence,inventory_field_based_admissibility_execution
QSB-PLANCK-BRIDGE-RESONATOR-INDEPENDENT-LAG-VARIABLE-ADMISSIBILITY-EXECUTION-01,CAND-0064,Paar-Mappbarkeit,fail,inventory_field_based_admissibility_execution
QSB-PLANCK-BRIDGE-RESONATOR-INDEPENDENT-LAG-VARIABLE-ADMISSIBILITY-EXECUTION-01,CAND-0064,nicht vollständig lag-determiniert,unknown,inventory_field_based_admissibility_execution
QSB-PLANCK-BRIDGE-RESONATOR-INDEPENDENT-LAG-VARIABLE-ADMISSIBILITY-EXECUTION-01,CAND-0064,Richtungs-/Symmetrieprüfung,unknown,inventory_field_based_admissibility_execution
QSB-PLANCK-BRIDGE-RESONATOR-INDEPENDENT-LAG-VARIABLE-ADMISSIBILITY-EXECUTION-01,CAND-0064,Einheiten-/Dimensionsmetadaten,blocked_missing_evidence,inventory_field_based_admissibility_execution
QSB-PLANCK-BRIDGE-RESONATOR-INDEPENDENT-LAG-VARIABLE-ADMISSIBILITY-EXECUTION-01,CAND-0064,Null-Alias-Stresstest,blocked_missing_evidence,inventory_field_based_admissibility_execution
QSB-PLANCK-BRIDGE-RESONATOR-INDEPENDENT-LAG-VARIABLE-ADMISSIBILITY-EXECUTION-01,CAND-0065,Vor-Paar-Existenz,unknown,inventory_field_based_admissibility_execution
QSB-PLANCK-BRIDGE-RESONATOR-INDEPENDENT-LAG-VARIABLE-ADMISSIBILITY-EXECUTION-01,CAND-0065,Nicht-Alias-Ableitung,unknown,inventory_field_based_admissibility_execution
QSB-PLANCK-BRIDGE-RESONATOR-INDEPENDENT-LAG-VARIABLE-ADMISSIBILITY-EXECUTION-01,CAND-0065,unabhängige Source-Lineage,blocked_missing_evidence,inventory_field_based_admissibility_execution
QSB-PLANCK-BRIDGE-RESONATOR-INDEPENDENT-LAG-VARIABLE-ADMISSIBILITY-EXECUTION-01,CAND-0065,Paar-Mappbarkeit,fail,inventory_field_based_admissibility_execution
QSB-PLANCK-BRIDGE-RESONATOR-INDEPENDENT-LAG-VARIABLE-ADMISSIBILITY-EXECUTION-01,CAND-0065,nicht vollständig lag-determiniert,unknown,inventory_field_based_admissibility_execution
QSB-PLANCK-BRIDGE-RESONATOR-INDEPENDENT-LAG-VARIABLE-ADMISSIBILITY-EXECUTION-01,CAND-0065,Richtungs-/Symmetrieprüfung,unknown,inventory_field_based_admissibility_execution
QSB-PLANCK-BRIDGE-RESONATOR-INDEPENDENT-LAG-VARIABLE-ADMISSIBILITY-EXECUTION-01,CAND-0065,Einheiten-/Dimensionsmetadaten,pass,inventory_field_based_admissibility_execution
QSB-PLANCK-BRIDGE-RESONATOR-INDEPENDENT-LAG-VARIABLE-ADMISSIBILITY-EXECUTION-01,CAND-0065,Null-Alias-Stresstest,blocked_missing_evidence,inventory_field_based_admissibility_execution
QSB-PLANCK-BRIDGE-RESONATOR-INDEPENDENT-LAG-VARIABLE-ADMISSIBILITY-EXECUTION-01,CAND-0066,Vor-Paar-Existenz,unknown,inventory_field_based_admissibility_execution
QSB-PLANCK-BRIDGE-RESONATOR-INDEPENDENT-LAG-VARIABLE-ADMISSIBILITY-EXECUTION-01,CAND-0066,Nicht-Alias-Ableitung,unknown,inventory_field_based_admissibility_execution
QSB-PLANCK-BRIDGE-RESONATOR-INDEPENDENT-LAG-VARIABLE-ADMISSIBILITY-EXECUTION-01,CAND-0066,unabhängige Source-Lineage,blocked_missing_evidence,inventory_field_based_admissibility_execution
QSB-PLANCK-BRIDGE-RESONATOR-INDEPENDENT-LAG-VARIABLE-ADMISSIBILITY-EXECUTION-01,CAND-0066,Paar-Mappbarkeit,fail,inventory_field_based_admissibility_execution
QSB-PLANCK-BRIDGE-RESONATOR-INDEPENDENT-LAG-VARIABLE-ADMISSIBILITY-EXECUTION-01,CAND-0066,nicht vollständig lag-determiniert,unknown,inventory_field_based_admissibility_execution
QSB-PLANCK-BRIDGE-RESONATOR-INDEPENDENT-LAG-VARIABLE-ADMISSIBILITY-EXECUTION-01,CAND-0066,Richtungs-/Symmetrieprüfung,unknown,inventory_field_based_admissibility_execution
QSB-PLANCK-BRIDGE-RESONATOR-INDEPENDENT-LAG-VARIABLE-ADMISSIBILITY-EXECUTION-01,CAND-0066,Einheiten-/Dimensionsmetadaten,pass,inventory_field_based_admissibility_execution
QSB-PLANCK-BRIDGE-RESONATOR-INDEPENDENT-LAG-VARIABLE-ADMISSIBILITY-EXECUTION-01,CAND-0066,Null-Alias-Stresstest,blocked_missing_evidence,inventory_field_based_admissibility_execution
QSB-PLANCK-BRIDGE-RESONATOR-INDEPENDENT-LAG-VARIABLE-ADMISSIBILITY-EXECUTION-01,CAND-0067,Vor-Paar-Existenz,unknown,inventory_field_based_admissibility_execution
QSB-PLANCK-BRIDGE-RESONATOR-INDEPENDENT-LAG-VARIABLE-ADMISSIBILITY-EXECUTION-01,CAND-0067,Nicht-Alias-Ableitung,unknown,inventory_field_based_admissibility_execution
QSB-PLANCK-BRIDGE-RESONATOR-INDEPENDENT-LAG-VARIABLE-ADMISSIBILITY-EXECUTION-01,CAND-0067,unabhängige Source-Lineage,blocked_missing_evidence,inventory_field_based_admissibility_execution
QSB-PLANCK-BRIDGE-RESONATOR-INDEPENDENT-LAG-VARIABLE-ADMISSIBILITY-EXECUTION-01,CAND-0067,Paar-Mappbarkeit,fail,inventory_field_based_admissibility_execution
QSB-PLANCK-BRIDGE-RESONATOR-INDEPENDENT-LAG-VARIABLE-ADMISSIBILITY-EXECUTION-01,CAND-0067,nicht vollständig lag-determiniert,unknown,inventory_field_based_admissibility_execution
QSB-PLANCK-BRIDGE-RESONATOR-INDEPENDENT-LAG-VARIABLE-ADMISSIBILITY-EXECUTION-01,CAND-0067,Richtungs-/Symmetrieprüfung,unknown,inventory_field_based_admissibility_execution
QSB-PLANCK-BRIDGE-RESONATOR-INDEPENDENT-LAG-VARIABLE-ADMISSIBILITY-EXECUTION-01,CAND-0067,Einheiten-/Dimensionsmetadaten,pass,inventory_field_based_admissibility_execution
QSB-PLANCK-BRIDGE-RESONATOR-INDEPENDENT-LAG-VARIABLE-ADMISSIBILITY-EXECUTION-01,CAND-0067,Null-Alias-Stresstest,blocked_missing_evidence,inventory_field_based_admissibility_execution
QSB-PLANCK-BRIDGE-RESONATOR-INDEPENDENT-LAG-VARIABLE-ADMISSIBILITY-EXECUTION-01,CAND-0068,Vor-Paar-Existenz,unknown,inventory_field_based_admissibility_execution
QSB-PLANCK-BRIDGE-RESONATOR-INDEPENDENT-LAG-VARIABLE-ADMISSIBILITY-EXECUTION-01,CAND-0068,Nicht-Alias-Ableitung,unknown,inventory_field_based_admissibility_execution
QSB-PLANCK-BRIDGE-RESONATOR-INDEPENDENT-LAG-VARIABLE-ADMISSIBILITY-EXECUTION-01,CAND-0068,unabhängige Source-Lineage,blocked_missing_evidence,inventory_field_based_admissibility_execution
QSB-PLANCK-BRIDGE-RESONATOR-INDEPENDENT-LAG-VARIABLE-ADMISSIBILITY-EXECUTION-01,CAND-0068,Paar-Mappbarkeit,fail,inventory_field_based_admissibility_execution
QSB-PLANCK-BRIDGE-RESONATOR-INDEPENDENT-LAG-VARIABLE-ADMISSIBILITY-EXECUTION-01,CAND-0068,nicht vollständig lag-determiniert,unknown,inventory_field_based_admissibility_execution
QSB-PLANCK-BRIDGE-RESONATOR-INDEPENDENT-LAG-VARIABLE-ADMISSIBILITY-EXECUTION-01,CAND-0068,Richtungs-/Symmetrieprüfung,unknown,inventory_field_based_admissibility_execution
QSB-PLANCK-BRIDGE-RESONATOR-INDEPENDENT-LAG-VARIABLE-ADMISSIBILITY-EXECUTION-01,CAND-0068,Einheiten-/Dimensionsmetadaten,pass,inventory_field_based_admissibility_execution
QSB-PLANCK-BRIDGE-RESONATOR-INDEPENDENT-LAG-VARIABLE-ADMISSIBILITY-EXECUTION-01,CAND-0068,Null-Alias-Stresstest,blocked_missing_evidence,inventory_field_based_admissibility_execution
QSB-PLANCK-BRIDGE-RESONATOR-INDEPENDENT-LAG-VARIABLE-ADMISSIBILITY-EXECUTION-01,CAND-0069,Vor-Paar-Existenz,unknown,inventory_field_based_admissibility_execution
QSB-PLANCK-BRIDGE-RESONATOR-INDEPENDENT-LAG-VARIABLE-ADMISSIBILITY-EXECUTION-01,CAND-0069,Nicht-Alias-Ableitung,unknown,inventory_field_based_admissibility_execution
QSB-PLANCK-BRIDGE-RESONATOR-INDEPENDENT-LAG-VARIABLE-ADMISSIBILITY-EXECUTION-01,CAND-0069,unabhängige Source-Lineage,blocked_missing_evidence,inventory_field_based_admissibility_execution
QSB-PLANCK-BRIDGE-RESONATOR-INDEPENDENT-LAG-VARIABLE-ADMISSIBILITY-EXECUTION-01,CAND-0069,Paar-Mappbarkeit,fail,inventory_field_based_admissibility_execution
QSB-PLANCK-BRIDGE-RESONATOR-INDEPENDENT-LAG-VARIABLE-ADMISSIBILITY-EXECUTION-01,CAND-0069,nicht vollständig lag-determiniert,unknown,inventory_field_based_admissibility_execution
QSB-PLANCK-BRIDGE-RESONATOR-INDEPENDENT-LAG-VARIABLE-ADMISSIBILITY-EXECUTION-01,CAND-0069,Richtungs-/Symmetrieprüfung,unknown,inventory_field_based_admissibility_execution
QSB-PLANCK-BRIDGE-RESONATOR-INDEPENDENT-LAG-VARIABLE-ADMISSIBILITY-EXECUTION-01,CAND-0069,Einheiten-/Dimensionsmetadaten,pass,inventory_field_based_admissibility_execution
QSB-PLANCK-BRIDGE-RESONATOR-INDEPENDENT-LAG-VARIABLE-ADMISSIBILITY-EXECUTION-01,CAND-0069,Null-Alias-Stresstest,blocked_missing_evidence,inventory_field_based_admissibility_execution
QSB-PLANCK-BRIDGE-RESONATOR-INDEPENDENT-LAG-VARIABLE-ADMISSIBILITY-EXECUTION-01,CAND-0070,Vor-Paar-Existenz,unknown,inventory_field_based_admissibility_execution
QSB-PLANCK-BRIDGE-RESONATOR-INDEPENDENT-LAG-VARIABLE-ADMISSIBILITY-EXECUTION-01,CAND-0070,Nicht-Alias-Ableitung,unknown,inventory_field_based_admissibility_execution
QSB-PLANCK-BRIDGE-RESONATOR-INDEPENDENT-LAG-VARIABLE-ADMISSIBILITY-EXECUTION-01,CAND-0070,unabhängige Source-Lineage,blocked_missing_evidence,inventory_field_based_admissibility_execution
QSB-PLANCK-BRIDGE-RESONATOR-INDEPENDENT-LAG-VARIABLE-ADMISSIBILITY-EXECUTION-01,CAND-0070,Paar-Mappbarkeit,fail,inventory_field_based_admissibility_execution
QSB-PLANCK-BRIDGE-RESONATOR-INDEPENDENT-LAG-VARIABLE-ADMISSIBILITY-EXECUTION-01,CAND-0070,nicht vollständig lag-determiniert,unknown,inventory_field_based_admissibility_execution
QSB-PLANCK-BRIDGE-RESONATOR-INDEPENDENT-LAG-VARIABLE-ADMISSIBILITY-EXECUTION-01,CAND-0070,Richtungs-/Symmetrieprüfung,unknown,inventory_field_based_admissibility_execution
QSB-PLANCK-BRIDGE-RESONATOR-INDEPENDENT-LAG-VARIABLE-ADMISSIBILITY-EXECUTION-01,CAND-0070,Einheiten-/Dimensionsmetadaten,pass,inventory_field_based_admissibility_execution
QSB-PLANCK-BRIDGE-RESONATOR-INDEPENDENT-LAG-VARIABLE-ADMISSIBILITY-EXECUTION-01,CAND-0070,Null-Alias-Stresstest,blocked_missing_evidence,inventory_field_based_admissibility_execution
QSB-PLANCK-BRIDGE-RESONATOR-INDEPENDENT-LAG-VARIABLE-ADMISSIBILITY-EXECUTION-01,CAND-0071,Vor-Paar-Existenz,unknown,inventory_field_based_admissibility_execution
QSB-PLANCK-BRIDGE-RESONATOR-INDEPENDENT-LAG-VARIABLE-ADMISSIBILITY-EXECUTION-01,CAND-0071,Nicht-Alias-Ableitung,unknown,inventory_field_based_admissibility_execution
QSB-PLANCK-BRIDGE-RESONATOR-INDEPENDENT-LAG-VARIABLE-ADMISSIBILITY-EXECUTION-01,CAND-0071,unabhängige Source-Lineage,blocked_missing_evidence,inventory_field_based_admissibility_execution
QSB-PLANCK-BRIDGE-RESONATOR-INDEPENDENT-LAG-VARIABLE-ADMISSIBILITY-EXECUTION-01,CAND-0071,Paar-Mappbarkeit,fail,inventory_field_based_admissibility_execution
QSB-PLANCK-BRIDGE-RESONATOR-INDEPENDENT-LAG-VARIABLE-ADMISSIBILITY-EXECUTION-01,CAND-0071,nicht vollständig lag-determiniert,unknown,inventory_field_based_admissibility_execution
QSB-PLANCK-BRIDGE-RESONATOR-INDEPENDENT-LAG-VARIABLE-ADMISSIBILITY-EXECUTION-01,CAND-0071,Richtungs-/Symmetrieprüfung,unknown,inventory_field_based_admissibility_execution
QSB-PLANCK-BRIDGE-RESONATOR-INDEPENDENT-LAG-VARIABLE-ADMISSIBILITY-EXECUTION-01,CAND-0071,Einheiten-/Dimensionsmetadaten,pass,inventory_field_based_admissibility_execution
QSB-PLANCK-BRIDGE-RESONATOR-INDEPENDENT-LAG-VARIABLE-ADMISSIBILITY-EXECUTION-01,CAND-0071,Null-Alias-Stresstest,blocked_missing_evidence,inventory_field_based_admissibility_execution
QSB-PLANCK-BRIDGE-RESONATOR-INDEPENDENT-LAG-VARIABLE-ADMISSIBILITY-EXECUTION-01,CAND-0072,Vor-Paar-Existenz,unknown,inventory_field_based_admissibility_execution
QSB-PLANCK-BRIDGE-RESONATOR-INDEPENDENT-LAG-VARIABLE-ADMISSIBILITY-EXECUTION-01,CAND-0072,Nicht-Alias-Ableitung,unknown,inventory_field_based_admissibility_execution
QSB-PLANCK-BRIDGE-RESONATOR-INDEPENDENT-LAG-VARIABLE-ADMISSIBILITY-EXECUTION-01,CAND-0072,unabhängige Source-Lineage,blocked_missing_evidence,inventory_field_based_admissibility_execution
QSB-PLANCK-BRIDGE-RESONATOR-INDEPENDENT-LAG-VARIABLE-ADMISSIBILITY-EXECUTION-01,CAND-0072,Paar-Mappbarkeit,fail,inventory_field_based_admissibility_execution
QSB-PLANCK-BRIDGE-RESONATOR-INDEPENDENT-LAG-VARIABLE-ADMISSIBILITY-EXECUTION-01,CAND-0072,nicht vollständig lag-determiniert,unknown,inventory_field_based_admissibility_execution
QSB-PLANCK-BRIDGE-RESONATOR-INDEPENDENT-LAG-VARIABLE-ADMISSIBILITY-EXECUTION-01,CAND-0072,Richtungs-/Symmetrieprüfung,unknown,inventory_field_based_admissibility_execution
QSB-PLANCK-BRIDGE-RESONATOR-INDEPENDENT-LAG-VARIABLE-ADMISSIBILITY-EXECUTION-01,CAND-0072,Einheiten-/Dimensionsmetadaten,pass,inventory_field_based_admissibility_execution
QSB-PLANCK-BRIDGE-RESONATOR-INDEPENDENT-LAG-VARIABLE-ADMISSIBILITY-EXECUTION-01,CAND-0072,Null-Alias-Stresstest,blocked_missing_evidence,inventory_field_based_admissibility_execution
QSB-PLANCK-BRIDGE-RESONATOR-INDEPENDENT-LAG-VARIABLE-ADMISSIBILITY-EXECUTION-01,CAND-0073,Vor-Paar-Existenz,unknown,inventory_field_based_admissibility_execution
QSB-PLANCK-BRIDGE-RESONATOR-INDEPENDENT-LAG-VARIABLE-ADMISSIBILITY-EXECUTION-01,CAND-0073,Nicht-Alias-Ableitung,unknown,inventory_field_based_admissibility_execution
QSB-PLANCK-BRIDGE-RESONATOR-INDEPENDENT-LAG-VARIABLE-ADMISSIBILITY-EXECUTION-01,CAND-0073,unabhängige Source-Lineage,blocked_missing_evidence,inventory_field_based_admissibility_execution
QSB-PLANCK-BRIDGE-RESONATOR-INDEPENDENT-LAG-VARIABLE-ADMISSIBILITY-EXECUTION-01,CAND-0073,Paar-Mappbarkeit,fail,inventory_field_based_admissibility_execution
QSB-PLANCK-BRIDGE-RESONATOR-INDEPENDENT-LAG-VARIABLE-ADMISSIBILITY-EXECUTION-01,CAND-0073,nicht vollständig lag-determiniert,unknown,inventory_field_based_admissibility_execution
QSB-PLANCK-BRIDGE-RESONATOR-INDEPENDENT-LAG-VARIABLE-ADMISSIBILITY-EXECUTION-01,CAND-0073,Richtungs-/Symmetrieprüfung,unknown,inventory_field_based_admissibility_execution
QSB-PLANCK-BRIDGE-RESONATOR-INDEPENDENT-LAG-VARIABLE-ADMISSIBILITY-EXECUTION-01,CAND-0073,Einheiten-/Dimensionsmetadaten,blocked_missing_evidence,inventory_field_based_admissibility_execution
QSB-PLANCK-BRIDGE-RESONATOR-INDEPENDENT-LAG-VARIABLE-ADMISSIBILITY-EXECUTION-01,CAND-0073,Null-Alias-Stresstest,blocked_missing_evidence,inventory_field_based_admissibility_execution
QSB-PLANCK-BRIDGE-RESONATOR-INDEPENDENT-LAG-VARIABLE-ADMISSIBILITY-EXECUTION-01,CAND-0074,Vor-Paar-Existenz,unknown,inventory_field_based_admissibility_execution
QSB-PLANCK-BRIDGE-RESONATOR-INDEPENDENT-LAG-VARIABLE-ADMISSIBILITY-EXECUTION-01,CAND-0074,Nicht-Alias-Ableitung,unknown,inventory_field_based_admissibility_execution
QSB-PLANCK-BRIDGE-RESONATOR-INDEPENDENT-LAG-VARIABLE-ADMISSIBILITY-EXECUTION-01,CAND-0074,unabhängige Source-Lineage,blocked_missing_evidence,inventory_field_based_admissibility_execution
QSB-PLANCK-BRIDGE-RESONATOR-INDEPENDENT-LAG-VARIABLE-ADMISSIBILITY-EXECUTION-01,CAND-0074,Paar-Mappbarkeit,fail,inventory_field_based_admissibility_execution
QSB-PLANCK-BRIDGE-RESONATOR-INDEPENDENT-LAG-VARIABLE-ADMISSIBILITY-EXECUTION-01,CAND-0074,nicht vollständig lag-determiniert,unknown,inventory_field_based_admissibility_execution
QSB-PLANCK-BRIDGE-RESONATOR-INDEPENDENT-LAG-VARIABLE-ADMISSIBILITY-EXECUTION-01,CAND-0074,Richtungs-/Symmetrieprüfung,unknown,inventory_field_based_admissibility_execution
QSB-PLANCK-BRIDGE-RESONATOR-INDEPENDENT-LAG-VARIABLE-ADMISSIBILITY-EXECUTION-01,CAND-0074,Einheiten-/Dimensionsmetadaten,pass,inventory_field_based_admissibility_execution
QSB-PLANCK-BRIDGE-RESONATOR-INDEPENDENT-LAG-VARIABLE-ADMISSIBILITY-EXECUTION-01,CAND-0074,Null-Alias-Stresstest,blocked_missing_evidence,inventory_field_based_admissibility_execution
QSB-PLANCK-BRIDGE-RESONATOR-INDEPENDENT-LAG-VARIABLE-ADMISSIBILITY-EXECUTION-01,CAND-0075,Vor-Paar-Existenz,unknown,inventory_field_based_admissibility_execution
QSB-PLANCK-BRIDGE-RESONATOR-INDEPENDENT-LAG-VARIABLE-ADMISSIBILITY-EXECUTION-01,CAND-0075,Nicht-Alias-Ableitung,unknown,inventory_field_based_admissibility_execution
QSB-PLANCK-BRIDGE-RESONATOR-INDEPENDENT-LAG-VARIABLE-ADMISSIBILITY-EXECUTION-01,CAND-0075,unabhängige Source-Lineage,blocked_missing_evidence,inventory_field_based_admissibility_execution
QSB-PLANCK-BRIDGE-RESONATOR-INDEPENDENT-LAG-VARIABLE-ADMISSIBILITY-EXECUTION-01,CAND-0075,Paar-Mappbarkeit,fail,inventory_field_based_admissibility_execution
QSB-PLANCK-BRIDGE-RESONATOR-INDEPENDENT-LAG-VARIABLE-ADMISSIBILITY-EXECUTION-01,CAND-0075,nicht vollständig lag-determiniert,unknown,inventory_field_based_admissibility_execution
QSB-PLANCK-BRIDGE-RESONATOR-INDEPENDENT-LAG-VARIABLE-ADMISSIBILITY-EXECUTION-01,CAND-0075,Richtungs-/Symmetrieprüfung,unknown,inventory_field_based_admissibility_execution
QSB-PLANCK-BRIDGE-RESONATOR-INDEPENDENT-LAG-VARIABLE-ADMISSIBILITY-EXECUTION-01,CAND-0075,Einheiten-/Dimensionsmetadaten,pass,inventory_field_based_admissibility_execution
QSB-PLANCK-BRIDGE-RESONATOR-INDEPENDENT-LAG-VARIABLE-ADMISSIBILITY-EXECUTION-01,CAND-0075,Null-Alias-Stresstest,blocked_missing_evidence,inventory_field_based_admissibility_execution
QSB-PLANCK-BRIDGE-RESONATOR-INDEPENDENT-LAG-VARIABLE-ADMISSIBILITY-EXECUTION-01,CAND-0076,Vor-Paar-Existenz,unknown,inventory_field_based_admissibility_execution
QSB-PLANCK-BRIDGE-RESONATOR-INDEPENDENT-LAG-VARIABLE-ADMISSIBILITY-EXECUTION-01,CAND-0076,Nicht-Alias-Ableitung,unknown,inventory_field_based_admissibility_execution
QSB-PLANCK-BRIDGE-RESONATOR-INDEPENDENT-LAG-VARIABLE-ADMISSIBILITY-EXECUTION-01,CAND-0076,unabhängige Source-Lineage,blocked_missing_evidence,inventory_field_based_admissibility_execution
QSB-PLANCK-BRIDGE-RESONATOR-INDEPENDENT-LAG-VARIABLE-ADMISSIBILITY-EXECUTION-01,CAND-0076,Paar-Mappbarkeit,fail,inventory_field_based_admissibility_execution
QSB-PLANCK-BRIDGE-RESONATOR-INDEPENDENT-LAG-VARIABLE-ADMISSIBILITY-EXECUTION-01,CAND-0076,nicht vollständig lag-determiniert,unknown,inventory_field_based_admissibility_execution
QSB-PLANCK-BRIDGE-RESONATOR-INDEPENDENT-LAG-VARIABLE-ADMISSIBILITY-EXECUTION-01,CAND-0076,Richtungs-/Symmetrieprüfung,unknown,inventory_field_based_admissibility_execution
QSB-PLANCK-BRIDGE-RESONATOR-INDEPENDENT-LAG-VARIABLE-ADMISSIBILITY-EXECUTION-01,CAND-0076,Einheiten-/Dimensionsmetadaten,pass,inventory_field_based_admissibility_execution
QSB-PLANCK-BRIDGE-RESONATOR-INDEPENDENT-LAG-VARIABLE-ADMISSIBILITY-EXECUTION-01,CAND-0076,Null-Alias-Stresstest,blocked_missing_evidence,inventory_field_based_admissibility_execution
QSB-PLANCK-BRIDGE-RESONATOR-INDEPENDENT-LAG-VARIABLE-ADMISSIBILITY-EXECUTION-01,CAND-0077,Vor-Paar-Existenz,unknown,inventory_field_based_admissibility_execution
QSB-PLANCK-BRIDGE-RESONATOR-INDEPENDENT-LAG-VARIABLE-ADMISSIBILITY-EXECUTION-01,CAND-0077,Nicht-Alias-Ableitung,unknown,inventory_field_based_admissibility_execution
QSB-PLANCK-BRIDGE-RESONATOR-INDEPENDENT-LAG-VARIABLE-ADMISSIBILITY-EXECUTION-01,CAND-0077,unabhängige Source-Lineage,blocked_missing_evidence,inventory_field_based_admissibility_execution
QSB-PLANCK-BRIDGE-RESONATOR-INDEPENDENT-LAG-VARIABLE-ADMISSIBILITY-EXECUTION-01,CAND-0077,Paar-Mappbarkeit,fail,inventory_field_based_admissibility_execution
QSB-PLANCK-BRIDGE-RESONATOR-INDEPENDENT-LAG-VARIABLE-ADMISSIBILITY-EXECUTION-01,CAND-0077,nicht vollständig lag-determiniert,unknown,inventory_field_based_admissibility_execution
QSB-PLANCK-BRIDGE-RESONATOR-INDEPENDENT-LAG-VARIABLE-ADMISSIBILITY-EXECUTION-01,CAND-0077,Richtungs-/Symmetrieprüfung,unknown,inventory_field_based_admissibility_execution
QSB-PLANCK-BRIDGE-RESONATOR-INDEPENDENT-LAG-VARIABLE-ADMISSIBILITY-EXECUTION-01,CAND-0077,Einheiten-/Dimensionsmetadaten,blocked_missing_evidence,inventory_field_based_admissibility_execution
QSB-PLANCK-BRIDGE-RESONATOR-INDEPENDENT-LAG-VARIABLE-ADMISSIBILITY-EXECUTION-01,CAND-0077,Null-Alias-Stresstest,blocked_missing_evidence,inventory_field_based_admissibility_execution
QSB-PLANCK-BRIDGE-RESONATOR-INDEPENDENT-LAG-VARIABLE-ADMISSIBILITY-EXECUTION-01,CAND-0078,Vor-Paar-Existenz,unknown,inventory_field_based_admissibility_execution
QSB-PLANCK-BRIDGE-RESONATOR-INDEPENDENT-LAG-VARIABLE-ADMISSIBILITY-EXECUTION-01,CAND-0078,Nicht-Alias-Ableitung,unknown,inventory_field_based_admissibility_execution
QSB-PLANCK-BRIDGE-RESONATOR-INDEPENDENT-LAG-VARIABLE-ADMISSIBILITY-EXECUTION-01,CAND-0078,unabhängige Source-Lineage,pass,inventory_field_based_admissibility_execution
QSB-PLANCK-BRIDGE-RESONATOR-INDEPENDENT-LAG-VARIABLE-ADMISSIBILITY-EXECUTION-01,CAND-0078,Paar-Mappbarkeit,fail,inventory_field_based_admissibility_execution
QSB-PLANCK-BRIDGE-RESONATOR-INDEPENDENT-LAG-VARIABLE-ADMISSIBILITY-EXECUTION-01,CAND-0078,nicht vollständig lag-determiniert,unknown,inventory_field_based_admissibility_execution
QSB-PLANCK-BRIDGE-RESONATOR-INDEPENDENT-LAG-VARIABLE-ADMISSIBILITY-EXECUTION-01,CAND-0078,Richtungs-/Symmetrieprüfung,unknown,inventory_field_based_admissibility_execution
QSB-PLANCK-BRIDGE-RESONATOR-INDEPENDENT-LAG-VARIABLE-ADMISSIBILITY-EXECUTION-01,CAND-0078,Einheiten-/Dimensionsmetadaten,pass,inventory_field_based_admissibility_execution
QSB-PLANCK-BRIDGE-RESONATOR-INDEPENDENT-LAG-VARIABLE-ADMISSIBILITY-EXECUTION-01,CAND-0078,Null-Alias-Stresstest,blocked_missing_evidence,inventory_field_based_admissibility_execution
QSB-PLANCK-BRIDGE-RESONATOR-INDEPENDENT-LAG-VARIABLE-ADMISSIBILITY-EXECUTION-01,CAND-0079,Vor-Paar-Existenz,unknown,inventory_field_based_admissibility_execution
QSB-PLANCK-BRIDGE-RESONATOR-INDEPENDENT-LAG-VARIABLE-ADMISSIBILITY-EXECUTION-01,CAND-0079,Nicht-Alias-Ableitung,unknown,inventory_field_based_admissibility_execution
QSB-PLANCK-BRIDGE-RESONATOR-INDEPENDENT-LAG-VARIABLE-ADMISSIBILITY-EXECUTION-01,CAND-0079,unabhängige Source-Lineage,pass,inventory_field_based_admissibility_execution
QSB-PLANCK-BRIDGE-RESONATOR-INDEPENDENT-LAG-VARIABLE-ADMISSIBILITY-EXECUTION-01,CAND-0079,Paar-Mappbarkeit,fail,inventory_field_based_admissibility_execution
QSB-PLANCK-BRIDGE-RESONATOR-INDEPENDENT-LAG-VARIABLE-ADMISSIBILITY-EXECUTION-01,CAND-0079,nicht vollständig lag-determiniert,unknown,inventory_field_based_admissibility_execution
QSB-PLANCK-BRIDGE-RESONATOR-INDEPENDENT-LAG-VARIABLE-ADMISSIBILITY-EXECUTION-01,CAND-0079,Richtungs-/Symmetrieprüfung,unknown,inventory_field_based_admissibility_execution
QSB-PLANCK-BRIDGE-RESONATOR-INDEPENDENT-LAG-VARIABLE-ADMISSIBILITY-EXECUTION-01,CAND-0079,Einheiten-/Dimensionsmetadaten,pass,inventory_field_based_admissibility_execution
QSB-PLANCK-BRIDGE-RESONATOR-INDEPENDENT-LAG-VARIABLE-ADMISSIBILITY-EXECUTION-01,CAND-0079,Null-Alias-Stresstest,blocked_missing_evidence,inventory_field_based_admissibility_execution
QSB-PLANCK-BRIDGE-RESONATOR-INDEPENDENT-LAG-VARIABLE-ADMISSIBILITY-EXECUTION-01,CAND-0080,Vor-Paar-Existenz,unknown,inventory_field_based_admissibility_execution
QSB-PLANCK-BRIDGE-RESONATOR-INDEPENDENT-LAG-VARIABLE-ADMISSIBILITY-EXECUTION-01,CAND-0080,Nicht-Alias-Ableitung,unknown,inventory_field_based_admissibility_execution
QSB-PLANCK-BRIDGE-RESONATOR-INDEPENDENT-LAG-VARIABLE-ADMISSIBILITY-EXECUTION-01,CAND-0080,unabhängige Source-Lineage,pass,inventory_field_based_admissibility_execution
QSB-PLANCK-BRIDGE-RESONATOR-INDEPENDENT-LAG-VARIABLE-ADMISSIBILITY-EXECUTION-01,CAND-0080,Paar-Mappbarkeit,fail,inventory_field_based_admissibility_execution
QSB-PLANCK-BRIDGE-RESONATOR-INDEPENDENT-LAG-VARIABLE-ADMISSIBILITY-EXECUTION-01,CAND-0080,nicht vollständig lag-determiniert,unknown,inventory_field_based_admissibility_execution
QSB-PLANCK-BRIDGE-RESONATOR-INDEPENDENT-LAG-VARIABLE-ADMISSIBILITY-EXECUTION-01,CAND-0080,Richtungs-/Symmetrieprüfung,unknown,inventory_field_based_admissibility_execution
QSB-PLANCK-BRIDGE-RESONATOR-INDEPENDENT-LAG-VARIABLE-ADMISSIBILITY-EXECUTION-01,CAND-0080,Einheiten-/Dimensionsmetadaten,pass,inventory_field_based_admissibility_execution
QSB-PLANCK-BRIDGE-RESONATOR-INDEPENDENT-LAG-VARIABLE-ADMISSIBILITY-EXECUTION-01,CAND-0080,Null-Alias-Stresstest,blocked_missing_evidence,inventory_field_based_admissibility_execution
QSB-PLANCK-BRIDGE-RESONATOR-INDEPENDENT-LAG-VARIABLE-ADMISSIBILITY-EXECUTION-01,CAND-0081,Vor-Paar-Existenz,unknown,inventory_field_based_admissibility_execution
QSB-PLANCK-BRIDGE-RESONATOR-INDEPENDENT-LAG-VARIABLE-ADMISSIBILITY-EXECUTION-01,CAND-0081,Nicht-Alias-Ableitung,unknown,inventory_field_based_admissibility_execution
QSB-PLANCK-BRIDGE-RESONATOR-INDEPENDENT-LAG-VARIABLE-ADMISSIBILITY-EXECUTION-01,CAND-0081,unabhängige Source-Lineage,pass,inventory_field_based_admissibility_execution
QSB-PLANCK-BRIDGE-RESONATOR-INDEPENDENT-LAG-VARIABLE-ADMISSIBILITY-EXECUTION-01,CAND-0081,Paar-Mappbarkeit,fail,inventory_field_based_admissibility_execution
QSB-PLANCK-BRIDGE-RESONATOR-INDEPENDENT-LAG-VARIABLE-ADMISSIBILITY-EXECUTION-01,CAND-0081,nicht vollständig lag-determiniert,unknown,inventory_field_based_admissibility_execution
QSB-PLANCK-BRIDGE-RESONATOR-INDEPENDENT-LAG-VARIABLE-ADMISSIBILITY-EXECUTION-01,CAND-0081,Richtungs-/Symmetrieprüfung,unknown,inventory_field_based_admissibility_execution
QSB-PLANCK-BRIDGE-RESONATOR-INDEPENDENT-LAG-VARIABLE-ADMISSIBILITY-EXECUTION-01,CAND-0081,Einheiten-/Dimensionsmetadaten,pass,inventory_field_based_admissibility_execution
QSB-PLANCK-BRIDGE-RESONATOR-INDEPENDENT-LAG-VARIABLE-ADMISSIBILITY-EXECUTION-01,CAND-0081,Null-Alias-Stresstest,blocked_missing_evidence,inventory_field_based_admissibility_execution
QSB-PLANCK-BRIDGE-RESONATOR-INDEPENDENT-LAG-VARIABLE-ADMISSIBILITY-EXECUTION-01,CAND-0082,Vor-Paar-Existenz,unknown,inventory_field_based_admissibility_execution
QSB-PLANCK-BRIDGE-RESONATOR-INDEPENDENT-LAG-VARIABLE-ADMISSIBILITY-EXECUTION-01,CAND-0082,Nicht-Alias-Ableitung,unknown,inventory_field_based_admissibility_execution
QSB-PLANCK-BRIDGE-RESONATOR-INDEPENDENT-LAG-VARIABLE-ADMISSIBILITY-EXECUTION-01,CAND-0082,unabhängige Source-Lineage,pass,inventory_field_based_admissibility_execution
QSB-PLANCK-BRIDGE-RESONATOR-INDEPENDENT-LAG-VARIABLE-ADMISSIBILITY-EXECUTION-01,CAND-0082,Paar-Mappbarkeit,fail,inventory_field_based_admissibility_execution
QSB-PLANCK-BRIDGE-RESONATOR-INDEPENDENT-LAG-VARIABLE-ADMISSIBILITY-EXECUTION-01,CAND-0082,nicht vollständig lag-determiniert,unknown,inventory_field_based_admissibility_execution
QSB-PLANCK-BRIDGE-RESONATOR-INDEPENDENT-LAG-VARIABLE-ADMISSIBILITY-EXECUTION-01,CAND-0082,Richtungs-/Symmetrieprüfung,unknown,inventory_field_based_admissibility_execution
QSB-PLANCK-BRIDGE-RESONATOR-INDEPENDENT-LAG-VARIABLE-ADMISSIBILITY-EXECUTION-01,CAND-0082,Einheiten-/Dimensionsmetadaten,pass,inventory_field_based_admissibility_execution
QSB-PLANCK-BRIDGE-RESONATOR-INDEPENDENT-LAG-VARIABLE-ADMISSIBILITY-EXECUTION-01,CAND-0082,Null-Alias-Stresstest,blocked_missing_evidence,inventory_field_based_admissibility_execution
QSB-PLANCK-BRIDGE-RESONATOR-INDEPENDENT-LAG-VARIABLE-ADMISSIBILITY-EXECUTION-01,CAND-0083,Vor-Paar-Existenz,unknown,inventory_field_based_admissibility_execution
QSB-PLANCK-BRIDGE-RESONATOR-INDEPENDENT-LAG-VARIABLE-ADMISSIBILITY-EXECUTION-01,CAND-0083,Nicht-Alias-Ableitung,unknown,inventory_field_based_admissibility_execution
QSB-PLANCK-BRIDGE-RESONATOR-INDEPENDENT-LAG-VARIABLE-ADMISSIBILITY-EXECUTION-01,CAND-0083,unabhängige Source-Lineage,pass,inventory_field_based_admissibility_execution
QSB-PLANCK-BRIDGE-RESONATOR-INDEPENDENT-LAG-VARIABLE-ADMISSIBILITY-EXECUTION-01,CAND-0083,Paar-Mappbarkeit,fail,inventory_field_based_admissibility_execution
QSB-PLANCK-BRIDGE-RESONATOR-INDEPENDENT-LAG-VARIABLE-ADMISSIBILITY-EXECUTION-01,CAND-0083,nicht vollständig lag-determiniert,unknown,inventory_field_based_admissibility_execution
QSB-PLANCK-BRIDGE-RESONATOR-INDEPENDENT-LAG-VARIABLE-ADMISSIBILITY-EXECUTION-01,CAND-0083,Richtungs-/Symmetrieprüfung,unknown,inventory_field_based_admissibility_execution
QSB-PLANCK-BRIDGE-RESONATOR-INDEPENDENT-LAG-VARIABLE-ADMISSIBILITY-EXECUTION-01,CAND-0083,Einheiten-/Dimensionsmetadaten,pass,inventory_field_based_admissibility_execution
QSB-PLANCK-BRIDGE-RESONATOR-INDEPENDENT-LAG-VARIABLE-ADMISSIBILITY-EXECUTION-01,CAND-0083,Null-Alias-Stresstest,blocked_missing_evidence,inventory_field_based_admissibility_execution
QSB-PLANCK-BRIDGE-RESONATOR-INDEPENDENT-LAG-VARIABLE-ADMISSIBILITY-EXECUTION-01,CAND-0084,Vor-Paar-Existenz,unknown,inventory_field_based_admissibility_execution
QSB-PLANCK-BRIDGE-RESONATOR-INDEPENDENT-LAG-VARIABLE-ADMISSIBILITY-EXECUTION-01,CAND-0084,Nicht-Alias-Ableitung,unknown,inventory_field_based_admissibility_execution
QSB-PLANCK-BRIDGE-RESONATOR-INDEPENDENT-LAG-VARIABLE-ADMISSIBILITY-EXECUTION-01,CAND-0084,unabhängige Source-Lineage,blocked_missing_evidence,inventory_field_based_admissibility_execution
QSB-PLANCK-BRIDGE-RESONATOR-INDEPENDENT-LAG-VARIABLE-ADMISSIBILITY-EXECUTION-01,CAND-0084,Paar-Mappbarkeit,fail,inventory_field_based_admissibility_execution
QSB-PLANCK-BRIDGE-RESONATOR-INDEPENDENT-LAG-VARIABLE-ADMISSIBILITY-EXECUTION-01,CAND-0084,nicht vollständig lag-determiniert,unknown,inventory_field_based_admissibility_execution
QSB-PLANCK-BRIDGE-RESONATOR-INDEPENDENT-LAG-VARIABLE-ADMISSIBILITY-EXECUTION-01,CAND-0084,Richtungs-/Symmetrieprüfung,unknown,inventory_field_based_admissibility_execution
QSB-PLANCK-BRIDGE-RESONATOR-INDEPENDENT-LAG-VARIABLE-ADMISSIBILITY-EXECUTION-01,CAND-0084,Einheiten-/Dimensionsmetadaten,pass,inventory_field_based_admissibility_execution
QSB-PLANCK-BRIDGE-RESONATOR-INDEPENDENT-LAG-VARIABLE-ADMISSIBILITY-EXECUTION-01,CAND-0084,Null-Alias-Stresstest,blocked_missing_evidence,inventory_field_based_admissibility_execution
QSB-PLANCK-BRIDGE-RESONATOR-INDEPENDENT-LAG-VARIABLE-ADMISSIBILITY-EXECUTION-01,CAND-0085,Vor-Paar-Existenz,unknown,inventory_field_based_admissibility_execution
QSB-PLANCK-BRIDGE-RESONATOR-INDEPENDENT-LAG-VARIABLE-ADMISSIBILITY-EXECUTION-01,CAND-0085,Nicht-Alias-Ableitung,unknown,inventory_field_based_admissibility_execution
QSB-PLANCK-BRIDGE-RESONATOR-INDEPENDENT-LAG-VARIABLE-ADMISSIBILITY-EXECUTION-01,CAND-0085,unabhängige Source-Lineage,blocked_missing_evidence,inventory_field_based_admissibility_execution
QSB-PLANCK-BRIDGE-RESONATOR-INDEPENDENT-LAG-VARIABLE-ADMISSIBILITY-EXECUTION-01,CAND-0085,Paar-Mappbarkeit,fail,inventory_field_based_admissibility_execution
QSB-PLANCK-BRIDGE-RESONATOR-INDEPENDENT-LAG-VARIABLE-ADMISSIBILITY-EXECUTION-01,CAND-0085,nicht vollständig lag-determiniert,unknown,inventory_field_based_admissibility_execution
QSB-PLANCK-BRIDGE-RESONATOR-INDEPENDENT-LAG-VARIABLE-ADMISSIBILITY-EXECUTION-01,CAND-0085,Richtungs-/Symmetrieprüfung,unknown,inventory_field_based_admissibility_execution
QSB-PLANCK-BRIDGE-RESONATOR-INDEPENDENT-LAG-VARIABLE-ADMISSIBILITY-EXECUTION-01,CAND-0085,Einheiten-/Dimensionsmetadaten,pass,inventory_field_based_admissibility_execution
QSB-PLANCK-BRIDGE-RESONATOR-INDEPENDENT-LAG-VARIABLE-ADMISSIBILITY-EXECUTION-01,CAND-0085,Null-Alias-Stresstest,blocked_missing_evidence,inventory_field_based_admissibility_execution
QSB-PLANCK-BRIDGE-RESONATOR-INDEPENDENT-LAG-VARIABLE-ADMISSIBILITY-EXECUTION-01,CAND-0086,Vor-Paar-Existenz,unknown,inventory_field_based_admissibility_execution
QSB-PLANCK-BRIDGE-RESONATOR-INDEPENDENT-LAG-VARIABLE-ADMISSIBILITY-EXECUTION-01,CAND-0086,Nicht-Alias-Ableitung,unknown,inventory_field_based_admissibility_execution
QSB-PLANCK-BRIDGE-RESONATOR-INDEPENDENT-LAG-VARIABLE-ADMISSIBILITY-EXECUTION-01,CAND-0086,unabhängige Source-Lineage,pass,inventory_field_based_admissibility_execution
QSB-PLANCK-BRIDGE-RESONATOR-INDEPENDENT-LAG-VARIABLE-ADMISSIBILITY-EXECUTION-01,CAND-0086,Paar-Mappbarkeit,fail,inventory_field_based_admissibility_execution
QSB-PLANCK-BRIDGE-RESONATOR-INDEPENDENT-LAG-VARIABLE-ADMISSIBILITY-EXECUTION-01,CAND-0086,nicht vollständig lag-determiniert,unknown,inventory_field_based_admissibility_execution
QSB-PLANCK-BRIDGE-RESONATOR-INDEPENDENT-LAG-VARIABLE-ADMISSIBILITY-EXECUTION-01,CAND-0086,Richtungs-/Symmetrieprüfung,unknown,inventory_field_based_admissibility_execution
QSB-PLANCK-BRIDGE-RESONATOR-INDEPENDENT-LAG-VARIABLE-ADMISSIBILITY-EXECUTION-01,CAND-0086,Einheiten-/Dimensionsmetadaten,pass,inventory_field_based_admissibility_execution
QSB-PLANCK-BRIDGE-RESONATOR-INDEPENDENT-LAG-VARIABLE-ADMISSIBILITY-EXECUTION-01,CAND-0086,Null-Alias-Stresstest,blocked_missing_evidence,inventory_field_based_admissibility_execution
QSB-PLANCK-BRIDGE-RESONATOR-INDEPENDENT-LAG-VARIABLE-ADMISSIBILITY-EXECUTION-01,CAND-0087,Vor-Paar-Existenz,unknown,inventory_field_based_admissibility_execution
QSB-PLANCK-BRIDGE-RESONATOR-INDEPENDENT-LAG-VARIABLE-ADMISSIBILITY-EXECUTION-01,CAND-0087,Nicht-Alias-Ableitung,unknown,inventory_field_based_admissibility_execution
QSB-PLANCK-BRIDGE-RESONATOR-INDEPENDENT-LAG-VARIABLE-ADMISSIBILITY-EXECUTION-01,CAND-0087,unabhängige Source-Lineage,pass,inventory_field_based_admissibility_execution
QSB-PLANCK-BRIDGE-RESONATOR-INDEPENDENT-LAG-VARIABLE-ADMISSIBILITY-EXECUTION-01,CAND-0087,Paar-Mappbarkeit,fail,inventory_field_based_admissibility_execution
QSB-PLANCK-BRIDGE-RESONATOR-INDEPENDENT-LAG-VARIABLE-ADMISSIBILITY-EXECUTION-01,CAND-0087,nicht vollständig lag-determiniert,unknown,inventory_field_based_admissibility_execution
QSB-PLANCK-BRIDGE-RESONATOR-INDEPENDENT-LAG-VARIABLE-ADMISSIBILITY-EXECUTION-01,CAND-0087,Richtungs-/Symmetrieprüfung,unknown,inventory_field_based_admissibility_execution
QSB-PLANCK-BRIDGE-RESONATOR-INDEPENDENT-LAG-VARIABLE-ADMISSIBILITY-EXECUTION-01,CAND-0087,Einheiten-/Dimensionsmetadaten,pass,inventory_field_based_admissibility_execution
QSB-PLANCK-BRIDGE-RESONATOR-INDEPENDENT-LAG-VARIABLE-ADMISSIBILITY-EXECUTION-01,CAND-0087,Null-Alias-Stresstest,blocked_missing_evidence,inventory_field_based_admissibility_execution
QSB-PLANCK-BRIDGE-RESONATOR-INDEPENDENT-LAG-VARIABLE-ADMISSIBILITY-EXECUTION-01,CAND-0088,Vor-Paar-Existenz,unknown,inventory_field_based_admissibility_execution
QSB-PLANCK-BRIDGE-RESONATOR-INDEPENDENT-LAG-VARIABLE-ADMISSIBILITY-EXECUTION-01,CAND-0088,Nicht-Alias-Ableitung,unknown,inventory_field_based_admissibility_execution
QSB-PLANCK-BRIDGE-RESONATOR-INDEPENDENT-LAG-VARIABLE-ADMISSIBILITY-EXECUTION-01,CAND-0088,unabhängige Source-Lineage,pass,inventory_field_based_admissibility_execution
QSB-PLANCK-BRIDGE-RESONATOR-INDEPENDENT-LAG-VARIABLE-ADMISSIBILITY-EXECUTION-01,CAND-0088,Paar-Mappbarkeit,fail,inventory_field_based_admissibility_execution
QSB-PLANCK-BRIDGE-RESONATOR-INDEPENDENT-LAG-VARIABLE-ADMISSIBILITY-EXECUTION-01,CAND-0088,nicht vollständig lag-determiniert,unknown,inventory_field_based_admissibility_execution
QSB-PLANCK-BRIDGE-RESONATOR-INDEPENDENT-LAG-VARIABLE-ADMISSIBILITY-EXECUTION-01,CAND-0088,Richtungs-/Symmetrieprüfung,unknown,inventory_field_based_admissibility_execution
QSB-PLANCK-BRIDGE-RESONATOR-INDEPENDENT-LAG-VARIABLE-ADMISSIBILITY-EXECUTION-01,CAND-0088,Einheiten-/Dimensionsmetadaten,pass,inventory_field_based_admissibility_execution
QSB-PLANCK-BRIDGE-RESONATOR-INDEPENDENT-LAG-VARIABLE-ADMISSIBILITY-EXECUTION-01,CAND-0088,Null-Alias-Stresstest,blocked_missing_evidence,inventory_field_based_admissibility_execution
QSB-PLANCK-BRIDGE-RESONATOR-INDEPENDENT-LAG-VARIABLE-ADMISSIBILITY-EXECUTION-01,CAND-0089,Vor-Paar-Existenz,unknown,inventory_field_based_admissibility_execution
QSB-PLANCK-BRIDGE-RESONATOR-INDEPENDENT-LAG-VARIABLE-ADMISSIBILITY-EXECUTION-01,CAND-0089,Nicht-Alias-Ableitung,unknown,inventory_field_based_admissibility_execution
QSB-PLANCK-BRIDGE-RESONATOR-INDEPENDENT-LAG-VARIABLE-ADMISSIBILITY-EXECUTION-01,CAND-0089,unabhängige Source-Lineage,blocked_missing_evidence,inventory_field_based_admissibility_execution
QSB-PLANCK-BRIDGE-RESONATOR-INDEPENDENT-LAG-VARIABLE-ADMISSIBILITY-EXECUTION-01,CAND-0089,Paar-Mappbarkeit,fail,inventory_field_based_admissibility_execution
QSB-PLANCK-BRIDGE-RESONATOR-INDEPENDENT-LAG-VARIABLE-ADMISSIBILITY-EXECUTION-01,CAND-0089,nicht vollständig lag-determiniert,unknown,inventory_field_based_admissibility_execution
QSB-PLANCK-BRIDGE-RESONATOR-INDEPENDENT-LAG-VARIABLE-ADMISSIBILITY-EXECUTION-01,CAND-0089,Richtungs-/Symmetrieprüfung,unknown,inventory_field_based_admissibility_execution
QSB-PLANCK-BRIDGE-RESONATOR-INDEPENDENT-LAG-VARIABLE-ADMISSIBILITY-EXECUTION-01,CAND-0089,Einheiten-/Dimensionsmetadaten,pass,inventory_field_based_admissibility_execution
QSB-PLANCK-BRIDGE-RESONATOR-INDEPENDENT-LAG-VARIABLE-ADMISSIBILITY-EXECUTION-01,CAND-0089,Null-Alias-Stresstest,blocked_missing_evidence,inventory_field_based_admissibility_execution
QSB-PLANCK-BRIDGE-RESONATOR-INDEPENDENT-LAG-VARIABLE-ADMISSIBILITY-EXECUTION-01,CAND-0090,Vor-Paar-Existenz,unknown,inventory_field_based_admissibility_execution
QSB-PLANCK-BRIDGE-RESONATOR-INDEPENDENT-LAG-VARIABLE-ADMISSIBILITY-EXECUTION-01,CAND-0090,Nicht-Alias-Ableitung,unknown,inventory_field_based_admissibility_execution
QSB-PLANCK-BRIDGE-RESONATOR-INDEPENDENT-LAG-VARIABLE-ADMISSIBILITY-EXECUTION-01,CAND-0090,unabhängige Source-Lineage,blocked_missing_evidence,inventory_field_based_admissibility_execution
QSB-PLANCK-BRIDGE-RESONATOR-INDEPENDENT-LAG-VARIABLE-ADMISSIBILITY-EXECUTION-01,CAND-0090,Paar-Mappbarkeit,fail,inventory_field_based_admissibility_execution
QSB-PLANCK-BRIDGE-RESONATOR-INDEPENDENT-LAG-VARIABLE-ADMISSIBILITY-EXECUTION-01,CAND-0090,nicht vollständig lag-determiniert,unknown,inventory_field_based_admissibility_execution
QSB-PLANCK-BRIDGE-RESONATOR-INDEPENDENT-LAG-VARIABLE-ADMISSIBILITY-EXECUTION-01,CAND-0090,Richtungs-/Symmetrieprüfung,unknown,inventory_field_based_admissibility_execution
QSB-PLANCK-BRIDGE-RESONATOR-INDEPENDENT-LAG-VARIABLE-ADMISSIBILITY-EXECUTION-01,CAND-0090,Einheiten-/Dimensionsmetadaten,pass,inventory_field_based_admissibility_execution
QSB-PLANCK-BRIDGE-RESONATOR-INDEPENDENT-LAG-VARIABLE-ADMISSIBILITY-EXECUTION-01,CAND-0090,Null-Alias-Stresstest,blocked_missing_evidence,inventory_field_based_admissibility_execution
QSB-PLANCK-BRIDGE-RESONATOR-INDEPENDENT-LAG-VARIABLE-ADMISSIBILITY-EXECUTION-01,CAND-0091,Vor-Paar-Existenz,unknown,inventory_field_based_admissibility_execution
QSB-PLANCK-BRIDGE-RESONATOR-INDEPENDENT-LAG-VARIABLE-ADMISSIBILITY-EXECUTION-01,CAND-0091,Nicht-Alias-Ableitung,unknown,inventory_field_based_admissibility_execution
QSB-PLANCK-BRIDGE-RESONATOR-INDEPENDENT-LAG-VARIABLE-ADMISSIBILITY-EXECUTION-01,CAND-0091,unabhängige Source-Lineage,pass,inventory_field_based_admissibility_execution
QSB-PLANCK-BRIDGE-RESONATOR-INDEPENDENT-LAG-VARIABLE-ADMISSIBILITY-EXECUTION-01,CAND-0091,Paar-Mappbarkeit,pass,inventory_field_based_admissibility_execution
QSB-PLANCK-BRIDGE-RESONATOR-INDEPENDENT-LAG-VARIABLE-ADMISSIBILITY-EXECUTION-01,CAND-0091,nicht vollständig lag-determiniert,unknown,inventory_field_based_admissibility_execution
QSB-PLANCK-BRIDGE-RESONATOR-INDEPENDENT-LAG-VARIABLE-ADMISSIBILITY-EXECUTION-01,CAND-0091,Richtungs-/Symmetrieprüfung,unknown,inventory_field_based_admissibility_execution
QSB-PLANCK-BRIDGE-RESONATOR-INDEPENDENT-LAG-VARIABLE-ADMISSIBILITY-EXECUTION-01,CAND-0091,Einheiten-/Dimensionsmetadaten,blocked_missing_evidence,inventory_field_based_admissibility_execution
QSB-PLANCK-BRIDGE-RESONATOR-INDEPENDENT-LAG-VARIABLE-ADMISSIBILITY-EXECUTION-01,CAND-0091,Null-Alias-Stresstest,blocked_missing_evidence,inventory_field_based_admissibility_execution
QSB-PLANCK-BRIDGE-RESONATOR-INDEPENDENT-LAG-VARIABLE-ADMISSIBILITY-EXECUTION-01,CAND-0092,Vor-Paar-Existenz,unknown,inventory_field_based_admissibility_execution
QSB-PLANCK-BRIDGE-RESONATOR-INDEPENDENT-LAG-VARIABLE-ADMISSIBILITY-EXECUTION-01,CAND-0092,Nicht-Alias-Ableitung,unknown,inventory_field_based_admissibility_execution
QSB-PLANCK-BRIDGE-RESONATOR-INDEPENDENT-LAG-VARIABLE-ADMISSIBILITY-EXECUTION-01,CAND-0092,unabhängige Source-Lineage,blocked_missing_evidence,inventory_field_based_admissibility_execution
QSB-PLANCK-BRIDGE-RESONATOR-INDEPENDENT-LAG-VARIABLE-ADMISSIBILITY-EXECUTION-01,CAND-0092,Paar-Mappbarkeit,fail,inventory_field_based_admissibility_execution
QSB-PLANCK-BRIDGE-RESONATOR-INDEPENDENT-LAG-VARIABLE-ADMISSIBILITY-EXECUTION-01,CAND-0092,nicht vollständig lag-determiniert,unknown,inventory_field_based_admissibility_execution
QSB-PLANCK-BRIDGE-RESONATOR-INDEPENDENT-LAG-VARIABLE-ADMISSIBILITY-EXECUTION-01,CAND-0092,Richtungs-/Symmetrieprüfung,unknown,inventory_field_based_admissibility_execution
QSB-PLANCK-BRIDGE-RESONATOR-INDEPENDENT-LAG-VARIABLE-ADMISSIBILITY-EXECUTION-01,CAND-0092,Einheiten-/Dimensionsmetadaten,blocked_missing_evidence,inventory_field_based_admissibility_execution
QSB-PLANCK-BRIDGE-RESONATOR-INDEPENDENT-LAG-VARIABLE-ADMISSIBILITY-EXECUTION-01,CAND-0092,Null-Alias-Stresstest,blocked_missing_evidence,inventory_field_based_admissibility_execution
QSB-PLANCK-BRIDGE-RESONATOR-INDEPENDENT-LAG-VARIABLE-ADMISSIBILITY-EXECUTION-01,CAND-0093,Vor-Paar-Existenz,unknown,inventory_field_based_admissibility_execution
QSB-PLANCK-BRIDGE-RESONATOR-INDEPENDENT-LAG-VARIABLE-ADMISSIBILITY-EXECUTION-01,CAND-0093,Nicht-Alias-Ableitung,unknown,inventory_field_based_admissibility_execution
QSB-PLANCK-BRIDGE-RESONATOR-INDEPENDENT-LAG-VARIABLE-ADMISSIBILITY-EXECUTION-01,CAND-0093,unabhängige Source-Lineage,pass,inventory_field_based_admissibility_execution
QSB-PLANCK-BRIDGE-RESONATOR-INDEPENDENT-LAG-VARIABLE-ADMISSIBILITY-EXECUTION-01,CAND-0093,Paar-Mappbarkeit,fail,inventory_field_based_admissibility_execution
QSB-PLANCK-BRIDGE-RESONATOR-INDEPENDENT-LAG-VARIABLE-ADMISSIBILITY-EXECUTION-01,CAND-0093,nicht vollständig lag-determiniert,unknown,inventory_field_based_admissibility_execution
QSB-PLANCK-BRIDGE-RESONATOR-INDEPENDENT-LAG-VARIABLE-ADMISSIBILITY-EXECUTION-01,CAND-0093,Richtungs-/Symmetrieprüfung,unknown,inventory_field_based_admissibility_execution
QSB-PLANCK-BRIDGE-RESONATOR-INDEPENDENT-LAG-VARIABLE-ADMISSIBILITY-EXECUTION-01,CAND-0093,Einheiten-/Dimensionsmetadaten,blocked_missing_evidence,inventory_field_based_admissibility_execution
QSB-PLANCK-BRIDGE-RESONATOR-INDEPENDENT-LAG-VARIABLE-ADMISSIBILITY-EXECUTION-01,CAND-0093,Null-Alias-Stresstest,blocked_missing_evidence,inventory_field_based_admissibility_execution
QSB-PLANCK-BRIDGE-RESONATOR-INDEPENDENT-LAG-VARIABLE-ADMISSIBILITY-EXECUTION-01,CAND-0094,Vor-Paar-Existenz,unknown,inventory_field_based_admissibility_execution
QSB-PLANCK-BRIDGE-RESONATOR-INDEPENDENT-LAG-VARIABLE-ADMISSIBILITY-EXECUTION-01,CAND-0094,Nicht-Alias-Ableitung,unknown,inventory_field_based_admissibility_execution
QSB-PLANCK-BRIDGE-RESONATOR-INDEPENDENT-LAG-VARIABLE-ADMISSIBILITY-EXECUTION-01,CAND-0094,unabhängige Source-Lineage,blocked_missing_evidence,inventory_field_based_admissibility_execution
QSB-PLANCK-BRIDGE-RESONATOR-INDEPENDENT-LAG-VARIABLE-ADMISSIBILITY-EXECUTION-01,CAND-0094,Paar-Mappbarkeit,fail,inventory_field_based_admissibility_execution
QSB-PLANCK-BRIDGE-RESONATOR-INDEPENDENT-LAG-VARIABLE-ADMISSIBILITY-EXECUTION-01,CAND-0094,nicht vollständig lag-determiniert,unknown,inventory_field_based_admissibility_execution
QSB-PLANCK-BRIDGE-RESONATOR-INDEPENDENT-LAG-VARIABLE-ADMISSIBILITY-EXECUTION-01,CAND-0094,Richtungs-/Symmetrieprüfung,unknown,inventory_field_based_admissibility_execution
QSB-PLANCK-BRIDGE-RESONATOR-INDEPENDENT-LAG-VARIABLE-ADMISSIBILITY-EXECUTION-01,CAND-0094,Einheiten-/Dimensionsmetadaten,blocked_missing_evidence,inventory_field_based_admissibility_execution
QSB-PLANCK-BRIDGE-RESONATOR-INDEPENDENT-LAG-VARIABLE-ADMISSIBILITY-EXECUTION-01,CAND-0094,Null-Alias-Stresstest,blocked_missing_evidence,inventory_field_based_admissibility_execution
QSB-PLANCK-BRIDGE-RESONATOR-INDEPENDENT-LAG-VARIABLE-ADMISSIBILITY-EXECUTION-01,CAND-0095,Vor-Paar-Existenz,unknown,inventory_field_based_admissibility_execution
QSB-PLANCK-BRIDGE-RESONATOR-INDEPENDENT-LAG-VARIABLE-ADMISSIBILITY-EXECUTION-01,CAND-0095,Nicht-Alias-Ableitung,unknown,inventory_field_based_admissibility_execution
QSB-PLANCK-BRIDGE-RESONATOR-INDEPENDENT-LAG-VARIABLE-ADMISSIBILITY-EXECUTION-01,CAND-0095,unabhängige Source-Lineage,pass,inventory_field_based_admissibility_execution
QSB-PLANCK-BRIDGE-RESONATOR-INDEPENDENT-LAG-VARIABLE-ADMISSIBILITY-EXECUTION-01,CAND-0095,Paar-Mappbarkeit,fail,inventory_field_based_admissibility_execution
QSB-PLANCK-BRIDGE-RESONATOR-INDEPENDENT-LAG-VARIABLE-ADMISSIBILITY-EXECUTION-01,CAND-0095,nicht vollständig lag-determiniert,unknown,inventory_field_based_admissibility_execution
QSB-PLANCK-BRIDGE-RESONATOR-INDEPENDENT-LAG-VARIABLE-ADMISSIBILITY-EXECUTION-01,CAND-0095,Richtungs-/Symmetrieprüfung,unknown,inventory_field_based_admissibility_execution
QSB-PLANCK-BRIDGE-RESONATOR-INDEPENDENT-LAG-VARIABLE-ADMISSIBILITY-EXECUTION-01,CAND-0095,Einheiten-/Dimensionsmetadaten,blocked_missing_evidence,inventory_field_based_admissibility_execution
QSB-PLANCK-BRIDGE-RESONATOR-INDEPENDENT-LAG-VARIABLE-ADMISSIBILITY-EXECUTION-01,CAND-0095,Null-Alias-Stresstest,blocked_missing_evidence,inventory_field_based_admissibility_execution
QSB-PLANCK-BRIDGE-RESONATOR-INDEPENDENT-LAG-VARIABLE-ADMISSIBILITY-EXECUTION-01,CAND-0096,Vor-Paar-Existenz,unknown,inventory_field_based_admissibility_execution
QSB-PLANCK-BRIDGE-RESONATOR-INDEPENDENT-LAG-VARIABLE-ADMISSIBILITY-EXECUTION-01,CAND-0096,Nicht-Alias-Ableitung,unknown,inventory_field_based_admissibility_execution
QSB-PLANCK-BRIDGE-RESONATOR-INDEPENDENT-LAG-VARIABLE-ADMISSIBILITY-EXECUTION-01,CAND-0096,unabhängige Source-Lineage,blocked_missing_evidence,inventory_field_based_admissibility_execution
QSB-PLANCK-BRIDGE-RESONATOR-INDEPENDENT-LAG-VARIABLE-ADMISSIBILITY-EXECUTION-01,CAND-0096,Paar-Mappbarkeit,fail,inventory_field_based_admissibility_execution
QSB-PLANCK-BRIDGE-RESONATOR-INDEPENDENT-LAG-VARIABLE-ADMISSIBILITY-EXECUTION-01,CAND-0096,nicht vollständig lag-determiniert,unknown,inventory_field_based_admissibility_execution
QSB-PLANCK-BRIDGE-RESONATOR-INDEPENDENT-LAG-VARIABLE-ADMISSIBILITY-EXECUTION-01,CAND-0096,Richtungs-/Symmetrieprüfung,unknown,inventory_field_based_admissibility_execution
QSB-PLANCK-BRIDGE-RESONATOR-INDEPENDENT-LAG-VARIABLE-ADMISSIBILITY-EXECUTION-01,CAND-0096,Einheiten-/Dimensionsmetadaten,blocked_missing_evidence,inventory_field_based_admissibility_execution
QSB-PLANCK-BRIDGE-RESONATOR-INDEPENDENT-LAG-VARIABLE-ADMISSIBILITY-EXECUTION-01,CAND-0096,Null-Alias-Stresstest,blocked_missing_evidence,inventory_field_based_admissibility_execution
QSB-PLANCK-BRIDGE-RESONATOR-INDEPENDENT-LAG-VARIABLE-ADMISSIBILITY-EXECUTION-01,CAND-0097,Vor-Paar-Existenz,unknown,inventory_field_based_admissibility_execution
QSB-PLANCK-BRIDGE-RESONATOR-INDEPENDENT-LAG-VARIABLE-ADMISSIBILITY-EXECUTION-01,CAND-0097,Nicht-Alias-Ableitung,unknown,inventory_field_based_admissibility_execution
QSB-PLANCK-BRIDGE-RESONATOR-INDEPENDENT-LAG-VARIABLE-ADMISSIBILITY-EXECUTION-01,CAND-0097,unabhängige Source-Lineage,blocked_missing_evidence,inventory_field_based_admissibility_execution
QSB-PLANCK-BRIDGE-RESONATOR-INDEPENDENT-LAG-VARIABLE-ADMISSIBILITY-EXECUTION-01,CAND-0097,Paar-Mappbarkeit,fail,inventory_field_based_admissibility_execution
QSB-PLANCK-BRIDGE-RESONATOR-INDEPENDENT-LAG-VARIABLE-ADMISSIBILITY-EXECUTION-01,CAND-0097,nicht vollständig lag-determiniert,unknown,inventory_field_based_admissibility_execution
QSB-PLANCK-BRIDGE-RESONATOR-INDEPENDENT-LAG-VARIABLE-ADMISSIBILITY-EXECUTION-01,CAND-0097,Richtungs-/Symmetrieprüfung,unknown,inventory_field_based_admissibility_execution
QSB-PLANCK-BRIDGE-RESONATOR-INDEPENDENT-LAG-VARIABLE-ADMISSIBILITY-EXECUTION-01,CAND-0097,Einheiten-/Dimensionsmetadaten,blocked_missing_evidence,inventory_field_based_admissibility_execution
QSB-PLANCK-BRIDGE-RESONATOR-INDEPENDENT-LAG-VARIABLE-ADMISSIBILITY-EXECUTION-01,CAND-0097,Null-Alias-Stresstest,blocked_missing_evidence,inventory_field_based_admissibility_execution
QSB-PLANCK-BRIDGE-RESONATOR-INDEPENDENT-LAG-VARIABLE-ADMISSIBILITY-EXECUTION-01,CAND-0098,Vor-Paar-Existenz,unknown,inventory_field_based_admissibility_execution
QSB-PLANCK-BRIDGE-RESONATOR-INDEPENDENT-LAG-VARIABLE-ADMISSIBILITY-EXECUTION-01,CAND-0098,Nicht-Alias-Ableitung,unknown,inventory_field_based_admissibility_execution
QSB-PLANCK-BRIDGE-RESONATOR-INDEPENDENT-LAG-VARIABLE-ADMISSIBILITY-EXECUTION-01,CAND-0098,unabhängige Source-Lineage,blocked_missing_evidence,inventory_field_based_admissibility_execution
QSB-PLANCK-BRIDGE-RESONATOR-INDEPENDENT-LAG-VARIABLE-ADMISSIBILITY-EXECUTION-01,CAND-0098,Paar-Mappbarkeit,fail,inventory_field_based_admissibility_execution
QSB-PLANCK-BRIDGE-RESONATOR-INDEPENDENT-LAG-VARIABLE-ADMISSIBILITY-EXECUTION-01,CAND-0098,nicht vollständig lag-determiniert,unknown,inventory_field_based_admissibility_execution
QSB-PLANCK-BRIDGE-RESONATOR-INDEPENDENT-LAG-VARIABLE-ADMISSIBILITY-EXECUTION-01,CAND-0098,Richtungs-/Symmetrieprüfung,unknown,inventory_field_based_admissibility_execution
QSB-PLANCK-BRIDGE-RESONATOR-INDEPENDENT-LAG-VARIABLE-ADMISSIBILITY-EXECUTION-01,CAND-0098,Einheiten-/Dimensionsmetadaten,blocked_missing_evidence,inventory_field_based_admissibility_execution
QSB-PLANCK-BRIDGE-RESONATOR-INDEPENDENT-LAG-VARIABLE-ADMISSIBILITY-EXECUTION-01,CAND-0098,Null-Alias-Stresstest,blocked_missing_evidence,inventory_field_based_admissibility_execution
QSB-PLANCK-BRIDGE-RESONATOR-INDEPENDENT-LAG-VARIABLE-ADMISSIBILITY-EXECUTION-01,CAND-0099,Vor-Paar-Existenz,unknown,inventory_field_based_admissibility_execution
QSB-PLANCK-BRIDGE-RESONATOR-INDEPENDENT-LAG-VARIABLE-ADMISSIBILITY-EXECUTION-01,CAND-0099,Nicht-Alias-Ableitung,unknown,inventory_field_based_admissibility_execution
QSB-PLANCK-BRIDGE-RESONATOR-INDEPENDENT-LAG-VARIABLE-ADMISSIBILITY-EXECUTION-01,CAND-0099,unabhängige Source-Lineage,blocked_missing_evidence,inventory_field_based_admissibility_execution
QSB-PLANCK-BRIDGE-RESONATOR-INDEPENDENT-LAG-VARIABLE-ADMISSIBILITY-EXECUTION-01,CAND-0099,Paar-Mappbarkeit,fail,inventory_field_based_admissibility_execution
QSB-PLANCK-BRIDGE-RESONATOR-INDEPENDENT-LAG-VARIABLE-ADMISSIBILITY-EXECUTION-01,CAND-0099,nicht vollständig lag-determiniert,unknown,inventory_field_based_admissibility_execution
QSB-PLANCK-BRIDGE-RESONATOR-INDEPENDENT-LAG-VARIABLE-ADMISSIBILITY-EXECUTION-01,CAND-0099,Richtungs-/Symmetrieprüfung,unknown,inventory_field_based_admissibility_execution
QSB-PLANCK-BRIDGE-RESONATOR-INDEPENDENT-LAG-VARIABLE-ADMISSIBILITY-EXECUTION-01,CAND-0099,Einheiten-/Dimensionsmetadaten,blocked_missing_evidence,inventory_field_based_admissibility_execution
QSB-PLANCK-BRIDGE-RESONATOR-INDEPENDENT-LAG-VARIABLE-ADMISSIBILITY-EXECUTION-01,CAND-0099,Null-Alias-Stresstest,blocked_missing_evidence,inventory_field_based_admissibility_execution
QSB-PLANCK-BRIDGE-RESONATOR-INDEPENDENT-LAG-VARIABLE-ADMISSIBILITY-EXECUTION-01,CAND-0100,Vor-Paar-Existenz,unknown,inventory_field_based_admissibility_execution
QSB-PLANCK-BRIDGE-RESONATOR-INDEPENDENT-LAG-VARIABLE-ADMISSIBILITY-EXECUTION-01,CAND-0100,Nicht-Alias-Ableitung,unknown,inventory_field_based_admissibility_execution
QSB-PLANCK-BRIDGE-RESONATOR-INDEPENDENT-LAG-VARIABLE-ADMISSIBILITY-EXECUTION-01,CAND-0100,unabhängige Source-Lineage,blocked_missing_evidence,inventory_field_based_admissibility_execution
QSB-PLANCK-BRIDGE-RESONATOR-INDEPENDENT-LAG-VARIABLE-ADMISSIBILITY-EXECUTION-01,CAND-0100,Paar-Mappbarkeit,fail,inventory_field_based_admissibility_execution
QSB-PLANCK-BRIDGE-RESONATOR-INDEPENDENT-LAG-VARIABLE-ADMISSIBILITY-EXECUTION-01,CAND-0100,nicht vollständig lag-determiniert,unknown,inventory_field_based_admissibility_execution
QSB-PLANCK-BRIDGE-RESONATOR-INDEPENDENT-LAG-VARIABLE-ADMISSIBILITY-EXECUTION-01,CAND-0100,Richtungs-/Symmetrieprüfung,unknown,inventory_field_based_admissibility_execution
QSB-PLANCK-BRIDGE-RESONATOR-INDEPENDENT-LAG-VARIABLE-ADMISSIBILITY-EXECUTION-01,CAND-0100,Einheiten-/Dimensionsmetadaten,blocked_missing_evidence,inventory_field_based_admissibility_execution
QSB-PLANCK-BRIDGE-RESONATOR-INDEPENDENT-LAG-VARIABLE-ADMISSIBILITY-EXECUTION-01,CAND-0100,Null-Alias-Stresstest,blocked_missing_evidence,inventory_field_based_admissibility_execution
QSB-PLANCK-BRIDGE-RESONATOR-INDEPENDENT-LAG-VARIABLE-ADMISSIBILITY-EXECUTION-01,CAND-0101,Vor-Paar-Existenz,unknown,inventory_field_based_admissibility_execution
QSB-PLANCK-BRIDGE-RESONATOR-INDEPENDENT-LAG-VARIABLE-ADMISSIBILITY-EXECUTION-01,CAND-0101,Nicht-Alias-Ableitung,unknown,inventory_field_based_admissibility_execution
QSB-PLANCK-BRIDGE-RESONATOR-INDEPENDENT-LAG-VARIABLE-ADMISSIBILITY-EXECUTION-01,CAND-0101,unabhängige Source-Lineage,blocked_missing_evidence,inventory_field_based_admissibility_execution
QSB-PLANCK-BRIDGE-RESONATOR-INDEPENDENT-LAG-VARIABLE-ADMISSIBILITY-EXECUTION-01,CAND-0101,Paar-Mappbarkeit,fail,inventory_field_based_admissibility_execution
QSB-PLANCK-BRIDGE-RESONATOR-INDEPENDENT-LAG-VARIABLE-ADMISSIBILITY-EXECUTION-01,CAND-0101,nicht vollständig lag-determiniert,unknown,inventory_field_based_admissibility_execution
QSB-PLANCK-BRIDGE-RESONATOR-INDEPENDENT-LAG-VARIABLE-ADMISSIBILITY-EXECUTION-01,CAND-0101,Richtungs-/Symmetrieprüfung,unknown,inventory_field_based_admissibility_execution
QSB-PLANCK-BRIDGE-RESONATOR-INDEPENDENT-LAG-VARIABLE-ADMISSIBILITY-EXECUTION-01,CAND-0101,Einheiten-/Dimensionsmetadaten,blocked_missing_evidence,inventory_field_based_admissibility_execution
QSB-PLANCK-BRIDGE-RESONATOR-INDEPENDENT-LAG-VARIABLE-ADMISSIBILITY-EXECUTION-01,CAND-0101,Null-Alias-Stresstest,blocked_missing_evidence,inventory_field_based_admissibility_execution
QSB-PLANCK-BRIDGE-RESONATOR-INDEPENDENT-LAG-VARIABLE-ADMISSIBILITY-EXECUTION-01,CAND-0102,Vor-Paar-Existenz,unknown,inventory_field_based_admissibility_execution
QSB-PLANCK-BRIDGE-RESONATOR-INDEPENDENT-LAG-VARIABLE-ADMISSIBILITY-EXECUTION-01,CAND-0102,Nicht-Alias-Ableitung,unknown,inventory_field_based_admissibility_execution
QSB-PLANCK-BRIDGE-RESONATOR-INDEPENDENT-LAG-VARIABLE-ADMISSIBILITY-EXECUTION-01,CAND-0102,unabhängige Source-Lineage,blocked_missing_evidence,inventory_field_based_admissibility_execution
QSB-PLANCK-BRIDGE-RESONATOR-INDEPENDENT-LAG-VARIABLE-ADMISSIBILITY-EXECUTION-01,CAND-0102,Paar-Mappbarkeit,fail,inventory_field_based_admissibility_execution
QSB-PLANCK-BRIDGE-RESONATOR-INDEPENDENT-LAG-VARIABLE-ADMISSIBILITY-EXECUTION-01,CAND-0102,nicht vollständig lag-determiniert,unknown,inventory_field_based_admissibility_execution
QSB-PLANCK-BRIDGE-RESONATOR-INDEPENDENT-LAG-VARIABLE-ADMISSIBILITY-EXECUTION-01,CAND-0102,Richtungs-/Symmetrieprüfung,unknown,inventory_field_based_admissibility_execution
QSB-PLANCK-BRIDGE-RESONATOR-INDEPENDENT-LAG-VARIABLE-ADMISSIBILITY-EXECUTION-01,CAND-0102,Einheiten-/Dimensionsmetadaten,blocked_missing_evidence,inventory_field_based_admissibility_execution
QSB-PLANCK-BRIDGE-RESONATOR-INDEPENDENT-LAG-VARIABLE-ADMISSIBILITY-EXECUTION-01,CAND-0102,Null-Alias-Stresstest,blocked_missing_evidence,inventory_field_based_admissibility_execution
QSB-PLANCK-BRIDGE-RESONATOR-INDEPENDENT-LAG-VARIABLE-ADMISSIBILITY-EXECUTION-01,CAND-0103,Vor-Paar-Existenz,unknown,inventory_field_based_admissibility_execution
QSB-PLANCK-BRIDGE-RESONATOR-INDEPENDENT-LAG-VARIABLE-ADMISSIBILITY-EXECUTION-01,CAND-0103,Nicht-Alias-Ableitung,unknown,inventory_field_based_admissibility_execution
QSB-PLANCK-BRIDGE-RESONATOR-INDEPENDENT-LAG-VARIABLE-ADMISSIBILITY-EXECUTION-01,CAND-0103,unabhängige Source-Lineage,blocked_missing_evidence,inventory_field_based_admissibility_execution
QSB-PLANCK-BRIDGE-RESONATOR-INDEPENDENT-LAG-VARIABLE-ADMISSIBILITY-EXECUTION-01,CAND-0103,Paar-Mappbarkeit,fail,inventory_field_based_admissibility_execution
QSB-PLANCK-BRIDGE-RESONATOR-INDEPENDENT-LAG-VARIABLE-ADMISSIBILITY-EXECUTION-01,CAND-0103,nicht vollständig lag-determiniert,unknown,inventory_field_based_admissibility_execution
QSB-PLANCK-BRIDGE-RESONATOR-INDEPENDENT-LAG-VARIABLE-ADMISSIBILITY-EXECUTION-01,CAND-0103,Richtungs-/Symmetrieprüfung,unknown,inventory_field_based_admissibility_execution
QSB-PLANCK-BRIDGE-RESONATOR-INDEPENDENT-LAG-VARIABLE-ADMISSIBILITY-EXECUTION-01,CAND-0103,Einheiten-/Dimensionsmetadaten,blocked_missing_evidence,inventory_field_based_admissibility_execution
QSB-PLANCK-BRIDGE-RESONATOR-INDEPENDENT-LAG-VARIABLE-ADMISSIBILITY-EXECUTION-01,CAND-0103,Null-Alias-Stresstest,blocked_missing_evidence,inventory_field_based_admissibility_execution
QSB-PLANCK-BRIDGE-RESONATOR-INDEPENDENT-LAG-VARIABLE-ADMISSIBILITY-EXECUTION-01,CAND-0104,Vor-Paar-Existenz,unknown,inventory_field_based_admissibility_execution
QSB-PLANCK-BRIDGE-RESONATOR-INDEPENDENT-LAG-VARIABLE-ADMISSIBILITY-EXECUTION-01,CAND-0104,Nicht-Alias-Ableitung,unknown,inventory_field_based_admissibility_execution
QSB-PLANCK-BRIDGE-RESONATOR-INDEPENDENT-LAG-VARIABLE-ADMISSIBILITY-EXECUTION-01,CAND-0104,unabhängige Source-Lineage,pass,inventory_field_based_admissibility_execution
QSB-PLANCK-BRIDGE-RESONATOR-INDEPENDENT-LAG-VARIABLE-ADMISSIBILITY-EXECUTION-01,CAND-0104,Paar-Mappbarkeit,fail,inventory_field_based_admissibility_execution
QSB-PLANCK-BRIDGE-RESONATOR-INDEPENDENT-LAG-VARIABLE-ADMISSIBILITY-EXECUTION-01,CAND-0104,nicht vollständig lag-determiniert,unknown,inventory_field_based_admissibility_execution
QSB-PLANCK-BRIDGE-RESONATOR-INDEPENDENT-LAG-VARIABLE-ADMISSIBILITY-EXECUTION-01,CAND-0104,Richtungs-/Symmetrieprüfung,unknown,inventory_field_based_admissibility_execution
QSB-PLANCK-BRIDGE-RESONATOR-INDEPENDENT-LAG-VARIABLE-ADMISSIBILITY-EXECUTION-01,CAND-0104,Einheiten-/Dimensionsmetadaten,blocked_missing_evidence,inventory_field_based_admissibility_execution
QSB-PLANCK-BRIDGE-RESONATOR-INDEPENDENT-LAG-VARIABLE-ADMISSIBILITY-EXECUTION-01,CAND-0104,Null-Alias-Stresstest,blocked_missing_evidence,inventory_field_based_admissibility_execution
QSB-PLANCK-BRIDGE-RESONATOR-INDEPENDENT-LAG-VARIABLE-ADMISSIBILITY-EXECUTION-01,CAND-0105,Vor-Paar-Existenz,unknown,inventory_field_based_admissibility_execution
QSB-PLANCK-BRIDGE-RESONATOR-INDEPENDENT-LAG-VARIABLE-ADMISSIBILITY-EXECUTION-01,CAND-0105,Nicht-Alias-Ableitung,unknown,inventory_field_based_admissibility_execution
QSB-PLANCK-BRIDGE-RESONATOR-INDEPENDENT-LAG-VARIABLE-ADMISSIBILITY-EXECUTION-01,CAND-0105,unabhängige Source-Lineage,blocked_missing_evidence,inventory_field_based_admissibility_execution
QSB-PLANCK-BRIDGE-RESONATOR-INDEPENDENT-LAG-VARIABLE-ADMISSIBILITY-EXECUTION-01,CAND-0105,Paar-Mappbarkeit,fail,inventory_field_based_admissibility_execution
QSB-PLANCK-BRIDGE-RESONATOR-INDEPENDENT-LAG-VARIABLE-ADMISSIBILITY-EXECUTION-01,CAND-0105,nicht vollständig lag-determiniert,unknown,inventory_field_based_admissibility_execution
QSB-PLANCK-BRIDGE-RESONATOR-INDEPENDENT-LAG-VARIABLE-ADMISSIBILITY-EXECUTION-01,CAND-0105,Richtungs-/Symmetrieprüfung,unknown,inventory_field_based_admissibility_execution
QSB-PLANCK-BRIDGE-RESONATOR-INDEPENDENT-LAG-VARIABLE-ADMISSIBILITY-EXECUTION-01,CAND-0105,Einheiten-/Dimensionsmetadaten,blocked_missing_evidence,inventory_field_based_admissibility_execution
QSB-PLANCK-BRIDGE-RESONATOR-INDEPENDENT-LAG-VARIABLE-ADMISSIBILITY-EXECUTION-01,CAND-0105,Null-Alias-Stresstest,blocked_missing_evidence,inventory_field_based_admissibility_execution
QSB-PLANCK-BRIDGE-RESONATOR-INDEPENDENT-LAG-VARIABLE-ADMISSIBILITY-EXECUTION-01,CAND-0106,Vor-Paar-Existenz,unknown,inventory_field_based_admissibility_execution
QSB-PLANCK-BRIDGE-RESONATOR-INDEPENDENT-LAG-VARIABLE-ADMISSIBILITY-EXECUTION-01,CAND-0106,Nicht-Alias-Ableitung,unknown,inventory_field_based_admissibility_execution
QSB-PLANCK-BRIDGE-RESONATOR-INDEPENDENT-LAG-VARIABLE-ADMISSIBILITY-EXECUTION-01,CAND-0106,unabhängige Source-Lineage,blocked_missing_evidence,inventory_field_based_admissibility_execution
QSB-PLANCK-BRIDGE-RESONATOR-INDEPENDENT-LAG-VARIABLE-ADMISSIBILITY-EXECUTION-01,CAND-0106,Paar-Mappbarkeit,fail,inventory_field_based_admissibility_execution
QSB-PLANCK-BRIDGE-RESONATOR-INDEPENDENT-LAG-VARIABLE-ADMISSIBILITY-EXECUTION-01,CAND-0106,nicht vollständig lag-determiniert,unknown,inventory_field_based_admissibility_execution
QSB-PLANCK-BRIDGE-RESONATOR-INDEPENDENT-LAG-VARIABLE-ADMISSIBILITY-EXECUTION-01,CAND-0106,Richtungs-/Symmetrieprüfung,unknown,inventory_field_based_admissibility_execution
QSB-PLANCK-BRIDGE-RESONATOR-INDEPENDENT-LAG-VARIABLE-ADMISSIBILITY-EXECUTION-01,CAND-0106,Einheiten-/Dimensionsmetadaten,blocked_missing_evidence,inventory_field_based_admissibility_execution
QSB-PLANCK-BRIDGE-RESONATOR-INDEPENDENT-LAG-VARIABLE-ADMISSIBILITY-EXECUTION-01,CAND-0106,Null-Alias-Stresstest,blocked_missing_evidence,inventory_field_based_admissibility_execution
QSB-PLANCK-BRIDGE-RESONATOR-INDEPENDENT-LAG-VARIABLE-ADMISSIBILITY-EXECUTION-01,CAND-0107,Vor-Paar-Existenz,unknown,inventory_field_based_admissibility_execution
QSB-PLANCK-BRIDGE-RESONATOR-INDEPENDENT-LAG-VARIABLE-ADMISSIBILITY-EXECUTION-01,CAND-0107,Nicht-Alias-Ableitung,unknown,inventory_field_based_admissibility_execution
QSB-PLANCK-BRIDGE-RESONATOR-INDEPENDENT-LAG-VARIABLE-ADMISSIBILITY-EXECUTION-01,CAND-0107,unabhängige Source-Lineage,blocked_missing_evidence,inventory_field_based_admissibility_execution
QSB-PLANCK-BRIDGE-RESONATOR-INDEPENDENT-LAG-VARIABLE-ADMISSIBILITY-EXECUTION-01,CAND-0107,Paar-Mappbarkeit,fail,inventory_field_based_admissibility_execution
QSB-PLANCK-BRIDGE-RESONATOR-INDEPENDENT-LAG-VARIABLE-ADMISSIBILITY-EXECUTION-01,CAND-0107,nicht vollständig lag-determiniert,unknown,inventory_field_based_admissibility_execution
QSB-PLANCK-BRIDGE-RESONATOR-INDEPENDENT-LAG-VARIABLE-ADMISSIBILITY-EXECUTION-01,CAND-0107,Richtungs-/Symmetrieprüfung,unknown,inventory_field_based_admissibility_execution
QSB-PLANCK-BRIDGE-RESONATOR-INDEPENDENT-LAG-VARIABLE-ADMISSIBILITY-EXECUTION-01,CAND-0107,Einheiten-/Dimensionsmetadaten,pass,inventory_field_based_admissibility_execution
QSB-PLANCK-BRIDGE-RESONATOR-INDEPENDENT-LAG-VARIABLE-ADMISSIBILITY-EXECUTION-01,CAND-0107,Null-Alias-Stresstest,blocked_missing_evidence,inventory_field_based_admissibility_execution
QSB-PLANCK-BRIDGE-RESONATOR-INDEPENDENT-LAG-VARIABLE-ADMISSIBILITY-EXECUTION-01,CAND-0108,Vor-Paar-Existenz,unknown,inventory_field_based_admissibility_execution
QSB-PLANCK-BRIDGE-RESONATOR-INDEPENDENT-LAG-VARIABLE-ADMISSIBILITY-EXECUTION-01,CAND-0108,Nicht-Alias-Ableitung,unknown,inventory_field_based_admissibility_execution
QSB-PLANCK-BRIDGE-RESONATOR-INDEPENDENT-LAG-VARIABLE-ADMISSIBILITY-EXECUTION-01,CAND-0108,unabhängige Source-Lineage,blocked_missing_evidence,inventory_field_based_admissibility_execution
QSB-PLANCK-BRIDGE-RESONATOR-INDEPENDENT-LAG-VARIABLE-ADMISSIBILITY-EXECUTION-01,CAND-0108,Paar-Mappbarkeit,fail,inventory_field_based_admissibility_execution
QSB-PLANCK-BRIDGE-RESONATOR-INDEPENDENT-LAG-VARIABLE-ADMISSIBILITY-EXECUTION-01,CAND-0108,nicht vollständig lag-determiniert,unknown,inventory_field_based_admissibility_execution
QSB-PLANCK-BRIDGE-RESONATOR-INDEPENDENT-LAG-VARIABLE-ADMISSIBILITY-EXECUTION-01,CAND-0108,Richtungs-/Symmetrieprüfung,unknown,inventory_field_based_admissibility_execution
QSB-PLANCK-BRIDGE-RESONATOR-INDEPENDENT-LAG-VARIABLE-ADMISSIBILITY-EXECUTION-01,CAND-0108,Einheiten-/Dimensionsmetadaten,pass,inventory_field_based_admissibility_execution
QSB-PLANCK-BRIDGE-RESONATOR-INDEPENDENT-LAG-VARIABLE-ADMISSIBILITY-EXECUTION-01,CAND-0108,Null-Alias-Stresstest,blocked_missing_evidence,inventory_field_based_admissibility_execution
QSB-PLANCK-BRIDGE-RESONATOR-INDEPENDENT-LAG-VARIABLE-ADMISSIBILITY-EXECUTION-01,CAND-0109,Vor-Paar-Existenz,unknown,inventory_field_based_admissibility_execution
QSB-PLANCK-BRIDGE-RESONATOR-INDEPENDENT-LAG-VARIABLE-ADMISSIBILITY-EXECUTION-01,CAND-0109,Nicht-Alias-Ableitung,unknown,inventory_field_based_admissibility_execution
QSB-PLANCK-BRIDGE-RESONATOR-INDEPENDENT-LAG-VARIABLE-ADMISSIBILITY-EXECUTION-01,CAND-0109,unabhängige Source-Lineage,blocked_missing_evidence,inventory_field_based_admissibility_execution
QSB-PLANCK-BRIDGE-RESONATOR-INDEPENDENT-LAG-VARIABLE-ADMISSIBILITY-EXECUTION-01,CAND-0109,Paar-Mappbarkeit,fail,inventory_field_based_admissibility_execution
QSB-PLANCK-BRIDGE-RESONATOR-INDEPENDENT-LAG-VARIABLE-ADMISSIBILITY-EXECUTION-01,CAND-0109,nicht vollständig lag-determiniert,unknown,inventory_field_based_admissibility_execution
QSB-PLANCK-BRIDGE-RESONATOR-INDEPENDENT-LAG-VARIABLE-ADMISSIBILITY-EXECUTION-01,CAND-0109,Richtungs-/Symmetrieprüfung,unknown,inventory_field_based_admissibility_execution
QSB-PLANCK-BRIDGE-RESONATOR-INDEPENDENT-LAG-VARIABLE-ADMISSIBILITY-EXECUTION-01,CAND-0109,Einheiten-/Dimensionsmetadaten,pass,inventory_field_based_admissibility_execution
QSB-PLANCK-BRIDGE-RESONATOR-INDEPENDENT-LAG-VARIABLE-ADMISSIBILITY-EXECUTION-01,CAND-0109,Null-Alias-Stresstest,blocked_missing_evidence,inventory_field_based_admissibility_execution
QSB-PLANCK-BRIDGE-RESONATOR-INDEPENDENT-LAG-VARIABLE-ADMISSIBILITY-EXECUTION-01,CAND-0110,Vor-Paar-Existenz,unknown,inventory_field_based_admissibility_execution
QSB-PLANCK-BRIDGE-RESONATOR-INDEPENDENT-LAG-VARIABLE-ADMISSIBILITY-EXECUTION-01,CAND-0110,Nicht-Alias-Ableitung,unknown,inventory_field_based_admissibility_execution
QSB-PLANCK-BRIDGE-RESONATOR-INDEPENDENT-LAG-VARIABLE-ADMISSIBILITY-EXECUTION-01,CAND-0110,unabhängige Source-Lineage,blocked_missing_evidence,inventory_field_based_admissibility_execution
QSB-PLANCK-BRIDGE-RESONATOR-INDEPENDENT-LAG-VARIABLE-ADMISSIBILITY-EXECUTION-01,CAND-0110,Paar-Mappbarkeit,fail,inventory_field_based_admissibility_execution
QSB-PLANCK-BRIDGE-RESONATOR-INDEPENDENT-LAG-VARIABLE-ADMISSIBILITY-EXECUTION-01,CAND-0110,nicht vollständig lag-determiniert,unknown,inventory_field_based_admissibility_execution
QSB-PLANCK-BRIDGE-RESONATOR-INDEPENDENT-LAG-VARIABLE-ADMISSIBILITY-EXECUTION-01,CAND-0110,Richtungs-/Symmetrieprüfung,unknown,inventory_field_based_admissibility_execution
QSB-PLANCK-BRIDGE-RESONATOR-INDEPENDENT-LAG-VARIABLE-ADMISSIBILITY-EXECUTION-01,CAND-0110,Einheiten-/Dimensionsmetadaten,blocked_missing_evidence,inventory_field_based_admissibility_execution
QSB-PLANCK-BRIDGE-RESONATOR-INDEPENDENT-LAG-VARIABLE-ADMISSIBILITY-EXECUTION-01,CAND-0110,Null-Alias-Stresstest,blocked_missing_evidence,inventory_field_based_admissibility_execution
QSB-PLANCK-BRIDGE-RESONATOR-INDEPENDENT-LAG-VARIABLE-ADMISSIBILITY-EXECUTION-01,CAND-0111,Vor-Paar-Existenz,unknown,inventory_field_based_admissibility_execution
QSB-PLANCK-BRIDGE-RESONATOR-INDEPENDENT-LAG-VARIABLE-ADMISSIBILITY-EXECUTION-01,CAND-0111,Nicht-Alias-Ableitung,unknown,inventory_field_based_admissibility_execution
QSB-PLANCK-BRIDGE-RESONATOR-INDEPENDENT-LAG-VARIABLE-ADMISSIBILITY-EXECUTION-01,CAND-0111,unabhängige Source-Lineage,blocked_missing_evidence,inventory_field_based_admissibility_execution
QSB-PLANCK-BRIDGE-RESONATOR-INDEPENDENT-LAG-VARIABLE-ADMISSIBILITY-EXECUTION-01,CAND-0111,Paar-Mappbarkeit,fail,inventory_field_based_admissibility_execution
QSB-PLANCK-BRIDGE-RESONATOR-INDEPENDENT-LAG-VARIABLE-ADMISSIBILITY-EXECUTION-01,CAND-0111,nicht vollständig lag-determiniert,unknown,inventory_field_based_admissibility_execution
QSB-PLANCK-BRIDGE-RESONATOR-INDEPENDENT-LAG-VARIABLE-ADMISSIBILITY-EXECUTION-01,CAND-0111,Richtungs-/Symmetrieprüfung,unknown,inventory_field_based_admissibility_execution
QSB-PLANCK-BRIDGE-RESONATOR-INDEPENDENT-LAG-VARIABLE-ADMISSIBILITY-EXECUTION-01,CAND-0111,Einheiten-/Dimensionsmetadaten,blocked_missing_evidence,inventory_field_based_admissibility_execution
QSB-PLANCK-BRIDGE-RESONATOR-INDEPENDENT-LAG-VARIABLE-ADMISSIBILITY-EXECUTION-01,CAND-0111,Null-Alias-Stresstest,blocked_missing_evidence,inventory_field_based_admissibility_execution
QSB-PLANCK-BRIDGE-RESONATOR-INDEPENDENT-LAG-VARIABLE-ADMISSIBILITY-EXECUTION-01,CAND-0112,Vor-Paar-Existenz,unknown,inventory_field_based_admissibility_execution
QSB-PLANCK-BRIDGE-RESONATOR-INDEPENDENT-LAG-VARIABLE-ADMISSIBILITY-EXECUTION-01,CAND-0112,Nicht-Alias-Ableitung,unknown,inventory_field_based_admissibility_execution
QSB-PLANCK-BRIDGE-RESONATOR-INDEPENDENT-LAG-VARIABLE-ADMISSIBILITY-EXECUTION-01,CAND-0112,unabhängige Source-Lineage,pass,inventory_field_based_admissibility_execution
QSB-PLANCK-BRIDGE-RESONATOR-INDEPENDENT-LAG-VARIABLE-ADMISSIBILITY-EXECUTION-01,CAND-0112,Paar-Mappbarkeit,fail,inventory_field_based_admissibility_execution
QSB-PLANCK-BRIDGE-RESONATOR-INDEPENDENT-LAG-VARIABLE-ADMISSIBILITY-EXECUTION-01,CAND-0112,nicht vollständig lag-determiniert,unknown,inventory_field_based_admissibility_execution
QSB-PLANCK-BRIDGE-RESONATOR-INDEPENDENT-LAG-VARIABLE-ADMISSIBILITY-EXECUTION-01,CAND-0112,Richtungs-/Symmetrieprüfung,unknown,inventory_field_based_admissibility_execution
QSB-PLANCK-BRIDGE-RESONATOR-INDEPENDENT-LAG-VARIABLE-ADMISSIBILITY-EXECUTION-01,CAND-0112,Einheiten-/Dimensionsmetadaten,blocked_missing_evidence,inventory_field_based_admissibility_execution
QSB-PLANCK-BRIDGE-RESONATOR-INDEPENDENT-LAG-VARIABLE-ADMISSIBILITY-EXECUTION-01,CAND-0112,Null-Alias-Stresstest,blocked_missing_evidence,inventory_field_based_admissibility_execution
QSB-PLANCK-BRIDGE-RESONATOR-INDEPENDENT-LAG-VARIABLE-ADMISSIBILITY-EXECUTION-01,CAND-0113,Vor-Paar-Existenz,unknown,inventory_field_based_admissibility_execution
QSB-PLANCK-BRIDGE-RESONATOR-INDEPENDENT-LAG-VARIABLE-ADMISSIBILITY-EXECUTION-01,CAND-0113,Nicht-Alias-Ableitung,unknown,inventory_field_based_admissibility_execution
QSB-PLANCK-BRIDGE-RESONATOR-INDEPENDENT-LAG-VARIABLE-ADMISSIBILITY-EXECUTION-01,CAND-0113,unabhängige Source-Lineage,blocked_missing_evidence,inventory_field_based_admissibility_execution
QSB-PLANCK-BRIDGE-RESONATOR-INDEPENDENT-LAG-VARIABLE-ADMISSIBILITY-EXECUTION-01,CAND-0113,Paar-Mappbarkeit,fail,inventory_field_based_admissibility_execution
QSB-PLANCK-BRIDGE-RESONATOR-INDEPENDENT-LAG-VARIABLE-ADMISSIBILITY-EXECUTION-01,CAND-0113,nicht vollständig lag-determiniert,unknown,inventory_field_based_admissibility_execution
QSB-PLANCK-BRIDGE-RESONATOR-INDEPENDENT-LAG-VARIABLE-ADMISSIBILITY-EXECUTION-01,CAND-0113,Richtungs-/Symmetrieprüfung,unknown,inventory_field_based_admissibility_execution
QSB-PLANCK-BRIDGE-RESONATOR-INDEPENDENT-LAG-VARIABLE-ADMISSIBILITY-EXECUTION-01,CAND-0113,Einheiten-/Dimensionsmetadaten,pass,inventory_field_based_admissibility_execution
QSB-PLANCK-BRIDGE-RESONATOR-INDEPENDENT-LAG-VARIABLE-ADMISSIBILITY-EXECUTION-01,CAND-0113,Null-Alias-Stresstest,blocked_missing_evidence,inventory_field_based_admissibility_execution
QSB-PLANCK-BRIDGE-RESONATOR-INDEPENDENT-LAG-VARIABLE-ADMISSIBILITY-EXECUTION-01,CAND-0114,Vor-Paar-Existenz,unknown,inventory_field_based_admissibility_execution
QSB-PLANCK-BRIDGE-RESONATOR-INDEPENDENT-LAG-VARIABLE-ADMISSIBILITY-EXECUTION-01,CAND-0114,Nicht-Alias-Ableitung,unknown,inventory_field_based_admissibility_execution
QSB-PLANCK-BRIDGE-RESONATOR-INDEPENDENT-LAG-VARIABLE-ADMISSIBILITY-EXECUTION-01,CAND-0114,unabhängige Source-Lineage,blocked_missing_evidence,inventory_field_based_admissibility_execution
QSB-PLANCK-BRIDGE-RESONATOR-INDEPENDENT-LAG-VARIABLE-ADMISSIBILITY-EXECUTION-01,CAND-0114,Paar-Mappbarkeit,fail,inventory_field_based_admissibility_execution
QSB-PLANCK-BRIDGE-RESONATOR-INDEPENDENT-LAG-VARIABLE-ADMISSIBILITY-EXECUTION-01,CAND-0114,nicht vollständig lag-determiniert,unknown,inventory_field_based_admissibility_execution
QSB-PLANCK-BRIDGE-RESONATOR-INDEPENDENT-LAG-VARIABLE-ADMISSIBILITY-EXECUTION-01,CAND-0114,Richtungs-/Symmetrieprüfung,unknown,inventory_field_based_admissibility_execution
QSB-PLANCK-BRIDGE-RESONATOR-INDEPENDENT-LAG-VARIABLE-ADMISSIBILITY-EXECUTION-01,CAND-0114,Einheiten-/Dimensionsmetadaten,pass,inventory_field_based_admissibility_execution
QSB-PLANCK-BRIDGE-RESONATOR-INDEPENDENT-LAG-VARIABLE-ADMISSIBILITY-EXECUTION-01,CAND-0114,Null-Alias-Stresstest,blocked_missing_evidence,inventory_field_based_admissibility_execution
QSB-PLANCK-BRIDGE-RESONATOR-INDEPENDENT-LAG-VARIABLE-ADMISSIBILITY-EXECUTION-01,CAND-0115,Vor-Paar-Existenz,unknown,inventory_field_based_admissibility_execution
QSB-PLANCK-BRIDGE-RESONATOR-INDEPENDENT-LAG-VARIABLE-ADMISSIBILITY-EXECUTION-01,CAND-0115,Nicht-Alias-Ableitung,unknown,inventory_field_based_admissibility_execution
QSB-PLANCK-BRIDGE-RESONATOR-INDEPENDENT-LAG-VARIABLE-ADMISSIBILITY-EXECUTION-01,CAND-0115,unabhängige Source-Lineage,blocked_missing_evidence,inventory_field_based_admissibility_execution
QSB-PLANCK-BRIDGE-RESONATOR-INDEPENDENT-LAG-VARIABLE-ADMISSIBILITY-EXECUTION-01,CAND-0115,Paar-Mappbarkeit,fail,inventory_field_based_admissibility_execution
QSB-PLANCK-BRIDGE-RESONATOR-INDEPENDENT-LAG-VARIABLE-ADMISSIBILITY-EXECUTION-01,CAND-0115,nicht vollständig lag-determiniert,unknown,inventory_field_based_admissibility_execution
QSB-PLANCK-BRIDGE-RESONATOR-INDEPENDENT-LAG-VARIABLE-ADMISSIBILITY-EXECUTION-01,CAND-0115,Richtungs-/Symmetrieprüfung,unknown,inventory_field_based_admissibility_execution
QSB-PLANCK-BRIDGE-RESONATOR-INDEPENDENT-LAG-VARIABLE-ADMISSIBILITY-EXECUTION-01,CAND-0115,Einheiten-/Dimensionsmetadaten,blocked_missing_evidence,inventory_field_based_admissibility_execution
QSB-PLANCK-BRIDGE-RESONATOR-INDEPENDENT-LAG-VARIABLE-ADMISSIBILITY-EXECUTION-01,CAND-0115,Null-Alias-Stresstest,blocked_missing_evidence,inventory_field_based_admissibility_execution
QSB-PLANCK-BRIDGE-RESONATOR-INDEPENDENT-LAG-VARIABLE-ADMISSIBILITY-EXECUTION-01,CAND-0116,Vor-Paar-Existenz,unknown,inventory_field_based_admissibility_execution
QSB-PLANCK-BRIDGE-RESONATOR-INDEPENDENT-LAG-VARIABLE-ADMISSIBILITY-EXECUTION-01,CAND-0116,Nicht-Alias-Ableitung,unknown,inventory_field_based_admissibility_execution
QSB-PLANCK-BRIDGE-RESONATOR-INDEPENDENT-LAG-VARIABLE-ADMISSIBILITY-EXECUTION-01,CAND-0116,unabhängige Source-Lineage,pass,inventory_field_based_admissibility_execution
QSB-PLANCK-BRIDGE-RESONATOR-INDEPENDENT-LAG-VARIABLE-ADMISSIBILITY-EXECUTION-01,CAND-0116,Paar-Mappbarkeit,fail,inventory_field_based_admissibility_execution
QSB-PLANCK-BRIDGE-RESONATOR-INDEPENDENT-LAG-VARIABLE-ADMISSIBILITY-EXECUTION-01,CAND-0116,nicht vollständig lag-determiniert,unknown,inventory_field_based_admissibility_execution
QSB-PLANCK-BRIDGE-RESONATOR-INDEPENDENT-LAG-VARIABLE-ADMISSIBILITY-EXECUTION-01,CAND-0116,Richtungs-/Symmetrieprüfung,unknown,inventory_field_based_admissibility_execution
QSB-PLANCK-BRIDGE-RESONATOR-INDEPENDENT-LAG-VARIABLE-ADMISSIBILITY-EXECUTION-01,CAND-0116,Einheiten-/Dimensionsmetadaten,blocked_missing_evidence,inventory_field_based_admissibility_execution
QSB-PLANCK-BRIDGE-RESONATOR-INDEPENDENT-LAG-VARIABLE-ADMISSIBILITY-EXECUTION-01,CAND-0116,Null-Alias-Stresstest,blocked_missing_evidence,inventory_field_based_admissibility_execution
QSB-PLANCK-BRIDGE-RESONATOR-INDEPENDENT-LAG-VARIABLE-ADMISSIBILITY-EXECUTION-01,CAND-0117,Vor-Paar-Existenz,unknown,inventory_field_based_admissibility_execution
QSB-PLANCK-BRIDGE-RESONATOR-INDEPENDENT-LAG-VARIABLE-ADMISSIBILITY-EXECUTION-01,CAND-0117,Nicht-Alias-Ableitung,unknown,inventory_field_based_admissibility_execution
QSB-PLANCK-BRIDGE-RESONATOR-INDEPENDENT-LAG-VARIABLE-ADMISSIBILITY-EXECUTION-01,CAND-0117,unabhängige Source-Lineage,pass,inventory_field_based_admissibility_execution
QSB-PLANCK-BRIDGE-RESONATOR-INDEPENDENT-LAG-VARIABLE-ADMISSIBILITY-EXECUTION-01,CAND-0117,Paar-Mappbarkeit,fail,inventory_field_based_admissibility_execution
QSB-PLANCK-BRIDGE-RESONATOR-INDEPENDENT-LAG-VARIABLE-ADMISSIBILITY-EXECUTION-01,CAND-0117,nicht vollständig lag-determiniert,unknown,inventory_field_based_admissibility_execution
QSB-PLANCK-BRIDGE-RESONATOR-INDEPENDENT-LAG-VARIABLE-ADMISSIBILITY-EXECUTION-01,CAND-0117,Richtungs-/Symmetrieprüfung,unknown,inventory_field_based_admissibility_execution
QSB-PLANCK-BRIDGE-RESONATOR-INDEPENDENT-LAG-VARIABLE-ADMISSIBILITY-EXECUTION-01,CAND-0117,Einheiten-/Dimensionsmetadaten,blocked_missing_evidence,inventory_field_based_admissibility_execution
QSB-PLANCK-BRIDGE-RESONATOR-INDEPENDENT-LAG-VARIABLE-ADMISSIBILITY-EXECUTION-01,CAND-0117,Null-Alias-Stresstest,blocked_missing_evidence,inventory_field_based_admissibility_execution
QSB-PLANCK-BRIDGE-RESONATOR-INDEPENDENT-LAG-VARIABLE-ADMISSIBILITY-EXECUTION-01,CAND-0118,Vor-Paar-Existenz,unknown,inventory_field_based_admissibility_execution
QSB-PLANCK-BRIDGE-RESONATOR-INDEPENDENT-LAG-VARIABLE-ADMISSIBILITY-EXECUTION-01,CAND-0118,Nicht-Alias-Ableitung,unknown,inventory_field_based_admissibility_execution
QSB-PLANCK-BRIDGE-RESONATOR-INDEPENDENT-LAG-VARIABLE-ADMISSIBILITY-EXECUTION-01,CAND-0118,unabhängige Source-Lineage,blocked_missing_evidence,inventory_field_based_admissibility_execution
QSB-PLANCK-BRIDGE-RESONATOR-INDEPENDENT-LAG-VARIABLE-ADMISSIBILITY-EXECUTION-01,CAND-0118,Paar-Mappbarkeit,fail,inventory_field_based_admissibility_execution
QSB-PLANCK-BRIDGE-RESONATOR-INDEPENDENT-LAG-VARIABLE-ADMISSIBILITY-EXECUTION-01,CAND-0118,nicht vollständig lag-determiniert,unknown,inventory_field_based_admissibility_execution
QSB-PLANCK-BRIDGE-RESONATOR-INDEPENDENT-LAG-VARIABLE-ADMISSIBILITY-EXECUTION-01,CAND-0118,Richtungs-/Symmetrieprüfung,unknown,inventory_field_based_admissibility_execution
QSB-PLANCK-BRIDGE-RESONATOR-INDEPENDENT-LAG-VARIABLE-ADMISSIBILITY-EXECUTION-01,CAND-0118,Einheiten-/Dimensionsmetadaten,blocked_missing_evidence,inventory_field_based_admissibility_execution
QSB-PLANCK-BRIDGE-RESONATOR-INDEPENDENT-LAG-VARIABLE-ADMISSIBILITY-EXECUTION-01,CAND-0118,Null-Alias-Stresstest,blocked_missing_evidence,inventory_field_based_admissibility_execution
QSB-PLANCK-BRIDGE-RESONATOR-INDEPENDENT-LAG-VARIABLE-ADMISSIBILITY-EXECUTION-01,CAND-0119,Vor-Paar-Existenz,unknown,inventory_field_based_admissibility_execution
QSB-PLANCK-BRIDGE-RESONATOR-INDEPENDENT-LAG-VARIABLE-ADMISSIBILITY-EXECUTION-01,CAND-0119,Nicht-Alias-Ableitung,unknown,inventory_field_based_admissibility_execution
QSB-PLANCK-BRIDGE-RESONATOR-INDEPENDENT-LAG-VARIABLE-ADMISSIBILITY-EXECUTION-01,CAND-0119,unabhängige Source-Lineage,pass,inventory_field_based_admissibility_execution
QSB-PLANCK-BRIDGE-RESONATOR-INDEPENDENT-LAG-VARIABLE-ADMISSIBILITY-EXECUTION-01,CAND-0119,Paar-Mappbarkeit,fail,inventory_field_based_admissibility_execution
QSB-PLANCK-BRIDGE-RESONATOR-INDEPENDENT-LAG-VARIABLE-ADMISSIBILITY-EXECUTION-01,CAND-0119,nicht vollständig lag-determiniert,unknown,inventory_field_based_admissibility_execution
QSB-PLANCK-BRIDGE-RESONATOR-INDEPENDENT-LAG-VARIABLE-ADMISSIBILITY-EXECUTION-01,CAND-0119,Richtungs-/Symmetrieprüfung,unknown,inventory_field_based_admissibility_execution
QSB-PLANCK-BRIDGE-RESONATOR-INDEPENDENT-LAG-VARIABLE-ADMISSIBILITY-EXECUTION-01,CAND-0119,Einheiten-/Dimensionsmetadaten,pass,inventory_field_based_admissibility_execution
QSB-PLANCK-BRIDGE-RESONATOR-INDEPENDENT-LAG-VARIABLE-ADMISSIBILITY-EXECUTION-01,CAND-0119,Null-Alias-Stresstest,blocked_missing_evidence,inventory_field_based_admissibility_execution
QSB-PLANCK-BRIDGE-RESONATOR-INDEPENDENT-LAG-VARIABLE-ADMISSIBILITY-EXECUTION-01,CAND-0120,Vor-Paar-Existenz,unknown,inventory_field_based_admissibility_execution
QSB-PLANCK-BRIDGE-RESONATOR-INDEPENDENT-LAG-VARIABLE-ADMISSIBILITY-EXECUTION-01,CAND-0120,Nicht-Alias-Ableitung,unknown,inventory_field_based_admissibility_execution
QSB-PLANCK-BRIDGE-RESONATOR-INDEPENDENT-LAG-VARIABLE-ADMISSIBILITY-EXECUTION-01,CAND-0120,unabhängige Source-Lineage,blocked_missing_evidence,inventory_field_based_admissibility_execution
QSB-PLANCK-BRIDGE-RESONATOR-INDEPENDENT-LAG-VARIABLE-ADMISSIBILITY-EXECUTION-01,CAND-0120,Paar-Mappbarkeit,fail,inventory_field_based_admissibility_execution
QSB-PLANCK-BRIDGE-RESONATOR-INDEPENDENT-LAG-VARIABLE-ADMISSIBILITY-EXECUTION-01,CAND-0120,nicht vollständig lag-determiniert,unknown,inventory_field_based_admissibility_execution
QSB-PLANCK-BRIDGE-RESONATOR-INDEPENDENT-LAG-VARIABLE-ADMISSIBILITY-EXECUTION-01,CAND-0120,Richtungs-/Symmetrieprüfung,unknown,inventory_field_based_admissibility_execution
QSB-PLANCK-BRIDGE-RESONATOR-INDEPENDENT-LAG-VARIABLE-ADMISSIBILITY-EXECUTION-01,CAND-0120,Einheiten-/Dimensionsmetadaten,blocked_missing_evidence,inventory_field_based_admissibility_execution
QSB-PLANCK-BRIDGE-RESONATOR-INDEPENDENT-LAG-VARIABLE-ADMISSIBILITY-EXECUTION-01,CAND-0120,Null-Alias-Stresstest,blocked_missing_evidence,inventory_field_based_admissibility_execution
QSB-PLANCK-BRIDGE-RESONATOR-INDEPENDENT-LAG-VARIABLE-ADMISSIBILITY-EXECUTION-01,CAND-0121,Vor-Paar-Existenz,unknown,inventory_field_based_admissibility_execution
QSB-PLANCK-BRIDGE-RESONATOR-INDEPENDENT-LAG-VARIABLE-ADMISSIBILITY-EXECUTION-01,CAND-0121,Nicht-Alias-Ableitung,unknown,inventory_field_based_admissibility_execution
QSB-PLANCK-BRIDGE-RESONATOR-INDEPENDENT-LAG-VARIABLE-ADMISSIBILITY-EXECUTION-01,CAND-0121,unabhängige Source-Lineage,blocked_missing_evidence,inventory_field_based_admissibility_execution
QSB-PLANCK-BRIDGE-RESONATOR-INDEPENDENT-LAG-VARIABLE-ADMISSIBILITY-EXECUTION-01,CAND-0121,Paar-Mappbarkeit,fail,inventory_field_based_admissibility_execution
QSB-PLANCK-BRIDGE-RESONATOR-INDEPENDENT-LAG-VARIABLE-ADMISSIBILITY-EXECUTION-01,CAND-0121,nicht vollständig lag-determiniert,unknown,inventory_field_based_admissibility_execution
QSB-PLANCK-BRIDGE-RESONATOR-INDEPENDENT-LAG-VARIABLE-ADMISSIBILITY-EXECUTION-01,CAND-0121,Richtungs-/Symmetrieprüfung,unknown,inventory_field_based_admissibility_execution
QSB-PLANCK-BRIDGE-RESONATOR-INDEPENDENT-LAG-VARIABLE-ADMISSIBILITY-EXECUTION-01,CAND-0121,Einheiten-/Dimensionsmetadaten,blocked_missing_evidence,inventory_field_based_admissibility_execution
QSB-PLANCK-BRIDGE-RESONATOR-INDEPENDENT-LAG-VARIABLE-ADMISSIBILITY-EXECUTION-01,CAND-0121,Null-Alias-Stresstest,blocked_missing_evidence,inventory_field_based_admissibility_execution
QSB-PLANCK-BRIDGE-RESONATOR-INDEPENDENT-LAG-VARIABLE-ADMISSIBILITY-EXECUTION-01,CAND-0122,Vor-Paar-Existenz,unknown,inventory_field_based_admissibility_execution
QSB-PLANCK-BRIDGE-RESONATOR-INDEPENDENT-LAG-VARIABLE-ADMISSIBILITY-EXECUTION-01,CAND-0122,Nicht-Alias-Ableitung,unknown,inventory_field_based_admissibility_execution
QSB-PLANCK-BRIDGE-RESONATOR-INDEPENDENT-LAG-VARIABLE-ADMISSIBILITY-EXECUTION-01,CAND-0122,unabhängige Source-Lineage,blocked_missing_evidence,inventory_field_based_admissibility_execution
QSB-PLANCK-BRIDGE-RESONATOR-INDEPENDENT-LAG-VARIABLE-ADMISSIBILITY-EXECUTION-01,CAND-0122,Paar-Mappbarkeit,fail,inventory_field_based_admissibility_execution
QSB-PLANCK-BRIDGE-RESONATOR-INDEPENDENT-LAG-VARIABLE-ADMISSIBILITY-EXECUTION-01,CAND-0122,nicht vollständig lag-determiniert,unknown,inventory_field_based_admissibility_execution
QSB-PLANCK-BRIDGE-RESONATOR-INDEPENDENT-LAG-VARIABLE-ADMISSIBILITY-EXECUTION-01,CAND-0122,Richtungs-/Symmetrieprüfung,unknown,inventory_field_based_admissibility_execution
QSB-PLANCK-BRIDGE-RESONATOR-INDEPENDENT-LAG-VARIABLE-ADMISSIBILITY-EXECUTION-01,CAND-0122,Einheiten-/Dimensionsmetadaten,pass,inventory_field_based_admissibility_execution
QSB-PLANCK-BRIDGE-RESONATOR-INDEPENDENT-LAG-VARIABLE-ADMISSIBILITY-EXECUTION-01,CAND-0122,Null-Alias-Stresstest,blocked_missing_evidence,inventory_field_based_admissibility_execution
QSB-PLANCK-BRIDGE-RESONATOR-INDEPENDENT-LAG-VARIABLE-ADMISSIBILITY-EXECUTION-01,CAND-0123,Vor-Paar-Existenz,unknown,inventory_field_based_admissibility_execution
QSB-PLANCK-BRIDGE-RESONATOR-INDEPENDENT-LAG-VARIABLE-ADMISSIBILITY-EXECUTION-01,CAND-0123,Nicht-Alias-Ableitung,unknown,inventory_field_based_admissibility_execution
QSB-PLANCK-BRIDGE-RESONATOR-INDEPENDENT-LAG-VARIABLE-ADMISSIBILITY-EXECUTION-01,CAND-0123,unabhängige Source-Lineage,blocked_missing_evidence,inventory_field_based_admissibility_execution
QSB-PLANCK-BRIDGE-RESONATOR-INDEPENDENT-LAG-VARIABLE-ADMISSIBILITY-EXECUTION-01,CAND-0123,Paar-Mappbarkeit,fail,inventory_field_based_admissibility_execution
QSB-PLANCK-BRIDGE-RESONATOR-INDEPENDENT-LAG-VARIABLE-ADMISSIBILITY-EXECUTION-01,CAND-0123,nicht vollständig lag-determiniert,unknown,inventory_field_based_admissibility_execution
QSB-PLANCK-BRIDGE-RESONATOR-INDEPENDENT-LAG-VARIABLE-ADMISSIBILITY-EXECUTION-01,CAND-0123,Richtungs-/Symmetrieprüfung,unknown,inventory_field_based_admissibility_execution
QSB-PLANCK-BRIDGE-RESONATOR-INDEPENDENT-LAG-VARIABLE-ADMISSIBILITY-EXECUTION-01,CAND-0123,Einheiten-/Dimensionsmetadaten,pass,inventory_field_based_admissibility_execution
QSB-PLANCK-BRIDGE-RESONATOR-INDEPENDENT-LAG-VARIABLE-ADMISSIBILITY-EXECUTION-01,CAND-0123,Null-Alias-Stresstest,blocked_missing_evidence,inventory_field_based_admissibility_execution
QSB-PLANCK-BRIDGE-RESONATOR-INDEPENDENT-LAG-VARIABLE-ADMISSIBILITY-EXECUTION-01,CAND-0124,Vor-Paar-Existenz,unknown,inventory_field_based_admissibility_execution
QSB-PLANCK-BRIDGE-RESONATOR-INDEPENDENT-LAG-VARIABLE-ADMISSIBILITY-EXECUTION-01,CAND-0124,Nicht-Alias-Ableitung,unknown,inventory_field_based_admissibility_execution
QSB-PLANCK-BRIDGE-RESONATOR-INDEPENDENT-LAG-VARIABLE-ADMISSIBILITY-EXECUTION-01,CAND-0124,unabhängige Source-Lineage,blocked_missing_evidence,inventory_field_based_admissibility_execution
QSB-PLANCK-BRIDGE-RESONATOR-INDEPENDENT-LAG-VARIABLE-ADMISSIBILITY-EXECUTION-01,CAND-0124,Paar-Mappbarkeit,fail,inventory_field_based_admissibility_execution
QSB-PLANCK-BRIDGE-RESONATOR-INDEPENDENT-LAG-VARIABLE-ADMISSIBILITY-EXECUTION-01,CAND-0124,nicht vollständig lag-determiniert,unknown,inventory_field_based_admissibility_execution
QSB-PLANCK-BRIDGE-RESONATOR-INDEPENDENT-LAG-VARIABLE-ADMISSIBILITY-EXECUTION-01,CAND-0124,Richtungs-/Symmetrieprüfung,unknown,inventory_field_based_admissibility_execution
QSB-PLANCK-BRIDGE-RESONATOR-INDEPENDENT-LAG-VARIABLE-ADMISSIBILITY-EXECUTION-01,CAND-0124,Einheiten-/Dimensionsmetadaten,blocked_missing_evidence,inventory_field_based_admissibility_execution
QSB-PLANCK-BRIDGE-RESONATOR-INDEPENDENT-LAG-VARIABLE-ADMISSIBILITY-EXECUTION-01,CAND-0124,Null-Alias-Stresstest,blocked_missing_evidence,inventory_field_based_admissibility_execution
QSB-PLANCK-BRIDGE-RESONATOR-INDEPENDENT-LAG-VARIABLE-ADMISSIBILITY-EXECUTION-01,CAND-0125,Vor-Paar-Existenz,unknown,inventory_field_based_admissibility_execution
QSB-PLANCK-BRIDGE-RESONATOR-INDEPENDENT-LAG-VARIABLE-ADMISSIBILITY-EXECUTION-01,CAND-0125,Nicht-Alias-Ableitung,unknown,inventory_field_based_admissibility_execution
QSB-PLANCK-BRIDGE-RESONATOR-INDEPENDENT-LAG-VARIABLE-ADMISSIBILITY-EXECUTION-01,CAND-0125,unabhängige Source-Lineage,blocked_missing_evidence,inventory_field_based_admissibility_execution
QSB-PLANCK-BRIDGE-RESONATOR-INDEPENDENT-LAG-VARIABLE-ADMISSIBILITY-EXECUTION-01,CAND-0125,Paar-Mappbarkeit,fail,inventory_field_based_admissibility_execution
QSB-PLANCK-BRIDGE-RESONATOR-INDEPENDENT-LAG-VARIABLE-ADMISSIBILITY-EXECUTION-01,CAND-0125,nicht vollständig lag-determiniert,unknown,inventory_field_based_admissibility_execution
QSB-PLANCK-BRIDGE-RESONATOR-INDEPENDENT-LAG-VARIABLE-ADMISSIBILITY-EXECUTION-01,CAND-0125,Richtungs-/Symmetrieprüfung,unknown,inventory_field_based_admissibility_execution
QSB-PLANCK-BRIDGE-RESONATOR-INDEPENDENT-LAG-VARIABLE-ADMISSIBILITY-EXECUTION-01,CAND-0125,Einheiten-/Dimensionsmetadaten,pass,inventory_field_based_admissibility_execution
QSB-PLANCK-BRIDGE-RESONATOR-INDEPENDENT-LAG-VARIABLE-ADMISSIBILITY-EXECUTION-01,CAND-0125,Null-Alias-Stresstest,blocked_missing_evidence,inventory_field_based_admissibility_execution
QSB-PLANCK-BRIDGE-RESONATOR-INDEPENDENT-LAG-VARIABLE-ADMISSIBILITY-EXECUTION-01,CAND-0126,Vor-Paar-Existenz,unknown,inventory_field_based_admissibility_execution
QSB-PLANCK-BRIDGE-RESONATOR-INDEPENDENT-LAG-VARIABLE-ADMISSIBILITY-EXECUTION-01,CAND-0126,Nicht-Alias-Ableitung,unknown,inventory_field_based_admissibility_execution
QSB-PLANCK-BRIDGE-RESONATOR-INDEPENDENT-LAG-VARIABLE-ADMISSIBILITY-EXECUTION-01,CAND-0126,unabhängige Source-Lineage,blocked_missing_evidence,inventory_field_based_admissibility_execution
QSB-PLANCK-BRIDGE-RESONATOR-INDEPENDENT-LAG-VARIABLE-ADMISSIBILITY-EXECUTION-01,CAND-0126,Paar-Mappbarkeit,fail,inventory_field_based_admissibility_execution
QSB-PLANCK-BRIDGE-RESONATOR-INDEPENDENT-LAG-VARIABLE-ADMISSIBILITY-EXECUTION-01,CAND-0126,nicht vollständig lag-determiniert,unknown,inventory_field_based_admissibility_execution
QSB-PLANCK-BRIDGE-RESONATOR-INDEPENDENT-LAG-VARIABLE-ADMISSIBILITY-EXECUTION-01,CAND-0126,Richtungs-/Symmetrieprüfung,unknown,inventory_field_based_admissibility_execution
QSB-PLANCK-BRIDGE-RESONATOR-INDEPENDENT-LAG-VARIABLE-ADMISSIBILITY-EXECUTION-01,CAND-0126,Einheiten-/Dimensionsmetadaten,pass,inventory_field_based_admissibility_execution
QSB-PLANCK-BRIDGE-RESONATOR-INDEPENDENT-LAG-VARIABLE-ADMISSIBILITY-EXECUTION-01,CAND-0126,Null-Alias-Stresstest,blocked_missing_evidence,inventory_field_based_admissibility_execution
QSB-PLANCK-BRIDGE-RESONATOR-INDEPENDENT-LAG-VARIABLE-ADMISSIBILITY-EXECUTION-01,CAND-0127,Vor-Paar-Existenz,unknown,inventory_field_based_admissibility_execution
QSB-PLANCK-BRIDGE-RESONATOR-INDEPENDENT-LAG-VARIABLE-ADMISSIBILITY-EXECUTION-01,CAND-0127,Nicht-Alias-Ableitung,unknown,inventory_field_based_admissibility_execution
QSB-PLANCK-BRIDGE-RESONATOR-INDEPENDENT-LAG-VARIABLE-ADMISSIBILITY-EXECUTION-01,CAND-0127,unabhängige Source-Lineage,blocked_missing_evidence,inventory_field_based_admissibility_execution
QSB-PLANCK-BRIDGE-RESONATOR-INDEPENDENT-LAG-VARIABLE-ADMISSIBILITY-EXECUTION-01,CAND-0127,Paar-Mappbarkeit,pass,inventory_field_based_admissibility_execution
QSB-PLANCK-BRIDGE-RESONATOR-INDEPENDENT-LAG-VARIABLE-ADMISSIBILITY-EXECUTION-01,CAND-0127,nicht vollständig lag-determiniert,unknown,inventory_field_based_admissibility_execution
QSB-PLANCK-BRIDGE-RESONATOR-INDEPENDENT-LAG-VARIABLE-ADMISSIBILITY-EXECUTION-01,CAND-0127,Richtungs-/Symmetrieprüfung,unknown,inventory_field_based_admissibility_execution
QSB-PLANCK-BRIDGE-RESONATOR-INDEPENDENT-LAG-VARIABLE-ADMISSIBILITY-EXECUTION-01,CAND-0127,Einheiten-/Dimensionsmetadaten,pass,inventory_field_based_admissibility_execution
QSB-PLANCK-BRIDGE-RESONATOR-INDEPENDENT-LAG-VARIABLE-ADMISSIBILITY-EXECUTION-01,CAND-0127,Null-Alias-Stresstest,blocked_missing_evidence,inventory_field_based_admissibility_execution
QSB-PLANCK-BRIDGE-RESONATOR-INDEPENDENT-LAG-VARIABLE-ADMISSIBILITY-EXECUTION-01,CAND-0128,Vor-Paar-Existenz,unknown,inventory_field_based_admissibility_execution
QSB-PLANCK-BRIDGE-RESONATOR-INDEPENDENT-LAG-VARIABLE-ADMISSIBILITY-EXECUTION-01,CAND-0128,Nicht-Alias-Ableitung,unknown,inventory_field_based_admissibility_execution
QSB-PLANCK-BRIDGE-RESONATOR-INDEPENDENT-LAG-VARIABLE-ADMISSIBILITY-EXECUTION-01,CAND-0128,unabhängige Source-Lineage,blocked_missing_evidence,inventory_field_based_admissibility_execution
QSB-PLANCK-BRIDGE-RESONATOR-INDEPENDENT-LAG-VARIABLE-ADMISSIBILITY-EXECUTION-01,CAND-0128,Paar-Mappbarkeit,pass,inventory_field_based_admissibility_execution
QSB-PLANCK-BRIDGE-RESONATOR-INDEPENDENT-LAG-VARIABLE-ADMISSIBILITY-EXECUTION-01,CAND-0128,nicht vollständig lag-determiniert,unknown,inventory_field_based_admissibility_execution
QSB-PLANCK-BRIDGE-RESONATOR-INDEPENDENT-LAG-VARIABLE-ADMISSIBILITY-EXECUTION-01,CAND-0128,Richtungs-/Symmetrieprüfung,unknown,inventory_field_based_admissibility_execution
QSB-PLANCK-BRIDGE-RESONATOR-INDEPENDENT-LAG-VARIABLE-ADMISSIBILITY-EXECUTION-01,CAND-0128,Einheiten-/Dimensionsmetadaten,pass,inventory_field_based_admissibility_execution
QSB-PLANCK-BRIDGE-RESONATOR-INDEPENDENT-LAG-VARIABLE-ADMISSIBILITY-EXECUTION-01,CAND-0128,Null-Alias-Stresstest,blocked_missing_evidence,inventory_field_based_admissibility_execution
QSB-PLANCK-BRIDGE-RESONATOR-INDEPENDENT-LAG-VARIABLE-ADMISSIBILITY-EXECUTION-01,CAND-0129,Vor-Paar-Existenz,unknown,inventory_field_based_admissibility_execution
QSB-PLANCK-BRIDGE-RESONATOR-INDEPENDENT-LAG-VARIABLE-ADMISSIBILITY-EXECUTION-01,CAND-0129,Nicht-Alias-Ableitung,unknown,inventory_field_based_admissibility_execution
QSB-PLANCK-BRIDGE-RESONATOR-INDEPENDENT-LAG-VARIABLE-ADMISSIBILITY-EXECUTION-01,CAND-0129,unabhängige Source-Lineage,blocked_missing_evidence,inventory_field_based_admissibility_execution
QSB-PLANCK-BRIDGE-RESONATOR-INDEPENDENT-LAG-VARIABLE-ADMISSIBILITY-EXECUTION-01,CAND-0129,Paar-Mappbarkeit,fail,inventory_field_based_admissibility_execution
QSB-PLANCK-BRIDGE-RESONATOR-INDEPENDENT-LAG-VARIABLE-ADMISSIBILITY-EXECUTION-01,CAND-0129,nicht vollständig lag-determiniert,unknown,inventory_field_based_admissibility_execution
QSB-PLANCK-BRIDGE-RESONATOR-INDEPENDENT-LAG-VARIABLE-ADMISSIBILITY-EXECUTION-01,CAND-0129,Richtungs-/Symmetrieprüfung,unknown,inventory_field_based_admissibility_execution
QSB-PLANCK-BRIDGE-RESONATOR-INDEPENDENT-LAG-VARIABLE-ADMISSIBILITY-EXECUTION-01,CAND-0129,Einheiten-/Dimensionsmetadaten,pass,inventory_field_based_admissibility_execution
QSB-PLANCK-BRIDGE-RESONATOR-INDEPENDENT-LAG-VARIABLE-ADMISSIBILITY-EXECUTION-01,CAND-0129,Null-Alias-Stresstest,blocked_missing_evidence,inventory_field_based_admissibility_execution
QSB-PLANCK-BRIDGE-RESONATOR-INDEPENDENT-LAG-VARIABLE-ADMISSIBILITY-EXECUTION-01,CAND-0130,Vor-Paar-Existenz,unknown,inventory_field_based_admissibility_execution
QSB-PLANCK-BRIDGE-RESONATOR-INDEPENDENT-LAG-VARIABLE-ADMISSIBILITY-EXECUTION-01,CAND-0130,Nicht-Alias-Ableitung,unknown,inventory_field_based_admissibility_execution
QSB-PLANCK-BRIDGE-RESONATOR-INDEPENDENT-LAG-VARIABLE-ADMISSIBILITY-EXECUTION-01,CAND-0130,unabhängige Source-Lineage,blocked_missing_evidence,inventory_field_based_admissibility_execution
QSB-PLANCK-BRIDGE-RESONATOR-INDEPENDENT-LAG-VARIABLE-ADMISSIBILITY-EXECUTION-01,CAND-0130,Paar-Mappbarkeit,fail,inventory_field_based_admissibility_execution
QSB-PLANCK-BRIDGE-RESONATOR-INDEPENDENT-LAG-VARIABLE-ADMISSIBILITY-EXECUTION-01,CAND-0130,nicht vollständig lag-determiniert,unknown,inventory_field_based_admissibility_execution
QSB-PLANCK-BRIDGE-RESONATOR-INDEPENDENT-LAG-VARIABLE-ADMISSIBILITY-EXECUTION-01,CAND-0130,Richtungs-/Symmetrieprüfung,unknown,inventory_field_based_admissibility_execution
QSB-PLANCK-BRIDGE-RESONATOR-INDEPENDENT-LAG-VARIABLE-ADMISSIBILITY-EXECUTION-01,CAND-0130,Einheiten-/Dimensionsmetadaten,pass,inventory_field_based_admissibility_execution
QSB-PLANCK-BRIDGE-RESONATOR-INDEPENDENT-LAG-VARIABLE-ADMISSIBILITY-EXECUTION-01,CAND-0130,Null-Alias-Stresstest,blocked_missing_evidence,inventory_field_based_admissibility_execution
QSB-PLANCK-BRIDGE-RESONATOR-INDEPENDENT-LAG-VARIABLE-ADMISSIBILITY-EXECUTION-01,CAND-0131,Vor-Paar-Existenz,unknown,inventory_field_based_admissibility_execution
QSB-PLANCK-BRIDGE-RESONATOR-INDEPENDENT-LAG-VARIABLE-ADMISSIBILITY-EXECUTION-01,CAND-0131,Nicht-Alias-Ableitung,unknown,inventory_field_based_admissibility_execution
QSB-PLANCK-BRIDGE-RESONATOR-INDEPENDENT-LAG-VARIABLE-ADMISSIBILITY-EXECUTION-01,CAND-0131,unabhängige Source-Lineage,blocked_missing_evidence,inventory_field_based_admissibility_execution
QSB-PLANCK-BRIDGE-RESONATOR-INDEPENDENT-LAG-VARIABLE-ADMISSIBILITY-EXECUTION-01,CAND-0131,Paar-Mappbarkeit,fail,inventory_field_based_admissibility_execution
QSB-PLANCK-BRIDGE-RESONATOR-INDEPENDENT-LAG-VARIABLE-ADMISSIBILITY-EXECUTION-01,CAND-0131,nicht vollständig lag-determiniert,unknown,inventory_field_based_admissibility_execution
QSB-PLANCK-BRIDGE-RESONATOR-INDEPENDENT-LAG-VARIABLE-ADMISSIBILITY-EXECUTION-01,CAND-0131,Richtungs-/Symmetrieprüfung,unknown,inventory_field_based_admissibility_execution
QSB-PLANCK-BRIDGE-RESONATOR-INDEPENDENT-LAG-VARIABLE-ADMISSIBILITY-EXECUTION-01,CAND-0131,Einheiten-/Dimensionsmetadaten,pass,inventory_field_based_admissibility_execution
QSB-PLANCK-BRIDGE-RESONATOR-INDEPENDENT-LAG-VARIABLE-ADMISSIBILITY-EXECUTION-01,CAND-0131,Null-Alias-Stresstest,blocked_missing_evidence,inventory_field_based_admissibility_execution
QSB-PLANCK-BRIDGE-RESONATOR-INDEPENDENT-LAG-VARIABLE-ADMISSIBILITY-EXECUTION-01,CAND-0132,Vor-Paar-Existenz,unknown,inventory_field_based_admissibility_execution
QSB-PLANCK-BRIDGE-RESONATOR-INDEPENDENT-LAG-VARIABLE-ADMISSIBILITY-EXECUTION-01,CAND-0132,Nicht-Alias-Ableitung,unknown,inventory_field_based_admissibility_execution
QSB-PLANCK-BRIDGE-RESONATOR-INDEPENDENT-LAG-VARIABLE-ADMISSIBILITY-EXECUTION-01,CAND-0132,unabhängige Source-Lineage,blocked_missing_evidence,inventory_field_based_admissibility_execution
QSB-PLANCK-BRIDGE-RESONATOR-INDEPENDENT-LAG-VARIABLE-ADMISSIBILITY-EXECUTION-01,CAND-0132,Paar-Mappbarkeit,fail,inventory_field_based_admissibility_execution
QSB-PLANCK-BRIDGE-RESONATOR-INDEPENDENT-LAG-VARIABLE-ADMISSIBILITY-EXECUTION-01,CAND-0132,nicht vollständig lag-determiniert,unknown,inventory_field_based_admissibility_execution
QSB-PLANCK-BRIDGE-RESONATOR-INDEPENDENT-LAG-VARIABLE-ADMISSIBILITY-EXECUTION-01,CAND-0132,Richtungs-/Symmetrieprüfung,unknown,inventory_field_based_admissibility_execution
QSB-PLANCK-BRIDGE-RESONATOR-INDEPENDENT-LAG-VARIABLE-ADMISSIBILITY-EXECUTION-01,CAND-0132,Einheiten-/Dimensionsmetadaten,blocked_missing_evidence,inventory_field_based_admissibility_execution
QSB-PLANCK-BRIDGE-RESONATOR-INDEPENDENT-LAG-VARIABLE-ADMISSIBILITY-EXECUTION-01,CAND-0132,Null-Alias-Stresstest,blocked_missing_evidence,inventory_field_based_admissibility_execution
QSB-PLANCK-BRIDGE-RESONATOR-INDEPENDENT-LAG-VARIABLE-ADMISSIBILITY-EXECUTION-01,CAND-0133,Vor-Paar-Existenz,unknown,inventory_field_based_admissibility_execution
QSB-PLANCK-BRIDGE-RESONATOR-INDEPENDENT-LAG-VARIABLE-ADMISSIBILITY-EXECUTION-01,CAND-0133,Nicht-Alias-Ableitung,unknown,inventory_field_based_admissibility_execution
QSB-PLANCK-BRIDGE-RESONATOR-INDEPENDENT-LAG-VARIABLE-ADMISSIBILITY-EXECUTION-01,CAND-0133,unabhängige Source-Lineage,blocked_missing_evidence,inventory_field_based_admissibility_execution
QSB-PLANCK-BRIDGE-RESONATOR-INDEPENDENT-LAG-VARIABLE-ADMISSIBILITY-EXECUTION-01,CAND-0133,Paar-Mappbarkeit,fail,inventory_field_based_admissibility_execution
QSB-PLANCK-BRIDGE-RESONATOR-INDEPENDENT-LAG-VARIABLE-ADMISSIBILITY-EXECUTION-01,CAND-0133,nicht vollständig lag-determiniert,unknown,inventory_field_based_admissibility_execution
QSB-PLANCK-BRIDGE-RESONATOR-INDEPENDENT-LAG-VARIABLE-ADMISSIBILITY-EXECUTION-01,CAND-0133,Richtungs-/Symmetrieprüfung,unknown,inventory_field_based_admissibility_execution
QSB-PLANCK-BRIDGE-RESONATOR-INDEPENDENT-LAG-VARIABLE-ADMISSIBILITY-EXECUTION-01,CAND-0133,Einheiten-/Dimensionsmetadaten,blocked_missing_evidence,inventory_field_based_admissibility_execution
QSB-PLANCK-BRIDGE-RESONATOR-INDEPENDENT-LAG-VARIABLE-ADMISSIBILITY-EXECUTION-01,CAND-0133,Null-Alias-Stresstest,blocked_missing_evidence,inventory_field_based_admissibility_execution
QSB-PLANCK-BRIDGE-RESONATOR-INDEPENDENT-LAG-VARIABLE-ADMISSIBILITY-EXECUTION-01,CAND-0134,Vor-Paar-Existenz,unknown,inventory_field_based_admissibility_execution
QSB-PLANCK-BRIDGE-RESONATOR-INDEPENDENT-LAG-VARIABLE-ADMISSIBILITY-EXECUTION-01,CAND-0134,Nicht-Alias-Ableitung,unknown,inventory_field_based_admissibility_execution
QSB-PLANCK-BRIDGE-RESONATOR-INDEPENDENT-LAG-VARIABLE-ADMISSIBILITY-EXECUTION-01,CAND-0134,unabhängige Source-Lineage,blocked_missing_evidence,inventory_field_based_admissibility_execution
QSB-PLANCK-BRIDGE-RESONATOR-INDEPENDENT-LAG-VARIABLE-ADMISSIBILITY-EXECUTION-01,CAND-0134,Paar-Mappbarkeit,fail,inventory_field_based_admissibility_execution
QSB-PLANCK-BRIDGE-RESONATOR-INDEPENDENT-LAG-VARIABLE-ADMISSIBILITY-EXECUTION-01,CAND-0134,nicht vollständig lag-determiniert,unknown,inventory_field_based_admissibility_execution
QSB-PLANCK-BRIDGE-RESONATOR-INDEPENDENT-LAG-VARIABLE-ADMISSIBILITY-EXECUTION-01,CAND-0134,Richtungs-/Symmetrieprüfung,unknown,inventory_field_based_admissibility_execution
QSB-PLANCK-BRIDGE-RESONATOR-INDEPENDENT-LAG-VARIABLE-ADMISSIBILITY-EXECUTION-01,CAND-0134,Einheiten-/Dimensionsmetadaten,pass,inventory_field_based_admissibility_execution
QSB-PLANCK-BRIDGE-RESONATOR-INDEPENDENT-LAG-VARIABLE-ADMISSIBILITY-EXECUTION-01,CAND-0134,Null-Alias-Stresstest,blocked_missing_evidence,inventory_field_based_admissibility_execution
QSB-PLANCK-BRIDGE-RESONATOR-INDEPENDENT-LAG-VARIABLE-ADMISSIBILITY-EXECUTION-01,CAND-0135,Vor-Paar-Existenz,unknown,inventory_field_based_admissibility_execution
QSB-PLANCK-BRIDGE-RESONATOR-INDEPENDENT-LAG-VARIABLE-ADMISSIBILITY-EXECUTION-01,CAND-0135,Nicht-Alias-Ableitung,unknown,inventory_field_based_admissibility_execution
QSB-PLANCK-BRIDGE-RESONATOR-INDEPENDENT-LAG-VARIABLE-ADMISSIBILITY-EXECUTION-01,CAND-0135,unabhängige Source-Lineage,blocked_missing_evidence,inventory_field_based_admissibility_execution
QSB-PLANCK-BRIDGE-RESONATOR-INDEPENDENT-LAG-VARIABLE-ADMISSIBILITY-EXECUTION-01,CAND-0135,Paar-Mappbarkeit,fail,inventory_field_based_admissibility_execution
QSB-PLANCK-BRIDGE-RESONATOR-INDEPENDENT-LAG-VARIABLE-ADMISSIBILITY-EXECUTION-01,CAND-0135,nicht vollständig lag-determiniert,unknown,inventory_field_based_admissibility_execution
QSB-PLANCK-BRIDGE-RESONATOR-INDEPENDENT-LAG-VARIABLE-ADMISSIBILITY-EXECUTION-01,CAND-0135,Richtungs-/Symmetrieprüfung,unknown,inventory_field_based_admissibility_execution
QSB-PLANCK-BRIDGE-RESONATOR-INDEPENDENT-LAG-VARIABLE-ADMISSIBILITY-EXECUTION-01,CAND-0135,Einheiten-/Dimensionsmetadaten,pass,inventory_field_based_admissibility_execution
QSB-PLANCK-BRIDGE-RESONATOR-INDEPENDENT-LAG-VARIABLE-ADMISSIBILITY-EXECUTION-01,CAND-0135,Null-Alias-Stresstest,blocked_missing_evidence,inventory_field_based_admissibility_execution
QSB-PLANCK-BRIDGE-RESONATOR-INDEPENDENT-LAG-VARIABLE-ADMISSIBILITY-EXECUTION-01,CAND-0136,Vor-Paar-Existenz,unknown,inventory_field_based_admissibility_execution
QSB-PLANCK-BRIDGE-RESONATOR-INDEPENDENT-LAG-VARIABLE-ADMISSIBILITY-EXECUTION-01,CAND-0136,Nicht-Alias-Ableitung,unknown,inventory_field_based_admissibility_execution
QSB-PLANCK-BRIDGE-RESONATOR-INDEPENDENT-LAG-VARIABLE-ADMISSIBILITY-EXECUTION-01,CAND-0136,unabhängige Source-Lineage,blocked_missing_evidence,inventory_field_based_admissibility_execution
QSB-PLANCK-BRIDGE-RESONATOR-INDEPENDENT-LAG-VARIABLE-ADMISSIBILITY-EXECUTION-01,CAND-0136,Paar-Mappbarkeit,fail,inventory_field_based_admissibility_execution
QSB-PLANCK-BRIDGE-RESONATOR-INDEPENDENT-LAG-VARIABLE-ADMISSIBILITY-EXECUTION-01,CAND-0136,nicht vollständig lag-determiniert,unknown,inventory_field_based_admissibility_execution
QSB-PLANCK-BRIDGE-RESONATOR-INDEPENDENT-LAG-VARIABLE-ADMISSIBILITY-EXECUTION-01,CAND-0136,Richtungs-/Symmetrieprüfung,unknown,inventory_field_based_admissibility_execution
QSB-PLANCK-BRIDGE-RESONATOR-INDEPENDENT-LAG-VARIABLE-ADMISSIBILITY-EXECUTION-01,CAND-0136,Einheiten-/Dimensionsmetadaten,blocked_missing_evidence,inventory_field_based_admissibility_execution
QSB-PLANCK-BRIDGE-RESONATOR-INDEPENDENT-LAG-VARIABLE-ADMISSIBILITY-EXECUTION-01,CAND-0136,Null-Alias-Stresstest,blocked_missing_evidence,inventory_field_based_admissibility_execution
QSB-PLANCK-BRIDGE-RESONATOR-INDEPENDENT-LAG-VARIABLE-ADMISSIBILITY-EXECUTION-01,CAND-0137,Vor-Paar-Existenz,unknown,inventory_field_based_admissibility_execution
QSB-PLANCK-BRIDGE-RESONATOR-INDEPENDENT-LAG-VARIABLE-ADMISSIBILITY-EXECUTION-01,CAND-0137,Nicht-Alias-Ableitung,unknown,inventory_field_based_admissibility_execution
QSB-PLANCK-BRIDGE-RESONATOR-INDEPENDENT-LAG-VARIABLE-ADMISSIBILITY-EXECUTION-01,CAND-0137,unabhängige Source-Lineage,blocked_missing_evidence,inventory_field_based_admissibility_execution
QSB-PLANCK-BRIDGE-RESONATOR-INDEPENDENT-LAG-VARIABLE-ADMISSIBILITY-EXECUTION-01,CAND-0137,Paar-Mappbarkeit,fail,inventory_field_based_admissibility_execution
QSB-PLANCK-BRIDGE-RESONATOR-INDEPENDENT-LAG-VARIABLE-ADMISSIBILITY-EXECUTION-01,CAND-0137,nicht vollständig lag-determiniert,unknown,inventory_field_based_admissibility_execution
QSB-PLANCK-BRIDGE-RESONATOR-INDEPENDENT-LAG-VARIABLE-ADMISSIBILITY-EXECUTION-01,CAND-0137,Richtungs-/Symmetrieprüfung,unknown,inventory_field_based_admissibility_execution
QSB-PLANCK-BRIDGE-RESONATOR-INDEPENDENT-LAG-VARIABLE-ADMISSIBILITY-EXECUTION-01,CAND-0137,Einheiten-/Dimensionsmetadaten,blocked_missing_evidence,inventory_field_based_admissibility_execution
QSB-PLANCK-BRIDGE-RESONATOR-INDEPENDENT-LAG-VARIABLE-ADMISSIBILITY-EXECUTION-01,CAND-0137,Null-Alias-Stresstest,blocked_missing_evidence,inventory_field_based_admissibility_execution
QSB-PLANCK-BRIDGE-RESONATOR-INDEPENDENT-LAG-VARIABLE-ADMISSIBILITY-EXECUTION-01,CAND-0138,Vor-Paar-Existenz,unknown,inventory_field_based_admissibility_execution
QSB-PLANCK-BRIDGE-RESONATOR-INDEPENDENT-LAG-VARIABLE-ADMISSIBILITY-EXECUTION-01,CAND-0138,Nicht-Alias-Ableitung,unknown,inventory_field_based_admissibility_execution
QSB-PLANCK-BRIDGE-RESONATOR-INDEPENDENT-LAG-VARIABLE-ADMISSIBILITY-EXECUTION-01,CAND-0138,unabhängige Source-Lineage,blocked_missing_evidence,inventory_field_based_admissibility_execution
QSB-PLANCK-BRIDGE-RESONATOR-INDEPENDENT-LAG-VARIABLE-ADMISSIBILITY-EXECUTION-01,CAND-0138,Paar-Mappbarkeit,fail,inventory_field_based_admissibility_execution
QSB-PLANCK-BRIDGE-RESONATOR-INDEPENDENT-LAG-VARIABLE-ADMISSIBILITY-EXECUTION-01,CAND-0138,nicht vollständig lag-determiniert,unknown,inventory_field_based_admissibility_execution
QSB-PLANCK-BRIDGE-RESONATOR-INDEPENDENT-LAG-VARIABLE-ADMISSIBILITY-EXECUTION-01,CAND-0138,Richtungs-/Symmetrieprüfung,unknown,inventory_field_based_admissibility_execution
QSB-PLANCK-BRIDGE-RESONATOR-INDEPENDENT-LAG-VARIABLE-ADMISSIBILITY-EXECUTION-01,CAND-0138,Einheiten-/Dimensionsmetadaten,blocked_missing_evidence,inventory_field_based_admissibility_execution
QSB-PLANCK-BRIDGE-RESONATOR-INDEPENDENT-LAG-VARIABLE-ADMISSIBILITY-EXECUTION-01,CAND-0138,Null-Alias-Stresstest,blocked_missing_evidence,inventory_field_based_admissibility_execution
QSB-PLANCK-BRIDGE-RESONATOR-INDEPENDENT-LAG-VARIABLE-ADMISSIBILITY-EXECUTION-01,CAND-0139,Vor-Paar-Existenz,unknown,inventory_field_based_admissibility_execution
QSB-PLANCK-BRIDGE-RESONATOR-INDEPENDENT-LAG-VARIABLE-ADMISSIBILITY-EXECUTION-01,CAND-0139,Nicht-Alias-Ableitung,unknown,inventory_field_based_admissibility_execution
QSB-PLANCK-BRIDGE-RESONATOR-INDEPENDENT-LAG-VARIABLE-ADMISSIBILITY-EXECUTION-01,CAND-0139,unabhängige Source-Lineage,blocked_missing_evidence,inventory_field_based_admissibility_execution
QSB-PLANCK-BRIDGE-RESONATOR-INDEPENDENT-LAG-VARIABLE-ADMISSIBILITY-EXECUTION-01,CAND-0139,Paar-Mappbarkeit,fail,inventory_field_based_admissibility_execution
QSB-PLANCK-BRIDGE-RESONATOR-INDEPENDENT-LAG-VARIABLE-ADMISSIBILITY-EXECUTION-01,CAND-0139,nicht vollständig lag-determiniert,unknown,inventory_field_based_admissibility_execution
QSB-PLANCK-BRIDGE-RESONATOR-INDEPENDENT-LAG-VARIABLE-ADMISSIBILITY-EXECUTION-01,CAND-0139,Richtungs-/Symmetrieprüfung,unknown,inventory_field_based_admissibility_execution
QSB-PLANCK-BRIDGE-RESONATOR-INDEPENDENT-LAG-VARIABLE-ADMISSIBILITY-EXECUTION-01,CAND-0139,Einheiten-/Dimensionsmetadaten,blocked_missing_evidence,inventory_field_based_admissibility_execution
QSB-PLANCK-BRIDGE-RESONATOR-INDEPENDENT-LAG-VARIABLE-ADMISSIBILITY-EXECUTION-01,CAND-0139,Null-Alias-Stresstest,blocked_missing_evidence,inventory_field_based_admissibility_execution
QSB-PLANCK-BRIDGE-RESONATOR-INDEPENDENT-LAG-VARIABLE-ADMISSIBILITY-EXECUTION-01,CAND-0140,Vor-Paar-Existenz,unknown,inventory_field_based_admissibility_execution
QSB-PLANCK-BRIDGE-RESONATOR-INDEPENDENT-LAG-VARIABLE-ADMISSIBILITY-EXECUTION-01,CAND-0140,Nicht-Alias-Ableitung,unknown,inventory_field_based_admissibility_execution
QSB-PLANCK-BRIDGE-RESONATOR-INDEPENDENT-LAG-VARIABLE-ADMISSIBILITY-EXECUTION-01,CAND-0140,unabhängige Source-Lineage,blocked_missing_evidence,inventory_field_based_admissibility_execution
QSB-PLANCK-BRIDGE-RESONATOR-INDEPENDENT-LAG-VARIABLE-ADMISSIBILITY-EXECUTION-01,CAND-0140,Paar-Mappbarkeit,fail,inventory_field_based_admissibility_execution
QSB-PLANCK-BRIDGE-RESONATOR-INDEPENDENT-LAG-VARIABLE-ADMISSIBILITY-EXECUTION-01,CAND-0140,nicht vollständig lag-determiniert,unknown,inventory_field_based_admissibility_execution
QSB-PLANCK-BRIDGE-RESONATOR-INDEPENDENT-LAG-VARIABLE-ADMISSIBILITY-EXECUTION-01,CAND-0140,Richtungs-/Symmetrieprüfung,unknown,inventory_field_based_admissibility_execution
QSB-PLANCK-BRIDGE-RESONATOR-INDEPENDENT-LAG-VARIABLE-ADMISSIBILITY-EXECUTION-01,CAND-0140,Einheiten-/Dimensionsmetadaten,blocked_missing_evidence,inventory_field_based_admissibility_execution
QSB-PLANCK-BRIDGE-RESONATOR-INDEPENDENT-LAG-VARIABLE-ADMISSIBILITY-EXECUTION-01,CAND-0140,Null-Alias-Stresstest,blocked_missing_evidence,inventory_field_based_admissibility_execution
QSB-PLANCK-BRIDGE-RESONATOR-INDEPENDENT-LAG-VARIABLE-ADMISSIBILITY-EXECUTION-01,CAND-0141,Vor-Paar-Existenz,unknown,inventory_field_based_admissibility_execution
QSB-PLANCK-BRIDGE-RESONATOR-INDEPENDENT-LAG-VARIABLE-ADMISSIBILITY-EXECUTION-01,CAND-0141,Nicht-Alias-Ableitung,unknown,inventory_field_based_admissibility_execution
QSB-PLANCK-BRIDGE-RESONATOR-INDEPENDENT-LAG-VARIABLE-ADMISSIBILITY-EXECUTION-01,CAND-0141,unabhängige Source-Lineage,blocked_missing_evidence,inventory_field_based_admissibility_execution
QSB-PLANCK-BRIDGE-RESONATOR-INDEPENDENT-LAG-VARIABLE-ADMISSIBILITY-EXECUTION-01,CAND-0141,Paar-Mappbarkeit,fail,inventory_field_based_admissibility_execution
QSB-PLANCK-BRIDGE-RESONATOR-INDEPENDENT-LAG-VARIABLE-ADMISSIBILITY-EXECUTION-01,CAND-0141,nicht vollständig lag-determiniert,unknown,inventory_field_based_admissibility_execution
QSB-PLANCK-BRIDGE-RESONATOR-INDEPENDENT-LAG-VARIABLE-ADMISSIBILITY-EXECUTION-01,CAND-0141,Richtungs-/Symmetrieprüfung,unknown,inventory_field_based_admissibility_execution
QSB-PLANCK-BRIDGE-RESONATOR-INDEPENDENT-LAG-VARIABLE-ADMISSIBILITY-EXECUTION-01,CAND-0141,Einheiten-/Dimensionsmetadaten,blocked_missing_evidence,inventory_field_based_admissibility_execution
QSB-PLANCK-BRIDGE-RESONATOR-INDEPENDENT-LAG-VARIABLE-ADMISSIBILITY-EXECUTION-01,CAND-0141,Null-Alias-Stresstest,blocked_missing_evidence,inventory_field_based_admissibility_execution
QSB-PLANCK-BRIDGE-RESONATOR-INDEPENDENT-LAG-VARIABLE-ADMISSIBILITY-EXECUTION-01,CAND-0142,Vor-Paar-Existenz,unknown,inventory_field_based_admissibility_execution
QSB-PLANCK-BRIDGE-RESONATOR-INDEPENDENT-LAG-VARIABLE-ADMISSIBILITY-EXECUTION-01,CAND-0142,Nicht-Alias-Ableitung,unknown,inventory_field_based_admissibility_execution
QSB-PLANCK-BRIDGE-RESONATOR-INDEPENDENT-LAG-VARIABLE-ADMISSIBILITY-EXECUTION-01,CAND-0142,unabhängige Source-Lineage,blocked_missing_evidence,inventory_field_based_admissibility_execution
QSB-PLANCK-BRIDGE-RESONATOR-INDEPENDENT-LAG-VARIABLE-ADMISSIBILITY-EXECUTION-01,CAND-0142,Paar-Mappbarkeit,fail,inventory_field_based_admissibility_execution
QSB-PLANCK-BRIDGE-RESONATOR-INDEPENDENT-LAG-VARIABLE-ADMISSIBILITY-EXECUTION-01,CAND-0142,nicht vollständig lag-determiniert,unknown,inventory_field_based_admissibility_execution
QSB-PLANCK-BRIDGE-RESONATOR-INDEPENDENT-LAG-VARIABLE-ADMISSIBILITY-EXECUTION-01,CAND-0142,Richtungs-/Symmetrieprüfung,unknown,inventory_field_based_admissibility_execution
QSB-PLANCK-BRIDGE-RESONATOR-INDEPENDENT-LAG-VARIABLE-ADMISSIBILITY-EXECUTION-01,CAND-0142,Einheiten-/Dimensionsmetadaten,pass,inventory_field_based_admissibility_execution
QSB-PLANCK-BRIDGE-RESONATOR-INDEPENDENT-LAG-VARIABLE-ADMISSIBILITY-EXECUTION-01,CAND-0142,Null-Alias-Stresstest,blocked_missing_evidence,inventory_field_based_admissibility_execution
QSB-PLANCK-BRIDGE-RESONATOR-INDEPENDENT-LAG-VARIABLE-ADMISSIBILITY-EXECUTION-01,CAND-0143,Vor-Paar-Existenz,unknown,inventory_field_based_admissibility_execution
QSB-PLANCK-BRIDGE-RESONATOR-INDEPENDENT-LAG-VARIABLE-ADMISSIBILITY-EXECUTION-01,CAND-0143,Nicht-Alias-Ableitung,unknown,inventory_field_based_admissibility_execution
QSB-PLANCK-BRIDGE-RESONATOR-INDEPENDENT-LAG-VARIABLE-ADMISSIBILITY-EXECUTION-01,CAND-0143,unabhängige Source-Lineage,blocked_missing_evidence,inventory_field_based_admissibility_execution
QSB-PLANCK-BRIDGE-RESONATOR-INDEPENDENT-LAG-VARIABLE-ADMISSIBILITY-EXECUTION-01,CAND-0143,Paar-Mappbarkeit,fail,inventory_field_based_admissibility_execution
QSB-PLANCK-BRIDGE-RESONATOR-INDEPENDENT-LAG-VARIABLE-ADMISSIBILITY-EXECUTION-01,CAND-0143,nicht vollständig lag-determiniert,unknown,inventory_field_based_admissibility_execution
QSB-PLANCK-BRIDGE-RESONATOR-INDEPENDENT-LAG-VARIABLE-ADMISSIBILITY-EXECUTION-01,CAND-0143,Richtungs-/Symmetrieprüfung,unknown,inventory_field_based_admissibility_execution
QSB-PLANCK-BRIDGE-RESONATOR-INDEPENDENT-LAG-VARIABLE-ADMISSIBILITY-EXECUTION-01,CAND-0143,Einheiten-/Dimensionsmetadaten,blocked_missing_evidence,inventory_field_based_admissibility_execution
QSB-PLANCK-BRIDGE-RESONATOR-INDEPENDENT-LAG-VARIABLE-ADMISSIBILITY-EXECUTION-01,CAND-0143,Null-Alias-Stresstest,blocked_missing_evidence,inventory_field_based_admissibility_execution
QSB-PLANCK-BRIDGE-RESONATOR-INDEPENDENT-LAG-VARIABLE-ADMISSIBILITY-EXECUTION-01,CAND-0144,Vor-Paar-Existenz,unknown,inventory_field_based_admissibility_execution
QSB-PLANCK-BRIDGE-RESONATOR-INDEPENDENT-LAG-VARIABLE-ADMISSIBILITY-EXECUTION-01,CAND-0144,Nicht-Alias-Ableitung,unknown,inventory_field_based_admissibility_execution
QSB-PLANCK-BRIDGE-RESONATOR-INDEPENDENT-LAG-VARIABLE-ADMISSIBILITY-EXECUTION-01,CAND-0144,unabhängige Source-Lineage,blocked_missing_evidence,inventory_field_based_admissibility_execution
QSB-PLANCK-BRIDGE-RESONATOR-INDEPENDENT-LAG-VARIABLE-ADMISSIBILITY-EXECUTION-01,CAND-0144,Paar-Mappbarkeit,fail,inventory_field_based_admissibility_execution
QSB-PLANCK-BRIDGE-RESONATOR-INDEPENDENT-LAG-VARIABLE-ADMISSIBILITY-EXECUTION-01,CAND-0144,nicht vollständig lag-determiniert,unknown,inventory_field_based_admissibility_execution
QSB-PLANCK-BRIDGE-RESONATOR-INDEPENDENT-LAG-VARIABLE-ADMISSIBILITY-EXECUTION-01,CAND-0144,Richtungs-/Symmetrieprüfung,unknown,inventory_field_based_admissibility_execution
QSB-PLANCK-BRIDGE-RESONATOR-INDEPENDENT-LAG-VARIABLE-ADMISSIBILITY-EXECUTION-01,CAND-0144,Einheiten-/Dimensionsmetadaten,blocked_missing_evidence,inventory_field_based_admissibility_execution
QSB-PLANCK-BRIDGE-RESONATOR-INDEPENDENT-LAG-VARIABLE-ADMISSIBILITY-EXECUTION-01,CAND-0144,Null-Alias-Stresstest,blocked_missing_evidence,inventory_field_based_admissibility_execution
QSB-PLANCK-BRIDGE-RESONATOR-INDEPENDENT-LAG-VARIABLE-ADMISSIBILITY-EXECUTION-01,CAND-0145,Vor-Paar-Existenz,unknown,inventory_field_based_admissibility_execution
QSB-PLANCK-BRIDGE-RESONATOR-INDEPENDENT-LAG-VARIABLE-ADMISSIBILITY-EXECUTION-01,CAND-0145,Nicht-Alias-Ableitung,unknown,inventory_field_based_admissibility_execution
QSB-PLANCK-BRIDGE-RESONATOR-INDEPENDENT-LAG-VARIABLE-ADMISSIBILITY-EXECUTION-01,CAND-0145,unabhängige Source-Lineage,blocked_missing_evidence,inventory_field_based_admissibility_execution
QSB-PLANCK-BRIDGE-RESONATOR-INDEPENDENT-LAG-VARIABLE-ADMISSIBILITY-EXECUTION-01,CAND-0145,Paar-Mappbarkeit,fail,inventory_field_based_admissibility_execution
QSB-PLANCK-BRIDGE-RESONATOR-INDEPENDENT-LAG-VARIABLE-ADMISSIBILITY-EXECUTION-01,CAND-0145,nicht vollständig lag-determiniert,unknown,inventory_field_based_admissibility_execution
QSB-PLANCK-BRIDGE-RESONATOR-INDEPENDENT-LAG-VARIABLE-ADMISSIBILITY-EXECUTION-01,CAND-0145,Richtungs-/Symmetrieprüfung,unknown,inventory_field_based_admissibility_execution
QSB-PLANCK-BRIDGE-RESONATOR-INDEPENDENT-LAG-VARIABLE-ADMISSIBILITY-EXECUTION-01,CAND-0145,Einheiten-/Dimensionsmetadaten,pass,inventory_field_based_admissibility_execution
QSB-PLANCK-BRIDGE-RESONATOR-INDEPENDENT-LAG-VARIABLE-ADMISSIBILITY-EXECUTION-01,CAND-0145,Null-Alias-Stresstest,blocked_missing_evidence,inventory_field_based_admissibility_execution
QSB-PLANCK-BRIDGE-RESONATOR-INDEPENDENT-LAG-VARIABLE-ADMISSIBILITY-EXECUTION-01,CAND-0146,Vor-Paar-Existenz,unknown,inventory_field_based_admissibility_execution
QSB-PLANCK-BRIDGE-RESONATOR-INDEPENDENT-LAG-VARIABLE-ADMISSIBILITY-EXECUTION-01,CAND-0146,Nicht-Alias-Ableitung,unknown,inventory_field_based_admissibility_execution
QSB-PLANCK-BRIDGE-RESONATOR-INDEPENDENT-LAG-VARIABLE-ADMISSIBILITY-EXECUTION-01,CAND-0146,unabhängige Source-Lineage,blocked_missing_evidence,inventory_field_based_admissibility_execution
QSB-PLANCK-BRIDGE-RESONATOR-INDEPENDENT-LAG-VARIABLE-ADMISSIBILITY-EXECUTION-01,CAND-0146,Paar-Mappbarkeit,fail,inventory_field_based_admissibility_execution
QSB-PLANCK-BRIDGE-RESONATOR-INDEPENDENT-LAG-VARIABLE-ADMISSIBILITY-EXECUTION-01,CAND-0146,nicht vollständig lag-determiniert,unknown,inventory_field_based_admissibility_execution
QSB-PLANCK-BRIDGE-RESONATOR-INDEPENDENT-LAG-VARIABLE-ADMISSIBILITY-EXECUTION-01,CAND-0146,Richtungs-/Symmetrieprüfung,unknown,inventory_field_based_admissibility_execution
QSB-PLANCK-BRIDGE-RESONATOR-INDEPENDENT-LAG-VARIABLE-ADMISSIBILITY-EXECUTION-01,CAND-0146,Einheiten-/Dimensionsmetadaten,pass,inventory_field_based_admissibility_execution
QSB-PLANCK-BRIDGE-RESONATOR-INDEPENDENT-LAG-VARIABLE-ADMISSIBILITY-EXECUTION-01,CAND-0146,Null-Alias-Stresstest,blocked_missing_evidence,inventory_field_based_admissibility_execution
QSB-PLANCK-BRIDGE-RESONATOR-INDEPENDENT-LAG-VARIABLE-ADMISSIBILITY-EXECUTION-01,CAND-0147,Vor-Paar-Existenz,unknown,inventory_field_based_admissibility_execution
QSB-PLANCK-BRIDGE-RESONATOR-INDEPENDENT-LAG-VARIABLE-ADMISSIBILITY-EXECUTION-01,CAND-0147,Nicht-Alias-Ableitung,unknown,inventory_field_based_admissibility_execution
QSB-PLANCK-BRIDGE-RESONATOR-INDEPENDENT-LAG-VARIABLE-ADMISSIBILITY-EXECUTION-01,CAND-0147,unabhängige Source-Lineage,blocked_missing_evidence,inventory_field_based_admissibility_execution
QSB-PLANCK-BRIDGE-RESONATOR-INDEPENDENT-LAG-VARIABLE-ADMISSIBILITY-EXECUTION-01,CAND-0147,Paar-Mappbarkeit,fail,inventory_field_based_admissibility_execution
QSB-PLANCK-BRIDGE-RESONATOR-INDEPENDENT-LAG-VARIABLE-ADMISSIBILITY-EXECUTION-01,CAND-0147,nicht vollständig lag-determiniert,unknown,inventory_field_based_admissibility_execution
QSB-PLANCK-BRIDGE-RESONATOR-INDEPENDENT-LAG-VARIABLE-ADMISSIBILITY-EXECUTION-01,CAND-0147,Richtungs-/Symmetrieprüfung,unknown,inventory_field_based_admissibility_execution
QSB-PLANCK-BRIDGE-RESONATOR-INDEPENDENT-LAG-VARIABLE-ADMISSIBILITY-EXECUTION-01,CAND-0147,Einheiten-/Dimensionsmetadaten,pass,inventory_field_based_admissibility_execution
QSB-PLANCK-BRIDGE-RESONATOR-INDEPENDENT-LAG-VARIABLE-ADMISSIBILITY-EXECUTION-01,CAND-0147,Null-Alias-Stresstest,blocked_missing_evidence,inventory_field_based_admissibility_execution
QSB-PLANCK-BRIDGE-RESONATOR-INDEPENDENT-LAG-VARIABLE-ADMISSIBILITY-EXECUTION-01,CAND-0148,Vor-Paar-Existenz,unknown,inventory_field_based_admissibility_execution
QSB-PLANCK-BRIDGE-RESONATOR-INDEPENDENT-LAG-VARIABLE-ADMISSIBILITY-EXECUTION-01,CAND-0148,Nicht-Alias-Ableitung,unknown,inventory_field_based_admissibility_execution
QSB-PLANCK-BRIDGE-RESONATOR-INDEPENDENT-LAG-VARIABLE-ADMISSIBILITY-EXECUTION-01,CAND-0148,unabhängige Source-Lineage,blocked_missing_evidence,inventory_field_based_admissibility_execution
QSB-PLANCK-BRIDGE-RESONATOR-INDEPENDENT-LAG-VARIABLE-ADMISSIBILITY-EXECUTION-01,CAND-0148,Paar-Mappbarkeit,fail,inventory_field_based_admissibility_execution
QSB-PLANCK-BRIDGE-RESONATOR-INDEPENDENT-LAG-VARIABLE-ADMISSIBILITY-EXECUTION-01,CAND-0148,nicht vollständig lag-determiniert,unknown,inventory_field_based_admissibility_execution
QSB-PLANCK-BRIDGE-RESONATOR-INDEPENDENT-LAG-VARIABLE-ADMISSIBILITY-EXECUTION-01,CAND-0148,Richtungs-/Symmetrieprüfung,unknown,inventory_field_based_admissibility_execution
QSB-PLANCK-BRIDGE-RESONATOR-INDEPENDENT-LAG-VARIABLE-ADMISSIBILITY-EXECUTION-01,CAND-0148,Einheiten-/Dimensionsmetadaten,pass,inventory_field_based_admissibility_execution
QSB-PLANCK-BRIDGE-RESONATOR-INDEPENDENT-LAG-VARIABLE-ADMISSIBILITY-EXECUTION-01,CAND-0148,Null-Alias-Stresstest,blocked_missing_evidence,inventory_field_based_admissibility_execution
QSB-PLANCK-BRIDGE-RESONATOR-INDEPENDENT-LAG-VARIABLE-ADMISSIBILITY-EXECUTION-01,CAND-0149,Vor-Paar-Existenz,unknown,inventory_field_based_admissibility_execution
QSB-PLANCK-BRIDGE-RESONATOR-INDEPENDENT-LAG-VARIABLE-ADMISSIBILITY-EXECUTION-01,CAND-0149,Nicht-Alias-Ableitung,unknown,inventory_field_based_admissibility_execution
QSB-PLANCK-BRIDGE-RESONATOR-INDEPENDENT-LAG-VARIABLE-ADMISSIBILITY-EXECUTION-01,CAND-0149,unabhängige Source-Lineage,blocked_missing_evidence,inventory_field_based_admissibility_execution
QSB-PLANCK-BRIDGE-RESONATOR-INDEPENDENT-LAG-VARIABLE-ADMISSIBILITY-EXECUTION-01,CAND-0149,Paar-Mappbarkeit,fail,inventory_field_based_admissibility_execution
QSB-PLANCK-BRIDGE-RESONATOR-INDEPENDENT-LAG-VARIABLE-ADMISSIBILITY-EXECUTION-01,CAND-0149,nicht vollständig lag-determiniert,unknown,inventory_field_based_admissibility_execution
QSB-PLANCK-BRIDGE-RESONATOR-INDEPENDENT-LAG-VARIABLE-ADMISSIBILITY-EXECUTION-01,CAND-0149,Richtungs-/Symmetrieprüfung,unknown,inventory_field_based_admissibility_execution
QSB-PLANCK-BRIDGE-RESONATOR-INDEPENDENT-LAG-VARIABLE-ADMISSIBILITY-EXECUTION-01,CAND-0149,Einheiten-/Dimensionsmetadaten,pass,inventory_field_based_admissibility_execution
QSB-PLANCK-BRIDGE-RESONATOR-INDEPENDENT-LAG-VARIABLE-ADMISSIBILITY-EXECUTION-01,CAND-0149,Null-Alias-Stresstest,blocked_missing_evidence,inventory_field_based_admissibility_execution
QSB-PLANCK-BRIDGE-RESONATOR-INDEPENDENT-LAG-VARIABLE-ADMISSIBILITY-EXECUTION-01,CAND-0150,Vor-Paar-Existenz,unknown,inventory_field_based_admissibility_execution
QSB-PLANCK-BRIDGE-RESONATOR-INDEPENDENT-LAG-VARIABLE-ADMISSIBILITY-EXECUTION-01,CAND-0150,Nicht-Alias-Ableitung,unknown,inventory_field_based_admissibility_execution
QSB-PLANCK-BRIDGE-RESONATOR-INDEPENDENT-LAG-VARIABLE-ADMISSIBILITY-EXECUTION-01,CAND-0150,unabhängige Source-Lineage,blocked_missing_evidence,inventory_field_based_admissibility_execution
QSB-PLANCK-BRIDGE-RESONATOR-INDEPENDENT-LAG-VARIABLE-ADMISSIBILITY-EXECUTION-01,CAND-0150,Paar-Mappbarkeit,fail,inventory_field_based_admissibility_execution
QSB-PLANCK-BRIDGE-RESONATOR-INDEPENDENT-LAG-VARIABLE-ADMISSIBILITY-EXECUTION-01,CAND-0150,nicht vollständig lag-determiniert,unknown,inventory_field_based_admissibility_execution
QSB-PLANCK-BRIDGE-RESONATOR-INDEPENDENT-LAG-VARIABLE-ADMISSIBILITY-EXECUTION-01,CAND-0150,Richtungs-/Symmetrieprüfung,unknown,inventory_field_based_admissibility_execution
QSB-PLANCK-BRIDGE-RESONATOR-INDEPENDENT-LAG-VARIABLE-ADMISSIBILITY-EXECUTION-01,CAND-0150,Einheiten-/Dimensionsmetadaten,pass,inventory_field_based_admissibility_execution
QSB-PLANCK-BRIDGE-RESONATOR-INDEPENDENT-LAG-VARIABLE-ADMISSIBILITY-EXECUTION-01,CAND-0150,Null-Alias-Stresstest,blocked_missing_evidence,inventory_field_based_admissibility_execution
QSB-PLANCK-BRIDGE-RESONATOR-INDEPENDENT-LAG-VARIABLE-ADMISSIBILITY-EXECUTION-01,CAND-0151,Vor-Paar-Existenz,unknown,inventory_field_based_admissibility_execution
QSB-PLANCK-BRIDGE-RESONATOR-INDEPENDENT-LAG-VARIABLE-ADMISSIBILITY-EXECUTION-01,CAND-0151,Nicht-Alias-Ableitung,unknown,inventory_field_based_admissibility_execution
QSB-PLANCK-BRIDGE-RESONATOR-INDEPENDENT-LAG-VARIABLE-ADMISSIBILITY-EXECUTION-01,CAND-0151,unabhängige Source-Lineage,blocked_missing_evidence,inventory_field_based_admissibility_execution
QSB-PLANCK-BRIDGE-RESONATOR-INDEPENDENT-LAG-VARIABLE-ADMISSIBILITY-EXECUTION-01,CAND-0151,Paar-Mappbarkeit,fail,inventory_field_based_admissibility_execution
QSB-PLANCK-BRIDGE-RESONATOR-INDEPENDENT-LAG-VARIABLE-ADMISSIBILITY-EXECUTION-01,CAND-0151,nicht vollständig lag-determiniert,unknown,inventory_field_based_admissibility_execution
QSB-PLANCK-BRIDGE-RESONATOR-INDEPENDENT-LAG-VARIABLE-ADMISSIBILITY-EXECUTION-01,CAND-0151,Richtungs-/Symmetrieprüfung,unknown,inventory_field_based_admissibility_execution
QSB-PLANCK-BRIDGE-RESONATOR-INDEPENDENT-LAG-VARIABLE-ADMISSIBILITY-EXECUTION-01,CAND-0151,Einheiten-/Dimensionsmetadaten,pass,inventory_field_based_admissibility_execution
QSB-PLANCK-BRIDGE-RESONATOR-INDEPENDENT-LAG-VARIABLE-ADMISSIBILITY-EXECUTION-01,CAND-0151,Null-Alias-Stresstest,blocked_missing_evidence,inventory_field_based_admissibility_execution
QSB-PLANCK-BRIDGE-RESONATOR-INDEPENDENT-LAG-VARIABLE-ADMISSIBILITY-EXECUTION-01,CAND-0152,Vor-Paar-Existenz,unknown,inventory_field_based_admissibility_execution
QSB-PLANCK-BRIDGE-RESONATOR-INDEPENDENT-LAG-VARIABLE-ADMISSIBILITY-EXECUTION-01,CAND-0152,Nicht-Alias-Ableitung,unknown,inventory_field_based_admissibility_execution
QSB-PLANCK-BRIDGE-RESONATOR-INDEPENDENT-LAG-VARIABLE-ADMISSIBILITY-EXECUTION-01,CAND-0152,unabhängige Source-Lineage,blocked_missing_evidence,inventory_field_based_admissibility_execution
QSB-PLANCK-BRIDGE-RESONATOR-INDEPENDENT-LAG-VARIABLE-ADMISSIBILITY-EXECUTION-01,CAND-0152,Paar-Mappbarkeit,fail,inventory_field_based_admissibility_execution
QSB-PLANCK-BRIDGE-RESONATOR-INDEPENDENT-LAG-VARIABLE-ADMISSIBILITY-EXECUTION-01,CAND-0152,nicht vollständig lag-determiniert,unknown,inventory_field_based_admissibility_execution
QSB-PLANCK-BRIDGE-RESONATOR-INDEPENDENT-LAG-VARIABLE-ADMISSIBILITY-EXECUTION-01,CAND-0152,Richtungs-/Symmetrieprüfung,unknown,inventory_field_based_admissibility_execution
QSB-PLANCK-BRIDGE-RESONATOR-INDEPENDENT-LAG-VARIABLE-ADMISSIBILITY-EXECUTION-01,CAND-0152,Einheiten-/Dimensionsmetadaten,pass,inventory_field_based_admissibility_execution
QSB-PLANCK-BRIDGE-RESONATOR-INDEPENDENT-LAG-VARIABLE-ADMISSIBILITY-EXECUTION-01,CAND-0152,Null-Alias-Stresstest,blocked_missing_evidence,inventory_field_based_admissibility_execution
QSB-PLANCK-BRIDGE-RESONATOR-INDEPENDENT-LAG-VARIABLE-ADMISSIBILITY-EXECUTION-01,CAND-0153,Vor-Paar-Existenz,unknown,inventory_field_based_admissibility_execution
QSB-PLANCK-BRIDGE-RESONATOR-INDEPENDENT-LAG-VARIABLE-ADMISSIBILITY-EXECUTION-01,CAND-0153,Nicht-Alias-Ableitung,unknown,inventory_field_based_admissibility_execution
QSB-PLANCK-BRIDGE-RESONATOR-INDEPENDENT-LAG-VARIABLE-ADMISSIBILITY-EXECUTION-01,CAND-0153,unabhängige Source-Lineage,blocked_missing_evidence,inventory_field_based_admissibility_execution
QSB-PLANCK-BRIDGE-RESONATOR-INDEPENDENT-LAG-VARIABLE-ADMISSIBILITY-EXECUTION-01,CAND-0153,Paar-Mappbarkeit,fail,inventory_field_based_admissibility_execution
QSB-PLANCK-BRIDGE-RESONATOR-INDEPENDENT-LAG-VARIABLE-ADMISSIBILITY-EXECUTION-01,CAND-0153,nicht vollständig lag-determiniert,unknown,inventory_field_based_admissibility_execution
QSB-PLANCK-BRIDGE-RESONATOR-INDEPENDENT-LAG-VARIABLE-ADMISSIBILITY-EXECUTION-01,CAND-0153,Richtungs-/Symmetrieprüfung,unknown,inventory_field_based_admissibility_execution
QSB-PLANCK-BRIDGE-RESONATOR-INDEPENDENT-LAG-VARIABLE-ADMISSIBILITY-EXECUTION-01,CAND-0153,Einheiten-/Dimensionsmetadaten,pass,inventory_field_based_admissibility_execution
QSB-PLANCK-BRIDGE-RESONATOR-INDEPENDENT-LAG-VARIABLE-ADMISSIBILITY-EXECUTION-01,CAND-0153,Null-Alias-Stresstest,blocked_missing_evidence,inventory_field_based_admissibility_execution
QSB-PLANCK-BRIDGE-RESONATOR-INDEPENDENT-LAG-VARIABLE-ADMISSIBILITY-EXECUTION-01,CAND-0154,Vor-Paar-Existenz,unknown,inventory_field_based_admissibility_execution
QSB-PLANCK-BRIDGE-RESONATOR-INDEPENDENT-LAG-VARIABLE-ADMISSIBILITY-EXECUTION-01,CAND-0154,Nicht-Alias-Ableitung,unknown,inventory_field_based_admissibility_execution
QSB-PLANCK-BRIDGE-RESONATOR-INDEPENDENT-LAG-VARIABLE-ADMISSIBILITY-EXECUTION-01,CAND-0154,unabhängige Source-Lineage,blocked_missing_evidence,inventory_field_based_admissibility_execution
QSB-PLANCK-BRIDGE-RESONATOR-INDEPENDENT-LAG-VARIABLE-ADMISSIBILITY-EXECUTION-01,CAND-0154,Paar-Mappbarkeit,fail,inventory_field_based_admissibility_execution
QSB-PLANCK-BRIDGE-RESONATOR-INDEPENDENT-LAG-VARIABLE-ADMISSIBILITY-EXECUTION-01,CAND-0154,nicht vollständig lag-determiniert,unknown,inventory_field_based_admissibility_execution
QSB-PLANCK-BRIDGE-RESONATOR-INDEPENDENT-LAG-VARIABLE-ADMISSIBILITY-EXECUTION-01,CAND-0154,Richtungs-/Symmetrieprüfung,unknown,inventory_field_based_admissibility_execution
QSB-PLANCK-BRIDGE-RESONATOR-INDEPENDENT-LAG-VARIABLE-ADMISSIBILITY-EXECUTION-01,CAND-0154,Einheiten-/Dimensionsmetadaten,pass,inventory_field_based_admissibility_execution
QSB-PLANCK-BRIDGE-RESONATOR-INDEPENDENT-LAG-VARIABLE-ADMISSIBILITY-EXECUTION-01,CAND-0154,Null-Alias-Stresstest,blocked_missing_evidence,inventory_field_based_admissibility_execution
QSB-PLANCK-BRIDGE-RESONATOR-INDEPENDENT-LAG-VARIABLE-ADMISSIBILITY-EXECUTION-01,CAND-0155,Vor-Paar-Existenz,unknown,inventory_field_based_admissibility_execution
QSB-PLANCK-BRIDGE-RESONATOR-INDEPENDENT-LAG-VARIABLE-ADMISSIBILITY-EXECUTION-01,CAND-0155,Nicht-Alias-Ableitung,unknown,inventory_field_based_admissibility_execution
QSB-PLANCK-BRIDGE-RESONATOR-INDEPENDENT-LAG-VARIABLE-ADMISSIBILITY-EXECUTION-01,CAND-0155,unabhängige Source-Lineage,blocked_missing_evidence,inventory_field_based_admissibility_execution
QSB-PLANCK-BRIDGE-RESONATOR-INDEPENDENT-LAG-VARIABLE-ADMISSIBILITY-EXECUTION-01,CAND-0155,Paar-Mappbarkeit,fail,inventory_field_based_admissibility_execution
QSB-PLANCK-BRIDGE-RESONATOR-INDEPENDENT-LAG-VARIABLE-ADMISSIBILITY-EXECUTION-01,CAND-0155,nicht vollständig lag-determiniert,unknown,inventory_field_based_admissibility_execution
QSB-PLANCK-BRIDGE-RESONATOR-INDEPENDENT-LAG-VARIABLE-ADMISSIBILITY-EXECUTION-01,CAND-0155,Richtungs-/Symmetrieprüfung,unknown,inventory_field_based_admissibility_execution
QSB-PLANCK-BRIDGE-RESONATOR-INDEPENDENT-LAG-VARIABLE-ADMISSIBILITY-EXECUTION-01,CAND-0155,Einheiten-/Dimensionsmetadaten,pass,inventory_field_based_admissibility_execution
QSB-PLANCK-BRIDGE-RESONATOR-INDEPENDENT-LAG-VARIABLE-ADMISSIBILITY-EXECUTION-01,CAND-0155,Null-Alias-Stresstest,blocked_missing_evidence,inventory_field_based_admissibility_execution
QSB-PLANCK-BRIDGE-RESONATOR-INDEPENDENT-LAG-VARIABLE-ADMISSIBILITY-EXECUTION-01,CAND-0156,Vor-Paar-Existenz,unknown,inventory_field_based_admissibility_execution
QSB-PLANCK-BRIDGE-RESONATOR-INDEPENDENT-LAG-VARIABLE-ADMISSIBILITY-EXECUTION-01,CAND-0156,Nicht-Alias-Ableitung,unknown,inventory_field_based_admissibility_execution
QSB-PLANCK-BRIDGE-RESONATOR-INDEPENDENT-LAG-VARIABLE-ADMISSIBILITY-EXECUTION-01,CAND-0156,unabhängige Source-Lineage,blocked_missing_evidence,inventory_field_based_admissibility_execution
QSB-PLANCK-BRIDGE-RESONATOR-INDEPENDENT-LAG-VARIABLE-ADMISSIBILITY-EXECUTION-01,CAND-0156,Paar-Mappbarkeit,fail,inventory_field_based_admissibility_execution
QSB-PLANCK-BRIDGE-RESONATOR-INDEPENDENT-LAG-VARIABLE-ADMISSIBILITY-EXECUTION-01,CAND-0156,nicht vollständig lag-determiniert,unknown,inventory_field_based_admissibility_execution
QSB-PLANCK-BRIDGE-RESONATOR-INDEPENDENT-LAG-VARIABLE-ADMISSIBILITY-EXECUTION-01,CAND-0156,Richtungs-/Symmetrieprüfung,unknown,inventory_field_based_admissibility_execution
QSB-PLANCK-BRIDGE-RESONATOR-INDEPENDENT-LAG-VARIABLE-ADMISSIBILITY-EXECUTION-01,CAND-0156,Einheiten-/Dimensionsmetadaten,pass,inventory_field_based_admissibility_execution
QSB-PLANCK-BRIDGE-RESONATOR-INDEPENDENT-LAG-VARIABLE-ADMISSIBILITY-EXECUTION-01,CAND-0156,Null-Alias-Stresstest,blocked_missing_evidence,inventory_field_based_admissibility_execution
QSB-PLANCK-BRIDGE-RESONATOR-INDEPENDENT-LAG-VARIABLE-ADMISSIBILITY-EXECUTION-01,CAND-0157,Vor-Paar-Existenz,unknown,inventory_field_based_admissibility_execution
QSB-PLANCK-BRIDGE-RESONATOR-INDEPENDENT-LAG-VARIABLE-ADMISSIBILITY-EXECUTION-01,CAND-0157,Nicht-Alias-Ableitung,unknown,inventory_field_based_admissibility_execution
QSB-PLANCK-BRIDGE-RESONATOR-INDEPENDENT-LAG-VARIABLE-ADMISSIBILITY-EXECUTION-01,CAND-0157,unabhängige Source-Lineage,blocked_missing_evidence,inventory_field_based_admissibility_execution
QSB-PLANCK-BRIDGE-RESONATOR-INDEPENDENT-LAG-VARIABLE-ADMISSIBILITY-EXECUTION-01,CAND-0157,Paar-Mappbarkeit,fail,inventory_field_based_admissibility_execution
QSB-PLANCK-BRIDGE-RESONATOR-INDEPENDENT-LAG-VARIABLE-ADMISSIBILITY-EXECUTION-01,CAND-0157,nicht vollständig lag-determiniert,unknown,inventory_field_based_admissibility_execution
QSB-PLANCK-BRIDGE-RESONATOR-INDEPENDENT-LAG-VARIABLE-ADMISSIBILITY-EXECUTION-01,CAND-0157,Richtungs-/Symmetrieprüfung,unknown,inventory_field_based_admissibility_execution
QSB-PLANCK-BRIDGE-RESONATOR-INDEPENDENT-LAG-VARIABLE-ADMISSIBILITY-EXECUTION-01,CAND-0157,Einheiten-/Dimensionsmetadaten,pass,inventory_field_based_admissibility_execution
QSB-PLANCK-BRIDGE-RESONATOR-INDEPENDENT-LAG-VARIABLE-ADMISSIBILITY-EXECUTION-01,CAND-0157,Null-Alias-Stresstest,blocked_missing_evidence,inventory_field_based_admissibility_execution
QSB-PLANCK-BRIDGE-RESONATOR-INDEPENDENT-LAG-VARIABLE-ADMISSIBILITY-EXECUTION-01,CAND-0158,Vor-Paar-Existenz,unknown,inventory_field_based_admissibility_execution
QSB-PLANCK-BRIDGE-RESONATOR-INDEPENDENT-LAG-VARIABLE-ADMISSIBILITY-EXECUTION-01,CAND-0158,Nicht-Alias-Ableitung,unknown,inventory_field_based_admissibility_execution
QSB-PLANCK-BRIDGE-RESONATOR-INDEPENDENT-LAG-VARIABLE-ADMISSIBILITY-EXECUTION-01,CAND-0158,unabhängige Source-Lineage,blocked_missing_evidence,inventory_field_based_admissibility_execution
QSB-PLANCK-BRIDGE-RESONATOR-INDEPENDENT-LAG-VARIABLE-ADMISSIBILITY-EXECUTION-01,CAND-0158,Paar-Mappbarkeit,fail,inventory_field_based_admissibility_execution
QSB-PLANCK-BRIDGE-RESONATOR-INDEPENDENT-LAG-VARIABLE-ADMISSIBILITY-EXECUTION-01,CAND-0158,nicht vollständig lag-determiniert,unknown,inventory_field_based_admissibility_execution
QSB-PLANCK-BRIDGE-RESONATOR-INDEPENDENT-LAG-VARIABLE-ADMISSIBILITY-EXECUTION-01,CAND-0158,Richtungs-/Symmetrieprüfung,unknown,inventory_field_based_admissibility_execution
QSB-PLANCK-BRIDGE-RESONATOR-INDEPENDENT-LAG-VARIABLE-ADMISSIBILITY-EXECUTION-01,CAND-0158,Einheiten-/Dimensionsmetadaten,pass,inventory_field_based_admissibility_execution
QSB-PLANCK-BRIDGE-RESONATOR-INDEPENDENT-LAG-VARIABLE-ADMISSIBILITY-EXECUTION-01,CAND-0158,Null-Alias-Stresstest,blocked_missing_evidence,inventory_field_based_admissibility_execution
QSB-PLANCK-BRIDGE-RESONATOR-INDEPENDENT-LAG-VARIABLE-ADMISSIBILITY-EXECUTION-01,CAND-0159,Vor-Paar-Existenz,unknown,inventory_field_based_admissibility_execution
QSB-PLANCK-BRIDGE-RESONATOR-INDEPENDENT-LAG-VARIABLE-ADMISSIBILITY-EXECUTION-01,CAND-0159,Nicht-Alias-Ableitung,unknown,inventory_field_based_admissibility_execution
QSB-PLANCK-BRIDGE-RESONATOR-INDEPENDENT-LAG-VARIABLE-ADMISSIBILITY-EXECUTION-01,CAND-0159,unabhängige Source-Lineage,blocked_missing_evidence,inventory_field_based_admissibility_execution
QSB-PLANCK-BRIDGE-RESONATOR-INDEPENDENT-LAG-VARIABLE-ADMISSIBILITY-EXECUTION-01,CAND-0159,Paar-Mappbarkeit,fail,inventory_field_based_admissibility_execution
QSB-PLANCK-BRIDGE-RESONATOR-INDEPENDENT-LAG-VARIABLE-ADMISSIBILITY-EXECUTION-01,CAND-0159,nicht vollständig lag-determiniert,unknown,inventory_field_based_admissibility_execution
QSB-PLANCK-BRIDGE-RESONATOR-INDEPENDENT-LAG-VARIABLE-ADMISSIBILITY-EXECUTION-01,CAND-0159,Richtungs-/Symmetrieprüfung,unknown,inventory_field_based_admissibility_execution
QSB-PLANCK-BRIDGE-RESONATOR-INDEPENDENT-LAG-VARIABLE-ADMISSIBILITY-EXECUTION-01,CAND-0159,Einheiten-/Dimensionsmetadaten,pass,inventory_field_based_admissibility_execution
QSB-PLANCK-BRIDGE-RESONATOR-INDEPENDENT-LAG-VARIABLE-ADMISSIBILITY-EXECUTION-01,CAND-0159,Null-Alias-Stresstest,blocked_missing_evidence,inventory_field_based_admissibility_execution
QSB-PLANCK-BRIDGE-RESONATOR-INDEPENDENT-LAG-VARIABLE-ADMISSIBILITY-EXECUTION-01,CAND-0160,Vor-Paar-Existenz,unknown,inventory_field_based_admissibility_execution
QSB-PLANCK-BRIDGE-RESONATOR-INDEPENDENT-LAG-VARIABLE-ADMISSIBILITY-EXECUTION-01,CAND-0160,Nicht-Alias-Ableitung,unknown,inventory_field_based_admissibility_execution
QSB-PLANCK-BRIDGE-RESONATOR-INDEPENDENT-LAG-VARIABLE-ADMISSIBILITY-EXECUTION-01,CAND-0160,unabhängige Source-Lineage,blocked_missing_evidence,inventory_field_based_admissibility_execution
QSB-PLANCK-BRIDGE-RESONATOR-INDEPENDENT-LAG-VARIABLE-ADMISSIBILITY-EXECUTION-01,CAND-0160,Paar-Mappbarkeit,fail,inventory_field_based_admissibility_execution
QSB-PLANCK-BRIDGE-RESONATOR-INDEPENDENT-LAG-VARIABLE-ADMISSIBILITY-EXECUTION-01,CAND-0160,nicht vollständig lag-determiniert,unknown,inventory_field_based_admissibility_execution
QSB-PLANCK-BRIDGE-RESONATOR-INDEPENDENT-LAG-VARIABLE-ADMISSIBILITY-EXECUTION-01,CAND-0160,Richtungs-/Symmetrieprüfung,unknown,inventory_field_based_admissibility_execution
QSB-PLANCK-BRIDGE-RESONATOR-INDEPENDENT-LAG-VARIABLE-ADMISSIBILITY-EXECUTION-01,CAND-0160,Einheiten-/Dimensionsmetadaten,pass,inventory_field_based_admissibility_execution
QSB-PLANCK-BRIDGE-RESONATOR-INDEPENDENT-LAG-VARIABLE-ADMISSIBILITY-EXECUTION-01,CAND-0160,Null-Alias-Stresstest,blocked_missing_evidence,inventory_field_based_admissibility_execution
QSB-PLANCK-BRIDGE-RESONATOR-INDEPENDENT-LAG-VARIABLE-ADMISSIBILITY-EXECUTION-01,CAND-0161,Vor-Paar-Existenz,unknown,inventory_field_based_admissibility_execution
QSB-PLANCK-BRIDGE-RESONATOR-INDEPENDENT-LAG-VARIABLE-ADMISSIBILITY-EXECUTION-01,CAND-0161,Nicht-Alias-Ableitung,unknown,inventory_field_based_admissibility_execution
QSB-PLANCK-BRIDGE-RESONATOR-INDEPENDENT-LAG-VARIABLE-ADMISSIBILITY-EXECUTION-01,CAND-0161,unabhängige Source-Lineage,blocked_missing_evidence,inventory_field_based_admissibility_execution
QSB-PLANCK-BRIDGE-RESONATOR-INDEPENDENT-LAG-VARIABLE-ADMISSIBILITY-EXECUTION-01,CAND-0161,Paar-Mappbarkeit,fail,inventory_field_based_admissibility_execution
QSB-PLANCK-BRIDGE-RESONATOR-INDEPENDENT-LAG-VARIABLE-ADMISSIBILITY-EXECUTION-01,CAND-0161,nicht vollständig lag-determiniert,unknown,inventory_field_based_admissibility_execution
QSB-PLANCK-BRIDGE-RESONATOR-INDEPENDENT-LAG-VARIABLE-ADMISSIBILITY-EXECUTION-01,CAND-0161,Richtungs-/Symmetrieprüfung,unknown,inventory_field_based_admissibility_execution
QSB-PLANCK-BRIDGE-RESONATOR-INDEPENDENT-LAG-VARIABLE-ADMISSIBILITY-EXECUTION-01,CAND-0161,Einheiten-/Dimensionsmetadaten,pass,inventory_field_based_admissibility_execution
QSB-PLANCK-BRIDGE-RESONATOR-INDEPENDENT-LAG-VARIABLE-ADMISSIBILITY-EXECUTION-01,CAND-0161,Null-Alias-Stresstest,blocked_missing_evidence,inventory_field_based_admissibility_execution
QSB-PLANCK-BRIDGE-RESONATOR-INDEPENDENT-LAG-VARIABLE-ADMISSIBILITY-EXECUTION-01,CAND-0162,Vor-Paar-Existenz,unknown,inventory_field_based_admissibility_execution
QSB-PLANCK-BRIDGE-RESONATOR-INDEPENDENT-LAG-VARIABLE-ADMISSIBILITY-EXECUTION-01,CAND-0162,Nicht-Alias-Ableitung,unknown,inventory_field_based_admissibility_execution
QSB-PLANCK-BRIDGE-RESONATOR-INDEPENDENT-LAG-VARIABLE-ADMISSIBILITY-EXECUTION-01,CAND-0162,unabhängige Source-Lineage,blocked_missing_evidence,inventory_field_based_admissibility_execution
QSB-PLANCK-BRIDGE-RESONATOR-INDEPENDENT-LAG-VARIABLE-ADMISSIBILITY-EXECUTION-01,CAND-0162,Paar-Mappbarkeit,fail,inventory_field_based_admissibility_execution
QSB-PLANCK-BRIDGE-RESONATOR-INDEPENDENT-LAG-VARIABLE-ADMISSIBILITY-EXECUTION-01,CAND-0162,nicht vollständig lag-determiniert,unknown,inventory_field_based_admissibility_execution
QSB-PLANCK-BRIDGE-RESONATOR-INDEPENDENT-LAG-VARIABLE-ADMISSIBILITY-EXECUTION-01,CAND-0162,Richtungs-/Symmetrieprüfung,unknown,inventory_field_based_admissibility_execution
QSB-PLANCK-BRIDGE-RESONATOR-INDEPENDENT-LAG-VARIABLE-ADMISSIBILITY-EXECUTION-01,CAND-0162,Einheiten-/Dimensionsmetadaten,pass,inventory_field_based_admissibility_execution
QSB-PLANCK-BRIDGE-RESONATOR-INDEPENDENT-LAG-VARIABLE-ADMISSIBILITY-EXECUTION-01,CAND-0162,Null-Alias-Stresstest,blocked_missing_evidence,inventory_field_based_admissibility_execution
QSB-PLANCK-BRIDGE-RESONATOR-INDEPENDENT-LAG-VARIABLE-ADMISSIBILITY-EXECUTION-01,CAND-0163,Vor-Paar-Existenz,unknown,inventory_field_based_admissibility_execution
QSB-PLANCK-BRIDGE-RESONATOR-INDEPENDENT-LAG-VARIABLE-ADMISSIBILITY-EXECUTION-01,CAND-0163,Nicht-Alias-Ableitung,unknown,inventory_field_based_admissibility_execution
QSB-PLANCK-BRIDGE-RESONATOR-INDEPENDENT-LAG-VARIABLE-ADMISSIBILITY-EXECUTION-01,CAND-0163,unabhängige Source-Lineage,blocked_missing_evidence,inventory_field_based_admissibility_execution
QSB-PLANCK-BRIDGE-RESONATOR-INDEPENDENT-LAG-VARIABLE-ADMISSIBILITY-EXECUTION-01,CAND-0163,Paar-Mappbarkeit,fail,inventory_field_based_admissibility_execution
QSB-PLANCK-BRIDGE-RESONATOR-INDEPENDENT-LAG-VARIABLE-ADMISSIBILITY-EXECUTION-01,CAND-0163,nicht vollständig lag-determiniert,unknown,inventory_field_based_admissibility_execution
QSB-PLANCK-BRIDGE-RESONATOR-INDEPENDENT-LAG-VARIABLE-ADMISSIBILITY-EXECUTION-01,CAND-0163,Richtungs-/Symmetrieprüfung,unknown,inventory_field_based_admissibility_execution
QSB-PLANCK-BRIDGE-RESONATOR-INDEPENDENT-LAG-VARIABLE-ADMISSIBILITY-EXECUTION-01,CAND-0163,Einheiten-/Dimensionsmetadaten,pass,inventory_field_based_admissibility_execution
QSB-PLANCK-BRIDGE-RESONATOR-INDEPENDENT-LAG-VARIABLE-ADMISSIBILITY-EXECUTION-01,CAND-0163,Null-Alias-Stresstest,blocked_missing_evidence,inventory_field_based_admissibility_execution
QSB-PLANCK-BRIDGE-RESONATOR-INDEPENDENT-LAG-VARIABLE-ADMISSIBILITY-EXECUTION-01,CAND-0164,Vor-Paar-Existenz,unknown,inventory_field_based_admissibility_execution
QSB-PLANCK-BRIDGE-RESONATOR-INDEPENDENT-LAG-VARIABLE-ADMISSIBILITY-EXECUTION-01,CAND-0164,Nicht-Alias-Ableitung,unknown,inventory_field_based_admissibility_execution
QSB-PLANCK-BRIDGE-RESONATOR-INDEPENDENT-LAG-VARIABLE-ADMISSIBILITY-EXECUTION-01,CAND-0164,unabhängige Source-Lineage,blocked_missing_evidence,inventory_field_based_admissibility_execution
QSB-PLANCK-BRIDGE-RESONATOR-INDEPENDENT-LAG-VARIABLE-ADMISSIBILITY-EXECUTION-01,CAND-0164,Paar-Mappbarkeit,fail,inventory_field_based_admissibility_execution
QSB-PLANCK-BRIDGE-RESONATOR-INDEPENDENT-LAG-VARIABLE-ADMISSIBILITY-EXECUTION-01,CAND-0164,nicht vollständig lag-determiniert,unknown,inventory_field_based_admissibility_execution
QSB-PLANCK-BRIDGE-RESONATOR-INDEPENDENT-LAG-VARIABLE-ADMISSIBILITY-EXECUTION-01,CAND-0164,Richtungs-/Symmetrieprüfung,unknown,inventory_field_based_admissibility_execution
QSB-PLANCK-BRIDGE-RESONATOR-INDEPENDENT-LAG-VARIABLE-ADMISSIBILITY-EXECUTION-01,CAND-0164,Einheiten-/Dimensionsmetadaten,pass,inventory_field_based_admissibility_execution
QSB-PLANCK-BRIDGE-RESONATOR-INDEPENDENT-LAG-VARIABLE-ADMISSIBILITY-EXECUTION-01,CAND-0164,Null-Alias-Stresstest,blocked_missing_evidence,inventory_field_based_admissibility_execution
QSB-PLANCK-BRIDGE-RESONATOR-INDEPENDENT-LAG-VARIABLE-ADMISSIBILITY-EXECUTION-01,CAND-0165,Vor-Paar-Existenz,unknown,inventory_field_based_admissibility_execution
QSB-PLANCK-BRIDGE-RESONATOR-INDEPENDENT-LAG-VARIABLE-ADMISSIBILITY-EXECUTION-01,CAND-0165,Nicht-Alias-Ableitung,unknown,inventory_field_based_admissibility_execution
QSB-PLANCK-BRIDGE-RESONATOR-INDEPENDENT-LAG-VARIABLE-ADMISSIBILITY-EXECUTION-01,CAND-0165,unabhängige Source-Lineage,blocked_missing_evidence,inventory_field_based_admissibility_execution
QSB-PLANCK-BRIDGE-RESONATOR-INDEPENDENT-LAG-VARIABLE-ADMISSIBILITY-EXECUTION-01,CAND-0165,Paar-Mappbarkeit,fail,inventory_field_based_admissibility_execution
QSB-PLANCK-BRIDGE-RESONATOR-INDEPENDENT-LAG-VARIABLE-ADMISSIBILITY-EXECUTION-01,CAND-0165,nicht vollständig lag-determiniert,unknown,inventory_field_based_admissibility_execution
QSB-PLANCK-BRIDGE-RESONATOR-INDEPENDENT-LAG-VARIABLE-ADMISSIBILITY-EXECUTION-01,CAND-0165,Richtungs-/Symmetrieprüfung,unknown,inventory_field_based_admissibility_execution
QSB-PLANCK-BRIDGE-RESONATOR-INDEPENDENT-LAG-VARIABLE-ADMISSIBILITY-EXECUTION-01,CAND-0165,Einheiten-/Dimensionsmetadaten,pass,inventory_field_based_admissibility_execution
QSB-PLANCK-BRIDGE-RESONATOR-INDEPENDENT-LAG-VARIABLE-ADMISSIBILITY-EXECUTION-01,CAND-0165,Null-Alias-Stresstest,blocked_missing_evidence,inventory_field_based_admissibility_execution
QSB-PLANCK-BRIDGE-RESONATOR-INDEPENDENT-LAG-VARIABLE-ADMISSIBILITY-EXECUTION-01,CAND-0166,Vor-Paar-Existenz,unknown,inventory_field_based_admissibility_execution
QSB-PLANCK-BRIDGE-RESONATOR-INDEPENDENT-LAG-VARIABLE-ADMISSIBILITY-EXECUTION-01,CAND-0166,Nicht-Alias-Ableitung,unknown,inventory_field_based_admissibility_execution
QSB-PLANCK-BRIDGE-RESONATOR-INDEPENDENT-LAG-VARIABLE-ADMISSIBILITY-EXECUTION-01,CAND-0166,unabhängige Source-Lineage,blocked_missing_evidence,inventory_field_based_admissibility_execution
QSB-PLANCK-BRIDGE-RESONATOR-INDEPENDENT-LAG-VARIABLE-ADMISSIBILITY-EXECUTION-01,CAND-0166,Paar-Mappbarkeit,fail,inventory_field_based_admissibility_execution
QSB-PLANCK-BRIDGE-RESONATOR-INDEPENDENT-LAG-VARIABLE-ADMISSIBILITY-EXECUTION-01,CAND-0166,nicht vollständig lag-determiniert,unknown,inventory_field_based_admissibility_execution
QSB-PLANCK-BRIDGE-RESONATOR-INDEPENDENT-LAG-VARIABLE-ADMISSIBILITY-EXECUTION-01,CAND-0166,Richtungs-/Symmetrieprüfung,unknown,inventory_field_based_admissibility_execution
QSB-PLANCK-BRIDGE-RESONATOR-INDEPENDENT-LAG-VARIABLE-ADMISSIBILITY-EXECUTION-01,CAND-0166,Einheiten-/Dimensionsmetadaten,pass,inventory_field_based_admissibility_execution
QSB-PLANCK-BRIDGE-RESONATOR-INDEPENDENT-LAG-VARIABLE-ADMISSIBILITY-EXECUTION-01,CAND-0166,Null-Alias-Stresstest,blocked_missing_evidence,inventory_field_based_admissibility_execution
QSB-PLANCK-BRIDGE-RESONATOR-INDEPENDENT-LAG-VARIABLE-ADMISSIBILITY-EXECUTION-01,CAND-0167,Vor-Paar-Existenz,unknown,inventory_field_based_admissibility_execution
QSB-PLANCK-BRIDGE-RESONATOR-INDEPENDENT-LAG-VARIABLE-ADMISSIBILITY-EXECUTION-01,CAND-0167,Nicht-Alias-Ableitung,unknown,inventory_field_based_admissibility_execution
QSB-PLANCK-BRIDGE-RESONATOR-INDEPENDENT-LAG-VARIABLE-ADMISSIBILITY-EXECUTION-01,CAND-0167,unabhängige Source-Lineage,blocked_missing_evidence,inventory_field_based_admissibility_execution
QSB-PLANCK-BRIDGE-RESONATOR-INDEPENDENT-LAG-VARIABLE-ADMISSIBILITY-EXECUTION-01,CAND-0167,Paar-Mappbarkeit,fail,inventory_field_based_admissibility_execution
QSB-PLANCK-BRIDGE-RESONATOR-INDEPENDENT-LAG-VARIABLE-ADMISSIBILITY-EXECUTION-01,CAND-0167,nicht vollständig lag-determiniert,unknown,inventory_field_based_admissibility_execution
QSB-PLANCK-BRIDGE-RESONATOR-INDEPENDENT-LAG-VARIABLE-ADMISSIBILITY-EXECUTION-01,CAND-0167,Richtungs-/Symmetrieprüfung,unknown,inventory_field_based_admissibility_execution
QSB-PLANCK-BRIDGE-RESONATOR-INDEPENDENT-LAG-VARIABLE-ADMISSIBILITY-EXECUTION-01,CAND-0167,Einheiten-/Dimensionsmetadaten,pass,inventory_field_based_admissibility_execution
QSB-PLANCK-BRIDGE-RESONATOR-INDEPENDENT-LAG-VARIABLE-ADMISSIBILITY-EXECUTION-01,CAND-0167,Null-Alias-Stresstest,blocked_missing_evidence,inventory_field_based_admissibility_execution
QSB-PLANCK-BRIDGE-RESONATOR-INDEPENDENT-LAG-VARIABLE-ADMISSIBILITY-EXECUTION-01,CAND-0168,Vor-Paar-Existenz,unknown,inventory_field_based_admissibility_execution
QSB-PLANCK-BRIDGE-RESONATOR-INDEPENDENT-LAG-VARIABLE-ADMISSIBILITY-EXECUTION-01,CAND-0168,Nicht-Alias-Ableitung,unknown,inventory_field_based_admissibility_execution
QSB-PLANCK-BRIDGE-RESONATOR-INDEPENDENT-LAG-VARIABLE-ADMISSIBILITY-EXECUTION-01,CAND-0168,unabhängige Source-Lineage,blocked_missing_evidence,inventory_field_based_admissibility_execution
QSB-PLANCK-BRIDGE-RESONATOR-INDEPENDENT-LAG-VARIABLE-ADMISSIBILITY-EXECUTION-01,CAND-0168,Paar-Mappbarkeit,fail,inventory_field_based_admissibility_execution
QSB-PLANCK-BRIDGE-RESONATOR-INDEPENDENT-LAG-VARIABLE-ADMISSIBILITY-EXECUTION-01,CAND-0168,nicht vollständig lag-determiniert,unknown,inventory_field_based_admissibility_execution
QSB-PLANCK-BRIDGE-RESONATOR-INDEPENDENT-LAG-VARIABLE-ADMISSIBILITY-EXECUTION-01,CAND-0168,Richtungs-/Symmetrieprüfung,unknown,inventory_field_based_admissibility_execution
QSB-PLANCK-BRIDGE-RESONATOR-INDEPENDENT-LAG-VARIABLE-ADMISSIBILITY-EXECUTION-01,CAND-0168,Einheiten-/Dimensionsmetadaten,pass,inventory_field_based_admissibility_execution
QSB-PLANCK-BRIDGE-RESONATOR-INDEPENDENT-LAG-VARIABLE-ADMISSIBILITY-EXECUTION-01,CAND-0168,Null-Alias-Stresstest,blocked_missing_evidence,inventory_field_based_admissibility_execution
QSB-PLANCK-BRIDGE-RESONATOR-INDEPENDENT-LAG-VARIABLE-ADMISSIBILITY-EXECUTION-01,CAND-0169,Vor-Paar-Existenz,unknown,inventory_field_based_admissibility_execution
QSB-PLANCK-BRIDGE-RESONATOR-INDEPENDENT-LAG-VARIABLE-ADMISSIBILITY-EXECUTION-01,CAND-0169,Nicht-Alias-Ableitung,unknown,inventory_field_based_admissibility_execution
QSB-PLANCK-BRIDGE-RESONATOR-INDEPENDENT-LAG-VARIABLE-ADMISSIBILITY-EXECUTION-01,CAND-0169,unabhängige Source-Lineage,blocked_missing_evidence,inventory_field_based_admissibility_execution
QSB-PLANCK-BRIDGE-RESONATOR-INDEPENDENT-LAG-VARIABLE-ADMISSIBILITY-EXECUTION-01,CAND-0169,Paar-Mappbarkeit,fail,inventory_field_based_admissibility_execution
QSB-PLANCK-BRIDGE-RESONATOR-INDEPENDENT-LAG-VARIABLE-ADMISSIBILITY-EXECUTION-01,CAND-0169,nicht vollständig lag-determiniert,unknown,inventory_field_based_admissibility_execution
QSB-PLANCK-BRIDGE-RESONATOR-INDEPENDENT-LAG-VARIABLE-ADMISSIBILITY-EXECUTION-01,CAND-0169,Richtungs-/Symmetrieprüfung,unknown,inventory_field_based_admissibility_execution
QSB-PLANCK-BRIDGE-RESONATOR-INDEPENDENT-LAG-VARIABLE-ADMISSIBILITY-EXECUTION-01,CAND-0169,Einheiten-/Dimensionsmetadaten,pass,inventory_field_based_admissibility_execution
QSB-PLANCK-BRIDGE-RESONATOR-INDEPENDENT-LAG-VARIABLE-ADMISSIBILITY-EXECUTION-01,CAND-0169,Null-Alias-Stresstest,blocked_missing_evidence,inventory_field_based_admissibility_execution
QSB-PLANCK-BRIDGE-RESONATOR-INDEPENDENT-LAG-VARIABLE-ADMISSIBILITY-EXECUTION-01,CAND-0170,Vor-Paar-Existenz,unknown,inventory_field_based_admissibility_execution
QSB-PLANCK-BRIDGE-RESONATOR-INDEPENDENT-LAG-VARIABLE-ADMISSIBILITY-EXECUTION-01,CAND-0170,Nicht-Alias-Ableitung,unknown,inventory_field_based_admissibility_execution
QSB-PLANCK-BRIDGE-RESONATOR-INDEPENDENT-LAG-VARIABLE-ADMISSIBILITY-EXECUTION-01,CAND-0170,unabhängige Source-Lineage,blocked_missing_evidence,inventory_field_based_admissibility_execution
QSB-PLANCK-BRIDGE-RESONATOR-INDEPENDENT-LAG-VARIABLE-ADMISSIBILITY-EXECUTION-01,CAND-0170,Paar-Mappbarkeit,fail,inventory_field_based_admissibility_execution
QSB-PLANCK-BRIDGE-RESONATOR-INDEPENDENT-LAG-VARIABLE-ADMISSIBILITY-EXECUTION-01,CAND-0170,nicht vollständig lag-determiniert,unknown,inventory_field_based_admissibility_execution
QSB-PLANCK-BRIDGE-RESONATOR-INDEPENDENT-LAG-VARIABLE-ADMISSIBILITY-EXECUTION-01,CAND-0170,Richtungs-/Symmetrieprüfung,unknown,inventory_field_based_admissibility_execution
QSB-PLANCK-BRIDGE-RESONATOR-INDEPENDENT-LAG-VARIABLE-ADMISSIBILITY-EXECUTION-01,CAND-0170,Einheiten-/Dimensionsmetadaten,pass,inventory_field_based_admissibility_execution
QSB-PLANCK-BRIDGE-RESONATOR-INDEPENDENT-LAG-VARIABLE-ADMISSIBILITY-EXECUTION-01,CAND-0170,Null-Alias-Stresstest,blocked_missing_evidence,inventory_field_based_admissibility_execution
QSB-PLANCK-BRIDGE-RESONATOR-INDEPENDENT-LAG-VARIABLE-ADMISSIBILITY-EXECUTION-01,CAND-0171,Vor-Paar-Existenz,unknown,inventory_field_based_admissibility_execution
QSB-PLANCK-BRIDGE-RESONATOR-INDEPENDENT-LAG-VARIABLE-ADMISSIBILITY-EXECUTION-01,CAND-0171,Nicht-Alias-Ableitung,unknown,inventory_field_based_admissibility_execution
QSB-PLANCK-BRIDGE-RESONATOR-INDEPENDENT-LAG-VARIABLE-ADMISSIBILITY-EXECUTION-01,CAND-0171,unabhängige Source-Lineage,blocked_missing_evidence,inventory_field_based_admissibility_execution
QSB-PLANCK-BRIDGE-RESONATOR-INDEPENDENT-LAG-VARIABLE-ADMISSIBILITY-EXECUTION-01,CAND-0171,Paar-Mappbarkeit,fail,inventory_field_based_admissibility_execution
QSB-PLANCK-BRIDGE-RESONATOR-INDEPENDENT-LAG-VARIABLE-ADMISSIBILITY-EXECUTION-01,CAND-0171,nicht vollständig lag-determiniert,unknown,inventory_field_based_admissibility_execution
QSB-PLANCK-BRIDGE-RESONATOR-INDEPENDENT-LAG-VARIABLE-ADMISSIBILITY-EXECUTION-01,CAND-0171,Richtungs-/Symmetrieprüfung,unknown,inventory_field_based_admissibility_execution
QSB-PLANCK-BRIDGE-RESONATOR-INDEPENDENT-LAG-VARIABLE-ADMISSIBILITY-EXECUTION-01,CAND-0171,Einheiten-/Dimensionsmetadaten,blocked_missing_evidence,inventory_field_based_admissibility_execution
QSB-PLANCK-BRIDGE-RESONATOR-INDEPENDENT-LAG-VARIABLE-ADMISSIBILITY-EXECUTION-01,CAND-0171,Null-Alias-Stresstest,blocked_missing_evidence,inventory_field_based_admissibility_execution
QSB-PLANCK-BRIDGE-RESONATOR-INDEPENDENT-LAG-VARIABLE-ADMISSIBILITY-EXECUTION-01,CAND-0172,Vor-Paar-Existenz,unknown,inventory_field_based_admissibility_execution
QSB-PLANCK-BRIDGE-RESONATOR-INDEPENDENT-LAG-VARIABLE-ADMISSIBILITY-EXECUTION-01,CAND-0172,Nicht-Alias-Ableitung,unknown,inventory_field_based_admissibility_execution
QSB-PLANCK-BRIDGE-RESONATOR-INDEPENDENT-LAG-VARIABLE-ADMISSIBILITY-EXECUTION-01,CAND-0172,unabhängige Source-Lineage,blocked_missing_evidence,inventory_field_based_admissibility_execution
QSB-PLANCK-BRIDGE-RESONATOR-INDEPENDENT-LAG-VARIABLE-ADMISSIBILITY-EXECUTION-01,CAND-0172,Paar-Mappbarkeit,fail,inventory_field_based_admissibility_execution
QSB-PLANCK-BRIDGE-RESONATOR-INDEPENDENT-LAG-VARIABLE-ADMISSIBILITY-EXECUTION-01,CAND-0172,nicht vollständig lag-determiniert,unknown,inventory_field_based_admissibility_execution
QSB-PLANCK-BRIDGE-RESONATOR-INDEPENDENT-LAG-VARIABLE-ADMISSIBILITY-EXECUTION-01,CAND-0172,Richtungs-/Symmetrieprüfung,unknown,inventory_field_based_admissibility_execution
QSB-PLANCK-BRIDGE-RESONATOR-INDEPENDENT-LAG-VARIABLE-ADMISSIBILITY-EXECUTION-01,CAND-0172,Einheiten-/Dimensionsmetadaten,blocked_missing_evidence,inventory_field_based_admissibility_execution
QSB-PLANCK-BRIDGE-RESONATOR-INDEPENDENT-LAG-VARIABLE-ADMISSIBILITY-EXECUTION-01,CAND-0172,Null-Alias-Stresstest,blocked_missing_evidence,inventory_field_based_admissibility_execution
QSB-PLANCK-BRIDGE-RESONATOR-INDEPENDENT-LAG-VARIABLE-ADMISSIBILITY-EXECUTION-01,CAND-0173,Vor-Paar-Existenz,unknown,inventory_field_based_admissibility_execution
QSB-PLANCK-BRIDGE-RESONATOR-INDEPENDENT-LAG-VARIABLE-ADMISSIBILITY-EXECUTION-01,CAND-0173,Nicht-Alias-Ableitung,unknown,inventory_field_based_admissibility_execution
QSB-PLANCK-BRIDGE-RESONATOR-INDEPENDENT-LAG-VARIABLE-ADMISSIBILITY-EXECUTION-01,CAND-0173,unabhängige Source-Lineage,blocked_missing_evidence,inventory_field_based_admissibility_execution
QSB-PLANCK-BRIDGE-RESONATOR-INDEPENDENT-LAG-VARIABLE-ADMISSIBILITY-EXECUTION-01,CAND-0173,Paar-Mappbarkeit,fail,inventory_field_based_admissibility_execution
QSB-PLANCK-BRIDGE-RESONATOR-INDEPENDENT-LAG-VARIABLE-ADMISSIBILITY-EXECUTION-01,CAND-0173,nicht vollständig lag-determiniert,unknown,inventory_field_based_admissibility_execution
QSB-PLANCK-BRIDGE-RESONATOR-INDEPENDENT-LAG-VARIABLE-ADMISSIBILITY-EXECUTION-01,CAND-0173,Richtungs-/Symmetrieprüfung,unknown,inventory_field_based_admissibility_execution
QSB-PLANCK-BRIDGE-RESONATOR-INDEPENDENT-LAG-VARIABLE-ADMISSIBILITY-EXECUTION-01,CAND-0173,Einheiten-/Dimensionsmetadaten,blocked_missing_evidence,inventory_field_based_admissibility_execution
QSB-PLANCK-BRIDGE-RESONATOR-INDEPENDENT-LAG-VARIABLE-ADMISSIBILITY-EXECUTION-01,CAND-0173,Null-Alias-Stresstest,blocked_missing_evidence,inventory_field_based_admissibility_execution
QSB-PLANCK-BRIDGE-RESONATOR-INDEPENDENT-LAG-VARIABLE-ADMISSIBILITY-EXECUTION-01,CAND-0174,Vor-Paar-Existenz,unknown,inventory_field_based_admissibility_execution
QSB-PLANCK-BRIDGE-RESONATOR-INDEPENDENT-LAG-VARIABLE-ADMISSIBILITY-EXECUTION-01,CAND-0174,Nicht-Alias-Ableitung,unknown,inventory_field_based_admissibility_execution
QSB-PLANCK-BRIDGE-RESONATOR-INDEPENDENT-LAG-VARIABLE-ADMISSIBILITY-EXECUTION-01,CAND-0174,unabhängige Source-Lineage,blocked_missing_evidence,inventory_field_based_admissibility_execution
QSB-PLANCK-BRIDGE-RESONATOR-INDEPENDENT-LAG-VARIABLE-ADMISSIBILITY-EXECUTION-01,CAND-0174,Paar-Mappbarkeit,fail,inventory_field_based_admissibility_execution
QSB-PLANCK-BRIDGE-RESONATOR-INDEPENDENT-LAG-VARIABLE-ADMISSIBILITY-EXECUTION-01,CAND-0174,nicht vollständig lag-determiniert,unknown,inventory_field_based_admissibility_execution
QSB-PLANCK-BRIDGE-RESONATOR-INDEPENDENT-LAG-VARIABLE-ADMISSIBILITY-EXECUTION-01,CAND-0174,Richtungs-/Symmetrieprüfung,unknown,inventory_field_based_admissibility_execution
QSB-PLANCK-BRIDGE-RESONATOR-INDEPENDENT-LAG-VARIABLE-ADMISSIBILITY-EXECUTION-01,CAND-0174,Einheiten-/Dimensionsmetadaten,blocked_missing_evidence,inventory_field_based_admissibility_execution
QSB-PLANCK-BRIDGE-RESONATOR-INDEPENDENT-LAG-VARIABLE-ADMISSIBILITY-EXECUTION-01,CAND-0174,Null-Alias-Stresstest,blocked_missing_evidence,inventory_field_based_admissibility_execution
QSB-PLANCK-BRIDGE-RESONATOR-INDEPENDENT-LAG-VARIABLE-ADMISSIBILITY-EXECUTION-01,CAND-0175,Vor-Paar-Existenz,unknown,inventory_field_based_admissibility_execution
QSB-PLANCK-BRIDGE-RESONATOR-INDEPENDENT-LAG-VARIABLE-ADMISSIBILITY-EXECUTION-01,CAND-0175,Nicht-Alias-Ableitung,unknown,inventory_field_based_admissibility_execution
QSB-PLANCK-BRIDGE-RESONATOR-INDEPENDENT-LAG-VARIABLE-ADMISSIBILITY-EXECUTION-01,CAND-0175,unabhängige Source-Lineage,blocked_missing_evidence,inventory_field_based_admissibility_execution
QSB-PLANCK-BRIDGE-RESONATOR-INDEPENDENT-LAG-VARIABLE-ADMISSIBILITY-EXECUTION-01,CAND-0175,Paar-Mappbarkeit,fail,inventory_field_based_admissibility_execution
QSB-PLANCK-BRIDGE-RESONATOR-INDEPENDENT-LAG-VARIABLE-ADMISSIBILITY-EXECUTION-01,CAND-0175,nicht vollständig lag-determiniert,unknown,inventory_field_based_admissibility_execution
QSB-PLANCK-BRIDGE-RESONATOR-INDEPENDENT-LAG-VARIABLE-ADMISSIBILITY-EXECUTION-01,CAND-0175,Richtungs-/Symmetrieprüfung,unknown,inventory_field_based_admissibility_execution
QSB-PLANCK-BRIDGE-RESONATOR-INDEPENDENT-LAG-VARIABLE-ADMISSIBILITY-EXECUTION-01,CAND-0175,Einheiten-/Dimensionsmetadaten,blocked_missing_evidence,inventory_field_based_admissibility_execution
QSB-PLANCK-BRIDGE-RESONATOR-INDEPENDENT-LAG-VARIABLE-ADMISSIBILITY-EXECUTION-01,CAND-0175,Null-Alias-Stresstest,blocked_missing_evidence,inventory_field_based_admissibility_execution
QSB-PLANCK-BRIDGE-RESONATOR-INDEPENDENT-LAG-VARIABLE-ADMISSIBILITY-EXECUTION-01,CAND-0176,Vor-Paar-Existenz,unknown,inventory_field_based_admissibility_execution
QSB-PLANCK-BRIDGE-RESONATOR-INDEPENDENT-LAG-VARIABLE-ADMISSIBILITY-EXECUTION-01,CAND-0176,Nicht-Alias-Ableitung,unknown,inventory_field_based_admissibility_execution
QSB-PLANCK-BRIDGE-RESONATOR-INDEPENDENT-LAG-VARIABLE-ADMISSIBILITY-EXECUTION-01,CAND-0176,unabhängige Source-Lineage,blocked_missing_evidence,inventory_field_based_admissibility_execution
QSB-PLANCK-BRIDGE-RESONATOR-INDEPENDENT-LAG-VARIABLE-ADMISSIBILITY-EXECUTION-01,CAND-0176,Paar-Mappbarkeit,fail,inventory_field_based_admissibility_execution
QSB-PLANCK-BRIDGE-RESONATOR-INDEPENDENT-LAG-VARIABLE-ADMISSIBILITY-EXECUTION-01,CAND-0176,nicht vollständig lag-determiniert,unknown,inventory_field_based_admissibility_execution
QSB-PLANCK-BRIDGE-RESONATOR-INDEPENDENT-LAG-VARIABLE-ADMISSIBILITY-EXECUTION-01,CAND-0176,Richtungs-/Symmetrieprüfung,unknown,inventory_field_based_admissibility_execution
QSB-PLANCK-BRIDGE-RESONATOR-INDEPENDENT-LAG-VARIABLE-ADMISSIBILITY-EXECUTION-01,CAND-0176,Einheiten-/Dimensionsmetadaten,blocked_missing_evidence,inventory_field_based_admissibility_execution
QSB-PLANCK-BRIDGE-RESONATOR-INDEPENDENT-LAG-VARIABLE-ADMISSIBILITY-EXECUTION-01,CAND-0176,Null-Alias-Stresstest,blocked_missing_evidence,inventory_field_based_admissibility_execution
QSB-PLANCK-BRIDGE-RESONATOR-INDEPENDENT-LAG-VARIABLE-ADMISSIBILITY-EXECUTION-01,CAND-0177,Vor-Paar-Existenz,unknown,inventory_field_based_admissibility_execution
QSB-PLANCK-BRIDGE-RESONATOR-INDEPENDENT-LAG-VARIABLE-ADMISSIBILITY-EXECUTION-01,CAND-0177,Nicht-Alias-Ableitung,unknown,inventory_field_based_admissibility_execution
QSB-PLANCK-BRIDGE-RESONATOR-INDEPENDENT-LAG-VARIABLE-ADMISSIBILITY-EXECUTION-01,CAND-0177,unabhängige Source-Lineage,blocked_missing_evidence,inventory_field_based_admissibility_execution
QSB-PLANCK-BRIDGE-RESONATOR-INDEPENDENT-LAG-VARIABLE-ADMISSIBILITY-EXECUTION-01,CAND-0177,Paar-Mappbarkeit,fail,inventory_field_based_admissibility_execution
QSB-PLANCK-BRIDGE-RESONATOR-INDEPENDENT-LAG-VARIABLE-ADMISSIBILITY-EXECUTION-01,CAND-0177,nicht vollständig lag-determiniert,unknown,inventory_field_based_admissibility_execution
QSB-PLANCK-BRIDGE-RESONATOR-INDEPENDENT-LAG-VARIABLE-ADMISSIBILITY-EXECUTION-01,CAND-0177,Richtungs-/Symmetrieprüfung,unknown,inventory_field_based_admissibility_execution
QSB-PLANCK-BRIDGE-RESONATOR-INDEPENDENT-LAG-VARIABLE-ADMISSIBILITY-EXECUTION-01,CAND-0177,Einheiten-/Dimensionsmetadaten,blocked_missing_evidence,inventory_field_based_admissibility_execution
QSB-PLANCK-BRIDGE-RESONATOR-INDEPENDENT-LAG-VARIABLE-ADMISSIBILITY-EXECUTION-01,CAND-0177,Null-Alias-Stresstest,blocked_missing_evidence,inventory_field_based_admissibility_execution
QSB-PLANCK-BRIDGE-RESONATOR-INDEPENDENT-LAG-VARIABLE-ADMISSIBILITY-EXECUTION-01,CAND-0178,Vor-Paar-Existenz,unknown,inventory_field_based_admissibility_execution
QSB-PLANCK-BRIDGE-RESONATOR-INDEPENDENT-LAG-VARIABLE-ADMISSIBILITY-EXECUTION-01,CAND-0178,Nicht-Alias-Ableitung,unknown,inventory_field_based_admissibility_execution
QSB-PLANCK-BRIDGE-RESONATOR-INDEPENDENT-LAG-VARIABLE-ADMISSIBILITY-EXECUTION-01,CAND-0178,unabhängige Source-Lineage,blocked_missing_evidence,inventory_field_based_admissibility_execution
QSB-PLANCK-BRIDGE-RESONATOR-INDEPENDENT-LAG-VARIABLE-ADMISSIBILITY-EXECUTION-01,CAND-0178,Paar-Mappbarkeit,fail,inventory_field_based_admissibility_execution
QSB-PLANCK-BRIDGE-RESONATOR-INDEPENDENT-LAG-VARIABLE-ADMISSIBILITY-EXECUTION-01,CAND-0178,nicht vollständig lag-determiniert,unknown,inventory_field_based_admissibility_execution
QSB-PLANCK-BRIDGE-RESONATOR-INDEPENDENT-LAG-VARIABLE-ADMISSIBILITY-EXECUTION-01,CAND-0178,Richtungs-/Symmetrieprüfung,unknown,inventory_field_based_admissibility_execution
QSB-PLANCK-BRIDGE-RESONATOR-INDEPENDENT-LAG-VARIABLE-ADMISSIBILITY-EXECUTION-01,CAND-0178,Einheiten-/Dimensionsmetadaten,blocked_missing_evidence,inventory_field_based_admissibility_execution
QSB-PLANCK-BRIDGE-RESONATOR-INDEPENDENT-LAG-VARIABLE-ADMISSIBILITY-EXECUTION-01,CAND-0178,Null-Alias-Stresstest,blocked_missing_evidence,inventory_field_based_admissibility_execution
QSB-PLANCK-BRIDGE-RESONATOR-INDEPENDENT-LAG-VARIABLE-ADMISSIBILITY-EXECUTION-01,CAND-0179,Vor-Paar-Existenz,unknown,inventory_field_based_admissibility_execution
QSB-PLANCK-BRIDGE-RESONATOR-INDEPENDENT-LAG-VARIABLE-ADMISSIBILITY-EXECUTION-01,CAND-0179,Nicht-Alias-Ableitung,unknown,inventory_field_based_admissibility_execution
QSB-PLANCK-BRIDGE-RESONATOR-INDEPENDENT-LAG-VARIABLE-ADMISSIBILITY-EXECUTION-01,CAND-0179,unabhängige Source-Lineage,blocked_missing_evidence,inventory_field_based_admissibility_execution
QSB-PLANCK-BRIDGE-RESONATOR-INDEPENDENT-LAG-VARIABLE-ADMISSIBILITY-EXECUTION-01,CAND-0179,Paar-Mappbarkeit,fail,inventory_field_based_admissibility_execution
QSB-PLANCK-BRIDGE-RESONATOR-INDEPENDENT-LAG-VARIABLE-ADMISSIBILITY-EXECUTION-01,CAND-0179,nicht vollständig lag-determiniert,unknown,inventory_field_based_admissibility_execution
QSB-PLANCK-BRIDGE-RESONATOR-INDEPENDENT-LAG-VARIABLE-ADMISSIBILITY-EXECUTION-01,CAND-0179,Richtungs-/Symmetrieprüfung,unknown,inventory_field_based_admissibility_execution
QSB-PLANCK-BRIDGE-RESONATOR-INDEPENDENT-LAG-VARIABLE-ADMISSIBILITY-EXECUTION-01,CAND-0179,Einheiten-/Dimensionsmetadaten,blocked_missing_evidence,inventory_field_based_admissibility_execution
QSB-PLANCK-BRIDGE-RESONATOR-INDEPENDENT-LAG-VARIABLE-ADMISSIBILITY-EXECUTION-01,CAND-0179,Null-Alias-Stresstest,blocked_missing_evidence,inventory_field_based_admissibility_execution
QSB-PLANCK-BRIDGE-RESONATOR-INDEPENDENT-LAG-VARIABLE-ADMISSIBILITY-EXECUTION-01,CAND-0180,Vor-Paar-Existenz,unknown,inventory_field_based_admissibility_execution
QSB-PLANCK-BRIDGE-RESONATOR-INDEPENDENT-LAG-VARIABLE-ADMISSIBILITY-EXECUTION-01,CAND-0180,Nicht-Alias-Ableitung,unknown,inventory_field_based_admissibility_execution
QSB-PLANCK-BRIDGE-RESONATOR-INDEPENDENT-LAG-VARIABLE-ADMISSIBILITY-EXECUTION-01,CAND-0180,unabhängige Source-Lineage,blocked_missing_evidence,inventory_field_based_admissibility_execution
QSB-PLANCK-BRIDGE-RESONATOR-INDEPENDENT-LAG-VARIABLE-ADMISSIBILITY-EXECUTION-01,CAND-0180,Paar-Mappbarkeit,fail,inventory_field_based_admissibility_execution
QSB-PLANCK-BRIDGE-RESONATOR-INDEPENDENT-LAG-VARIABLE-ADMISSIBILITY-EXECUTION-01,CAND-0180,nicht vollständig lag-determiniert,unknown,inventory_field_based_admissibility_execution
QSB-PLANCK-BRIDGE-RESONATOR-INDEPENDENT-LAG-VARIABLE-ADMISSIBILITY-EXECUTION-01,CAND-0180,Richtungs-/Symmetrieprüfung,unknown,inventory_field_based_admissibility_execution
QSB-PLANCK-BRIDGE-RESONATOR-INDEPENDENT-LAG-VARIABLE-ADMISSIBILITY-EXECUTION-01,CAND-0180,Einheiten-/Dimensionsmetadaten,blocked_missing_evidence,inventory_field_based_admissibility_execution
QSB-PLANCK-BRIDGE-RESONATOR-INDEPENDENT-LAG-VARIABLE-ADMISSIBILITY-EXECUTION-01,CAND-0180,Null-Alias-Stresstest,blocked_missing_evidence,inventory_field_based_admissibility_execution
QSB-PLANCK-BRIDGE-RESONATOR-INDEPENDENT-LAG-VARIABLE-ADMISSIBILITY-EXECUTION-01,CAND-0181,Vor-Paar-Existenz,unknown,inventory_field_based_admissibility_execution
QSB-PLANCK-BRIDGE-RESONATOR-INDEPENDENT-LAG-VARIABLE-ADMISSIBILITY-EXECUTION-01,CAND-0181,Nicht-Alias-Ableitung,unknown,inventory_field_based_admissibility_execution
QSB-PLANCK-BRIDGE-RESONATOR-INDEPENDENT-LAG-VARIABLE-ADMISSIBILITY-EXECUTION-01,CAND-0181,unabhängige Source-Lineage,blocked_missing_evidence,inventory_field_based_admissibility_execution
QSB-PLANCK-BRIDGE-RESONATOR-INDEPENDENT-LAG-VARIABLE-ADMISSIBILITY-EXECUTION-01,CAND-0181,Paar-Mappbarkeit,fail,inventory_field_based_admissibility_execution
QSB-PLANCK-BRIDGE-RESONATOR-INDEPENDENT-LAG-VARIABLE-ADMISSIBILITY-EXECUTION-01,CAND-0181,nicht vollständig lag-determiniert,unknown,inventory_field_based_admissibility_execution
QSB-PLANCK-BRIDGE-RESONATOR-INDEPENDENT-LAG-VARIABLE-ADMISSIBILITY-EXECUTION-01,CAND-0181,Richtungs-/Symmetrieprüfung,unknown,inventory_field_based_admissibility_execution
QSB-PLANCK-BRIDGE-RESONATOR-INDEPENDENT-LAG-VARIABLE-ADMISSIBILITY-EXECUTION-01,CAND-0181,Einheiten-/Dimensionsmetadaten,blocked_missing_evidence,inventory_field_based_admissibility_execution
QSB-PLANCK-BRIDGE-RESONATOR-INDEPENDENT-LAG-VARIABLE-ADMISSIBILITY-EXECUTION-01,CAND-0181,Null-Alias-Stresstest,blocked_missing_evidence,inventory_field_based_admissibility_execution
QSB-PLANCK-BRIDGE-RESONATOR-INDEPENDENT-LAG-VARIABLE-ADMISSIBILITY-EXECUTION-01,CAND-0182,Vor-Paar-Existenz,unknown,inventory_field_based_admissibility_execution
QSB-PLANCK-BRIDGE-RESONATOR-INDEPENDENT-LAG-VARIABLE-ADMISSIBILITY-EXECUTION-01,CAND-0182,Nicht-Alias-Ableitung,unknown,inventory_field_based_admissibility_execution
QSB-PLANCK-BRIDGE-RESONATOR-INDEPENDENT-LAG-VARIABLE-ADMISSIBILITY-EXECUTION-01,CAND-0182,unabhängige Source-Lineage,blocked_missing_evidence,inventory_field_based_admissibility_execution
QSB-PLANCK-BRIDGE-RESONATOR-INDEPENDENT-LAG-VARIABLE-ADMISSIBILITY-EXECUTION-01,CAND-0182,Paar-Mappbarkeit,fail,inventory_field_based_admissibility_execution
QSB-PLANCK-BRIDGE-RESONATOR-INDEPENDENT-LAG-VARIABLE-ADMISSIBILITY-EXECUTION-01,CAND-0182,nicht vollständig lag-determiniert,unknown,inventory_field_based_admissibility_execution
QSB-PLANCK-BRIDGE-RESONATOR-INDEPENDENT-LAG-VARIABLE-ADMISSIBILITY-EXECUTION-01,CAND-0182,Richtungs-/Symmetrieprüfung,unknown,inventory_field_based_admissibility_execution
QSB-PLANCK-BRIDGE-RESONATOR-INDEPENDENT-LAG-VARIABLE-ADMISSIBILITY-EXECUTION-01,CAND-0182,Einheiten-/Dimensionsmetadaten,blocked_missing_evidence,inventory_field_based_admissibility_execution
QSB-PLANCK-BRIDGE-RESONATOR-INDEPENDENT-LAG-VARIABLE-ADMISSIBILITY-EXECUTION-01,CAND-0182,Null-Alias-Stresstest,blocked_missing_evidence,inventory_field_based_admissibility_execution
QSB-PLANCK-BRIDGE-RESONATOR-INDEPENDENT-LAG-VARIABLE-ADMISSIBILITY-EXECUTION-01,CAND-0183,Vor-Paar-Existenz,unknown,inventory_field_based_admissibility_execution
QSB-PLANCK-BRIDGE-RESONATOR-INDEPENDENT-LAG-VARIABLE-ADMISSIBILITY-EXECUTION-01,CAND-0183,Nicht-Alias-Ableitung,unknown,inventory_field_based_admissibility_execution
QSB-PLANCK-BRIDGE-RESONATOR-INDEPENDENT-LAG-VARIABLE-ADMISSIBILITY-EXECUTION-01,CAND-0183,unabhängige Source-Lineage,blocked_missing_evidence,inventory_field_based_admissibility_execution
QSB-PLANCK-BRIDGE-RESONATOR-INDEPENDENT-LAG-VARIABLE-ADMISSIBILITY-EXECUTION-01,CAND-0183,Paar-Mappbarkeit,fail,inventory_field_based_admissibility_execution
QSB-PLANCK-BRIDGE-RESONATOR-INDEPENDENT-LAG-VARIABLE-ADMISSIBILITY-EXECUTION-01,CAND-0183,nicht vollständig lag-determiniert,unknown,inventory_field_based_admissibility_execution
QSB-PLANCK-BRIDGE-RESONATOR-INDEPENDENT-LAG-VARIABLE-ADMISSIBILITY-EXECUTION-01,CAND-0183,Richtungs-/Symmetrieprüfung,unknown,inventory_field_based_admissibility_execution
QSB-PLANCK-BRIDGE-RESONATOR-INDEPENDENT-LAG-VARIABLE-ADMISSIBILITY-EXECUTION-01,CAND-0183,Einheiten-/Dimensionsmetadaten,blocked_missing_evidence,inventory_field_based_admissibility_execution
QSB-PLANCK-BRIDGE-RESONATOR-INDEPENDENT-LAG-VARIABLE-ADMISSIBILITY-EXECUTION-01,CAND-0183,Null-Alias-Stresstest,blocked_missing_evidence,inventory_field_based_admissibility_execution
QSB-PLANCK-BRIDGE-RESONATOR-INDEPENDENT-LAG-VARIABLE-ADMISSIBILITY-EXECUTION-01,CAND-0184,Vor-Paar-Existenz,unknown,inventory_field_based_admissibility_execution
QSB-PLANCK-BRIDGE-RESONATOR-INDEPENDENT-LAG-VARIABLE-ADMISSIBILITY-EXECUTION-01,CAND-0184,Nicht-Alias-Ableitung,unknown,inventory_field_based_admissibility_execution
QSB-PLANCK-BRIDGE-RESONATOR-INDEPENDENT-LAG-VARIABLE-ADMISSIBILITY-EXECUTION-01,CAND-0184,unabhängige Source-Lineage,blocked_missing_evidence,inventory_field_based_admissibility_execution
QSB-PLANCK-BRIDGE-RESONATOR-INDEPENDENT-LAG-VARIABLE-ADMISSIBILITY-EXECUTION-01,CAND-0184,Paar-Mappbarkeit,fail,inventory_field_based_admissibility_execution
QSB-PLANCK-BRIDGE-RESONATOR-INDEPENDENT-LAG-VARIABLE-ADMISSIBILITY-EXECUTION-01,CAND-0184,nicht vollständig lag-determiniert,unknown,inventory_field_based_admissibility_execution
QSB-PLANCK-BRIDGE-RESONATOR-INDEPENDENT-LAG-VARIABLE-ADMISSIBILITY-EXECUTION-01,CAND-0184,Richtungs-/Symmetrieprüfung,unknown,inventory_field_based_admissibility_execution
QSB-PLANCK-BRIDGE-RESONATOR-INDEPENDENT-LAG-VARIABLE-ADMISSIBILITY-EXECUTION-01,CAND-0184,Einheiten-/Dimensionsmetadaten,blocked_missing_evidence,inventory_field_based_admissibility_execution
QSB-PLANCK-BRIDGE-RESONATOR-INDEPENDENT-LAG-VARIABLE-ADMISSIBILITY-EXECUTION-01,CAND-0184,Null-Alias-Stresstest,blocked_missing_evidence,inventory_field_based_admissibility_execution
QSB-PLANCK-BRIDGE-RESONATOR-INDEPENDENT-LAG-VARIABLE-ADMISSIBILITY-EXECUTION-01,CAND-0185,Vor-Paar-Existenz,unknown,inventory_field_based_admissibility_execution
QSB-PLANCK-BRIDGE-RESONATOR-INDEPENDENT-LAG-VARIABLE-ADMISSIBILITY-EXECUTION-01,CAND-0185,Nicht-Alias-Ableitung,unknown,inventory_field_based_admissibility_execution
QSB-PLANCK-BRIDGE-RESONATOR-INDEPENDENT-LAG-VARIABLE-ADMISSIBILITY-EXECUTION-01,CAND-0185,unabhängige Source-Lineage,blocked_missing_evidence,inventory_field_based_admissibility_execution
QSB-PLANCK-BRIDGE-RESONATOR-INDEPENDENT-LAG-VARIABLE-ADMISSIBILITY-EXECUTION-01,CAND-0185,Paar-Mappbarkeit,fail,inventory_field_based_admissibility_execution
QSB-PLANCK-BRIDGE-RESONATOR-INDEPENDENT-LAG-VARIABLE-ADMISSIBILITY-EXECUTION-01,CAND-0185,nicht vollständig lag-determiniert,unknown,inventory_field_based_admissibility_execution
QSB-PLANCK-BRIDGE-RESONATOR-INDEPENDENT-LAG-VARIABLE-ADMISSIBILITY-EXECUTION-01,CAND-0185,Richtungs-/Symmetrieprüfung,unknown,inventory_field_based_admissibility_execution
QSB-PLANCK-BRIDGE-RESONATOR-INDEPENDENT-LAG-VARIABLE-ADMISSIBILITY-EXECUTION-01,CAND-0185,Einheiten-/Dimensionsmetadaten,blocked_missing_evidence,inventory_field_based_admissibility_execution
QSB-PLANCK-BRIDGE-RESONATOR-INDEPENDENT-LAG-VARIABLE-ADMISSIBILITY-EXECUTION-01,CAND-0185,Null-Alias-Stresstest,blocked_missing_evidence,inventory_field_based_admissibility_execution
QSB-PLANCK-BRIDGE-RESONATOR-INDEPENDENT-LAG-VARIABLE-ADMISSIBILITY-EXECUTION-01,CAND-0186,Vor-Paar-Existenz,unknown,inventory_field_based_admissibility_execution
QSB-PLANCK-BRIDGE-RESONATOR-INDEPENDENT-LAG-VARIABLE-ADMISSIBILITY-EXECUTION-01,CAND-0186,Nicht-Alias-Ableitung,unknown,inventory_field_based_admissibility_execution
QSB-PLANCK-BRIDGE-RESONATOR-INDEPENDENT-LAG-VARIABLE-ADMISSIBILITY-EXECUTION-01,CAND-0186,unabhängige Source-Lineage,blocked_missing_evidence,inventory_field_based_admissibility_execution
QSB-PLANCK-BRIDGE-RESONATOR-INDEPENDENT-LAG-VARIABLE-ADMISSIBILITY-EXECUTION-01,CAND-0186,Paar-Mappbarkeit,fail,inventory_field_based_admissibility_execution
QSB-PLANCK-BRIDGE-RESONATOR-INDEPENDENT-LAG-VARIABLE-ADMISSIBILITY-EXECUTION-01,CAND-0186,nicht vollständig lag-determiniert,unknown,inventory_field_based_admissibility_execution
QSB-PLANCK-BRIDGE-RESONATOR-INDEPENDENT-LAG-VARIABLE-ADMISSIBILITY-EXECUTION-01,CAND-0186,Richtungs-/Symmetrieprüfung,unknown,inventory_field_based_admissibility_execution
QSB-PLANCK-BRIDGE-RESONATOR-INDEPENDENT-LAG-VARIABLE-ADMISSIBILITY-EXECUTION-01,CAND-0186,Einheiten-/Dimensionsmetadaten,blocked_missing_evidence,inventory_field_based_admissibility_execution
QSB-PLANCK-BRIDGE-RESONATOR-INDEPENDENT-LAG-VARIABLE-ADMISSIBILITY-EXECUTION-01,CAND-0186,Null-Alias-Stresstest,blocked_missing_evidence,inventory_field_based_admissibility_execution
QSB-PLANCK-BRIDGE-RESONATOR-INDEPENDENT-LAG-VARIABLE-ADMISSIBILITY-EXECUTION-01,CAND-0187,Vor-Paar-Existenz,unknown,inventory_field_based_admissibility_execution
QSB-PLANCK-BRIDGE-RESONATOR-INDEPENDENT-LAG-VARIABLE-ADMISSIBILITY-EXECUTION-01,CAND-0187,Nicht-Alias-Ableitung,unknown,inventory_field_based_admissibility_execution
QSB-PLANCK-BRIDGE-RESONATOR-INDEPENDENT-LAG-VARIABLE-ADMISSIBILITY-EXECUTION-01,CAND-0187,unabhängige Source-Lineage,blocked_missing_evidence,inventory_field_based_admissibility_execution
QSB-PLANCK-BRIDGE-RESONATOR-INDEPENDENT-LAG-VARIABLE-ADMISSIBILITY-EXECUTION-01,CAND-0187,Paar-Mappbarkeit,fail,inventory_field_based_admissibility_execution
QSB-PLANCK-BRIDGE-RESONATOR-INDEPENDENT-LAG-VARIABLE-ADMISSIBILITY-EXECUTION-01,CAND-0187,nicht vollständig lag-determiniert,unknown,inventory_field_based_admissibility_execution
QSB-PLANCK-BRIDGE-RESONATOR-INDEPENDENT-LAG-VARIABLE-ADMISSIBILITY-EXECUTION-01,CAND-0187,Richtungs-/Symmetrieprüfung,unknown,inventory_field_based_admissibility_execution
QSB-PLANCK-BRIDGE-RESONATOR-INDEPENDENT-LAG-VARIABLE-ADMISSIBILITY-EXECUTION-01,CAND-0187,Einheiten-/Dimensionsmetadaten,blocked_missing_evidence,inventory_field_based_admissibility_execution
QSB-PLANCK-BRIDGE-RESONATOR-INDEPENDENT-LAG-VARIABLE-ADMISSIBILITY-EXECUTION-01,CAND-0187,Null-Alias-Stresstest,blocked_missing_evidence,inventory_field_based_admissibility_execution
QSB-PLANCK-BRIDGE-RESONATOR-INDEPENDENT-LAG-VARIABLE-ADMISSIBILITY-EXECUTION-01,CAND-0188,Vor-Paar-Existenz,unknown,inventory_field_based_admissibility_execution
QSB-PLANCK-BRIDGE-RESONATOR-INDEPENDENT-LAG-VARIABLE-ADMISSIBILITY-EXECUTION-01,CAND-0188,Nicht-Alias-Ableitung,unknown,inventory_field_based_admissibility_execution
QSB-PLANCK-BRIDGE-RESONATOR-INDEPENDENT-LAG-VARIABLE-ADMISSIBILITY-EXECUTION-01,CAND-0188,unabhängige Source-Lineage,blocked_missing_evidence,inventory_field_based_admissibility_execution
QSB-PLANCK-BRIDGE-RESONATOR-INDEPENDENT-LAG-VARIABLE-ADMISSIBILITY-EXECUTION-01,CAND-0188,Paar-Mappbarkeit,fail,inventory_field_based_admissibility_execution
QSB-PLANCK-BRIDGE-RESONATOR-INDEPENDENT-LAG-VARIABLE-ADMISSIBILITY-EXECUTION-01,CAND-0188,nicht vollständig lag-determiniert,unknown,inventory_field_based_admissibility_execution
QSB-PLANCK-BRIDGE-RESONATOR-INDEPENDENT-LAG-VARIABLE-ADMISSIBILITY-EXECUTION-01,CAND-0188,Richtungs-/Symmetrieprüfung,unknown,inventory_field_based_admissibility_execution
QSB-PLANCK-BRIDGE-RESONATOR-INDEPENDENT-LAG-VARIABLE-ADMISSIBILITY-EXECUTION-01,CAND-0188,Einheiten-/Dimensionsmetadaten,blocked_missing_evidence,inventory_field_based_admissibility_execution
QSB-PLANCK-BRIDGE-RESONATOR-INDEPENDENT-LAG-VARIABLE-ADMISSIBILITY-EXECUTION-01,CAND-0188,Null-Alias-Stresstest,blocked_missing_evidence,inventory_field_based_admissibility_execution
QSB-PLANCK-BRIDGE-RESONATOR-INDEPENDENT-LAG-VARIABLE-ADMISSIBILITY-EXECUTION-01,CAND-0189,Vor-Paar-Existenz,unknown,inventory_field_based_admissibility_execution
QSB-PLANCK-BRIDGE-RESONATOR-INDEPENDENT-LAG-VARIABLE-ADMISSIBILITY-EXECUTION-01,CAND-0189,Nicht-Alias-Ableitung,unknown,inventory_field_based_admissibility_execution
QSB-PLANCK-BRIDGE-RESONATOR-INDEPENDENT-LAG-VARIABLE-ADMISSIBILITY-EXECUTION-01,CAND-0189,unabhängige Source-Lineage,blocked_missing_evidence,inventory_field_based_admissibility_execution
QSB-PLANCK-BRIDGE-RESONATOR-INDEPENDENT-LAG-VARIABLE-ADMISSIBILITY-EXECUTION-01,CAND-0189,Paar-Mappbarkeit,fail,inventory_field_based_admissibility_execution
QSB-PLANCK-BRIDGE-RESONATOR-INDEPENDENT-LAG-VARIABLE-ADMISSIBILITY-EXECUTION-01,CAND-0189,nicht vollständig lag-determiniert,unknown,inventory_field_based_admissibility_execution
QSB-PLANCK-BRIDGE-RESONATOR-INDEPENDENT-LAG-VARIABLE-ADMISSIBILITY-EXECUTION-01,CAND-0189,Richtungs-/Symmetrieprüfung,unknown,inventory_field_based_admissibility_execution
QSB-PLANCK-BRIDGE-RESONATOR-INDEPENDENT-LAG-VARIABLE-ADMISSIBILITY-EXECUTION-01,CAND-0189,Einheiten-/Dimensionsmetadaten,blocked_missing_evidence,inventory_field_based_admissibility_execution
QSB-PLANCK-BRIDGE-RESONATOR-INDEPENDENT-LAG-VARIABLE-ADMISSIBILITY-EXECUTION-01,CAND-0189,Null-Alias-Stresstest,blocked_missing_evidence,inventory_field_based_admissibility_execution
QSB-PLANCK-BRIDGE-RESONATOR-INDEPENDENT-LAG-VARIABLE-ADMISSIBILITY-EXECUTION-01,CAND-0190,Vor-Paar-Existenz,unknown,inventory_field_based_admissibility_execution
QSB-PLANCK-BRIDGE-RESONATOR-INDEPENDENT-LAG-VARIABLE-ADMISSIBILITY-EXECUTION-01,CAND-0190,Nicht-Alias-Ableitung,unknown,inventory_field_based_admissibility_execution
QSB-PLANCK-BRIDGE-RESONATOR-INDEPENDENT-LAG-VARIABLE-ADMISSIBILITY-EXECUTION-01,CAND-0190,unabhängige Source-Lineage,blocked_missing_evidence,inventory_field_based_admissibility_execution
QSB-PLANCK-BRIDGE-RESONATOR-INDEPENDENT-LAG-VARIABLE-ADMISSIBILITY-EXECUTION-01,CAND-0190,Paar-Mappbarkeit,fail,inventory_field_based_admissibility_execution
QSB-PLANCK-BRIDGE-RESONATOR-INDEPENDENT-LAG-VARIABLE-ADMISSIBILITY-EXECUTION-01,CAND-0190,nicht vollständig lag-determiniert,unknown,inventory_field_based_admissibility_execution
QSB-PLANCK-BRIDGE-RESONATOR-INDEPENDENT-LAG-VARIABLE-ADMISSIBILITY-EXECUTION-01,CAND-0190,Richtungs-/Symmetrieprüfung,unknown,inventory_field_based_admissibility_execution
QSB-PLANCK-BRIDGE-RESONATOR-INDEPENDENT-LAG-VARIABLE-ADMISSIBILITY-EXECUTION-01,CAND-0190,Einheiten-/Dimensionsmetadaten,blocked_missing_evidence,inventory_field_based_admissibility_execution
QSB-PLANCK-BRIDGE-RESONATOR-INDEPENDENT-LAG-VARIABLE-ADMISSIBILITY-EXECUTION-01,CAND-0190,Null-Alias-Stresstest,blocked_missing_evidence,inventory_field_based_admissibility_execution
QSB-PLANCK-BRIDGE-RESONATOR-INDEPENDENT-LAG-VARIABLE-ADMISSIBILITY-EXECUTION-01,CAND-0191,Vor-Paar-Existenz,unknown,inventory_field_based_admissibility_execution
QSB-PLANCK-BRIDGE-RESONATOR-INDEPENDENT-LAG-VARIABLE-ADMISSIBILITY-EXECUTION-01,CAND-0191,Nicht-Alias-Ableitung,unknown,inventory_field_based_admissibility_execution
QSB-PLANCK-BRIDGE-RESONATOR-INDEPENDENT-LAG-VARIABLE-ADMISSIBILITY-EXECUTION-01,CAND-0191,unabhängige Source-Lineage,blocked_missing_evidence,inventory_field_based_admissibility_execution
QSB-PLANCK-BRIDGE-RESONATOR-INDEPENDENT-LAG-VARIABLE-ADMISSIBILITY-EXECUTION-01,CAND-0191,Paar-Mappbarkeit,fail,inventory_field_based_admissibility_execution
QSB-PLANCK-BRIDGE-RESONATOR-INDEPENDENT-LAG-VARIABLE-ADMISSIBILITY-EXECUTION-01,CAND-0191,nicht vollständig lag-determiniert,unknown,inventory_field_based_admissibility_execution
QSB-PLANCK-BRIDGE-RESONATOR-INDEPENDENT-LAG-VARIABLE-ADMISSIBILITY-EXECUTION-01,CAND-0191,Richtungs-/Symmetrieprüfung,unknown,inventory_field_based_admissibility_execution
QSB-PLANCK-BRIDGE-RESONATOR-INDEPENDENT-LAG-VARIABLE-ADMISSIBILITY-EXECUTION-01,CAND-0191,Einheiten-/Dimensionsmetadaten,blocked_missing_evidence,inventory_field_based_admissibility_execution
QSB-PLANCK-BRIDGE-RESONATOR-INDEPENDENT-LAG-VARIABLE-ADMISSIBILITY-EXECUTION-01,CAND-0191,Null-Alias-Stresstest,blocked_missing_evidence,inventory_field_based_admissibility_execution
QSB-PLANCK-BRIDGE-RESONATOR-INDEPENDENT-LAG-VARIABLE-ADMISSIBILITY-EXECUTION-01,CAND-0192,Vor-Paar-Existenz,unknown,inventory_field_based_admissibility_execution
QSB-PLANCK-BRIDGE-RESONATOR-INDEPENDENT-LAG-VARIABLE-ADMISSIBILITY-EXECUTION-01,CAND-0192,Nicht-Alias-Ableitung,unknown,inventory_field_based_admissibility_execution
QSB-PLANCK-BRIDGE-RESONATOR-INDEPENDENT-LAG-VARIABLE-ADMISSIBILITY-EXECUTION-01,CAND-0192,unabhängige Source-Lineage,blocked_missing_evidence,inventory_field_based_admissibility_execution
QSB-PLANCK-BRIDGE-RESONATOR-INDEPENDENT-LAG-VARIABLE-ADMISSIBILITY-EXECUTION-01,CAND-0192,Paar-Mappbarkeit,fail,inventory_field_based_admissibility_execution
QSB-PLANCK-BRIDGE-RESONATOR-INDEPENDENT-LAG-VARIABLE-ADMISSIBILITY-EXECUTION-01,CAND-0192,nicht vollständig lag-determiniert,unknown,inventory_field_based_admissibility_execution
QSB-PLANCK-BRIDGE-RESONATOR-INDEPENDENT-LAG-VARIABLE-ADMISSIBILITY-EXECUTION-01,CAND-0192,Richtungs-/Symmetrieprüfung,unknown,inventory_field_based_admissibility_execution
QSB-PLANCK-BRIDGE-RESONATOR-INDEPENDENT-LAG-VARIABLE-ADMISSIBILITY-EXECUTION-01,CAND-0192,Einheiten-/Dimensionsmetadaten,blocked_missing_evidence,inventory_field_based_admissibility_execution
QSB-PLANCK-BRIDGE-RESONATOR-INDEPENDENT-LAG-VARIABLE-ADMISSIBILITY-EXECUTION-01,CAND-0192,Null-Alias-Stresstest,blocked_missing_evidence,inventory_field_based_admissibility_execution
QSB-PLANCK-BRIDGE-RESONATOR-INDEPENDENT-LAG-VARIABLE-ADMISSIBILITY-EXECUTION-01,CAND-0193,Vor-Paar-Existenz,unknown,inventory_field_based_admissibility_execution
QSB-PLANCK-BRIDGE-RESONATOR-INDEPENDENT-LAG-VARIABLE-ADMISSIBILITY-EXECUTION-01,CAND-0193,Nicht-Alias-Ableitung,unknown,inventory_field_based_admissibility_execution
QSB-PLANCK-BRIDGE-RESONATOR-INDEPENDENT-LAG-VARIABLE-ADMISSIBILITY-EXECUTION-01,CAND-0193,unabhängige Source-Lineage,blocked_missing_evidence,inventory_field_based_admissibility_execution
QSB-PLANCK-BRIDGE-RESONATOR-INDEPENDENT-LAG-VARIABLE-ADMISSIBILITY-EXECUTION-01,CAND-0193,Paar-Mappbarkeit,fail,inventory_field_based_admissibility_execution
QSB-PLANCK-BRIDGE-RESONATOR-INDEPENDENT-LAG-VARIABLE-ADMISSIBILITY-EXECUTION-01,CAND-0193,nicht vollständig lag-determiniert,unknown,inventory_field_based_admissibility_execution
QSB-PLANCK-BRIDGE-RESONATOR-INDEPENDENT-LAG-VARIABLE-ADMISSIBILITY-EXECUTION-01,CAND-0193,Richtungs-/Symmetrieprüfung,unknown,inventory_field_based_admissibility_execution
QSB-PLANCK-BRIDGE-RESONATOR-INDEPENDENT-LAG-VARIABLE-ADMISSIBILITY-EXECUTION-01,CAND-0193,Einheiten-/Dimensionsmetadaten,blocked_missing_evidence,inventory_field_based_admissibility_execution
QSB-PLANCK-BRIDGE-RESONATOR-INDEPENDENT-LAG-VARIABLE-ADMISSIBILITY-EXECUTION-01,CAND-0193,Null-Alias-Stresstest,blocked_missing_evidence,inventory_field_based_admissibility_execution
QSB-PLANCK-BRIDGE-RESONATOR-INDEPENDENT-LAG-VARIABLE-ADMISSIBILITY-EXECUTION-01,CAND-0194,Vor-Paar-Existenz,unknown,inventory_field_based_admissibility_execution
QSB-PLANCK-BRIDGE-RESONATOR-INDEPENDENT-LAG-VARIABLE-ADMISSIBILITY-EXECUTION-01,CAND-0194,Nicht-Alias-Ableitung,unknown,inventory_field_based_admissibility_execution
QSB-PLANCK-BRIDGE-RESONATOR-INDEPENDENT-LAG-VARIABLE-ADMISSIBILITY-EXECUTION-01,CAND-0194,unabhängige Source-Lineage,blocked_missing_evidence,inventory_field_based_admissibility_execution
QSB-PLANCK-BRIDGE-RESONATOR-INDEPENDENT-LAG-VARIABLE-ADMISSIBILITY-EXECUTION-01,CAND-0194,Paar-Mappbarkeit,fail,inventory_field_based_admissibility_execution
QSB-PLANCK-BRIDGE-RESONATOR-INDEPENDENT-LAG-VARIABLE-ADMISSIBILITY-EXECUTION-01,CAND-0194,nicht vollständig lag-determiniert,unknown,inventory_field_based_admissibility_execution
QSB-PLANCK-BRIDGE-RESONATOR-INDEPENDENT-LAG-VARIABLE-ADMISSIBILITY-EXECUTION-01,CAND-0194,Richtungs-/Symmetrieprüfung,unknown,inventory_field_based_admissibility_execution
QSB-PLANCK-BRIDGE-RESONATOR-INDEPENDENT-LAG-VARIABLE-ADMISSIBILITY-EXECUTION-01,CAND-0194,Einheiten-/Dimensionsmetadaten,blocked_missing_evidence,inventory_field_based_admissibility_execution
QSB-PLANCK-BRIDGE-RESONATOR-INDEPENDENT-LAG-VARIABLE-ADMISSIBILITY-EXECUTION-01,CAND-0194,Null-Alias-Stresstest,blocked_missing_evidence,inventory_field_based_admissibility_execution
QSB-PLANCK-BRIDGE-RESONATOR-INDEPENDENT-LAG-VARIABLE-ADMISSIBILITY-EXECUTION-01,CAND-0195,Vor-Paar-Existenz,unknown,inventory_field_based_admissibility_execution
QSB-PLANCK-BRIDGE-RESONATOR-INDEPENDENT-LAG-VARIABLE-ADMISSIBILITY-EXECUTION-01,CAND-0195,Nicht-Alias-Ableitung,unknown,inventory_field_based_admissibility_execution
QSB-PLANCK-BRIDGE-RESONATOR-INDEPENDENT-LAG-VARIABLE-ADMISSIBILITY-EXECUTION-01,CAND-0195,unabhängige Source-Lineage,blocked_missing_evidence,inventory_field_based_admissibility_execution
QSB-PLANCK-BRIDGE-RESONATOR-INDEPENDENT-LAG-VARIABLE-ADMISSIBILITY-EXECUTION-01,CAND-0195,Paar-Mappbarkeit,fail,inventory_field_based_admissibility_execution
QSB-PLANCK-BRIDGE-RESONATOR-INDEPENDENT-LAG-VARIABLE-ADMISSIBILITY-EXECUTION-01,CAND-0195,nicht vollständig lag-determiniert,unknown,inventory_field_based_admissibility_execution
QSB-PLANCK-BRIDGE-RESONATOR-INDEPENDENT-LAG-VARIABLE-ADMISSIBILITY-EXECUTION-01,CAND-0195,Richtungs-/Symmetrieprüfung,unknown,inventory_field_based_admissibility_execution
QSB-PLANCK-BRIDGE-RESONATOR-INDEPENDENT-LAG-VARIABLE-ADMISSIBILITY-EXECUTION-01,CAND-0195,Einheiten-/Dimensionsmetadaten,blocked_missing_evidence,inventory_field_based_admissibility_execution
QSB-PLANCK-BRIDGE-RESONATOR-INDEPENDENT-LAG-VARIABLE-ADMISSIBILITY-EXECUTION-01,CAND-0195,Null-Alias-Stresstest,blocked_missing_evidence,inventory_field_based_admissibility_execution
QSB-PLANCK-BRIDGE-RESONATOR-INDEPENDENT-LAG-VARIABLE-ADMISSIBILITY-EXECUTION-01,CAND-0196,Vor-Paar-Existenz,unknown,inventory_field_based_admissibility_execution
QSB-PLANCK-BRIDGE-RESONATOR-INDEPENDENT-LAG-VARIABLE-ADMISSIBILITY-EXECUTION-01,CAND-0196,Nicht-Alias-Ableitung,unknown,inventory_field_based_admissibility_execution
QSB-PLANCK-BRIDGE-RESONATOR-INDEPENDENT-LAG-VARIABLE-ADMISSIBILITY-EXECUTION-01,CAND-0196,unabhängige Source-Lineage,blocked_missing_evidence,inventory_field_based_admissibility_execution
QSB-PLANCK-BRIDGE-RESONATOR-INDEPENDENT-LAG-VARIABLE-ADMISSIBILITY-EXECUTION-01,CAND-0196,Paar-Mappbarkeit,fail,inventory_field_based_admissibility_execution
QSB-PLANCK-BRIDGE-RESONATOR-INDEPENDENT-LAG-VARIABLE-ADMISSIBILITY-EXECUTION-01,CAND-0196,nicht vollständig lag-determiniert,unknown,inventory_field_based_admissibility_execution
QSB-PLANCK-BRIDGE-RESONATOR-INDEPENDENT-LAG-VARIABLE-ADMISSIBILITY-EXECUTION-01,CAND-0196,Richtungs-/Symmetrieprüfung,unknown,inventory_field_based_admissibility_execution
QSB-PLANCK-BRIDGE-RESONATOR-INDEPENDENT-LAG-VARIABLE-ADMISSIBILITY-EXECUTION-01,CAND-0196,Einheiten-/Dimensionsmetadaten,blocked_missing_evidence,inventory_field_based_admissibility_execution
QSB-PLANCK-BRIDGE-RESONATOR-INDEPENDENT-LAG-VARIABLE-ADMISSIBILITY-EXECUTION-01,CAND-0196,Null-Alias-Stresstest,blocked_missing_evidence,inventory_field_based_admissibility_execution
QSB-PLANCK-BRIDGE-RESONATOR-INDEPENDENT-LAG-VARIABLE-ADMISSIBILITY-EXECUTION-01,CAND-0197,Vor-Paar-Existenz,unknown,inventory_field_based_admissibility_execution
QSB-PLANCK-BRIDGE-RESONATOR-INDEPENDENT-LAG-VARIABLE-ADMISSIBILITY-EXECUTION-01,CAND-0197,Nicht-Alias-Ableitung,unknown,inventory_field_based_admissibility_execution
QSB-PLANCK-BRIDGE-RESONATOR-INDEPENDENT-LAG-VARIABLE-ADMISSIBILITY-EXECUTION-01,CAND-0197,unabhängige Source-Lineage,blocked_missing_evidence,inventory_field_based_admissibility_execution
QSB-PLANCK-BRIDGE-RESONATOR-INDEPENDENT-LAG-VARIABLE-ADMISSIBILITY-EXECUTION-01,CAND-0197,Paar-Mappbarkeit,fail,inventory_field_based_admissibility_execution
QSB-PLANCK-BRIDGE-RESONATOR-INDEPENDENT-LAG-VARIABLE-ADMISSIBILITY-EXECUTION-01,CAND-0197,nicht vollständig lag-determiniert,unknown,inventory_field_based_admissibility_execution
QSB-PLANCK-BRIDGE-RESONATOR-INDEPENDENT-LAG-VARIABLE-ADMISSIBILITY-EXECUTION-01,CAND-0197,Richtungs-/Symmetrieprüfung,unknown,inventory_field_based_admissibility_execution
QSB-PLANCK-BRIDGE-RESONATOR-INDEPENDENT-LAG-VARIABLE-ADMISSIBILITY-EXECUTION-01,CAND-0197,Einheiten-/Dimensionsmetadaten,blocked_missing_evidence,inventory_field_based_admissibility_execution
QSB-PLANCK-BRIDGE-RESONATOR-INDEPENDENT-LAG-VARIABLE-ADMISSIBILITY-EXECUTION-01,CAND-0197,Null-Alias-Stresstest,blocked_missing_evidence,inventory_field_based_admissibility_execution
QSB-PLANCK-BRIDGE-RESONATOR-INDEPENDENT-LAG-VARIABLE-ADMISSIBILITY-EXECUTION-01,CAND-0198,Vor-Paar-Existenz,unknown,inventory_field_based_admissibility_execution
QSB-PLANCK-BRIDGE-RESONATOR-INDEPENDENT-LAG-VARIABLE-ADMISSIBILITY-EXECUTION-01,CAND-0198,Nicht-Alias-Ableitung,unknown,inventory_field_based_admissibility_execution
QSB-PLANCK-BRIDGE-RESONATOR-INDEPENDENT-LAG-VARIABLE-ADMISSIBILITY-EXECUTION-01,CAND-0198,unabhängige Source-Lineage,blocked_missing_evidence,inventory_field_based_admissibility_execution
QSB-PLANCK-BRIDGE-RESONATOR-INDEPENDENT-LAG-VARIABLE-ADMISSIBILITY-EXECUTION-01,CAND-0198,Paar-Mappbarkeit,fail,inventory_field_based_admissibility_execution
QSB-PLANCK-BRIDGE-RESONATOR-INDEPENDENT-LAG-VARIABLE-ADMISSIBILITY-EXECUTION-01,CAND-0198,nicht vollständig lag-determiniert,unknown,inventory_field_based_admissibility_execution
QSB-PLANCK-BRIDGE-RESONATOR-INDEPENDENT-LAG-VARIABLE-ADMISSIBILITY-EXECUTION-01,CAND-0198,Richtungs-/Symmetrieprüfung,unknown,inventory_field_based_admissibility_execution
QSB-PLANCK-BRIDGE-RESONATOR-INDEPENDENT-LAG-VARIABLE-ADMISSIBILITY-EXECUTION-01,CAND-0198,Einheiten-/Dimensionsmetadaten,blocked_missing_evidence,inventory_field_based_admissibility_execution
QSB-PLANCK-BRIDGE-RESONATOR-INDEPENDENT-LAG-VARIABLE-ADMISSIBILITY-EXECUTION-01,CAND-0198,Null-Alias-Stresstest,blocked_missing_evidence,inventory_field_based_admissibility_execution
QSB-PLANCK-BRIDGE-RESONATOR-INDEPENDENT-LAG-VARIABLE-ADMISSIBILITY-EXECUTION-01,CAND-0199,Vor-Paar-Existenz,unknown,inventory_field_based_admissibility_execution
QSB-PLANCK-BRIDGE-RESONATOR-INDEPENDENT-LAG-VARIABLE-ADMISSIBILITY-EXECUTION-01,CAND-0199,Nicht-Alias-Ableitung,unknown,inventory_field_based_admissibility_execution
QSB-PLANCK-BRIDGE-RESONATOR-INDEPENDENT-LAG-VARIABLE-ADMISSIBILITY-EXECUTION-01,CAND-0199,unabhängige Source-Lineage,blocked_missing_evidence,inventory_field_based_admissibility_execution
QSB-PLANCK-BRIDGE-RESONATOR-INDEPENDENT-LAG-VARIABLE-ADMISSIBILITY-EXECUTION-01,CAND-0199,Paar-Mappbarkeit,fail,inventory_field_based_admissibility_execution
QSB-PLANCK-BRIDGE-RESONATOR-INDEPENDENT-LAG-VARIABLE-ADMISSIBILITY-EXECUTION-01,CAND-0199,nicht vollständig lag-determiniert,unknown,inventory_field_based_admissibility_execution
QSB-PLANCK-BRIDGE-RESONATOR-INDEPENDENT-LAG-VARIABLE-ADMISSIBILITY-EXECUTION-01,CAND-0199,Richtungs-/Symmetrieprüfung,unknown,inventory_field_based_admissibility_execution
QSB-PLANCK-BRIDGE-RESONATOR-INDEPENDENT-LAG-VARIABLE-ADMISSIBILITY-EXECUTION-01,CAND-0199,Einheiten-/Dimensionsmetadaten,blocked_missing_evidence,inventory_field_based_admissibility_execution
QSB-PLANCK-BRIDGE-RESONATOR-INDEPENDENT-LAG-VARIABLE-ADMISSIBILITY-EXECUTION-01,CAND-0199,Null-Alias-Stresstest,blocked_missing_evidence,inventory_field_based_admissibility_execution
QSB-PLANCK-BRIDGE-RESONATOR-INDEPENDENT-LAG-VARIABLE-ADMISSIBILITY-EXECUTION-01,CAND-0200,Vor-Paar-Existenz,unknown,inventory_field_based_admissibility_execution
QSB-PLANCK-BRIDGE-RESONATOR-INDEPENDENT-LAG-VARIABLE-ADMISSIBILITY-EXECUTION-01,CAND-0200,Nicht-Alias-Ableitung,unknown,inventory_field_based_admissibility_execution
QSB-PLANCK-BRIDGE-RESONATOR-INDEPENDENT-LAG-VARIABLE-ADMISSIBILITY-EXECUTION-01,CAND-0200,unabhängige Source-Lineage,blocked_missing_evidence,inventory_field_based_admissibility_execution
QSB-PLANCK-BRIDGE-RESONATOR-INDEPENDENT-LAG-VARIABLE-ADMISSIBILITY-EXECUTION-01,CAND-0200,Paar-Mappbarkeit,fail,inventory_field_based_admissibility_execution
QSB-PLANCK-BRIDGE-RESONATOR-INDEPENDENT-LAG-VARIABLE-ADMISSIBILITY-EXECUTION-01,CAND-0200,nicht vollständig lag-determiniert,unknown,inventory_field_based_admissibility_execution
QSB-PLANCK-BRIDGE-RESONATOR-INDEPENDENT-LAG-VARIABLE-ADMISSIBILITY-EXECUTION-01,CAND-0200,Richtungs-/Symmetrieprüfung,unknown,inventory_field_based_admissibility_execution
QSB-PLANCK-BRIDGE-RESONATOR-INDEPENDENT-LAG-VARIABLE-ADMISSIBILITY-EXECUTION-01,CAND-0200,Einheiten-/Dimensionsmetadaten,blocked_missing_evidence,inventory_field_based_admissibility_execution
QSB-PLANCK-BRIDGE-RESONATOR-INDEPENDENT-LAG-VARIABLE-ADMISSIBILITY-EXECUTION-01,CAND-0200,Null-Alias-Stresstest,blocked_missing_evidence,inventory_field_based_admissibility_execution
QSB-PLANCK-BRIDGE-RESONATOR-INDEPENDENT-LAG-VARIABLE-ADMISSIBILITY-EXECUTION-01,CAND-0201,Vor-Paar-Existenz,unknown,inventory_field_based_admissibility_execution
QSB-PLANCK-BRIDGE-RESONATOR-INDEPENDENT-LAG-VARIABLE-ADMISSIBILITY-EXECUTION-01,CAND-0201,Nicht-Alias-Ableitung,unknown,inventory_field_based_admissibility_execution
QSB-PLANCK-BRIDGE-RESONATOR-INDEPENDENT-LAG-VARIABLE-ADMISSIBILITY-EXECUTION-01,CAND-0201,unabhängige Source-Lineage,blocked_missing_evidence,inventory_field_based_admissibility_execution
QSB-PLANCK-BRIDGE-RESONATOR-INDEPENDENT-LAG-VARIABLE-ADMISSIBILITY-EXECUTION-01,CAND-0201,Paar-Mappbarkeit,fail,inventory_field_based_admissibility_execution
QSB-PLANCK-BRIDGE-RESONATOR-INDEPENDENT-LAG-VARIABLE-ADMISSIBILITY-EXECUTION-01,CAND-0201,nicht vollständig lag-determiniert,pass,inventory_field_based_admissibility_execution
QSB-PLANCK-BRIDGE-RESONATOR-INDEPENDENT-LAG-VARIABLE-ADMISSIBILITY-EXECUTION-01,CAND-0201,Richtungs-/Symmetrieprüfung,unknown,inventory_field_based_admissibility_execution
QSB-PLANCK-BRIDGE-RESONATOR-INDEPENDENT-LAG-VARIABLE-ADMISSIBILITY-EXECUTION-01,CAND-0201,Einheiten-/Dimensionsmetadaten,pass,inventory_field_based_admissibility_execution
QSB-PLANCK-BRIDGE-RESONATOR-INDEPENDENT-LAG-VARIABLE-ADMISSIBILITY-EXECUTION-01,CAND-0201,Null-Alias-Stresstest,blocked_missing_evidence,inventory_field_based_admissibility_execution
QSB-PLANCK-BRIDGE-RESONATOR-INDEPENDENT-LAG-VARIABLE-ADMISSIBILITY-EXECUTION-01,CAND-0202,Vor-Paar-Existenz,unknown,inventory_field_based_admissibility_execution
QSB-PLANCK-BRIDGE-RESONATOR-INDEPENDENT-LAG-VARIABLE-ADMISSIBILITY-EXECUTION-01,CAND-0202,Nicht-Alias-Ableitung,unknown,inventory_field_based_admissibility_execution
QSB-PLANCK-BRIDGE-RESONATOR-INDEPENDENT-LAG-VARIABLE-ADMISSIBILITY-EXECUTION-01,CAND-0202,unabhängige Source-Lineage,blocked_missing_evidence,inventory_field_based_admissibility_execution
QSB-PLANCK-BRIDGE-RESONATOR-INDEPENDENT-LAG-VARIABLE-ADMISSIBILITY-EXECUTION-01,CAND-0202,Paar-Mappbarkeit,fail,inventory_field_based_admissibility_execution
QSB-PLANCK-BRIDGE-RESONATOR-INDEPENDENT-LAG-VARIABLE-ADMISSIBILITY-EXECUTION-01,CAND-0202,nicht vollständig lag-determiniert,pass,inventory_field_based_admissibility_execution
QSB-PLANCK-BRIDGE-RESONATOR-INDEPENDENT-LAG-VARIABLE-ADMISSIBILITY-EXECUTION-01,CAND-0202,Richtungs-/Symmetrieprüfung,unknown,inventory_field_based_admissibility_execution
QSB-PLANCK-BRIDGE-RESONATOR-INDEPENDENT-LAG-VARIABLE-ADMISSIBILITY-EXECUTION-01,CAND-0202,Einheiten-/Dimensionsmetadaten,blocked_missing_evidence,inventory_field_based_admissibility_execution
QSB-PLANCK-BRIDGE-RESONATOR-INDEPENDENT-LAG-VARIABLE-ADMISSIBILITY-EXECUTION-01,CAND-0202,Null-Alias-Stresstest,blocked_missing_evidence,inventory_field_based_admissibility_execution
QSB-PLANCK-BRIDGE-RESONATOR-INDEPENDENT-LAG-VARIABLE-ADMISSIBILITY-EXECUTION-01,CAND-0203,Vor-Paar-Existenz,unknown,inventory_field_based_admissibility_execution
QSB-PLANCK-BRIDGE-RESONATOR-INDEPENDENT-LAG-VARIABLE-ADMISSIBILITY-EXECUTION-01,CAND-0203,Nicht-Alias-Ableitung,unknown,inventory_field_based_admissibility_execution
QSB-PLANCK-BRIDGE-RESONATOR-INDEPENDENT-LAG-VARIABLE-ADMISSIBILITY-EXECUTION-01,CAND-0203,unabhängige Source-Lineage,blocked_missing_evidence,inventory_field_based_admissibility_execution
QSB-PLANCK-BRIDGE-RESONATOR-INDEPENDENT-LAG-VARIABLE-ADMISSIBILITY-EXECUTION-01,CAND-0203,Paar-Mappbarkeit,fail,inventory_field_based_admissibility_execution
QSB-PLANCK-BRIDGE-RESONATOR-INDEPENDENT-LAG-VARIABLE-ADMISSIBILITY-EXECUTION-01,CAND-0203,nicht vollständig lag-determiniert,pass,inventory_field_based_admissibility_execution
QSB-PLANCK-BRIDGE-RESONATOR-INDEPENDENT-LAG-VARIABLE-ADMISSIBILITY-EXECUTION-01,CAND-0203,Richtungs-/Symmetrieprüfung,unknown,inventory_field_based_admissibility_execution
QSB-PLANCK-BRIDGE-RESONATOR-INDEPENDENT-LAG-VARIABLE-ADMISSIBILITY-EXECUTION-01,CAND-0203,Einheiten-/Dimensionsmetadaten,pass,inventory_field_based_admissibility_execution
QSB-PLANCK-BRIDGE-RESONATOR-INDEPENDENT-LAG-VARIABLE-ADMISSIBILITY-EXECUTION-01,CAND-0203,Null-Alias-Stresstest,blocked_missing_evidence,inventory_field_based_admissibility_execution
QSB-PLANCK-BRIDGE-RESONATOR-INDEPENDENT-LAG-VARIABLE-ADMISSIBILITY-EXECUTION-01,CAND-0204,Vor-Paar-Existenz,unknown,inventory_field_based_admissibility_execution
QSB-PLANCK-BRIDGE-RESONATOR-INDEPENDENT-LAG-VARIABLE-ADMISSIBILITY-EXECUTION-01,CAND-0204,Nicht-Alias-Ableitung,unknown,inventory_field_based_admissibility_execution
QSB-PLANCK-BRIDGE-RESONATOR-INDEPENDENT-LAG-VARIABLE-ADMISSIBILITY-EXECUTION-01,CAND-0204,unabhängige Source-Lineage,blocked_missing_evidence,inventory_field_based_admissibility_execution
QSB-PLANCK-BRIDGE-RESONATOR-INDEPENDENT-LAG-VARIABLE-ADMISSIBILITY-EXECUTION-01,CAND-0204,Paar-Mappbarkeit,fail,inventory_field_based_admissibility_execution
QSB-PLANCK-BRIDGE-RESONATOR-INDEPENDENT-LAG-VARIABLE-ADMISSIBILITY-EXECUTION-01,CAND-0204,nicht vollständig lag-determiniert,pass,inventory_field_based_admissibility_execution
QSB-PLANCK-BRIDGE-RESONATOR-INDEPENDENT-LAG-VARIABLE-ADMISSIBILITY-EXECUTION-01,CAND-0204,Richtungs-/Symmetrieprüfung,unknown,inventory_field_based_admissibility_execution
QSB-PLANCK-BRIDGE-RESONATOR-INDEPENDENT-LAG-VARIABLE-ADMISSIBILITY-EXECUTION-01,CAND-0204,Einheiten-/Dimensionsmetadaten,blocked_missing_evidence,inventory_field_based_admissibility_execution
QSB-PLANCK-BRIDGE-RESONATOR-INDEPENDENT-LAG-VARIABLE-ADMISSIBILITY-EXECUTION-01,CAND-0204,Null-Alias-Stresstest,blocked_missing_evidence,inventory_field_based_admissibility_execution
QSB-PLANCK-BRIDGE-RESONATOR-INDEPENDENT-LAG-VARIABLE-ADMISSIBILITY-EXECUTION-01,CAND-0205,Vor-Paar-Existenz,unknown,inventory_field_based_admissibility_execution
QSB-PLANCK-BRIDGE-RESONATOR-INDEPENDENT-LAG-VARIABLE-ADMISSIBILITY-EXECUTION-01,CAND-0205,Nicht-Alias-Ableitung,unknown,inventory_field_based_admissibility_execution
QSB-PLANCK-BRIDGE-RESONATOR-INDEPENDENT-LAG-VARIABLE-ADMISSIBILITY-EXECUTION-01,CAND-0205,unabhängige Source-Lineage,blocked_missing_evidence,inventory_field_based_admissibility_execution
QSB-PLANCK-BRIDGE-RESONATOR-INDEPENDENT-LAG-VARIABLE-ADMISSIBILITY-EXECUTION-01,CAND-0205,Paar-Mappbarkeit,fail,inventory_field_based_admissibility_execution
QSB-PLANCK-BRIDGE-RESONATOR-INDEPENDENT-LAG-VARIABLE-ADMISSIBILITY-EXECUTION-01,CAND-0205,nicht vollständig lag-determiniert,pass,inventory_field_based_admissibility_execution
QSB-PLANCK-BRIDGE-RESONATOR-INDEPENDENT-LAG-VARIABLE-ADMISSIBILITY-EXECUTION-01,CAND-0205,Richtungs-/Symmetrieprüfung,unknown,inventory_field_based_admissibility_execution
QSB-PLANCK-BRIDGE-RESONATOR-INDEPENDENT-LAG-VARIABLE-ADMISSIBILITY-EXECUTION-01,CAND-0205,Einheiten-/Dimensionsmetadaten,blocked_missing_evidence,inventory_field_based_admissibility_execution
QSB-PLANCK-BRIDGE-RESONATOR-INDEPENDENT-LAG-VARIABLE-ADMISSIBILITY-EXECUTION-01,CAND-0205,Null-Alias-Stresstest,blocked_missing_evidence,inventory_field_based_admissibility_execution
QSB-PLANCK-BRIDGE-RESONATOR-INDEPENDENT-LAG-VARIABLE-ADMISSIBILITY-EXECUTION-01,CAND-0206,Vor-Paar-Existenz,unknown,inventory_field_based_admissibility_execution
QSB-PLANCK-BRIDGE-RESONATOR-INDEPENDENT-LAG-VARIABLE-ADMISSIBILITY-EXECUTION-01,CAND-0206,Nicht-Alias-Ableitung,unknown,inventory_field_based_admissibility_execution
QSB-PLANCK-BRIDGE-RESONATOR-INDEPENDENT-LAG-VARIABLE-ADMISSIBILITY-EXECUTION-01,CAND-0206,unabhängige Source-Lineage,blocked_missing_evidence,inventory_field_based_admissibility_execution
QSB-PLANCK-BRIDGE-RESONATOR-INDEPENDENT-LAG-VARIABLE-ADMISSIBILITY-EXECUTION-01,CAND-0206,Paar-Mappbarkeit,fail,inventory_field_based_admissibility_execution
QSB-PLANCK-BRIDGE-RESONATOR-INDEPENDENT-LAG-VARIABLE-ADMISSIBILITY-EXECUTION-01,CAND-0206,nicht vollständig lag-determiniert,pass,inventory_field_based_admissibility_execution
QSB-PLANCK-BRIDGE-RESONATOR-INDEPENDENT-LAG-VARIABLE-ADMISSIBILITY-EXECUTION-01,CAND-0206,Richtungs-/Symmetrieprüfung,unknown,inventory_field_based_admissibility_execution
QSB-PLANCK-BRIDGE-RESONATOR-INDEPENDENT-LAG-VARIABLE-ADMISSIBILITY-EXECUTION-01,CAND-0206,Einheiten-/Dimensionsmetadaten,pass,inventory_field_based_admissibility_execution
QSB-PLANCK-BRIDGE-RESONATOR-INDEPENDENT-LAG-VARIABLE-ADMISSIBILITY-EXECUTION-01,CAND-0206,Null-Alias-Stresstest,blocked_missing_evidence,inventory_field_based_admissibility_execution
QSB-PLANCK-BRIDGE-RESONATOR-INDEPENDENT-LAG-VARIABLE-ADMISSIBILITY-EXECUTION-01,CAND-0207,Vor-Paar-Existenz,unknown,inventory_field_based_admissibility_execution
QSB-PLANCK-BRIDGE-RESONATOR-INDEPENDENT-LAG-VARIABLE-ADMISSIBILITY-EXECUTION-01,CAND-0207,Nicht-Alias-Ableitung,unknown,inventory_field_based_admissibility_execution
QSB-PLANCK-BRIDGE-RESONATOR-INDEPENDENT-LAG-VARIABLE-ADMISSIBILITY-EXECUTION-01,CAND-0207,unabhängige Source-Lineage,blocked_missing_evidence,inventory_field_based_admissibility_execution
QSB-PLANCK-BRIDGE-RESONATOR-INDEPENDENT-LAG-VARIABLE-ADMISSIBILITY-EXECUTION-01,CAND-0207,Paar-Mappbarkeit,fail,inventory_field_based_admissibility_execution
QSB-PLANCK-BRIDGE-RESONATOR-INDEPENDENT-LAG-VARIABLE-ADMISSIBILITY-EXECUTION-01,CAND-0207,nicht vollständig lag-determiniert,pass,inventory_field_based_admissibility_execution
QSB-PLANCK-BRIDGE-RESONATOR-INDEPENDENT-LAG-VARIABLE-ADMISSIBILITY-EXECUTION-01,CAND-0207,Richtungs-/Symmetrieprüfung,unknown,inventory_field_based_admissibility_execution
QSB-PLANCK-BRIDGE-RESONATOR-INDEPENDENT-LAG-VARIABLE-ADMISSIBILITY-EXECUTION-01,CAND-0207,Einheiten-/Dimensionsmetadaten,pass,inventory_field_based_admissibility_execution
QSB-PLANCK-BRIDGE-RESONATOR-INDEPENDENT-LAG-VARIABLE-ADMISSIBILITY-EXECUTION-01,CAND-0207,Null-Alias-Stresstest,blocked_missing_evidence,inventory_field_based_admissibility_execution
QSB-PLANCK-BRIDGE-RESONATOR-INDEPENDENT-LAG-VARIABLE-ADMISSIBILITY-EXECUTION-01,CAND-0208,Vor-Paar-Existenz,unknown,inventory_field_based_admissibility_execution
QSB-PLANCK-BRIDGE-RESONATOR-INDEPENDENT-LAG-VARIABLE-ADMISSIBILITY-EXECUTION-01,CAND-0208,Nicht-Alias-Ableitung,unknown,inventory_field_based_admissibility_execution
QSB-PLANCK-BRIDGE-RESONATOR-INDEPENDENT-LAG-VARIABLE-ADMISSIBILITY-EXECUTION-01,CAND-0208,unabhängige Source-Lineage,blocked_missing_evidence,inventory_field_based_admissibility_execution
QSB-PLANCK-BRIDGE-RESONATOR-INDEPENDENT-LAG-VARIABLE-ADMISSIBILITY-EXECUTION-01,CAND-0208,Paar-Mappbarkeit,fail,inventory_field_based_admissibility_execution
QSB-PLANCK-BRIDGE-RESONATOR-INDEPENDENT-LAG-VARIABLE-ADMISSIBILITY-EXECUTION-01,CAND-0208,nicht vollständig lag-determiniert,pass,inventory_field_based_admissibility_execution
QSB-PLANCK-BRIDGE-RESONATOR-INDEPENDENT-LAG-VARIABLE-ADMISSIBILITY-EXECUTION-01,CAND-0208,Richtungs-/Symmetrieprüfung,unknown,inventory_field_based_admissibility_execution
QSB-PLANCK-BRIDGE-RESONATOR-INDEPENDENT-LAG-VARIABLE-ADMISSIBILITY-EXECUTION-01,CAND-0208,Einheiten-/Dimensionsmetadaten,pass,inventory_field_based_admissibility_execution
QSB-PLANCK-BRIDGE-RESONATOR-INDEPENDENT-LAG-VARIABLE-ADMISSIBILITY-EXECUTION-01,CAND-0208,Null-Alias-Stresstest,blocked_missing_evidence,inventory_field_based_admissibility_execution
QSB-PLANCK-BRIDGE-RESONATOR-INDEPENDENT-LAG-VARIABLE-ADMISSIBILITY-EXECUTION-01,CAND-0209,Vor-Paar-Existenz,unknown,inventory_field_based_admissibility_execution
QSB-PLANCK-BRIDGE-RESONATOR-INDEPENDENT-LAG-VARIABLE-ADMISSIBILITY-EXECUTION-01,CAND-0209,Nicht-Alias-Ableitung,unknown,inventory_field_based_admissibility_execution
QSB-PLANCK-BRIDGE-RESONATOR-INDEPENDENT-LAG-VARIABLE-ADMISSIBILITY-EXECUTION-01,CAND-0209,unabhängige Source-Lineage,blocked_missing_evidence,inventory_field_based_admissibility_execution
QSB-PLANCK-BRIDGE-RESONATOR-INDEPENDENT-LAG-VARIABLE-ADMISSIBILITY-EXECUTION-01,CAND-0209,Paar-Mappbarkeit,fail,inventory_field_based_admissibility_execution
QSB-PLANCK-BRIDGE-RESONATOR-INDEPENDENT-LAG-VARIABLE-ADMISSIBILITY-EXECUTION-01,CAND-0209,nicht vollständig lag-determiniert,pass,inventory_field_based_admissibility_execution
QSB-PLANCK-BRIDGE-RESONATOR-INDEPENDENT-LAG-VARIABLE-ADMISSIBILITY-EXECUTION-01,CAND-0209,Richtungs-/Symmetrieprüfung,unknown,inventory_field_based_admissibility_execution
QSB-PLANCK-BRIDGE-RESONATOR-INDEPENDENT-LAG-VARIABLE-ADMISSIBILITY-EXECUTION-01,CAND-0209,Einheiten-/Dimensionsmetadaten,pass,inventory_field_based_admissibility_execution
QSB-PLANCK-BRIDGE-RESONATOR-INDEPENDENT-LAG-VARIABLE-ADMISSIBILITY-EXECUTION-01,CAND-0209,Null-Alias-Stresstest,blocked_missing_evidence,inventory_field_based_admissibility_execution
QSB-PLANCK-BRIDGE-RESONATOR-INDEPENDENT-LAG-VARIABLE-ADMISSIBILITY-EXECUTION-01,CAND-0210,Vor-Paar-Existenz,unknown,inventory_field_based_admissibility_execution
QSB-PLANCK-BRIDGE-RESONATOR-INDEPENDENT-LAG-VARIABLE-ADMISSIBILITY-EXECUTION-01,CAND-0210,Nicht-Alias-Ableitung,unknown,inventory_field_based_admissibility_execution
QSB-PLANCK-BRIDGE-RESONATOR-INDEPENDENT-LAG-VARIABLE-ADMISSIBILITY-EXECUTION-01,CAND-0210,unabhängige Source-Lineage,blocked_missing_evidence,inventory_field_based_admissibility_execution
QSB-PLANCK-BRIDGE-RESONATOR-INDEPENDENT-LAG-VARIABLE-ADMISSIBILITY-EXECUTION-01,CAND-0210,Paar-Mappbarkeit,fail,inventory_field_based_admissibility_execution
QSB-PLANCK-BRIDGE-RESONATOR-INDEPENDENT-LAG-VARIABLE-ADMISSIBILITY-EXECUTION-01,CAND-0210,nicht vollständig lag-determiniert,pass,inventory_field_based_admissibility_execution
QSB-PLANCK-BRIDGE-RESONATOR-INDEPENDENT-LAG-VARIABLE-ADMISSIBILITY-EXECUTION-01,CAND-0210,Richtungs-/Symmetrieprüfung,unknown,inventory_field_based_admissibility_execution
QSB-PLANCK-BRIDGE-RESONATOR-INDEPENDENT-LAG-VARIABLE-ADMISSIBILITY-EXECUTION-01,CAND-0210,Einheiten-/Dimensionsmetadaten,blocked_missing_evidence,inventory_field_based_admissibility_execution
QSB-PLANCK-BRIDGE-RESONATOR-INDEPENDENT-LAG-VARIABLE-ADMISSIBILITY-EXECUTION-01,CAND-0210,Null-Alias-Stresstest,blocked_missing_evidence,inventory_field_based_admissibility_execution
QSB-PLANCK-BRIDGE-RESONATOR-INDEPENDENT-LAG-VARIABLE-ADMISSIBILITY-EXECUTION-01,CAND-0211,Vor-Paar-Existenz,unknown,inventory_field_based_admissibility_execution
QSB-PLANCK-BRIDGE-RESONATOR-INDEPENDENT-LAG-VARIABLE-ADMISSIBILITY-EXECUTION-01,CAND-0211,Nicht-Alias-Ableitung,unknown,inventory_field_based_admissibility_execution
QSB-PLANCK-BRIDGE-RESONATOR-INDEPENDENT-LAG-VARIABLE-ADMISSIBILITY-EXECUTION-01,CAND-0211,unabhängige Source-Lineage,blocked_missing_evidence,inventory_field_based_admissibility_execution
QSB-PLANCK-BRIDGE-RESONATOR-INDEPENDENT-LAG-VARIABLE-ADMISSIBILITY-EXECUTION-01,CAND-0211,Paar-Mappbarkeit,fail,inventory_field_based_admissibility_execution
QSB-PLANCK-BRIDGE-RESONATOR-INDEPENDENT-LAG-VARIABLE-ADMISSIBILITY-EXECUTION-01,CAND-0211,nicht vollständig lag-determiniert,pass,inventory_field_based_admissibility_execution
QSB-PLANCK-BRIDGE-RESONATOR-INDEPENDENT-LAG-VARIABLE-ADMISSIBILITY-EXECUTION-01,CAND-0211,Richtungs-/Symmetrieprüfung,unknown,inventory_field_based_admissibility_execution
QSB-PLANCK-BRIDGE-RESONATOR-INDEPENDENT-LAG-VARIABLE-ADMISSIBILITY-EXECUTION-01,CAND-0211,Einheiten-/Dimensionsmetadaten,blocked_missing_evidence,inventory_field_based_admissibility_execution
QSB-PLANCK-BRIDGE-RESONATOR-INDEPENDENT-LAG-VARIABLE-ADMISSIBILITY-EXECUTION-01,CAND-0211,Null-Alias-Stresstest,blocked_missing_evidence,inventory_field_based_admissibility_execution
QSB-PLANCK-BRIDGE-RESONATOR-INDEPENDENT-LAG-VARIABLE-ADMISSIBILITY-EXECUTION-01,CAND-0212,Vor-Paar-Existenz,unknown,inventory_field_based_admissibility_execution
QSB-PLANCK-BRIDGE-RESONATOR-INDEPENDENT-LAG-VARIABLE-ADMISSIBILITY-EXECUTION-01,CAND-0212,Nicht-Alias-Ableitung,unknown,inventory_field_based_admissibility_execution
QSB-PLANCK-BRIDGE-RESONATOR-INDEPENDENT-LAG-VARIABLE-ADMISSIBILITY-EXECUTION-01,CAND-0212,unabhängige Source-Lineage,blocked_missing_evidence,inventory_field_based_admissibility_execution
QSB-PLANCK-BRIDGE-RESONATOR-INDEPENDENT-LAG-VARIABLE-ADMISSIBILITY-EXECUTION-01,CAND-0212,Paar-Mappbarkeit,fail,inventory_field_based_admissibility_execution
QSB-PLANCK-BRIDGE-RESONATOR-INDEPENDENT-LAG-VARIABLE-ADMISSIBILITY-EXECUTION-01,CAND-0212,nicht vollständig lag-determiniert,pass,inventory_field_based_admissibility_execution
QSB-PLANCK-BRIDGE-RESONATOR-INDEPENDENT-LAG-VARIABLE-ADMISSIBILITY-EXECUTION-01,CAND-0212,Richtungs-/Symmetrieprüfung,unknown,inventory_field_based_admissibility_execution
QSB-PLANCK-BRIDGE-RESONATOR-INDEPENDENT-LAG-VARIABLE-ADMISSIBILITY-EXECUTION-01,CAND-0212,Einheiten-/Dimensionsmetadaten,pass,inventory_field_based_admissibility_execution
QSB-PLANCK-BRIDGE-RESONATOR-INDEPENDENT-LAG-VARIABLE-ADMISSIBILITY-EXECUTION-01,CAND-0212,Null-Alias-Stresstest,blocked_missing_evidence,inventory_field_based_admissibility_execution
QSB-PLANCK-BRIDGE-RESONATOR-INDEPENDENT-LAG-VARIABLE-ADMISSIBILITY-EXECUTION-01,CAND-0213,Vor-Paar-Existenz,unknown,inventory_field_based_admissibility_execution
QSB-PLANCK-BRIDGE-RESONATOR-INDEPENDENT-LAG-VARIABLE-ADMISSIBILITY-EXECUTION-01,CAND-0213,Nicht-Alias-Ableitung,unknown,inventory_field_based_admissibility_execution
QSB-PLANCK-BRIDGE-RESONATOR-INDEPENDENT-LAG-VARIABLE-ADMISSIBILITY-EXECUTION-01,CAND-0213,unabhängige Source-Lineage,blocked_missing_evidence,inventory_field_based_admissibility_execution
QSB-PLANCK-BRIDGE-RESONATOR-INDEPENDENT-LAG-VARIABLE-ADMISSIBILITY-EXECUTION-01,CAND-0213,Paar-Mappbarkeit,fail,inventory_field_based_admissibility_execution
QSB-PLANCK-BRIDGE-RESONATOR-INDEPENDENT-LAG-VARIABLE-ADMISSIBILITY-EXECUTION-01,CAND-0213,nicht vollständig lag-determiniert,pass,inventory_field_based_admissibility_execution
QSB-PLANCK-BRIDGE-RESONATOR-INDEPENDENT-LAG-VARIABLE-ADMISSIBILITY-EXECUTION-01,CAND-0213,Richtungs-/Symmetrieprüfung,unknown,inventory_field_based_admissibility_execution
QSB-PLANCK-BRIDGE-RESONATOR-INDEPENDENT-LAG-VARIABLE-ADMISSIBILITY-EXECUTION-01,CAND-0213,Einheiten-/Dimensionsmetadaten,pass,inventory_field_based_admissibility_execution
QSB-PLANCK-BRIDGE-RESONATOR-INDEPENDENT-LAG-VARIABLE-ADMISSIBILITY-EXECUTION-01,CAND-0213,Null-Alias-Stresstest,blocked_missing_evidence,inventory_field_based_admissibility_execution
QSB-PLANCK-BRIDGE-RESONATOR-INDEPENDENT-LAG-VARIABLE-ADMISSIBILITY-EXECUTION-01,CAND-0214,Vor-Paar-Existenz,unknown,inventory_field_based_admissibility_execution
QSB-PLANCK-BRIDGE-RESONATOR-INDEPENDENT-LAG-VARIABLE-ADMISSIBILITY-EXECUTION-01,CAND-0214,Nicht-Alias-Ableitung,unknown,inventory_field_based_admissibility_execution
QSB-PLANCK-BRIDGE-RESONATOR-INDEPENDENT-LAG-VARIABLE-ADMISSIBILITY-EXECUTION-01,CAND-0214,unabhängige Source-Lineage,blocked_missing_evidence,inventory_field_based_admissibility_execution
QSB-PLANCK-BRIDGE-RESONATOR-INDEPENDENT-LAG-VARIABLE-ADMISSIBILITY-EXECUTION-01,CAND-0214,Paar-Mappbarkeit,fail,inventory_field_based_admissibility_execution
QSB-PLANCK-BRIDGE-RESONATOR-INDEPENDENT-LAG-VARIABLE-ADMISSIBILITY-EXECUTION-01,CAND-0214,nicht vollständig lag-determiniert,pass,inventory_field_based_admissibility_execution
QSB-PLANCK-BRIDGE-RESONATOR-INDEPENDENT-LAG-VARIABLE-ADMISSIBILITY-EXECUTION-01,CAND-0214,Richtungs-/Symmetrieprüfung,unknown,inventory_field_based_admissibility_execution
QSB-PLANCK-BRIDGE-RESONATOR-INDEPENDENT-LAG-VARIABLE-ADMISSIBILITY-EXECUTION-01,CAND-0214,Einheiten-/Dimensionsmetadaten,pass,inventory_field_based_admissibility_execution
QSB-PLANCK-BRIDGE-RESONATOR-INDEPENDENT-LAG-VARIABLE-ADMISSIBILITY-EXECUTION-01,CAND-0214,Null-Alias-Stresstest,blocked_missing_evidence,inventory_field_based_admissibility_execution
QSB-PLANCK-BRIDGE-RESONATOR-INDEPENDENT-LAG-VARIABLE-ADMISSIBILITY-EXECUTION-01,CAND-0215,Vor-Paar-Existenz,unknown,inventory_field_based_admissibility_execution
QSB-PLANCK-BRIDGE-RESONATOR-INDEPENDENT-LAG-VARIABLE-ADMISSIBILITY-EXECUTION-01,CAND-0215,Nicht-Alias-Ableitung,unknown,inventory_field_based_admissibility_execution
QSB-PLANCK-BRIDGE-RESONATOR-INDEPENDENT-LAG-VARIABLE-ADMISSIBILITY-EXECUTION-01,CAND-0215,unabhängige Source-Lineage,blocked_missing_evidence,inventory_field_based_admissibility_execution
QSB-PLANCK-BRIDGE-RESONATOR-INDEPENDENT-LAG-VARIABLE-ADMISSIBILITY-EXECUTION-01,CAND-0215,Paar-Mappbarkeit,fail,inventory_field_based_admissibility_execution
QSB-PLANCK-BRIDGE-RESONATOR-INDEPENDENT-LAG-VARIABLE-ADMISSIBILITY-EXECUTION-01,CAND-0215,nicht vollständig lag-determiniert,pass,inventory_field_based_admissibility_execution
QSB-PLANCK-BRIDGE-RESONATOR-INDEPENDENT-LAG-VARIABLE-ADMISSIBILITY-EXECUTION-01,CAND-0215,Richtungs-/Symmetrieprüfung,unknown,inventory_field_based_admissibility_execution
QSB-PLANCK-BRIDGE-RESONATOR-INDEPENDENT-LAG-VARIABLE-ADMISSIBILITY-EXECUTION-01,CAND-0215,Einheiten-/Dimensionsmetadaten,pass,inventory_field_based_admissibility_execution
QSB-PLANCK-BRIDGE-RESONATOR-INDEPENDENT-LAG-VARIABLE-ADMISSIBILITY-EXECUTION-01,CAND-0215,Null-Alias-Stresstest,blocked_missing_evidence,inventory_field_based_admissibility_execution
QSB-PLANCK-BRIDGE-RESONATOR-INDEPENDENT-LAG-VARIABLE-ADMISSIBILITY-EXECUTION-01,CAND-0216,Vor-Paar-Existenz,unknown,inventory_field_based_admissibility_execution
QSB-PLANCK-BRIDGE-RESONATOR-INDEPENDENT-LAG-VARIABLE-ADMISSIBILITY-EXECUTION-01,CAND-0216,Nicht-Alias-Ableitung,unknown,inventory_field_based_admissibility_execution
QSB-PLANCK-BRIDGE-RESONATOR-INDEPENDENT-LAG-VARIABLE-ADMISSIBILITY-EXECUTION-01,CAND-0216,unabhängige Source-Lineage,blocked_missing_evidence,inventory_field_based_admissibility_execution
QSB-PLANCK-BRIDGE-RESONATOR-INDEPENDENT-LAG-VARIABLE-ADMISSIBILITY-EXECUTION-01,CAND-0216,Paar-Mappbarkeit,fail,inventory_field_based_admissibility_execution
QSB-PLANCK-BRIDGE-RESONATOR-INDEPENDENT-LAG-VARIABLE-ADMISSIBILITY-EXECUTION-01,CAND-0216,nicht vollständig lag-determiniert,pass,inventory_field_based_admissibility_execution
QSB-PLANCK-BRIDGE-RESONATOR-INDEPENDENT-LAG-VARIABLE-ADMISSIBILITY-EXECUTION-01,CAND-0216,Richtungs-/Symmetrieprüfung,unknown,inventory_field_based_admissibility_execution
QSB-PLANCK-BRIDGE-RESONATOR-INDEPENDENT-LAG-VARIABLE-ADMISSIBILITY-EXECUTION-01,CAND-0216,Einheiten-/Dimensionsmetadaten,blocked_missing_evidence,inventory_field_based_admissibility_execution
QSB-PLANCK-BRIDGE-RESONATOR-INDEPENDENT-LAG-VARIABLE-ADMISSIBILITY-EXECUTION-01,CAND-0216,Null-Alias-Stresstest,blocked_missing_evidence,inventory_field_based_admissibility_execution
QSB-PLANCK-BRIDGE-RESONATOR-INDEPENDENT-LAG-VARIABLE-ADMISSIBILITY-EXECUTION-01,CAND-0217,Vor-Paar-Existenz,unknown,inventory_field_based_admissibility_execution
QSB-PLANCK-BRIDGE-RESONATOR-INDEPENDENT-LAG-VARIABLE-ADMISSIBILITY-EXECUTION-01,CAND-0217,Nicht-Alias-Ableitung,unknown,inventory_field_based_admissibility_execution
QSB-PLANCK-BRIDGE-RESONATOR-INDEPENDENT-LAG-VARIABLE-ADMISSIBILITY-EXECUTION-01,CAND-0217,unabhängige Source-Lineage,blocked_missing_evidence,inventory_field_based_admissibility_execution
QSB-PLANCK-BRIDGE-RESONATOR-INDEPENDENT-LAG-VARIABLE-ADMISSIBILITY-EXECUTION-01,CAND-0217,Paar-Mappbarkeit,fail,inventory_field_based_admissibility_execution
QSB-PLANCK-BRIDGE-RESONATOR-INDEPENDENT-LAG-VARIABLE-ADMISSIBILITY-EXECUTION-01,CAND-0217,nicht vollständig lag-determiniert,pass,inventory_field_based_admissibility_execution
QSB-PLANCK-BRIDGE-RESONATOR-INDEPENDENT-LAG-VARIABLE-ADMISSIBILITY-EXECUTION-01,CAND-0217,Richtungs-/Symmetrieprüfung,unknown,inventory_field_based_admissibility_execution
QSB-PLANCK-BRIDGE-RESONATOR-INDEPENDENT-LAG-VARIABLE-ADMISSIBILITY-EXECUTION-01,CAND-0217,Einheiten-/Dimensionsmetadaten,pass,inventory_field_based_admissibility_execution
QSB-PLANCK-BRIDGE-RESONATOR-INDEPENDENT-LAG-VARIABLE-ADMISSIBILITY-EXECUTION-01,CAND-0217,Null-Alias-Stresstest,blocked_missing_evidence,inventory_field_based_admissibility_execution
QSB-PLANCK-BRIDGE-RESONATOR-INDEPENDENT-LAG-VARIABLE-ADMISSIBILITY-EXECUTION-01,CAND-0218,Vor-Paar-Existenz,unknown,inventory_field_based_admissibility_execution
QSB-PLANCK-BRIDGE-RESONATOR-INDEPENDENT-LAG-VARIABLE-ADMISSIBILITY-EXECUTION-01,CAND-0218,Nicht-Alias-Ableitung,unknown,inventory_field_based_admissibility_execution
QSB-PLANCK-BRIDGE-RESONATOR-INDEPENDENT-LAG-VARIABLE-ADMISSIBILITY-EXECUTION-01,CAND-0218,unabhängige Source-Lineage,blocked_missing_evidence,inventory_field_based_admissibility_execution
QSB-PLANCK-BRIDGE-RESONATOR-INDEPENDENT-LAG-VARIABLE-ADMISSIBILITY-EXECUTION-01,CAND-0218,Paar-Mappbarkeit,fail,inventory_field_based_admissibility_execution
QSB-PLANCK-BRIDGE-RESONATOR-INDEPENDENT-LAG-VARIABLE-ADMISSIBILITY-EXECUTION-01,CAND-0218,nicht vollständig lag-determiniert,pass,inventory_field_based_admissibility_execution
QSB-PLANCK-BRIDGE-RESONATOR-INDEPENDENT-LAG-VARIABLE-ADMISSIBILITY-EXECUTION-01,CAND-0218,Richtungs-/Symmetrieprüfung,unknown,inventory_field_based_admissibility_execution
QSB-PLANCK-BRIDGE-RESONATOR-INDEPENDENT-LAG-VARIABLE-ADMISSIBILITY-EXECUTION-01,CAND-0218,Einheiten-/Dimensionsmetadaten,pass,inventory_field_based_admissibility_execution
QSB-PLANCK-BRIDGE-RESONATOR-INDEPENDENT-LAG-VARIABLE-ADMISSIBILITY-EXECUTION-01,CAND-0218,Null-Alias-Stresstest,blocked_missing_evidence,inventory_field_based_admissibility_execution
QSB-PLANCK-BRIDGE-RESONATOR-INDEPENDENT-LAG-VARIABLE-ADMISSIBILITY-EXECUTION-01,CAND-0219,Vor-Paar-Existenz,unknown,inventory_field_based_admissibility_execution
QSB-PLANCK-BRIDGE-RESONATOR-INDEPENDENT-LAG-VARIABLE-ADMISSIBILITY-EXECUTION-01,CAND-0219,Nicht-Alias-Ableitung,unknown,inventory_field_based_admissibility_execution
QSB-PLANCK-BRIDGE-RESONATOR-INDEPENDENT-LAG-VARIABLE-ADMISSIBILITY-EXECUTION-01,CAND-0219,unabhängige Source-Lineage,blocked_missing_evidence,inventory_field_based_admissibility_execution
QSB-PLANCK-BRIDGE-RESONATOR-INDEPENDENT-LAG-VARIABLE-ADMISSIBILITY-EXECUTION-01,CAND-0219,Paar-Mappbarkeit,fail,inventory_field_based_admissibility_execution
QSB-PLANCK-BRIDGE-RESONATOR-INDEPENDENT-LAG-VARIABLE-ADMISSIBILITY-EXECUTION-01,CAND-0219,nicht vollständig lag-determiniert,pass,inventory_field_based_admissibility_execution
QSB-PLANCK-BRIDGE-RESONATOR-INDEPENDENT-LAG-VARIABLE-ADMISSIBILITY-EXECUTION-01,CAND-0219,Richtungs-/Symmetrieprüfung,unknown,inventory_field_based_admissibility_execution
QSB-PLANCK-BRIDGE-RESONATOR-INDEPENDENT-LAG-VARIABLE-ADMISSIBILITY-EXECUTION-01,CAND-0219,Einheiten-/Dimensionsmetadaten,pass,inventory_field_based_admissibility_execution
QSB-PLANCK-BRIDGE-RESONATOR-INDEPENDENT-LAG-VARIABLE-ADMISSIBILITY-EXECUTION-01,CAND-0219,Null-Alias-Stresstest,blocked_missing_evidence,inventory_field_based_admissibility_execution
QSB-PLANCK-BRIDGE-RESONATOR-INDEPENDENT-LAG-VARIABLE-ADMISSIBILITY-EXECUTION-01,CAND-0220,Vor-Paar-Existenz,unknown,inventory_field_based_admissibility_execution
QSB-PLANCK-BRIDGE-RESONATOR-INDEPENDENT-LAG-VARIABLE-ADMISSIBILITY-EXECUTION-01,CAND-0220,Nicht-Alias-Ableitung,unknown,inventory_field_based_admissibility_execution
QSB-PLANCK-BRIDGE-RESONATOR-INDEPENDENT-LAG-VARIABLE-ADMISSIBILITY-EXECUTION-01,CAND-0220,unabhängige Source-Lineage,blocked_missing_evidence,inventory_field_based_admissibility_execution
QSB-PLANCK-BRIDGE-RESONATOR-INDEPENDENT-LAG-VARIABLE-ADMISSIBILITY-EXECUTION-01,CAND-0220,Paar-Mappbarkeit,fail,inventory_field_based_admissibility_execution
QSB-PLANCK-BRIDGE-RESONATOR-INDEPENDENT-LAG-VARIABLE-ADMISSIBILITY-EXECUTION-01,CAND-0220,nicht vollständig lag-determiniert,pass,inventory_field_based_admissibility_execution
QSB-PLANCK-BRIDGE-RESONATOR-INDEPENDENT-LAG-VARIABLE-ADMISSIBILITY-EXECUTION-01,CAND-0220,Richtungs-/Symmetrieprüfung,unknown,inventory_field_based_admissibility_execution
QSB-PLANCK-BRIDGE-RESONATOR-INDEPENDENT-LAG-VARIABLE-ADMISSIBILITY-EXECUTION-01,CAND-0220,Einheiten-/Dimensionsmetadaten,blocked_missing_evidence,inventory_field_based_admissibility_execution
QSB-PLANCK-BRIDGE-RESONATOR-INDEPENDENT-LAG-VARIABLE-ADMISSIBILITY-EXECUTION-01,CAND-0220,Null-Alias-Stresstest,blocked_missing_evidence,inventory_field_based_admissibility_execution
QSB-PLANCK-BRIDGE-RESONATOR-INDEPENDENT-LAG-VARIABLE-ADMISSIBILITY-EXECUTION-01,CAND-0221,Vor-Paar-Existenz,unknown,inventory_field_based_admissibility_execution
QSB-PLANCK-BRIDGE-RESONATOR-INDEPENDENT-LAG-VARIABLE-ADMISSIBILITY-EXECUTION-01,CAND-0221,Nicht-Alias-Ableitung,unknown,inventory_field_based_admissibility_execution
QSB-PLANCK-BRIDGE-RESONATOR-INDEPENDENT-LAG-VARIABLE-ADMISSIBILITY-EXECUTION-01,CAND-0221,unabhängige Source-Lineage,blocked_missing_evidence,inventory_field_based_admissibility_execution
QSB-PLANCK-BRIDGE-RESONATOR-INDEPENDENT-LAG-VARIABLE-ADMISSIBILITY-EXECUTION-01,CAND-0221,Paar-Mappbarkeit,fail,inventory_field_based_admissibility_execution
QSB-PLANCK-BRIDGE-RESONATOR-INDEPENDENT-LAG-VARIABLE-ADMISSIBILITY-EXECUTION-01,CAND-0221,nicht vollständig lag-determiniert,pass,inventory_field_based_admissibility_execution
QSB-PLANCK-BRIDGE-RESONATOR-INDEPENDENT-LAG-VARIABLE-ADMISSIBILITY-EXECUTION-01,CAND-0221,Richtungs-/Symmetrieprüfung,unknown,inventory_field_based_admissibility_execution
QSB-PLANCK-BRIDGE-RESONATOR-INDEPENDENT-LAG-VARIABLE-ADMISSIBILITY-EXECUTION-01,CAND-0221,Einheiten-/Dimensionsmetadaten,pass,inventory_field_based_admissibility_execution
QSB-PLANCK-BRIDGE-RESONATOR-INDEPENDENT-LAG-VARIABLE-ADMISSIBILITY-EXECUTION-01,CAND-0221,Null-Alias-Stresstest,blocked_missing_evidence,inventory_field_based_admissibility_execution
QSB-PLANCK-BRIDGE-RESONATOR-INDEPENDENT-LAG-VARIABLE-ADMISSIBILITY-EXECUTION-01,CAND-0222,Vor-Paar-Existenz,unknown,inventory_field_based_admissibility_execution
QSB-PLANCK-BRIDGE-RESONATOR-INDEPENDENT-LAG-VARIABLE-ADMISSIBILITY-EXECUTION-01,CAND-0222,Nicht-Alias-Ableitung,unknown,inventory_field_based_admissibility_execution
QSB-PLANCK-BRIDGE-RESONATOR-INDEPENDENT-LAG-VARIABLE-ADMISSIBILITY-EXECUTION-01,CAND-0222,unabhängige Source-Lineage,blocked_missing_evidence,inventory_field_based_admissibility_execution
QSB-PLANCK-BRIDGE-RESONATOR-INDEPENDENT-LAG-VARIABLE-ADMISSIBILITY-EXECUTION-01,CAND-0222,Paar-Mappbarkeit,fail,inventory_field_based_admissibility_execution
QSB-PLANCK-BRIDGE-RESONATOR-INDEPENDENT-LAG-VARIABLE-ADMISSIBILITY-EXECUTION-01,CAND-0222,nicht vollständig lag-determiniert,pass,inventory_field_based_admissibility_execution
QSB-PLANCK-BRIDGE-RESONATOR-INDEPENDENT-LAG-VARIABLE-ADMISSIBILITY-EXECUTION-01,CAND-0222,Richtungs-/Symmetrieprüfung,unknown,inventory_field_based_admissibility_execution
QSB-PLANCK-BRIDGE-RESONATOR-INDEPENDENT-LAG-VARIABLE-ADMISSIBILITY-EXECUTION-01,CAND-0222,Einheiten-/Dimensionsmetadaten,pass,inventory_field_based_admissibility_execution
QSB-PLANCK-BRIDGE-RESONATOR-INDEPENDENT-LAG-VARIABLE-ADMISSIBILITY-EXECUTION-01,CAND-0222,Null-Alias-Stresstest,blocked_missing_evidence,inventory_field_based_admissibility_execution
QSB-PLANCK-BRIDGE-RESONATOR-INDEPENDENT-LAG-VARIABLE-ADMISSIBILITY-EXECUTION-01,CAND-0223,Vor-Paar-Existenz,unknown,inventory_field_based_admissibility_execution
QSB-PLANCK-BRIDGE-RESONATOR-INDEPENDENT-LAG-VARIABLE-ADMISSIBILITY-EXECUTION-01,CAND-0223,Nicht-Alias-Ableitung,unknown,inventory_field_based_admissibility_execution
QSB-PLANCK-BRIDGE-RESONATOR-INDEPENDENT-LAG-VARIABLE-ADMISSIBILITY-EXECUTION-01,CAND-0223,unabhängige Source-Lineage,blocked_missing_evidence,inventory_field_based_admissibility_execution
QSB-PLANCK-BRIDGE-RESONATOR-INDEPENDENT-LAG-VARIABLE-ADMISSIBILITY-EXECUTION-01,CAND-0223,Paar-Mappbarkeit,fail,inventory_field_based_admissibility_execution
QSB-PLANCK-BRIDGE-RESONATOR-INDEPENDENT-LAG-VARIABLE-ADMISSIBILITY-EXECUTION-01,CAND-0223,nicht vollständig lag-determiniert,pass,inventory_field_based_admissibility_execution
QSB-PLANCK-BRIDGE-RESONATOR-INDEPENDENT-LAG-VARIABLE-ADMISSIBILITY-EXECUTION-01,CAND-0223,Richtungs-/Symmetrieprüfung,unknown,inventory_field_based_admissibility_execution
QSB-PLANCK-BRIDGE-RESONATOR-INDEPENDENT-LAG-VARIABLE-ADMISSIBILITY-EXECUTION-01,CAND-0223,Einheiten-/Dimensionsmetadaten,pass,inventory_field_based_admissibility_execution
QSB-PLANCK-BRIDGE-RESONATOR-INDEPENDENT-LAG-VARIABLE-ADMISSIBILITY-EXECUTION-01,CAND-0223,Null-Alias-Stresstest,blocked_missing_evidence,inventory_field_based_admissibility_execution
QSB-PLANCK-BRIDGE-RESONATOR-INDEPENDENT-LAG-VARIABLE-ADMISSIBILITY-EXECUTION-01,CAND-0224,Vor-Paar-Existenz,unknown,inventory_field_based_admissibility_execution
QSB-PLANCK-BRIDGE-RESONATOR-INDEPENDENT-LAG-VARIABLE-ADMISSIBILITY-EXECUTION-01,CAND-0224,Nicht-Alias-Ableitung,unknown,inventory_field_based_admissibility_execution
QSB-PLANCK-BRIDGE-RESONATOR-INDEPENDENT-LAG-VARIABLE-ADMISSIBILITY-EXECUTION-01,CAND-0224,unabhängige Source-Lineage,blocked_missing_evidence,inventory_field_based_admissibility_execution
QSB-PLANCK-BRIDGE-RESONATOR-INDEPENDENT-LAG-VARIABLE-ADMISSIBILITY-EXECUTION-01,CAND-0224,Paar-Mappbarkeit,fail,inventory_field_based_admissibility_execution
QSB-PLANCK-BRIDGE-RESONATOR-INDEPENDENT-LAG-VARIABLE-ADMISSIBILITY-EXECUTION-01,CAND-0224,nicht vollständig lag-determiniert,pass,inventory_field_based_admissibility_execution
QSB-PLANCK-BRIDGE-RESONATOR-INDEPENDENT-LAG-VARIABLE-ADMISSIBILITY-EXECUTION-01,CAND-0224,Richtungs-/Symmetrieprüfung,unknown,inventory_field_based_admissibility_execution
QSB-PLANCK-BRIDGE-RESONATOR-INDEPENDENT-LAG-VARIABLE-ADMISSIBILITY-EXECUTION-01,CAND-0224,Einheiten-/Dimensionsmetadaten,pass,inventory_field_based_admissibility_execution
QSB-PLANCK-BRIDGE-RESONATOR-INDEPENDENT-LAG-VARIABLE-ADMISSIBILITY-EXECUTION-01,CAND-0224,Null-Alias-Stresstest,blocked_missing_evidence,inventory_field_based_admissibility_execution
QSB-PLANCK-BRIDGE-RESONATOR-INDEPENDENT-LAG-VARIABLE-ADMISSIBILITY-EXECUTION-01,CAND-0225,Vor-Paar-Existenz,unknown,inventory_field_based_admissibility_execution
QSB-PLANCK-BRIDGE-RESONATOR-INDEPENDENT-LAG-VARIABLE-ADMISSIBILITY-EXECUTION-01,CAND-0225,Nicht-Alias-Ableitung,unknown,inventory_field_based_admissibility_execution
QSB-PLANCK-BRIDGE-RESONATOR-INDEPENDENT-LAG-VARIABLE-ADMISSIBILITY-EXECUTION-01,CAND-0225,unabhängige Source-Lineage,blocked_missing_evidence,inventory_field_based_admissibility_execution
QSB-PLANCK-BRIDGE-RESONATOR-INDEPENDENT-LAG-VARIABLE-ADMISSIBILITY-EXECUTION-01,CAND-0225,Paar-Mappbarkeit,fail,inventory_field_based_admissibility_execution
QSB-PLANCK-BRIDGE-RESONATOR-INDEPENDENT-LAG-VARIABLE-ADMISSIBILITY-EXECUTION-01,CAND-0225,nicht vollständig lag-determiniert,pass,inventory_field_based_admissibility_execution
QSB-PLANCK-BRIDGE-RESONATOR-INDEPENDENT-LAG-VARIABLE-ADMISSIBILITY-EXECUTION-01,CAND-0225,Richtungs-/Symmetrieprüfung,unknown,inventory_field_based_admissibility_execution
QSB-PLANCK-BRIDGE-RESONATOR-INDEPENDENT-LAG-VARIABLE-ADMISSIBILITY-EXECUTION-01,CAND-0225,Einheiten-/Dimensionsmetadaten,blocked_missing_evidence,inventory_field_based_admissibility_execution
QSB-PLANCK-BRIDGE-RESONATOR-INDEPENDENT-LAG-VARIABLE-ADMISSIBILITY-EXECUTION-01,CAND-0225,Null-Alias-Stresstest,blocked_missing_evidence,inventory_field_based_admissibility_execution
QSB-PLANCK-BRIDGE-RESONATOR-INDEPENDENT-LAG-VARIABLE-ADMISSIBILITY-EXECUTION-01,CAND-0226,Vor-Paar-Existenz,unknown,inventory_field_based_admissibility_execution
QSB-PLANCK-BRIDGE-RESONATOR-INDEPENDENT-LAG-VARIABLE-ADMISSIBILITY-EXECUTION-01,CAND-0226,Nicht-Alias-Ableitung,unknown,inventory_field_based_admissibility_execution
QSB-PLANCK-BRIDGE-RESONATOR-INDEPENDENT-LAG-VARIABLE-ADMISSIBILITY-EXECUTION-01,CAND-0226,unabhängige Source-Lineage,blocked_missing_evidence,inventory_field_based_admissibility_execution
QSB-PLANCK-BRIDGE-RESONATOR-INDEPENDENT-LAG-VARIABLE-ADMISSIBILITY-EXECUTION-01,CAND-0226,Paar-Mappbarkeit,fail,inventory_field_based_admissibility_execution
QSB-PLANCK-BRIDGE-RESONATOR-INDEPENDENT-LAG-VARIABLE-ADMISSIBILITY-EXECUTION-01,CAND-0226,nicht vollständig lag-determiniert,pass,inventory_field_based_admissibility_execution
QSB-PLANCK-BRIDGE-RESONATOR-INDEPENDENT-LAG-VARIABLE-ADMISSIBILITY-EXECUTION-01,CAND-0226,Richtungs-/Symmetrieprüfung,unknown,inventory_field_based_admissibility_execution
QSB-PLANCK-BRIDGE-RESONATOR-INDEPENDENT-LAG-VARIABLE-ADMISSIBILITY-EXECUTION-01,CAND-0226,Einheiten-/Dimensionsmetadaten,blocked_missing_evidence,inventory_field_based_admissibility_execution
QSB-PLANCK-BRIDGE-RESONATOR-INDEPENDENT-LAG-VARIABLE-ADMISSIBILITY-EXECUTION-01,CAND-0226,Null-Alias-Stresstest,blocked_missing_evidence,inventory_field_based_admissibility_execution
QSB-PLANCK-BRIDGE-RESONATOR-INDEPENDENT-LAG-VARIABLE-ADMISSIBILITY-EXECUTION-01,CAND-0227,Vor-Paar-Existenz,unknown,inventory_field_based_admissibility_execution
QSB-PLANCK-BRIDGE-RESONATOR-INDEPENDENT-LAG-VARIABLE-ADMISSIBILITY-EXECUTION-01,CAND-0227,Nicht-Alias-Ableitung,unknown,inventory_field_based_admissibility_execution
QSB-PLANCK-BRIDGE-RESONATOR-INDEPENDENT-LAG-VARIABLE-ADMISSIBILITY-EXECUTION-01,CAND-0227,unabhängige Source-Lineage,blocked_missing_evidence,inventory_field_based_admissibility_execution
QSB-PLANCK-BRIDGE-RESONATOR-INDEPENDENT-LAG-VARIABLE-ADMISSIBILITY-EXECUTION-01,CAND-0227,Paar-Mappbarkeit,fail,inventory_field_based_admissibility_execution
QSB-PLANCK-BRIDGE-RESONATOR-INDEPENDENT-LAG-VARIABLE-ADMISSIBILITY-EXECUTION-01,CAND-0227,nicht vollständig lag-determiniert,pass,inventory_field_based_admissibility_execution
QSB-PLANCK-BRIDGE-RESONATOR-INDEPENDENT-LAG-VARIABLE-ADMISSIBILITY-EXECUTION-01,CAND-0227,Richtungs-/Symmetrieprüfung,unknown,inventory_field_based_admissibility_execution
QSB-PLANCK-BRIDGE-RESONATOR-INDEPENDENT-LAG-VARIABLE-ADMISSIBILITY-EXECUTION-01,CAND-0227,Einheiten-/Dimensionsmetadaten,blocked_missing_evidence,inventory_field_based_admissibility_execution
QSB-PLANCK-BRIDGE-RESONATOR-INDEPENDENT-LAG-VARIABLE-ADMISSIBILITY-EXECUTION-01,CAND-0227,Null-Alias-Stresstest,blocked_missing_evidence,inventory_field_based_admissibility_execution
QSB-PLANCK-BRIDGE-RESONATOR-INDEPENDENT-LAG-VARIABLE-ADMISSIBILITY-EXECUTION-01,CAND-0228,Vor-Paar-Existenz,unknown,inventory_field_based_admissibility_execution
QSB-PLANCK-BRIDGE-RESONATOR-INDEPENDENT-LAG-VARIABLE-ADMISSIBILITY-EXECUTION-01,CAND-0228,Nicht-Alias-Ableitung,unknown,inventory_field_based_admissibility_execution
QSB-PLANCK-BRIDGE-RESONATOR-INDEPENDENT-LAG-VARIABLE-ADMISSIBILITY-EXECUTION-01,CAND-0228,unabhängige Source-Lineage,blocked_missing_evidence,inventory_field_based_admissibility_execution
QSB-PLANCK-BRIDGE-RESONATOR-INDEPENDENT-LAG-VARIABLE-ADMISSIBILITY-EXECUTION-01,CAND-0228,Paar-Mappbarkeit,fail,inventory_field_based_admissibility_execution
QSB-PLANCK-BRIDGE-RESONATOR-INDEPENDENT-LAG-VARIABLE-ADMISSIBILITY-EXECUTION-01,CAND-0228,nicht vollständig lag-determiniert,pass,inventory_field_based_admissibility_execution
QSB-PLANCK-BRIDGE-RESONATOR-INDEPENDENT-LAG-VARIABLE-ADMISSIBILITY-EXECUTION-01,CAND-0228,Richtungs-/Symmetrieprüfung,unknown,inventory_field_based_admissibility_execution
QSB-PLANCK-BRIDGE-RESONATOR-INDEPENDENT-LAG-VARIABLE-ADMISSIBILITY-EXECUTION-01,CAND-0228,Einheiten-/Dimensionsmetadaten,blocked_missing_evidence,inventory_field_based_admissibility_execution
QSB-PLANCK-BRIDGE-RESONATOR-INDEPENDENT-LAG-VARIABLE-ADMISSIBILITY-EXECUTION-01,CAND-0228,Null-Alias-Stresstest,blocked_missing_evidence,inventory_field_based_admissibility_execution
QSB-PLANCK-BRIDGE-RESONATOR-INDEPENDENT-LAG-VARIABLE-ADMISSIBILITY-EXECUTION-01,CAND-0229,Vor-Paar-Existenz,unknown,inventory_field_based_admissibility_execution
QSB-PLANCK-BRIDGE-RESONATOR-INDEPENDENT-LAG-VARIABLE-ADMISSIBILITY-EXECUTION-01,CAND-0229,Nicht-Alias-Ableitung,unknown,inventory_field_based_admissibility_execution
QSB-PLANCK-BRIDGE-RESONATOR-INDEPENDENT-LAG-VARIABLE-ADMISSIBILITY-EXECUTION-01,CAND-0229,unabhängige Source-Lineage,blocked_missing_evidence,inventory_field_based_admissibility_execution
QSB-PLANCK-BRIDGE-RESONATOR-INDEPENDENT-LAG-VARIABLE-ADMISSIBILITY-EXECUTION-01,CAND-0229,Paar-Mappbarkeit,fail,inventory_field_based_admissibility_execution
QSB-PLANCK-BRIDGE-RESONATOR-INDEPENDENT-LAG-VARIABLE-ADMISSIBILITY-EXECUTION-01,CAND-0229,nicht vollständig lag-determiniert,pass,inventory_field_based_admissibility_execution
QSB-PLANCK-BRIDGE-RESONATOR-INDEPENDENT-LAG-VARIABLE-ADMISSIBILITY-EXECUTION-01,CAND-0229,Richtungs-/Symmetrieprüfung,unknown,inventory_field_based_admissibility_execution
QSB-PLANCK-BRIDGE-RESONATOR-INDEPENDENT-LAG-VARIABLE-ADMISSIBILITY-EXECUTION-01,CAND-0229,Einheiten-/Dimensionsmetadaten,blocked_missing_evidence,inventory_field_based_admissibility_execution
QSB-PLANCK-BRIDGE-RESONATOR-INDEPENDENT-LAG-VARIABLE-ADMISSIBILITY-EXECUTION-01,CAND-0229,Null-Alias-Stresstest,blocked_missing_evidence,inventory_field_based_admissibility_execution
QSB-PLANCK-BRIDGE-RESONATOR-INDEPENDENT-LAG-VARIABLE-ADMISSIBILITY-EXECUTION-01,CAND-0230,Vor-Paar-Existenz,unknown,inventory_field_based_admissibility_execution
QSB-PLANCK-BRIDGE-RESONATOR-INDEPENDENT-LAG-VARIABLE-ADMISSIBILITY-EXECUTION-01,CAND-0230,Nicht-Alias-Ableitung,unknown,inventory_field_based_admissibility_execution
QSB-PLANCK-BRIDGE-RESONATOR-INDEPENDENT-LAG-VARIABLE-ADMISSIBILITY-EXECUTION-01,CAND-0230,unabhängige Source-Lineage,blocked_missing_evidence,inventory_field_based_admissibility_execution
QSB-PLANCK-BRIDGE-RESONATOR-INDEPENDENT-LAG-VARIABLE-ADMISSIBILITY-EXECUTION-01,CAND-0230,Paar-Mappbarkeit,fail,inventory_field_based_admissibility_execution
QSB-PLANCK-BRIDGE-RESONATOR-INDEPENDENT-LAG-VARIABLE-ADMISSIBILITY-EXECUTION-01,CAND-0230,nicht vollständig lag-determiniert,pass,inventory_field_based_admissibility_execution
QSB-PLANCK-BRIDGE-RESONATOR-INDEPENDENT-LAG-VARIABLE-ADMISSIBILITY-EXECUTION-01,CAND-0230,Richtungs-/Symmetrieprüfung,unknown,inventory_field_based_admissibility_execution
QSB-PLANCK-BRIDGE-RESONATOR-INDEPENDENT-LAG-VARIABLE-ADMISSIBILITY-EXECUTION-01,CAND-0230,Einheiten-/Dimensionsmetadaten,blocked_missing_evidence,inventory_field_based_admissibility_execution
QSB-PLANCK-BRIDGE-RESONATOR-INDEPENDENT-LAG-VARIABLE-ADMISSIBILITY-EXECUTION-01,CAND-0230,Null-Alias-Stresstest,blocked_missing_evidence,inventory_field_based_admissibility_execution
QSB-PLANCK-BRIDGE-RESONATOR-INDEPENDENT-LAG-VARIABLE-ADMISSIBILITY-EXECUTION-01,CAND-0231,Vor-Paar-Existenz,unknown,inventory_field_based_admissibility_execution
QSB-PLANCK-BRIDGE-RESONATOR-INDEPENDENT-LAG-VARIABLE-ADMISSIBILITY-EXECUTION-01,CAND-0231,Nicht-Alias-Ableitung,unknown,inventory_field_based_admissibility_execution
QSB-PLANCK-BRIDGE-RESONATOR-INDEPENDENT-LAG-VARIABLE-ADMISSIBILITY-EXECUTION-01,CAND-0231,unabhängige Source-Lineage,blocked_missing_evidence,inventory_field_based_admissibility_execution
QSB-PLANCK-BRIDGE-RESONATOR-INDEPENDENT-LAG-VARIABLE-ADMISSIBILITY-EXECUTION-01,CAND-0231,Paar-Mappbarkeit,fail,inventory_field_based_admissibility_execution
QSB-PLANCK-BRIDGE-RESONATOR-INDEPENDENT-LAG-VARIABLE-ADMISSIBILITY-EXECUTION-01,CAND-0231,nicht vollständig lag-determiniert,pass,inventory_field_based_admissibility_execution
QSB-PLANCK-BRIDGE-RESONATOR-INDEPENDENT-LAG-VARIABLE-ADMISSIBILITY-EXECUTION-01,CAND-0231,Richtungs-/Symmetrieprüfung,unknown,inventory_field_based_admissibility_execution
QSB-PLANCK-BRIDGE-RESONATOR-INDEPENDENT-LAG-VARIABLE-ADMISSIBILITY-EXECUTION-01,CAND-0231,Einheiten-/Dimensionsmetadaten,blocked_missing_evidence,inventory_field_based_admissibility_execution
QSB-PLANCK-BRIDGE-RESONATOR-INDEPENDENT-LAG-VARIABLE-ADMISSIBILITY-EXECUTION-01,CAND-0231,Null-Alias-Stresstest,blocked_missing_evidence,inventory_field_based_admissibility_execution
QSB-PLANCK-BRIDGE-RESONATOR-INDEPENDENT-LAG-VARIABLE-ADMISSIBILITY-EXECUTION-01,CAND-0232,Vor-Paar-Existenz,unknown,inventory_field_based_admissibility_execution
QSB-PLANCK-BRIDGE-RESONATOR-INDEPENDENT-LAG-VARIABLE-ADMISSIBILITY-EXECUTION-01,CAND-0232,Nicht-Alias-Ableitung,unknown,inventory_field_based_admissibility_execution
QSB-PLANCK-BRIDGE-RESONATOR-INDEPENDENT-LAG-VARIABLE-ADMISSIBILITY-EXECUTION-01,CAND-0232,unabhängige Source-Lineage,blocked_missing_evidence,inventory_field_based_admissibility_execution
QSB-PLANCK-BRIDGE-RESONATOR-INDEPENDENT-LAG-VARIABLE-ADMISSIBILITY-EXECUTION-01,CAND-0232,Paar-Mappbarkeit,fail,inventory_field_based_admissibility_execution
QSB-PLANCK-BRIDGE-RESONATOR-INDEPENDENT-LAG-VARIABLE-ADMISSIBILITY-EXECUTION-01,CAND-0232,nicht vollständig lag-determiniert,pass,inventory_field_based_admissibility_execution
QSB-PLANCK-BRIDGE-RESONATOR-INDEPENDENT-LAG-VARIABLE-ADMISSIBILITY-EXECUTION-01,CAND-0232,Richtungs-/Symmetrieprüfung,unknown,inventory_field_based_admissibility_execution
QSB-PLANCK-BRIDGE-RESONATOR-INDEPENDENT-LAG-VARIABLE-ADMISSIBILITY-EXECUTION-01,CAND-0232,Einheiten-/Dimensionsmetadaten,blocked_missing_evidence,inventory_field_based_admissibility_execution
QSB-PLANCK-BRIDGE-RESONATOR-INDEPENDENT-LAG-VARIABLE-ADMISSIBILITY-EXECUTION-01,CAND-0232,Null-Alias-Stresstest,blocked_missing_evidence,inventory_field_based_admissibility_execution
QSB-PLANCK-BRIDGE-RESONATOR-INDEPENDENT-LAG-VARIABLE-ADMISSIBILITY-EXECUTION-01,CAND-0233,Vor-Paar-Existenz,unknown,inventory_field_based_admissibility_execution
QSB-PLANCK-BRIDGE-RESONATOR-INDEPENDENT-LAG-VARIABLE-ADMISSIBILITY-EXECUTION-01,CAND-0233,Nicht-Alias-Ableitung,unknown,inventory_field_based_admissibility_execution
QSB-PLANCK-BRIDGE-RESONATOR-INDEPENDENT-LAG-VARIABLE-ADMISSIBILITY-EXECUTION-01,CAND-0233,unabhängige Source-Lineage,blocked_missing_evidence,inventory_field_based_admissibility_execution
QSB-PLANCK-BRIDGE-RESONATOR-INDEPENDENT-LAG-VARIABLE-ADMISSIBILITY-EXECUTION-01,CAND-0233,Paar-Mappbarkeit,fail,inventory_field_based_admissibility_execution
QSB-PLANCK-BRIDGE-RESONATOR-INDEPENDENT-LAG-VARIABLE-ADMISSIBILITY-EXECUTION-01,CAND-0233,nicht vollständig lag-determiniert,pass,inventory_field_based_admissibility_execution
QSB-PLANCK-BRIDGE-RESONATOR-INDEPENDENT-LAG-VARIABLE-ADMISSIBILITY-EXECUTION-01,CAND-0233,Richtungs-/Symmetrieprüfung,unknown,inventory_field_based_admissibility_execution
QSB-PLANCK-BRIDGE-RESONATOR-INDEPENDENT-LAG-VARIABLE-ADMISSIBILITY-EXECUTION-01,CAND-0233,Einheiten-/Dimensionsmetadaten,blocked_missing_evidence,inventory_field_based_admissibility_execution
QSB-PLANCK-BRIDGE-RESONATOR-INDEPENDENT-LAG-VARIABLE-ADMISSIBILITY-EXECUTION-01,CAND-0233,Null-Alias-Stresstest,blocked_missing_evidence,inventory_field_based_admissibility_execution
QSB-PLANCK-BRIDGE-RESONATOR-INDEPENDENT-LAG-VARIABLE-ADMISSIBILITY-EXECUTION-01,CAND-0234,Vor-Paar-Existenz,unknown,inventory_field_based_admissibility_execution
QSB-PLANCK-BRIDGE-RESONATOR-INDEPENDENT-LAG-VARIABLE-ADMISSIBILITY-EXECUTION-01,CAND-0234,Nicht-Alias-Ableitung,unknown,inventory_field_based_admissibility_execution
QSB-PLANCK-BRIDGE-RESONATOR-INDEPENDENT-LAG-VARIABLE-ADMISSIBILITY-EXECUTION-01,CAND-0234,unabhängige Source-Lineage,blocked_missing_evidence,inventory_field_based_admissibility_execution
QSB-PLANCK-BRIDGE-RESONATOR-INDEPENDENT-LAG-VARIABLE-ADMISSIBILITY-EXECUTION-01,CAND-0234,Paar-Mappbarkeit,fail,inventory_field_based_admissibility_execution
QSB-PLANCK-BRIDGE-RESONATOR-INDEPENDENT-LAG-VARIABLE-ADMISSIBILITY-EXECUTION-01,CAND-0234,nicht vollständig lag-determiniert,pass,inventory_field_based_admissibility_execution
QSB-PLANCK-BRIDGE-RESONATOR-INDEPENDENT-LAG-VARIABLE-ADMISSIBILITY-EXECUTION-01,CAND-0234,Richtungs-/Symmetrieprüfung,unknown,inventory_field_based_admissibility_execution
QSB-PLANCK-BRIDGE-RESONATOR-INDEPENDENT-LAG-VARIABLE-ADMISSIBILITY-EXECUTION-01,CAND-0234,Einheiten-/Dimensionsmetadaten,blocked_missing_evidence,inventory_field_based_admissibility_execution
QSB-PLANCK-BRIDGE-RESONATOR-INDEPENDENT-LAG-VARIABLE-ADMISSIBILITY-EXECUTION-01,CAND-0234,Null-Alias-Stresstest,blocked_missing_evidence,inventory_field_based_admissibility_execution
QSB-PLANCK-BRIDGE-RESONATOR-INDEPENDENT-LAG-VARIABLE-ADMISSIBILITY-EXECUTION-01,CAND-0235,Vor-Paar-Existenz,unknown,inventory_field_based_admissibility_execution
QSB-PLANCK-BRIDGE-RESONATOR-INDEPENDENT-LAG-VARIABLE-ADMISSIBILITY-EXECUTION-01,CAND-0235,Nicht-Alias-Ableitung,unknown,inventory_field_based_admissibility_execution
QSB-PLANCK-BRIDGE-RESONATOR-INDEPENDENT-LAG-VARIABLE-ADMISSIBILITY-EXECUTION-01,CAND-0235,unabhängige Source-Lineage,blocked_missing_evidence,inventory_field_based_admissibility_execution
QSB-PLANCK-BRIDGE-RESONATOR-INDEPENDENT-LAG-VARIABLE-ADMISSIBILITY-EXECUTION-01,CAND-0235,Paar-Mappbarkeit,fail,inventory_field_based_admissibility_execution
QSB-PLANCK-BRIDGE-RESONATOR-INDEPENDENT-LAG-VARIABLE-ADMISSIBILITY-EXECUTION-01,CAND-0235,nicht vollständig lag-determiniert,pass,inventory_field_based_admissibility_execution
QSB-PLANCK-BRIDGE-RESONATOR-INDEPENDENT-LAG-VARIABLE-ADMISSIBILITY-EXECUTION-01,CAND-0235,Richtungs-/Symmetrieprüfung,unknown,inventory_field_based_admissibility_execution
QSB-PLANCK-BRIDGE-RESONATOR-INDEPENDENT-LAG-VARIABLE-ADMISSIBILITY-EXECUTION-01,CAND-0235,Einheiten-/Dimensionsmetadaten,blocked_missing_evidence,inventory_field_based_admissibility_execution
QSB-PLANCK-BRIDGE-RESONATOR-INDEPENDENT-LAG-VARIABLE-ADMISSIBILITY-EXECUTION-01,CAND-0235,Null-Alias-Stresstest,blocked_missing_evidence,inventory_field_based_admissibility_execution
QSB-PLANCK-BRIDGE-RESONATOR-INDEPENDENT-LAG-VARIABLE-ADMISSIBILITY-EXECUTION-01,CAND-0236,Vor-Paar-Existenz,unknown,inventory_field_based_admissibility_execution
QSB-PLANCK-BRIDGE-RESONATOR-INDEPENDENT-LAG-VARIABLE-ADMISSIBILITY-EXECUTION-01,CAND-0236,Nicht-Alias-Ableitung,unknown,inventory_field_based_admissibility_execution
QSB-PLANCK-BRIDGE-RESONATOR-INDEPENDENT-LAG-VARIABLE-ADMISSIBILITY-EXECUTION-01,CAND-0236,unabhängige Source-Lineage,blocked_missing_evidence,inventory_field_based_admissibility_execution
QSB-PLANCK-BRIDGE-RESONATOR-INDEPENDENT-LAG-VARIABLE-ADMISSIBILITY-EXECUTION-01,CAND-0236,Paar-Mappbarkeit,fail,inventory_field_based_admissibility_execution
QSB-PLANCK-BRIDGE-RESONATOR-INDEPENDENT-LAG-VARIABLE-ADMISSIBILITY-EXECUTION-01,CAND-0236,nicht vollständig lag-determiniert,pass,inventory_field_based_admissibility_execution
QSB-PLANCK-BRIDGE-RESONATOR-INDEPENDENT-LAG-VARIABLE-ADMISSIBILITY-EXECUTION-01,CAND-0236,Richtungs-/Symmetrieprüfung,unknown,inventory_field_based_admissibility_execution
QSB-PLANCK-BRIDGE-RESONATOR-INDEPENDENT-LAG-VARIABLE-ADMISSIBILITY-EXECUTION-01,CAND-0236,Einheiten-/Dimensionsmetadaten,blocked_missing_evidence,inventory_field_based_admissibility_execution
QSB-PLANCK-BRIDGE-RESONATOR-INDEPENDENT-LAG-VARIABLE-ADMISSIBILITY-EXECUTION-01,CAND-0236,Null-Alias-Stresstest,blocked_missing_evidence,inventory_field_based_admissibility_execution
QSB-PLANCK-BRIDGE-RESONATOR-INDEPENDENT-LAG-VARIABLE-ADMISSIBILITY-EXECUTION-01,CAND-0237,Vor-Paar-Existenz,unknown,inventory_field_based_admissibility_execution
QSB-PLANCK-BRIDGE-RESONATOR-INDEPENDENT-LAG-VARIABLE-ADMISSIBILITY-EXECUTION-01,CAND-0237,Nicht-Alias-Ableitung,unknown,inventory_field_based_admissibility_execution
QSB-PLANCK-BRIDGE-RESONATOR-INDEPENDENT-LAG-VARIABLE-ADMISSIBILITY-EXECUTION-01,CAND-0237,unabhängige Source-Lineage,blocked_missing_evidence,inventory_field_based_admissibility_execution
QSB-PLANCK-BRIDGE-RESONATOR-INDEPENDENT-LAG-VARIABLE-ADMISSIBILITY-EXECUTION-01,CAND-0237,Paar-Mappbarkeit,fail,inventory_field_based_admissibility_execution
QSB-PLANCK-BRIDGE-RESONATOR-INDEPENDENT-LAG-VARIABLE-ADMISSIBILITY-EXECUTION-01,CAND-0237,nicht vollständig lag-determiniert,pass,inventory_field_based_admissibility_execution
QSB-PLANCK-BRIDGE-RESONATOR-INDEPENDENT-LAG-VARIABLE-ADMISSIBILITY-EXECUTION-01,CAND-0237,Richtungs-/Symmetrieprüfung,unknown,inventory_field_based_admissibility_execution
QSB-PLANCK-BRIDGE-RESONATOR-INDEPENDENT-LAG-VARIABLE-ADMISSIBILITY-EXECUTION-01,CAND-0237,Einheiten-/Dimensionsmetadaten,blocked_missing_evidence,inventory_field_based_admissibility_execution
QSB-PLANCK-BRIDGE-RESONATOR-INDEPENDENT-LAG-VARIABLE-ADMISSIBILITY-EXECUTION-01,CAND-0237,Null-Alias-Stresstest,blocked_missing_evidence,inventory_field_based_admissibility_execution
QSB-PLANCK-BRIDGE-RESONATOR-INDEPENDENT-LAG-VARIABLE-ADMISSIBILITY-EXECUTION-01,CAND-0238,Vor-Paar-Existenz,unknown,inventory_field_based_admissibility_execution
QSB-PLANCK-BRIDGE-RESONATOR-INDEPENDENT-LAG-VARIABLE-ADMISSIBILITY-EXECUTION-01,CAND-0238,Nicht-Alias-Ableitung,unknown,inventory_field_based_admissibility_execution
QSB-PLANCK-BRIDGE-RESONATOR-INDEPENDENT-LAG-VARIABLE-ADMISSIBILITY-EXECUTION-01,CAND-0238,unabhängige Source-Lineage,blocked_missing_evidence,inventory_field_based_admissibility_execution
QSB-PLANCK-BRIDGE-RESONATOR-INDEPENDENT-LAG-VARIABLE-ADMISSIBILITY-EXECUTION-01,CAND-0238,Paar-Mappbarkeit,fail,inventory_field_based_admissibility_execution
QSB-PLANCK-BRIDGE-RESONATOR-INDEPENDENT-LAG-VARIABLE-ADMISSIBILITY-EXECUTION-01,CAND-0238,nicht vollständig lag-determiniert,pass,inventory_field_based_admissibility_execution
QSB-PLANCK-BRIDGE-RESONATOR-INDEPENDENT-LAG-VARIABLE-ADMISSIBILITY-EXECUTION-01,CAND-0238,Richtungs-/Symmetrieprüfung,unknown,inventory_field_based_admissibility_execution
QSB-PLANCK-BRIDGE-RESONATOR-INDEPENDENT-LAG-VARIABLE-ADMISSIBILITY-EXECUTION-01,CAND-0238,Einheiten-/Dimensionsmetadaten,blocked_missing_evidence,inventory_field_based_admissibility_execution
QSB-PLANCK-BRIDGE-RESONATOR-INDEPENDENT-LAG-VARIABLE-ADMISSIBILITY-EXECUTION-01,CAND-0238,Null-Alias-Stresstest,blocked_missing_evidence,inventory_field_based_admissibility_execution
QSB-PLANCK-BRIDGE-RESONATOR-INDEPENDENT-LAG-VARIABLE-ADMISSIBILITY-EXECUTION-01,CAND-0239,Vor-Paar-Existenz,unknown,inventory_field_based_admissibility_execution
QSB-PLANCK-BRIDGE-RESONATOR-INDEPENDENT-LAG-VARIABLE-ADMISSIBILITY-EXECUTION-01,CAND-0239,Nicht-Alias-Ableitung,unknown,inventory_field_based_admissibility_execution
QSB-PLANCK-BRIDGE-RESONATOR-INDEPENDENT-LAG-VARIABLE-ADMISSIBILITY-EXECUTION-01,CAND-0239,unabhängige Source-Lineage,blocked_missing_evidence,inventory_field_based_admissibility_execution
QSB-PLANCK-BRIDGE-RESONATOR-INDEPENDENT-LAG-VARIABLE-ADMISSIBILITY-EXECUTION-01,CAND-0239,Paar-Mappbarkeit,fail,inventory_field_based_admissibility_execution
QSB-PLANCK-BRIDGE-RESONATOR-INDEPENDENT-LAG-VARIABLE-ADMISSIBILITY-EXECUTION-01,CAND-0239,nicht vollständig lag-determiniert,pass,inventory_field_based_admissibility_execution
QSB-PLANCK-BRIDGE-RESONATOR-INDEPENDENT-LAG-VARIABLE-ADMISSIBILITY-EXECUTION-01,CAND-0239,Richtungs-/Symmetrieprüfung,unknown,inventory_field_based_admissibility_execution
QSB-PLANCK-BRIDGE-RESONATOR-INDEPENDENT-LAG-VARIABLE-ADMISSIBILITY-EXECUTION-01,CAND-0239,Einheiten-/Dimensionsmetadaten,blocked_missing_evidence,inventory_field_based_admissibility_execution
QSB-PLANCK-BRIDGE-RESONATOR-INDEPENDENT-LAG-VARIABLE-ADMISSIBILITY-EXECUTION-01,CAND-0239,Null-Alias-Stresstest,blocked_missing_evidence,inventory_field_based_admissibility_execution
QSB-PLANCK-BRIDGE-RESONATOR-INDEPENDENT-LAG-VARIABLE-ADMISSIBILITY-EXECUTION-01,CAND-0240,Vor-Paar-Existenz,unknown,inventory_field_based_admissibility_execution
QSB-PLANCK-BRIDGE-RESONATOR-INDEPENDENT-LAG-VARIABLE-ADMISSIBILITY-EXECUTION-01,CAND-0240,Nicht-Alias-Ableitung,unknown,inventory_field_based_admissibility_execution
QSB-PLANCK-BRIDGE-RESONATOR-INDEPENDENT-LAG-VARIABLE-ADMISSIBILITY-EXECUTION-01,CAND-0240,unabhängige Source-Lineage,blocked_missing_evidence,inventory_field_based_admissibility_execution
QSB-PLANCK-BRIDGE-RESONATOR-INDEPENDENT-LAG-VARIABLE-ADMISSIBILITY-EXECUTION-01,CAND-0240,Paar-Mappbarkeit,fail,inventory_field_based_admissibility_execution
QSB-PLANCK-BRIDGE-RESONATOR-INDEPENDENT-LAG-VARIABLE-ADMISSIBILITY-EXECUTION-01,CAND-0240,nicht vollständig lag-determiniert,pass,inventory_field_based_admissibility_execution
QSB-PLANCK-BRIDGE-RESONATOR-INDEPENDENT-LAG-VARIABLE-ADMISSIBILITY-EXECUTION-01,CAND-0240,Richtungs-/Symmetrieprüfung,unknown,inventory_field_based_admissibility_execution
QSB-PLANCK-BRIDGE-RESONATOR-INDEPENDENT-LAG-VARIABLE-ADMISSIBILITY-EXECUTION-01,CAND-0240,Einheiten-/Dimensionsmetadaten,blocked_missing_evidence,inventory_field_based_admissibility_execution
QSB-PLANCK-BRIDGE-RESONATOR-INDEPENDENT-LAG-VARIABLE-ADMISSIBILITY-EXECUTION-01,CAND-0240,Null-Alias-Stresstest,blocked_missing_evidence,inventory_field_based_admissibility_execution
QSB-PLANCK-BRIDGE-RESONATOR-INDEPENDENT-LAG-VARIABLE-ADMISSIBILITY-EXECUTION-01,CAND-0241,Vor-Paar-Existenz,unknown,inventory_field_based_admissibility_execution
QSB-PLANCK-BRIDGE-RESONATOR-INDEPENDENT-LAG-VARIABLE-ADMISSIBILITY-EXECUTION-01,CAND-0241,Nicht-Alias-Ableitung,unknown,inventory_field_based_admissibility_execution
QSB-PLANCK-BRIDGE-RESONATOR-INDEPENDENT-LAG-VARIABLE-ADMISSIBILITY-EXECUTION-01,CAND-0241,unabhängige Source-Lineage,blocked_missing_evidence,inventory_field_based_admissibility_execution
QSB-PLANCK-BRIDGE-RESONATOR-INDEPENDENT-LAG-VARIABLE-ADMISSIBILITY-EXECUTION-01,CAND-0241,Paar-Mappbarkeit,fail,inventory_field_based_admissibility_execution
QSB-PLANCK-BRIDGE-RESONATOR-INDEPENDENT-LAG-VARIABLE-ADMISSIBILITY-EXECUTION-01,CAND-0241,nicht vollständig lag-determiniert,pass,inventory_field_based_admissibility_execution
QSB-PLANCK-BRIDGE-RESONATOR-INDEPENDENT-LAG-VARIABLE-ADMISSIBILITY-EXECUTION-01,CAND-0241,Richtungs-/Symmetrieprüfung,unknown,inventory_field_based_admissibility_execution
QSB-PLANCK-BRIDGE-RESONATOR-INDEPENDENT-LAG-VARIABLE-ADMISSIBILITY-EXECUTION-01,CAND-0241,Einheiten-/Dimensionsmetadaten,blocked_missing_evidence,inventory_field_based_admissibility_execution
QSB-PLANCK-BRIDGE-RESONATOR-INDEPENDENT-LAG-VARIABLE-ADMISSIBILITY-EXECUTION-01,CAND-0241,Null-Alias-Stresstest,blocked_missing_evidence,inventory_field_based_admissibility_execution
QSB-PLANCK-BRIDGE-RESONATOR-INDEPENDENT-LAG-VARIABLE-ADMISSIBILITY-EXECUTION-01,CAND-0242,Vor-Paar-Existenz,unknown,inventory_field_based_admissibility_execution
QSB-PLANCK-BRIDGE-RESONATOR-INDEPENDENT-LAG-VARIABLE-ADMISSIBILITY-EXECUTION-01,CAND-0242,Nicht-Alias-Ableitung,unknown,inventory_field_based_admissibility_execution
QSB-PLANCK-BRIDGE-RESONATOR-INDEPENDENT-LAG-VARIABLE-ADMISSIBILITY-EXECUTION-01,CAND-0242,unabhängige Source-Lineage,blocked_missing_evidence,inventory_field_based_admissibility_execution
QSB-PLANCK-BRIDGE-RESONATOR-INDEPENDENT-LAG-VARIABLE-ADMISSIBILITY-EXECUTION-01,CAND-0242,Paar-Mappbarkeit,fail,inventory_field_based_admissibility_execution
QSB-PLANCK-BRIDGE-RESONATOR-INDEPENDENT-LAG-VARIABLE-ADMISSIBILITY-EXECUTION-01,CAND-0242,nicht vollständig lag-determiniert,pass,inventory_field_based_admissibility_execution
QSB-PLANCK-BRIDGE-RESONATOR-INDEPENDENT-LAG-VARIABLE-ADMISSIBILITY-EXECUTION-01,CAND-0242,Richtungs-/Symmetrieprüfung,unknown,inventory_field_based_admissibility_execution
QSB-PLANCK-BRIDGE-RESONATOR-INDEPENDENT-LAG-VARIABLE-ADMISSIBILITY-EXECUTION-01,CAND-0242,Einheiten-/Dimensionsmetadaten,blocked_missing_evidence,inventory_field_based_admissibility_execution
QSB-PLANCK-BRIDGE-RESONATOR-INDEPENDENT-LAG-VARIABLE-ADMISSIBILITY-EXECUTION-01,CAND-0242,Null-Alias-Stresstest,blocked_missing_evidence,inventory_field_based_admissibility_execution
QSB-PLANCK-BRIDGE-RESONATOR-INDEPENDENT-LAG-VARIABLE-ADMISSIBILITY-EXECUTION-01,CAND-0243,Vor-Paar-Existenz,unknown,inventory_field_based_admissibility_execution
QSB-PLANCK-BRIDGE-RESONATOR-INDEPENDENT-LAG-VARIABLE-ADMISSIBILITY-EXECUTION-01,CAND-0243,Nicht-Alias-Ableitung,unknown,inventory_field_based_admissibility_execution
QSB-PLANCK-BRIDGE-RESONATOR-INDEPENDENT-LAG-VARIABLE-ADMISSIBILITY-EXECUTION-01,CAND-0243,unabhängige Source-Lineage,blocked_missing_evidence,inventory_field_based_admissibility_execution
QSB-PLANCK-BRIDGE-RESONATOR-INDEPENDENT-LAG-VARIABLE-ADMISSIBILITY-EXECUTION-01,CAND-0243,Paar-Mappbarkeit,fail,inventory_field_based_admissibility_execution
QSB-PLANCK-BRIDGE-RESONATOR-INDEPENDENT-LAG-VARIABLE-ADMISSIBILITY-EXECUTION-01,CAND-0243,nicht vollständig lag-determiniert,pass,inventory_field_based_admissibility_execution
QSB-PLANCK-BRIDGE-RESONATOR-INDEPENDENT-LAG-VARIABLE-ADMISSIBILITY-EXECUTION-01,CAND-0243,Richtungs-/Symmetrieprüfung,unknown,inventory_field_based_admissibility_execution
QSB-PLANCK-BRIDGE-RESONATOR-INDEPENDENT-LAG-VARIABLE-ADMISSIBILITY-EXECUTION-01,CAND-0243,Einheiten-/Dimensionsmetadaten,blocked_missing_evidence,inventory_field_based_admissibility_execution
QSB-PLANCK-BRIDGE-RESONATOR-INDEPENDENT-LAG-VARIABLE-ADMISSIBILITY-EXECUTION-01,CAND-0243,Null-Alias-Stresstest,blocked_missing_evidence,inventory_field_based_admissibility_execution
QSB-PLANCK-BRIDGE-RESONATOR-INDEPENDENT-LAG-VARIABLE-ADMISSIBILITY-EXECUTION-01,CAND-0244,Vor-Paar-Existenz,unknown,inventory_field_based_admissibility_execution
QSB-PLANCK-BRIDGE-RESONATOR-INDEPENDENT-LAG-VARIABLE-ADMISSIBILITY-EXECUTION-01,CAND-0244,Nicht-Alias-Ableitung,unknown,inventory_field_based_admissibility_execution
QSB-PLANCK-BRIDGE-RESONATOR-INDEPENDENT-LAG-VARIABLE-ADMISSIBILITY-EXECUTION-01,CAND-0244,unabhängige Source-Lineage,blocked_missing_evidence,inventory_field_based_admissibility_execution
QSB-PLANCK-BRIDGE-RESONATOR-INDEPENDENT-LAG-VARIABLE-ADMISSIBILITY-EXECUTION-01,CAND-0244,Paar-Mappbarkeit,fail,inventory_field_based_admissibility_execution
QSB-PLANCK-BRIDGE-RESONATOR-INDEPENDENT-LAG-VARIABLE-ADMISSIBILITY-EXECUTION-01,CAND-0244,nicht vollständig lag-determiniert,pass,inventory_field_based_admissibility_execution
QSB-PLANCK-BRIDGE-RESONATOR-INDEPENDENT-LAG-VARIABLE-ADMISSIBILITY-EXECUTION-01,CAND-0244,Richtungs-/Symmetrieprüfung,unknown,inventory_field_based_admissibility_execution
QSB-PLANCK-BRIDGE-RESONATOR-INDEPENDENT-LAG-VARIABLE-ADMISSIBILITY-EXECUTION-01,CAND-0244,Einheiten-/Dimensionsmetadaten,blocked_missing_evidence,inventory_field_based_admissibility_execution
QSB-PLANCK-BRIDGE-RESONATOR-INDEPENDENT-LAG-VARIABLE-ADMISSIBILITY-EXECUTION-01,CAND-0244,Null-Alias-Stresstest,blocked_missing_evidence,inventory_field_based_admissibility_execution
QSB-PLANCK-BRIDGE-RESONATOR-INDEPENDENT-LAG-VARIABLE-ADMISSIBILITY-EXECUTION-01,CAND-0245,Vor-Paar-Existenz,unknown,inventory_field_based_admissibility_execution
QSB-PLANCK-BRIDGE-RESONATOR-INDEPENDENT-LAG-VARIABLE-ADMISSIBILITY-EXECUTION-01,CAND-0245,Nicht-Alias-Ableitung,unknown,inventory_field_based_admissibility_execution
QSB-PLANCK-BRIDGE-RESONATOR-INDEPENDENT-LAG-VARIABLE-ADMISSIBILITY-EXECUTION-01,CAND-0245,unabhängige Source-Lineage,blocked_missing_evidence,inventory_field_based_admissibility_execution
QSB-PLANCK-BRIDGE-RESONATOR-INDEPENDENT-LAG-VARIABLE-ADMISSIBILITY-EXECUTION-01,CAND-0245,Paar-Mappbarkeit,fail,inventory_field_based_admissibility_execution
QSB-PLANCK-BRIDGE-RESONATOR-INDEPENDENT-LAG-VARIABLE-ADMISSIBILITY-EXECUTION-01,CAND-0245,nicht vollständig lag-determiniert,pass,inventory_field_based_admissibility_execution
QSB-PLANCK-BRIDGE-RESONATOR-INDEPENDENT-LAG-VARIABLE-ADMISSIBILITY-EXECUTION-01,CAND-0245,Richtungs-/Symmetrieprüfung,unknown,inventory_field_based_admissibility_execution
QSB-PLANCK-BRIDGE-RESONATOR-INDEPENDENT-LAG-VARIABLE-ADMISSIBILITY-EXECUTION-01,CAND-0245,Einheiten-/Dimensionsmetadaten,blocked_missing_evidence,inventory_field_based_admissibility_execution
QSB-PLANCK-BRIDGE-RESONATOR-INDEPENDENT-LAG-VARIABLE-ADMISSIBILITY-EXECUTION-01,CAND-0245,Null-Alias-Stresstest,blocked_missing_evidence,inventory_field_based_admissibility_execution
QSB-PLANCK-BRIDGE-RESONATOR-INDEPENDENT-LAG-VARIABLE-ADMISSIBILITY-EXECUTION-01,CAND-0246,Vor-Paar-Existenz,unknown,inventory_field_based_admissibility_execution
QSB-PLANCK-BRIDGE-RESONATOR-INDEPENDENT-LAG-VARIABLE-ADMISSIBILITY-EXECUTION-01,CAND-0246,Nicht-Alias-Ableitung,unknown,inventory_field_based_admissibility_execution
QSB-PLANCK-BRIDGE-RESONATOR-INDEPENDENT-LAG-VARIABLE-ADMISSIBILITY-EXECUTION-01,CAND-0246,unabhängige Source-Lineage,blocked_missing_evidence,inventory_field_based_admissibility_execution
QSB-PLANCK-BRIDGE-RESONATOR-INDEPENDENT-LAG-VARIABLE-ADMISSIBILITY-EXECUTION-01,CAND-0246,Paar-Mappbarkeit,fail,inventory_field_based_admissibility_execution
QSB-PLANCK-BRIDGE-RESONATOR-INDEPENDENT-LAG-VARIABLE-ADMISSIBILITY-EXECUTION-01,CAND-0246,nicht vollständig lag-determiniert,pass,inventory_field_based_admissibility_execution
QSB-PLANCK-BRIDGE-RESONATOR-INDEPENDENT-LAG-VARIABLE-ADMISSIBILITY-EXECUTION-01,CAND-0246,Richtungs-/Symmetrieprüfung,unknown,inventory_field_based_admissibility_execution
QSB-PLANCK-BRIDGE-RESONATOR-INDEPENDENT-LAG-VARIABLE-ADMISSIBILITY-EXECUTION-01,CAND-0246,Einheiten-/Dimensionsmetadaten,blocked_missing_evidence,inventory_field_based_admissibility_execution
QSB-PLANCK-BRIDGE-RESONATOR-INDEPENDENT-LAG-VARIABLE-ADMISSIBILITY-EXECUTION-01,CAND-0246,Null-Alias-Stresstest,blocked_missing_evidence,inventory_field_based_admissibility_execution
QSB-PLANCK-BRIDGE-RESONATOR-INDEPENDENT-LAG-VARIABLE-ADMISSIBILITY-EXECUTION-01,CAND-0247,Vor-Paar-Existenz,unknown,inventory_field_based_admissibility_execution
QSB-PLANCK-BRIDGE-RESONATOR-INDEPENDENT-LAG-VARIABLE-ADMISSIBILITY-EXECUTION-01,CAND-0247,Nicht-Alias-Ableitung,unknown,inventory_field_based_admissibility_execution
QSB-PLANCK-BRIDGE-RESONATOR-INDEPENDENT-LAG-VARIABLE-ADMISSIBILITY-EXECUTION-01,CAND-0247,unabhängige Source-Lineage,blocked_missing_evidence,inventory_field_based_admissibility_execution
QSB-PLANCK-BRIDGE-RESONATOR-INDEPENDENT-LAG-VARIABLE-ADMISSIBILITY-EXECUTION-01,CAND-0247,Paar-Mappbarkeit,fail,inventory_field_based_admissibility_execution
QSB-PLANCK-BRIDGE-RESONATOR-INDEPENDENT-LAG-VARIABLE-ADMISSIBILITY-EXECUTION-01,CAND-0247,nicht vollständig lag-determiniert,pass,inventory_field_based_admissibility_execution
QSB-PLANCK-BRIDGE-RESONATOR-INDEPENDENT-LAG-VARIABLE-ADMISSIBILITY-EXECUTION-01,CAND-0247,Richtungs-/Symmetrieprüfung,unknown,inventory_field_based_admissibility_execution
QSB-PLANCK-BRIDGE-RESONATOR-INDEPENDENT-LAG-VARIABLE-ADMISSIBILITY-EXECUTION-01,CAND-0247,Einheiten-/Dimensionsmetadaten,blocked_missing_evidence,inventory_field_based_admissibility_execution
QSB-PLANCK-BRIDGE-RESONATOR-INDEPENDENT-LAG-VARIABLE-ADMISSIBILITY-EXECUTION-01,CAND-0247,Null-Alias-Stresstest,blocked_missing_evidence,inventory_field_based_admissibility_execution
QSB-PLANCK-BRIDGE-RESONATOR-INDEPENDENT-LAG-VARIABLE-ADMISSIBILITY-EXECUTION-01,CAND-0248,Vor-Paar-Existenz,unknown,inventory_field_based_admissibility_execution
QSB-PLANCK-BRIDGE-RESONATOR-INDEPENDENT-LAG-VARIABLE-ADMISSIBILITY-EXECUTION-01,CAND-0248,Nicht-Alias-Ableitung,unknown,inventory_field_based_admissibility_execution
QSB-PLANCK-BRIDGE-RESONATOR-INDEPENDENT-LAG-VARIABLE-ADMISSIBILITY-EXECUTION-01,CAND-0248,unabhängige Source-Lineage,blocked_missing_evidence,inventory_field_based_admissibility_execution
QSB-PLANCK-BRIDGE-RESONATOR-INDEPENDENT-LAG-VARIABLE-ADMISSIBILITY-EXECUTION-01,CAND-0248,Paar-Mappbarkeit,fail,inventory_field_based_admissibility_execution
QSB-PLANCK-BRIDGE-RESONATOR-INDEPENDENT-LAG-VARIABLE-ADMISSIBILITY-EXECUTION-01,CAND-0248,nicht vollständig lag-determiniert,pass,inventory_field_based_admissibility_execution
QSB-PLANCK-BRIDGE-RESONATOR-INDEPENDENT-LAG-VARIABLE-ADMISSIBILITY-EXECUTION-01,CAND-0248,Richtungs-/Symmetrieprüfung,unknown,inventory_field_based_admissibility_execution
QSB-PLANCK-BRIDGE-RESONATOR-INDEPENDENT-LAG-VARIABLE-ADMISSIBILITY-EXECUTION-01,CAND-0248,Einheiten-/Dimensionsmetadaten,blocked_missing_evidence,inventory_field_based_admissibility_execution
QSB-PLANCK-BRIDGE-RESONATOR-INDEPENDENT-LAG-VARIABLE-ADMISSIBILITY-EXECUTION-01,CAND-0248,Null-Alias-Stresstest,blocked_missing_evidence,inventory_field_based_admissibility_execution
QSB-PLANCK-BRIDGE-RESONATOR-INDEPENDENT-LAG-VARIABLE-ADMISSIBILITY-EXECUTION-01,CAND-0249,Vor-Paar-Existenz,unknown,inventory_field_based_admissibility_execution
QSB-PLANCK-BRIDGE-RESONATOR-INDEPENDENT-LAG-VARIABLE-ADMISSIBILITY-EXECUTION-01,CAND-0249,Nicht-Alias-Ableitung,unknown,inventory_field_based_admissibility_execution
QSB-PLANCK-BRIDGE-RESONATOR-INDEPENDENT-LAG-VARIABLE-ADMISSIBILITY-EXECUTION-01,CAND-0249,unabhängige Source-Lineage,blocked_missing_evidence,inventory_field_based_admissibility_execution
QSB-PLANCK-BRIDGE-RESONATOR-INDEPENDENT-LAG-VARIABLE-ADMISSIBILITY-EXECUTION-01,CAND-0249,Paar-Mappbarkeit,fail,inventory_field_based_admissibility_execution
QSB-PLANCK-BRIDGE-RESONATOR-INDEPENDENT-LAG-VARIABLE-ADMISSIBILITY-EXECUTION-01,CAND-0249,nicht vollständig lag-determiniert,pass,inventory_field_based_admissibility_execution
QSB-PLANCK-BRIDGE-RESONATOR-INDEPENDENT-LAG-VARIABLE-ADMISSIBILITY-EXECUTION-01,CAND-0249,Richtungs-/Symmetrieprüfung,unknown,inventory_field_based_admissibility_execution
QSB-PLANCK-BRIDGE-RESONATOR-INDEPENDENT-LAG-VARIABLE-ADMISSIBILITY-EXECUTION-01,CAND-0249,Einheiten-/Dimensionsmetadaten,blocked_missing_evidence,inventory_field_based_admissibility_execution
QSB-PLANCK-BRIDGE-RESONATOR-INDEPENDENT-LAG-VARIABLE-ADMISSIBILITY-EXECUTION-01,CAND-0249,Null-Alias-Stresstest,blocked_missing_evidence,inventory_field_based_admissibility_execution
QSB-PLANCK-BRIDGE-RESONATOR-INDEPENDENT-LAG-VARIABLE-ADMISSIBILITY-EXECUTION-01,CAND-0250,Vor-Paar-Existenz,unknown,inventory_field_based_admissibility_execution
QSB-PLANCK-BRIDGE-RESONATOR-INDEPENDENT-LAG-VARIABLE-ADMISSIBILITY-EXECUTION-01,CAND-0250,Nicht-Alias-Ableitung,unknown,inventory_field_based_admissibility_execution
QSB-PLANCK-BRIDGE-RESONATOR-INDEPENDENT-LAG-VARIABLE-ADMISSIBILITY-EXECUTION-01,CAND-0250,unabhängige Source-Lineage,blocked_missing_evidence,inventory_field_based_admissibility_execution
QSB-PLANCK-BRIDGE-RESONATOR-INDEPENDENT-LAG-VARIABLE-ADMISSIBILITY-EXECUTION-01,CAND-0250,Paar-Mappbarkeit,fail,inventory_field_based_admissibility_execution
QSB-PLANCK-BRIDGE-RESONATOR-INDEPENDENT-LAG-VARIABLE-ADMISSIBILITY-EXECUTION-01,CAND-0250,nicht vollständig lag-determiniert,pass,inventory_field_based_admissibility_execution
QSB-PLANCK-BRIDGE-RESONATOR-INDEPENDENT-LAG-VARIABLE-ADMISSIBILITY-EXECUTION-01,CAND-0250,Richtungs-/Symmetrieprüfung,unknown,inventory_field_based_admissibility_execution
QSB-PLANCK-BRIDGE-RESONATOR-INDEPENDENT-LAG-VARIABLE-ADMISSIBILITY-EXECUTION-01,CAND-0250,Einheiten-/Dimensionsmetadaten,blocked_missing_evidence,inventory_field_based_admissibility_execution
QSB-PLANCK-BRIDGE-RESONATOR-INDEPENDENT-LAG-VARIABLE-ADMISSIBILITY-EXECUTION-01,CAND-0250,Null-Alias-Stresstest,blocked_missing_evidence,inventory_field_based_admissibility_execution
QSB-PLANCK-BRIDGE-RESONATOR-INDEPENDENT-LAG-VARIABLE-ADMISSIBILITY-EXECUTION-01,CAND-0251,Vor-Paar-Existenz,unknown,inventory_field_based_admissibility_execution
QSB-PLANCK-BRIDGE-RESONATOR-INDEPENDENT-LAG-VARIABLE-ADMISSIBILITY-EXECUTION-01,CAND-0251,Nicht-Alias-Ableitung,unknown,inventory_field_based_admissibility_execution
QSB-PLANCK-BRIDGE-RESONATOR-INDEPENDENT-LAG-VARIABLE-ADMISSIBILITY-EXECUTION-01,CAND-0251,unabhängige Source-Lineage,blocked_missing_evidence,inventory_field_based_admissibility_execution
QSB-PLANCK-BRIDGE-RESONATOR-INDEPENDENT-LAG-VARIABLE-ADMISSIBILITY-EXECUTION-01,CAND-0251,Paar-Mappbarkeit,fail,inventory_field_based_admissibility_execution
QSB-PLANCK-BRIDGE-RESONATOR-INDEPENDENT-LAG-VARIABLE-ADMISSIBILITY-EXECUTION-01,CAND-0251,nicht vollständig lag-determiniert,pass,inventory_field_based_admissibility_execution
QSB-PLANCK-BRIDGE-RESONATOR-INDEPENDENT-LAG-VARIABLE-ADMISSIBILITY-EXECUTION-01,CAND-0251,Richtungs-/Symmetrieprüfung,unknown,inventory_field_based_admissibility_execution
QSB-PLANCK-BRIDGE-RESONATOR-INDEPENDENT-LAG-VARIABLE-ADMISSIBILITY-EXECUTION-01,CAND-0251,Einheiten-/Dimensionsmetadaten,blocked_missing_evidence,inventory_field_based_admissibility_execution
QSB-PLANCK-BRIDGE-RESONATOR-INDEPENDENT-LAG-VARIABLE-ADMISSIBILITY-EXECUTION-01,CAND-0251,Null-Alias-Stresstest,blocked_missing_evidence,inventory_field_based_admissibility_execution
QSB-PLANCK-BRIDGE-RESONATOR-INDEPENDENT-LAG-VARIABLE-ADMISSIBILITY-EXECUTION-01,CAND-0252,Vor-Paar-Existenz,unknown,inventory_field_based_admissibility_execution
QSB-PLANCK-BRIDGE-RESONATOR-INDEPENDENT-LAG-VARIABLE-ADMISSIBILITY-EXECUTION-01,CAND-0252,Nicht-Alias-Ableitung,unknown,inventory_field_based_admissibility_execution
QSB-PLANCK-BRIDGE-RESONATOR-INDEPENDENT-LAG-VARIABLE-ADMISSIBILITY-EXECUTION-01,CAND-0252,unabhängige Source-Lineage,blocked_missing_evidence,inventory_field_based_admissibility_execution
QSB-PLANCK-BRIDGE-RESONATOR-INDEPENDENT-LAG-VARIABLE-ADMISSIBILITY-EXECUTION-01,CAND-0252,Paar-Mappbarkeit,fail,inventory_field_based_admissibility_execution
QSB-PLANCK-BRIDGE-RESONATOR-INDEPENDENT-LAG-VARIABLE-ADMISSIBILITY-EXECUTION-01,CAND-0252,nicht vollständig lag-determiniert,pass,inventory_field_based_admissibility_execution
QSB-PLANCK-BRIDGE-RESONATOR-INDEPENDENT-LAG-VARIABLE-ADMISSIBILITY-EXECUTION-01,CAND-0252,Richtungs-/Symmetrieprüfung,unknown,inventory_field_based_admissibility_execution
QSB-PLANCK-BRIDGE-RESONATOR-INDEPENDENT-LAG-VARIABLE-ADMISSIBILITY-EXECUTION-01,CAND-0252,Einheiten-/Dimensionsmetadaten,blocked_missing_evidence,inventory_field_based_admissibility_execution
QSB-PLANCK-BRIDGE-RESONATOR-INDEPENDENT-LAG-VARIABLE-ADMISSIBILITY-EXECUTION-01,CAND-0252,Null-Alias-Stresstest,blocked_missing_evidence,inventory_field_based_admissibility_execution
QSB-PLANCK-BRIDGE-RESONATOR-INDEPENDENT-LAG-VARIABLE-ADMISSIBILITY-EXECUTION-01,CAND-0253,Vor-Paar-Existenz,unknown,inventory_field_based_admissibility_execution
QSB-PLANCK-BRIDGE-RESONATOR-INDEPENDENT-LAG-VARIABLE-ADMISSIBILITY-EXECUTION-01,CAND-0253,Nicht-Alias-Ableitung,unknown,inventory_field_based_admissibility_execution
QSB-PLANCK-BRIDGE-RESONATOR-INDEPENDENT-LAG-VARIABLE-ADMISSIBILITY-EXECUTION-01,CAND-0253,unabhängige Source-Lineage,blocked_missing_evidence,inventory_field_based_admissibility_execution
QSB-PLANCK-BRIDGE-RESONATOR-INDEPENDENT-LAG-VARIABLE-ADMISSIBILITY-EXECUTION-01,CAND-0253,Paar-Mappbarkeit,fail,inventory_field_based_admissibility_execution
QSB-PLANCK-BRIDGE-RESONATOR-INDEPENDENT-LAG-VARIABLE-ADMISSIBILITY-EXECUTION-01,CAND-0253,nicht vollständig lag-determiniert,pass,inventory_field_based_admissibility_execution
QSB-PLANCK-BRIDGE-RESONATOR-INDEPENDENT-LAG-VARIABLE-ADMISSIBILITY-EXECUTION-01,CAND-0253,Richtungs-/Symmetrieprüfung,unknown,inventory_field_based_admissibility_execution
QSB-PLANCK-BRIDGE-RESONATOR-INDEPENDENT-LAG-VARIABLE-ADMISSIBILITY-EXECUTION-01,CAND-0253,Einheiten-/Dimensionsmetadaten,blocked_missing_evidence,inventory_field_based_admissibility_execution
QSB-PLANCK-BRIDGE-RESONATOR-INDEPENDENT-LAG-VARIABLE-ADMISSIBILITY-EXECUTION-01,CAND-0253,Null-Alias-Stresstest,blocked_missing_evidence,inventory_field_based_admissibility_execution
QSB-PLANCK-BRIDGE-RESONATOR-INDEPENDENT-LAG-VARIABLE-ADMISSIBILITY-EXECUTION-01,CAND-0254,Vor-Paar-Existenz,unknown,inventory_field_based_admissibility_execution
QSB-PLANCK-BRIDGE-RESONATOR-INDEPENDENT-LAG-VARIABLE-ADMISSIBILITY-EXECUTION-01,CAND-0254,Nicht-Alias-Ableitung,unknown,inventory_field_based_admissibility_execution
QSB-PLANCK-BRIDGE-RESONATOR-INDEPENDENT-LAG-VARIABLE-ADMISSIBILITY-EXECUTION-01,CAND-0254,unabhängige Source-Lineage,blocked_missing_evidence,inventory_field_based_admissibility_execution
QSB-PLANCK-BRIDGE-RESONATOR-INDEPENDENT-LAG-VARIABLE-ADMISSIBILITY-EXECUTION-01,CAND-0254,Paar-Mappbarkeit,fail,inventory_field_based_admissibility_execution
QSB-PLANCK-BRIDGE-RESONATOR-INDEPENDENT-LAG-VARIABLE-ADMISSIBILITY-EXECUTION-01,CAND-0254,nicht vollständig lag-determiniert,pass,inventory_field_based_admissibility_execution
QSB-PLANCK-BRIDGE-RESONATOR-INDEPENDENT-LAG-VARIABLE-ADMISSIBILITY-EXECUTION-01,CAND-0254,Richtungs-/Symmetrieprüfung,unknown,inventory_field_based_admissibility_execution
QSB-PLANCK-BRIDGE-RESONATOR-INDEPENDENT-LAG-VARIABLE-ADMISSIBILITY-EXECUTION-01,CAND-0254,Einheiten-/Dimensionsmetadaten,blocked_missing_evidence,inventory_field_based_admissibility_execution
QSB-PLANCK-BRIDGE-RESONATOR-INDEPENDENT-LAG-VARIABLE-ADMISSIBILITY-EXECUTION-01,CAND-0254,Null-Alias-Stresstest,blocked_missing_evidence,inventory_field_based_admissibility_execution
QSB-PLANCK-BRIDGE-RESONATOR-INDEPENDENT-LAG-VARIABLE-ADMISSIBILITY-EXECUTION-01,CAND-0255,Vor-Paar-Existenz,unknown,inventory_field_based_admissibility_execution
QSB-PLANCK-BRIDGE-RESONATOR-INDEPENDENT-LAG-VARIABLE-ADMISSIBILITY-EXECUTION-01,CAND-0255,Nicht-Alias-Ableitung,unknown,inventory_field_based_admissibility_execution
QSB-PLANCK-BRIDGE-RESONATOR-INDEPENDENT-LAG-VARIABLE-ADMISSIBILITY-EXECUTION-01,CAND-0255,unabhängige Source-Lineage,blocked_missing_evidence,inventory_field_based_admissibility_execution
QSB-PLANCK-BRIDGE-RESONATOR-INDEPENDENT-LAG-VARIABLE-ADMISSIBILITY-EXECUTION-01,CAND-0255,Paar-Mappbarkeit,fail,inventory_field_based_admissibility_execution
QSB-PLANCK-BRIDGE-RESONATOR-INDEPENDENT-LAG-VARIABLE-ADMISSIBILITY-EXECUTION-01,CAND-0255,nicht vollständig lag-determiniert,pass,inventory_field_based_admissibility_execution
QSB-PLANCK-BRIDGE-RESONATOR-INDEPENDENT-LAG-VARIABLE-ADMISSIBILITY-EXECUTION-01,CAND-0255,Richtungs-/Symmetrieprüfung,unknown,inventory_field_based_admissibility_execution
QSB-PLANCK-BRIDGE-RESONATOR-INDEPENDENT-LAG-VARIABLE-ADMISSIBILITY-EXECUTION-01,CAND-0255,Einheiten-/Dimensionsmetadaten,blocked_missing_evidence,inventory_field_based_admissibility_execution
QSB-PLANCK-BRIDGE-RESONATOR-INDEPENDENT-LAG-VARIABLE-ADMISSIBILITY-EXECUTION-01,CAND-0255,Null-Alias-Stresstest,blocked_missing_evidence,inventory_field_based_admissibility_execution
QSB-PLANCK-BRIDGE-RESONATOR-INDEPENDENT-LAG-VARIABLE-ADMISSIBILITY-EXECUTION-01,CAND-0256,Vor-Paar-Existenz,unknown,inventory_field_based_admissibility_execution
QSB-PLANCK-BRIDGE-RESONATOR-INDEPENDENT-LAG-VARIABLE-ADMISSIBILITY-EXECUTION-01,CAND-0256,Nicht-Alias-Ableitung,unknown,inventory_field_based_admissibility_execution
QSB-PLANCK-BRIDGE-RESONATOR-INDEPENDENT-LAG-VARIABLE-ADMISSIBILITY-EXECUTION-01,CAND-0256,unabhängige Source-Lineage,blocked_missing_evidence,inventory_field_based_admissibility_execution
QSB-PLANCK-BRIDGE-RESONATOR-INDEPENDENT-LAG-VARIABLE-ADMISSIBILITY-EXECUTION-01,CAND-0256,Paar-Mappbarkeit,fail,inventory_field_based_admissibility_execution
QSB-PLANCK-BRIDGE-RESONATOR-INDEPENDENT-LAG-VARIABLE-ADMISSIBILITY-EXECUTION-01,CAND-0256,nicht vollständig lag-determiniert,pass,inventory_field_based_admissibility_execution
QSB-PLANCK-BRIDGE-RESONATOR-INDEPENDENT-LAG-VARIABLE-ADMISSIBILITY-EXECUTION-01,CAND-0256,Richtungs-/Symmetrieprüfung,unknown,inventory_field_based_admissibility_execution
QSB-PLANCK-BRIDGE-RESONATOR-INDEPENDENT-LAG-VARIABLE-ADMISSIBILITY-EXECUTION-01,CAND-0256,Einheiten-/Dimensionsmetadaten,blocked_missing_evidence,inventory_field_based_admissibility_execution
QSB-PLANCK-BRIDGE-RESONATOR-INDEPENDENT-LAG-VARIABLE-ADMISSIBILITY-EXECUTION-01,CAND-0256,Null-Alias-Stresstest,blocked_missing_evidence,inventory_field_based_admissibility_execution
QSB-PLANCK-BRIDGE-RESONATOR-INDEPENDENT-LAG-VARIABLE-ADMISSIBILITY-EXECUTION-01,CAND-0257,Vor-Paar-Existenz,unknown,inventory_field_based_admissibility_execution
QSB-PLANCK-BRIDGE-RESONATOR-INDEPENDENT-LAG-VARIABLE-ADMISSIBILITY-EXECUTION-01,CAND-0257,Nicht-Alias-Ableitung,unknown,inventory_field_based_admissibility_execution
QSB-PLANCK-BRIDGE-RESONATOR-INDEPENDENT-LAG-VARIABLE-ADMISSIBILITY-EXECUTION-01,CAND-0257,unabhängige Source-Lineage,blocked_missing_evidence,inventory_field_based_admissibility_execution
QSB-PLANCK-BRIDGE-RESONATOR-INDEPENDENT-LAG-VARIABLE-ADMISSIBILITY-EXECUTION-01,CAND-0257,Paar-Mappbarkeit,fail,inventory_field_based_admissibility_execution
QSB-PLANCK-BRIDGE-RESONATOR-INDEPENDENT-LAG-VARIABLE-ADMISSIBILITY-EXECUTION-01,CAND-0257,nicht vollständig lag-determiniert,pass,inventory_field_based_admissibility_execution
QSB-PLANCK-BRIDGE-RESONATOR-INDEPENDENT-LAG-VARIABLE-ADMISSIBILITY-EXECUTION-01,CAND-0257,Richtungs-/Symmetrieprüfung,unknown,inventory_field_based_admissibility_execution
QSB-PLANCK-BRIDGE-RESONATOR-INDEPENDENT-LAG-VARIABLE-ADMISSIBILITY-EXECUTION-01,CAND-0257,Einheiten-/Dimensionsmetadaten,blocked_missing_evidence,inventory_field_based_admissibility_execution
QSB-PLANCK-BRIDGE-RESONATOR-INDEPENDENT-LAG-VARIABLE-ADMISSIBILITY-EXECUTION-01,CAND-0257,Null-Alias-Stresstest,blocked_missing_evidence,inventory_field_based_admissibility_execution
QSB-PLANCK-BRIDGE-RESONATOR-INDEPENDENT-LAG-VARIABLE-ADMISSIBILITY-EXECUTION-01,CAND-0258,Vor-Paar-Existenz,unknown,inventory_field_based_admissibility_execution
QSB-PLANCK-BRIDGE-RESONATOR-INDEPENDENT-LAG-VARIABLE-ADMISSIBILITY-EXECUTION-01,CAND-0258,Nicht-Alias-Ableitung,unknown,inventory_field_based_admissibility_execution
QSB-PLANCK-BRIDGE-RESONATOR-INDEPENDENT-LAG-VARIABLE-ADMISSIBILITY-EXECUTION-01,CAND-0258,unabhängige Source-Lineage,blocked_missing_evidence,inventory_field_based_admissibility_execution
QSB-PLANCK-BRIDGE-RESONATOR-INDEPENDENT-LAG-VARIABLE-ADMISSIBILITY-EXECUTION-01,CAND-0258,Paar-Mappbarkeit,fail,inventory_field_based_admissibility_execution
QSB-PLANCK-BRIDGE-RESONATOR-INDEPENDENT-LAG-VARIABLE-ADMISSIBILITY-EXECUTION-01,CAND-0258,nicht vollständig lag-determiniert,pass,inventory_field_based_admissibility_execution
QSB-PLANCK-BRIDGE-RESONATOR-INDEPENDENT-LAG-VARIABLE-ADMISSIBILITY-EXECUTION-01,CAND-0258,Richtungs-/Symmetrieprüfung,unknown,inventory_field_based_admissibility_execution
QSB-PLANCK-BRIDGE-RESONATOR-INDEPENDENT-LAG-VARIABLE-ADMISSIBILITY-EXECUTION-01,CAND-0258,Einheiten-/Dimensionsmetadaten,blocked_missing_evidence,inventory_field_based_admissibility_execution
QSB-PLANCK-BRIDGE-RESONATOR-INDEPENDENT-LAG-VARIABLE-ADMISSIBILITY-EXECUTION-01,CAND-0258,Null-Alias-Stresstest,blocked_missing_evidence,inventory_field_based_admissibility_execution
QSB-PLANCK-BRIDGE-RESONATOR-INDEPENDENT-LAG-VARIABLE-ADMISSIBILITY-EXECUTION-01,CAND-0259,Vor-Paar-Existenz,unknown,inventory_field_based_admissibility_execution
QSB-PLANCK-BRIDGE-RESONATOR-INDEPENDENT-LAG-VARIABLE-ADMISSIBILITY-EXECUTION-01,CAND-0259,Nicht-Alias-Ableitung,unknown,inventory_field_based_admissibility_execution
QSB-PLANCK-BRIDGE-RESONATOR-INDEPENDENT-LAG-VARIABLE-ADMISSIBILITY-EXECUTION-01,CAND-0259,unabhängige Source-Lineage,blocked_missing_evidence,inventory_field_based_admissibility_execution
QSB-PLANCK-BRIDGE-RESONATOR-INDEPENDENT-LAG-VARIABLE-ADMISSIBILITY-EXECUTION-01,CAND-0259,Paar-Mappbarkeit,fail,inventory_field_based_admissibility_execution
QSB-PLANCK-BRIDGE-RESONATOR-INDEPENDENT-LAG-VARIABLE-ADMISSIBILITY-EXECUTION-01,CAND-0259,nicht vollständig lag-determiniert,pass,inventory_field_based_admissibility_execution
QSB-PLANCK-BRIDGE-RESONATOR-INDEPENDENT-LAG-VARIABLE-ADMISSIBILITY-EXECUTION-01,CAND-0259,Richtungs-/Symmetrieprüfung,unknown,inventory_field_based_admissibility_execution
QSB-PLANCK-BRIDGE-RESONATOR-INDEPENDENT-LAG-VARIABLE-ADMISSIBILITY-EXECUTION-01,CAND-0259,Einheiten-/Dimensionsmetadaten,blocked_missing_evidence,inventory_field_based_admissibility_execution
QSB-PLANCK-BRIDGE-RESONATOR-INDEPENDENT-LAG-VARIABLE-ADMISSIBILITY-EXECUTION-01,CAND-0259,Null-Alias-Stresstest,blocked_missing_evidence,inventory_field_based_admissibility_execution
QSB-PLANCK-BRIDGE-RESONATOR-INDEPENDENT-LAG-VARIABLE-ADMISSIBILITY-EXECUTION-01,CAND-0260,Vor-Paar-Existenz,unknown,inventory_field_based_admissibility_execution
QSB-PLANCK-BRIDGE-RESONATOR-INDEPENDENT-LAG-VARIABLE-ADMISSIBILITY-EXECUTION-01,CAND-0260,Nicht-Alias-Ableitung,unknown,inventory_field_based_admissibility_execution
QSB-PLANCK-BRIDGE-RESONATOR-INDEPENDENT-LAG-VARIABLE-ADMISSIBILITY-EXECUTION-01,CAND-0260,unabhängige Source-Lineage,blocked_missing_evidence,inventory_field_based_admissibility_execution
QSB-PLANCK-BRIDGE-RESONATOR-INDEPENDENT-LAG-VARIABLE-ADMISSIBILITY-EXECUTION-01,CAND-0260,Paar-Mappbarkeit,fail,inventory_field_based_admissibility_execution
QSB-PLANCK-BRIDGE-RESONATOR-INDEPENDENT-LAG-VARIABLE-ADMISSIBILITY-EXECUTION-01,CAND-0260,nicht vollständig lag-determiniert,pass,inventory_field_based_admissibility_execution
QSB-PLANCK-BRIDGE-RESONATOR-INDEPENDENT-LAG-VARIABLE-ADMISSIBILITY-EXECUTION-01,CAND-0260,Richtungs-/Symmetrieprüfung,unknown,inventory_field_based_admissibility_execution
QSB-PLANCK-BRIDGE-RESONATOR-INDEPENDENT-LAG-VARIABLE-ADMISSIBILITY-EXECUTION-01,CAND-0260,Einheiten-/Dimensionsmetadaten,blocked_missing_evidence,inventory_field_based_admissibility_execution
QSB-PLANCK-BRIDGE-RESONATOR-INDEPENDENT-LAG-VARIABLE-ADMISSIBILITY-EXECUTION-01,CAND-0260,Null-Alias-Stresstest,blocked_missing_evidence,inventory_field_based_admissibility_execution
