run_id,candidate_id,source_type,source_path_or_table,candidate_variable_name,candidate_category,artifact_level,alias_risk_level,input_independence_status,criteria_pass_count,criteria_fail_count,criteria_unknown_count,critical_failures,admissibility_decision_class,allowed_next_use,claim_implication,physical_claim_release
QSB-PLANCK-BRIDGE-RESONATOR-INDEPENDENT-LAG-VARIABLE-ADMISSIBILITY-EXECUTION-01,CAND-0001,repo_file,data/OUTREACH01A-06/public_profile_links.json,candidate_term_match,unknown,unknown_level,unknown,unknown_requires_lineage,1,1,6,Paar-Mappbarkeit|candidate_rejected_not_pair_mappable,candidate_rejected_not_pair_mappable,exclude_from_lag_mechanism_testing,no_independent_lag_variable_claim,blocked_no_physics_claim
QSB-PLANCK-BRIDGE-RESONATOR-INDEPENDENT-LAG-VARIABLE-ADMISSIBILITY-EXECUTION-01,CAND-0002,repo_file,data/OUTREACH01A-06/source_inventory.md,mode_or_frequency,frequency_proxy,unknown_level,unknown,unknown_requires_lineage,0,1,7,Paar-Mappbarkeit|candidate_rejected_not_pair_mappable,candidate_rejected_not_pair_mappable,exclude_from_lag_mechanism_testing,no_independent_lag_variable_claim,blocked_no_physics_claim
QSB-PLANCK-BRIDGE-RESONATOR-INDEPENDENT-LAG-VARIABLE-ADMISSIBILITY-EXECUTION-01,CAND-0003,repo_file,data/OUTREACH01A-DTC-DEMO01/FIELD_LIST.md,delta_phi_or_phase,phase_proxy,unknown_level,high,unknown_requires_lineage,0,1,7,Paar-Mappbarkeit|candidate_rejected_not_pair_mappable,candidate_rejected_not_pair_mappable,exclude_from_lag_mechanism_testing,no_independent_lag_variable_claim,blocked_no_physics_claim
QSB-PLANCK-BRIDGE-RESONATOR-INDEPENDENT-LAG-VARIABLE-ADMISSIBILITY-EXECUTION-01,CAND-0004,repo_file,data/OUTREACH01A-DTC-DEMO01/compact_contact_table_en.md,delta_phi_or_phase,phase_proxy,unknown_level,high,unknown_requires_lineage,0,1,7,Paar-Mappbarkeit|candidate_rejected_not_pair_mappable,candidate_rejected_not_pair_mappable,exclude_from_lag_mechanism_testing,no_independent_lag_variable_claim,blocked_no_physics_claim
QSB-PLANCK-BRIDGE-RESONATOR-INDEPENDENT-LAG-VARIABLE-ADMISSIBILITY-EXECUTION-01,CAND-0005,repo_file,data/OUTREACH01A-DTC-DEMO01/compact_contact_table_es.md,delta_phi_or_phase,phase_proxy,unknown_level,high,unknown_requires_lineage,0,1,7,Paar-Mappbarkeit|candidate_rejected_not_pair_mappable,candidate_rejected_not_pair_mappable,exclude_from_lag_mechanism_testing,no_independent_lag_variable_claim,blocked_no_physics_claim
QSB-PLANCK-BRIDGE-RESONATOR-INDEPENDENT-LAG-VARIABLE-ADMISSIBILITY-EXECUTION-01,CAND-0006,repo_file,data/OUTREACH01A-DTC-DEMO01/contact_figure_content_spec.md,delta_phi_or_phase,phase_proxy,unknown_level,high,unknown_requires_lineage,0,1,7,Paar-Mappbarkeit|candidate_rejected_not_pair_mappable,candidate_rejected_not_pair_mappable,exclude_from_lag_mechanism_testing,no_independent_lag_variable_claim,blocked_no_physics_claim
QSB-PLANCK-BRIDGE-RESONATOR-INDEPENDENT-LAG-VARIABLE-ADMISSIBILITY-EXECUTION-01,CAND-0007,repo_file,data/OUTREACH01A-DTC-DEMO01/dtc_state_identity_records.json,delta_phi_or_phase,phase_proxy,unknown_level,high,unknown_requires_lineage,0,1,7,Paar-Mappbarkeit|candidate_rejected_not_pair_mappable,candidate_rejected_not_pair_mappable,exclude_from_lag_mechanism_testing,no_independent_lag_variable_claim,blocked_no_physics_claim
QSB-PLANCK-BRIDGE-RESONATOR-INDEPENDENT-LAG-VARIABLE-ADMISSIBILITY-EXECUTION-01,CAND-0008,repo_file,data/OUTREACH01A-DTC-DEMO01/dtc_state_identity_schema.json,delta_phi_or_phase,phase_proxy,unknown_level,high,unknown_requires_lineage,0,1,7,Paar-Mappbarkeit|candidate_rejected_not_pair_mappable,candidate_rejected_not_pair_mappable,exclude_from_lag_mechanism_testing,no_independent_lag_variable_claim,blocked_no_physics_claim
QSB-PLANCK-BRIDGE-RESONATOR-INDEPENDENT-LAG-VARIABLE-ADMISSIBILITY-EXECUTION-01,CAND-0009,repo_file,data/OUTREACH01A-DTC-DEMO01/field_aliases_de.json,delta_phi_or_phase,phase_proxy,unknown_level,high,unknown_requires_lineage,0,1,7,Paar-Mappbarkeit|candidate_rejected_not_pair_mappable,candidate_rejected_not_pair_mappable,exclude_from_lag_mechanism_testing,no_independent_lag_variable_claim,blocked_no_physics_claim
QSB-PLANCK-BRIDGE-RESONATOR-INDEPENDENT-LAG-VARIABLE-ADMISSIBILITY-EXECUTION-01,CAND-0010,repo_file,data/OUTREACH01A-DTC-DEMO01/field_aliases_en.json,delta_phi_or_phase,phase_proxy,unknown_level,high,unknown_requires_lineage,0,1,7,Paar-Mappbarkeit|candidate_rejected_not_pair_mappable,candidate_rejected_not_pair_mappable,exclude_from_lag_mechanism_testing,no_independent_lag_variable_claim,blocked_no_physics_claim
QSB-PLANCK-BRIDGE-RESONATOR-INDEPENDENT-LAG-VARIABLE-ADMISSIBILITY-EXECUTION-01,CAND-0011,repo_file,data/OUTREACH01A-DTC-DEMO01/field_aliases_es.json,delta_phi_or_phase,phase_proxy,unknown_level,high,unknown_requires_lineage,0,1,7,Paar-Mappbarkeit|candidate_rejected_not_pair_mappable,candidate_rejected_not_pair_mappable,exclude_from_lag_mechanism_testing,no_independent_lag_variable_claim,blocked_no_physics_claim
QSB-PLANCK-BRIDGE-RESONATOR-INDEPENDENT-LAG-VARIABLE-ADMISSIBILITY-EXECUTION-01,CAND-0012,repo_file,data/QSB-BRIDGE-DATA-01/candidate_source_registry.csv,delta_phi_or_phase,phase_proxy,unknown_level,high,unknown_requires_lineage,0,1,7,Paar-Mappbarkeit|candidate_rejected_not_pair_mappable,candidate_rejected_not_pair_mappable,exclude_from_lag_mechanism_testing,no_independent_lag_variable_claim,blocked_no_physics_claim
QSB-PLANCK-BRIDGE-RESONATOR-INDEPENDENT-LAG-VARIABLE-ADMISSIBILITY-EXECUTION-01,CAND-0013,repo_file,data/QSB-BRIDGE-DATA-01/preflight_config.json,delta_phi_or_phase,phase_proxy,unknown_level,high,unknown_requires_lineage,0,1,7,Paar-Mappbarkeit|candidate_rejected_not_pair_mappable,candidate_rejected_not_pair_mappable,exclude_from_lag_mechanism_testing,no_independent_lag_variable_claim,blocked_no_physics_claim
QSB-PLANCK-BRIDGE-RESONATOR-INDEPENDENT-LAG-VARIABLE-ADMISSIBILITY-EXECUTION-01,CAND-0014,repo_file,data/QSB-BRIDGE-DATA-02A/benzene_edges.csv,candidate_term_match,unknown,unknown_level,unknown,unknown_requires_lineage,1,1,6,Paar-Mappbarkeit|candidate_rejected_not_pair_mappable,candidate_rejected_not_pair_mappable,exclude_from_lag_mechanism_testing,no_independent_lag_variable_claim,blocked_no_physics_claim
QSB-PLANCK-BRIDGE-RESONATOR-INDEPENDENT-LAG-VARIABLE-ADMISSIBILITY-EXECUTION-01,CAND-0015,repo_file,data/QSB-BRIDGE-DATA-02A/benzene_nodes.csv,candidate_term_match,unknown,unknown_level,unknown,unknown_requires_lineage,1,1,6,Paar-Mappbarkeit|candidate_rejected_not_pair_mappable,candidate_rejected_not_pair_mappable,exclude_from_lag_mechanism_testing,no_independent_lag_variable_claim,blocked_no_physics_claim
QSB-PLANCK-BRIDGE-RESONATOR-INDEPENDENT-LAG-VARIABLE-ADMISSIBILITY-EXECUTION-01,CAND-0016,repo_file,data/QSB-BRIDGE-DATA-02A/c60_edges.csv,candidate_term_match,unknown,unknown_level,unknown,unknown_requires_lineage,1,1,6,Paar-Mappbarkeit|candidate_rejected_not_pair_mappable,candidate_rejected_not_pair_mappable,exclude_from_lag_mechanism_testing,no_independent_lag_variable_claim,blocked_no_physics_claim
QSB-PLANCK-BRIDGE-RESONATOR-INDEPENDENT-LAG-VARIABLE-ADMISSIBILITY-EXECUTION-01,CAND-0017,repo_file,data/QSB-BRIDGE-DATA-02A/c60_faces.csv,candidate_term_match,unknown,unknown_level,unknown,unknown_requires_lineage,1,1,6,Paar-Mappbarkeit|candidate_rejected_not_pair_mappable,candidate_rejected_not_pair_mappable,exclude_from_lag_mechanism_testing,no_independent_lag_variable_claim,blocked_no_physics_claim
QSB-PLANCK-BRIDGE-RESONATOR-INDEPENDENT-LAG-VARIABLE-ADMISSIBILITY-EXECUTION-01,CAND-0018,repo_file,data/QSB-BRIDGE-DATA-02A/c60_nodes.csv,candidate_term_match,unknown,unknown_level,unknown,unknown_requires_lineage,1,1,6,Paar-Mappbarkeit|candidate_rejected_not_pair_mappable,candidate_rejected_not_pair_mappable,exclude_from_lag_mechanism_testing,no_independent_lag_variable_claim,blocked_no_physics_claim
QSB-PLANCK-BRIDGE-RESONATOR-INDEPENDENT-LAG-VARIABLE-ADMISSIBILITY-EXECUTION-01,CAND-0019,repo_file,data/QSB-BRIDGE-DATA-02A/sp2_contrast_config.json,delta_phi_or_phase,phase_proxy,unknown_level,high,unknown_requires_lineage,0,1,7,Paar-Mappbarkeit|candidate_rejected_not_pair_mappable,candidate_rejected_not_pair_mappable,exclude_from_lag_mechanism_testing,no_independent_lag_variable_claim,blocked_no_physics_claim
QSB-PLANCK-BRIDGE-RESONATOR-INDEPENDENT-LAG-VARIABLE-ADMISSIBILITY-EXECUTION-01,CAND-0020,repo_file,data/QSB-BRIDGE-DATA-02A/sp2_contrast_manifest.json,delta_phi_or_phase,phase_proxy,unknown_level,high,unknown_requires_lineage,0,1,7,Paar-Mappbarkeit|candidate_rejected_not_pair_mappable,candidate_rejected_not_pair_mappable,exclude_from_lag_mechanism_testing,no_independent_lag_variable_claim,blocked_no_physics_claim
QSB-PLANCK-BRIDGE-RESONATOR-INDEPENDENT-LAG-VARIABLE-ADMISSIBILITY-EXECUTION-01,CAND-0021,repo_file,data/QSB-BRIDGE-DATA-02B/adamantane_edges.csv,candidate_term_match,unknown,unknown_level,unknown,unknown_requires_lineage,1,1,6,Paar-Mappbarkeit|candidate_rejected_not_pair_mappable,candidate_rejected_not_pair_mappable,exclude_from_lag_mechanism_testing,no_independent_lag_variable_claim,blocked_no_physics_claim
QSB-PLANCK-BRIDGE-RESONATOR-INDEPENDENT-LAG-VARIABLE-ADMISSIBILITY-EXECUTION-01,CAND-0022,repo_file,data/QSB-BRIDGE-DATA-02B/adamantane_nodes.csv,candidate_term_match,unknown,unknown_level,unknown,unknown_requires_lineage,1,1,6,Paar-Mappbarkeit|candidate_rejected_not_pair_mappable,candidate_rejected_not_pair_mappable,exclude_from_lag_mechanism_testing,no_independent_lag_variable_claim,blocked_no_physics_claim
QSB-PLANCK-BRIDGE-RESONATOR-INDEPENDENT-LAG-VARIABLE-ADMISSIBILITY-EXECUTION-01,CAND-0023,repo_file,data/QSB-BRIDGE-DATA-02B/carbon_bonding_organization_config.json,candidate_term_match,unknown,unknown_level,unknown,unknown_requires_lineage,1,1,6,Paar-Mappbarkeit|candidate_rejected_not_pair_mappable,candidate_rejected_not_pair_mappable,exclude_from_lag_mechanism_testing,no_independent_lag_variable_claim,blocked_no_physics_claim
QSB-PLANCK-BRIDGE-RESONATOR-INDEPENDENT-LAG-VARIABLE-ADMISSIBILITY-EXECUTION-01,CAND-0024,repo_file,data/QSB-BRIDGE-DATA-02B/carbon_bonding_organization_manifest.json,candidate_term_match,unknown,unknown_level,unknown,unknown_requires_lineage,1,1,6,Paar-Mappbarkeit|candidate_rejected_not_pair_mappable,candidate_rejected_not_pair_mappable,exclude_from_lag_mechanism_testing,no_independent_lag_variable_claim,blocked_no_physics_claim
QSB-PLANCK-BRIDGE-RESONATOR-INDEPENDENT-LAG-VARIABLE-ADMISSIBILITY-EXECUTION-01,CAND-0025,repo_file,data/QSB-BRIDGE-DATA-02B/carbon_ladder_edges.csv,candidate_term_match,unknown,unknown_level,unknown,unknown_requires_lineage,1,1,6,Paar-Mappbarkeit|candidate_rejected_not_pair_mappable,candidate_rejected_not_pair_mappable,exclude_from_lag_mechanism_testing,no_independent_lag_variable_claim,blocked_no_physics_claim
QSB-PLANCK-BRIDGE-RESONATOR-INDEPENDENT-LAG-VARIABLE-ADMISSIBILITY-EXECUTION-01,CAND-0026,repo_file,data/QSB-BRIDGE-DATA-02B/carbon_ladder_nodes.csv,candidate_term_match,unknown,unknown_level,unknown,unknown_requires_lineage,1,1,6,Paar-Mappbarkeit|candidate_rejected_not_pair_mappable,candidate_rejected_not_pair_mappable,exclude_from_lag_mechanism_testing,no_independent_lag_variable_claim,blocked_no_physics_claim
QSB-PLANCK-BRIDGE-RESONATOR-INDEPENDENT-LAG-VARIABLE-ADMISSIBILITY-EXECUTION-01,CAND-0027,repo_file,data/QSB-BRIDGE-DATA-02B/ethyne_edges.csv,candidate_term_match,unknown,unknown_level,unknown,unknown_requires_lineage,1,1,6,Paar-Mappbarkeit|candidate_rejected_not_pair_mappable,candidate_rejected_not_pair_mappable,exclude_from_lag_mechanism_testing,no_independent_lag_variable_claim,blocked_no_physics_claim
QSB-PLANCK-BRIDGE-RESONATOR-INDEPENDENT-LAG-VARIABLE-ADMISSIBILITY-EXECUTION-01,CAND-0028,repo_file,data/QSB-BRIDGE-DATA-02B/ethyne_nodes.csv,candidate_term_match,unknown,unknown_level,unknown,unknown_requires_lineage,1,1,6,Paar-Mappbarkeit|candidate_rejected_not_pair_mappable,candidate_rejected_not_pair_mappable,exclude_from_lag_mechanism_testing,no_independent_lag_variable_claim,blocked_no_physics_claim
QSB-PLANCK-BRIDGE-RESONATOR-INDEPENDENT-LAG-VARIABLE-ADMISSIBILITY-EXECUTION-01,CAND-0029,repo_file,data/QSB-BRIDGE-DATA-02C/control_edges.csv,candidate_term_match,unknown,unknown_level,unknown,unknown_requires_lineage,1,1,6,Paar-Mappbarkeit|candidate_rejected_not_pair_mappable,candidate_rejected_not_pair_mappable,exclude_from_lag_mechanism_testing,no_independent_lag_variable_claim,blocked_no_physics_claim
QSB-PLANCK-BRIDGE-RESONATOR-INDEPENDENT-LAG-VARIABLE-ADMISSIBILITY-EXECUTION-01,CAND-0030,repo_file,data/QSB-BRIDGE-DATA-02C/control_ensemble_config.json,candidate_term_match,unknown,unknown_level,unknown,unknown_requires_lineage,1,1,6,Paar-Mappbarkeit|candidate_rejected_not_pair_mappable,candidate_rejected_not_pair_mappable,exclude_from_lag_mechanism_testing,no_independent_lag_variable_claim,blocked_no_physics_claim
QSB-PLANCK-BRIDGE-RESONATOR-INDEPENDENT-LAG-VARIABLE-ADMISSIBILITY-EXECUTION-01,CAND-0031,repo_file,data/QSB-BRIDGE-DATA-02C/control_ensemble_manifest.json,candidate_term_match,unknown,unknown_level,unknown,unknown_requires_lineage,1,1,6,Paar-Mappbarkeit|candidate_rejected_not_pair_mappable,candidate_rejected_not_pair_mappable,exclude_from_lag_mechanism_testing,no_independent_lag_variable_claim,blocked_no_physics_claim
QSB-PLANCK-BRIDGE-RESONATOR-INDEPENDENT-LAG-VARIABLE-ADMISSIBILITY-EXECUTION-01,CAND-0032,repo_file,data/QSB-BRIDGE-DATA-02C/control_family_summary.csv,candidate_term_match,unknown,unknown_level,unknown,unknown_requires_lineage,1,1,6,Paar-Mappbarkeit|candidate_rejected_not_pair_mappable,candidate_rejected_not_pair_mappable,exclude_from_lag_mechanism_testing,no_independent_lag_variable_claim,blocked_no_physics_claim
QSB-PLANCK-BRIDGE-RESONATOR-INDEPENDENT-LAG-VARIABLE-ADMISSIBILITY-EXECUTION-01,CAND-0033,repo_file,data/QSB-BRIDGE-DATA-02C/control_nodes.csv,candidate_term_match,unknown,unknown_level,unknown,unknown_requires_lineage,1,1,6,Paar-Mappbarkeit|candidate_rejected_not_pair_mappable,candidate_rejected_not_pair_mappable,exclude_from_lag_mechanism_testing,no_independent_lag_variable_claim,blocked_no_physics_claim
QSB-PLANCK-BRIDGE-RESONATOR-INDEPENDENT-LAG-VARIABLE-ADMISSIBILITY-EXECUTION-01,CAND-0034,repo_file,data/QSB-BRIDGE-DATA-02C/control_validation_summary.csv,candidate_term_match,unknown,unknown_level,unknown,unknown_requires_lineage,1,1,6,Paar-Mappbarkeit|candidate_rejected_not_pair_mappable,candidate_rejected_not_pair_mappable,exclude_from_lag_mechanism_testing,no_independent_lag_variable_claim,blocked_no_physics_claim
QSB-PLANCK-BRIDGE-RESONATOR-INDEPENDENT-LAG-VARIABLE-ADMISSIBILITY-EXECUTION-01,CAND-0035,repo_file,data/QSB-BRIDGE-DATA-02D/control_diagnostic_summary.csv,candidate_term_match,unknown,unknown_level,unknown,unknown_requires_lineage,1,1,6,Paar-Mappbarkeit|candidate_rejected_not_pair_mappable,candidate_rejected_not_pair_mappable,exclude_from_lag_mechanism_testing,no_independent_lag_variable_claim,blocked_no_physics_claim
QSB-PLANCK-BRIDGE-RESONATOR-INDEPENDENT-LAG-VARIABLE-ADMISSIBILITY-EXECUTION-01,CAND-0036,repo_file,data/QSB-BRIDGE-DATA-02D/highest_risk_mimic_diagnostic.csv,candidate_term_match,unknown,unknown_level,unknown,unknown_requires_lineage,1,1,6,Paar-Mappbarkeit|candidate_rejected_not_pair_mappable,candidate_rejected_not_pair_mappable,exclude_from_lag_mechanism_testing,no_independent_lag_variable_claim,blocked_no_physics_claim
QSB-PLANCK-BRIDGE-RESONATOR-INDEPENDENT-LAG-VARIABLE-ADMISSIBILITY-EXECUTION-01,CAND-0037,repo_file,data/QSB-BRIDGE-DATA-02D/original_vs_control_separation.csv,candidate_term_match,unknown,unknown_level,unknown,unknown_requires_lineage,1,1,6,Paar-Mappbarkeit|candidate_rejected_not_pair_mappable,candidate_rejected_not_pair_mappable,exclude_from_lag_mechanism_testing,no_independent_lag_variable_claim,blocked_no_physics_claim
QSB-PLANCK-BRIDGE-RESONATOR-INDEPENDENT-LAG-VARIABLE-ADMISSIBILITY-EXECUTION-01,CAND-0038,repo_file,data/QSB-BRIDGE-DATA-02E/README.md,candidate_term_match,unknown,unknown_level,unknown,unknown_requires_lineage,1,1,6,Paar-Mappbarkeit|candidate_rejected_not_pair_mappable,candidate_rejected_not_pair_mappable,exclude_from_lag_mechanism_testing,no_independent_lag_variable_claim,blocked_no_physics_claim
QSB-PLANCK-BRIDGE-RESONATOR-INDEPENDENT-LAG-VARIABLE-ADMISSIBILITY-EXECUTION-01,CAND-0039,repo_file,data/QSB-BRIDGE-DATA-02E/control_destruction_effectiveness_summary.csv,mode_or_frequency,frequency_proxy,unknown_level,unknown,unknown_requires_lineage,0,1,7,Paar-Mappbarkeit|candidate_rejected_not_pair_mappable,candidate_rejected_not_pair_mappable,exclude_from_lag_mechanism_testing,no_independent_lag_variable_claim,blocked_no_physics_claim
QSB-PLANCK-BRIDGE-RESONATOR-INDEPENDENT-LAG-VARIABLE-ADMISSIBILITY-EXECUTION-01,CAND-0040,repo_file,data/QSB-BRIDGE-DATA-02E/control_mimic_failure_inventory.csv,mode_or_frequency,frequency_proxy,unknown_level,unknown,unknown_requires_lineage,0,1,7,Paar-Mappbarkeit|candidate_rejected_not_pair_mappable,candidate_rejected_not_pair_mappable,exclude_from_lag_mechanism_testing,no_independent_lag_variable_claim,blocked_no_physics_claim
QSB-PLANCK-BRIDGE-RESONATOR-INDEPENDENT-LAG-VARIABLE-ADMISSIBILITY-EXECUTION-01,CAND-0041,repo_file,data/QSB-BRIDGE-DATA-02E/control_mimicry_revision_manifest.json,candidate_term_match,unknown,unknown_level,unknown,unknown_requires_lineage,1,1,6,Paar-Mappbarkeit|candidate_rejected_not_pair_mappable,candidate_rejected_not_pair_mappable,exclude_from_lag_mechanism_testing,no_independent_lag_variable_claim,blocked_no_physics_claim
QSB-PLANCK-BRIDGE-RESONATOR-INDEPENDENT-LAG-VARIABLE-ADMISSIBILITY-EXECUTION-01,CAND-0042,repo_file,data/QSB-BRIDGE-DATA-02E/diagnostic_specificity_summary.csv,mode_or_frequency,frequency_proxy,unknown_level,unknown,unknown_requires_lineage,0,1,7,Paar-Mappbarkeit|candidate_rejected_not_pair_mappable,candidate_rejected_not_pair_mappable,exclude_from_lag_mechanism_testing,no_independent_lag_variable_claim,blocked_no_physics_claim
QSB-PLANCK-BRIDGE-RESONATOR-INDEPENDENT-LAG-VARIABLE-ADMISSIBILITY-EXECUTION-01,CAND-0043,repo_file,data/QSB-BRIDGE-DATA-02E/mimic_family_risk_summary.csv,mode_or_frequency,frequency_proxy,unknown_level,unknown,unknown_requires_lineage,0,1,7,Paar-Mappbarkeit|candidate_rejected_not_pair_mappable,candidate_rejected_not_pair_mappable,exclude_from_lag_mechanism_testing,no_independent_lag_variable_claim,blocked_no_physics_claim
QSB-PLANCK-BRIDGE-RESONATOR-INDEPENDENT-LAG-VARIABLE-ADMISSIBILITY-EXECUTION-01,CAND-0044,repo_file,data/QSB-BRIDGE-DATA-02E/revision_recommendation_summary.csv,mode_or_frequency,frequency_proxy,unknown_level,unknown,unknown_requires_lineage,0,1,7,Paar-Mappbarkeit|candidate_rejected_not_pair_mappable,candidate_rejected_not_pair_mappable,exclude_from_lag_mechanism_testing,no_independent_lag_variable_claim,blocked_no_physics_claim
QSB-PLANCK-BRIDGE-RESONATOR-INDEPENDENT-LAG-VARIABLE-ADMISSIBILITY-EXECUTION-01,CAND-0045,repo_file,data/QSB-CAUSALITY06B-02/FIELD_LIST.md,candidate_term_match,unknown,unknown_level,unknown,unknown_requires_lineage,1,1,6,Paar-Mappbarkeit|candidate_rejected_not_pair_mappable,candidate_rejected_not_pair_mappable,exclude_from_lag_mechanism_testing,no_independent_lag_variable_claim,blocked_no_physics_claim
QSB-PLANCK-BRIDGE-RESONATOR-INDEPENDENT-LAG-VARIABLE-ADMISSIBILITY-EXECUTION-01,CAND-0046,repo_file,data/QSB-CAUSALITY06B-02/candidate_state_record_schema.json,candidate_term_match,unknown,unknown_level,unknown,unknown_requires_lineage,1,1,6,Paar-Mappbarkeit|candidate_rejected_not_pair_mappable,candidate_rejected_not_pair_mappable,exclude_from_lag_mechanism_testing,no_independent_lag_variable_claim,blocked_no_physics_claim
QSB-PLANCK-BRIDGE-RESONATOR-INDEPENDENT-LAG-VARIABLE-ADMISSIBILITY-EXECUTION-01,CAND-0047,repo_file,data/QSB-CAUSALITY06B-02/example_candidate_state_records.json,candidate_term_match,unknown,unknown_level,unknown,unknown_requires_lineage,1,1,6,Paar-Mappbarkeit|candidate_rejected_not_pair_mappable,candidate_rejected_not_pair_mappable,exclude_from_lag_mechanism_testing,no_independent_lag_variable_claim,blocked_no_physics_claim
QSB-PLANCK-BRIDGE-RESONATOR-INDEPENDENT-LAG-VARIABLE-ADMISSIBILITY-EXECUTION-01,CAND-0048,repo_file,data/QSB-CAUSALITY06B-04/field_aliases_de.json,candidate_term_match,unknown,unknown_level,unknown,unknown_requires_lineage,1,1,6,Paar-Mappbarkeit|candidate_rejected_not_pair_mappable,candidate_rejected_not_pair_mappable,exclude_from_lag_mechanism_testing,no_independent_lag_variable_claim,blocked_no_physics_claim
QSB-PLANCK-BRIDGE-RESONATOR-INDEPENDENT-LAG-VARIABLE-ADMISSIBILITY-EXECUTION-01,CAND-0049,repo_file,data/QSB-CAUSALITY06B-04/inner_sphere_et_state_records.json,candidate_term_match,unknown,unknown_level,unknown,unknown_requires_lineage,1,1,6,Paar-Mappbarkeit|candidate_rejected_not_pair_mappable,candidate_rejected_not_pair_mappable,exclude_from_lag_mechanism_testing,no_independent_lag_variable_claim,blocked_no_physics_claim
QSB-PLANCK-BRIDGE-RESONATOR-INDEPENDENT-LAG-VARIABLE-ADMISSIBILITY-EXECUTION-01,CAND-0050,repo_file,data/QSB-CAUSALITY06B-04/source_inventory.md,candidate_term_match,unknown,unknown_level,unknown,unknown_requires_lineage,1,1,6,Paar-Mappbarkeit|candidate_rejected_not_pair_mappable,candidate_rejected_not_pair_mappable,exclude_from_lag_mechanism_testing,no_independent_lag_variable_claim,blocked_no_physics_claim
QSB-PLANCK-BRIDGE-RESONATOR-INDEPENDENT-LAG-VARIABLE-ADMISSIBILITY-EXECUTION-01,CAND-0051,repo_file,data/QSB-CAUSALITY06B-04/transition_candidates.json,candidate_term_match,unknown,unknown_level,unknown,unknown_requires_lineage,1,1,6,Paar-Mappbarkeit|candidate_rejected_not_pair_mappable,candidate_rejected_not_pair_mappable,exclude_from_lag_mechanism_testing,no_independent_lag_variable_claim,blocked_no_physics_claim
QSB-PLANCK-BRIDGE-RESONATOR-INDEPENDENT-LAG-VARIABLE-ADMISSIBILITY-EXECUTION-01,CAND-0052,repo_file,data/QSB-CAUSALITY06B-05/field_aliases_de.json,candidate_term_match,unknown,unknown_level,unknown,unknown_requires_lineage,1,1,6,Paar-Mappbarkeit|candidate_rejected_not_pair_mappable,candidate_rejected_not_pair_mappable,exclude_from_lag_mechanism_testing,no_independent_lag_variable_claim,blocked_no_physics_claim
QSB-PLANCK-BRIDGE-RESONATOR-INDEPENDENT-LAG-VARIABLE-ADMISSIBILITY-EXECUTION-01,CAND-0053,repo_file,data/QSB-CAUSALITY06B-05/negative_control_state_pairs.json,mode_or_frequency,frequency_proxy,unknown_level,unknown,unknown_requires_lineage,0,1,7,Paar-Mappbarkeit|candidate_rejected_not_pair_mappable,candidate_rejected_not_pair_mappable,exclude_from_lag_mechanism_testing,no_independent_lag_variable_claim,blocked_no_physics_claim
QSB-PLANCK-BRIDGE-RESONATOR-INDEPENDENT-LAG-VARIABLE-ADMISSIBILITY-EXECUTION-01,CAND-0054,repo_file,data/QSB-CAUSALITY06B-05/robustness_test_cases.json,mode_or_frequency,frequency_proxy,unknown_level,unknown,unknown_requires_lineage,0,1,7,Paar-Mappbarkeit|candidate_rejected_not_pair_mappable,candidate_rejected_not_pair_mappable,exclude_from_lag_mechanism_testing,no_independent_lag_variable_claim,blocked_no_physics_claim
QSB-PLANCK-BRIDGE-RESONATOR-INDEPENDENT-LAG-VARIABLE-ADMISSIBILITY-EXECUTION-01,CAND-0055,repo_file,data/QSB-CAUSALITY06B-06/field_aliases_de.json,mode_or_frequency,frequency_proxy,unknown_level,unknown,unknown_requires_lineage,0,1,7,Paar-Mappbarkeit|candidate_rejected_not_pair_mappable,candidate_rejected_not_pair_mappable,exclude_from_lag_mechanism_testing,no_independent_lag_variable_claim,blocked_no_physics_claim
QSB-PLANCK-BRIDGE-RESONATOR-INDEPENDENT-LAG-VARIABLE-ADMISSIBILITY-EXECUTION-01,CAND-0056,repo_file,data/QSB-CAUSALITY06B-06/oxalate_case_state_records.json,mode_or_frequency,frequency_proxy,unknown_level,unknown,unknown_requires_lineage,0,1,7,Paar-Mappbarkeit|candidate_rejected_not_pair_mappable,candidate_rejected_not_pair_mappable,exclude_from_lag_mechanism_testing,no_independent_lag_variable_claim,blocked_no_physics_claim
QSB-PLANCK-BRIDGE-RESONATOR-INDEPENDENT-LAG-VARIABLE-ADMISSIBILITY-EXECUTION-01,CAND-0057,repo_file,data/QSB-CAUSALITY06B-06/oxalate_transition_candidates.json,candidate_term_match,unknown,unknown_level,unknown,unknown_requires_lineage,1,1,6,Paar-Mappbarkeit|candidate_rejected_not_pair_mappable,candidate_rejected_not_pair_mappable,exclude_from_lag_mechanism_testing,no_independent_lag_variable_claim,blocked_no_physics_claim
QSB-PLANCK-BRIDGE-RESONATOR-INDEPENDENT-LAG-VARIABLE-ADMISSIBILITY-EXECUTION-01,CAND-0058,repo_file,data/QSB-CAUSALITY06B-06/source_inventory.md,candidate_term_match,unknown,unknown_level,unknown,unknown_requires_lineage,1,1,6,Paar-Mappbarkeit|candidate_rejected_not_pair_mappable,candidate_rejected_not_pair_mappable,exclude_from_lag_mechanism_testing,no_independent_lag_variable_claim,blocked_no_physics_claim
QSB-PLANCK-BRIDGE-RESONATOR-INDEPENDENT-LAG-VARIABLE-ADMISSIBILITY-EXECUTION-01,CAND-0059,repo_file,data/QSB-CAUSALITY07-02/cycle_phase_rules.json,delta_phi_or_phase,phase_proxy,unknown_level,high,unknown_requires_lineage,0,1,7,Paar-Mappbarkeit|candidate_rejected_not_pair_mappable,candidate_rejected_not_pair_mappable,exclude_from_lag_mechanism_testing,no_independent_lag_variable_claim,blocked_no_physics_claim
QSB-PLANCK-BRIDGE-RESONATOR-INDEPENDENT-LAG-VARIABLE-ADMISSIBILITY-EXECUTION-01,CAND-0060,repo_file,data/QSB-CAUSALITY07-02/field_aliases_de.json,delta_phi_or_phase,phase_proxy,unknown_level,high,unknown_requires_lineage,0,1,7,Paar-Mappbarkeit|candidate_rejected_not_pair_mappable,candidate_rejected_not_pair_mappable,exclude_from_lag_mechanism_testing,no_independent_lag_variable_claim,blocked_no_physics_claim
QSB-PLANCK-BRIDGE-RESONATOR-INDEPENDENT-LAG-VARIABLE-ADMISSIBILITY-EXECUTION-01,CAND-0061,repo_file,data/QSB-CAUSALITY07-02/oregonator_config.json,delta_phi_or_phase,phase_proxy,unknown_level,high,unknown_requires_lineage,0,1,7,Paar-Mappbarkeit|candidate_rejected_not_pair_mappable,candidate_rejected_not_pair_mappable,exclude_from_lag_mechanism_testing,no_independent_lag_variable_claim,blocked_no_physics_claim
QSB-PLANCK-BRIDGE-RESONATOR-INDEPENDENT-LAG-VARIABLE-ADMISSIBILITY-EXECUTION-01,CAND-0062,repo_file,data/QSB-CAUSALITY07-02/source_inventory.md,delta_phi_or_phase,phase_proxy,unknown_level,high,unknown_requires_lineage,0,1,7,Paar-Mappbarkeit|candidate_rejected_not_pair_mappable,candidate_rejected_not_pair_mappable,exclude_from_lag_mechanism_testing,no_independent_lag_variable_claim,blocked_no_physics_claim
QSB-PLANCK-BRIDGE-RESONATOR-INDEPENDENT-LAG-VARIABLE-ADMISSIBILITY-EXECUTION-01,CAND-0063,repo_file,data/QSB-CAUSALITY07-03/cycle_semantics_hardening_config.json,delta_phi_or_phase,phase_proxy,unknown_level,high,unknown_requires_lineage,0,1,7,Paar-Mappbarkeit|candidate_rejected_not_pair_mappable,candidate_rejected_not_pair_mappable,exclude_from_lag_mechanism_testing,no_independent_lag_variable_claim,blocked_no_physics_claim
QSB-PLANCK-BRIDGE-RESONATOR-INDEPENDENT-LAG-VARIABLE-ADMISSIBILITY-EXECUTION-01,CAND-0064,repo_file,data/QSB-CAUSALITY07-04/causal_condition_registry.json,delta_phi_or_phase,phase_proxy,unknown_level,high,unknown_requires_lineage,0,1,7,Paar-Mappbarkeit|candidate_rejected_not_pair_mappable,candidate_rejected_not_pair_mappable,exclude_from_lag_mechanism_testing,no_independent_lag_variable_claim,blocked_no_physics_claim
QSB-PLANCK-BRIDGE-RESONATOR-INDEPENDENT-LAG-VARIABLE-ADMISSIBILITY-EXECUTION-01,CAND-0065,repo_file,data/QSB-CAUSALITY07-04/controlled_causal_structure_config.json,delta_phi_or_phase,phase_proxy,unknown_level,high,unknown_requires_lineage,1,1,6,Paar-Mappbarkeit|candidate_rejected_not_pair_mappable,candidate_rejected_not_pair_mappable,exclude_from_lag_mechanism_testing,no_independent_lag_variable_claim,blocked_no_physics_claim
QSB-PLANCK-BRIDGE-RESONATOR-INDEPENDENT-LAG-VARIABLE-ADMISSIBILITY-EXECUTION-01,CAND-0066,repo_file,data/QSB-CAUSALITY07-04A/independent_transition_reconstruction_config.json,delta_phi_or_phase,phase_proxy,unknown_level,high,unknown_requires_lineage,1,1,6,Paar-Mappbarkeit|candidate_rejected_not_pair_mappable,candidate_rejected_not_pair_mappable,exclude_from_lag_mechanism_testing,no_independent_lag_variable_claim,blocked_no_physics_claim
QSB-PLANCK-BRIDGE-RESONATOR-INDEPENDENT-LAG-VARIABLE-ADMISSIBILITY-EXECUTION-01,CAND-0067,repo_file,data/QSB-CAUSALITY07-04A/reconstruction_rule_registry.json,delta_phi_or_phase,phase_proxy,unknown_level,high,unknown_requires_lineage,1,1,6,Paar-Mappbarkeit|candidate_rejected_not_pair_mappable,candidate_rejected_not_pair_mappable,exclude_from_lag_mechanism_testing,no_independent_lag_variable_claim,blocked_no_physics_claim
QSB-PLANCK-BRIDGE-RESONATOR-INDEPENDENT-LAG-VARIABLE-ADMISSIBILITY-EXECUTION-01,CAND-0068,repo_file,data/QSB-CAUSALITY07-04B/calibration_metric_registry.json,candidate_term_match,unknown,unknown_level,unknown,unknown_requires_lineage,1,1,6,Paar-Mappbarkeit|candidate_rejected_not_pair_mappable,candidate_rejected_not_pair_mappable,exclude_from_lag_mechanism_testing,no_independent_lag_variable_claim,blocked_no_physics_claim
QSB-PLANCK-BRIDGE-RESONATOR-INDEPENDENT-LAG-VARIABLE-ADMISSIBILITY-EXECUTION-01,CAND-0069,repo_file,data/QSB-CAUSALITY07-04B/heuristic_calibration_config.json,delta_phi_or_phase,phase_proxy,unknown_level,high,unknown_requires_lineage,1,1,6,Paar-Mappbarkeit|candidate_rejected_not_pair_mappable,candidate_rejected_not_pair_mappable,exclude_from_lag_mechanism_testing,no_independent_lag_variable_claim,blocked_no_physics_claim
QSB-PLANCK-BRIDGE-RESONATOR-INDEPENDENT-LAG-VARIABLE-ADMISSIBILITY-EXECUTION-01,CAND-0070,repo_file,data/QSB-CAUSALITY07-04C/fine_calibration_metric_registry.json,candidate_term_match,unknown,unknown_level,unknown,unknown_requires_lineage,1,1,6,Paar-Mappbarkeit|candidate_rejected_not_pair_mappable,candidate_rejected_not_pair_mappable,exclude_from_lag_mechanism_testing,no_independent_lag_variable_claim,blocked_no_physics_claim
QSB-PLANCK-BRIDGE-RESONATOR-INDEPENDENT-LAG-VARIABLE-ADMISSIBILITY-EXECUTION-01,CAND-0071,repo_file,data/QSB-CAUSALITY07-04C/fine_calibration_sweep_config.json,delta_phi_or_phase,phase_proxy,unknown_level,high,unknown_requires_lineage,1,1,6,Paar-Mappbarkeit|candidate_rejected_not_pair_mappable,candidate_rejected_not_pair_mappable,exclude_from_lag_mechanism_testing,no_independent_lag_variable_claim,blocked_no_physics_claim
QSB-PLANCK-BRIDGE-RESONATOR-INDEPENDENT-LAG-VARIABLE-ADMISSIBILITY-EXECUTION-01,CAND-0072,repo_file,data/QSB-CORRCORE01/correlation_core_claim_boundary_registry.json,mode_or_frequency,frequency_proxy,unknown_level,unknown,unknown_requires_lineage,1,1,6,Paar-Mappbarkeit|candidate_rejected_not_pair_mappable,candidate_rejected_not_pair_mappable,exclude_from_lag_mechanism_testing,no_independent_lag_variable_claim,blocked_no_physics_claim
QSB-PLANCK-BRIDGE-RESONATOR-INDEPENDENT-LAG-VARIABLE-ADMISSIBILITY-EXECUTION-01,CAND-0073,repo_file,data/QSB-CORRCORE01/correlation_core_cross_strand_map.json,mode_or_frequency,frequency_proxy,unknown_level,unknown,unknown_requires_lineage,0,1,7,Paar-Mappbarkeit|candidate_rejected_not_pair_mappable,candidate_rejected_not_pair_mappable,exclude_from_lag_mechanism_testing,no_independent_lag_variable_claim,blocked_no_physics_claim
QSB-PLANCK-BRIDGE-RESONATOR-INDEPENDENT-LAG-VARIABLE-ADMISSIBILITY-EXECUTION-01,CAND-0074,repo_file,data/QSB-CORRCORE01/correlation_core_equation_registry.json,mode_or_frequency,frequency_proxy,unknown_level,unknown,unknown_requires_lineage,1,1,6,Paar-Mappbarkeit|candidate_rejected_not_pair_mappable,candidate_rejected_not_pair_mappable,exclude_from_lag_mechanism_testing,no_independent_lag_variable_claim,blocked_no_physics_claim
QSB-PLANCK-BRIDGE-RESONATOR-INDEPENDENT-LAG-VARIABLE-ADMISSIBILITY-EXECUTION-01,CAND-0075,repo_file,data/QSB-CORRCORE01/correlation_core_object_registry.json,delta_phi_or_phase,phase_proxy,unknown_level,high,unknown_requires_lineage,1,1,6,Paar-Mappbarkeit|candidate_rejected_not_pair_mappable,candidate_rejected_not_pair_mappable,exclude_from_lag_mechanism_testing,no_independent_lag_variable_claim,blocked_no_physics_claim
QSB-PLANCK-BRIDGE-RESONATOR-INDEPENDENT-LAG-VARIABLE-ADMISSIBILITY-EXECUTION-01,CAND-0076,repo_file,data/QSB-CORRCORE01/correlation_core_quantity_registry.json,delta_phi_or_phase,phase_proxy,unknown_level,high,unknown_requires_lineage,1,1,6,Paar-Mappbarkeit|candidate_rejected_not_pair_mappable,candidate_rejected_not_pair_mappable,exclude_from_lag_mechanism_testing,no_independent_lag_variable_claim,blocked_no_physics_claim
QSB-PLANCK-BRIDGE-RESONATOR-INDEPENDENT-LAG-VARIABLE-ADMISSIBILITY-EXECUTION-01,CAND-0077,repo_file,data/QSB-CORRCORE01/correlation_core_source_inventory.json,mode_or_frequency,frequency_proxy,unknown_level,unknown,unknown_requires_lineage,0,1,7,Paar-Mappbarkeit|candidate_rejected_not_pair_mappable,candidate_rejected_not_pair_mappable,exclude_from_lag_mechanism_testing,no_independent_lag_variable_claim,blocked_no_physics_claim
QSB-PLANCK-BRIDGE-RESONATOR-INDEPENDENT-LAG-VARIABLE-ADMISSIBILITY-EXECUTION-01,CAND-0078,repo_file,data/QSB-DB/schema/qsb_research_db_schema.sql,mode_or_frequency,frequency_proxy,unknown_level,unknown,unknown_requires_lineage,2,1,5,Paar-Mappbarkeit|candidate_rejected_not_pair_mappable,candidate_rejected_not_pair_mappable,exclude_from_lag_mechanism_testing,no_independent_lag_variable_claim,blocked_no_physics_claim
QSB-PLANCK-BRIDGE-RESONATOR-INDEPENDENT-LAG-VARIABLE-ADMISSIBILITY-EXECUTION-01,CAND-0079,repo_file,data/QSB-META01-01/repository_metadata_inventory_config.json,candidate_term_match,unknown,unknown_level,unknown,unknown_requires_lineage,2,1,5,Paar-Mappbarkeit|candidate_rejected_not_pair_mappable,candidate_rejected_not_pair_mappable,exclude_from_lag_mechanism_testing,no_independent_lag_variable_claim,blocked_no_physics_claim
QSB-PLANCK-BRIDGE-RESONATOR-INDEPENDENT-LAG-VARIABLE-ADMISSIBILITY-EXECUTION-01,CAND-0080,repo_file,data/QSB-META01-02/canonical_metadata_contract_config.json,mode_or_frequency,frequency_proxy,unknown_level,unknown,unknown_requires_lineage,2,1,5,Paar-Mappbarkeit|candidate_rejected_not_pair_mappable,candidate_rejected_not_pair_mappable,exclude_from_lag_mechanism_testing,no_independent_lag_variable_claim,blocked_no_physics_claim
QSB-PLANCK-BRIDGE-RESONATOR-INDEPENDENT-LAG-VARIABLE-ADMISSIBILITY-EXECUTION-01,CAND-0081,repo_file,data/QSB-META01-02/canonical_metadata_schema.sql,mode_or_frequency,frequency_proxy,unknown_level,unknown,unknown_requires_lineage,2,1,5,Paar-Mappbarkeit|candidate_rejected_not_pair_mappable,candidate_rejected_not_pair_mappable,exclude_from_lag_mechanism_testing,no_independent_lag_variable_claim,blocked_no_physics_claim
QSB-PLANCK-BRIDGE-RESONATOR-INDEPENDENT-LAG-VARIABLE-ADMISSIBILITY-EXECUTION-01,CAND-0082,repo_file,data/QSB-META01-02/controlled_vocabularies.json,mode_or_frequency,frequency_proxy,unknown_level,unknown,unknown_requires_lineage,2,1,5,Paar-Mappbarkeit|candidate_rejected_not_pair_mappable,candidate_rejected_not_pair_mappable,exclude_from_lag_mechanism_testing,no_independent_lag_variable_claim,blocked_no_physics_claim
QSB-PLANCK-BRIDGE-RESONATOR-INDEPENDENT-LAG-VARIABLE-ADMISSIBILITY-EXECUTION-01,CAND-0083,repo_file,data/QSB-META01-02/example_metadata_records.json,mode_or_frequency,frequency_proxy,unknown_level,unknown,unknown_requires_lineage,2,1,5,Paar-Mappbarkeit|candidate_rejected_not_pair_mappable,candidate_rejected_not_pair_mappable,exclude_from_lag_mechanism_testing,no_independent_lag_variable_claim,blocked_no_physics_claim
QSB-PLANCK-BRIDGE-RESONATOR-INDEPENDENT-LAG-VARIABLE-ADMISSIBILITY-EXECUTION-01,CAND-0084,repo_file,data/QSB-META01-02/unit_dimension_registry.json,delta_phi_or_phase,phase_proxy,unknown_level,high,unknown_requires_lineage,1,1,6,Paar-Mappbarkeit|candidate_rejected_not_pair_mappable,candidate_rejected_not_pair_mappable,exclude_from_lag_mechanism_testing,no_independent_lag_variable_claim,blocked_no_physics_claim
QSB-PLANCK-BRIDGE-RESONATOR-INDEPENDENT-LAG-VARIABLE-ADMISSIBILITY-EXECUTION-01,CAND-0085,repo_file,data/QSB-META01-03/causality07_metadata_mapping.json,delta_phi_or_phase,phase_proxy,unknown_level,high,unknown_requires_lineage,1,1,6,Paar-Mappbarkeit|candidate_rejected_not_pair_mappable,candidate_rejected_not_pair_mappable,exclude_from_lag_mechanism_testing,no_independent_lag_variable_claim,blocked_no_physics_claim
QSB-PLANCK-BRIDGE-RESONATOR-INDEPENDENT-LAG-VARIABLE-ADMISSIBILITY-EXECUTION-01,CAND-0086,repo_file,data/QSB-META01-03/causality07_pilot_metadata_config.json,mode_or_frequency,frequency_proxy,unknown_level,unknown,unknown_requires_lineage,2,1,5,Paar-Mappbarkeit|candidate_rejected_not_pair_mappable,candidate_rejected_not_pair_mappable,exclude_from_lag_mechanism_testing,no_independent_lag_variable_claim,blocked_no_physics_claim
QSB-PLANCK-BRIDGE-RESONATOR-INDEPENDENT-LAG-VARIABLE-ADMISSIBILITY-EXECUTION-01,CAND-0087,repo_file,data/QSB-META02/cross_mart_key_mapping_schema.json,candidate_term_match,unknown,unknown_level,unknown,unknown_requires_lineage,2,1,5,Paar-Mappbarkeit|candidate_rejected_not_pair_mappable,candidate_rejected_not_pair_mappable,exclude_from_lag_mechanism_testing,no_independent_lag_variable_claim,blocked_no_physics_claim
QSB-PLANCK-BRIDGE-RESONATOR-INDEPENDENT-LAG-VARIABLE-ADMISSIBILITY-EXECUTION-01,CAND-0088,repo_file,data/QSB-META02/cross_mart_seed_mappings.json,delta_phi_or_phase,phase_proxy,unknown_level,high,unknown_requires_lineage,2,1,5,Paar-Mappbarkeit|candidate_rejected_not_pair_mappable,candidate_rejected_not_pair_mappable,exclude_from_lag_mechanism_testing,no_independent_lag_variable_claim,blocked_no_physics_claim
QSB-PLANCK-BRIDGE-RESONATOR-INDEPENDENT-LAG-VARIABLE-ADMISSIBILITY-EXECUTION-01,CAND-0089,repo_file,data/QSB-META02/cross_mart_semantic_relation_registry.json,delta_phi_or_phase,phase_proxy,unknown_level,high,unknown_requires_lineage,1,1,6,Paar-Mappbarkeit|candidate_rejected_not_pair_mappable,candidate_rejected_not_pair_mappable,exclude_from_lag_mechanism_testing,no_independent_lag_variable_claim,blocked_no_physics_claim
QSB-PLANCK-BRIDGE-RESONATOR-INDEPENDENT-LAG-VARIABLE-ADMISSIBILITY-EXECUTION-01,CAND-0090,repo_file,data/QSB-META02/cross_mart_transformation_rule_registry.json,delta_phi_or_phase,phase_proxy,unknown_level,high,unknown_requires_lineage,1,1,6,Paar-Mappbarkeit|candidate_rejected_not_pair_mappable,candidate_rejected_not_pair_mappable,exclude_from_lag_mechanism_testing,no_independent_lag_variable_claim,blocked_no_physics_claim
QSB-PLANCK-BRIDGE-RESONATOR-INDEPENDENT-LAG-VARIABLE-ADMISSIBILITY-EXECUTION-01,CAND-0092,repo_file,data/QSB-OUTREACH01A/002_qsb_outreach01a_sqlite_views.sql,delta_phi_or_phase,phase_proxy,unknown_level,high,unknown_requires_lineage,0,1,7,Paar-Mappbarkeit|candidate_rejected_not_pair_mappable,candidate_rejected_not_pair_mappable,exclude_from_lag_mechanism_testing,no_independent_lag_variable_claim,blocked_no_physics_claim
QSB-PLANCK-BRIDGE-RESONATOR-INDEPENDENT-LAG-VARIABLE-ADMISSIBILITY-EXECUTION-01,CAND-0093,repo_file,data/QSB-OUTREACH01A/canonical_schema.json,delta_phi_or_phase,phase_proxy,unknown_level,high,unknown_requires_lineage,1,1,6,Paar-Mappbarkeit|candidate_rejected_not_pair_mappable,candidate_rejected_not_pair_mappable,exclude_from_lag_mechanism_testing,no_independent_lag_variable_claim,blocked_no_physics_claim
QSB-PLANCK-BRIDGE-RESONATOR-INDEPENDENT-LAG-VARIABLE-ADMISSIBILITY-EXECUTION-01,CAND-0094,repo_file,data/QSB-OUTREACH01A/field_aliases.csv,delta_phi_or_phase,phase_proxy,unknown_level,high,unknown_requires_lineage,0,1,7,Paar-Mappbarkeit|candidate_rejected_not_pair_mappable,candidate_rejected_not_pair_mappable,exclude_from_lag_mechanism_testing,no_independent_lag_variable_claim,blocked_no_physics_claim
QSB-PLANCK-BRIDGE-RESONATOR-INDEPENDENT-LAG-VARIABLE-ADMISSIBILITY-EXECUTION-01,CAND-0095,repo_file,data/QSB-OUTREACH01A/synthetic_demonstrator_config.yaml,mode_or_frequency,frequency_proxy,unknown_level,unknown,unknown_requires_lineage,1,1,6,Paar-Mappbarkeit|candidate_rejected_not_pair_mappable,candidate_rejected_not_pair_mappable,exclude_from_lag_mechanism_testing,no_independent_lag_variable_claim,blocked_no_physics_claim
QSB-PLANCK-BRIDGE-RESONATOR-INDEPENDENT-LAG-VARIABLE-ADMISSIBILITY-EXECUTION-01,CAND-0096,repo_file,data/QSB-ST-IDSPACE-CPNS04/idspace_cpns04_example_records.json,delta_phi_or_phase,phase_proxy,unknown_level,high,unknown_requires_lineage,0,1,7,Paar-Mappbarkeit|candidate_rejected_not_pair_mappable,candidate_rejected_not_pair_mappable,exclude_from_lag_mechanism_testing,no_independent_lag_variable_claim,blocked_no_physics_claim
QSB-PLANCK-BRIDGE-RESONATOR-INDEPENDENT-LAG-VARIABLE-ADMISSIBILITY-EXECUTION-01,CAND-0097,repo_file,data/QSB-ST-IDSPACE-CPNS04/idspace_cpns04_minimal_schema.json,delta_phi_or_phase,phase_proxy,unknown_level,high,unknown_requires_lineage,0,1,7,Paar-Mappbarkeit|candidate_rejected_not_pair_mappable,candidate_rejected_not_pair_mappable,exclude_from_lag_mechanism_testing,no_independent_lag_variable_claim,blocked_no_physics_claim
QSB-PLANCK-BRIDGE-RESONATOR-INDEPENDENT-LAG-VARIABLE-ADMISSIBILITY-EXECUTION-01,CAND-0098,repo_file,data/QSB-ST-MATTER-SIGNATURE-CANONICALIZATION/archival_cluster_inventory.csv,mode_or_frequency,frequency_proxy,unknown_level,unknown,unknown_requires_lineage,0,1,7,Paar-Mappbarkeit|candidate_rejected_not_pair_mappable,candidate_rejected_not_pair_mappable,exclude_from_lag_mechanism_testing,no_independent_lag_variable_claim,blocked_no_physics_claim
QSB-PLANCK-BRIDGE-RESONATOR-INDEPENDENT-LAG-VARIABLE-ADMISSIBILITY-EXECUTION-01,CAND-0099,repo_file,data/QSB-ST-MATTER-SIGNATURE-CANONICALIZATION/canonical_rerun_map.csv,mode_or_frequency,frequency_proxy,unknown_level,unknown,unknown_requires_lineage,0,1,7,Paar-Mappbarkeit|candidate_rejected_not_pair_mappable,candidate_rejected_not_pair_mappable,exclude_from_lag_mechanism_testing,no_independent_lag_variable_claim,blocked_no_physics_claim
QSB-PLANCK-BRIDGE-RESONATOR-INDEPENDENT-LAG-VARIABLE-ADMISSIBILITY-EXECUTION-01,CAND-0100,repo_file,data/QSB-ST-MATTER-SIGNATURE-CANONICALIZATION/preregistered_hypotheses.csv,mode_or_frequency,frequency_proxy,unknown_level,unknown,unknown_requires_lineage,0,1,7,Paar-Mappbarkeit|candidate_rejected_not_pair_mappable,candidate_rejected_not_pair_mappable,exclude_from_lag_mechanism_testing,no_independent_lag_variable_claim,blocked_no_physics_claim
QSB-PLANCK-BRIDGE-RESONATOR-INDEPENDENT-LAG-VARIABLE-ADMISSIBILITY-EXECUTION-01,CAND-0101,repo_file,data/QSB-ST-MATTER-SIGNATURE-CANONICALIZATION/provenance_status_table.csv,mode_or_frequency,frequency_proxy,unknown_level,unknown,unknown_requires_lineage,0,1,7,Paar-Mappbarkeit|candidate_rejected_not_pair_mappable,candidate_rejected_not_pair_mappable,exclude_from_lag_mechanism_testing,no_independent_lag_variable_claim,blocked_no_physics_claim
QSB-PLANCK-BRIDGE-RESONATOR-INDEPENDENT-LAG-VARIABLE-ADMISSIBILITY-EXECUTION-01,CAND-0102,repo_file,data/QSB-ST-MATTER-SIGNATURE-CANONICALIZATION/recovered_file_manifest.csv,delta_phi_or_phase,phase_proxy,unknown_level,high,unknown_requires_lineage,0,1,7,Paar-Mappbarkeit|candidate_rejected_not_pair_mappable,candidate_rejected_not_pair_mappable,exclude_from_lag_mechanism_testing,no_independent_lag_variable_claim,blocked_no_physics_claim
QSB-PLANCK-BRIDGE-RESONATOR-INDEPENDENT-LAG-VARIABLE-ADMISSIBILITY-EXECUTION-01,CAND-0103,repo_file,data/QSB-ST-SHAPIROINFO/correction_state_sidecar_template.yaml,delta_phi_or_phase,phase_proxy,unknown_level,high,unknown_requires_lineage,0,1,7,Paar-Mappbarkeit|candidate_rejected_not_pair_mappable,candidate_rejected_not_pair_mappable,exclude_from_lag_mechanism_testing,no_independent_lag_variable_claim,blocked_no_physics_claim
QSB-PLANCK-BRIDGE-RESONATOR-INDEPENDENT-LAG-VARIABLE-ADMISSIBILITY-EXECUTION-01,CAND-0104,repo_file,data/QSB-ST-SHAPIROINFO/j0740_6620_download_manifest_manual_review.yaml,mode_or_frequency,frequency_proxy,unknown_level,unknown,unknown_requires_lineage,1,1,6,Paar-Mappbarkeit|candidate_rejected_not_pair_mappable,candidate_rejected_not_pair_mappable,exclude_from_lag_mechanism_testing,no_independent_lag_variable_claim,blocked_no_physics_claim
QSB-PLANCK-BRIDGE-RESONATOR-INDEPENDENT-LAG-VARIABLE-ADMISSIBILITY-EXECUTION-01,CAND-0105,repo_file,data/QSB-ST-SHAPIROINFO/j0740_6620_file_link_metadata_review.yaml,mode_or_frequency,frequency_proxy,unknown_level,unknown,unknown_requires_lineage,0,1,7,Paar-Mappbarkeit|candidate_rejected_not_pair_mappable,candidate_rejected_not_pair_mappable,exclude_from_lag_mechanism_testing,no_independent_lag_variable_claim,blocked_no_physics_claim
QSB-PLANCK-BRIDGE-RESONATOR-INDEPENDENT-LAG-VARIABLE-ADMISSIBILITY-EXECUTION-01,CAND-0106,repo_file,data/QSB-ST-SHAPIROINFO/manual_evidence/dwh14a_high_priority_manual_evidence.csv,mode_or_frequency,frequency_proxy,unknown_level,unknown,unknown_requires_lineage,0,1,7,Paar-Mappbarkeit|candidate_rejected_not_pair_mappable,candidate_rejected_not_pair_mappable,exclude_from_lag_mechanism_testing,no_independent_lag_variable_claim,blocked_no_physics_claim
QSB-PLANCK-BRIDGE-RESONATOR-INDEPENDENT-LAG-VARIABLE-ADMISSIBILITY-EXECUTION-01,CAND-0107,repo_file,data/QSB-ST-SHAPIROINFO/manual_evidence/ell1_geometric_phase_mapping/pint_1_1_5_binary_ell1.py,delta_phi_or_phase,phase_proxy,unknown_level,high,unknown_requires_lineage,1,1,6,Paar-Mappbarkeit|candidate_rejected_not_pair_mappable,candidate_rejected_not_pair_mappable,exclude_from_lag_mechanism_testing,no_independent_lag_variable_claim,blocked_no_physics_claim
QSB-PLANCK-BRIDGE-RESONATOR-INDEPENDENT-LAG-VARIABLE-ADMISSIBILITY-EXECUTION-01,CAND-0108,repo_file,data/QSB-ST-SHAPIROINFO/manual_evidence/ell1_geometric_phase_mapping/pint_1_1_5_stand_alone_ELL1_model.py,delta_phi_or_phase,phase_proxy,unknown_level,high,unknown_requires_lineage,1,1,6,Paar-Mappbarkeit|candidate_rejected_not_pair_mappable,candidate_rejected_not_pair_mappable,exclude_from_lag_mechanism_testing,no_independent_lag_variable_claim,blocked_no_physics_claim
QSB-PLANCK-BRIDGE-RESONATOR-INDEPENDENT-LAG-VARIABLE-ADMISSIBILITY-EXECUTION-01,CAND-0109,repo_file,data/QSB-ST-SHAPIROINFO/manual_evidence/ell1_geometric_phase_mapping/pint_1_1_5_timing_model.py,delta_phi_or_phase,phase_proxy,unknown_level,high,unknown_requires_lineage,1,1,6,Paar-Mappbarkeit|candidate_rejected_not_pair_mappable,candidate_rejected_not_pair_mappable,exclude_from_lag_mechanism_testing,no_independent_lag_variable_claim,blocked_no_physics_claim
QSB-PLANCK-BRIDGE-RESONATOR-INDEPENDENT-LAG-VARIABLE-ADMISSIBILITY-EXECUTION-01,CAND-0110,repo_file,data/QSB-ST-SHAPIROINFO/manual_evidence/ell1_geometric_phase_mapping/pint_pulsar_1_1_5_METADATA.txt,delta_phi_or_phase,phase_proxy,unknown_level,high,unknown_requires_lineage,0,1,7,Paar-Mappbarkeit|candidate_rejected_not_pair_mappable,candidate_rejected_not_pair_mappable,exclude_from_lag_mechanism_testing,no_independent_lag_variable_claim,blocked_no_physics_claim
QSB-PLANCK-BRIDGE-RESONATOR-INDEPENDENT-LAG-VARIABLE-ADMISSIBILITY-EXECUTION-01,CAND-0111,repo_file,data/QSB-ST-SHAPIROINFO/manual_evidence/ell1_geometric_phase_mapping_evidence.md,delta_phi_or_phase,phase_proxy,unknown_level,high,unknown_requires_lineage,0,1,7,Paar-Mappbarkeit|candidate_rejected_not_pair_mappable,candidate_rejected_not_pair_mappable,exclude_from_lag_mechanism_testing,no_independent_lag_variable_claim,blocked_no_physics_claim
QSB-PLANCK-BRIDGE-RESONATOR-INDEPENDENT-LAG-VARIABLE-ADMISSIBILITY-EXECUTION-01,CAND-0112,repo_file,data/QSB-ST-SHAPIROINFO/manual_evidence/ell1_geometric_phase_mapping_manifest.csv,delta_phi_or_phase,phase_proxy,unknown_level,high,unknown_requires_lineage,1,1,6,Paar-Mappbarkeit|candidate_rejected_not_pair_mappable,candidate_rejected_not_pair_mappable,exclude_from_lag_mechanism_testing,no_independent_lag_variable_claim,blocked_no_physics_claim
QSB-PLANCK-BRIDGE-RESONATOR-INDEPENDENT-LAG-VARIABLE-ADMISSIBILITY-EXECUTION-01,CAND-0113,repo_file,data/QSB-ST-SHAPIROINFO/manual_evidence/tempo_tempo2_format1/tempo2_examples_ver1.pdf,candidate_term_match,unknown,unknown_level,unknown,unknown_requires_lineage,1,1,6,Paar-Mappbarkeit|candidate_rejected_not_pair_mappable,candidate_rejected_not_pair_mappable,exclude_from_lag_mechanism_testing,no_independent_lag_variable_claim,blocked_no_physics_claim
QSB-PLANCK-BRIDGE-RESONATOR-INDEPENDENT-LAG-VARIABLE-ADMISSIBILITY-EXECUTION-01,CAND-0114,repo_file,data/QSB-ST-SHAPIROINFO/manual_evidence/tempo_tempo2_format1/tempo2_manual.pdf,candidate_term_match,unknown,unknown_level,unknown,unknown_requires_lineage,1,1,6,Paar-Mappbarkeit|candidate_rejected_not_pair_mappable,candidate_rejected_not_pair_mappable,exclude_from_lag_mechanism_testing,no_independent_lag_variable_claim,blocked_no_physics_claim
QSB-PLANCK-BRIDGE-RESONATOR-INDEPENDENT-LAG-VARIABLE-ADMISSIBILITY-EXECUTION-01,CAND-0115,repo_file,data/QSB-ST-SHAPIROINFO/manual_evidence/tempo_tempo2_format1/tempo_reference_toa_format.txt,delta_phi_or_phase,phase_proxy,unknown_level,high,unknown_requires_lineage,0,1,7,Paar-Mappbarkeit|candidate_rejected_not_pair_mappable,candidate_rejected_not_pair_mappable,exclude_from_lag_mechanism_testing,no_independent_lag_variable_claim,blocked_no_physics_claim
QSB-PLANCK-BRIDGE-RESONATOR-INDEPENDENT-LAG-VARIABLE-ADMISSIBILITY-EXECUTION-01,CAND-0116,repo_file,data/QSB-ST-SHAPIROINFO/manual_evidence/tempo_tempo2_format1_primary_evidence_manifest.csv,mode_or_frequency,frequency_proxy,unknown_level,unknown,unknown_requires_lineage,1,1,6,Paar-Mappbarkeit|candidate_rejected_not_pair_mappable,candidate_rejected_not_pair_mappable,exclude_from_lag_mechanism_testing,no_independent_lag_variable_claim,blocked_no_physics_claim
QSB-PLANCK-BRIDGE-RESONATOR-INDEPENDENT-LAG-VARIABLE-ADMISSIBILITY-EXECUTION-01,CAND-0117,repo_file,data/QSB-ST-SHAPIROINFO/manual_evidence/tempo_tempo2_format1_primary_field_definition.md,mode_or_frequency,frequency_proxy,unknown_level,unknown,unknown_requires_lineage,1,1,6,Paar-Mappbarkeit|candidate_rejected_not_pair_mappable,candidate_rejected_not_pair_mappable,exclude_from_lag_mechanism_testing,no_independent_lag_variable_claim,blocked_no_physics_claim
QSB-PLANCK-BRIDGE-RESONATOR-INDEPENDENT-LAG-VARIABLE-ADMISSIBILITY-EXECUTION-01,CAND-0118,repo_file,data/QSB-ST-SHAPIROINFO/public_source_download_manifest_template.yaml,mode_or_frequency,frequency_proxy,unknown_level,unknown,unknown_requires_lineage,0,1,7,Paar-Mappbarkeit|candidate_rejected_not_pair_mappable,candidate_rejected_not_pair_mappable,exclude_from_lag_mechanism_testing,no_independent_lag_variable_claim,blocked_no_physics_claim
QSB-PLANCK-BRIDGE-RESONATOR-INDEPENDENT-LAG-VARIABLE-ADMISSIBILITY-EXECUTION-01,CAND-0119,repo_file,data/QSB-ST-SHAPIROINFO/public_sources/j0740_6620/manifest/j0740_6620_quarantine_download_manifest_2026_05_29.yaml,candidate_term_match,unknown,unknown_level,unknown,unknown_requires_lineage,2,1,5,Paar-Mappbarkeit|candidate_rejected_not_pair_mappable,candidate_rejected_not_pair_mappable,exclude_from_lag_mechanism_testing,no_independent_lag_variable_claim,blocked_no_physics_claim
QSB-PLANCK-BRIDGE-RESONATOR-INDEPENDENT-LAG-VARIABLE-ADMISSIBILITY-EXECUTION-01,CAND-0120,repo_file,data/QSB-ST-SHAPIROINFO/public_sources/j0740_6620/raw/J0740+6620.cfr+19.tim,mode_or_frequency,frequency_proxy,unknown_level,unknown,unknown_requires_lineage,0,1,7,Paar-Mappbarkeit|candidate_rejected_not_pair_mappable,candidate_rejected_not_pair_mappable,exclude_from_lag_mechanism_testing,no_independent_lag_variable_claim,blocked_no_physics_claim
QSB-PLANCK-BRIDGE-RESONATOR-INDEPENDENT-LAG-VARIABLE-ADMISSIBILITY-EXECUTION-01,CAND-0121,repo_file,data/QSB-ST-SHAPIROINFO/public_sources/j0740_6620/raw/J0740+6620.par,mode_or_frequency,frequency_proxy,unknown_level,unknown,unknown_requires_lineage,0,1,7,Paar-Mappbarkeit|candidate_rejected_not_pair_mappable,candidate_rejected_not_pair_mappable,exclude_from_lag_mechanism_testing,no_independent_lag_variable_claim,blocked_no_physics_claim
QSB-PLANCK-BRIDGE-RESONATOR-INDEPENDENT-LAG-VARIABLE-ADMISSIBILITY-EXECUTION-01,CAND-0122,repo_file,data/QSB-ST-SHAPIROINFO/test_fixtures/j0740_gate_negative_claim_true.yaml,candidate_term_match,unknown,unknown_level,unknown,unknown_requires_lineage,1,1,6,Paar-Mappbarkeit|candidate_rejected_not_pair_mappable,candidate_rejected_not_pair_mappable,exclude_from_lag_mechanism_testing,no_independent_lag_variable_claim,blocked_no_physics_claim
QSB-PLANCK-BRIDGE-RESONATOR-INDEPENDENT-LAG-VARIABLE-ADMISSIBILITY-EXECUTION-01,CAND-0123,repo_file,data/QSB-ST-SHAPIROINFO/test_fixtures/j0740_gate_negative_download_open.yaml,candidate_term_match,unknown,unknown_level,unknown,unknown_requires_lineage,1,1,6,Paar-Mappbarkeit|candidate_rejected_not_pair_mappable,candidate_rejected_not_pair_mappable,exclude_from_lag_mechanism_testing,no_independent_lag_variable_claim,blocked_no_physics_claim
QSB-PLANCK-BRIDGE-RESONATOR-INDEPENDENT-LAG-VARIABLE-ADMISSIBILITY-EXECUTION-01,CAND-0124,repo_file,data/QSB-ST-SHAPIROINFO/toy_comparator_config.yaml,delta_phi_or_phase,phase_proxy,unknown_level,high,unknown_requires_lineage,0,1,7,Paar-Mappbarkeit|candidate_rejected_not_pair_mappable,candidate_rejected_not_pair_mappable,exclude_from_lag_mechanism_testing,no_independent_lag_variable_claim,blocked_no_physics_claim
QSB-PLANCK-BRIDGE-RESONATOR-INDEPENDENT-LAG-VARIABLE-ADMISSIBILITY-EXECUTION-01,CAND-0125,repo_file,data/README_BMC07_inputs.md,candidate_term_match,unknown,unknown_level,unknown,unknown_requires_lineage,1,1,6,Paar-Mappbarkeit|candidate_rejected_not_pair_mappable,candidate_rejected_not_pair_mappable,exclude_from_lag_mechanism_testing,no_independent_lag_variable_claim,blocked_no_physics_claim
QSB-PLANCK-BRIDGE-RESONATOR-INDEPENDENT-LAG-VARIABLE-ADMISSIBILITY-EXECUTION-01,CAND-0126,repo_file,data/README_BMC07_inputs_minimal_bundle.md,candidate_term_match,unknown,unknown_level,unknown,unknown_requires_lineage,1,1,6,Paar-Mappbarkeit|candidate_rejected_not_pair_mappable,candidate_rejected_not_pair_mappable,exclude_from_lag_mechanism_testing,no_independent_lag_variable_claim,blocked_no_physics_claim
QSB-PLANCK-BRIDGE-RESONATOR-INDEPENDENT-LAG-VARIABLE-ADMISSIBILITY-EXECUTION-01,CAND-0129,repo_file,data/bmc07_config_coupling_arm.yaml,candidate_term_match,unknown,unknown_level,unknown,unknown_requires_lineage,1,1,6,Paar-Mappbarkeit|candidate_rejected_not_pair_mappable,candidate_rejected_not_pair_mappable,exclude_from_lag_mechanism_testing,no_independent_lag_variable_claim,blocked_no_physics_claim
QSB-PLANCK-BRIDGE-RESONATOR-INDEPENDENT-LAG-VARIABLE-ADMISSIBILITY-EXECUTION-01,CAND-0130,repo_file,data/bmc07_config_minimal_readouts.yaml,candidate_term_match,unknown,unknown_level,unknown,unknown_requires_lineage,1,1,6,Paar-Mappbarkeit|candidate_rejected_not_pair_mappable,candidate_rejected_not_pair_mappable,exclude_from_lag_mechanism_testing,no_independent_lag_variable_claim,blocked_no_physics_claim
QSB-PLANCK-BRIDGE-RESONATOR-INDEPENDENT-LAG-VARIABLE-ADMISSIBILITY-EXECUTION-01,CAND-0131,repo_file,data/bmc07c_backbone_variation_config.yaml,candidate_term_match,unknown,unknown_level,unknown,unknown_requires_lineage,1,1,6,Paar-Mappbarkeit|candidate_rejected_not_pair_mappable,candidate_rejected_not_pair_mappable,exclude_from_lag_mechanism_testing,no_independent_lag_variable_claim,blocked_no_physics_claim
QSB-PLANCK-BRIDGE-RESONATOR-INDEPENDENT-LAG-VARIABLE-ADMISSIBILITY-EXECUTION-01,CAND-0132,repo_file,data/bmc08_dataset_manifest.json,mode_or_frequency,frequency_proxy,unknown_level,unknown,unknown_requires_lineage,0,1,7,Paar-Mappbarkeit|candidate_rejected_not_pair_mappable,candidate_rejected_not_pair_mappable,exclude_from_lag_mechanism_testing,no_independent_lag_variable_claim,blocked_no_physics_claim
QSB-PLANCK-BRIDGE-RESONATOR-INDEPENDENT-LAG-VARIABLE-ADMISSIBILITY-EXECUTION-01,CAND-0133,repo_file,data/bmc08_dataset_manifest.template.json,mode_or_frequency,frequency_proxy,unknown_level,unknown,unknown_requires_lineage,0,1,7,Paar-Mappbarkeit|candidate_rejected_not_pair_mappable,candidate_rejected_not_pair_mappable,exclude_from_lag_mechanism_testing,no_independent_lag_variable_claim,blocked_no_physics_claim
QSB-PLANCK-BRIDGE-RESONATOR-INDEPENDENT-LAG-VARIABLE-ADMISSIBILITY-EXECUTION-01,CAND-0134,repo_file,data/bmc08_realdata_config.template.yaml,candidate_term_match,unknown,unknown_level,unknown,unknown_requires_lineage,1,1,6,Paar-Mappbarkeit|candidate_rejected_not_pair_mappable,candidate_rejected_not_pair_mappable,exclude_from_lag_mechanism_testing,no_independent_lag_variable_claim,blocked_no_physics_claim
QSB-PLANCK-BRIDGE-RESONATOR-INDEPENDENT-LAG-VARIABLE-ADMISSIBILITY-EXECUTION-01,CAND-0135,repo_file,data/bmc08_realdata_config.yaml,candidate_term_match,unknown,unknown_level,unknown,unknown_requires_lineage,1,1,6,Paar-Mappbarkeit|candidate_rejected_not_pair_mappable,candidate_rejected_not_pair_mappable,exclude_from_lag_mechanism_testing,no_independent_lag_variable_claim,blocked_no_physics_claim
QSB-PLANCK-BRIDGE-RESONATOR-INDEPENDENT-LAG-VARIABLE-ADMISSIBILITY-EXECUTION-01,CAND-0136,repo_file,data/bmc08a_m39x1_featuretable_config.template.yaml,delta_phi_or_phase,phase_proxy,unknown_level,high,unknown_requires_lineage,0,1,7,Paar-Mappbarkeit|candidate_rejected_not_pair_mappable,candidate_rejected_not_pair_mappable,exclude_from_lag_mechanism_testing,no_independent_lag_variable_claim,blocked_no_physics_claim
QSB-PLANCK-BRIDGE-RESONATOR-INDEPENDENT-LAG-VARIABLE-ADMISSIBILITY-EXECUTION-01,CAND-0137,repo_file,data/bmc08a_m39x1_featuretable_config.yaml,delta_phi_or_phase,phase_proxy,unknown_level,high,unknown_requires_lineage,0,1,7,Paar-Mappbarkeit|candidate_rejected_not_pair_mappable,candidate_rejected_not_pair_mappable,exclude_from_lag_mechanism_testing,no_independent_lag_variable_claim,blocked_no_physics_claim
QSB-PLANCK-BRIDGE-RESONATOR-INDEPENDENT-LAG-VARIABLE-ADMISSIBILITY-EXECUTION-01,CAND-0138,repo_file,data/bmc08a_real_units_feature_table.csv,mode_or_frequency,frequency_proxy,unknown_level,unknown,unknown_requires_lineage,0,1,7,Paar-Mappbarkeit|candidate_rejected_not_pair_mappable,candidate_rejected_not_pair_mappable,exclude_from_lag_mechanism_testing,no_independent_lag_variable_claim,blocked_no_physics_claim
QSB-PLANCK-BRIDGE-RESONATOR-INDEPENDENT-LAG-VARIABLE-ADMISSIBILITY-EXECUTION-01,CAND-0139,repo_file,data/bmc08a_real_units_feature_table.template.csv,mode_or_frequency,frequency_proxy,unknown_level,unknown,unknown_requires_lineage,0,1,7,Paar-Mappbarkeit|candidate_rejected_not_pair_mappable,candidate_rejected_not_pair_mappable,exclude_from_lag_mechanism_testing,no_independent_lag_variable_claim,blocked_no_physics_claim
QSB-PLANCK-BRIDGE-RESONATOR-INDEPENDENT-LAG-VARIABLE-ADMISSIBILITY-EXECUTION-01,CAND-0140,repo_file,data/bmc08b_m39x1_no_ring_mirror_config.yaml,delta_phi_or_phase,phase_proxy,unknown_level,high,unknown_requires_lineage,0,1,7,Paar-Mappbarkeit|candidate_rejected_not_pair_mappable,candidate_rejected_not_pair_mappable,exclude_from_lag_mechanism_testing,no_independent_lag_variable_claim,blocked_no_physics_claim
QSB-PLANCK-BRIDGE-RESONATOR-INDEPENDENT-LAG-VARIABLE-ADMISSIBILITY-EXECUTION-01,CAND-0141,repo_file,data/bmc08b_real_units_feature_table.csv,mode_or_frequency,frequency_proxy,unknown_level,unknown,unknown_requires_lineage,0,1,7,Paar-Mappbarkeit|candidate_rejected_not_pair_mappable,candidate_rejected_not_pair_mappable,exclude_from_lag_mechanism_testing,no_independent_lag_variable_claim,blocked_no_physics_claim
QSB-PLANCK-BRIDGE-RESONATOR-INDEPENDENT-LAG-VARIABLE-ADMISSIBILITY-EXECUTION-01,CAND-0142,repo_file,data/bmc08b_realdata_config.yaml,candidate_term_match,unknown,unknown_level,unknown,unknown_requires_lineage,1,1,6,Paar-Mappbarkeit|candidate_rejected_not_pair_mappable,candidate_rejected_not_pair_mappable,exclude_from_lag_mechanism_testing,no_independent_lag_variable_claim,blocked_no_physics_claim
QSB-PLANCK-BRIDGE-RESONATOR-INDEPENDENT-LAG-VARIABLE-ADMISSIBILITY-EXECUTION-01,CAND-0143,repo_file,data/bmc08c_m39x1_sign_sensitive_ring_config.yaml,delta_phi_or_phase,phase_proxy,unknown_level,high,unknown_requires_lineage,0,1,7,Paar-Mappbarkeit|candidate_rejected_not_pair_mappable,candidate_rejected_not_pair_mappable,exclude_from_lag_mechanism_testing,no_independent_lag_variable_claim,blocked_no_physics_claim
QSB-PLANCK-BRIDGE-RESONATOR-INDEPENDENT-LAG-VARIABLE-ADMISSIBILITY-EXECUTION-01,CAND-0144,repo_file,data/bmc08c_real_units_feature_table.csv,mode_or_frequency,frequency_proxy,unknown_level,unknown,unknown_requires_lineage,0,1,7,Paar-Mappbarkeit|candidate_rejected_not_pair_mappable,candidate_rejected_not_pair_mappable,exclude_from_lag_mechanism_testing,no_independent_lag_variable_claim,blocked_no_physics_claim
QSB-PLANCK-BRIDGE-RESONATOR-INDEPENDENT-LAG-VARIABLE-ADMISSIBILITY-EXECUTION-01,CAND-0145,repo_file,data/bmc08c_realdata_config.yaml,candidate_term_match,unknown,unknown_level,unknown,unknown_requires_lineage,1,1,6,Paar-Mappbarkeit|candidate_rejected_not_pair_mappable,candidate_rejected_not_pair_mappable,exclude_from_lag_mechanism_testing,no_independent_lag_variable_claim,blocked_no_physics_claim
QSB-PLANCK-BRIDGE-RESONATOR-INDEPENDENT-LAG-VARIABLE-ADMISSIBILITY-EXECUTION-01,CAND-0146,repo_file,data/bmc09a_knn_inputs/k_2/node_metadata_real.csv,candidate_term_match,unknown,unknown_level,unknown,unknown_requires_lineage,1,1,6,Paar-Mappbarkeit|candidate_rejected_not_pair_mappable,candidate_rejected_not_pair_mappable,exclude_from_lag_mechanism_testing,no_independent_lag_variable_claim,blocked_no_physics_claim
QSB-PLANCK-BRIDGE-RESONATOR-INDEPENDENT-LAG-VARIABLE-ADMISSIBILITY-EXECUTION-01,CAND-0147,repo_file,data/bmc09a_knn_inputs/k_3/node_metadata_real.csv,candidate_term_match,unknown,unknown_level,unknown,unknown_requires_lineage,1,1,6,Paar-Mappbarkeit|candidate_rejected_not_pair_mappable,candidate_rejected_not_pair_mappable,exclude_from_lag_mechanism_testing,no_independent_lag_variable_claim,blocked_no_physics_claim
QSB-PLANCK-BRIDGE-RESONATOR-INDEPENDENT-LAG-VARIABLE-ADMISSIBILITY-EXECUTION-01,CAND-0148,repo_file,data/bmc09a_knn_inputs/k_4/node_metadata_real.csv,candidate_term_match,unknown,unknown_level,unknown,unknown_requires_lineage,1,1,6,Paar-Mappbarkeit|candidate_rejected_not_pair_mappable,candidate_rejected_not_pair_mappable,exclude_from_lag_mechanism_testing,no_independent_lag_variable_claim,blocked_no_physics_claim
QSB-PLANCK-BRIDGE-RESONATOR-INDEPENDENT-LAG-VARIABLE-ADMISSIBILITY-EXECUTION-01,CAND-0149,repo_file,data/bmc09a_realdata_config.yaml,candidate_term_match,unknown,unknown_level,unknown,unknown_requires_lineage,1,1,6,Paar-Mappbarkeit|candidate_rejected_not_pair_mappable,candidate_rejected_not_pair_mappable,exclude_from_lag_mechanism_testing,no_independent_lag_variable_claim,blocked_no_physics_claim
QSB-PLANCK-BRIDGE-RESONATOR-INDEPENDENT-LAG-VARIABLE-ADMISSIBILITY-EXECUTION-01,CAND-0150,repo_file,data/bmc09b_runner_config_k_2.yaml,candidate_term_match,unknown,unknown_level,unknown,unknown_requires_lineage,1,1,6,Paar-Mappbarkeit|candidate_rejected_not_pair_mappable,candidate_rejected_not_pair_mappable,exclude_from_lag_mechanism_testing,no_independent_lag_variable_claim,blocked_no_physics_claim
QSB-PLANCK-BRIDGE-RESONATOR-INDEPENDENT-LAG-VARIABLE-ADMISSIBILITY-EXECUTION-01,CAND-0151,repo_file,data/bmc09b_runner_config_k_3.yaml,candidate_term_match,unknown,unknown_level,unknown,unknown_requires_lineage,1,1,6,Paar-Mappbarkeit|candidate_rejected_not_pair_mappable,candidate_rejected_not_pair_mappable,exclude_from_lag_mechanism_testing,no_independent_lag_variable_claim,blocked_no_physics_claim
QSB-PLANCK-BRIDGE-RESONATOR-INDEPENDENT-LAG-VARIABLE-ADMISSIBILITY-EXECUTION-01,CAND-0152,repo_file,data/bmc09b_runner_config_k_4.yaml,candidate_term_match,unknown,unknown_level,unknown,unknown_requires_lineage,1,1,6,Paar-Mappbarkeit|candidate_rejected_not_pair_mappable,candidate_rejected_not_pair_mappable,exclude_from_lag_mechanism_testing,no_independent_lag_variable_claim,blocked_no_physics_claim
QSB-PLANCK-BRIDGE-RESONATOR-INDEPENDENT-LAG-VARIABLE-ADMISSIBILITY-EXECUTION-01,CAND-0153,repo_file,data/bmc09c_mutual_knn_inputs/k_2/node_metadata_real.csv,candidate_term_match,unknown,unknown_level,unknown,unknown_requires_lineage,1,1,6,Paar-Mappbarkeit|candidate_rejected_not_pair_mappable,candidate_rejected_not_pair_mappable,exclude_from_lag_mechanism_testing,no_independent_lag_variable_claim,blocked_no_physics_claim
QSB-PLANCK-BRIDGE-RESONATOR-INDEPENDENT-LAG-VARIABLE-ADMISSIBILITY-EXECUTION-01,CAND-0154,repo_file,data/bmc09c_mutual_knn_inputs/k_3/node_metadata_real.csv,candidate_term_match,unknown,unknown_level,unknown,unknown_requires_lineage,1,1,6,Paar-Mappbarkeit|candidate_rejected_not_pair_mappable,candidate_rejected_not_pair_mappable,exclude_from_lag_mechanism_testing,no_independent_lag_variable_claim,blocked_no_physics_claim
QSB-PLANCK-BRIDGE-RESONATOR-INDEPENDENT-LAG-VARIABLE-ADMISSIBILITY-EXECUTION-01,CAND-0155,repo_file,data/bmc09c_mutual_knn_inputs/k_4/node_metadata_real.csv,candidate_term_match,unknown,unknown_level,unknown,unknown_requires_lineage,1,1,6,Paar-Mappbarkeit|candidate_rejected_not_pair_mappable,candidate_rejected_not_pair_mappable,exclude_from_lag_mechanism_testing,no_independent_lag_variable_claim,blocked_no_physics_claim
QSB-PLANCK-BRIDGE-RESONATOR-INDEPENDENT-LAG-VARIABLE-ADMISSIBILITY-EXECUTION-01,CAND-0156,repo_file,data/bmc09c_runner_config_k_2.yaml,candidate_term_match,unknown,unknown_level,unknown,unknown_requires_lineage,1,1,6,Paar-Mappbarkeit|candidate_rejected_not_pair_mappable,candidate_rejected_not_pair_mappable,exclude_from_lag_mechanism_testing,no_independent_lag_variable_claim,blocked_no_physics_claim
QSB-PLANCK-BRIDGE-RESONATOR-INDEPENDENT-LAG-VARIABLE-ADMISSIBILITY-EXECUTION-01,CAND-0157,repo_file,data/bmc09c_runner_config_k_3.yaml,candidate_term_match,unknown,unknown_level,unknown,unknown_requires_lineage,1,1,6,Paar-Mappbarkeit|candidate_rejected_not_pair_mappable,candidate_rejected_not_pair_mappable,exclude_from_lag_mechanism_testing,no_independent_lag_variable_claim,blocked_no_physics_claim
QSB-PLANCK-BRIDGE-RESONATOR-INDEPENDENT-LAG-VARIABLE-ADMISSIBILITY-EXECUTION-01,CAND-0158,repo_file,data/bmc09c_runner_config_k_4.yaml,candidate_term_match,unknown,unknown_level,unknown,unknown_requires_lineage,1,1,6,Paar-Mappbarkeit|candidate_rejected_not_pair_mappable,candidate_rejected_not_pair_mappable,exclude_from_lag_mechanism_testing,no_independent_lag_variable_claim,blocked_no_physics_claim
QSB-PLANCK-BRIDGE-RESONATOR-INDEPENDENT-LAG-VARIABLE-ADMISSIBILITY-EXECUTION-01,CAND-0159,repo_file,data/bmc09d_runner_config_hybrid_k3_tau_025.yaml,candidate_term_match,unknown,unknown_level,unknown,unknown_requires_lineage,1,1,6,Paar-Mappbarkeit|candidate_rejected_not_pair_mappable,candidate_rejected_not_pair_mappable,exclude_from_lag_mechanism_testing,no_independent_lag_variable_claim,blocked_no_physics_claim
QSB-PLANCK-BRIDGE-RESONATOR-INDEPENDENT-LAG-VARIABLE-ADMISSIBILITY-EXECUTION-01,CAND-0160,repo_file,data/bmc09d_runner_config_hybrid_k3_tau_03.yaml,candidate_term_match,unknown,unknown_level,unknown,unknown_requires_lineage,1,1,6,Paar-Mappbarkeit|candidate_rejected_not_pair_mappable,candidate_rejected_not_pair_mappable,exclude_from_lag_mechanism_testing,no_independent_lag_variable_claim,blocked_no_physics_claim
QSB-PLANCK-BRIDGE-RESONATOR-INDEPENDENT-LAG-VARIABLE-ADMISSIBILITY-EXECUTION-01,CAND-0161,repo_file,data/bmc09d_runner_config_threshold_tau_025.yaml,candidate_term_match,unknown,unknown_level,unknown,unknown_requires_lineage,1,1,6,Paar-Mappbarkeit|candidate_rejected_not_pair_mappable,candidate_rejected_not_pair_mappable,exclude_from_lag_mechanism_testing,no_independent_lag_variable_claim,blocked_no_physics_claim
QSB-PLANCK-BRIDGE-RESONATOR-INDEPENDENT-LAG-VARIABLE-ADMISSIBILITY-EXECUTION-01,CAND-0162,repo_file,data/bmc09d_runner_config_threshold_tau_03.yaml,candidate_term_match,unknown,unknown_level,unknown,unknown_requires_lineage,1,1,6,Paar-Mappbarkeit|candidate_rejected_not_pair_mappable,candidate_rejected_not_pair_mappable,exclude_from_lag_mechanism_testing,no_independent_lag_variable_claim,blocked_no_physics_claim
QSB-PLANCK-BRIDGE-RESONATOR-INDEPENDENT-LAG-VARIABLE-ADMISSIBILITY-EXECUTION-01,CAND-0163,repo_file,data/bmc09d_runner_config_threshold_tau_035.yaml,candidate_term_match,unknown,unknown_level,unknown,unknown_requires_lineage,1,1,6,Paar-Mappbarkeit|candidate_rejected_not_pair_mappable,candidate_rejected_not_pair_mappable,exclude_from_lag_mechanism_testing,no_independent_lag_variable_claim,blocked_no_physics_claim
QSB-PLANCK-BRIDGE-RESONATOR-INDEPENDENT-LAG-VARIABLE-ADMISSIBILITY-EXECUTION-01,CAND-0164,repo_file,data/bmc09d_threshold_hybrid_compare_config.yaml,candidate_term_match,unknown,unknown_level,unknown,unknown_requires_lineage,1,1,6,Paar-Mappbarkeit|candidate_rejected_not_pair_mappable,candidate_rejected_not_pair_mappable,exclude_from_lag_mechanism_testing,no_independent_lag_variable_claim,blocked_no_physics_claim
QSB-PLANCK-BRIDGE-RESONATOR-INDEPENDENT-LAG-VARIABLE-ADMISSIBILITY-EXECUTION-01,CAND-0165,repo_file,data/bmc09d_threshold_hybrid_inputs/graph_build_diagnostics.csv,candidate_term_match,unknown,unknown_level,unknown,unknown_requires_lineage,1,1,6,Paar-Mappbarkeit|candidate_rejected_not_pair_mappable,candidate_rejected_not_pair_mappable,exclude_from_lag_mechanism_testing,no_independent_lag_variable_claim,blocked_no_physics_claim
QSB-PLANCK-BRIDGE-RESONATOR-INDEPENDENT-LAG-VARIABLE-ADMISSIBILITY-EXECUTION-01,CAND-0166,repo_file,data/bmc09d_threshold_hybrid_inputs/hybrid_k3_tau_025/node_metadata_real.csv,candidate_term_match,unknown,unknown_level,unknown,unknown_requires_lineage,1,1,6,Paar-Mappbarkeit|candidate_rejected_not_pair_mappable,candidate_rejected_not_pair_mappable,exclude_from_lag_mechanism_testing,no_independent_lag_variable_claim,blocked_no_physics_claim
QSB-PLANCK-BRIDGE-RESONATOR-INDEPENDENT-LAG-VARIABLE-ADMISSIBILITY-EXECUTION-01,CAND-0167,repo_file,data/bmc09d_threshold_hybrid_inputs/hybrid_k3_tau_03/node_metadata_real.csv,candidate_term_match,unknown,unknown_level,unknown,unknown_requires_lineage,1,1,6,Paar-Mappbarkeit|candidate_rejected_not_pair_mappable,candidate_rejected_not_pair_mappable,exclude_from_lag_mechanism_testing,no_independent_lag_variable_claim,blocked_no_physics_claim
QSB-PLANCK-BRIDGE-RESONATOR-INDEPENDENT-LAG-VARIABLE-ADMISSIBILITY-EXECUTION-01,CAND-0168,repo_file,data/bmc09d_threshold_hybrid_inputs/threshold_tau_025/node_metadata_real.csv,candidate_term_match,unknown,unknown_level,unknown,unknown_requires_lineage,1,1,6,Paar-Mappbarkeit|candidate_rejected_not_pair_mappable,candidate_rejected_not_pair_mappable,exclude_from_lag_mechanism_testing,no_independent_lag_variable_claim,blocked_no_physics_claim
QSB-PLANCK-BRIDGE-RESONATOR-INDEPENDENT-LAG-VARIABLE-ADMISSIBILITY-EXECUTION-01,CAND-0169,repo_file,data/bmc09d_threshold_hybrid_inputs/threshold_tau_03/node_metadata_real.csv,candidate_term_match,unknown,unknown_level,unknown,unknown_requires_lineage,1,1,6,Paar-Mappbarkeit|candidate_rejected_not_pair_mappable,candidate_rejected_not_pair_mappable,exclude_from_lag_mechanism_testing,no_independent_lag_variable_claim,blocked_no_physics_claim
QSB-PLANCK-BRIDGE-RESONATOR-INDEPENDENT-LAG-VARIABLE-ADMISSIBILITY-EXECUTION-01,CAND-0170,repo_file,data/bmc09d_threshold_hybrid_inputs/threshold_tau_035/node_metadata_real.csv,candidate_term_match,unknown,unknown_level,unknown,unknown_requires_lineage,1,1,6,Paar-Mappbarkeit|candidate_rejected_not_pair_mappable,candidate_rejected_not_pair_mappable,exclude_from_lag_mechanism_testing,no_independent_lag_variable_claim,blocked_no_physics_claim
QSB-PLANCK-BRIDGE-RESONATOR-INDEPENDENT-LAG-VARIABLE-ADMISSIBILITY-EXECUTION-01,CAND-0171,repo_file,data/bmc10_nullmodel_compare_config.yaml,mode_or_frequency,frequency_proxy,unknown_level,unknown,unknown_requires_lineage,0,1,7,Paar-Mappbarkeit|candidate_rejected_not_pair_mappable,candidate_rejected_not_pair_mappable,exclude_from_lag_mechanism_testing,no_independent_lag_variable_claim,blocked_no_physics_claim
QSB-PLANCK-BRIDGE-RESONATOR-INDEPENDENT-LAG-VARIABLE-ADMISSIBILITY-EXECUTION-01,CAND-0172,repo_file,data/bmc10_nullmodel_config.yaml,mode_or_frequency,frequency_proxy,unknown_level,unknown,unknown_requires_lineage,0,1,7,Paar-Mappbarkeit|candidate_rejected_not_pair_mappable,candidate_rejected_not_pair_mappable,exclude_from_lag_mechanism_testing,no_independent_lag_variable_claim,blocked_no_physics_claim
QSB-PLANCK-BRIDGE-RESONATOR-INDEPENDENT-LAG-VARIABLE-ADMISSIBILITY-EXECUTION-01,CAND-0173,repo_file,data/bmc10_nullmodel_inputs/graph_build_diagnostics.csv,mode_or_frequency,frequency_proxy,unknown_level,unknown,unknown_requires_lineage,0,1,7,Paar-Mappbarkeit|candidate_rejected_not_pair_mappable,candidate_rejected_not_pair_mappable,exclude_from_lag_mechanism_testing,no_independent_lag_variable_claim,blocked_no_physics_claim
QSB-PLANCK-BRIDGE-RESONATOR-INDEPENDENT-LAG-VARIABLE-ADMISSIBILITY-EXECUTION-01,CAND-0174,repo_file,data/bmc10_nullmodel_inputs/seed_101/nullmodel_feature_table.csv,mode_or_frequency,frequency_proxy,unknown_level,unknown,unknown_requires_lineage,0,1,7,Paar-Mappbarkeit|candidate_rejected_not_pair_mappable,candidate_rejected_not_pair_mappable,exclude_from_lag_mechanism_testing,no_independent_lag_variable_claim,blocked_no_physics_claim
QSB-PLANCK-BRIDGE-RESONATOR-INDEPENDENT-LAG-VARIABLE-ADMISSIBILITY-EXECUTION-01,CAND-0175,repo_file,data/bmc10_nullmodel_inputs/seed_101/threshold_tau_028/baseline_relational_table_real.csv,mode_or_frequency,frequency_proxy,unknown_level,unknown,unknown_requires_lineage,0,1,7,Paar-Mappbarkeit|candidate_rejected_not_pair_mappable,candidate_rejected_not_pair_mappable,exclude_from_lag_mechanism_testing,no_independent_lag_variable_claim,blocked_no_physics_claim
QSB-PLANCK-BRIDGE-RESONATOR-INDEPENDENT-LAG-VARIABLE-ADMISSIBILITY-EXECUTION-01,CAND-0176,repo_file,data/bmc10_nullmodel_inputs/seed_101/threshold_tau_028/graph_build_summary.json,mode_or_frequency,frequency_proxy,unknown_level,unknown,unknown_requires_lineage,0,1,7,Paar-Mappbarkeit|candidate_rejected_not_pair_mappable,candidate_rejected_not_pair_mappable,exclude_from_lag_mechanism_testing,no_independent_lag_variable_claim,blocked_no_physics_claim
QSB-PLANCK-BRIDGE-RESONATOR-INDEPENDENT-LAG-VARIABLE-ADMISSIBILITY-EXECUTION-01,CAND-0177,repo_file,data/bmc10_nullmodel_inputs/seed_101/threshold_tau_028/node_metadata_real.csv,mode_or_frequency,frequency_proxy,unknown_level,unknown,unknown_requires_lineage,0,1,7,Paar-Mappbarkeit|candidate_rejected_not_pair_mappable,candidate_rejected_not_pair_mappable,exclude_from_lag_mechanism_testing,no_independent_lag_variable_claim,blocked_no_physics_claim
QSB-PLANCK-BRIDGE-RESONATOR-INDEPENDENT-LAG-VARIABLE-ADMISSIBILITY-EXECUTION-01,CAND-0178,repo_file,data/bmc10_nullmodel_inputs/seed_101/threshold_tau_03/baseline_relational_table_real.csv,mode_or_frequency,frequency_proxy,unknown_level,unknown,unknown_requires_lineage,0,1,7,Paar-Mappbarkeit|candidate_rejected_not_pair_mappable,candidate_rejected_not_pair_mappable,exclude_from_lag_mechanism_testing,no_independent_lag_variable_claim,blocked_no_physics_claim
QSB-PLANCK-BRIDGE-RESONATOR-INDEPENDENT-LAG-VARIABLE-ADMISSIBILITY-EXECUTION-01,CAND-0179,repo_file,data/bmc10_nullmodel_inputs/seed_101/threshold_tau_03/graph_build_summary.json,mode_or_frequency,frequency_proxy,unknown_level,unknown,unknown_requires_lineage,0,1,7,Paar-Mappbarkeit|candidate_rejected_not_pair_mappable,candidate_rejected_not_pair_mappable,exclude_from_lag_mechanism_testing,no_independent_lag_variable_claim,blocked_no_physics_claim
QSB-PLANCK-BRIDGE-RESONATOR-INDEPENDENT-LAG-VARIABLE-ADMISSIBILITY-EXECUTION-01,CAND-0180,repo_file,data/bmc10_nullmodel_inputs/seed_101/threshold_tau_03/node_metadata_real.csv,mode_or_frequency,frequency_proxy,unknown_level,unknown,unknown_requires_lineage,0,1,7,Paar-Mappbarkeit|candidate_rejected_not_pair_mappable,candidate_rejected_not_pair_mappable,exclude_from_lag_mechanism_testing,no_independent_lag_variable_claim,blocked_no_physics_claim
QSB-PLANCK-BRIDGE-RESONATOR-INDEPENDENT-LAG-VARIABLE-ADMISSIBILITY-EXECUTION-01,CAND-0181,repo_file,data/bmc10_nullmodel_inputs/seed_101/threshold_tau_032/baseline_relational_table_real.csv,mode_or_frequency,frequency_proxy,unknown_level,unknown,unknown_requires_lineage,0,1,7,Paar-Mappbarkeit|candidate_rejected_not_pair_mappable,candidate_rejected_not_pair_mappable,exclude_from_lag_mechanism_testing,no_independent_lag_variable_claim,blocked_no_physics_claim
QSB-PLANCK-BRIDGE-RESONATOR-INDEPENDENT-LAG-VARIABLE-ADMISSIBILITY-EXECUTION-01,CAND-0182,repo_file,data/bmc10_nullmodel_inputs/seed_101/threshold_tau_032/graph_build_summary.json,mode_or_frequency,frequency_proxy,unknown_level,unknown,unknown_requires_lineage,0,1,7,Paar-Mappbarkeit|candidate_rejected_not_pair_mappable,candidate_rejected_not_pair_mappable,exclude_from_lag_mechanism_testing,no_independent_lag_variable_claim,blocked_no_physics_claim
QSB-PLANCK-BRIDGE-RESONATOR-INDEPENDENT-LAG-VARIABLE-ADMISSIBILITY-EXECUTION-01,CAND-0183,repo_file,data/bmc10_nullmodel_inputs/seed_101/threshold_tau_032/node_metadata_real.csv,mode_or_frequency,frequency_proxy,unknown_level,unknown,unknown_requires_lineage,0,1,7,Paar-Mappbarkeit|candidate_rejected_not_pair_mappable,candidate_rejected_not_pair_mappable,exclude_from_lag_mechanism_testing,no_independent_lag_variable_claim,blocked_no_physics_claim
QSB-PLANCK-BRIDGE-RESONATOR-INDEPENDENT-LAG-VARIABLE-ADMISSIBILITY-EXECUTION-01,CAND-0184,repo_file,data/bmc10_nullmodel_inputs/seed_202/nullmodel_feature_table.csv,mode_or_frequency,frequency_proxy,unknown_level,unknown,unknown_requires_lineage,0,1,7,Paar-Mappbarkeit|candidate_rejected_not_pair_mappable,candidate_rejected_not_pair_mappable,exclude_from_lag_mechanism_testing,no_independent_lag_variable_claim,blocked_no_physics_claim
QSB-PLANCK-BRIDGE-RESONATOR-INDEPENDENT-LAG-VARIABLE-ADMISSIBILITY-EXECUTION-01,CAND-0185,repo_file,data/bmc10_nullmodel_inputs/seed_202/threshold_tau_028/baseline_relational_table_real.csv,mode_or_frequency,frequency_proxy,unknown_level,unknown,unknown_requires_lineage,0,1,7,Paar-Mappbarkeit|candidate_rejected_not_pair_mappable,candidate_rejected_not_pair_mappable,exclude_from_lag_mechanism_testing,no_independent_lag_variable_claim,blocked_no_physics_claim
QSB-PLANCK-BRIDGE-RESONATOR-INDEPENDENT-LAG-VARIABLE-ADMISSIBILITY-EXECUTION-01,CAND-0186,repo_file,data/bmc10_nullmodel_inputs/seed_202/threshold_tau_028/graph_build_summary.json,mode_or_frequency,frequency_proxy,unknown_level,unknown,unknown_requires_lineage,0,1,7,Paar-Mappbarkeit|candidate_rejected_not_pair_mappable,candidate_rejected_not_pair_mappable,exclude_from_lag_mechanism_testing,no_independent_lag_variable_claim,blocked_no_physics_claim
QSB-PLANCK-BRIDGE-RESONATOR-INDEPENDENT-LAG-VARIABLE-ADMISSIBILITY-EXECUTION-01,CAND-0187,repo_file,data/bmc10_nullmodel_inputs/seed_202/threshold_tau_028/node_metadata_real.csv,mode_or_frequency,frequency_proxy,unknown_level,unknown,unknown_requires_lineage,0,1,7,Paar-Mappbarkeit|candidate_rejected_not_pair_mappable,candidate_rejected_not_pair_mappable,exclude_from_lag_mechanism_testing,no_independent_lag_variable_claim,blocked_no_physics_claim
QSB-PLANCK-BRIDGE-RESONATOR-INDEPENDENT-LAG-VARIABLE-ADMISSIBILITY-EXECUTION-01,CAND-0188,repo_file,data/bmc10_nullmodel_inputs/seed_202/threshold_tau_03/baseline_relational_table_real.csv,mode_or_frequency,frequency_proxy,unknown_level,unknown,unknown_requires_lineage,0,1,7,Paar-Mappbarkeit|candidate_rejected_not_pair_mappable,candidate_rejected_not_pair_mappable,exclude_from_lag_mechanism_testing,no_independent_lag_variable_claim,blocked_no_physics_claim
QSB-PLANCK-BRIDGE-RESONATOR-INDEPENDENT-LAG-VARIABLE-ADMISSIBILITY-EXECUTION-01,CAND-0189,repo_file,data/bmc10_nullmodel_inputs/seed_202/threshold_tau_03/graph_build_summary.json,mode_or_frequency,frequency_proxy,unknown_level,unknown,unknown_requires_lineage,0,1,7,Paar-Mappbarkeit|candidate_rejected_not_pair_mappable,candidate_rejected_not_pair_mappable,exclude_from_lag_mechanism_testing,no_independent_lag_variable_claim,blocked_no_physics_claim
QSB-PLANCK-BRIDGE-RESONATOR-INDEPENDENT-LAG-VARIABLE-ADMISSIBILITY-EXECUTION-01,CAND-0190,repo_file,data/bmc10_nullmodel_inputs/seed_202/threshold_tau_03/node_metadata_real.csv,mode_or_frequency,frequency_proxy,unknown_level,unknown,unknown_requires_lineage,0,1,7,Paar-Mappbarkeit|candidate_rejected_not_pair_mappable,candidate_rejected_not_pair_mappable,exclude_from_lag_mechanism_testing,no_independent_lag_variable_claim,blocked_no_physics_claim
QSB-PLANCK-BRIDGE-RESONATOR-INDEPENDENT-LAG-VARIABLE-ADMISSIBILITY-EXECUTION-01,CAND-0191,repo_file,data/bmc10_nullmodel_inputs/seed_202/threshold_tau_032/baseline_relational_table_real.csv,mode_or_frequency,frequency_proxy,unknown_level,unknown,unknown_requires_lineage,0,1,7,Paar-Mappbarkeit|candidate_rejected_not_pair_mappable,candidate_rejected_not_pair_mappable,exclude_from_lag_mechanism_testing,no_independent_lag_variable_claim,blocked_no_physics_claim
QSB-PLANCK-BRIDGE-RESONATOR-INDEPENDENT-LAG-VARIABLE-ADMISSIBILITY-EXECUTION-01,CAND-0192,repo_file,data/bmc10_nullmodel_inputs/seed_202/threshold_tau_032/graph_build_summary.json,mode_or_frequency,frequency_proxy,unknown_level,unknown,unknown_requires_lineage,0,1,7,Paar-Mappbarkeit|candidate_rejected_not_pair_mappable,candidate_rejected_not_pair_mappable,exclude_from_lag_mechanism_testing,no_independent_lag_variable_claim,blocked_no_physics_claim
QSB-PLANCK-BRIDGE-RESONATOR-INDEPENDENT-LAG-VARIABLE-ADMISSIBILITY-EXECUTION-01,CAND-0193,repo_file,data/bmc10_nullmodel_inputs/seed_202/threshold_tau_032/node_metadata_real.csv,mode_or_frequency,frequency_proxy,unknown_level,unknown,unknown_requires_lineage,0,1,7,Paar-Mappbarkeit|candidate_rejected_not_pair_mappable,candidate_rejected_not_pair_mappable,exclude_from_lag_mechanism_testing,no_independent_lag_variable_claim,blocked_no_physics_claim
QSB-PLANCK-BRIDGE-RESONATOR-INDEPENDENT-LAG-VARIABLE-ADMISSIBILITY-EXECUTION-01,CAND-0194,repo_file,data/bmc10_nullmodel_inputs/seed_303/nullmodel_feature_table.csv,mode_or_frequency,frequency_proxy,unknown_level,unknown,unknown_requires_lineage,0,1,7,Paar-Mappbarkeit|candidate_rejected_not_pair_mappable,candidate_rejected_not_pair_mappable,exclude_from_lag_mechanism_testing,no_independent_lag_variable_claim,blocked_no_physics_claim
QSB-PLANCK-BRIDGE-RESONATOR-INDEPENDENT-LAG-VARIABLE-ADMISSIBILITY-EXECUTION-01,CAND-0195,repo_file,data/bmc10_nullmodel_inputs/seed_303/threshold_tau_028/baseline_relational_table_real.csv,mode_or_frequency,frequency_proxy,unknown_level,unknown,unknown_requires_lineage,0,1,7,Paar-Mappbarkeit|candidate_rejected_not_pair_mappable,candidate_rejected_not_pair_mappable,exclude_from_lag_mechanism_testing,no_independent_lag_variable_claim,blocked_no_physics_claim
QSB-PLANCK-BRIDGE-RESONATOR-INDEPENDENT-LAG-VARIABLE-ADMISSIBILITY-EXECUTION-01,CAND-0196,repo_file,data/bmc10_nullmodel_inputs/seed_303/threshold_tau_028/graph_build_summary.json,mode_or_frequency,frequency_proxy,unknown_level,unknown,unknown_requires_lineage,0,1,7,Paar-Mappbarkeit|candidate_rejected_not_pair_mappable,candidate_rejected_not_pair_mappable,exclude_from_lag_mechanism_testing,no_independent_lag_variable_claim,blocked_no_physics_claim
QSB-PLANCK-BRIDGE-RESONATOR-INDEPENDENT-LAG-VARIABLE-ADMISSIBILITY-EXECUTION-01,CAND-0197,repo_file,data/bmc10_nullmodel_inputs/seed_303/threshold_tau_028/node_metadata_real.csv,mode_or_frequency,frequency_proxy,unknown_level,unknown,unknown_requires_lineage,0,1,7,Paar-Mappbarkeit|candidate_rejected_not_pair_mappable,candidate_rejected_not_pair_mappable,exclude_from_lag_mechanism_testing,no_independent_lag_variable_claim,blocked_no_physics_claim
QSB-PLANCK-BRIDGE-RESONATOR-INDEPENDENT-LAG-VARIABLE-ADMISSIBILITY-EXECUTION-01,CAND-0198,repo_file,data/bmc10_nullmodel_inputs/seed_303/threshold_tau_03/baseline_relational_table_real.csv,mode_or_frequency,frequency_proxy,unknown_level,unknown,unknown_requires_lineage,0,1,7,Paar-Mappbarkeit|candidate_rejected_not_pair_mappable,candidate_rejected_not_pair_mappable,exclude_from_lag_mechanism_testing,no_independent_lag_variable_claim,blocked_no_physics_claim
QSB-PLANCK-BRIDGE-RESONATOR-INDEPENDENT-LAG-VARIABLE-ADMISSIBILITY-EXECUTION-01,CAND-0199,repo_file,data/bmc10_nullmodel_inputs/seed_303/threshold_tau_03/graph_build_summary.json,mode_or_frequency,frequency_proxy,unknown_level,unknown,unknown_requires_lineage,0,1,7,Paar-Mappbarkeit|candidate_rejected_not_pair_mappable,candidate_rejected_not_pair_mappable,exclude_from_lag_mechanism_testing,no_independent_lag_variable_claim,blocked_no_physics_claim
QSB-PLANCK-BRIDGE-RESONATOR-INDEPENDENT-LAG-VARIABLE-ADMISSIBILITY-EXECUTION-01,CAND-0200,repo_file,data/bmc10_nullmodel_inputs/seed_303/threshold_tau_03/node_metadata_real.csv,mode_or_frequency,frequency_proxy,unknown_level,unknown,unknown_requires_lineage,0,1,7,Paar-Mappbarkeit|candidate_rejected_not_pair_mappable,candidate_rejected_not_pair_mappable,exclude_from_lag_mechanism_testing,no_independent_lag_variable_claim,blocked_no_physics_claim
QSB-PLANCK-BRIDGE-RESONATOR-INDEPENDENT-LAG-VARIABLE-ADMISSIBILITY-EXECUTION-01,CAND-0201,dwh_table,qsb_planck_bridge.pbr_lag_mechanism_decision_cases,lag_structure_status,unknown,metadata_level,unknown,unknown_requires_lineage,2,1,5,Paar-Mappbarkeit|candidate_rejected_not_pair_mappable,candidate_rejected_not_pair_mappable,exclude_from_lag_mechanism_testing,no_independent_lag_variable_claim,blocked_no_physics_claim
QSB-PLANCK-BRIDGE-RESONATOR-INDEPENDENT-LAG-VARIABLE-ADMISSIBILITY-EXECUTION-01,CAND-0202,dwh_table,qsb_planck_bridge.pbr_lag_mechanism_design_summary,input_critical_nullmodel,frequency_proxy,metadata_level,unknown,unknown_requires_lineage,1,1,6,Paar-Mappbarkeit|candidate_rejected_not_pair_mappable,candidate_rejected_not_pair_mappable,exclude_from_lag_mechanism_testing,no_independent_lag_variable_claim,blocked_no_physics_claim
QSB-PLANCK-BRIDGE-RESONATOR-INDEPENDENT-LAG-VARIABLE-ADMISSIBILITY-EXECUTION-01,CAND-0203,dwh_table,qsb_planck_bridge.pbr_lag_mechanism_execution_result_review_decision,not_formal_lag_mechanism_candidate_reason,unknown,metadata_level,unknown,unknown_requires_lineage,2,1,5,Paar-Mappbarkeit|candidate_rejected_not_pair_mappable,candidate_rejected_not_pair_mappable,exclude_from_lag_mechanism_testing,no_independent_lag_variable_claim,blocked_no_physics_claim
QSB-PLANCK-BRIDGE-RESONATOR-INDEPENDENT-LAG-VARIABLE-ADMISSIBILITY-EXECUTION-01,CAND-0204,dwh_table,qsb_planck_bridge.pbr_lag_mechanism_execution_summary,input_critical_nullmodel,frequency_proxy,metadata_level,unknown,unknown_requires_lineage,1,1,6,Paar-Mappbarkeit|candidate_rejected_not_pair_mappable,candidate_rejected_not_pair_mappable,exclude_from_lag_mechanism_testing,no_independent_lag_variable_claim,blocked_no_physics_claim
QSB-PLANCK-BRIDGE-RESONATOR-INDEPENDENT-LAG-VARIABLE-ADMISSIBILITY-EXECUTION-01,CAND-0205,dwh_table,qsb_planck_bridge.pbr_lag_mechanism_failure_modes,failure_modes,frequency_proxy,metadata_level,unknown,unknown_requires_lineage,1,1,6,Paar-Mappbarkeit|candidate_rejected_not_pair_mappable,candidate_rejected_not_pair_mappable,exclude_from_lag_mechanism_testing,no_independent_lag_variable_claim,blocked_no_physics_claim
QSB-PLANCK-BRIDGE-RESONATOR-INDEPENDENT-LAG-VARIABLE-ADMISSIBILITY-EXECUTION-01,CAND-0206,dwh_table,qsb_planck_bridge.pbr_lag_mechanism_independent_lag_variable,lag_proxy_correlation,unknown,metadata_level,unknown,unknown_requires_lineage,2,1,5,Paar-Mappbarkeit|candidate_rejected_not_pair_mappable,candidate_rejected_not_pair_mappable,exclude_from_lag_mechanism_testing,no_independent_lag_variable_claim,blocked_no_physics_claim
QSB-PLANCK-BRIDGE-RESONATOR-INDEPENDENT-LAG-VARIABLE-ADMISSIBILITY-EXECUTION-01,CAND-0207,dwh_table,qsb_planck_bridge.pbr_lag_mechanism_independent_lag_variable,lag_proxy_mutual_information_or_group_score,unknown,metadata_level,unknown,unknown_requires_lineage,2,1,5,Paar-Mappbarkeit|candidate_rejected_not_pair_mappable,candidate_rejected_not_pair_mappable,exclude_from_lag_mechanism_testing,no_independent_lag_variable_claim,blocked_no_physics_claim
QSB-PLANCK-BRIDGE-RESONATOR-INDEPENDENT-LAG-VARIABLE-ADMISSIBILITY-EXECUTION-01,CAND-0208,dwh_table,qsb_planck_bridge.pbr_lag_mechanism_independent_lag_variable,lag_proxy_rank_correlation,unknown,metadata_level,unknown,unknown_requires_lineage,2,1,5,Paar-Mappbarkeit|candidate_rejected_not_pair_mappable,candidate_rejected_not_pair_mappable,exclude_from_lag_mechanism_testing,no_independent_lag_variable_claim,blocked_no_physics_claim
QSB-PLANCK-BRIDGE-RESONATOR-INDEPENDENT-LAG-VARIABLE-ADMISSIBILITY-EXECUTION-01,CAND-0209,dwh_table,qsb_planck_bridge.pbr_lag_mechanism_independent_lag_variable,lag_reconstruction_accuracy,unknown,metadata_level,unknown,unknown_requires_lineage,2,1,5,Paar-Mappbarkeit|candidate_rejected_not_pair_mappable,candidate_rejected_not_pair_mappable,exclude_from_lag_mechanism_testing,no_independent_lag_variable_claim,blocked_no_physics_claim
QSB-PLANCK-BRIDGE-RESONATOR-INDEPENDENT-LAG-VARIABLE-ADMISSIBILITY-EXECUTION-01,CAND-0210,dwh_table,qsb_planck_bridge.pbr_lag_mechanism_nullmodel_operationalization,lag_preserving_nullmodel_role,frequency_proxy,metadata_level,unknown,unknown_requires_lineage,1,1,6,Paar-Mappbarkeit|candidate_rejected_not_pair_mappable,candidate_rejected_not_pair_mappable,exclude_from_lag_mechanism_testing,no_independent_lag_variable_claim,blocked_no_physics_claim
QSB-PLANCK-BRIDGE-RESONATOR-INDEPENDENT-LAG-VARIABLE-ADMISSIBILITY-EXECUTION-01,CAND-0211,dwh_table,qsb_planck_bridge.pbr_lag_mechanism_nullmodel_operationalization,nullmodel_appropriateness_class,frequency_proxy,metadata_level,unknown,unknown_requires_lineage,1,1,6,Paar-Mappbarkeit|candidate_rejected_not_pair_mappable,candidate_rejected_not_pair_mappable,exclude_from_lag_mechanism_testing,no_independent_lag_variable_claim,blocked_no_physics_claim
QSB-PLANCK-BRIDGE-RESONATOR-INDEPENDENT-LAG-VARIABLE-ADMISSIBILITY-EXECUTION-01,CAND-0212,dwh_table,qsb_planck_bridge.pbr_lag_mechanism_order_scrambling,lag_structure_distance,unknown,metadata_level,unknown,unknown_requires_lineage,2,1,5,Paar-Mappbarkeit|candidate_rejected_not_pair_mappable,candidate_rejected_not_pair_mappable,exclude_from_lag_mechanism_testing,no_independent_lag_variable_claim,blocked_no_physics_claim
QSB-PLANCK-BRIDGE-RESONATOR-INDEPENDENT-LAG-VARIABLE-ADMISSIBILITY-EXECUTION-01,CAND-0213,dwh_table,qsb_planck_bridge.pbr_lag_mechanism_order_scrambling,lag_structure_preserved,unknown,metadata_level,unknown,unknown_requires_lineage,2,1,5,Paar-Mappbarkeit|candidate_rejected_not_pair_mappable,candidate_rejected_not_pair_mappable,exclude_from_lag_mechanism_testing,no_independent_lag_variable_claim,blocked_no_physics_claim
QSB-PLANCK-BRIDGE-RESONATOR-INDEPENDENT-LAG-VARIABLE-ADMISSIBILITY-EXECUTION-01,CAND-0214,dwh_table,qsb_planck_bridge.pbr_lag_mechanism_physical_proxy,proxy_lag_correlation,unknown,metadata_level,unknown,unknown_requires_lineage,2,1,5,Paar-Mappbarkeit|candidate_rejected_not_pair_mappable,candidate_rejected_not_pair_mappable,exclude_from_lag_mechanism_testing,no_independent_lag_variable_claim,blocked_no_physics_claim
QSB-PLANCK-BRIDGE-RESONATOR-INDEPENDENT-LAG-VARIABLE-ADMISSIBILITY-EXECUTION-01,CAND-0215,dwh_table,qsb_planck_bridge.pbr_lag_mechanism_physical_proxy,proxy_lag_monotonicity_score,unknown,metadata_level,unknown,unknown_requires_lineage,2,1,5,Paar-Mappbarkeit|candidate_rejected_not_pair_mappable,candidate_rejected_not_pair_mappable,exclude_from_lag_mechanism_testing,no_independent_lag_variable_claim,blocked_no_physics_claim
QSB-PLANCK-BRIDGE-RESONATOR-INDEPENDENT-LAG-VARIABLE-ADMISSIBILITY-EXECUTION-01,CAND-0216,dwh_table,qsb_planck_bridge.pbr_lag_mechanism_test_family_spec,failure_modes,frequency_proxy,metadata_level,unknown,unknown_requires_lineage,1,1,6,Paar-Mappbarkeit|candidate_rejected_not_pair_mappable,candidate_rejected_not_pair_mappable,exclude_from_lag_mechanism_testing,no_independent_lag_variable_claim,blocked_no_physics_claim
QSB-PLANCK-BRIDGE-RESONATOR-INDEPENDENT-LAG-VARIABLE-ADMISSIBILITY-EXECUTION-01,CAND-0217,dwh_table,qsb_planck_bridge.pbr_lag_mechanism_test_results,lag_explained_variance_ratio,unknown,metadata_level,unknown,unknown_requires_lineage,2,1,5,Paar-Mappbarkeit|candidate_rejected_not_pair_mappable,candidate_rejected_not_pair_mappable,exclude_from_lag_mechanism_testing,no_independent_lag_variable_claim,blocked_no_physics_claim
QSB-PLANCK-BRIDGE-RESONATOR-INDEPENDENT-LAG-VARIABLE-ADMISSIBILITY-EXECUTION-01,CAND-0218,dwh_table,qsb_planck_bridge.pbr_lag_mechanism_test_results,lag_reconstruction_accuracy,unknown,metadata_level,unknown,unknown_requires_lineage,2,1,5,Paar-Mappbarkeit|candidate_rejected_not_pair_mappable,candidate_rejected_not_pair_mappable,exclude_from_lag_mechanism_testing,no_independent_lag_variable_claim,blocked_no_physics_claim
QSB-PLANCK-BRIDGE-RESONATOR-INDEPENDENT-LAG-VARIABLE-ADMISSIBILITY-EXECUTION-01,CAND-0219,dwh_table,qsb_planck_bridge.pbr_lag_mechanism_test_results,lag_structure_preserved_rate,unknown,metadata_level,unknown,unknown_requires_lineage,2,1,5,Paar-Mappbarkeit|candidate_rejected_not_pair_mappable,candidate_rejected_not_pair_mappable,exclude_from_lag_mechanism_testing,no_independent_lag_variable_claim,blocked_no_physics_claim
QSB-PLANCK-BRIDGE-RESONATOR-INDEPENDENT-LAG-VARIABLE-ADMISSIBILITY-EXECUTION-01,CAND-0220,dwh_table,qsb_planck_bridge.pbr_lag_mechanism_test_results,nullmodel_appropriateness_class,frequency_proxy,metadata_level,unknown,unknown_requires_lineage,1,1,6,Paar-Mappbarkeit|candidate_rejected_not_pair_mappable,candidate_rejected_not_pair_mappable,exclude_from_lag_mechanism_testing,no_independent_lag_variable_claim,blocked_no_physics_claim
QSB-PLANCK-BRIDGE-RESONATOR-INDEPENDENT-LAG-VARIABLE-ADMISSIBILITY-EXECUTION-01,CAND-0221,dwh_table,qsb_planck_bridge.pbr_lag_mechanism_test_results,proxy_lag_correlation,unknown,metadata_level,unknown,unknown_requires_lineage,2,1,5,Paar-Mappbarkeit|candidate_rejected_not_pair_mappable,candidate_rejected_not_pair_mappable,exclude_from_lag_mechanism_testing,no_independent_lag_variable_claim,blocked_no_physics_claim
QSB-PLANCK-BRIDGE-RESONATOR-INDEPENDENT-LAG-VARIABLE-ADMISSIBILITY-EXECUTION-01,CAND-0222,dwh_table,qsb_planck_bridge.pbr_lag_mechanism_toeplitz_dependency,between_lag_variance,unknown,metadata_level,unknown,unknown_requires_lineage,2,1,5,Paar-Mappbarkeit|candidate_rejected_not_pair_mappable,candidate_rejected_not_pair_mappable,exclude_from_lag_mechanism_testing,no_independent_lag_variable_claim,blocked_no_physics_claim
QSB-PLANCK-BRIDGE-RESONATOR-INDEPENDENT-LAG-VARIABLE-ADMISSIBILITY-EXECUTION-01,CAND-0223,dwh_table,qsb_planck_bridge.pbr_lag_mechanism_toeplitz_dependency,lag_explained_variance_ratio,unknown,metadata_level,unknown,unknown_requires_lineage,2,1,5,Paar-Mappbarkeit|candidate_rejected_not_pair_mappable,candidate_rejected_not_pair_mappable,exclude_from_lag_mechanism_testing,no_independent_lag_variable_claim,blocked_no_physics_claim
QSB-PLANCK-BRIDGE-RESONATOR-INDEPENDENT-LAG-VARIABLE-ADMISSIBILITY-EXECUTION-01,CAND-0224,dwh_table,qsb_planck_bridge.pbr_lag_mechanism_toeplitz_dependency,within_lag_variance_mean,unknown,metadata_level,unknown,unknown_requires_lineage,2,1,5,Paar-Mappbarkeit|candidate_rejected_not_pair_mappable,candidate_rejected_not_pair_mappable,exclude_from_lag_mechanism_testing,no_independent_lag_variable_claim,blocked_no_physics_claim
QSB-PLANCK-BRIDGE-RESONATOR-INDEPENDENT-LAG-VARIABLE-ADMISSIBILITY-EXECUTION-01,CAND-0225,dwh_table,qsb_planck_bridge.pbr_nullmodel_comparison_metrics,critical_nullmodel_reproduction,frequency_proxy,metadata_level,unknown,unknown_requires_lineage,1,1,6,Paar-Mappbarkeit|candidate_rejected_not_pair_mappable,candidate_rejected_not_pair_mappable,exclude_from_lag_mechanism_testing,no_independent_lag_variable_claim,blocked_no_physics_claim
QSB-PLANCK-BRIDGE-RESONATOR-INDEPENDENT-LAG-VARIABLE-ADMISSIBILITY-EXECUTION-01,CAND-0226,dwh_table,qsb_planck_bridge.pbr_nullmodel_comparison_metrics,lag_structure_z_score,frequency_proxy,metadata_level,unknown,unknown_requires_lineage,1,1,6,Paar-Mappbarkeit|candidate_rejected_not_pair_mappable,candidate_rejected_not_pair_mappable,exclude_from_lag_mechanism_testing,no_independent_lag_variable_claim,blocked_no_physics_claim
QSB-PLANCK-BRIDGE-RESONATOR-INDEPENDENT-LAG-VARIABLE-ADMISSIBILITY-EXECUTION-01,CAND-0227,dwh_table,qsb_planck_bridge.pbr_nullmodel_comparison_metrics,nullmodel_family,frequency_proxy,metadata_level,unknown,unknown_requires_lineage,1,1,6,Paar-Mappbarkeit|candidate_rejected_not_pair_mappable,candidate_rejected_not_pair_mappable,exclude_from_lag_mechanism_testing,no_independent_lag_variable_claim,blocked_no_physics_claim
QSB-PLANCK-BRIDGE-RESONATOR-INDEPENDENT-LAG-VARIABLE-ADMISSIBILITY-EXECUTION-01,CAND-0228,dwh_table,qsb_planck_bridge.pbr_nullmodel_design_summary,nullmodel_family_count,frequency_proxy,metadata_level,unknown,unknown_requires_lineage,1,1,6,Paar-Mappbarkeit|candidate_rejected_not_pair_mappable,candidate_rejected_not_pair_mappable,exclude_from_lag_mechanism_testing,no_independent_lag_variable_claim,blocked_no_physics_claim
QSB-PLANCK-BRIDGE-RESONATOR-INDEPENDENT-LAG-VARIABLE-ADMISSIBILITY-EXECUTION-01,CAND-0229,dwh_table,qsb_planck_bridge.pbr_nullmodel_diagnostics_required,nullmodel_key,frequency_proxy,metadata_level,unknown,unknown_requires_lineage,1,1,6,Paar-Mappbarkeit|candidate_rejected_not_pair_mappable,candidate_rejected_not_pair_mappable,exclude_from_lag_mechanism_testing,no_independent_lag_variable_claim,blocked_no_physics_claim
QSB-PLANCK-BRIDGE-RESONATOR-INDEPENDENT-LAG-VARIABLE-ADMISSIBILITY-EXECUTION-01,CAND-0230,dwh_table,qsb_planck_bridge.pbr_nullmodel_execution_authorization,nullmodel_key,frequency_proxy,metadata_level,unknown,unknown_requires_lineage,1,1,6,Paar-Mappbarkeit|candidate_rejected_not_pair_mappable,candidate_rejected_not_pair_mappable,exclude_from_lag_mechanism_testing,no_independent_lag_variable_claim,blocked_no_physics_claim
QSB-PLANCK-BRIDGE-RESONATOR-INDEPENDENT-LAG-VARIABLE-ADMISSIBILITY-EXECUTION-01,CAND-0231,dwh_table,qsb_planck_bridge.pbr_nullmodel_execution_result_review_critical_findings,critical_nullmodel,frequency_proxy,metadata_level,unknown,unknown_requires_lineage,1,1,6,Paar-Mappbarkeit|candidate_rejected_not_pair_mappable,candidate_rejected_not_pair_mappable,exclude_from_lag_mechanism_testing,no_independent_lag_variable_claim,blocked_no_physics_claim
QSB-PLANCK-BRIDGE-RESONATOR-INDEPENDENT-LAG-VARIABLE-ADMISSIBILITY-EXECUTION-01,CAND-0232,dwh_table,qsb_planck_bridge.pbr_nullmodel_execution_result_review_family,nullmodel_family,frequency_proxy,metadata_level,unknown,unknown_requires_lineage,1,1,6,Paar-Mappbarkeit|candidate_rejected_not_pair_mappable,candidate_rejected_not_pair_mappable,exclude_from_lag_mechanism_testing,no_independent_lag_variable_claim,blocked_no_physics_claim
QSB-PLANCK-BRIDGE-RESONATOR-INDEPENDENT-LAG-VARIABLE-ADMISSIBILITY-EXECUTION-01,CAND-0233,dwh_table,qsb_planck_bridge.pbr_nullmodel_execution_result_review_summary,critical_nullmodel,frequency_proxy,metadata_level,unknown,unknown_requires_lineage,1,1,6,Paar-Mappbarkeit|candidate_rejected_not_pair_mappable,candidate_rejected_not_pair_mappable,exclude_from_lag_mechanism_testing,no_independent_lag_variable_claim,blocked_no_physics_claim
QSB-PLANCK-BRIDGE-RESONATOR-INDEPENDENT-LAG-VARIABLE-ADMISSIBILITY-EXECUTION-01,CAND-0234,dwh_table,qsb_planck_bridge.pbr_nullmodel_execution_result_review_summary,critical_nullmodel_reproduction,frequency_proxy,metadata_level,unknown,unknown_requires_lineage,1,1,6,Paar-Mappbarkeit|candidate_rejected_not_pair_mappable,candidate_rejected_not_pair_mappable,exclude_from_lag_mechanism_testing,no_independent_lag_variable_claim,blocked_no_physics_claim
QSB-PLANCK-BRIDGE-RESONATOR-INDEPENDENT-LAG-VARIABLE-ADMISSIBILITY-EXECUTION-01,CAND-0235,dwh_table,qsb_planck_bridge.pbr_nullmodel_execution_summary,nullmodel_family_count,frequency_proxy,metadata_level,unknown,unknown_requires_lineage,1,1,6,Paar-Mappbarkeit|candidate_rejected_not_pair_mappable,candidate_rejected_not_pair_mappable,exclude_from_lag_mechanism_testing,no_independent_lag_variable_claim,blocked_no_physics_claim
QSB-PLANCK-BRIDGE-RESONATOR-INDEPENDENT-LAG-VARIABLE-ADMISSIBILITY-EXECUTION-01,CAND-0236,dwh_table,qsb_planck_bridge.pbr_nullmodel_failure_modes,failure_mode,frequency_proxy,metadata_level,unknown,unknown_requires_lineage,1,1,6,Paar-Mappbarkeit|candidate_rejected_not_pair_mappable,candidate_rejected_not_pair_mappable,exclude_from_lag_mechanism_testing,no_independent_lag_variable_claim,blocked_no_physics_claim
QSB-PLANCK-BRIDGE-RESONATOR-INDEPENDENT-LAG-VARIABLE-ADMISSIBILITY-EXECUTION-01,CAND-0237,dwh_table,qsb_planck_bridge.pbr_nullmodel_failure_modes,failure_mode_id,frequency_proxy,metadata_level,unknown,unknown_requires_lineage,1,1,6,Paar-Mappbarkeit|candidate_rejected_not_pair_mappable,candidate_rejected_not_pair_mappable,exclude_from_lag_mechanism_testing,no_independent_lag_variable_claim,blocked_no_physics_claim
QSB-PLANCK-BRIDGE-RESONATOR-INDEPENDENT-LAG-VARIABLE-ADMISSIBILITY-EXECUTION-01,CAND-0238,dwh_table,qsb_planck_bridge.pbr_nullmodel_failure_modes,nullmodel_key,frequency_proxy,metadata_level,unknown,unknown_requires_lineage,1,1,6,Paar-Mappbarkeit|candidate_rejected_not_pair_mappable,candidate_rejected_not_pair_mappable,exclude_from_lag_mechanism_testing,no_independent_lag_variable_claim,blocked_no_physics_claim
QSB-PLANCK-BRIDGE-RESONATOR-INDEPENDENT-LAG-VARIABLE-ADMISSIBILITY-EXECUTION-01,CAND-0239,dwh_table,qsb_planck_bridge.pbr_nullmodel_family_spec,failure_modes,frequency_proxy,metadata_level,unknown,unknown_requires_lineage,1,1,6,Paar-Mappbarkeit|candidate_rejected_not_pair_mappable,candidate_rejected_not_pair_mappable,exclude_from_lag_mechanism_testing,no_independent_lag_variable_claim,blocked_no_physics_claim
QSB-PLANCK-BRIDGE-RESONATOR-INDEPENDENT-LAG-VARIABLE-ADMISSIBILITY-EXECUTION-01,CAND-0240,dwh_table,qsb_planck_bridge.pbr_nullmodel_family_spec,nullmodel_id,frequency_proxy,metadata_level,unknown,unknown_requires_lineage,1,1,6,Paar-Mappbarkeit|candidate_rejected_not_pair_mappable,candidate_rejected_not_pair_mappable,exclude_from_lag_mechanism_testing,no_independent_lag_variable_claim,blocked_no_physics_claim
QSB-PLANCK-BRIDGE-RESONATOR-INDEPENDENT-LAG-VARIABLE-ADMISSIBILITY-EXECUTION-01,CAND-0241,dwh_table,qsb_planck_bridge.pbr_nullmodel_family_spec,nullmodel_key,frequency_proxy,metadata_level,unknown,unknown_requires_lineage,1,1,6,Paar-Mappbarkeit|candidate_rejected_not_pair_mappable,candidate_rejected_not_pair_mappable,exclude_from_lag_mechanism_testing,no_independent_lag_variable_claim,blocked_no_physics_claim
QSB-PLANCK-BRIDGE-RESONATOR-INDEPENDENT-LAG-VARIABLE-ADMISSIBILITY-EXECUTION-01,CAND-0242,dwh_table,qsb_planck_bridge.pbr_nullmodel_family_summary,nullmodel_family,frequency_proxy,metadata_level,unknown,unknown_requires_lineage,1,1,6,Paar-Mappbarkeit|candidate_rejected_not_pair_mappable,candidate_rejected_not_pair_mappable,exclude_from_lag_mechanism_testing,no_independent_lag_variable_claim,blocked_no_physics_claim
QSB-PLANCK-BRIDGE-RESONATOR-INDEPENDENT-LAG-VARIABLE-ADMISSIBILITY-EXECUTION-01,CAND-0243,dwh_table,qsb_planck_bridge.pbr_nullmodel_lag_class_metrics,between_lag_separation,frequency_proxy,metadata_level,unknown,unknown_requires_lineage,1,1,6,Paar-Mappbarkeit|candidate_rejected_not_pair_mappable,candidate_rejected_not_pair_mappable,exclude_from_lag_mechanism_testing,no_independent_lag_variable_claim,blocked_no_physics_claim
QSB-PLANCK-BRIDGE-RESONATOR-INDEPENDENT-LAG-VARIABLE-ADMISSIBILITY-EXECUTION-01,CAND-0244,dwh_table,qsb_planck_bridge.pbr_nullmodel_lag_class_metrics,directed_pair_consistency,frequency_proxy,metadata_level,unknown,unknown_requires_lineage,1,1,6,Paar-Mappbarkeit|candidate_rejected_not_pair_mappable,candidate_rejected_not_pair_mappable,exclude_from_lag_mechanism_testing,no_independent_lag_variable_claim,blocked_no_physics_claim
QSB-PLANCK-BRIDGE-RESONATOR-INDEPENDENT-LAG-VARIABLE-ADMISSIBILITY-EXECUTION-01,CAND-0245,dwh_table,qsb_planck_bridge.pbr_nullmodel_lag_class_metrics,directed_pair_feature_count,frequency_proxy,metadata_level,unknown,unknown_requires_lineage,1,1,6,Paar-Mappbarkeit|candidate_rejected_not_pair_mappable,candidate_rejected_not_pair_mappable,exclude_from_lag_mechanism_testing,no_independent_lag_variable_claim,blocked_no_physics_claim
QSB-PLANCK-BRIDGE-RESONATOR-INDEPENDENT-LAG-VARIABLE-ADMISSIBILITY-EXECUTION-01,CAND-0246,dwh_table,qsb_planck_bridge.pbr_nullmodel_lag_class_metrics,lag_axis_collapse_score,frequency_proxy,metadata_level,unknown,unknown_requires_lineage,1,1,6,Paar-Mappbarkeit|candidate_rejected_not_pair_mappable,candidate_rejected_not_pair_mappable,exclude_from_lag_mechanism_testing,no_independent_lag_variable_claim,blocked_no_physics_claim
QSB-PLANCK-BRIDGE-RESONATOR-INDEPENDENT-LAG-VARIABLE-ADMISSIBILITY-EXECUTION-01,CAND-0247,dwh_table,qsb_planck_bridge.pbr_nullmodel_lag_class_metrics,lag_class_count,frequency_proxy,metadata_level,unknown,unknown_requires_lineage,1,1,6,Paar-Mappbarkeit|candidate_rejected_not_pair_mappable,candidate_rejected_not_pair_mappable,exclude_from_lag_mechanism_testing,no_independent_lag_variable_claim,blocked_no_physics_claim
QSB-PLANCK-BRIDGE-RESONATOR-INDEPENDENT-LAG-VARIABLE-ADMISSIBILITY-EXECUTION-01,CAND-0248,dwh_table,qsb_planck_bridge.pbr_nullmodel_lag_class_metrics,lag_class_structure_preserved,frequency_proxy,metadata_level,unknown,unknown_requires_lineage,1,1,6,Paar-Mappbarkeit|candidate_rejected_not_pair_mappable,candidate_rejected_not_pair_mappable,exclude_from_lag_mechanism_testing,no_independent_lag_variable_claim,blocked_no_physics_claim
QSB-PLANCK-BRIDGE-RESONATOR-INDEPENDENT-LAG-VARIABLE-ADMISSIBILITY-EXECUTION-01,CAND-0249,dwh_table,qsb_planck_bridge.pbr_nullmodel_lag_class_metrics,lag_structure_distance,frequency_proxy,metadata_level,unknown,unknown_requires_lineage,1,1,6,Paar-Mappbarkeit|candidate_rejected_not_pair_mappable,candidate_rejected_not_pair_mappable,exclude_from_lag_mechanism_testing,no_independent_lag_variable_claim,blocked_no_physics_claim
QSB-PLANCK-BRIDGE-RESONATOR-INDEPENDENT-LAG-VARIABLE-ADMISSIBILITY-EXECUTION-01,CAND-0250,dwh_table,qsb_planck_bridge.pbr_nullmodel_lag_class_metrics,lag_structure_reproduction_class,frequency_proxy,metadata_level,unknown,unknown_requires_lineage,1,1,6,Paar-Mappbarkeit|candidate_rejected_not_pair_mappable,candidate_rejected_not_pair_mappable,exclude_from_lag_mechanism_testing,no_independent_lag_variable_claim,blocked_no_physics_claim
QSB-PLANCK-BRIDGE-RESONATOR-INDEPENDENT-LAG-VARIABLE-ADMISSIBILITY-EXECUTION-01,CAND-0251,dwh_table,qsb_planck_bridge.pbr_nullmodel_lag_class_metrics,nullmodel_family,frequency_proxy,metadata_level,unknown,unknown_requires_lineage,1,1,6,Paar-Mappbarkeit|candidate_rejected_not_pair_mappable,candidate_rejected_not_pair_mappable,exclude_from_lag_mechanism_testing,no_independent_lag_variable_claim,blocked_no_physics_claim
QSB-PLANCK-BRIDGE-RESONATOR-INDEPENDENT-LAG-VARIABLE-ADMISSIBILITY-EXECUTION-01,CAND-0252,dwh_table,qsb_planck_bridge.pbr_nullmodel_lag_class_metrics,nullmodel_name,frequency_proxy,metadata_level,unknown,unknown_requires_lineage,1,1,6,Paar-Mappbarkeit|candidate_rejected_not_pair_mappable,candidate_rejected_not_pair_mappable,exclude_from_lag_mechanism_testing,no_independent_lag_variable_claim,blocked_no_physics_claim
QSB-PLANCK-BRIDGE-RESONATOR-INDEPENDENT-LAG-VARIABLE-ADMISSIBILITY-EXECUTION-01,CAND-0253,dwh_table,qsb_planck_bridge.pbr_nullmodel_lag_class_metrics,within_lag_similarity,frequency_proxy,metadata_level,unknown,unknown_requires_lineage,1,1,6,Paar-Mappbarkeit|candidate_rejected_not_pair_mappable,candidate_rejected_not_pair_mappable,exclude_from_lag_mechanism_testing,no_independent_lag_variable_claim,blocked_no_physics_claim
QSB-PLANCK-BRIDGE-RESONATOR-INDEPENDENT-LAG-VARIABLE-ADMISSIBILITY-EXECUTION-01,CAND-0254,dwh_table,qsb_planck_bridge.pbr_nullmodel_sample_results,between_lag_separation,frequency_proxy,metadata_level,unknown,unknown_requires_lineage,1,1,6,Paar-Mappbarkeit|candidate_rejected_not_pair_mappable,candidate_rejected_not_pair_mappable,exclude_from_lag_mechanism_testing,no_independent_lag_variable_claim,blocked_no_physics_claim
QSB-PLANCK-BRIDGE-RESONATOR-INDEPENDENT-LAG-VARIABLE-ADMISSIBILITY-EXECUTION-01,CAND-0255,dwh_table,qsb_planck_bridge.pbr_nullmodel_sample_results,directed_pair_consistency,frequency_proxy,metadata_level,unknown,unknown_requires_lineage,1,1,6,Paar-Mappbarkeit|candidate_rejected_not_pair_mappable,candidate_rejected_not_pair_mappable,exclude_from_lag_mechanism_testing,no_independent_lag_variable_claim,blocked_no_physics_claim
QSB-PLANCK-BRIDGE-RESONATOR-INDEPENDENT-LAG-VARIABLE-ADMISSIBILITY-EXECUTION-01,CAND-0256,dwh_table,qsb_planck_bridge.pbr_nullmodel_sample_results,directed_pair_feature_count,frequency_proxy,metadata_level,unknown,unknown_requires_lineage,1,1,6,Paar-Mappbarkeit|candidate_rejected_not_pair_mappable,candidate_rejected_not_pair_mappable,exclude_from_lag_mechanism_testing,no_independent_lag_variable_claim,blocked_no_physics_claim
QSB-PLANCK-BRIDGE-RESONATOR-INDEPENDENT-LAG-VARIABLE-ADMISSIBILITY-EXECUTION-01,CAND-0257,dwh_table,qsb_planck_bridge.pbr_nullmodel_sample_results,lag_axis_collapse_score,frequency_proxy,metadata_level,unknown,unknown_requires_lineage,1,1,6,Paar-Mappbarkeit|candidate_rejected_not_pair_mappable,candidate_rejected_not_pair_mappable,exclude_from_lag_mechanism_testing,no_independent_lag_variable_claim,blocked_no_physics_claim
QSB-PLANCK-BRIDGE-RESONATOR-INDEPENDENT-LAG-VARIABLE-ADMISSIBILITY-EXECUTION-01,CAND-0258,dwh_table,qsb_planck_bridge.pbr_nullmodel_sample_results,lag_class_count,frequency_proxy,metadata_level,unknown,unknown_requires_lineage,1,1,6,Paar-Mappbarkeit|candidate_rejected_not_pair_mappable,candidate_rejected_not_pair_mappable,exclude_from_lag_mechanism_testing,no_independent_lag_variable_claim,blocked_no_physics_claim
QSB-PLANCK-BRIDGE-RESONATOR-INDEPENDENT-LAG-VARIABLE-ADMISSIBILITY-EXECUTION-01,CAND-0259,dwh_table,qsb_planck_bridge.pbr_nullmodel_sample_results,lag_class_structure_preserved,frequency_proxy,metadata_level,unknown,unknown_requires_lineage,1,1,6,Paar-Mappbarkeit|candidate_rejected_not_pair_mappable,candidate_rejected_not_pair_mappable,exclude_from_lag_mechanism_testing,no_independent_lag_variable_claim,blocked_no_physics_claim
QSB-PLANCK-BRIDGE-RESONATOR-INDEPENDENT-LAG-VARIABLE-ADMISSIBILITY-EXECUTION-01,CAND-0260,dwh_table,qsb_planck_bridge.pbr_nullmodel_sample_results,lag_structure_distance,frequency_proxy,metadata_level,unknown,unknown_requires_lineage,1,1,6,Paar-Mappbarkeit|candidate_rejected_not_pair_mappable,candidate_rejected_not_pair_mappable,exclude_from_lag_mechanism_testing,no_independent_lag_variable_claim,blocked_no_physics_claim
