run_id,reference_mode,branch_label,n_cases,hard_preservation_rate,nearest_preservation_rate,soft_preservation_rate,hard_ambiguity_rate,mean_pair_overlap_top3,mean_pair_overlap_top5,mean_weighted_pair_overlap_top3,mean_delta_p_shift,mean_delta_p2_shift,mean_x_width_delta,dispersion_sensitivity_rate,stable_reweighting_rate,major_migration_rate,signature_label
config_m33_v0,pruned,S2,34,0.9411764705882353,0.9411764705882353,0.9411764705882353,1.0,0.7352941176470588,0.8941176470588234,0.611436880353991,-0.0027585976419900885,-0.009396520788207892,0.047008481685265655,0.2647058823529412,0.17647058823529413,0.38235294117647056,delta_p2_stable
config_m33_v0,pruned,S3,206,0.9951456310679612,0.9902912621359223,0.9902912621359223,0.9902912621359223,0.9676375404530744,0.9776699029126213,0.9262041384351928,-0.00010259042149769115,-0.0011031949329644622,0.02298411373545838,0.014563106796116505,0.06310679611650485,0.12135922330097088,delta_p2_stable
config_m33_v0,weighted,S1,219,0.9863013698630136,0.9863013698630136,0.9863013698630136,0.9771689497716894,0.9573820395738204,0.9753424657534246,0.9113756521082684,-0.00043571529171571033,-0.002015394889034957,0.024300706408539204,0.0273972602739726,0.0776255707762557,0.1324200913242009,delta_p2_stable
config_m33_v0,weighted,S2,21,0.9047619047619048,0.9047619047619048,0.9047619047619048,1.0,0.6984126984126983,0.8666666666666668,0.5712208875226021,-0.0009287760843069915,-0.005017542013861519,0.048150528730160645,0.2857142857142857,0.09523809523809523,0.42857142857142855,delta_p2_stable
