row_id,log10_gbar_m_per_s2,e_log10_gbar,log10_gobs_m_per_s2,e_log10_gobs,gbar_m_per_s2,gobs_m_per_s2,source_table,claim_boundary
1,-11.23,0.04,-10.68,0.08,5.8884365535558838e-12,2.0892961308540409e-11,RAR.mrt,direct_standard_rar_table_only
2,-11.13,0.04,-10.59,0.07,7.4131024130091626e-12,2.5703957827688646e-11,RAR.mrt,direct_standard_rar_table_only
3,-11.19,0.04,-10.58,0.07,6.4565422903465627e-12,2.6302679918953815e-11,RAR.mrt,direct_standard_rar_table_only
4,-11.29,0.04,-10.59,0.06,5.128613839913659e-12,2.5703957827688646e-11,RAR.mrt,direct_standard_rar_table_only
5,-11.43,0.04,-10.65,0.07,3.7153522909717275e-12,2.2387211385683377e-11,RAR.mrt,direct_standard_rar_table_only
6,-11.6,0.04,-10.7,0.07,2.5118864315095823e-12,1.9952623149688828e-11,RAR.mrt,direct_standard_rar_table_only
7,-11.76,0.04,-10.79,0.06,1.7378008287493763e-12,1.6218100973589331e-11,RAR.mrt,direct_standard_rar_table_only
8,-11.13,0.11,-10.4,0.19,7.4131024130091626e-12,3.9810717055349695e-11,RAR.mrt,direct_standard_rar_table_only
9,-11.16,0.12,-10.38,0.19,6.9183097091893623e-12,4.1686938347033464e-11,RAR.mrt,direct_standard_rar_table_only
10,-11.21,0.11,-10.39,0.18,6.1659500186148099e-12,4.0738027780411218e-11,RAR.mrt,direct_standard_rar_table_only
11,-11.24,0.1,-10.44,0.18,5.7543993733715668e-12,3.6307805477010174e-11,RAR.mrt,direct_standard_rar_table_only
12,-11.31,0.09,-10.48,0.18,4.8977881936844567e-12,3.311311214825908e-11,RAR.mrt,direct_standard_rar_table_only
13,-11.33,0.08,-10.51,0.18,4.6773514128719809e-12,3.0902954325135919e-11,RAR.mrt,direct_standard_rar_table_only
14,-11.34,0.07,-10.55,0.18,4.5708818961487516e-12,2.8183829312644493e-11,RAR.mrt,direct_standard_rar_table_only
15,-11.41,0.07,-10.58,0.18,3.8904514499428045e-12,2.6302679918953815e-11,RAR.mrt,direct_standard_rar_table_only
16,-11.41,0.06,-10.62,0.18,3.8904514499428045e-12,2.3988329190194948e-11,RAR.mrt,direct_standard_rar_table_only
17,-11.43,0.05,-10.65,0.18,3.7153522909717275e-12,2.2387211385683377e-11,RAR.mrt,direct_standard_rar_table_only
18,-11.45,0.05,-10.67,0.18,3.5481338923357604e-12,2.1379620895022323e-11,RAR.mrt,direct_standard_rar_table_only
19,-11.43,0.04,-10.69,0.18,3.7153522909717275e-12,2.0417379446695317e-11,RAR.mrt,direct_standard_rar_table_only
20,-11.39,0.04,-10.7,0.18,4.0738027780411221e-12,1.9952623149688828e-11,RAR.mrt,direct_standard_rar_table_only
21,-11.37,0.04,-10.7,0.18,4.2657951880159344e-12,1.9952623149688828e-11,RAR.mrt,direct_standard_rar_table_only
22,-11.35,0.04,-10.69,0.18,4.4668359215096347e-12,2.0417379446695317e-11,RAR.mrt,direct_standard_rar_table_only
23,-11.35,0.04,-10.69,0.18,4.4668359215096347e-12,2.0417379446695317e-11,RAR.mrt,direct_standard_rar_table_only
24,-11.29,0.09,-10.52,0.15,5.128613839913659e-12,3.019951720402019e-11,RAR.mrt,direct_standard_rar_table_only
25,-11.28,0.08,-10.47,0.15,5.2480746024977338e-12,3.3884415613920202e-11,RAR.mrt,direct_standard_rar_table_only
26,-11.33,0.08,-10.52,0.14,4.6773514128719809e-12,3.019951720402019e-11,RAR.mrt,direct_standard_rar_table_only
27,-11.38,0.08,-10.54,0.15,4.1686938347033462e-12,2.8840315031266117e-11,RAR.mrt,direct_standard_rar_table_only
28,-11.39,0.08,-10.58,0.15,4.0738027780411221e-12,2.6302679918953815e-11,RAR.mrt,direct_standard_rar_table_only
29,-11.41,0.07,-10.61,0.15,3.8904514499428045e-12,2.4547089156850335e-11,RAR.mrt,direct_standard_rar_table_only
30,-11.38,0.07,-10.64,0.14,4.1686938347033462e-12,2.2908676527677699e-11,RAR.mrt,direct_standard_rar_table_only
31,-11.37,0.06,-10.66,0.14,4.2657951880159344e-12,2.1877616239495519e-11,RAR.mrt,direct_standard_rar_table_only
32,-11.34,0.05,-10.69,0.14,4.5708818961487516e-12,2.0417379446695317e-11,RAR.mrt,direct_standard_rar_table_only
33,-11.34,0.05,-10.71,0.14,4.5708818961487516e-12,1.9498445997580414e-11,RAR.mrt,direct_standard_rar_table_only
34,-11.37,0.04,-10.73,0.14,4.2657951880159344e-12,1.8620871366628657e-11,RAR.mrt,direct_standard_rar_table_only
35,-11.37,0.04,-10.76,0.14,4.2657951880159344e-12,1.7378008287493762e-11,RAR.mrt,direct_standard_rar_table_only
36,-11.39,0.04,-10.79,0.14,4.0738027780411221e-12,1.6218100973589331e-11,RAR.mrt,direct_standard_rar_table_only
37,-10.27,0.09,-9.53,0.08,5.3703179637025328e-11,2.9512092266663898e-10,RAR.mrt,direct_standard_rar_table_only
38,-10.3,0.09,-9.65,0.08,5.0118723362727148e-11,2.2387211385683377e-10,RAR.mrt,direct_standard_rar_table_only
39,-10.34,0.1,-9.71,0.07,4.5708818961487517e-11,1.9498445997580414e-10,RAR.mrt,direct_standard_rar_table_only
40,-10.34,0.1,-9.75,0.07,4.5708818961487517e-11,1.7782794100389229e-10,RAR.mrt,direct_standard_rar_table_only
41,-10.36,0.11,-9.79,0.06,4.3651583224016655e-11,1.6218100973589331e-10,RAR.mrt,direct_standard_rar_table_only
42,-10.39,0.11,-9.82,0.06,4.0738027780411218e-11,1.5135612484362072e-10,RAR.mrt,direct_standard_rar_table_only
43,-10.42,0.1,-9.88,0.06,3.8018939632056128e-11,1.3182567385564046e-10,RAR.mrt,direct_standard_rar_table_only
44,-10.45,0.1,-9.92,0.06,3.5481338923357607e-11,1.2022644346174132e-10,RAR.mrt,direct_standard_rar_table_only
45,-10.47,0.09,-9.95,0.06,3.3884415613920202e-11,1.1220184543019652e-10,RAR.mrt,direct_standard_rar_table_only
46,-10.51,0.09,-9.97,0.06,3.0902954325135919e-11,1.0715193052376048e-10,RAR.mrt,direct_standard_rar_table_only
47,-10.55,0.09,-10.01,0.06,2.8183829312644493e-11,9.772372209558111e-11,RAR.mrt,direct_standard_rar_table_only
48,-10.6,0.09,-10.04,0.06,2.5118864315095823e-11,9.1201083935591153e-11,RAR.mrt,direct_standard_rar_table_only
49,-10.65,0.09,-10.05,0.06,2.2387211385683377e-11,8.912509381337441e-11,RAR.mrt,direct_standard_rar_table_only
50,-10.7,0.09,-10.12,0.07,1.9952623149688828e-11,7.5857757502918511e-11,RAR.mrt,direct_standard_rar_table_only
51,-10.74,0.09,-10.15,0.06,1.8197008586099825e-11,7.0794578438413739e-11,RAR.mrt,direct_standard_rar_table_only
52,-10.77,0.08,-10.15,0.06,1.6982436524617461e-11,7.0794578438413739e-11,RAR.mrt,direct_standard_rar_table_only
53,-10.79,0.08,-10.17,0.06,1.6218100973589331e-11,6.7608297539198192e-11,RAR.mrt,direct_standard_rar_table_only
54,-10.82,0.08,-10.2,0.06,1.5135612484362072e-11,6.3095734448019425e-11,RAR.mrt,direct_standard_rar_table_only
55,-10.87,0.08,-10.24,0.06,1.348962882591656e-11,5.7543993733715666e-11,RAR.mrt,direct_standard_rar_table_only
56,-10.91,0.08,-10.28,0.07,1.2302687708123811e-11,5.2480746024977339e-11,RAR.mrt,direct_standard_rar_table_only
57,-10.94,0.08,-10.3,0.08,1.148153621496884e-11,5.0118723362727148e-11,RAR.mrt,direct_standard_rar_table_only
58,-10.98,0.07,-10.34,0.09,1.0471285480508986e-11,4.5708818961487517e-11,RAR.mrt,direct_standard_rar_table_only
59,-11.01,0.07,-10.39,0.07,9.7723722095581123e-12,4.0738027780411218e-11,RAR.mrt,direct_standard_rar_table_only
60,-11.03,0.07,-10.39,0.08,9.3325430079699234e-12,4.0738027780411218e-11,RAR.mrt,direct_standard_rar_table_only
61,-11.04,0.07,-10.41,0.07,9.1201083935591156e-12,3.8904514499428045e-11,RAR.mrt,direct_standard_rar_table_only
62,-11.06,0.07,-10.44,0.06,8.7096358995607959e-12,3.6307805477010174e-11,RAR.mrt,direct_standard_rar_table_only
63,-11.06,0.06,-10.47,0.06,8.7096358995607959e-12,3.3884415613920202e-11,RAR.mrt,direct_standard_rar_table_only
64,-11.05,0.06,-10.48,0.06,8.912509381337441e-12,3.311311214825908e-11,RAR.mrt,direct_standard_rar_table_only
65,-8.68,0.1,-8.57,0.18,2.089296130854041e-09,2.6915348039269138e-09,RAR.mrt,direct_standard_rar_table_only
66,-8.72,0.1,-8.59,0.18,1.9054607179632444e-09,2.5703957827688646e-09,RAR.mrt,direct_standard_rar_table_only
67,-8.75,0.1,-8.61,0.18,1.7782794100389228e-09,2.4547089156850337e-09,RAR.mrt,direct_standard_rar_table_only
68,-8.77,0.1,-8.62,0.18,1.698243652461746e-09,2.3988329190194947e-09,RAR.mrt,direct_standard_rar_table_only
69,-8.79,0.09,-8.64,0.18,1.6218100973589331e-09,2.29086765276777e-09,RAR.mrt,direct_standard_rar_table_only
70,-8.81,0.09,-8.66,0.18,1.5488166189124797e-09,2.1877616239495518e-09,RAR.mrt,direct_standard_rar_table_only
71,-8.84,0.09,-8.68,0.18,1.445439770745928e-09,2.089296130854041e-09,RAR.mrt,direct_standard_rar_table_only
72,-8.86,0.09,-8.7,0.18,1.3803842646028867e-09,1.9952623149688828e-09,RAR.mrt,direct_standard_rar_table_only
73,-8.89,0.09,-8.72,0.18,1.2882495516931322e-09,1.9054607179632444e-09,RAR.mrt,direct_standard_rar_table_only
74,-8.91,0.09,-8.74,0.18,1.2302687708123811e-09,1.8197008586099825e-09,RAR.mrt,direct_standard_rar_table_only
75,-8.93,0.09,-8.77,0.18,1.1748975549395303e-09,1.698243652461746e-09,RAR.mrt,direct_standard_rar_table_only
76,-8.95,0.09,-8.79,0.18,1.1220184543019653e-09,1.6218100973589331e-09,RAR.mrt,direct_standard_rar_table_only
77,-8.98,0.08,-8.81,0.18,1.0471285480508984e-09,1.5488166189124797e-09,RAR.mrt,direct_standard_rar_table_only
78,-9.0,0.08,-8.83,0.18,1.0000000000000001e-09,1.4791083881682072e-09,RAR.mrt,direct_standard_rar_table_only
79,-9.02,0.08,-8.85,0.18,9.5499258602143681e-10,1.4125375446227555e-09,RAR.mrt,direct_standard_rar_table_only
80,-9.04,0.08,-8.87,0.18,9.1201083935591153e-10,1.348962882591656e-09,RAR.mrt,direct_standard_rar_table_only
81,-9.06,0.08,-8.9,0.18,8.7096358995607963e-10,1.2589254117941663e-09,RAR.mrt,direct_standard_rar_table_only
82,-9.07,0.08,-8.92,0.18,8.5113803820237593e-10,1.2022644346174132e-09,RAR.mrt,direct_standard_rar_table_only
83,-9.09,0.08,-8.93,0.19,8.1283051616409954e-10,1.1748975549395303e-09,RAR.mrt,direct_standard_rar_table_only
84,-9.11,0.08,-8.95,0.18,7.7624711662869273e-10,1.1220184543019653e-09,RAR.mrt,direct_standard_rar_table_only
85,-9.11,0.08,-8.96,0.18,7.7624711662869273e-10,1.0964781961431829e-09,RAR.mrt,direct_standard_rar_table_only
86,-9.12,0.08,-8.97,0.18,7.5857757502918514e-10,1.0715193052376049e-09,RAR.mrt,direct_standard_rar_table_only
87,-9.14,0.08,-8.98,0.18,7.2443596007498912e-10,1.0471285480508984e-09,RAR.mrt,direct_standard_rar_table_only
88,-9.15,0.08,-9.0,0.18,7.0794578438413732e-10,1.0000000000000001e-09,RAR.mrt,direct_standard_rar_table_only
89,-9.16,0.08,-9.01,0.18,6.918309709189363e-10,9.7723722095581118e-10,RAR.mrt,direct_standard_rar_table_only
90,-9.19,0.08,-9.04,0.18,6.456542290346563e-10,9.1201083935591153e-10,RAR.mrt,direct_standard_rar_table_only
91,-9.23,0.08,-9.08,0.19,5.8884365535558835e-10,8.3176377110267092e-10,RAR.mrt,direct_standard_rar_table_only
92,-9.3,0.08,-9.13,0.19,5.0118723362727143e-10,7.4131024130091618e-10,RAR.mrt,direct_standard_rar_table_only
93,-9.31,0.08,-9.14,0.19,4.8977881936844559e-10,7.2443596007498912e-10,RAR.mrt,direct_standard_rar_table_only
94,-9.33,0.08,-9.16,0.19,4.6773514128719813e-10,6.918309709189363e-10,RAR.mrt,direct_standard_rar_table_only
95,-9.34,0.08,-9.17,0.18,4.5708818961487517e-10,6.7608297539198189e-10,RAR.mrt,direct_standard_rar_table_only
96,-9.35,0.08,-9.17,0.18,4.4668359215096347e-10,6.7608297539198189e-10,RAR.mrt,direct_standard_rar_table_only
97,-9.37,0.08,-9.2,0.18,4.2657951880159342e-10,6.3095734448019425e-10,RAR.mrt,direct_standard_rar_table_only
98,-9.38,0.08,-9.2,0.18,4.1686938347033463e-10,6.3095734448019425e-10,RAR.mrt,direct_standard_rar_table_only
99,-9.39,0.08,-9.21,0.18,4.0738027780411222e-10,6.1659500186148092e-10,RAR.mrt,direct_standard_rar_table_only
100,-9.41,0.08,-9.23,0.18,3.8904514499428046e-10,5.8884365535558835e-10,RAR.mrt,direct_standard_rar_table_only
101,-9.44,0.08,-9.26,0.18,3.6307805477010177e-10,5.4954087385762482e-10,RAR.mrt,direct_standard_rar_table_only
102,-9.45,0.08,-9.26,0.18,3.5481338923357605e-10,5.4954087385762482e-10,RAR.mrt,direct_standard_rar_table_only
103,-9.45,0.08,-9.27,0.18,3.5481338923357605e-10,5.3703179637025321e-10,RAR.mrt,direct_standard_rar_table_only
104,-9.46,0.08,-9.28,0.18,3.4673685045253098e-10,5.2480746024977342e-10,RAR.mrt,direct_standard_rar_table_only
105,-9.47,0.08,-9.28,0.18,3.3884415613920202e-10,5.2480746024977342e-10,RAR.mrt,direct_standard_rar_table_only
106,-9.49,0.08,-9.3,0.18,3.2359365692962813e-10,5.0118723362727143e-10,RAR.mrt,direct_standard_rar_table_only
107,-9.5,0.08,-9.3,0.19,3.1622776601683795e-10,5.0118723362727143e-10,RAR.mrt,direct_standard_rar_table_only
108,-9.51,0.08,-9.31,0.19,3.0902954325135922e-10,4.8977881936844559e-10,RAR.mrt,direct_standard_rar_table_only
109,-9.52,0.08,-9.32,0.19,3.0199517204020193e-10,4.7863009232263798e-10,RAR.mrt,direct_standard_rar_table_only
110,-9.53,0.08,-9.33,0.18,2.9512092266663898e-10,4.6773514128719813e-10,RAR.mrt,direct_standard_rar_table_only
111,-9.54,0.08,-9.34,0.18,2.8840315031266117e-10,4.5708818961487517e-10,RAR.mrt,direct_standard_rar_table_only
112,-9.55,0.08,-9.35,0.18,2.8183829312644494e-10,4.4668359215096347e-10,RAR.mrt,direct_standard_rar_table_only
113,-9.56,0.08,-9.36,0.18,2.7542287033381632e-10,4.3651583224016655e-10,RAR.mrt,direct_standard_rar_table_only
114,-9.56,0.08,-9.36,0.18,2.7542287033381632e-10,4.3651583224016655e-10,RAR.mrt,direct_standard_rar_table_only
115,-9.57,0.08,-9.37,0.19,2.6915348039269137e-10,4.2657951880159342e-10,RAR.mrt,direct_standard_rar_table_only
116,-9.58,0.08,-9.37,0.18,2.6302679918953814e-10,4.2657951880159342e-10,RAR.mrt,direct_standard_rar_table_only
117,-9.58,0.08,-9.38,0.19,2.6302679918953814e-10,4.1686938347033463e-10,RAR.mrt,direct_standard_rar_table_only
118,-9.59,0.08,-9.38,0.18,2.5703957827688648e-10,4.1686938347033463e-10,RAR.mrt,direct_standard_rar_table_only
119,-9.6,0.08,-9.39,0.19,2.511886431509582e-10,4.0738027780411222e-10,RAR.mrt,direct_standard_rar_table_only
120,-9.63,0.08,-9.41,0.18,2.3442288153199181e-10,3.8904514499428046e-10,RAR.mrt,direct_standard_rar_table_only
121,-9.64,0.08,-9.42,0.18,2.2908676527677701e-10,3.8018939632056128e-10,RAR.mrt,direct_standard_rar_table_only
122,-9.65,0.08,-9.42,0.19,2.2387211385683377e-10,3.8018939632056128e-10,RAR.mrt,direct_standard_rar_table_only
123,-9.69,0.08,-9.44,0.18,2.0417379446695316e-10,3.6307805477010177e-10,RAR.mrt,direct_standard_rar_table_only
124,-9.8,0.08,-9.48,0.18,1.5848931924611109e-10,3.3113112148259076e-10,RAR.mrt,direct_standard_rar_table_only
125,-9.91,0.08,-9.51,0.18,1.2302687708123812e-10,3.0902954325135922e-10,RAR.mrt,direct_standard_rar_table_only
126,-11.4,0.06,-10.66,0.2,3.9810717055349695e-12,2.1877616239495519e-11,RAR.mrt,direct_standard_rar_table_only
127,-11.34,0.04,-10.71,0.2,4.5708818961487516e-12,1.9498445997580414e-11,RAR.mrt,direct_standard_rar_table_only
128,-11.33,0.04,-10.74,0.2,4.6773514128719809e-12,1.8197008586099825e-11,RAR.mrt,direct_standard_rar_table_only
129,-11.45,0.04,-10.79,0.2,3.5481338923357604e-12,1.6218100973589331e-11,RAR.mrt,direct_standard_rar_table_only
130,-11.54,0.04,-10.84,0.2,2.8840315031266117e-12,1.445439770745928e-11,RAR.mrt,direct_standard_rar_table_only
131,-10.59,0.1,-10.4,0.3,2.5703957827688646e-11,3.9810717055349695e-11,RAR.mrt,direct_standard_rar_table_only
132,-10.64,0.1,-10.55,0.29,2.2908676527677699e-11,2.8183829312644493e-11,RAR.mrt,direct_standard_rar_table_only
133,-10.73,0.08,-10.61,0.29,1.8620871366628657e-11,2.4547089156850335e-11,RAR.mrt,direct_standard_rar_table_only
134,-10.89,0.08,-10.66,0.29,1.2882495516931322e-11,2.1877616239495519e-11,RAR.mrt,direct_standard_rar_table_only
135,-9.78,0.11,-9.96,0.09,1.6595869074375631e-10,1.0964781961431829e-10,RAR.mrt,direct_standard_rar_table_only
136,-9.76,0.11,-9.94,0.09,1.7378008287493763e-10,1.1481536214968841e-10,RAR.mrt,direct_standard_rar_table_only
137,-9.78,0.11,-9.78,0.1,1.6595869074375631e-10,1.6595869074375631e-10,RAR.mrt,direct_standard_rar_table_only
138,-9.81,0.11,-9.71,0.08,1.5488166189124796e-10,1.9498445997580414e-10,RAR.mrt,direct_standard_rar_table_only
139,-9.84,0.11,-9.7,0.08,1.4454397707459281e-10,1.9952623149688828e-10,RAR.mrt,direct_standard_rar_table_only
140,-9.87,0.11,-9.66,0.08,1.3489628825916561e-10,2.1877616239495518e-10,RAR.mrt,direct_standard_rar_table_only
141,-9.89,0.11,-9.61,0.08,1.2882495516931322e-10,2.4547089156850336e-10,RAR.mrt,direct_standard_rar_table_only
142,-9.88,0.11,-9.64,0.08,1.3182567385564046e-10,2.2908676527677701e-10,RAR.mrt,direct_standard_rar_table_only
143,-9.86,0.11,-9.7,0.09,1.3803842646028866e-10,1.9952623149688828e-10,RAR.mrt,direct_standard_rar_table_only
144,-9.81,0.11,-9.74,0.07,1.5488166189124796e-10,1.8197008586099825e-10,RAR.mrt,direct_standard_rar_table_only
145,-9.78,0.11,-9.69,0.07,1.6595869074375631e-10,2.0417379446695316e-10,RAR.mrt,direct_standard_rar_table_only
146,-9.77,0.11,-9.69,0.07,1.6982436524617461e-10,2.0417379446695316e-10,RAR.mrt,direct_standard_rar_table_only
147,-9.8,0.11,-9.66,0.07,1.5848931924611109e-10,2.1877616239495518e-10,RAR.mrt,direct_standard_rar_table_only
148,-9.81,0.11,-9.67,0.07,1.5488166189124796e-10,2.1379620895022325e-10,RAR.mrt,direct_standard_rar_table_only
149,-9.82,0.11,-9.67,0.07,1.5135612484362072e-10,2.1379620895022325e-10,RAR.mrt,direct_standard_rar_table_only
150,-9.83,0.11,-9.69,0.07,1.4791083881682071e-10,2.0417379446695316e-10,RAR.mrt,direct_standard_rar_table_only
151,-9.84,0.11,-9.66,0.07,1.4454397707459281e-10,2.1877616239495518e-10,RAR.mrt,direct_standard_rar_table_only
152,-9.85,0.11,-9.69,0.07,1.4125375446227556e-10,2.0417379446695316e-10,RAR.mrt,direct_standard_rar_table_only
153,-9.86,0.11,-9.71,0.09,1.3803842646028866e-10,1.9498445997580414e-10,RAR.mrt,direct_standard_rar_table_only
154,-9.88,0.11,-9.71,0.07,1.3182567385564046e-10,1.9498445997580414e-10,RAR.mrt,direct_standard_rar_table_only
155,-9.92,0.11,-9.74,0.07,1.2022644346174132e-10,1.8197008586099825e-10,RAR.mrt,direct_standard_rar_table_only
156,-10.01,0.11,-9.78,0.07,9.772372209558111e-11,1.6595869074375631e-10,RAR.mrt,direct_standard_rar_table_only
157,-10.05,0.11,-9.83,0.07,8.912509381337441e-11,1.4791083881682071e-10,RAR.mrt,direct_standard_rar_table_only
158,-10.08,0.11,-9.84,0.07,8.3176377110267092e-11,1.4454397707459281e-10,RAR.mrt,direct_standard_rar_table_only
159,-10.12,0.1,-9.87,0.07,7.5857757502918511e-11,1.3489628825916561e-10,RAR.mrt,direct_standard_rar_table_only
160,-10.18,0.1,-9.93,0.07,6.6069344800759643e-11,1.1748975549395304e-10,RAR.mrt,direct_standard_rar_table_only
161,-10.24,0.1,-10.03,0.07,5.7543993733715666e-11,9.3325430079699241e-11,RAR.mrt,direct_standard_rar_table_only
162,-10.32,0.1,-10.07,0.07,4.7863009232263801e-11,8.511380382023759e-11,RAR.mrt,direct_standard_rar_table_only
163,-10.39,0.1,-10.08,0.07,4.0738027780411218e-11,8.3176377110267092e-11,RAR.mrt,direct_standard_rar_table_only
164,-10.46,0.1,-10.11,0.07,3.4673685045253096e-11,7.7624711662869273e-11,RAR.mrt,direct_standard_rar_table_only
165,-10.52,0.1,-10.19,0.07,3.019951720402019e-11,6.4565422903465622e-11,RAR.mrt,direct_standard_rar_table_only
166,-10.58,0.1,-10.17,0.07,2.6302679918953815e-11,6.7608297539198192e-11,RAR.mrt,direct_standard_rar_table_only
167,-10.65,0.1,-10.19,0.07,2.2387211385683377e-11,6.4565422903465622e-11,RAR.mrt,direct_standard_rar_table_only
168,-10.69,0.1,-10.22,0.07,2.0417379446695317e-11,6.0255958607435689e-11,RAR.mrt,direct_standard_rar_table_only
169,-10.74,0.1,-10.26,0.07,1.8197008586099825e-11,5.4954087385762479e-11,RAR.mrt,direct_standard_rar_table_only
170,-11.01,0.1,-10.36,0.2,9.7723722095581123e-12,4.3651583224016655e-11,RAR.mrt,direct_standard_rar_table_only
171,-11.04,0.09,-10.37,0.2,9.1201083935591156e-12,4.2657951880159344e-11,RAR.mrt,direct_standard_rar_table_only
172,-11.09,0.08,-10.45,0.2,8.1283051616409945e-12,3.5481338923357607e-11,RAR.mrt,direct_standard_rar_table_only
173,-11.06,0.06,-10.53,0.2,8.7096358995607959e-12,2.9512092266663903e-11,RAR.mrt,direct_standard_rar_table_only
174,-11.09,0.05,-10.59,0.2,8.1283051616409945e-12,2.5703957827688646e-11,RAR.mrt,direct_standard_rar_table_only
175,-11.18,0.05,-10.65,0.2,6.6069344800759645e-12,2.2387211385683377e-11,RAR.mrt,direct_standard_rar_table_only
176,-8.5,0.11,-8.39,0.12,3.1622776601683795e-09,4.0738027780411223e-09,RAR.mrt,direct_standard_rar_table_only
177,-8.59,0.1,-8.57,0.12,2.5703957827688646e-09,2.6915348039269138e-09,RAR.mrt,direct_standard_rar_table_only
178,-8.69,0.1,-8.7,0.12,2.0417379446695317e-09,1.9952623149688828e-09,RAR.mrt,direct_standard_rar_table_only
179,-8.78,0.1,-8.79,0.12,1.6595869074375631e-09,1.6218100973589331e-09,RAR.mrt,direct_standard_rar_table_only
180,-8.87,0.1,-8.87,0.11,1.348962882591656e-09,1.348962882591656e-09,RAR.mrt,direct_standard_rar_table_only
181,-8.94,0.1,-8.94,0.12,1.148153621496884e-09,1.148153621496884e-09,RAR.mrt,direct_standard_rar_table_only
182,-9.01,0.09,-9.0,0.11,9.7723722095581118e-10,1.0000000000000001e-09,RAR.mrt,direct_standard_rar_table_only
183,-9.07,0.09,-9.05,0.11,8.5113803820237593e-10,8.912509381337441e-10,RAR.mrt,direct_standard_rar_table_only
184,-9.12,0.09,-9.1,0.11,7.5857757502918514e-10,7.9432823472428218e-10,RAR.mrt,direct_standard_rar_table_only
185,-9.16,0.09,-9.14,0.11,6.918309709189363e-10,7.2443596007498912e-10,RAR.mrt,direct_standard_rar_table_only
186,-9.2,0.09,-9.18,0.11,6.3095734448019425e-10,6.6069344800759641e-10,RAR.mrt,direct_standard_rar_table_only
187,-9.23,0.08,-9.21,0.11,5.8884365535558835e-10,6.1659500186148092e-10,RAR.mrt,direct_standard_rar_table_only
188,-9.27,0.08,-9.24,0.11,5.3703179637025321e-10,5.7543993733715669e-10,RAR.mrt,direct_standard_rar_table_only
189,-9.3,0.08,-9.27,0.11,5.0118723362727143e-10,5.3703179637025321e-10,RAR.mrt,direct_standard_rar_table_only
190,-9.34,0.08,-9.3,0.11,4.5708818961487517e-10,5.0118723362727143e-10,RAR.mrt,direct_standard_rar_table_only
191,-9.38,0.08,-9.32,0.11,4.1686938347033463e-10,4.7863009232263798e-10,RAR.mrt,direct_standard_rar_table_only
192,-9.41,0.08,-9.34,0.13,3.8904514499428046e-10,4.5708818961487517e-10,RAR.mrt,direct_standard_rar_table_only
193,-9.45,0.08,-9.36,0.12,3.5481338923357605e-10,4.3651583224016655e-10,RAR.mrt,direct_standard_rar_table_only
194,-9.48,0.08,-9.38,0.11,3.3113112148259076e-10,4.1686938347033463e-10,RAR.mrt,direct_standard_rar_table_only
195,-9.51,0.08,-9.4,0.11,3.0902954325135922e-10,3.9810717055349694e-10,RAR.mrt,direct_standard_rar_table_only
196,-9.53,0.08,-9.42,0.11,2.9512092266663898e-10,3.8018939632056128e-10,RAR.mrt,direct_standard_rar_table_only
197,-9.58,0.08,-9.46,0.11,2.6302679918953814e-10,3.4673685045253098e-10,RAR.mrt,direct_standard_rar_table_only
198,-9.6,0.08,-9.47,0.12,2.511886431509582e-10,3.3884415613920202e-10,RAR.mrt,direct_standard_rar_table_only
199,-9.63,0.08,-9.49,0.12,2.3442288153199181e-10,3.2359365692962813e-10,RAR.mrt,direct_standard_rar_table_only
200,-9.64,0.08,-9.49,0.11,2.2908676527677701e-10,3.2359365692962813e-10,RAR.mrt,direct_standard_rar_table_only
201,-9.65,0.08,-9.5,0.11,2.2387211385683377e-10,3.1622776601683795e-10,RAR.mrt,direct_standard_rar_table_only
202,-9.67,0.08,-9.52,0.11,2.1379620895022325e-10,3.0199517204020193e-10,RAR.mrt,direct_standard_rar_table_only
203,-9.69,0.08,-9.53,0.11,2.0417379446695316e-10,2.9512092266663898e-10,RAR.mrt,direct_standard_rar_table_only
204,-9.74,0.08,-9.56,0.12,1.8197008586099825e-10,2.7542287033381632e-10,RAR.mrt,direct_standard_rar_table_only
205,-9.76,0.08,-9.57,0.11,1.7378008287493763e-10,2.6915348039269137e-10,RAR.mrt,direct_standard_rar_table_only
206,-9.82,0.08,-9.61,0.11,1.5135612484362072e-10,2.4547089156850336e-10,RAR.mrt,direct_standard_rar_table_only
207,-9.84,0.08,-9.63,0.11,1.4454397707459281e-10,2.3442288153199181e-10,RAR.mrt,direct_standard_rar_table_only
208,-9.86,0.08,-9.64,0.12,1.3803842646028866e-10,2.2908676527677701e-10,RAR.mrt,direct_standard_rar_table_only
209,-9.97,0.08,-9.71,0.11,1.0715193052376048e-10,1.9498445997580414e-10,RAR.mrt,direct_standard_rar_table_only
210,-9.98,0.08,-9.73,0.11,1.0471285480508985e-10,1.8620871366628656e-10,RAR.mrt,direct_standard_rar_table_only
211,-10.0,0.08,-9.74,0.11,1e-10,1.8197008586099825e-10,RAR.mrt,direct_standard_rar_table_only
212,-10.11,0.08,-9.82,0.11,7.7624711662869273e-11,1.5135612484362072e-10,RAR.mrt,direct_standard_rar_table_only
213,-10.21,0.08,-9.9,0.11,6.1659500186148097e-11,1.2589254117941662e-10,RAR.mrt,direct_standard_rar_table_only
214,-10.32,0.08,-9.98,0.11,4.7863009232263801e-11,1.0471285480508985e-10,RAR.mrt,direct_standard_rar_table_only
215,-10.4,0.08,-10.04,0.11,3.9810717055349695e-11,9.1201083935591153e-11,RAR.mrt,direct_standard_rar_table_only
216,-10.47,0.07,-10.09,0.11,3.3884415613920202e-11,8.1283051616409951e-11,RAR.mrt,direct_standard_rar_table_only
217,-10.55,0.07,-10.15,0.11,2.8183829312644493e-11,7.0794578438413739e-11,RAR.mrt,direct_standard_rar_table_only
218,-10.61,0.07,-10.21,0.11,2.4547089156850335e-11,6.1659500186148097e-11,RAR.mrt,direct_standard_rar_table_only
219,-10.68,0.07,-10.26,0.11,2.0892961308540409e-11,5.4954087385762479e-11,RAR.mrt,direct_standard_rar_table_only
220,-10.75,0.07,-10.31,0.11,1.7782794100389227e-11,4.897788193684456e-11,RAR.mrt,direct_standard_rar_table_only
221,-10.81,0.07,-10.35,0.11,1.5488166189124796e-11,4.4668359215096346e-11,RAR.mrt,direct_standard_rar_table_only
222,-10.86,0.07,-10.39,0.11,1.3803842646028866e-11,4.0738027780411218e-11,RAR.mrt,direct_standard_rar_table_only
223,-10.91,0.07,-10.42,0.11,1.2302687708123811e-11,3.8018939632056128e-11,RAR.mrt,direct_standard_rar_table_only
224,-10.96,0.07,-10.43,0.11,1.0964781961431828e-11,3.7153522909717275e-11,RAR.mrt,direct_standard_rar_table_only
225,-11.0,0.07,-10.44,0.11,9.9999999999999994e-12,3.6307805477010174e-11,RAR.mrt,direct_standard_rar_table_only
226,-11.05,0.07,-10.45,0.11,8.912509381337441e-12,3.5481338923357607e-11,RAR.mrt,direct_standard_rar_table_only
227,-11.09,0.07,-10.47,0.11,8.1283051616409945e-12,3.3884415613920202e-11,RAR.mrt,direct_standard_rar_table_only
228,-11.12,0.07,-10.49,0.11,7.5857757502918518e-12,3.235936569296281e-11,RAR.mrt,direct_standard_rar_table_only
229,-11.15,0.06,-10.52,0.11,7.0794578438413731e-12,3.019951720402019e-11,RAR.mrt,direct_standard_rar_table_only
230,-11.18,0.06,-10.56,0.11,6.6069344800759645e-12,2.7542287033381634e-11,RAR.mrt,direct_standard_rar_table_only
231,-11.22,0.06,-10.59,0.11,6.0255958607435685e-12,2.5703957827688646e-11,RAR.mrt,direct_standard_rar_table_only
232,-11.25,0.06,-10.62,0.11,5.6234132519034904e-12,2.3988329190194948e-11,RAR.mrt,direct_standard_rar_table_only
233,-11.28,0.06,-10.65,0.11,5.2480746024977338e-12,2.2387211385683377e-11,RAR.mrt,direct_standard_rar_table_only
234,-11.3,0.06,-10.66,0.11,5.0118723362727147e-12,2.1877616239495519e-11,RAR.mrt,direct_standard_rar_table_only
235,-11.33,0.06,-10.68,0.11,4.6773514128719809e-12,2.0892961308540409e-11,RAR.mrt,direct_standard_rar_table_only
236,-11.35,0.06,-10.7,0.11,4.4668359215096347e-12,1.9952623149688828e-11,RAR.mrt,direct_standard_rar_table_only
237,-11.38,0.06,-10.72,0.11,4.1686938347033462e-12,1.9054607179632443e-11,RAR.mrt,direct_standard_rar_table_only
238,-11.41,0.06,-10.74,0.11,3.8904514499428045e-12,1.8197008586099825e-11,RAR.mrt,direct_standard_rar_table_only
239,-11.43,0.06,-10.76,0.11,3.7153522909717275e-12,1.7378008287493762e-11,RAR.mrt,direct_standard_rar_table_only
240,-11.46,0.06,-10.76,0.11,3.4673685045253096e-12,1.7378008287493762e-11,RAR.mrt,direct_standard_rar_table_only
241,-11.5,0.06,-10.78,0.11,3.1622776601683794e-12,1.6595869074375631e-11,RAR.mrt,direct_standard_rar_table_only
242,-11.57,0.06,-10.8,0.11,2.6915348039269138e-12,1.5848931924611107e-11,RAR.mrt,direct_standard_rar_table_only
243,-9.9,0.11,-10.29,0.1,1.2589254117941662e-10,5.1286138399136583e-11,RAR.mrt,direct_standard_rar_table_only
244,-10.0,0.11,-10.16,0.07,1e-10,6.9183097091893625e-11,RAR.mrt,direct_standard_rar_table_only
245,-10.11,0.11,-10.12,0.07,7.7624711662869273e-11,7.5857757502918511e-11,RAR.mrt,direct_standard_rar_table_only
246,-10.19,0.1,-10.11,0.06,6.4565422903465622e-11,7.7624711662869273e-11,RAR.mrt,direct_standard_rar_table_only
247,-10.22,0.1,-10.17,0.07,6.0255958607435689e-11,6.7608297539198192e-11,RAR.mrt,direct_standard_rar_table_only
248,-10.29,0.1,-10.2,0.06,5.1286138399136583e-11,6.3095734448019425e-11,RAR.mrt,direct_standard_rar_table_only
249,-10.35,0.1,-10.23,0.07,4.4668359215096346e-11,5.8884365535558838e-11,RAR.mrt,direct_standard_rar_table_only
250,-10.41,0.1,-10.25,0.07,3.8904514499428045e-11,5.6234132519034906e-11,RAR.mrt,direct_standard_rar_table_only
251,-10.44,0.09,-10.26,0.07,3.6307805477010174e-11,5.4954087385762479e-11,RAR.mrt,direct_standard_rar_table_only
252,-10.49,0.09,-10.29,0.06,3.235936569296281e-11,5.1286138399136583e-11,RAR.mrt,direct_standard_rar_table_only
253,-10.53,0.08,-10.31,0.06,2.9512092266663903e-11,4.897788193684456e-11,RAR.mrt,direct_standard_rar_table_only
254,-10.57,0.08,-10.31,0.06,2.6915348039269138e-11,4.897788193684456e-11,RAR.mrt,direct_standard_rar_table_only
255,-10.62,0.08,-10.32,0.06,2.3988329190194948e-11,4.7863009232263801e-11,RAR.mrt,direct_standard_rar_table_only
256,-10.67,0.08,-10.35,0.06,2.1379620895022323e-11,4.4668359215096346e-11,RAR.mrt,direct_standard_rar_table_only
257,-10.73,0.08,-10.37,0.07,1.8620871366628657e-11,4.2657951880159344e-11,RAR.mrt,direct_standard_rar_table_only
258,-10.75,0.07,-10.41,0.07,1.7782794100389227e-11,3.8904514499428045e-11,RAR.mrt,direct_standard_rar_table_only
259,-10.8,0.07,-10.45,0.07,1.5848931924611107e-11,3.5481338923357607e-11,RAR.mrt,direct_standard_rar_table_only
260,-10.84,0.07,-10.47,0.07,1.445439770745928e-11,3.3884415613920202e-11,RAR.mrt,direct_standard_rar_table_only
261,-10.87,0.07,-10.5,0.08,1.348962882591656e-11,3.1622776601683794e-11,RAR.mrt,direct_standard_rar_table_only
262,-10.92,0.07,-10.54,0.1,1.202264434617413e-11,2.8840315031266117e-11,RAR.mrt,direct_standard_rar_table_only
263,-11.35,0.11,-11.04,0.09,4.4668359215096347e-12,9.1201083935591156e-12,RAR.mrt,direct_standard_rar_table_only
264,-11.16,0.07,-10.91,0.07,6.9183097091893623e-12,1.2302687708123811e-11,RAR.mrt,direct_standard_rar_table_only
265,-11.12,0.06,-10.81,0.07,7.5857757502918518e-12,1.5488166189124796e-11,RAR.mrt,direct_standard_rar_table_only
266,-11.15,0.06,-10.72,0.07,7.0794578438413731e-12,1.9054607179632443e-11,RAR.mrt,direct_standard_rar_table_only
267,-11.17,0.06,-10.72,0.06,6.7608297539198185e-12,1.9054607179632443e-11,RAR.mrt,direct_standard_rar_table_only
268,-11.18,0.05,-10.75,0.06,6.6069344800759645e-12,1.7782794100389227e-11,RAR.mrt,direct_standard_rar_table_only
269,-8.78,0.1,-8.88,0.14,1.6595869074375631e-09,1.3182567385564047e-09,RAR.mrt,direct_standard_rar_table_only
270,-8.9,0.1,-8.94,0.13,1.2589254117941663e-09,1.148153621496884e-09,RAR.mrt,direct_standard_rar_table_only
271,-9.02,0.09,-9.01,0.12,9.5499258602143681e-10,9.7723722095581118e-10,RAR.mrt,direct_standard_rar_table_only
272,-9.12,0.09,-9.06,0.12,7.5857757502918514e-10,8.7096358995607963e-10,RAR.mrt,direct_standard_rar_table_only
273,-9.21,0.09,-9.12,0.12,6.1659500186148092e-10,7.5857757502918514e-10,RAR.mrt,direct_standard_rar_table_only
274,-9.29,0.08,-9.17,0.12,5.1286138399136583e-10,6.7608297539198189e-10,RAR.mrt,direct_standard_rar_table_only
275,-9.36,0.08,-9.22,0.12,4.3651583224016655e-10,6.0255958607435691e-10,RAR.mrt,direct_standard_rar_table_only
276,-9.42,0.08,-9.28,0.12,3.8018939632056128e-10,5.2480746024977342e-10,RAR.mrt,direct_standard_rar_table_only
277,-9.47,0.08,-9.33,0.12,3.3884415613920202e-10,4.6773514128719813e-10,RAR.mrt,direct_standard_rar_table_only
278,-9.53,0.08,-9.39,0.12,2.9512092266663898e-10,4.0738027780411222e-10,RAR.mrt,direct_standard_rar_table_only
279,-9.59,0.08,-9.44,0.13,2.5703957827688648e-10,3.6307805477010177e-10,RAR.mrt,direct_standard_rar_table_only
280,-10.07,0.08,-9.8,0.12,8.511380382023759e-11,1.5848931924611109e-10,RAR.mrt,direct_standard_rar_table_only
281,-10.08,0.08,-9.8,0.12,8.3176377110267092e-11,1.5848931924611109e-10,RAR.mrt,direct_standard_rar_table_only
282,-10.1,0.08,-9.81,0.12,7.9432823472428218e-11,1.5488166189124796e-10,RAR.mrt,direct_standard_rar_table_only
283,-10.12,0.08,-9.81,0.12,7.5857757502918511e-11,1.5488166189124796e-10,RAR.mrt,direct_standard_rar_table_only
284,-10.14,0.08,-9.82,0.12,7.2443596007498915e-11,1.5135612484362072e-10,RAR.mrt,direct_standard_rar_table_only
285,-10.15,0.08,-9.82,0.12,7.0794578438413739e-11,1.5135612484362072e-10,RAR.mrt,direct_standard_rar_table_only
286,-10.17,0.08,-9.82,0.12,6.7608297539198192e-11,1.5135612484362072e-10,RAR.mrt,direct_standard_rar_table_only
287,-10.18,0.08,-9.83,0.12,6.6069344800759643e-11,1.4791083881682071e-10,RAR.mrt,direct_standard_rar_table_only
288,-10.19,0.08,-9.84,0.12,6.4565422903465622e-11,1.4454397707459281e-10,RAR.mrt,direct_standard_rar_table_only
289,-10.2,0.08,-9.85,0.12,6.3095734448019425e-11,1.4125375446227556e-10,RAR.mrt,direct_standard_rar_table_only
290,-10.21,0.08,-9.86,0.12,6.1659500186148097e-11,1.3803842646028866e-10,RAR.mrt,direct_standard_rar_table_only
291,-10.22,0.08,-9.86,0.12,6.0255958607435689e-11,1.3803842646028866e-10,RAR.mrt,direct_standard_rar_table_only
292,-10.22,0.08,-9.87,0.12,6.0255958607435689e-11,1.3489628825916561e-10,RAR.mrt,direct_standard_rar_table_only
293,-10.23,0.08,-9.88,0.12,5.8884365535558838e-11,1.3182567385564046e-10,RAR.mrt,direct_standard_rar_table_only
294,-10.24,0.08,-9.89,0.12,5.7543993733715666e-11,1.2882495516931322e-10,RAR.mrt,direct_standard_rar_table_only
295,-10.28,0.08,-9.92,0.12,5.2480746024977339e-11,1.2022644346174132e-10,RAR.mrt,direct_standard_rar_table_only
296,-10.3,0.08,-9.94,0.12,5.0118723362727148e-11,1.1481536214968841e-10,RAR.mrt,direct_standard_rar_table_only
297,-10.32,0.08,-9.95,0.12,4.7863009232263801e-11,1.1220184543019652e-10,RAR.mrt,direct_standard_rar_table_only
298,-10.34,0.08,-9.96,0.13,4.5708818961487517e-11,1.0964781961431829e-10,RAR.mrt,direct_standard_rar_table_only
299,-10.43,0.07,-10.03,0.12,3.7153522909717275e-11,9.3325430079699241e-11,RAR.mrt,direct_standard_rar_table_only
300,-10.56,0.07,-10.12,0.12,2.7542287033381634e-11,7.5857757502918511e-11,RAR.mrt,direct_standard_rar_table_only
301,-10.67,0.07,-10.19,0.12,2.1379620895022323e-11,6.4565422903465622e-11,RAR.mrt,direct_standard_rar_table_only
302,-10.76,0.07,-10.23,0.12,1.7378008287493762e-11,5.8884365535558838e-11,RAR.mrt,direct_standard_rar_table_only
303,-10.85,0.07,-10.26,0.12,1.4125375446227554e-11,5.4954087385762479e-11,RAR.mrt,direct_standard_rar_table_only
304,-10.93,0.07,-10.3,0.12,1.1748975549395303e-11,5.0118723362727148e-11,RAR.mrt,direct_standard_rar_table_only
305,-11.01,0.07,-10.33,0.12,9.7723722095581123e-12,4.6773514128719814e-11,RAR.mrt,direct_standard_rar_table_only
306,-11.11,0.07,-10.37,0.12,7.762471166286927e-12,4.2657951880159344e-11,RAR.mrt,direct_standard_rar_table_only
307,-10.98,0.1,-10.38,0.15,1.0471285480508986e-11,4.1686938347033464e-11,RAR.mrt,direct_standard_rar_table_only
308,-10.9,0.1,-10.22,0.14,1.2589254117941662e-11,6.0255958607435689e-11,RAR.mrt,direct_standard_rar_table_only
309,-10.94,0.09,-10.29,0.14,1.148153621496884e-11,5.1286138399136583e-11,RAR.mrt,direct_standard_rar_table_only
310,-11.04,0.08,-10.4,0.13,9.1201083935591156e-12,3.9810717055349695e-11,RAR.mrt,direct_standard_rar_table_only
311,-11.2,0.07,-10.47,0.13,6.3095734448019426e-12,3.3884415613920202e-11,RAR.mrt,direct_standard_rar_table_only
312,-11.36,0.07,-10.53,0.13,4.3651583224016651e-12,2.9512092266663903e-11,RAR.mrt,direct_standard_rar_table_only
313,-11.44,0.06,-10.57,0.13,3.6307805477010174e-12,2.6915348039269138e-11,RAR.mrt,direct_standard_rar_table_only
314,-11.48,0.05,-10.6,0.13,3.3113112148259077e-12,2.5118864315095823e-11,RAR.mrt,direct_standard_rar_table_only
315,-11.44,0.05,-10.61,0.13,3.6307805477010174e-12,2.4547089156850335e-11,RAR.mrt,direct_standard_rar_table_only
316,-11.41,0.04,-10.66,0.13,3.8904514499428045e-12,2.1877616239495519e-11,RAR.mrt,direct_standard_rar_table_only
317,-11.44,0.04,-10.7,0.13,3.6307805477010174e-12,1.9952623149688828e-11,RAR.mrt,direct_standard_rar_table_only
318,-10.43,0.11,-9.84,0.1,3.7153522909717275e-11,1.4454397707459281e-10,RAR.mrt,direct_standard_rar_table_only
319,-10.4,0.1,-9.92,0.09,3.9810717055349695e-11,1.2022644346174132e-10,RAR.mrt,direct_standard_rar_table_only
320,-10.46,0.1,-9.94,0.08,3.4673685045253096e-11,1.1481536214968841e-10,RAR.mrt,direct_standard_rar_table_only
321,-10.54,0.1,-9.96,0.08,2.8840315031266117e-11,1.0964781961431829e-10,RAR.mrt,direct_standard_rar_table_only
322,-10.62,0.09,-9.99,0.08,2.3988329190194948e-11,1.0232929922807537e-10,RAR.mrt,direct_standard_rar_table_only
323,-10.7,0.09,-10.04,0.08,1.9952623149688828e-11,9.1201083935591153e-11,RAR.mrt,direct_standard_rar_table_only
324,-10.76,0.08,-10.1,0.08,1.7378008287493762e-11,7.9432823472428218e-11,RAR.mrt,direct_standard_rar_table_only
325,-10.82,0.07,-10.14,0.07,1.5135612484362072e-11,7.2443596007498915e-11,RAR.mrt,direct_standard_rar_table_only
326,-10.88,0.07,-10.18,0.07,1.3182567385564048e-11,6.6069344800759643e-11,RAR.mrt,direct_standard_rar_table_only
327,-10.93,0.07,-10.23,0.07,1.1748975549395303e-11,5.8884365535558838e-11,RAR.mrt,direct_standard_rar_table_only
328,-10.96,0.06,-10.27,0.07,1.0964781961431828e-11,5.3703179637025328e-11,RAR.mrt,direct_standard_rar_table_only
329,-11.0,0.06,-10.3,0.07,9.9999999999999994e-12,5.0118723362727148e-11,RAR.mrt,direct_standard_rar_table_only
330,-11.05,0.06,-10.33,0.07,8.912509381337441e-12,4.6773514128719814e-11,RAR.mrt,direct_standard_rar_table_only
331,-11.11,0.06,-10.37,0.07,7.762471166286927e-12,4.2657951880159344e-11,RAR.mrt,direct_standard_rar_table_only
332,-11.17,0.06,-10.4,0.07,6.7608297539198185e-12,3.9810717055349695e-11,RAR.mrt,direct_standard_rar_table_only
333,-11.25,0.06,-10.43,0.07,5.6234132519034904e-12,3.7153522909717275e-11,RAR.mrt,direct_standard_rar_table_only
334,-11.28,0.05,-10.44,0.07,5.2480746024977338e-12,3.6307805477010174e-11,RAR.mrt,direct_standard_rar_table_only
335,-11.31,0.05,-10.47,0.07,4.8977881936844567e-12,3.3884415613920202e-11,RAR.mrt,direct_standard_rar_table_only
336,-11.35,0.05,-10.49,0.07,4.4668359215096347e-12,3.235936569296281e-11,RAR.mrt,direct_standard_rar_table_only
337,-11.38,0.05,-10.51,0.07,4.1686938347033462e-12,3.0902954325135919e-11,RAR.mrt,direct_standard_rar_table_only
338,-11.41,0.05,-10.54,0.07,3.8904514499428045e-12,2.8840315031266117e-11,RAR.mrt,direct_standard_rar_table_only
339,-11.42,0.05,-10.56,0.07,3.8018939632056125e-12,2.7542287033381634e-11,RAR.mrt,direct_standard_rar_table_only
340,-11.44,0.05,-10.58,0.07,3.6307805477010174e-12,2.6302679918953815e-11,RAR.mrt,direct_standard_rar_table_only
341,-11.49,0.05,-10.6,0.07,3.2359365692962812e-12,2.5118864315095823e-11,RAR.mrt,direct_standard_rar_table_only
342,-11.51,0.05,-10.62,0.07,3.0902954325135922e-12,2.3988329190194948e-11,RAR.mrt,direct_standard_rar_table_only
343,-11.53,0.05,-10.65,0.07,2.9512092266663899e-12,2.2387211385683377e-11,RAR.mrt,direct_standard_rar_table_only
344,-11.57,0.05,-10.67,0.08,2.6915348039269138e-12,2.1379620895022323e-11,RAR.mrt,direct_standard_rar_table_only
345,-11.6,0.05,-10.69,0.07,2.5118864315095823e-12,2.0417379446695317e-11,RAR.mrt,direct_standard_rar_table_only
346,-11.62,0.05,-10.71,0.08,2.3988329190194949e-12,1.9498445997580414e-11,RAR.mrt,direct_standard_rar_table_only
347,-11.63,0.04,-10.72,0.07,2.3442288153199178e-12,1.9054607179632443e-11,RAR.mrt,direct_standard_rar_table_only
348,-11.0,0.11,-10.19,0.07,9.9999999999999994e-12,6.4565422903465622e-11,RAR.mrt,direct_standard_rar_table_only
349,-10.99,0.11,-10.08,0.05,1.0232929922807536e-11,8.3176377110267092e-11,RAR.mrt,direct_standard_rar_table_only
350,-10.94,0.1,-10.08,0.03,1.148153621496884e-11,8.3176377110267092e-11,RAR.mrt,direct_standard_rar_table_only
351,-10.92,0.09,-10.14,0.03,1.202264434617413e-11,7.2443596007498915e-11,RAR.mrt,direct_standard_rar_table_only
352,-10.99,0.09,-10.2,0.03,1.0232929922807536e-11,6.3095734448019425e-11,RAR.mrt,direct_standard_rar_table_only
353,-11.02,0.09,-10.25,0.03,9.5499258602143682e-12,5.6234132519034906e-11,RAR.mrt,direct_standard_rar_table_only
354,-11.04,0.08,-10.29,0.03,9.1201083935591156e-12,5.1286138399136583e-11,RAR.mrt,direct_standard_rar_table_only
355,-11.06,0.08,-10.32,0.03,8.7096358995607959e-12,4.7863009232263801e-11,RAR.mrt,direct_standard_rar_table_only
356,-11.07,0.06,-10.34,0.03,8.5113803820237597e-12,4.5708818961487517e-11,RAR.mrt,direct_standard_rar_table_only
357,-11.14,0.06,-10.38,0.03,7.2443596007498911e-12,4.1686938347033464e-11,RAR.mrt,direct_standard_rar_table_only
358,-11.2,0.06,-10.41,0.03,6.3095734448019426e-12,3.8904514499428045e-11,RAR.mrt,direct_standard_rar_table_only
359,-11.27,0.06,-10.44,0.03,5.3703179637025329e-12,3.6307805477010174e-11,RAR.mrt,direct_standard_rar_table_only
360,-11.32,0.06,-10.47,0.03,4.7863009232263802e-12,3.3884415613920202e-11,RAR.mrt,direct_standard_rar_table_only
361,-11.29,0.05,-10.5,0.03,5.128613839913659e-12,3.1622776601683794e-11,RAR.mrt,direct_standard_rar_table_only
362,-11.34,0.05,-10.52,0.03,4.5708818961487516e-12,3.019951720402019e-11,RAR.mrt,direct_standard_rar_table_only
363,-11.37,0.05,-10.54,0.02,4.2657951880159344e-12,2.8840315031266117e-11,RAR.mrt,direct_standard_rar_table_only
364,-10.23,0.11,-9.95,0.18,5.8884365535558838e-11,1.1220184543019652e-10,RAR.mrt,direct_standard_rar_table_only
365,-10.44,0.1,-10.01,0.17,3.6307805477010174e-11,9.772372209558111e-11,RAR.mrt,direct_standard_rar_table_only
366,-10.63,0.09,-10.17,0.17,2.3442288153199179e-11,6.7608297539198192e-11,RAR.mrt,direct_standard_rar_table_only
367,-10.77,0.08,-10.32,0.17,1.6982436524617461e-11,4.7863009232263801e-11,RAR.mrt,direct_standard_rar_table_only
368,-10.89,0.07,-10.43,0.17,1.2882495516931322e-11,3.7153522909717275e-11,RAR.mrt,direct_standard_rar_table_only
369,-11.01,0.06,-10.53,0.17,9.7723722095581123e-12,2.9512092266663903e-11,RAR.mrt,direct_standard_rar_table_only
370,-11.11,0.06,-10.61,0.17,7.762471166286927e-12,2.4547089156850335e-11,RAR.mrt,direct_standard_rar_table_only
371,-10.69,0.1,-10.3,0.15,2.0417379446695317e-11,5.0118723362727148e-11,RAR.mrt,direct_standard_rar_table_only
372,-10.77,0.1,-10.25,0.14,1.6982436524617461e-11,5.6234132519034906e-11,RAR.mrt,direct_standard_rar_table_only
373,-10.86,0.09,-10.22,0.14,1.3803842646028866e-11,6.0255958607435689e-11,RAR.mrt,direct_standard_rar_table_only
374,-10.86,0.08,-10.21,0.14,1.3803842646028866e-11,6.1659500186148097e-11,RAR.mrt,direct_standard_rar_table_only
375,-10.92,0.07,-10.24,0.14,1.202264434617413e-11,5.7543993733715666e-11,RAR.mrt,direct_standard_rar_table_only
376,-11.03,0.06,-10.3,0.14,9.3325430079699234e-12,5.0118723362727148e-11,RAR.mrt,direct_standard_rar_table_only
377,-11.15,0.06,-10.37,0.14,7.0794578438413731e-12,4.2657951880159344e-11,RAR.mrt,direct_standard_rar_table_only
378,-11.24,0.06,-10.4,0.14,5.7543993733715668e-12,3.9810717055349695e-11,RAR.mrt,direct_standard_rar_table_only
379,-11.3,0.06,-10.45,0.14,5.0118723362727147e-12,3.5481338923357607e-11,RAR.mrt,direct_standard_rar_table_only
380,-11.34,0.05,-10.47,0.14,4.5708818961487516e-12,3.3884415613920202e-11,RAR.mrt,direct_standard_rar_table_only
381,-11.39,0.05,-10.49,0.14,4.0738027780411221e-12,3.235936569296281e-11,RAR.mrt,direct_standard_rar_table_only
382,-11.27,0.1,-10.57,0.09,5.3703179637025329e-12,2.6915348039269138e-11,RAR.mrt,direct_standard_rar_table_only
383,-11.27,0.1,-10.56,0.08,5.3703179637025329e-12,2.7542287033381634e-11,RAR.mrt,direct_standard_rar_table_only
384,-11.28,0.1,-10.56,0.07,5.2480746024977338e-12,2.7542287033381634e-11,RAR.mrt,direct_standard_rar_table_only
385,-11.24,0.1,-10.58,0.07,5.7543993733715668e-12,2.6302679918953815e-11,RAR.mrt,direct_standard_rar_table_only
386,-11.23,0.09,-10.54,0.07,5.8884365535558838e-12,2.8840315031266117e-11,RAR.mrt,direct_standard_rar_table_only
387,-11.22,0.08,-10.51,0.06,6.0255958607435685e-12,3.0902954325135919e-11,RAR.mrt,direct_standard_rar_table_only
388,-11.21,0.08,-10.49,0.06,6.1659500186148099e-12,3.235936569296281e-11,RAR.mrt,direct_standard_rar_table_only
389,-11.19,0.07,-10.49,0.07,6.4565422903465627e-12,3.235936569296281e-11,RAR.mrt,direct_standard_rar_table_only
390,-11.19,0.07,-10.5,0.08,6.4565422903465627e-12,3.1622776601683794e-11,RAR.mrt,direct_standard_rar_table_only
391,-11.2,0.07,-10.52,0.09,6.3095734448019426e-12,3.019951720402019e-11,RAR.mrt,direct_standard_rar_table_only
392,-11.21,0.07,-10.52,0.08,6.1659500186148099e-12,3.019951720402019e-11,RAR.mrt,direct_standard_rar_table_only
393,-11.23,0.07,-10.54,0.07,5.8884365535558838e-12,2.8840315031266117e-11,RAR.mrt,direct_standard_rar_table_only
394,-11.26,0.07,-10.56,0.07,5.4954087385762484e-12,2.7542287033381634e-11,RAR.mrt,direct_standard_rar_table_only
395,-11.26,0.07,-10.56,0.07,5.4954087385762484e-12,2.7542287033381634e-11,RAR.mrt,direct_standard_rar_table_only
396,-11.26,0.07,-10.57,0.06,5.4954087385762484e-12,2.6915348039269138e-11,RAR.mrt,direct_standard_rar_table_only
397,-11.26,0.06,-10.58,0.06,5.4954087385762484e-12,2.6302679918953815e-11,RAR.mrt,direct_standard_rar_table_only
398,-11.25,0.06,-10.59,0.06,5.6234132519034904e-12,2.5703957827688646e-11,RAR.mrt,direct_standard_rar_table_only
399,-11.24,0.06,-10.59,0.06,5.7543993733715668e-12,2.5703957827688646e-11,RAR.mrt,direct_standard_rar_table_only
400,-11.23,0.06,-10.62,0.06,5.8884365535558838e-12,2.3988329190194948e-11,RAR.mrt,direct_standard_rar_table_only
401,-11.22,0.06,-10.63,0.06,6.0255958607435685e-12,2.3442288153199179e-11,RAR.mrt,direct_standard_rar_table_only
402,-11.21,0.06,-10.64,0.06,6.1659500186148099e-12,2.2908676527677699e-11,RAR.mrt,direct_standard_rar_table_only
403,-11.2,0.05,-10.64,0.06,6.3095734448019426e-12,2.2908676527677699e-11,RAR.mrt,direct_standard_rar_table_only
404,-11.19,0.05,-10.65,0.06,6.4565422903465627e-12,2.2387211385683377e-11,RAR.mrt,direct_standard_rar_table_only
405,-11.19,0.05,-10.66,0.06,6.4565422903465627e-12,2.1877616239495519e-11,RAR.mrt,direct_standard_rar_table_only
406,-11.21,0.05,-10.66,0.06,6.1659500186148099e-12,2.1877616239495519e-11,RAR.mrt,direct_standard_rar_table_only
407,-11.23,0.05,-10.66,0.06,5.8884365535558838e-12,2.1877616239495519e-11,RAR.mrt,direct_standard_rar_table_only
408,-10.56,0.11,-9.92,0.14,2.7542287033381634e-11,1.2022644346174132e-10,RAR.mrt,direct_standard_rar_table_only
409,-10.66,0.1,-9.88,0.14,2.1877616239495519e-11,1.3182567385564046e-10,RAR.mrt,direct_standard_rar_table_only
410,-10.8,0.08,-9.91,0.14,1.5848931924611107e-11,1.2302687708123812e-10,RAR.mrt,direct_standard_rar_table_only
411,-10.89,0.07,-9.98,0.14,1.2882495516931322e-11,1.0471285480508985e-10,RAR.mrt,direct_standard_rar_table_only
412,-10.95,0.07,-10.05,0.14,1.1220184543019653e-11,8.912509381337441e-11,RAR.mrt,direct_standard_rar_table_only
413,-11.03,0.06,-10.1,0.14,9.3325430079699234e-12,7.9432823472428218e-11,RAR.mrt,direct_standard_rar_table_only
414,-11.11,0.06,-10.15,0.14,7.762471166286927e-12,7.0794578438413739e-11,RAR.mrt,direct_standard_rar_table_only
415,-11.15,0.06,-10.18,0.14,7.0794578438413731e-12,6.6069344800759643e-11,RAR.mrt,direct_standard_rar_table_only
416,-11.17,0.05,-10.21,0.14,6.7608297539198185e-12,6.1659500186148097e-11,RAR.mrt,direct_standard_rar_table_only
417,-11.22,0.05,-10.23,0.14,6.0255958607435685e-12,5.8884365535558838e-11,RAR.mrt,direct_standard_rar_table_only
418,-10.77,0.11,-10.47,0.16,1.6982436524617461e-11,3.3884415613920202e-11,RAR.mrt,direct_standard_rar_table_only
419,-10.79,0.11,-10.44,0.15,1.6218100973589331e-11,3.6307805477010174e-11,RAR.mrt,direct_standard_rar_table_only
420,-10.79,0.1,-10.43,0.15,1.6218100973589331e-11,3.7153522909717275e-11,RAR.mrt,direct_standard_rar_table_only
421,-10.79,0.1,-10.38,0.15,1.6218100973589331e-11,4.1686938347033464e-11,RAR.mrt,direct_standard_rar_table_only
422,-10.78,0.09,-10.34,0.14,1.6595869074375631e-11,4.5708818961487517e-11,RAR.mrt,direct_standard_rar_table_only
423,-10.76,0.08,-10.36,0.14,1.7378008287493762e-11,4.3651583224016655e-11,RAR.mrt,direct_standard_rar_table_only
424,-10.79,0.08,-10.37,0.14,1.6218100973589331e-11,4.2657951880159344e-11,RAR.mrt,direct_standard_rar_table_only
425,-10.83,0.08,-10.39,0.14,1.4791083881682073e-11,4.0738027780411218e-11,RAR.mrt,direct_standard_rar_table_only
426,-10.65,0.11,-10.17,0.3,2.2387211385683377e-11,6.7608297539198192e-11,RAR.mrt,direct_standard_rar_table_only
427,-10.82,0.11,-10.3,0.3,1.5135612484362072e-11,5.0118723362727148e-11,RAR.mrt,direct_standard_rar_table_only
428,-10.93,0.1,-10.39,0.3,1.1748975549395303e-11,4.0738027780411218e-11,RAR.mrt,direct_standard_rar_table_only
429,-11.05,0.08,-10.44,0.3,8.912509381337441e-12,3.6307805477010174e-11,RAR.mrt,direct_standard_rar_table_only
430,-11.12,0.07,-10.5,0.3,7.5857757502918518e-12,3.1622776601683794e-11,RAR.mrt,direct_standard_rar_table_only
431,-11.14,0.05,-10.55,0.3,7.2443596007498911e-12,2.8183829312644493e-11,RAR.mrt,direct_standard_rar_table_only
432,-10.64,0.08,-10.19,0.1,2.2908676527677699e-11,6.4565422903465622e-11,RAR.mrt,direct_standard_rar_table_only
433,-10.74,0.07,-10.12,0.08,1.8197008586099825e-11,7.5857757502918511e-11,RAR.mrt,direct_standard_rar_table_only
434,-10.7,0.11,-10.42,0.08,1.9952623149688828e-11,3.8018939632056128e-11,RAR.mrt,direct_standard_rar_table_only
435,-10.62,0.11,-10.24,0.06,2.3988329190194948e-11,5.7543993733715666e-11,RAR.mrt,direct_standard_rar_table_only
436,-10.66,0.11,-10.12,0.04,2.1877616239495519e-11,7.5857757502918511e-11,RAR.mrt,direct_standard_rar_table_only
437,-10.68,0.1,-10.18,0.03,2.0892961308540409e-11,6.6069344800759643e-11,RAR.mrt,direct_standard_rar_table_only
438,-10.73,0.09,-10.25,0.03,1.8620871366628657e-11,5.6234132519034906e-11,RAR.mrt,direct_standard_rar_table_only
439,-10.78,0.08,-10.31,0.03,1.6595869074375631e-11,4.897788193684456e-11,RAR.mrt,direct_standard_rar_table_only
440,-10.86,0.08,-10.36,0.04,1.3803842646028866e-11,4.3651583224016655e-11,RAR.mrt,direct_standard_rar_table_only
441,-10.87,0.07,-10.39,0.04,1.348962882591656e-11,4.0738027780411218e-11,RAR.mrt,direct_standard_rar_table_only
442,-10.9,0.07,-10.42,0.04,1.2589254117941662e-11,3.8018939632056128e-11,RAR.mrt,direct_standard_rar_table_only
443,-10.93,0.07,-10.45,0.05,1.1748975549395303e-11,3.5481338923357607e-11,RAR.mrt,direct_standard_rar_table_only
444,-10.94,0.07,-10.47,0.04,1.148153621496884e-11,3.3884415613920202e-11,RAR.mrt,direct_standard_rar_table_only
445,-10.97,0.08,-10.68,0.15,1.0715193052376049e-11,2.0892961308540409e-11,RAR.mrt,direct_standard_rar_table_only
446,-11.12,0.08,-10.75,0.14,7.5857757502918518e-12,1.7782794100389227e-11,RAR.mrt,direct_standard_rar_table_only
447,-11.21,0.08,-10.81,0.13,6.1659500186148099e-12,1.5488166189124796e-11,RAR.mrt,direct_standard_rar_table_only
448,-11.34,0.08,-10.84,0.13,4.5708818961487516e-12,1.445439770745928e-11,RAR.mrt,direct_standard_rar_table_only
449,-11.36,0.07,-10.89,0.13,4.3651583224016651e-12,1.2882495516931322e-11,RAR.mrt,direct_standard_rar_table_only
450,-11.37,0.06,-10.92,0.13,4.2657951880159344e-12,1.202264434617413e-11,RAR.mrt,direct_standard_rar_table_only
451,-11.38,0.05,-10.93,0.13,4.1686938347033462e-12,1.1748975549395303e-11,RAR.mrt,direct_standard_rar_table_only
452,-11.32,0.04,-10.97,0.13,4.7863009232263802e-12,1.0715193052376049e-11,RAR.mrt,direct_standard_rar_table_only
453,-11.35,0.04,-11.02,0.13,4.4668359215096347e-12,9.5499258602143682e-12,RAR.mrt,direct_standard_rar_table_only
454,-11.42,0.04,-11.06,0.14,3.8018939632056125e-12,8.7096358995607959e-12,RAR.mrt,direct_standard_rar_table_only
455,-11.45,0.04,-11.1,0.14,3.5481338923357604e-12,7.9432823472428214e-12,RAR.mrt,direct_standard_rar_table_only
456,-11.58,0.04,-11.14,0.14,2.6302679918953816e-12,7.2443596007498911e-12,RAR.mrt,direct_standard_rar_table_only
457,-10.89,0.09,-10.63,0.1,1.2882495516931322e-11,2.3442288153199179e-11,RAR.mrt,direct_standard_rar_table_only
458,-10.93,0.09,-10.61,0.1,1.1748975549395303e-11,2.4547089156850335e-11,RAR.mrt,direct_standard_rar_table_only
459,-10.96,0.09,-10.58,0.08,1.0964781961431828e-11,2.6302679918953815e-11,RAR.mrt,direct_standard_rar_table_only
460,-11.0,0.09,-10.59,0.08,9.9999999999999994e-12,2.5703957827688646e-11,RAR.mrt,direct_standard_rar_table_only
461,-11.05,0.08,-10.61,0.08,8.912509381337441e-12,2.4547089156850335e-11,RAR.mrt,direct_standard_rar_table_only
462,-11.09,0.08,-10.64,0.1,8.1283051616409945e-12,2.2908676527677699e-11,RAR.mrt,direct_standard_rar_table_only
463,-11.14,0.07,-10.65,0.09,7.2443596007498911e-12,2.2387211385683377e-11,RAR.mrt,direct_standard_rar_table_only
464,-11.18,0.07,-10.65,0.09,6.6069344800759645e-12,2.2387211385683377e-11,RAR.mrt,direct_standard_rar_table_only
465,-11.21,0.07,-10.65,0.1,6.1659500186148099e-12,2.2387211385683377e-11,RAR.mrt,direct_standard_rar_table_only
466,-10.61,0.11,-10.02,0.08,2.4547089156850335e-11,9.5499258602143689e-11,RAR.mrt,direct_standard_rar_table_only
467,-10.76,0.11,-10.1,0.08,1.7378008287493762e-11,7.9432823472428218e-11,RAR.mrt,direct_standard_rar_table_only
468,-10.87,0.1,-10.19,0.08,1.348962882591656e-11,6.4565422903465622e-11,RAR.mrt,direct_standard_rar_table_only
469,-10.92,0.09,-10.22,0.07,1.202264434617413e-11,6.0255958607435689e-11,RAR.mrt,direct_standard_rar_table_only
470,-10.99,0.09,-10.28,0.07,1.0232929922807536e-11,5.2480746024977339e-11,RAR.mrt,direct_standard_rar_table_only
471,-11.0,0.08,-10.32,0.07,9.9999999999999994e-12,4.7863009232263801e-11,RAR.mrt,direct_standard_rar_table_only
472,-11.0,0.07,-10.33,0.07,9.9999999999999994e-12,4.6773514128719814e-11,RAR.mrt,direct_standard_rar_table_only
473,-11.05,0.07,-10.36,0.07,8.912509381337441e-12,4.3651583224016655e-11,RAR.mrt,direct_standard_rar_table_only
474,-11.09,0.07,-10.39,0.07,8.1283051616409945e-12,4.0738027780411218e-11,RAR.mrt,direct_standard_rar_table_only
475,-11.09,0.06,-10.4,0.07,8.1283051616409945e-12,3.9810717055349695e-11,RAR.mrt,direct_standard_rar_table_only
476,-11.11,0.05,-10.46,0.07,7.762471166286927e-12,3.4673685045253096e-11,RAR.mrt,direct_standard_rar_table_only
477,-11.15,0.05,-10.51,0.08,7.0794578438413731e-12,3.0902954325135919e-11,RAR.mrt,direct_standard_rar_table_only
478,-11.18,0.05,-10.53,0.09,6.6069344800759645e-12,2.9512092266663903e-11,RAR.mrt,direct_standard_rar_table_only
479,-11.22,0.05,-10.57,0.1,6.0255958607435685e-12,2.6915348039269138e-11,RAR.mrt,direct_standard_rar_table_only
480,-11.26,0.05,-10.59,0.1,5.4954087385762484e-12,2.5703957827688646e-11,RAR.mrt,direct_standard_rar_table_only
481,-10.77,0.11,-10.17,0.15,1.6982436524617461e-11,6.7608297539198192e-11,RAR.mrt,direct_standard_rar_table_only
482,-10.85,0.09,-10.26,0.15,1.4125375446227554e-11,5.4954087385762479e-11,RAR.mrt,direct_standard_rar_table_only
483,-10.89,0.08,-10.34,0.14,1.2882495516931322e-11,4.5708818961487517e-11,RAR.mrt,direct_standard_rar_table_only
484,-10.93,0.08,-10.4,0.14,1.1748975549395303e-11,3.9810717055349695e-11,RAR.mrt,direct_standard_rar_table_only
485,-10.97,0.07,-10.45,0.14,1.0715193052376049e-11,3.5481338923357607e-11,RAR.mrt,direct_standard_rar_table_only
486,-11.01,0.06,-10.5,0.14,9.7723722095581123e-12,3.1622776601683794e-11,RAR.mrt,direct_standard_rar_table_only
487,-11.08,0.06,-10.57,0.15,8.3176377110267085e-12,2.6915348039269138e-11,RAR.mrt,direct_standard_rar_table_only
488,-11.19,0.06,-10.62,0.15,6.4565422903465627e-12,2.3988329190194948e-11,RAR.mrt,direct_standard_rar_table_only
489,-11.24,0.05,-10.64,0.15,5.7543993733715668e-12,2.2908676527677699e-11,RAR.mrt,direct_standard_rar_table_only
490,-10.63,0.08,-10.22,0.08,2.3442288153199179e-11,6.0255958607435689e-11,RAR.mrt,direct_standard_rar_table_only
491,-10.72,0.08,-10.27,0.08,1.9054607179632443e-11,5.3703179637025328e-11,RAR.mrt,direct_standard_rar_table_only
492,-10.79,0.07,-10.34,0.08,1.6218100973589331e-11,4.5708818961487517e-11,RAR.mrt,direct_standard_rar_table_only
493,-10.84,0.07,-10.38,0.08,1.445439770745928e-11,4.1686938347033464e-11,RAR.mrt,direct_standard_rar_table_only
494,-10.53,0.11,-10.19,0.08,2.9512092266663903e-11,6.4565422903465622e-11,RAR.mrt,direct_standard_rar_table_only
495,-10.66,0.11,-10.2,0.08,2.1877616239495519e-11,6.3095734448019425e-11,RAR.mrt,direct_standard_rar_table_only
496,-10.74,0.11,-10.18,0.08,1.8197008586099825e-11,6.6069344800759643e-11,RAR.mrt,direct_standard_rar_table_only
497,-10.78,0.1,-10.19,0.08,1.6595869074375631e-11,6.4565422903465622e-11,RAR.mrt,direct_standard_rar_table_only
498,-10.83,0.09,-10.23,0.07,1.4791083881682073e-11,5.8884365535558838e-11,RAR.mrt,direct_standard_rar_table_only
499,-10.88,0.09,-10.28,0.07,1.3182567385564048e-11,5.2480746024977339e-11,RAR.mrt,direct_standard_rar_table_only
500,-10.91,0.08,-10.32,0.07,1.2302687708123811e-11,4.7863009232263801e-11,RAR.mrt,direct_standard_rar_table_only
501,-10.95,0.08,-10.36,0.07,1.1220184543019653e-11,4.3651583224016655e-11,RAR.mrt,direct_standard_rar_table_only
502,-10.99,0.08,-10.39,0.07,1.0232929922807536e-11,4.0738027780411218e-11,RAR.mrt,direct_standard_rar_table_only
503,-11.01,0.07,-10.39,0.07,9.7723722095581123e-12,4.0738027780411218e-11,RAR.mrt,direct_standard_rar_table_only
504,-11.01,0.06,-10.42,0.08,9.7723722095581123e-12,3.8018939632056128e-11,RAR.mrt,direct_standard_rar_table_only
505,-11.05,0.1,-10.68,0.1,8.912509381337441e-12,2.0892961308540409e-11,RAR.mrt,direct_standard_rar_table_only
506,-11.14,0.09,-10.53,0.09,7.2443596007498911e-12,2.9512092266663903e-11,RAR.mrt,direct_standard_rar_table_only
507,-11.18,0.08,-10.5,0.09,6.6069344800759645e-12,3.1622776601683794e-11,RAR.mrt,direct_standard_rar_table_only
508,-11.25,0.07,-10.61,0.1,5.6234132519034904e-12,2.4547089156850335e-11,RAR.mrt,direct_standard_rar_table_only
509,-11.32,0.07,-10.59,0.09,4.7863009232263802e-12,2.5703957827688646e-11,RAR.mrt,direct_standard_rar_table_only
510,-8.3,0.11,-8.29,0.12,5.0118723362727147e-09,5.1286138399136583e-09,RAR.mrt,direct_standard_rar_table_only
511,-8.39,0.11,-8.38,0.12,4.0738027780411223e-09,4.1686938347033468e-09,RAR.mrt,direct_standard_rar_table_only
512,-8.47,0.11,-8.47,0.12,3.3884415613920203e-09,3.3884415613920203e-09,RAR.mrt,direct_standard_rar_table_only
513,-8.55,0.11,-8.56,0.12,2.8183829312644493e-09,2.7542287033381634e-09,RAR.mrt,direct_standard_rar_table_only
514,-8.61,0.11,-8.63,0.12,2.4547089156850337e-09,2.344228815319918e-09,RAR.mrt,direct_standard_rar_table_only
515,-8.66,0.11,-8.68,0.12,2.1877616239495518e-09,2.089296130854041e-09,RAR.mrt,direct_standard_rar_table_only
516,-8.71,0.11,-8.73,0.12,1.9498445997580416e-09,1.8620871366628656e-09,RAR.mrt,direct_standard_rar_table_only
517,-8.76,0.11,-8.78,0.11,1.7378008287493762e-09,1.6595869074375631e-09,RAR.mrt,direct_standard_rar_table_only
518,-8.8,0.1,-8.82,0.12,1.5848931924611109e-09,1.5135612484362073e-09,RAR.mrt,direct_standard_rar_table_only
519,-8.84,0.1,-8.86,0.12,1.445439770745928e-09,1.3803842646028867e-09,RAR.mrt,direct_standard_rar_table_only
520,-8.88,0.1,-8.93,0.11,1.3182567385564047e-09,1.1748975549395303e-09,RAR.mrt,direct_standard_rar_table_only
521,-8.95,0.1,-9.05,0.12,1.1220184543019653e-09,8.912509381337441e-10,RAR.mrt,direct_standard_rar_table_only
522,-8.99,0.1,-9.11,0.13,1.0232929922807536e-09,7.7624711662869273e-10,RAR.mrt,direct_standard_rar_table_only
523,-9.02,0.1,-9.15,0.11,9.5499258602143681e-10,7.0794578438413732e-10,RAR.mrt,direct_standard_rar_table_only
524,-9.05,0.1,-9.18,0.13,8.912509381337441e-10,6.6069344800759641e-10,RAR.mrt,direct_standard_rar_table_only
525,-9.27,0.1,-9.26,0.12,5.3703179637025321e-10,5.4954087385762482e-10,RAR.mrt,direct_standard_rar_table_only
526,-9.41,0.09,-9.32,0.11,3.8904514499428046e-10,4.7863009232263798e-10,RAR.mrt,direct_standard_rar_table_only
527,-9.43,0.09,-9.33,0.11,3.7153522909717278e-10,4.6773514128719813e-10,RAR.mrt,direct_standard_rar_table_only
528,-9.48,0.09,-9.36,0.11,3.3113112148259076e-10,4.3651583224016655e-10,RAR.mrt,direct_standard_rar_table_only
529,-9.5,0.09,-9.37,0.11,3.1622776601683795e-10,4.2657951880159342e-10,RAR.mrt,direct_standard_rar_table_only
530,-9.52,0.09,-9.38,0.11,3.0199517204020193e-10,4.1686938347033463e-10,RAR.mrt,direct_standard_rar_table_only
531,-9.54,0.09,-9.39,0.11,2.8840315031266117e-10,4.0738027780411222e-10,RAR.mrt,direct_standard_rar_table_only
532,-9.56,0.09,-9.4,0.11,2.7542287033381632e-10,3.9810717055349694e-10,RAR.mrt,direct_standard_rar_table_only
533,-9.57,0.09,-9.42,0.11,2.6915348039269137e-10,3.8018939632056128e-10,RAR.mrt,direct_standard_rar_table_only
534,-9.64,0.09,-9.46,0.11,2.2908676527677701e-10,3.4673685045253098e-10,RAR.mrt,direct_standard_rar_table_only
535,-9.67,0.09,-9.49,0.11,2.1379620895022325e-10,3.2359365692962813e-10,RAR.mrt,direct_standard_rar_table_only
536,-9.69,0.08,-9.5,0.11,2.0417379446695316e-10,3.1622776601683795e-10,RAR.mrt,direct_standard_rar_table_only
537,-9.7,0.08,-9.51,0.11,1.9952623149688828e-10,3.0902954325135922e-10,RAR.mrt,direct_standard_rar_table_only
538,-9.71,0.08,-9.52,0.11,1.9498445997580414e-10,3.0199517204020193e-10,RAR.mrt,direct_standard_rar_table_only
539,-9.73,0.08,-9.53,0.11,1.8620871366628656e-10,2.9512092266663898e-10,RAR.mrt,direct_standard_rar_table_only
540,-9.74,0.08,-9.54,0.11,1.8197008586099825e-10,2.8840315031266117e-10,RAR.mrt,direct_standard_rar_table_only
541,-9.76,0.08,-9.55,0.11,1.7378008287493763e-10,2.8183829312644494e-10,RAR.mrt,direct_standard_rar_table_only
542,-9.79,0.08,-9.57,0.12,1.6218100973589331e-10,2.6915348039269137e-10,RAR.mrt,direct_standard_rar_table_only
543,-9.83,0.08,-9.58,0.11,1.4791083881682071e-10,2.6302679918953814e-10,RAR.mrt,direct_standard_rar_table_only
544,-9.84,0.08,-9.59,0.11,1.4454397707459281e-10,2.5703957827688648e-10,RAR.mrt,direct_standard_rar_table_only
545,-9.85,0.08,-9.59,0.11,1.4125375446227556e-10,2.5703957827688648e-10,RAR.mrt,direct_standard_rar_table_only
546,-9.86,0.08,-9.6,0.11,1.3803842646028866e-10,2.511886431509582e-10,RAR.mrt,direct_standard_rar_table_only
547,-9.86,0.08,-9.59,0.11,1.3803842646028866e-10,2.5703957827688648e-10,RAR.mrt,direct_standard_rar_table_only
548,-9.87,0.08,-9.6,0.11,1.3489628825916561e-10,2.511886431509582e-10,RAR.mrt,direct_standard_rar_table_only
549,-9.88,0.08,-9.6,0.11,1.3182567385564046e-10,2.511886431509582e-10,RAR.mrt,direct_standard_rar_table_only
550,-9.89,0.08,-9.61,0.12,1.2882495516931322e-10,2.4547089156850336e-10,RAR.mrt,direct_standard_rar_table_only
551,-9.96,0.08,-9.62,0.11,1.0964781961431829e-10,2.3988329190194949e-10,RAR.mrt,direct_standard_rar_table_only
552,-10.02,0.08,-9.64,0.11,9.5499258602143689e-11,2.2908676527677701e-10,RAR.mrt,direct_standard_rar_table_only
553,-10.03,0.08,-9.64,0.11,9.3325430079699241e-11,2.2908676527677701e-10,RAR.mrt,direct_standard_rar_table_only
554,-10.05,0.08,-9.65,0.11,8.912509381337441e-11,2.2387211385683377e-10,RAR.mrt,direct_standard_rar_table_only
555,-10.13,0.08,-9.7,0.11,7.4131024130091616e-11,1.9952623149688828e-10,RAR.mrt,direct_standard_rar_table_only
556,-10.21,0.08,-9.76,0.11,6.1659500186148097e-11,1.7378008287493763e-10,RAR.mrt,direct_standard_rar_table_only
557,-10.28,0.08,-9.83,0.11,5.2480746024977339e-11,1.4791083881682071e-10,RAR.mrt,direct_standard_rar_table_only
558,-10.33,0.08,-9.9,0.11,4.6773514128719814e-11,1.2589254117941662e-10,RAR.mrt,direct_standard_rar_table_only
559,-10.39,0.08,-9.95,0.11,4.0738027780411218e-11,1.1220184543019652e-10,RAR.mrt,direct_standard_rar_table_only
560,-10.45,0.08,-9.99,0.11,3.5481338923357607e-11,1.0232929922807537e-10,RAR.mrt,direct_standard_rar_table_only
561,-10.5,0.07,-10.02,0.11,3.1622776601683794e-11,9.5499258602143689e-11,RAR.mrt,direct_standard_rar_table_only
562,-10.55,0.07,-10.03,0.11,2.8183829312644493e-11,9.3325430079699241e-11,RAR.mrt,direct_standard_rar_table_only
563,-10.59,0.07,-10.04,0.11,2.5703957827688646e-11,9.1201083935591153e-11,RAR.mrt,direct_standard_rar_table_only
564,-10.63,0.07,-10.04,0.11,2.3442288153199179e-11,9.1201083935591153e-11,RAR.mrt,direct_standard_rar_table_only
565,-10.67,0.07,-10.05,0.11,2.1379620895022323e-11,8.912509381337441e-11,RAR.mrt,direct_standard_rar_table_only
566,-10.71,0.07,-10.05,0.11,1.9498445997580414e-11,8.912509381337441e-11,RAR.mrt,direct_standard_rar_table_only
567,-10.74,0.07,-10.07,0.11,1.8197008586099825e-11,8.511380382023759e-11,RAR.mrt,direct_standard_rar_table_only
568,-10.77,0.07,-10.08,0.11,1.6982436524617461e-11,8.3176377110267092e-11,RAR.mrt,direct_standard_rar_table_only
569,-10.8,0.07,-10.09,0.11,1.5848931924611107e-11,8.1283051616409951e-11,RAR.mrt,direct_standard_rar_table_only
570,-10.83,0.07,-10.11,0.11,1.4791083881682073e-11,7.7624711662869273e-11,RAR.mrt,direct_standard_rar_table_only
571,-10.86,0.07,-10.12,0.11,1.3803842646028866e-11,7.5857757502918511e-11,RAR.mrt,direct_standard_rar_table_only
572,-10.89,0.07,-10.13,0.11,1.2882495516931322e-11,7.4131024130091616e-11,RAR.mrt,direct_standard_rar_table_only
573,-10.94,0.07,-10.17,0.11,1.148153621496884e-11,6.7608297539198192e-11,RAR.mrt,direct_standard_rar_table_only
574,-10.98,0.07,-10.2,0.11,1.0471285480508986e-11,6.3095734448019425e-11,RAR.mrt,direct_standard_rar_table_only
575,-11.03,0.07,-10.21,0.11,9.3325430079699234e-12,6.1659500186148097e-11,RAR.mrt,direct_standard_rar_table_only
576,-11.07,0.07,-10.22,0.11,8.5113803820237597e-12,6.0255958607435689e-11,RAR.mrt,direct_standard_rar_table_only
577,-11.15,0.07,-10.25,0.11,7.0794578438413731e-12,5.6234132519034906e-11,RAR.mrt,direct_standard_rar_table_only
578,-9.12,0.1,-9.08,0.11,7.5857757502918514e-10,8.3176377110267092e-10,RAR.mrt,direct_standard_rar_table_only
579,-9.18,0.1,-9.13,0.12,6.6069344800759641e-10,7.4131024130091618e-10,RAR.mrt,direct_standard_rar_table_only
580,-9.23,0.1,-9.17,0.12,5.8884365535558835e-10,6.7608297539198189e-10,RAR.mrt,direct_standard_rar_table_only
581,-9.69,0.08,-9.43,0.12,2.0417379446695316e-10,3.7153522909717278e-10,RAR.mrt,direct_standard_rar_table_only
582,-9.71,0.08,-9.45,0.11,1.9498445997580414e-10,3.5481338923357605e-10,RAR.mrt,direct_standard_rar_table_only
583,-9.73,0.08,-9.46,0.11,1.8620871366628656e-10,3.4673685045253098e-10,RAR.mrt,direct_standard_rar_table_only
584,-9.75,0.08,-9.47,0.11,1.7782794100389229e-10,3.3884415613920202e-10,RAR.mrt,direct_standard_rar_table_only
585,-9.75,0.08,-9.47,0.11,1.7782794100389229e-10,3.3884415613920202e-10,RAR.mrt,direct_standard_rar_table_only
586,-9.76,0.08,-9.48,0.11,1.7378008287493763e-10,3.3113112148259076e-10,RAR.mrt,direct_standard_rar_table_only
587,-9.77,0.08,-9.49,0.11,1.6982436524617461e-10,3.2359365692962813e-10,RAR.mrt,direct_standard_rar_table_only
588,-9.78,0.08,-9.5,0.11,1.6595869074375631e-10,3.1622776601683795e-10,RAR.mrt,direct_standard_rar_table_only
589,-9.79,0.08,-9.51,0.11,1.6218100973589331e-10,3.0902954325135922e-10,RAR.mrt,direct_standard_rar_table_only
590,-9.8,0.08,-9.53,0.11,1.5848931924611109e-10,2.9512092266663898e-10,RAR.mrt,direct_standard_rar_table_only
591,-9.81,0.08,-9.53,0.11,1.5488166189124796e-10,2.9512092266663898e-10,RAR.mrt,direct_standard_rar_table_only
592,-9.82,0.08,-9.54,0.11,1.5135612484362072e-10,2.8840315031266117e-10,RAR.mrt,direct_standard_rar_table_only
593,-9.83,0.08,-9.56,0.11,1.4791083881682071e-10,2.7542287033381632e-10,RAR.mrt,direct_standard_rar_table_only
594,-9.85,0.08,-9.57,0.11,1.4125375446227556e-10,2.6915348039269137e-10,RAR.mrt,direct_standard_rar_table_only
595,-9.86,0.08,-9.58,0.11,1.3803842646028866e-10,2.6302679918953814e-10,RAR.mrt,direct_standard_rar_table_only
596,-9.88,0.08,-9.59,0.11,1.3182567385564046e-10,2.5703957827688648e-10,RAR.mrt,direct_standard_rar_table_only
597,-9.89,0.08,-9.6,0.12,1.2882495516931322e-10,2.511886431509582e-10,RAR.mrt,direct_standard_rar_table_only
598,-9.92,0.08,-9.62,0.11,1.2022644346174132e-10,2.3988329190194949e-10,RAR.mrt,direct_standard_rar_table_only
599,-9.93,0.08,-9.63,0.11,1.1748975549395304e-10,2.3442288153199181e-10,RAR.mrt,direct_standard_rar_table_only
600,-9.95,0.08,-9.64,0.11,1.1220184543019652e-10,2.2908676527677701e-10,RAR.mrt,direct_standard_rar_table_only
601,-9.97,0.08,-9.66,0.11,1.0715193052376048e-10,2.1877616239495518e-10,RAR.mrt,direct_standard_rar_table_only
602,-9.97,0.08,-9.66,0.12,1.0715193052376048e-10,2.1877616239495518e-10,RAR.mrt,direct_standard_rar_table_only
603,-10.11,0.08,-9.73,0.11,7.7624711662869273e-11,1.8620871366628656e-10,RAR.mrt,direct_standard_rar_table_only
604,-10.28,0.08,-9.81,0.11,5.2480746024977339e-11,1.5488166189124796e-10,RAR.mrt,direct_standard_rar_table_only
605,-10.36,0.08,-9.85,0.11,4.3651583224016655e-11,1.4125375446227556e-10,RAR.mrt,direct_standard_rar_table_only
606,-10.37,0.08,-9.86,0.12,4.2657951880159344e-11,1.3803842646028866e-10,RAR.mrt,direct_standard_rar_table_only
607,-10.38,0.08,-9.86,0.12,4.1686938347033464e-11,1.3803842646028866e-10,RAR.mrt,direct_standard_rar_table_only
608,-10.41,0.08,-9.88,0.11,3.8904514499428045e-11,1.3182567385564046e-10,RAR.mrt,direct_standard_rar_table_only
609,-10.52,0.08,-9.95,0.11,3.019951720402019e-11,1.1220184543019652e-10,RAR.mrt,direct_standard_rar_table_only
610,-10.63,0.07,-10.01,0.11,2.3442288153199179e-11,9.772372209558111e-11,RAR.mrt,direct_standard_rar_table_only
611,-10.73,0.07,-10.07,0.11,1.8620871366628657e-11,8.511380382023759e-11,RAR.mrt,direct_standard_rar_table_only
612,-10.81,0.07,-10.11,0.11,1.5488166189124796e-11,7.7624711662869273e-11,RAR.mrt,direct_standard_rar_table_only
613,-10.89,0.07,-10.15,0.11,1.2882495516931322e-11,7.0794578438413739e-11,RAR.mrt,direct_standard_rar_table_only
614,-10.97,0.07,-10.2,0.11,1.0715193052376049e-11,6.3095734448019425e-11,RAR.mrt,direct_standard_rar_table_only
615,-11.05,0.07,-10.26,0.12,8.912509381337441e-12,5.4954087385762479e-11,RAR.mrt,direct_standard_rar_table_only
616,-11.12,0.07,-10.3,0.12,7.5857757502918518e-12,5.0118723362727148e-11,RAR.mrt,direct_standard_rar_table_only
617,-11.18,0.07,-10.31,0.11,6.6069344800759645e-12,4.897788193684456e-11,RAR.mrt,direct_standard_rar_table_only
618,-11.23,0.07,-10.37,0.11,5.8884365535558838e-12,4.2657951880159344e-11,RAR.mrt,direct_standard_rar_table_only
619,-11.95,0.11,-10.42,0.08,1.1220184543019652e-12,3.8018939632056128e-11,RAR.mrt,direct_standard_rar_table_only
620,-11.66,0.07,-10.39,0.08,2.1877616239495518e-12,4.0738027780411218e-11,RAR.mrt,direct_standard_rar_table_only
621,-11.43,0.05,-10.35,0.07,3.7153522909717275e-12,4.4668359215096346e-11,RAR.mrt,direct_standard_rar_table_only
622,-11.43,0.05,-10.35,0.07,3.7153522909717275e-12,4.4668359215096346e-11,RAR.mrt,direct_standard_rar_table_only
623,-11.36,0.04,-10.39,0.07,4.3651583224016651e-12,4.0738027780411218e-11,RAR.mrt,direct_standard_rar_table_only
624,-11.38,0.04,-10.43,0.07,4.1686938347033462e-12,3.7153522909717275e-11,RAR.mrt,direct_standard_rar_table_only
625,-11.37,0.04,-10.47,0.07,4.2657951880159344e-12,3.3884415613920202e-11,RAR.mrt,direct_standard_rar_table_only
626,-11.44,0.05,-10.52,0.07,3.6307805477010174e-12,3.019951720402019e-11,RAR.mrt,direct_standard_rar_table_only
627,-9.36,0.11,-9.42,0.23,4.3651583224016655e-10,3.8018939632056128e-10,RAR.mrt,direct_standard_rar_table_only
628,-10.05,0.1,-9.98,0.22,8.912509381337441e-11,1.0471285480508985e-10,RAR.mrt,direct_standard_rar_table_only
629,-10.16,0.09,-10.06,0.22,6.9183097091893625e-11,8.7096358995607968e-11,RAR.mrt,direct_standard_rar_table_only
630,-10.21,0.09,-10.09,0.22,6.1659500186148097e-11,8.1283051616409951e-11,RAR.mrt,direct_standard_rar_table_only
631,-10.25,0.09,-10.12,0.22,5.6234132519034906e-11,7.5857757502918511e-11,RAR.mrt,direct_standard_rar_table_only
632,-10.28,0.08,-10.15,0.22,5.2480746024977339e-11,7.0794578438413739e-11,RAR.mrt,direct_standard_rar_table_only
633,-10.98,0.07,-10.43,0.22,1.0471285480508986e-11,3.7153522909717275e-11,RAR.mrt,direct_standard_rar_table_only
634,-11.02,0.07,-10.44,0.23,9.5499258602143682e-12,3.6307805477010174e-11,RAR.mrt,direct_standard_rar_table_only
635,-11.16,0.06,-10.54,0.22,6.9183097091893623e-12,2.8840315031266117e-11,RAR.mrt,direct_standard_rar_table_only
636,-11.35,0.05,-10.68,0.22,4.4668359215096347e-12,2.0892961308540409e-11,RAR.mrt,direct_standard_rar_table_only
637,-11.02,0.1,-10.16,0.15,9.5499258602143682e-12,6.9183097091893625e-11,RAR.mrt,direct_standard_rar_table_only
638,-11.11,0.1,-10.25,0.15,7.762471166286927e-12,5.6234132519034906e-11,RAR.mrt,direct_standard_rar_table_only
639,-11.11,0.08,-10.3,0.15,7.762471166286927e-12,5.0118723362727148e-11,RAR.mrt,direct_standard_rar_table_only
640,-11.13,0.07,-10.34,0.14,7.4131024130091626e-12,4.5708818961487517e-11,RAR.mrt,direct_standard_rar_table_only
641,-11.22,0.08,-10.36,0.14,6.0255958607435685e-12,4.3651583224016655e-11,RAR.mrt,direct_standard_rar_table_only
642,-11.23,0.07,-10.37,0.14,5.8884365535558838e-12,4.2657951880159344e-11,RAR.mrt,direct_standard_rar_table_only
643,-11.21,0.05,-10.39,0.14,6.1659500186148099e-12,4.0738027780411218e-11,RAR.mrt,direct_standard_rar_table_only
644,-11.22,0.05,-10.44,0.14,6.0255958607435685e-12,3.6307805477010174e-11,RAR.mrt,direct_standard_rar_table_only
645,-11.21,0.05,-10.48,0.14,6.1659500186148099e-12,3.311311214825908e-11,RAR.mrt,direct_standard_rar_table_only
646,-11.21,0.04,-10.5,0.14,6.1659500186148099e-12,3.1622776601683794e-11,RAR.mrt,direct_standard_rar_table_only
647,-11.2,0.04,-10.54,0.14,6.3095734448019426e-12,2.8840315031266117e-11,RAR.mrt,direct_standard_rar_table_only
648,-11.24,0.04,-10.55,0.15,5.7543993733715668e-12,2.8183829312644493e-11,RAR.mrt,direct_standard_rar_table_only
649,-11.32,0.04,-10.59,0.15,4.7863009232263802e-12,2.5703957827688646e-11,RAR.mrt,direct_standard_rar_table_only
650,-11.35,0.04,-10.63,0.15,4.4668359215096347e-12,2.3442288153199179e-11,RAR.mrt,direct_standard_rar_table_only
651,-11.02,0.1,-10.34,0.1,9.5499258602143682e-12,4.5708818961487517e-11,RAR.mrt,direct_standard_rar_table_only
652,-11.0,0.09,-10.35,0.08,9.9999999999999994e-12,4.4668359215096346e-11,RAR.mrt,direct_standard_rar_table_only
653,-11.03,0.09,-10.35,0.07,9.3325430079699234e-12,4.4668359215096346e-11,RAR.mrt,direct_standard_rar_table_only
654,-11.06,0.08,-10.37,0.08,8.7096358995607959e-12,4.2657951880159344e-11,RAR.mrt,direct_standard_rar_table_only
655,-11.1,0.07,-10.43,0.08,7.9432823472428214e-12,3.7153522909717275e-11,RAR.mrt,direct_standard_rar_table_only
656,-11.15,0.07,-10.47,0.08,7.0794578438413731e-12,3.3884415613920202e-11,RAR.mrt,direct_standard_rar_table_only
657,-11.21,0.06,-10.5,0.08,6.1659500186148099e-12,3.1622776601683794e-11,RAR.mrt,direct_standard_rar_table_only
658,-10.57,0.11,-10.35,0.15,2.6915348039269138e-11,4.4668359215096346e-11,RAR.mrt,direct_standard_rar_table_only
659,-10.65,0.12,-10.18,0.15,2.2387211385683377e-11,6.6069344800759643e-11,RAR.mrt,direct_standard_rar_table_only
660,-10.61,0.11,-10.1,0.13,2.4547089156850335e-11,7.9432823472428218e-11,RAR.mrt,direct_standard_rar_table_only
661,-10.54,0.1,-10.04,0.13,2.8840315031266117e-11,9.1201083935591153e-11,RAR.mrt,direct_standard_rar_table_only
662,-10.57,0.1,-10.03,0.13,2.6915348039269138e-11,9.3325430079699241e-11,RAR.mrt,direct_standard_rar_table_only
663,-10.63,0.1,-10.02,0.13,2.3442288153199179e-11,9.5499258602143689e-11,RAR.mrt,direct_standard_rar_table_only
664,-10.65,0.09,-10.03,0.13,2.2387211385683377e-11,9.3325430079699241e-11,RAR.mrt,direct_standard_rar_table_only
665,-10.69,0.09,-10.07,0.13,2.0417379446695317e-11,8.511380382023759e-11,RAR.mrt,direct_standard_rar_table_only
666,-10.77,0.09,-10.11,0.13,1.6982436524617461e-11,7.7624711662869273e-11,RAR.mrt,direct_standard_rar_table_only
667,-10.86,0.08,-10.16,0.13,1.3803842646028866e-11,6.9183097091893625e-11,RAR.mrt,direct_standard_rar_table_only
668,-10.93,0.08,-10.2,0.13,1.1748975549395303e-11,6.3095734448019425e-11,RAR.mrt,direct_standard_rar_table_only
669,-11.01,0.08,-10.25,0.13,9.7723722095581123e-12,5.6234132519034906e-11,RAR.mrt,direct_standard_rar_table_only
670,-11.1,0.08,-10.3,0.13,7.9432823472428214e-12,5.0118723362727148e-11,RAR.mrt,direct_standard_rar_table_only
671,-11.15,0.07,-10.36,0.14,7.0794578438413731e-12,4.3651583224016655e-11,RAR.mrt,direct_standard_rar_table_only
672,-11.17,0.07,-10.4,0.14,6.7608297539198185e-12,3.9810717055349695e-11,RAR.mrt,direct_standard_rar_table_only
673,-11.49,0.06,-10.74,0.17,3.2359365692962812e-12,1.8197008586099825e-11,RAR.mrt,direct_standard_rar_table_only
674,-11.55,0.06,-10.78,0.17,2.8183829312644492e-12,1.6595869074375631e-11,RAR.mrt,direct_standard_rar_table_only
675,-11.55,0.06,-10.82,0.17,2.8183829312644492e-12,1.5135612484362072e-11,RAR.mrt,direct_standard_rar_table_only
676,-11.55,0.05,-10.84,0.17,2.8183829312644492e-12,1.445439770745928e-11,RAR.mrt,direct_standard_rar_table_only
677,-11.31,0.05,-10.7,0.27,4.8977881936844567e-12,1.9952623149688828e-11,RAR.mrt,direct_standard_rar_table_only
678,-11.23,0.04,-10.67,0.27,5.8884365535558838e-12,2.1379620895022323e-11,RAR.mrt,direct_standard_rar_table_only
679,-11.17,0.04,-10.68,0.27,6.7608297539198185e-12,2.0892961308540409e-11,RAR.mrt,direct_standard_rar_table_only
680,-11.16,0.04,-10.65,0.27,6.9183097091893623e-12,2.2387211385683377e-11,RAR.mrt,direct_standard_rar_table_only
681,-11.18,0.04,-10.66,0.27,6.6069344800759645e-12,2.1877616239495519e-11,RAR.mrt,direct_standard_rar_table_only
682,-11.7,0.07,-10.38,0.18,1.9952623149688827e-12,4.1686938347033464e-11,RAR.mrt,direct_standard_rar_table_only
683,-11.4,0.07,-10.36,0.16,3.9810717055349695e-12,4.3651583224016655e-11,RAR.mrt,direct_standard_rar_table_only
684,-11.34,0.05,-10.29,0.16,4.5708818961487516e-12,5.1286138399136583e-11,RAR.mrt,direct_standard_rar_table_only
685,-11.29,0.04,-10.28,0.16,5.128613839913659e-12,5.2480746024977339e-11,RAR.mrt,direct_standard_rar_table_only
686,-11.24,0.04,-10.34,0.16,5.7543993733715668e-12,4.5708818961487517e-11,RAR.mrt,direct_standard_rar_table_only
687,-11.22,0.04,-10.36,0.16,6.0255958607435685e-12,4.3651583224016655e-11,RAR.mrt,direct_standard_rar_table_only
688,-11.23,0.04,-10.4,0.16,5.8884365535558838e-12,3.9810717055349695e-11,RAR.mrt,direct_standard_rar_table_only
689,-11.26,0.04,-10.48,0.16,5.4954087385762484e-12,3.311311214825908e-11,RAR.mrt,direct_standard_rar_table_only
690,-11.33,0.04,-10.6,0.16,4.6773514128719809e-12,2.5118864315095823e-11,RAR.mrt,direct_standard_rar_table_only
691,-11.4,0.04,-10.65,0.16,3.9810717055349695e-12,2.2387211385683377e-11,RAR.mrt,direct_standard_rar_table_only
692,-11.45,0.08,-10.78,0.14,3.5481338923357604e-12,1.6595869074375631e-11,RAR.mrt,direct_standard_rar_table_only
693,-11.36,0.08,-10.73,0.13,4.3651583224016651e-12,1.8620871366628657e-11,RAR.mrt,direct_standard_rar_table_only
694,-10.21,0.1,-9.79,0.16,6.1659500186148097e-11,1.6218100973589331e-10,RAR.mrt,direct_standard_rar_table_only
695,-10.28,0.1,-9.8,0.15,5.2480746024977339e-11,1.5848931924611109e-10,RAR.mrt,direct_standard_rar_table_only
696,-10.37,0.1,-9.9,0.16,4.2657951880159344e-11,1.2589254117941662e-10,RAR.mrt,direct_standard_rar_table_only
697,-10.45,0.1,-9.93,0.15,3.5481338923357607e-11,1.1748975549395304e-10,RAR.mrt,direct_standard_rar_table_only
698,-10.5,0.09,-9.9,0.15,3.1622776601683794e-11,1.2589254117941662e-10,RAR.mrt,direct_standard_rar_table_only
699,-10.56,0.09,-9.85,0.15,2.7542287033381634e-11,1.4125375446227556e-10,RAR.mrt,direct_standard_rar_table_only
700,-10.6,0.08,-9.85,0.15,2.5118864315095823e-11,1.4125375446227556e-10,RAR.mrt,direct_standard_rar_table_only
701,-10.7,0.07,-9.93,0.14,1.9952623149688828e-11,1.1748975549395304e-10,RAR.mrt,direct_standard_rar_table_only
702,-10.79,0.07,-9.97,0.14,1.6218100973589331e-11,1.0715193052376048e-10,RAR.mrt,direct_standard_rar_table_only
703,-10.89,0.07,-10.01,0.14,1.2882495516931322e-11,9.772372209558111e-11,RAR.mrt,direct_standard_rar_table_only
704,-11.0,0.07,-10.09,0.15,9.9999999999999994e-12,8.1283051616409951e-11,RAR.mrt,direct_standard_rar_table_only
705,-11.08,0.06,-10.19,0.15,8.3176377110267085e-12,6.4565422903465622e-11,RAR.mrt,direct_standard_rar_table_only
706,-11.17,0.05,-10.26,0.15,6.7608297539198185e-12,5.4954087385762479e-11,RAR.mrt,direct_standard_rar_table_only
707,-11.24,0.05,-10.31,0.15,5.7543993733715668e-12,4.897788193684456e-11,RAR.mrt,direct_standard_rar_table_only
708,-11.28,0.05,-10.36,0.15,5.2480746024977338e-12,4.3651583224016655e-11,RAR.mrt,direct_standard_rar_table_only
709,-11.29,0.04,-10.4,0.15,5.128613839913659e-12,3.9810717055349695e-11,RAR.mrt,direct_standard_rar_table_only
710,-11.31,0.04,-10.43,0.15,4.8977881936844567e-12,3.7153522909717275e-11,RAR.mrt,direct_standard_rar_table_only
711,-11.35,0.04,-10.47,0.15,4.4668359215096347e-12,3.3884415613920202e-11,RAR.mrt,direct_standard_rar_table_only
712,-11.39,0.04,-10.49,0.15,4.0738027780411221e-12,3.235936569296281e-11,RAR.mrt,direct_standard_rar_table_only
713,-11.43,0.04,-10.52,0.15,3.7153522909717275e-12,3.019951720402019e-11,RAR.mrt,direct_standard_rar_table_only
714,-11.17,0.09,-10.42,0.16,6.7608297539198185e-12,3.8018939632056128e-11,RAR.mrt,direct_standard_rar_table_only
715,-11.29,0.08,-10.5,0.15,5.128613839913659e-12,3.1622776601683794e-11,RAR.mrt,direct_standard_rar_table_only
716,-11.37,0.07,-10.56,0.15,4.2657951880159344e-12,2.7542287033381634e-11,RAR.mrt,direct_standard_rar_table_only
717,-11.41,0.06,-10.59,0.15,3.8904514499428045e-12,2.5703957827688646e-11,RAR.mrt,direct_standard_rar_table_only
718,-11.43,0.05,-10.61,0.15,3.7153522909717275e-12,2.4547089156850335e-11,RAR.mrt,direct_standard_rar_table_only
719,-11.43,0.04,-10.64,0.15,3.7153522909717275e-12,2.2908676527677699e-11,RAR.mrt,direct_standard_rar_table_only
720,-11.44,0.04,-10.67,0.15,3.6307805477010174e-12,2.1379620895022323e-11,RAR.mrt,direct_standard_rar_table_only
721,-11.46,0.04,-10.73,0.15,3.4673685045253096e-12,1.8620871366628657e-11,RAR.mrt,direct_standard_rar_table_only
722,-11.51,0.04,-10.78,0.15,3.0902954325135922e-12,1.6595869074375631e-11,RAR.mrt,direct_standard_rar_table_only
723,-11.57,0.04,-10.82,0.15,2.6915348039269138e-12,1.5135612484362072e-11,RAR.mrt,direct_standard_rar_table_only
724,-11.64,0.04,-10.84,0.16,2.2908676527677699e-12,1.445439770745928e-11,RAR.mrt,direct_standard_rar_table_only
725,-10.89,0.08,-10.55,0.15,1.2882495516931322e-11,2.8183829312644493e-11,RAR.mrt,direct_standard_rar_table_only
726,-10.9,0.07,-10.48,0.14,1.2589254117941662e-11,3.311311214825908e-11,RAR.mrt,direct_standard_rar_table_only
727,-10.94,0.07,-10.5,0.14,1.148153621496884e-11,3.1622776601683794e-11,RAR.mrt,direct_standard_rar_table_only
728,-11.0,0.06,-10.51,0.14,9.9999999999999994e-12,3.0902954325135919e-11,RAR.mrt,direct_standard_rar_table_only
729,-11.05,0.06,-10.53,0.14,8.912509381337441e-12,2.9512092266663903e-11,RAR.mrt,direct_standard_rar_table_only
730,-8.35,0.11,-8.15,0.15,4.4668359215096351e-09,7.0794578438413736e-09,RAR.mrt,direct_standard_rar_table_only
731,-8.41,0.11,-8.33,0.15,3.890451449942805e-09,4.6773514128719815e-09,RAR.mrt,direct_standard_rar_table_only
732,-8.49,0.11,-8.45,0.14,3.2359365692962812e-09,3.5481338923357603e-09,RAR.mrt,direct_standard_rar_table_only
733,-8.56,0.11,-8.54,0.14,2.7542287033381634e-09,2.8840315031266117e-09,RAR.mrt,direct_standard_rar_table_only
734,-8.63,0.11,-8.62,0.14,2.344228815319918e-09,2.3988329190194947e-09,RAR.mrt,direct_standard_rar_table_only
735,-8.69,0.11,-8.69,0.14,2.0417379446695317e-09,2.0417379446695317e-09,RAR.mrt,direct_standard_rar_table_only
736,-8.74,0.11,-8.74,0.14,1.8197008586099825e-09,1.8197008586099825e-09,RAR.mrt,direct_standard_rar_table_only
737,-8.79,0.11,-8.79,0.14,1.6218100973589331e-09,1.6218100973589331e-09,RAR.mrt,direct_standard_rar_table_only
738,-8.84,0.1,-8.83,0.14,1.445439770745928e-09,1.4791083881682072e-09,RAR.mrt,direct_standard_rar_table_only
739,-8.88,0.1,-8.87,0.14,1.3182567385564047e-09,1.348962882591656e-09,RAR.mrt,direct_standard_rar_table_only
740,-8.92,0.1,-8.9,0.14,1.2022644346174132e-09,1.2589254117941663e-09,RAR.mrt,direct_standard_rar_table_only
741,-8.96,0.1,-8.94,0.14,1.0964781961431829e-09,1.148153621496884e-09,RAR.mrt,direct_standard_rar_table_only
742,-8.99,0.1,-8.97,0.14,1.0232929922807536e-09,1.0715193052376049e-09,RAR.mrt,direct_standard_rar_table_only
743,-9.03,0.1,-8.99,0.14,9.3325430079699243e-10,1.0232929922807536e-09,RAR.mrt,direct_standard_rar_table_only
744,-9.06,0.1,-9.02,0.14,8.7096358995607963e-10,9.5499258602143681e-10,RAR.mrt,direct_standard_rar_table_only
745,-9.09,0.1,-9.05,0.14,8.1283051616409954e-10,8.912509381337441e-10,RAR.mrt,direct_standard_rar_table_only
746,-9.11,0.1,-9.07,0.14,7.7624711662869273e-10,8.5113803820237593e-10,RAR.mrt,direct_standard_rar_table_only
747,-9.13,0.1,-9.09,0.14,7.4131024130091618e-10,8.1283051616409954e-10,RAR.mrt,direct_standard_rar_table_only
748,-9.15,0.1,-9.11,0.14,7.0794578438413732e-10,7.7624711662869273e-10,RAR.mrt,direct_standard_rar_table_only
749,-9.17,0.1,-9.13,0.14,6.7608297539198189e-10,7.4131024130091618e-10,RAR.mrt,direct_standard_rar_table_only
750,-9.19,0.1,-9.15,0.14,6.456542290346563e-10,7.0794578438413732e-10,RAR.mrt,direct_standard_rar_table_only
751,-9.21,0.1,-9.17,0.14,6.1659500186148092e-10,6.7608297539198189e-10,RAR.mrt,direct_standard_rar_table_only
752,-9.23,0.1,-9.19,0.14,5.8884365535558835e-10,6.456542290346563e-10,RAR.mrt,direct_standard_rar_table_only
753,-9.24,0.09,-9.21,0.14,5.7543993733715669e-10,6.1659500186148092e-10,RAR.mrt,direct_standard_rar_table_only
754,-9.26,0.09,-9.22,0.14,5.4954087385762482e-10,6.0255958607435691e-10,RAR.mrt,direct_standard_rar_table_only
755,-9.28,0.09,-9.24,0.14,5.2480746024977342e-10,5.7543993733715669e-10,RAR.mrt,direct_standard_rar_table_only
756,-9.3,0.09,-9.25,0.14,5.0118723362727143e-10,5.623413251903491e-10,RAR.mrt,direct_standard_rar_table_only
757,-9.31,0.09,-9.27,0.14,4.8977881936844559e-10,5.3703179637025321e-10,RAR.mrt,direct_standard_rar_table_only
758,-9.33,0.09,-9.28,0.14,4.6773514128719813e-10,5.2480746024977342e-10,RAR.mrt,direct_standard_rar_table_only
759,-9.34,0.09,-9.29,0.14,4.5708818961487517e-10,5.1286138399136583e-10,RAR.mrt,direct_standard_rar_table_only
760,-9.36,0.09,-9.31,0.14,4.3651583224016655e-10,4.8977881936844559e-10,RAR.mrt,direct_standard_rar_table_only
761,-9.38,0.09,-9.32,0.14,4.1686938347033463e-10,4.7863009232263798e-10,RAR.mrt,direct_standard_rar_table_only
762,-9.39,0.09,-9.33,0.14,4.0738027780411222e-10,4.6773514128719813e-10,RAR.mrt,direct_standard_rar_table_only
763,-9.41,0.09,-9.35,0.14,3.8904514499428046e-10,4.4668359215096347e-10,RAR.mrt,direct_standard_rar_table_only
764,-9.42,0.09,-9.36,0.14,3.8018939632056128e-10,4.3651583224016655e-10,RAR.mrt,direct_standard_rar_table_only
765,-9.44,0.09,-9.37,0.15,3.6307805477010177e-10,4.2657951880159342e-10,RAR.mrt,direct_standard_rar_table_only
766,-9.46,0.09,-9.38,0.14,3.4673685045253098e-10,4.1686938347033463e-10,RAR.mrt,direct_standard_rar_table_only
767,-9.47,0.09,-9.39,0.14,3.3884415613920202e-10,4.0738027780411222e-10,RAR.mrt,direct_standard_rar_table_only
768,-9.48,0.09,-9.4,0.14,3.3113112148259076e-10,3.9810717055349694e-10,RAR.mrt,direct_standard_rar_table_only
769,-9.49,0.09,-9.41,0.14,3.2359365692962813e-10,3.8904514499428046e-10,RAR.mrt,direct_standard_rar_table_only
770,-9.5,0.09,-9.42,0.14,3.1622776601683795e-10,3.8018939632056128e-10,RAR.mrt,direct_standard_rar_table_only
771,-9.53,0.08,-9.44,0.14,2.9512092266663898e-10,3.6307805477010177e-10,RAR.mrt,direct_standard_rar_table_only
772,-9.55,0.08,-9.45,0.14,2.8183829312644494e-10,3.5481338923357605e-10,RAR.mrt,direct_standard_rar_table_only
773,-9.56,0.08,-9.46,0.14,2.7542287033381632e-10,3.4673685045253098e-10,RAR.mrt,direct_standard_rar_table_only
774,-9.58,0.08,-9.47,0.14,2.6302679918953814e-10,3.3884415613920202e-10,RAR.mrt,direct_standard_rar_table_only
775,-9.65,0.08,-9.51,0.14,2.2387211385683377e-10,3.0902954325135922e-10,RAR.mrt,direct_standard_rar_table_only
776,-9.66,0.08,-9.53,0.14,2.1877616239495518e-10,2.9512092266663898e-10,RAR.mrt,direct_standard_rar_table_only
777,-9.66,0.08,-9.53,0.14,2.1877616239495518e-10,2.9512092266663898e-10,RAR.mrt,direct_standard_rar_table_only
778,-9.67,0.08,-9.53,0.14,2.1379620895022325e-10,2.9512092266663898e-10,RAR.mrt,direct_standard_rar_table_only
779,-9.68,0.08,-9.54,0.14,2.089296130854041e-10,2.8840315031266117e-10,RAR.mrt,direct_standard_rar_table_only
780,-9.69,0.08,-9.55,0.14,2.0417379446695316e-10,2.8183829312644494e-10,RAR.mrt,direct_standard_rar_table_only
781,-9.7,0.08,-9.56,0.14,1.9952623149688828e-10,2.7542287033381632e-10,RAR.mrt,direct_standard_rar_table_only
782,-9.72,0.08,-9.57,0.14,1.9054607179632444e-10,2.6915348039269137e-10,RAR.mrt,direct_standard_rar_table_only
783,-9.8,0.08,-9.63,0.14,1.5848931924611109e-10,2.3442288153199181e-10,RAR.mrt,direct_standard_rar_table_only
784,-9.92,0.08,-9.71,0.14,1.2022644346174132e-10,1.9498445997580414e-10,RAR.mrt,direct_standard_rar_table_only
785,-10.02,0.08,-9.78,0.14,9.5499258602143689e-11,1.6595869074375631e-10,RAR.mrt,direct_standard_rar_table_only
786,-10.13,0.07,-9.83,0.14,7.4131024130091616e-11,1.4791083881682071e-10,RAR.mrt,direct_standard_rar_table_only
787,-10.22,0.07,-9.89,0.14,6.0255958607435689e-11,1.2882495516931322e-10,RAR.mrt,direct_standard_rar_table_only
788,-10.31,0.07,-9.93,0.14,4.897788193684456e-11,1.1748975549395304e-10,RAR.mrt,direct_standard_rar_table_only
789,-10.38,0.07,-9.97,0.14,4.1686938347033464e-11,1.0715193052376048e-10,RAR.mrt,direct_standard_rar_table_only
790,-10.44,0.07,-10.01,0.14,3.6307805477010174e-11,9.772372209558111e-11,RAR.mrt,direct_standard_rar_table_only
791,-10.49,0.07,-10.05,0.14,3.235936569296281e-11,8.912509381337441e-11,RAR.mrt,direct_standard_rar_table_only
792,-10.55,0.07,-10.08,0.14,2.8183829312644493e-11,8.3176377110267092e-11,RAR.mrt,direct_standard_rar_table_only
793,-10.64,0.07,-10.14,0.14,2.2908676527677699e-11,7.2443596007498915e-11,RAR.mrt,direct_standard_rar_table_only
794,-10.73,0.07,-10.21,0.15,1.8620871366628657e-11,6.1659500186148097e-11,RAR.mrt,direct_standard_rar_table_only
795,-10.82,0.07,-10.28,0.15,1.5135612484362072e-11,5.2480746024977339e-11,RAR.mrt,direct_standard_rar_table_only
796,-10.9,0.07,-10.37,0.14,1.2589254117941662e-11,4.2657951880159344e-11,RAR.mrt,direct_standard_rar_table_only
797,-10.97,0.07,-10.45,0.14,1.0715193052376049e-11,3.5481338923357607e-11,RAR.mrt,direct_standard_rar_table_only
798,-11.04,0.07,-10.48,0.14,9.1201083935591156e-12,3.311311214825908e-11,RAR.mrt,direct_standard_rar_table_only
799,-11.09,0.06,-10.51,0.14,8.1283051616409945e-12,3.0902954325135919e-11,RAR.mrt,direct_standard_rar_table_only
800,-11.14,0.06,-10.53,0.14,7.2443596007498911e-12,2.9512092266663903e-11,RAR.mrt,direct_standard_rar_table_only
801,-11.19,0.06,-10.54,0.14,6.4565422903465627e-12,2.8840315031266117e-11,RAR.mrt,direct_standard_rar_table_only
802,-10.93,0.1,-10.44,0.15,1.1748975549395303e-11,3.6307805477010174e-11,RAR.mrt,direct_standard_rar_table_only
803,-10.97,0.08,-10.41,0.14,1.0715193052376049e-11,3.8904514499428045e-11,RAR.mrt,direct_standard_rar_table_only
804,-10.96,0.07,-10.46,0.14,1.0964781961431828e-11,3.4673685045253096e-11,RAR.mrt,direct_standard_rar_table_only
805,-11.02,0.06,-10.5,0.14,9.5499258602143682e-12,3.1622776601683794e-11,RAR.mrt,direct_standard_rar_table_only
806,-11.07,0.05,-10.53,0.14,8.5113803820237597e-12,2.9512092266663903e-11,RAR.mrt,direct_standard_rar_table_only
807,-11.15,0.05,-10.57,0.14,7.0794578438413731e-12,2.6915348039269138e-11,RAR.mrt,direct_standard_rar_table_only
808,-11.16,0.05,-10.62,0.14,6.9183097091893623e-12,2.3988329190194948e-11,RAR.mrt,direct_standard_rar_table_only
809,-11.2,0.05,-10.66,0.14,6.3095734448019426e-12,2.1877616239495519e-11,RAR.mrt,direct_standard_rar_table_only
810,-11.08,0.06,-10.62,0.09,8.3176377110267085e-12,2.3988329190194948e-11,RAR.mrt,direct_standard_rar_table_only
811,-11.11,0.05,-10.61,0.07,7.762471166286927e-12,2.4547089156850335e-11,RAR.mrt,direct_standard_rar_table_only
812,-11.16,0.04,-10.72,0.08,6.9183097091893623e-12,1.9054607179632443e-11,RAR.mrt,direct_standard_rar_table_only
813,-11.22,0.04,-10.72,0.08,6.0255958607435685e-12,1.9054607179632443e-11,RAR.mrt,direct_standard_rar_table_only
814,-11.27,0.04,-10.74,0.09,5.3703179637025329e-12,1.8197008586099825e-11,RAR.mrt,direct_standard_rar_table_only
815,-11.32,0.04,-10.8,0.07,4.7863009232263802e-12,1.5848931924611107e-11,RAR.mrt,direct_standard_rar_table_only
816,-10.98,0.1,-10.1,0.15,1.0471285480508986e-11,7.9432823472428218e-11,RAR.mrt,direct_standard_rar_table_only
817,-10.88,0.1,-9.96,0.15,1.3182567385564048e-11,1.0964781961431829e-10,RAR.mrt,direct_standard_rar_table_only
818,-10.79,0.09,-9.96,0.14,1.6218100973589331e-11,1.0964781961431829e-10,RAR.mrt,direct_standard_rar_table_only
819,-10.76,0.08,-10.04,0.14,1.7378008287493762e-11,9.1201083935591153e-11,RAR.mrt,direct_standard_rar_table_only
820,-10.77,0.08,-10.12,0.14,1.6982436524617461e-11,7.5857757502918511e-11,RAR.mrt,direct_standard_rar_table_only
821,-10.83,0.07,-10.19,0.14,1.4791083881682073e-11,6.4565422903465622e-11,RAR.mrt,direct_standard_rar_table_only
822,-10.89,0.07,-10.24,0.14,1.2882495516931322e-11,5.7543993733715666e-11,RAR.mrt,direct_standard_rar_table_only
823,-10.96,0.06,-10.31,0.14,1.0964781961431828e-11,4.897788193684456e-11,RAR.mrt,direct_standard_rar_table_only
824,-11.16,0.13,-10.53,0.16,6.9183097091893623e-12,2.9512092266663903e-11,RAR.mrt,direct_standard_rar_table_only
825,-11.22,0.13,-10.54,0.15,6.0255958607435685e-12,2.8840315031266117e-11,RAR.mrt,direct_standard_rar_table_only
826,-11.24,0.12,-10.55,0.15,5.7543993733715668e-12,2.8183829312644493e-11,RAR.mrt,direct_standard_rar_table_only
827,-11.25,0.12,-10.59,0.15,5.6234132519034904e-12,2.5703957827688646e-11,RAR.mrt,direct_standard_rar_table_only
828,-11.3,0.12,-10.59,0.15,5.0118723362727147e-12,2.5703957827688646e-11,RAR.mrt,direct_standard_rar_table_only
829,-11.33,0.12,-10.57,0.15,4.6773514128719809e-12,2.6915348039269138e-11,RAR.mrt,direct_standard_rar_table_only
830,-11.41,0.13,-10.47,0.14,3.8904514499428045e-12,3.3884415613920202e-11,RAR.mrt,direct_standard_rar_table_only
831,-11.45,0.13,-10.46,0.14,3.5481338923357604e-12,3.4673685045253096e-11,RAR.mrt,direct_standard_rar_table_only
832,-11.43,0.12,-10.44,0.14,3.7153522909717275e-12,3.6307805477010174e-11,RAR.mrt,direct_standard_rar_table_only
833,-11.39,0.11,-10.42,0.14,4.0738027780411221e-12,3.8018939632056128e-11,RAR.mrt,direct_standard_rar_table_only
834,-11.35,0.09,-10.39,0.14,4.4668359215096347e-12,4.0738027780411218e-11,RAR.mrt,direct_standard_rar_table_only
835,-11.26,0.07,-10.39,0.14,5.4954087385762484e-12,4.0738027780411218e-11,RAR.mrt,direct_standard_rar_table_only
836,-11.0,0.05,-10.38,0.15,9.9999999999999994e-12,4.1686938347033464e-11,RAR.mrt,direct_standard_rar_table_only
837,-10.98,0.04,-10.38,0.14,1.0471285480508986e-11,4.1686938347033464e-11,RAR.mrt,direct_standard_rar_table_only
838,-11.0,0.04,-10.38,0.15,9.9999999999999994e-12,4.1686938347033464e-11,RAR.mrt,direct_standard_rar_table_only
839,-9.46,0.09,-9.73,0.14,3.4673685045253098e-10,1.8620871366628656e-10,RAR.mrt,direct_standard_rar_table_only
840,-9.51,0.09,-9.8,0.12,3.0902954325135922e-10,1.5848931924611109e-10,RAR.mrt,direct_standard_rar_table_only
841,-9.54,0.09,-9.86,0.12,2.8840315031266117e-10,1.3803842646028866e-10,RAR.mrt,direct_standard_rar_table_only
842,-9.57,0.09,-9.9,0.12,2.6915348039269137e-10,1.2589254117941662e-10,RAR.mrt,direct_standard_rar_table_only
843,-9.61,0.08,-9.93,0.12,2.4547089156850336e-10,1.1748975549395304e-10,RAR.mrt,direct_standard_rar_table_only
844,-9.65,0.08,-9.96,0.12,2.2387211385683377e-10,1.0964781961431829e-10,RAR.mrt,direct_standard_rar_table_only
845,-9.69,0.08,-9.98,0.12,2.0417379446695316e-10,1.0471285480508985e-10,RAR.mrt,direct_standard_rar_table_only
846,-9.74,0.08,-9.99,0.12,1.8197008586099825e-10,1.0232929922807537e-10,RAR.mrt,direct_standard_rar_table_only
847,-9.77,0.08,-10.0,0.12,1.6982436524617461e-10,1e-10,RAR.mrt,direct_standard_rar_table_only
848,-9.81,0.08,-10.0,0.13,1.5488166189124796e-10,1e-10,RAR.mrt,direct_standard_rar_table_only
849,-9.87,0.08,-10.01,0.13,1.3489628825916561e-10,9.772372209558111e-11,RAR.mrt,direct_standard_rar_table_only
850,-9.91,0.08,-10.01,0.13,1.2302687708123812e-10,9.772372209558111e-11,RAR.mrt,direct_standard_rar_table_only
851,-9.93,0.08,-10.0,0.12,1.1748975549395304e-10,1e-10,RAR.mrt,direct_standard_rar_table_only
852,-9.95,0.08,-10.0,0.12,1.1220184543019652e-10,1e-10,RAR.mrt,direct_standard_rar_table_only
853,-9.98,0.08,-10.0,0.11,1.0471285480508985e-10,1e-10,RAR.mrt,direct_standard_rar_table_only
854,-10.0,0.08,-10.0,0.12,1e-10,1e-10,RAR.mrt,direct_standard_rar_table_only
855,-10.02,0.08,-10.01,0.11,9.5499258602143689e-11,9.772372209558111e-11,RAR.mrt,direct_standard_rar_table_only
856,-10.05,0.08,-10.01,0.12,8.912509381337441e-11,9.772372209558111e-11,RAR.mrt,direct_standard_rar_table_only
857,-10.07,0.08,-10.02,0.11,8.511380382023759e-11,9.5499258602143689e-11,RAR.mrt,direct_standard_rar_table_only
858,-10.09,0.08,-10.02,0.12,8.1283051616409951e-11,9.5499258602143689e-11,RAR.mrt,direct_standard_rar_table_only
859,-10.11,0.08,-10.03,0.13,7.7624711662869273e-11,9.3325430079699241e-11,RAR.mrt,direct_standard_rar_table_only
860,-10.34,0.08,-10.17,0.12,4.5708818961487517e-11,6.7608297539198192e-11,RAR.mrt,direct_standard_rar_table_only
861,-10.53,0.07,-10.3,0.12,2.9512092266663903e-11,5.0118723362727148e-11,RAR.mrt,direct_standard_rar_table_only
862,-10.67,0.07,-10.32,0.11,2.1379620895022323e-11,4.7863009232263801e-11,RAR.mrt,direct_standard_rar_table_only
863,-10.76,0.07,-10.34,0.13,1.7378008287493762e-11,4.5708818961487517e-11,RAR.mrt,direct_standard_rar_table_only
864,-10.77,0.07,-10.35,0.12,1.6982436524617461e-11,4.4668359215096346e-11,RAR.mrt,direct_standard_rar_table_only
865,-10.77,0.07,-10.35,0.12,1.6982436524617461e-11,4.4668359215096346e-11,RAR.mrt,direct_standard_rar_table_only
866,-10.79,0.07,-10.35,0.11,1.6218100973589331e-11,4.4668359215096346e-11,RAR.mrt,direct_standard_rar_table_only
867,-10.79,0.07,-10.36,0.13,1.6218100973589331e-11,4.3651583224016655e-11,RAR.mrt,direct_standard_rar_table_only
868,-10.88,0.06,-10.41,0.11,1.3182567385564048e-11,3.8904514499428045e-11,RAR.mrt,direct_standard_rar_table_only
869,-10.96,0.06,-10.47,0.11,1.0964781961431828e-11,3.3884415613920202e-11,RAR.mrt,direct_standard_rar_table_only
870,-11.03,0.06,-10.51,0.11,9.3325430079699234e-12,3.0902954325135919e-11,RAR.mrt,direct_standard_rar_table_only
871,-11.09,0.05,-10.52,0.11,8.1283051616409945e-12,3.019951720402019e-11,RAR.mrt,direct_standard_rar_table_only
872,-11.16,0.05,-10.54,0.11,6.9183097091893623e-12,2.8840315031266117e-11,RAR.mrt,direct_standard_rar_table_only
873,-11.21,0.05,-10.55,0.11,6.1659500186148099e-12,2.8183829312644493e-11,RAR.mrt,direct_standard_rar_table_only
874,-11.27,0.05,-10.57,0.11,5.3703179637025329e-12,2.6915348039269138e-11,RAR.mrt,direct_standard_rar_table_only
875,-11.32,0.05,-10.58,0.11,4.7863009232263802e-12,2.6302679918953815e-11,RAR.mrt,direct_standard_rar_table_only
876,-11.44,0.05,-10.66,0.11,3.6307805477010174e-12,2.1877616239495519e-11,RAR.mrt,direct_standard_rar_table_only
877,-11.54,0.05,-10.73,0.11,2.8840315031266117e-12,1.8620871366628657e-11,RAR.mrt,direct_standard_rar_table_only
878,-8.88,0.09,-9.0,0.13,1.3182567385564047e-09,1.0000000000000001e-09,RAR.mrt,direct_standard_rar_table_only
879,-9.0,0.08,-9.08,0.12,1.0000000000000001e-09,8.3176377110267092e-10,RAR.mrt,direct_standard_rar_table_only
880,-9.05,0.08,-9.11,0.13,8.912509381337441e-10,7.7624711662869273e-10,RAR.mrt,direct_standard_rar_table_only
881,-9.09,0.08,-9.14,0.14,8.1283051616409954e-10,7.2443596007498912e-10,RAR.mrt,direct_standard_rar_table_only
882,-9.22,0.08,-9.25,0.13,6.0255958607435691e-10,5.623413251903491e-10,RAR.mrt,direct_standard_rar_table_only
883,-9.23,0.08,-9.26,0.13,5.8884365535558835e-10,5.4954087385762482e-10,RAR.mrt,direct_standard_rar_table_only
884,-9.48,0.08,-9.49,0.13,3.3113112148259076e-10,3.2359365692962813e-10,RAR.mrt,direct_standard_rar_table_only
885,-9.71,0.08,-9.68,0.14,1.9498445997580414e-10,2.089296130854041e-10,RAR.mrt,direct_standard_rar_table_only
886,-9.87,0.08,-9.77,0.13,1.3489628825916561e-10,1.6982436524617461e-10,RAR.mrt,direct_standard_rar_table_only
887,-9.99,0.08,-9.82,0.12,1.0232929922807537e-10,1.5135612484362072e-10,RAR.mrt,direct_standard_rar_table_only
888,-10.08,0.08,-9.86,0.12,8.3176377110267092e-11,1.3803842646028866e-10,RAR.mrt,direct_standard_rar_table_only
889,-10.18,0.08,-9.92,0.12,6.6069344800759643e-11,1.2022644346174132e-10,RAR.mrt,direct_standard_rar_table_only
890,-10.26,0.08,-9.98,0.12,5.4954087385762479e-11,1.0471285480508985e-10,RAR.mrt,direct_standard_rar_table_only
891,-10.33,0.08,-10.02,0.12,4.6773514128719814e-11,9.5499258602143689e-11,RAR.mrt,direct_standard_rar_table_only
892,-10.4,0.08,-10.06,0.12,3.9810717055349695e-11,8.7096358995607968e-11,RAR.mrt,direct_standard_rar_table_only
893,-10.47,0.08,-10.12,0.12,3.3884415613920202e-11,7.5857757502918511e-11,RAR.mrt,direct_standard_rar_table_only
894,-10.54,0.08,-10.17,0.12,2.8840315031266117e-11,6.7608297539198192e-11,RAR.mrt,direct_standard_rar_table_only
895,-10.6,0.08,-10.2,0.12,2.5118864315095823e-11,6.3095734448019425e-11,RAR.mrt,direct_standard_rar_table_only
896,-10.67,0.08,-10.24,0.12,2.1379620895022323e-11,5.7543993733715666e-11,RAR.mrt,direct_standard_rar_table_only
897,-10.76,0.07,-10.29,0.12,1.7378008287493762e-11,5.1286138399136583e-11,RAR.mrt,direct_standard_rar_table_only
898,-10.85,0.07,-10.33,0.14,1.4125375446227554e-11,4.6773514128719814e-11,RAR.mrt,direct_standard_rar_table_only
899,-10.99,0.08,-10.38,0.15,1.0232929922807536e-11,4.1686938347033464e-11,RAR.mrt,direct_standard_rar_table_only
900,-9.13,0.1,-9.15,0.11,7.4131024130091618e-10,7.0794578438413732e-10,RAR.mrt,direct_standard_rar_table_only
901,-9.28,0.1,-9.24,0.11,5.2480746024977342e-10,5.7543993733715669e-10,RAR.mrt,direct_standard_rar_table_only
902,-9.34,0.1,-9.26,0.11,4.5708818961487517e-10,5.4954087385762482e-10,RAR.mrt,direct_standard_rar_table_only
903,-9.6,0.08,-9.34,0.1,2.511886431509582e-10,4.5708818961487517e-10,RAR.mrt,direct_standard_rar_table_only
904,-9.64,0.08,-9.35,0.09,2.2908676527677701e-10,4.4668359215096347e-10,RAR.mrt,direct_standard_rar_table_only
905,-9.68,0.08,-9.37,0.1,2.089296130854041e-10,4.2657951880159342e-10,RAR.mrt,direct_standard_rar_table_only
906,-9.7,0.08,-9.38,0.09,1.9952623149688828e-10,4.1686938347033463e-10,RAR.mrt,direct_standard_rar_table_only
907,-9.72,0.08,-9.4,0.09,1.9054607179632444e-10,3.9810717055349694e-10,RAR.mrt,direct_standard_rar_table_only
908,-9.73,0.08,-9.42,0.09,1.8620871366628656e-10,3.8018939632056128e-10,RAR.mrt,direct_standard_rar_table_only
909,-9.75,0.08,-9.43,0.09,1.7782794100389229e-10,3.7153522909717278e-10,RAR.mrt,direct_standard_rar_table_only
910,-9.76,0.08,-9.45,0.09,1.7378008287493763e-10,3.5481338923357605e-10,RAR.mrt,direct_standard_rar_table_only
911,-9.78,0.08,-9.47,0.09,1.6595869074375631e-10,3.3884415613920202e-10,RAR.mrt,direct_standard_rar_table_only
912,-9.79,0.08,-9.49,0.1,1.6218100973589331e-10,3.2359365692962813e-10,RAR.mrt,direct_standard_rar_table_only
913,-9.8,0.08,-9.5,0.1,1.5848931924611109e-10,3.1622776601683795e-10,RAR.mrt,direct_standard_rar_table_only
914,-9.81,0.08,-9.52,0.09,1.5488166189124796e-10,3.0199517204020193e-10,RAR.mrt,direct_standard_rar_table_only
915,-9.82,0.08,-9.54,0.1,1.5135612484362072e-10,2.8840315031266117e-10,RAR.mrt,direct_standard_rar_table_only
916,-9.83,0.09,-9.57,0.1,1.4791083881682071e-10,2.6915348039269137e-10,RAR.mrt,direct_standard_rar_table_only
917,-9.85,0.09,-9.58,0.09,1.4125375446227556e-10,2.6302679918953814e-10,RAR.mrt,direct_standard_rar_table_only
918,-9.87,0.09,-9.6,0.09,1.3489628825916561e-10,2.511886431509582e-10,RAR.mrt,direct_standard_rar_table_only
919,-9.87,0.09,-9.61,0.1,1.3489628825916561e-10,2.4547089156850336e-10,RAR.mrt,direct_standard_rar_table_only
920,-9.88,0.09,-9.62,0.1,1.3182567385564046e-10,2.3988329190194949e-10,RAR.mrt,direct_standard_rar_table_only
921,-9.92,0.09,-9.67,0.1,1.2022644346174132e-10,2.1379620895022325e-10,RAR.mrt,direct_standard_rar_table_only
922,-9.93,0.09,-9.69,0.09,1.1748975549395304e-10,2.0417379446695316e-10,RAR.mrt,direct_standard_rar_table_only
923,-9.95,0.09,-9.71,0.09,1.1220184543019652e-10,1.9498445997580414e-10,RAR.mrt,direct_standard_rar_table_only
924,-9.97,0.09,-9.73,0.11,1.0715193052376048e-10,1.8620871366628656e-10,RAR.mrt,direct_standard_rar_table_only
925,-9.99,0.09,-9.75,0.1,1.0232929922807537e-10,1.7782794100389229e-10,RAR.mrt,direct_standard_rar_table_only
926,-10.02,0.09,-9.79,0.09,9.5499258602143689e-11,1.6218100973589331e-10,RAR.mrt,direct_standard_rar_table_only
927,-10.19,0.09,-9.9,0.09,6.4565422903465622e-11,1.2589254117941662e-10,RAR.mrt,direct_standard_rar_table_only
928,-10.33,0.09,-9.97,0.09,4.6773514128719814e-11,1.0715193052376048e-10,RAR.mrt,direct_standard_rar_table_only
929,-10.34,0.09,-9.97,0.1,4.5708818961487517e-11,1.0715193052376048e-10,RAR.mrt,direct_standard_rar_table_only
930,-10.36,0.09,-9.98,0.1,4.3651583224016655e-11,1.0471285480508985e-10,RAR.mrt,direct_standard_rar_table_only
931,-10.38,0.09,-9.99,0.11,4.1686938347033464e-11,1.0232929922807537e-10,RAR.mrt,direct_standard_rar_table_only
932,-10.39,0.09,-10.0,0.1,4.0738027780411218e-11,1e-10,RAR.mrt,direct_standard_rar_table_only
933,-10.4,0.08,-10.01,0.09,3.9810717055349695e-11,9.772372209558111e-11,RAR.mrt,direct_standard_rar_table_only
934,-10.41,0.08,-10.01,0.09,3.8904514499428045e-11,9.772372209558111e-11,RAR.mrt,direct_standard_rar_table_only
935,-10.42,0.08,-10.02,0.09,3.8018939632056128e-11,9.5499258602143689e-11,RAR.mrt,direct_standard_rar_table_only
936,-10.44,0.08,-10.03,0.1,3.6307805477010174e-11,9.3325430079699241e-11,RAR.mrt,direct_standard_rar_table_only
937,-10.44,0.08,-10.03,0.09,3.6307805477010174e-11,9.3325430079699241e-11,RAR.mrt,direct_standard_rar_table_only
938,-10.54,0.08,-10.1,0.09,2.8840315031266117e-11,7.9432823472428218e-11,RAR.mrt,direct_standard_rar_table_only
939,-10.62,0.08,-10.16,0.09,2.3988329190194948e-11,6.9183097091893625e-11,RAR.mrt,direct_standard_rar_table_only
940,-10.7,0.07,-10.21,0.09,1.9952623149688828e-11,6.1659500186148097e-11,RAR.mrt,direct_standard_rar_table_only
941,-10.78,0.07,-10.26,0.09,1.6595869074375631e-11,5.4954087385762479e-11,RAR.mrt,direct_standard_rar_table_only
942,-10.86,0.07,-10.32,0.09,1.3803842646028866e-11,4.7863009232263801e-11,RAR.mrt,direct_standard_rar_table_only
943,-10.93,0.07,-10.35,0.09,1.1748975549395303e-11,4.4668359215096346e-11,RAR.mrt,direct_standard_rar_table_only
944,-11.07,0.07,-10.36,0.09,8.5113803820237597e-12,4.3651583224016655e-11,RAR.mrt,direct_standard_rar_table_only
945,-11.16,0.07,-10.41,0.09,6.9183097091893623e-12,3.8904514499428045e-11,RAR.mrt,direct_standard_rar_table_only
946,-8.43,0.11,-8.18,0.15,3.715352290971728e-09,6.6069344800759643e-09,RAR.mrt,direct_standard_rar_table_only
947,-8.46,0.11,-8.29,0.15,3.4673685045253096e-09,5.1286138399136583e-09,RAR.mrt,direct_standard_rar_table_only
948,-8.51,0.1,-8.39,0.14,3.0902954325135919e-09,4.0738027780411223e-09,RAR.mrt,direct_standard_rar_table_only
949,-8.56,0.1,-8.47,0.14,2.7542287033381634e-09,3.3884415613920203e-09,RAR.mrt,direct_standard_rar_table_only
950,-8.6,0.1,-8.54,0.14,2.511886431509582e-09,2.8840315031266117e-09,RAR.mrt,direct_standard_rar_table_only
951,-8.64,0.1,-8.6,0.14,2.29086765276777e-09,2.511886431509582e-09,RAR.mrt,direct_standard_rar_table_only
952,-8.68,0.1,-8.64,0.14,2.089296130854041e-09,2.29086765276777e-09,RAR.mrt,direct_standard_rar_table_only
953,-8.71,0.1,-8.69,0.14,1.9498445997580416e-09,2.0417379446695317e-09,RAR.mrt,direct_standard_rar_table_only
954,-8.75,0.1,-8.73,0.15,1.7782794100389228e-09,1.8620871366628656e-09,RAR.mrt,direct_standard_rar_table_only
955,-8.77,0.1,-8.76,0.14,1.698243652461746e-09,1.7378008287493762e-09,RAR.mrt,direct_standard_rar_table_only
956,-8.8,0.09,-8.79,0.15,1.5848931924611109e-09,1.6218100973589331e-09,RAR.mrt,direct_standard_rar_table_only
957,-8.82,0.09,-8.82,0.14,1.5135612484362073e-09,1.5135612484362073e-09,RAR.mrt,direct_standard_rar_table_only
958,-8.84,0.09,-8.85,0.15,1.445439770745928e-09,1.4125375446227555e-09,RAR.mrt,direct_standard_rar_table_only
959,-8.87,0.09,-8.88,0.15,1.348962882591656e-09,1.3182567385564047e-09,RAR.mrt,direct_standard_rar_table_only
960,-8.89,0.09,-8.9,0.15,1.2882495516931322e-09,1.2589254117941663e-09,RAR.mrt,direct_standard_rar_table_only
961,-8.91,0.09,-8.92,0.16,1.2302687708123811e-09,1.2022644346174132e-09,RAR.mrt,direct_standard_rar_table_only
962,-8.93,0.09,-8.94,0.15,1.1748975549395303e-09,1.148153621496884e-09,RAR.mrt,direct_standard_rar_table_only
963,-8.95,0.09,-8.96,0.14,1.1220184543019653e-09,1.0964781961431829e-09,RAR.mrt,direct_standard_rar_table_only
964,-8.97,0.08,-8.98,0.15,1.0715193052376049e-09,1.0471285480508984e-09,RAR.mrt,direct_standard_rar_table_only
965,-8.99,0.08,-8.99,0.15,1.0232929922807536e-09,1.0232929922807536e-09,RAR.mrt,direct_standard_rar_table_only
966,-9.01,0.08,-9.01,0.15,9.7723722095581118e-10,9.7723722095581118e-10,RAR.mrt,direct_standard_rar_table_only
967,-9.03,0.08,-9.02,0.15,9.3325430079699243e-10,9.5499258602143681e-10,RAR.mrt,direct_standard_rar_table_only
968,-9.05,0.08,-9.04,0.15,8.912509381337441e-10,9.1201083935591153e-10,RAR.mrt,direct_standard_rar_table_only
969,-9.07,0.08,-9.05,0.15,8.5113803820237593e-10,8.912509381337441e-10,RAR.mrt,direct_standard_rar_table_only
970,-9.08,0.08,-9.06,0.15,8.3176377110267092e-10,8.7096358995607963e-10,RAR.mrt,direct_standard_rar_table_only
971,-9.1,0.08,-9.07,0.16,7.9432823472428218e-10,8.5113803820237593e-10,RAR.mrt,direct_standard_rar_table_only
972,-9.12,0.08,-9.08,0.14,7.5857757502918514e-10,8.3176377110267092e-10,RAR.mrt,direct_standard_rar_table_only
973,-9.13,0.08,-9.09,0.15,7.4131024130091618e-10,8.1283051616409954e-10,RAR.mrt,direct_standard_rar_table_only
974,-9.15,0.08,-9.11,0.14,7.0794578438413732e-10,7.7624711662869273e-10,RAR.mrt,direct_standard_rar_table_only
975,-9.16,0.08,-9.11,0.14,6.918309709189363e-10,7.7624711662869273e-10,RAR.mrt,direct_standard_rar_table_only
976,-9.17,0.08,-9.12,0.14,6.7608297539198189e-10,7.5857757502918514e-10,RAR.mrt,direct_standard_rar_table_only
977,-9.18,0.08,-9.13,0.14,6.6069344800759641e-10,7.4131024130091618e-10,RAR.mrt,direct_standard_rar_table_only
978,-9.19,0.08,-9.14,0.14,6.456542290346563e-10,7.2443596007498912e-10,RAR.mrt,direct_standard_rar_table_only
979,-9.2,0.08,-9.14,0.14,6.3095734448019425e-10,7.2443596007498912e-10,RAR.mrt,direct_standard_rar_table_only
980,-9.21,0.08,-9.15,0.15,6.1659500186148092e-10,7.0794578438413732e-10,RAR.mrt,direct_standard_rar_table_only
981,-9.22,0.08,-9.16,0.15,6.0255958607435691e-10,6.918309709189363e-10,RAR.mrt,direct_standard_rar_table_only
982,-9.23,0.08,-9.16,0.15,5.8884365535558835e-10,6.918309709189363e-10,RAR.mrt,direct_standard_rar_table_only
983,-9.24,0.08,-9.17,0.15,5.7543993733715669e-10,6.7608297539198189e-10,RAR.mrt,direct_standard_rar_table_only
984,-9.33,0.08,-9.22,0.14,4.6773514128719813e-10,6.0255958607435691e-10,RAR.mrt,direct_standard_rar_table_only
985,-9.33,0.08,-9.22,0.14,4.6773514128719813e-10,6.0255958607435691e-10,RAR.mrt,direct_standard_rar_table_only
986,-9.34,0.08,-9.23,0.14,4.5708818961487517e-10,5.8884365535558835e-10,RAR.mrt,direct_standard_rar_table_only
987,-9.35,0.08,-9.23,0.14,4.4668359215096347e-10,5.8884365535558835e-10,RAR.mrt,direct_standard_rar_table_only
988,-9.38,0.08,-9.25,0.14,4.1686938347033463e-10,5.623413251903491e-10,RAR.mrt,direct_standard_rar_table_only
989,-9.42,0.08,-9.27,0.14,3.8018939632056128e-10,5.3703179637025321e-10,RAR.mrt,direct_standard_rar_table_only
990,-9.43,0.08,-9.27,0.14,3.7153522909717278e-10,5.3703179637025321e-10,RAR.mrt,direct_standard_rar_table_only
991,-9.43,0.08,-9.27,0.14,3.7153522909717278e-10,5.3703179637025321e-10,RAR.mrt,direct_standard_rar_table_only
992,-9.44,0.08,-9.28,0.14,3.6307805477010177e-10,5.2480746024977342e-10,RAR.mrt,direct_standard_rar_table_only
993,-9.45,0.08,-9.28,0.14,3.5481338923357605e-10,5.2480746024977342e-10,RAR.mrt,direct_standard_rar_table_only
994,-9.46,0.09,-9.28,0.14,3.4673685045253098e-10,5.2480746024977342e-10,RAR.mrt,direct_standard_rar_table_only
995,-9.46,0.09,-9.29,0.14,3.4673685045253098e-10,5.1286138399136583e-10,RAR.mrt,direct_standard_rar_table_only
996,-9.48,0.09,-9.3,0.14,3.3113112148259076e-10,5.0118723362727143e-10,RAR.mrt,direct_standard_rar_table_only
997,-9.5,0.09,-9.31,0.14,3.1622776601683795e-10,4.8977881936844559e-10,RAR.mrt,direct_standard_rar_table_only
998,-9.5,0.09,-9.31,0.14,3.1622776601683795e-10,4.8977881936844559e-10,RAR.mrt,direct_standard_rar_table_only
999,-9.51,0.09,-9.31,0.14,3.0902954325135922e-10,4.8977881936844559e-10,RAR.mrt,direct_standard_rar_table_only
1000,-9.52,0.09,-9.32,0.14,3.0199517204020193e-10,4.7863009232263798e-10,RAR.mrt,direct_standard_rar_table_only
1001,-9.52,0.09,-9.32,0.14,3.0199517204020193e-10,4.7863009232263798e-10,RAR.mrt,direct_standard_rar_table_only
1002,-9.53,0.09,-9.32,0.14,2.9512092266663898e-10,4.7863009232263798e-10,RAR.mrt,direct_standard_rar_table_only
1003,-9.53,0.09,-9.33,0.14,2.9512092266663898e-10,4.6773514128719813e-10,RAR.mrt,direct_standard_rar_table_only
1004,-9.54,0.09,-9.33,0.14,2.8840315031266117e-10,4.6773514128719813e-10,RAR.mrt,direct_standard_rar_table_only
1005,-9.55,0.09,-9.34,0.15,2.8183829312644494e-10,4.5708818961487517e-10,RAR.mrt,direct_standard_rar_table_only
1006,-9.55,0.09,-9.34,0.14,2.8183829312644494e-10,4.5708818961487517e-10,RAR.mrt,direct_standard_rar_table_only
1007,-9.56,0.09,-9.34,0.14,2.7542287033381632e-10,4.5708818961487517e-10,RAR.mrt,direct_standard_rar_table_only
1008,-9.57,0.09,-9.35,0.14,2.6915348039269137e-10,4.4668359215096347e-10,RAR.mrt,direct_standard_rar_table_only
1009,-9.58,0.09,-9.36,0.14,2.6302679918953814e-10,4.3651583224016655e-10,RAR.mrt,direct_standard_rar_table_only
1010,-9.58,0.09,-9.36,0.14,2.6302679918953814e-10,4.3651583224016655e-10,RAR.mrt,direct_standard_rar_table_only
1011,-9.62,0.09,-9.39,0.14,2.3988329190194949e-10,4.0738027780411222e-10,RAR.mrt,direct_standard_rar_table_only
1012,-9.63,0.09,-9.39,0.15,2.3442288153199181e-10,4.0738027780411222e-10,RAR.mrt,direct_standard_rar_table_only
1013,-9.64,0.09,-9.4,0.14,2.2908676527677701e-10,3.9810717055349694e-10,RAR.mrt,direct_standard_rar_table_only
1014,-9.64,0.09,-9.4,0.14,2.2908676527677701e-10,3.9810717055349694e-10,RAR.mrt,direct_standard_rar_table_only
1015,-9.65,0.09,-9.4,0.14,2.2387211385683377e-10,3.9810717055349694e-10,RAR.mrt,direct_standard_rar_table_only
1016,-9.65,0.09,-9.41,0.14,2.2387211385683377e-10,3.8904514499428046e-10,RAR.mrt,direct_standard_rar_table_only
1017,-9.72,0.09,-9.46,0.14,1.9054607179632444e-10,3.4673685045253098e-10,RAR.mrt,direct_standard_rar_table_only
1018,-9.79,0.09,-9.52,0.14,1.6218100973589331e-10,3.0199517204020193e-10,RAR.mrt,direct_standard_rar_table_only
1019,-9.85,0.09,-9.58,0.14,1.4125375446227556e-10,2.6302679918953814e-10,RAR.mrt,direct_standard_rar_table_only
1020,-9.9,0.09,-9.63,0.14,1.2589254117941662e-10,2.3442288153199181e-10,RAR.mrt,direct_standard_rar_table_only
1021,-9.97,0.09,-9.69,0.14,1.0715193052376048e-10,2.0417379446695316e-10,RAR.mrt,direct_standard_rar_table_only
1022,-10.04,0.09,-9.73,0.14,9.1201083935591153e-11,1.8620871366628656e-10,RAR.mrt,direct_standard_rar_table_only
1023,-10.11,0.09,-9.77,0.14,7.7624711662869273e-11,1.6982436524617461e-10,RAR.mrt,direct_standard_rar_table_only
1024,-10.17,0.09,-9.81,0.14,6.7608297539198192e-11,1.5488166189124796e-10,RAR.mrt,direct_standard_rar_table_only
1025,-10.22,0.09,-9.84,0.14,6.0255958607435689e-11,1.4454397707459281e-10,RAR.mrt,direct_standard_rar_table_only
1026,-10.27,0.09,-9.86,0.14,5.3703179637025328e-11,1.3803842646028866e-10,RAR.mrt,direct_standard_rar_table_only
1027,-10.32,0.09,-9.89,0.14,4.7863009232263801e-11,1.2882495516931322e-10,RAR.mrt,direct_standard_rar_table_only
1028,-10.37,0.09,-9.92,0.14,4.2657951880159344e-11,1.2022644346174132e-10,RAR.mrt,direct_standard_rar_table_only
1029,-10.42,0.09,-9.95,0.14,3.8018939632056128e-11,1.1220184543019652e-10,RAR.mrt,direct_standard_rar_table_only
1030,-10.47,0.09,-9.99,0.14,3.3884415613920202e-11,1.0232929922807537e-10,RAR.mrt,direct_standard_rar_table_only
1031,-10.51,0.09,-10.02,0.14,3.0902954325135919e-11,9.5499258602143689e-11,RAR.mrt,direct_standard_rar_table_only
1032,-10.55,0.09,-10.05,0.14,2.8183829312644493e-11,8.912509381337441e-11,RAR.mrt,direct_standard_rar_table_only
1033,-10.59,0.09,-10.08,0.14,2.5703957827688646e-11,8.3176377110267092e-11,RAR.mrt,direct_standard_rar_table_only
1034,-10.63,0.09,-10.1,0.14,2.3442288153199179e-11,7.9432823472428218e-11,RAR.mrt,direct_standard_rar_table_only
1035,-10.66,0.09,-10.12,0.14,2.1877616239495519e-11,7.5857757502918511e-11,RAR.mrt,direct_standard_rar_table_only
1036,-10.69,0.09,-10.14,0.14,2.0417379446695317e-11,7.2443596007498915e-11,RAR.mrt,direct_standard_rar_table_only
1037,-10.72,0.09,-10.16,0.14,1.9054607179632443e-11,6.9183097091893625e-11,RAR.mrt,direct_standard_rar_table_only
1038,-10.76,0.09,-10.18,0.14,1.7378008287493762e-11,6.6069344800759643e-11,RAR.mrt,direct_standard_rar_table_only
1039,-10.79,0.09,-10.2,0.14,1.6218100973589331e-11,6.3095734448019425e-11,RAR.mrt,direct_standard_rar_table_only
1040,-10.82,0.09,-10.22,0.14,1.5135612484362072e-11,6.0255958607435689e-11,RAR.mrt,direct_standard_rar_table_only
1041,-10.84,0.09,-10.23,0.14,1.445439770745928e-11,5.8884365535558838e-11,RAR.mrt,direct_standard_rar_table_only
1042,-10.87,0.09,-10.24,0.14,1.348962882591656e-11,5.7543993733715666e-11,RAR.mrt,direct_standard_rar_table_only
1043,-10.9,0.09,-10.26,0.14,1.2589254117941662e-11,5.4954087385762479e-11,RAR.mrt,direct_standard_rar_table_only
1044,-10.92,0.09,-10.27,0.14,1.202264434617413e-11,5.3703179637025328e-11,RAR.mrt,direct_standard_rar_table_only
1045,-10.94,0.09,-10.28,0.14,1.148153621496884e-11,5.2480746024977339e-11,RAR.mrt,direct_standard_rar_table_only
1046,-10.97,0.09,-10.3,0.14,1.0715193052376049e-11,5.0118723362727148e-11,RAR.mrt,direct_standard_rar_table_only
1047,-10.99,0.09,-10.32,0.14,1.0232929922807536e-11,4.7863009232263801e-11,RAR.mrt,direct_standard_rar_table_only
1048,-11.01,0.09,-10.34,0.14,9.7723722095581123e-12,4.5708818961487517e-11,RAR.mrt,direct_standard_rar_table_only
1049,-11.03,0.09,-10.35,0.14,9.3325430079699234e-12,4.4668359215096346e-11,RAR.mrt,direct_standard_rar_table_only
1050,-11.05,0.09,-10.36,0.14,8.912509381337441e-12,4.3651583224016655e-11,RAR.mrt,direct_standard_rar_table_only
1051,-11.08,0.09,-10.36,0.14,8.3176377110267085e-12,4.3651583224016655e-11,RAR.mrt,direct_standard_rar_table_only
1052,-11.1,0.08,-10.36,0.14,7.9432823472428214e-12,4.3651583224016655e-11,RAR.mrt,direct_standard_rar_table_only
1053,-11.12,0.08,-10.37,0.14,7.5857757502918518e-12,4.2657951880159344e-11,RAR.mrt,direct_standard_rar_table_only
1054,-11.14,0.08,-10.37,0.14,7.2443596007498911e-12,4.2657951880159344e-11,RAR.mrt,direct_standard_rar_table_only
1055,-11.16,0.08,-10.38,0.14,6.9183097091893623e-12,4.1686938347033464e-11,RAR.mrt,direct_standard_rar_table_only
1056,-11.19,0.08,-10.41,0.14,6.4565422903465627e-12,3.8904514499428045e-11,RAR.mrt,direct_standard_rar_table_only
1057,-11.23,0.09,-10.43,0.14,5.8884365535558838e-12,3.7153522909717275e-11,RAR.mrt,direct_standard_rar_table_only
1058,-11.27,0.09,-10.42,0.14,5.3703179637025329e-12,3.8018939632056128e-11,RAR.mrt,direct_standard_rar_table_only
1059,-9.0,0.11,-8.91,0.11,1.0000000000000001e-09,1.2302687708123811e-09,RAR.mrt,direct_standard_rar_table_only
1060,-9.05,0.11,-9.01,0.1,8.912509381337441e-10,9.7723722095581118e-10,RAR.mrt,direct_standard_rar_table_only
1061,-9.07,0.11,-9.09,0.09,8.5113803820237593e-10,8.1283051616409954e-10,RAR.mrt,direct_standard_rar_table_only
1062,-9.1,0.11,-9.17,0.09,7.9432823472428218e-10,6.7608297539198189e-10,RAR.mrt,direct_standard_rar_table_only
1063,-9.15,0.11,-9.25,0.09,7.0794578438413732e-10,5.623413251903491e-10,RAR.mrt,direct_standard_rar_table_only
1064,-9.22,0.1,-9.31,0.09,6.0255958607435691e-10,4.8977881936844559e-10,RAR.mrt,direct_standard_rar_table_only
1065,-9.25,0.1,-9.35,0.1,5.623413251903491e-10,4.4668359215096347e-10,RAR.mrt,direct_standard_rar_table_only
1066,-9.27,0.1,-9.37,0.09,5.3703179637025321e-10,4.2657951880159342e-10,RAR.mrt,direct_standard_rar_table_only
1067,-9.33,0.1,-9.43,0.09,4.6773514128719813e-10,3.7153522909717278e-10,RAR.mrt,direct_standard_rar_table_only
1068,-9.39,0.1,-9.47,0.09,4.0738027780411222e-10,3.3884415613920202e-10,RAR.mrt,direct_standard_rar_table_only
1069,-9.44,0.1,-9.51,0.09,3.6307805477010177e-10,3.0902954325135922e-10,RAR.mrt,direct_standard_rar_table_only
1070,-9.5,0.1,-9.55,0.09,3.1622776601683795e-10,2.8183829312644494e-10,RAR.mrt,direct_standard_rar_table_only
1071,-9.55,0.1,-9.58,0.1,2.8183829312644494e-10,2.6302679918953814e-10,RAR.mrt,direct_standard_rar_table_only
1072,-9.6,0.1,-9.6,0.09,2.511886431509582e-10,2.511886431509582e-10,RAR.mrt,direct_standard_rar_table_only
1073,-9.65,0.1,-9.63,0.1,2.2387211385683377e-10,2.3442288153199181e-10,RAR.mrt,direct_standard_rar_table_only
1074,-9.7,0.1,-9.64,0.09,1.9952623149688828e-10,2.2908676527677701e-10,RAR.mrt,direct_standard_rar_table_only
1075,-9.71,0.1,-9.65,0.09,1.9498445997580414e-10,2.2387211385683377e-10,RAR.mrt,direct_standard_rar_table_only
1076,-9.74,0.09,-9.66,0.09,1.8197008586099825e-10,2.1877616239495518e-10,RAR.mrt,direct_standard_rar_table_only
1077,-9.78,0.09,-9.68,0.09,1.6595869074375631e-10,2.089296130854041e-10,RAR.mrt,direct_standard_rar_table_only
1078,-9.82,0.09,-9.69,0.09,1.5135612484362072e-10,2.0417379446695316e-10,RAR.mrt,direct_standard_rar_table_only
1079,-9.85,0.09,-9.71,0.09,1.4125375446227556e-10,1.9498445997580414e-10,RAR.mrt,direct_standard_rar_table_only
1080,-9.88,0.09,-9.73,0.09,1.3182567385564046e-10,1.8620871366628656e-10,RAR.mrt,direct_standard_rar_table_only
1081,-9.92,0.09,-9.74,0.1,1.2022644346174132e-10,1.8197008586099825e-10,RAR.mrt,direct_standard_rar_table_only
1082,-9.95,0.09,-9.76,0.1,1.1220184543019652e-10,1.7378008287493763e-10,RAR.mrt,direct_standard_rar_table_only
1083,-9.97,0.09,-9.78,0.1,1.0715193052376048e-10,1.6595869074375631e-10,RAR.mrt,direct_standard_rar_table_only
1084,-9.99,0.09,-9.79,0.09,1.0232929922807537e-10,1.6218100973589331e-10,RAR.mrt,direct_standard_rar_table_only
1085,-10.0,0.09,-9.8,0.09,1e-10,1.5848931924611109e-10,RAR.mrt,direct_standard_rar_table_only
1086,-10.03,0.08,-9.82,0.12,9.3325430079699241e-11,1.5135612484362072e-10,RAR.mrt,direct_standard_rar_table_only
1087,-10.06,0.08,-9.83,0.09,8.7096358995607968e-11,1.4791083881682071e-10,RAR.mrt,direct_standard_rar_table_only
1088,-10.08,0.08,-9.85,0.09,8.3176377110267092e-11,1.4125375446227556e-10,RAR.mrt,direct_standard_rar_table_only
1089,-10.1,0.08,-9.87,0.09,7.9432823472428218e-11,1.3489628825916561e-10,RAR.mrt,direct_standard_rar_table_only
1090,-10.19,0.08,-9.94,0.09,6.4565422903465622e-11,1.1481536214968841e-10,RAR.mrt,direct_standard_rar_table_only
1091,-10.2,0.08,-9.95,0.11,6.3095734448019425e-11,1.1220184543019652e-10,RAR.mrt,direct_standard_rar_table_only
1092,-10.33,0.07,-10.05,0.1,4.6773514128719814e-11,8.912509381337441e-11,RAR.mrt,direct_standard_rar_table_only
1093,-10.43,0.06,-10.1,0.11,3.7153522909717275e-11,7.9432823472428218e-11,RAR.mrt,direct_standard_rar_table_only
1094,-10.5,0.06,-10.17,0.11,3.1622776601683794e-11,6.7608297539198192e-11,RAR.mrt,direct_standard_rar_table_only
1095,-10.59,0.06,-10.25,0.1,2.5703957827688646e-11,5.6234132519034906e-11,RAR.mrt,direct_standard_rar_table_only
1096,-10.68,0.05,-10.36,0.11,2.0892961308540409e-11,4.3651583224016655e-11,RAR.mrt,direct_standard_rar_table_only
1097,-10.77,0.05,-10.46,0.11,1.6982436524617461e-11,3.4673685045253096e-11,RAR.mrt,direct_standard_rar_table_only
1098,-10.85,0.05,-10.51,0.1,1.4125375446227554e-11,3.0902954325135919e-11,RAR.mrt,direct_standard_rar_table_only
1099,-10.91,0.05,-10.55,0.1,1.2302687708123811e-11,2.8183829312644493e-11,RAR.mrt,direct_standard_rar_table_only
1100,-8.99,0.1,-8.75,0.06,1.0232929922807536e-09,1.7782794100389228e-09,RAR.mrt,direct_standard_rar_table_only
1101,-9.32,0.09,-9.2,0.06,4.7863009232263798e-10,6.3095734448019425e-10,RAR.mrt,direct_standard_rar_table_only
1102,-9.66,0.08,-9.51,0.06,2.1877616239495518e-10,3.0902954325135922e-10,RAR.mrt,direct_standard_rar_table_only
1103,-10.02,0.08,-9.76,0.06,9.5499258602143689e-11,1.7378008287493763e-10,RAR.mrt,direct_standard_rar_table_only
1104,-10.22,0.09,-9.88,0.06,6.0255958607435689e-11,1.3182567385564046e-10,RAR.mrt,direct_standard_rar_table_only
1105,-10.31,0.09,-9.94,0.06,4.897788193684456e-11,1.1481536214968841e-10,RAR.mrt,direct_standard_rar_table_only
1106,-10.39,0.09,-10.02,0.06,4.0738027780411218e-11,9.5499258602143689e-11,RAR.mrt,direct_standard_rar_table_only
1107,-10.48,0.09,-10.09,0.06,3.311311214825908e-11,8.1283051616409951e-11,RAR.mrt,direct_standard_rar_table_only
1108,-10.56,0.09,-10.14,0.06,2.7542287033381634e-11,7.2443596007498915e-11,RAR.mrt,direct_standard_rar_table_only
1109,-10.62,0.08,-10.18,0.06,2.3988329190194948e-11,6.6069344800759643e-11,RAR.mrt,direct_standard_rar_table_only
1110,-10.68,0.08,-10.22,0.06,2.0892961308540409e-11,6.0255958607435689e-11,RAR.mrt,direct_standard_rar_table_only
1111,-10.76,0.08,-10.24,0.06,1.7378008287493762e-11,5.7543993733715666e-11,RAR.mrt,direct_standard_rar_table_only
1112,-10.8,0.08,-10.26,0.06,1.5848931924611107e-11,5.4954087385762479e-11,RAR.mrt,direct_standard_rar_table_only
1113,-10.82,0.07,-10.28,0.06,1.5135612484362072e-11,5.2480746024977339e-11,RAR.mrt,direct_standard_rar_table_only
1114,-10.86,0.07,-10.31,0.06,1.3803842646028866e-11,4.897788193684456e-11,RAR.mrt,direct_standard_rar_table_only
1115,-10.91,0.07,-10.34,0.06,1.2302687708123811e-11,4.5708818961487517e-11,RAR.mrt,direct_standard_rar_table_only
1116,-10.96,0.07,-10.36,0.06,1.0964781961431828e-11,4.3651583224016655e-11,RAR.mrt,direct_standard_rar_table_only
1117,-10.99,0.06,-10.39,0.06,1.0232929922807536e-11,4.0738027780411218e-11,RAR.mrt,direct_standard_rar_table_only
1118,-11.03,0.06,-10.41,0.06,9.3325430079699234e-12,3.8904514499428045e-11,RAR.mrt,direct_standard_rar_table_only
1119,-9.69,0.08,-9.33,0.13,2.0417379446695316e-10,4.6773514128719813e-10,RAR.mrt,direct_standard_rar_table_only
1120,-9.69,0.08,-9.34,0.13,2.0417379446695316e-10,4.5708818961487517e-10,RAR.mrt,direct_standard_rar_table_only
1121,-9.7,0.08,-9.35,0.13,1.9952623149688828e-10,4.4668359215096347e-10,RAR.mrt,direct_standard_rar_table_only
1122,-9.91,0.08,-9.54,0.13,1.2302687708123812e-10,2.8840315031266117e-10,RAR.mrt,direct_standard_rar_table_only
1123,-10.07,0.08,-9.67,0.12,8.511380382023759e-11,2.1379620895022325e-10,RAR.mrt,direct_standard_rar_table_only
1124,-10.21,0.08,-9.74,0.12,6.1659500186148097e-11,1.8197008586099825e-10,RAR.mrt,direct_standard_rar_table_only
1125,-10.33,0.08,-9.8,0.12,4.6773514128719814e-11,1.5848931924611109e-10,RAR.mrt,direct_standard_rar_table_only
1126,-10.45,0.08,-9.88,0.12,3.5481338923357607e-11,1.3182567385564046e-10,RAR.mrt,direct_standard_rar_table_only
1127,-10.57,0.08,-9.97,0.12,2.6915348039269138e-11,1.0715193052376048e-10,RAR.mrt,direct_standard_rar_table_only
1128,-10.67,0.08,-10.06,0.12,2.1379620895022323e-11,8.7096358995607968e-11,RAR.mrt,direct_standard_rar_table_only
1129,-10.76,0.08,-10.13,0.12,1.7378008287493762e-11,7.4131024130091616e-11,RAR.mrt,direct_standard_rar_table_only
1130,-10.85,0.08,-10.19,0.12,1.4125375446227554e-11,6.4565422903465622e-11,RAR.mrt,direct_standard_rar_table_only
1131,-10.92,0.08,-10.23,0.12,1.202264434617413e-11,5.8884365535558838e-11,RAR.mrt,direct_standard_rar_table_only
1132,-10.98,0.08,-10.27,0.12,1.0471285480508986e-11,5.3703179637025328e-11,RAR.mrt,direct_standard_rar_table_only
1133,-11.05,0.08,-10.3,0.12,8.912509381337441e-12,5.0118723362727148e-11,RAR.mrt,direct_standard_rar_table_only
1134,-11.11,0.08,-10.32,0.13,7.762471166286927e-12,4.7863009232263801e-11,RAR.mrt,direct_standard_rar_table_only
1135,-11.17,0.08,-10.35,0.13,6.7608297539198185e-12,4.4668359215096346e-11,RAR.mrt,direct_standard_rar_table_only
1136,-10.99,0.1,-10.0,0.15,1.0232929922807536e-11,1e-10,RAR.mrt,direct_standard_rar_table_only
1137,-10.95,0.1,-10.1,0.14,1.1220184543019653e-11,7.9432823472428218e-11,RAR.mrt,direct_standard_rar_table_only
1138,-10.96,0.09,-10.16,0.14,1.0964781961431828e-11,6.9183097091893625e-11,RAR.mrt,direct_standard_rar_table_only
1139,-11.0,0.08,-10.26,0.14,9.9999999999999994e-12,5.4954087385762479e-11,RAR.mrt,direct_standard_rar_table_only
1140,-11.1,0.07,-10.35,0.14,7.9432823472428214e-12,4.4668359215096346e-11,RAR.mrt,direct_standard_rar_table_only
1141,-11.15,0.06,-10.41,0.14,7.0794578438413731e-12,3.8904514499428045e-11,RAR.mrt,direct_standard_rar_table_only
1142,-11.21,0.06,-10.45,0.14,6.1659500186148099e-12,3.5481338923357607e-11,RAR.mrt,direct_standard_rar_table_only
1143,-11.31,0.06,-10.49,0.14,4.8977881936844567e-12,3.235936569296281e-11,RAR.mrt,direct_standard_rar_table_only
1144,-11.3,0.05,-10.53,0.07,5.0118723362727147e-12,2.9512092266663903e-11,RAR.mrt,direct_standard_rar_table_only
1145,-11.31,0.05,-10.56,0.07,4.8977881936844567e-12,2.7542287033381634e-11,RAR.mrt,direct_standard_rar_table_only
1146,-11.36,0.05,-10.59,0.07,4.3651583224016651e-12,2.5703957827688646e-11,RAR.mrt,direct_standard_rar_table_only
1147,-11.41,0.05,-10.62,0.07,3.8904514499428045e-12,2.3988329190194948e-11,RAR.mrt,direct_standard_rar_table_only
1148,-11.41,0.04,-10.65,0.06,3.8904514499428045e-12,2.2387211385683377e-11,RAR.mrt,direct_standard_rar_table_only
1149,-11.42,0.04,-10.68,0.06,3.8018939632056125e-12,2.0892961308540409e-11,RAR.mrt,direct_standard_rar_table_only
1150,-11.24,0.05,-10.68,0.14,5.7543993733715668e-12,2.0892961308540409e-11,RAR.mrt,direct_standard_rar_table_only
1151,-11.29,0.04,-10.67,0.14,5.128613839913659e-12,2.1379620895022323e-11,RAR.mrt,direct_standard_rar_table_only
1152,-11.46,0.04,-10.7,0.14,3.4673685045253096e-12,1.9952623149688828e-11,RAR.mrt,direct_standard_rar_table_only
1153,-11.6,0.04,-10.75,0.14,2.5118864315095823e-12,1.7782794100389227e-11,RAR.mrt,direct_standard_rar_table_only
1154,-11.95,0.11,-10.51,0.15,1.1220184543019652e-12,3.0902954325135919e-11,RAR.mrt,direct_standard_rar_table_only
1155,-11.76,0.07,-10.45,0.14,1.7378008287493763e-12,3.5481338923357607e-11,RAR.mrt,direct_standard_rar_table_only
1156,-11.79,0.06,-10.52,0.14,1.6218100973589331e-12,3.019951720402019e-11,RAR.mrt,direct_standard_rar_table_only
1157,-11.59,0.05,-10.54,0.14,2.5703957827688646e-12,2.8840315031266117e-11,RAR.mrt,direct_standard_rar_table_only
1158,-11.59,0.04,-10.58,0.14,2.5703957827688646e-12,2.6302679918953815e-11,RAR.mrt,direct_standard_rar_table_only
1159,-11.58,0.04,-10.6,0.14,2.6302679918953816e-12,2.5118864315095823e-11,RAR.mrt,direct_standard_rar_table_only
1160,-11.48,0.04,-10.63,0.14,3.3113112148259077e-12,2.3442288153199179e-11,RAR.mrt,direct_standard_rar_table_only
1161,-11.35,0.04,-10.64,0.14,4.4668359215096347e-12,2.2908676527677699e-11,RAR.mrt,direct_standard_rar_table_only
1162,-11.31,0.04,-10.67,0.14,4.8977881936844567e-12,2.1379620895022323e-11,RAR.mrt,direct_standard_rar_table_only
1163,-11.33,0.04,-10.71,0.14,4.6773514128719809e-12,1.9498445997580414e-11,RAR.mrt,direct_standard_rar_table_only
1164,-11.35,0.04,-10.75,0.14,4.4668359215096347e-12,1.7782794100389227e-11,RAR.mrt,direct_standard_rar_table_only
1165,-11.39,0.04,-10.79,0.14,4.0738027780411221e-12,1.6218100973589331e-11,RAR.mrt,direct_standard_rar_table_only
1166,-11.02,0.08,-10.46,0.2,9.5499258602143682e-12,3.4673685045253096e-11,RAR.mrt,direct_standard_rar_table_only
1167,-11.16,0.05,-10.46,0.19,6.9183097091893623e-12,3.4673685045253096e-11,RAR.mrt,direct_standard_rar_table_only
1168,-11.3,0.04,-10.55,0.19,5.0118723362727147e-12,2.8183829312644493e-11,RAR.mrt,direct_standard_rar_table_only
1169,-11.51,0.04,-10.68,0.19,3.0902954325135922e-12,2.0892961308540409e-11,RAR.mrt,direct_standard_rar_table_only
1170,-10.9,0.11,-10.33,0.16,1.2589254117941662e-11,4.6773514128719814e-11,RAR.mrt,direct_standard_rar_table_only
1171,-10.82,0.11,-10.36,0.16,1.5135612484362072e-11,4.3651583224016655e-11,RAR.mrt,direct_standard_rar_table_only
1172,-10.82,0.11,-10.21,0.15,1.5135612484362072e-11,6.1659500186148097e-11,RAR.mrt,direct_standard_rar_table_only
1173,-10.84,0.1,-10.23,0.15,1.445439770745928e-11,5.8884365535558838e-11,RAR.mrt,direct_standard_rar_table_only
1174,-10.87,0.1,-10.18,0.16,1.348962882591656e-11,6.6069344800759643e-11,RAR.mrt,direct_standard_rar_table_only
1175,-11.03,0.07,-10.42,0.15,9.3325430079699234e-12,3.8018939632056128e-11,RAR.mrt,direct_standard_rar_table_only
1176,-11.11,0.05,-10.54,0.15,7.762471166286927e-12,2.8840315031266117e-11,RAR.mrt,direct_standard_rar_table_only
1177,-11.27,0.05,-10.64,0.15,5.3703179637025329e-12,2.2908676527677699e-11,RAR.mrt,direct_standard_rar_table_only
1178,-10.97,0.11,-10.27,0.14,1.0715193052376049e-11,5.3703179637025328e-11,RAR.mrt,direct_standard_rar_table_only
1179,-11.16,0.1,-10.31,0.12,6.9183097091893623e-12,4.897788193684456e-11,RAR.mrt,direct_standard_rar_table_only
1180,-11.27,0.1,-10.37,0.12,5.3703179637025329e-12,4.2657951880159344e-11,RAR.mrt,direct_standard_rar_table_only
1181,-11.33,0.1,-10.43,0.12,4.6773514128719809e-12,3.7153522909717275e-11,RAR.mrt,direct_standard_rar_table_only
1182,-11.34,0.09,-10.51,0.12,4.5708818961487516e-12,3.0902954325135919e-11,RAR.mrt,direct_standard_rar_table_only
1183,-11.36,0.08,-10.53,0.12,4.3651583224016651e-12,2.9512092266663903e-11,RAR.mrt,direct_standard_rar_table_only
1184,-11.37,0.07,-10.56,0.12,4.2657951880159344e-12,2.7542287033381634e-11,RAR.mrt,direct_standard_rar_table_only
1185,-11.4,0.06,-10.6,0.12,3.9810717055349695e-12,2.5118864315095823e-11,RAR.mrt,direct_standard_rar_table_only
1186,-11.41,0.05,-10.64,0.12,3.8904514499428045e-12,2.2908676527677699e-11,RAR.mrt,direct_standard_rar_table_only
1187,-11.45,0.05,-10.69,0.12,3.5481338923357604e-12,2.0417379446695317e-11,RAR.mrt,direct_standard_rar_table_only
1188,-11.46,0.05,-10.71,0.12,3.4673685045253096e-12,1.9498445997580414e-11,RAR.mrt,direct_standard_rar_table_only
1189,-11.51,0.05,-10.75,0.12,3.0902954325135922e-12,1.7782794100389227e-11,RAR.mrt,direct_standard_rar_table_only
1190,-11.58,0.05,-10.78,0.12,2.6302679918953816e-12,1.6595869074375631e-11,RAR.mrt,direct_standard_rar_table_only
1191,-11.63,0.05,-10.84,0.12,2.3442288153199178e-12,1.445439770745928e-11,RAR.mrt,direct_standard_rar_table_only
1192,-11.67,0.04,-10.88,0.12,2.1379620895022326e-12,1.3182567385564048e-11,RAR.mrt,direct_standard_rar_table_only
1193,-11.72,0.04,-10.88,0.12,1.9054607179632443e-12,1.3182567385564048e-11,RAR.mrt,direct_standard_rar_table_only
1194,-11.77,0.04,-10.89,0.12,1.698243652461746e-12,1.2882495516931322e-11,RAR.mrt,direct_standard_rar_table_only
1195,-11.83,0.04,-10.9,0.12,1.4791083881682073e-12,1.2589254117941662e-11,RAR.mrt,direct_standard_rar_table_only
1196,-11.89,0.04,-10.96,0.12,1.2882495516931323e-12,1.0964781961431828e-11,RAR.mrt,direct_standard_rar_table_only
1197,-11.94,0.04,-10.96,0.12,1.148153621496884e-12,1.0964781961431828e-11,RAR.mrt,direct_standard_rar_table_only
1198,-8.36,0.11,-8.44,0.05,4.3651583224016654e-09,3.6307805477010177e-09,RAR.mrt,direct_standard_rar_table_only
1199,-8.91,0.1,-8.93,0.06,1.2302687708123811e-09,1.1748975549395303e-09,RAR.mrt,direct_standard_rar_table_only
1200,-9.23,0.1,-9.2,0.03,5.8884365535558835e-10,6.3095734448019425e-10,RAR.mrt,direct_standard_rar_table_only
1201,-9.45,0.09,-9.36,0.03,3.5481338923357605e-10,4.3651583224016655e-10,RAR.mrt,direct_standard_rar_table_only
1202,-9.63,0.09,-9.48,0.03,2.3442288153199181e-10,3.3113112148259076e-10,RAR.mrt,direct_standard_rar_table_only
1203,-9.78,0.09,-9.56,0.03,1.6595869074375631e-10,2.7542287033381632e-10,RAR.mrt,direct_standard_rar_table_only
1204,-9.91,0.09,-9.64,0.03,1.2302687708123812e-10,2.2908676527677701e-10,RAR.mrt,direct_standard_rar_table_only
1205,-10.02,0.08,-9.7,0.02,9.5499258602143689e-11,1.9952623149688828e-10,RAR.mrt,direct_standard_rar_table_only
1206,-10.12,0.08,-9.77,0.03,7.5857757502918511e-11,1.6982436524617461e-10,RAR.mrt,direct_standard_rar_table_only
1207,-10.21,0.08,-9.84,0.02,6.1659500186148097e-11,1.4454397707459281e-10,RAR.mrt,direct_standard_rar_table_only
1208,-10.29,0.08,-9.89,0.02,5.1286138399136583e-11,1.2882495516931322e-10,RAR.mrt,direct_standard_rar_table_only
1209,-10.37,0.08,-9.94,0.02,4.2657951880159344e-11,1.1481536214968841e-10,RAR.mrt,direct_standard_rar_table_only
1210,-10.44,0.08,-9.97,0.02,3.6307805477010174e-11,1.0715193052376048e-10,RAR.mrt,direct_standard_rar_table_only
1211,-10.51,0.08,-10.01,0.02,3.0902954325135919e-11,9.772372209558111e-11,RAR.mrt,direct_standard_rar_table_only
1212,-10.56,0.08,-10.04,0.03,2.7542287033381634e-11,9.1201083935591153e-11,RAR.mrt,direct_standard_rar_table_only
1213,-10.62,0.08,-10.07,0.03,2.3988329190194948e-11,8.511380382023759e-11,RAR.mrt,direct_standard_rar_table_only
1214,-10.68,0.08,-10.09,0.03,2.0892961308540409e-11,8.1283051616409951e-11,RAR.mrt,direct_standard_rar_table_only
1215,-10.73,0.08,-10.12,0.03,1.8620871366628657e-11,7.5857757502918511e-11,RAR.mrt,direct_standard_rar_table_only
1216,-10.09,0.11,-9.89,0.15,8.1283051616409951e-11,1.2882495516931322e-10,RAR.mrt,direct_standard_rar_table_only
1217,-10.12,0.11,-9.92,0.15,7.5857757502918511e-11,1.2022644346174132e-10,RAR.mrt,direct_standard_rar_table_only
1218,-10.15,0.11,-9.94,0.14,7.0794578438413739e-11,1.1481536214968841e-10,RAR.mrt,direct_standard_rar_table_only
1219,-10.17,0.11,-9.94,0.14,6.7608297539198192e-11,1.1481536214968841e-10,RAR.mrt,direct_standard_rar_table_only
1220,-10.18,0.11,-9.95,0.14,6.6069344800759643e-11,1.1220184543019652e-10,RAR.mrt,direct_standard_rar_table_only
1221,-10.19,0.11,-9.94,0.14,6.4565422903465622e-11,1.1481536214968841e-10,RAR.mrt,direct_standard_rar_table_only
1222,-10.17,0.1,-9.94,0.14,6.7608297539198192e-11,1.1481536214968841e-10,RAR.mrt,direct_standard_rar_table_only
1223,-10.16,0.1,-9.93,0.14,6.9183097091893625e-11,1.1748975549395304e-10,RAR.mrt,direct_standard_rar_table_only
1224,-10.16,0.1,-9.94,0.14,6.9183097091893625e-11,1.1481536214968841e-10,RAR.mrt,direct_standard_rar_table_only
1225,-10.19,0.1,-9.92,0.14,6.4565422903465622e-11,1.2022644346174132e-10,RAR.mrt,direct_standard_rar_table_only
1226,-10.21,0.1,-9.92,0.14,6.1659500186148097e-11,1.2022644346174132e-10,RAR.mrt,direct_standard_rar_table_only
1227,-10.23,0.1,-9.94,0.14,5.8884365535558838e-11,1.1481536214968841e-10,RAR.mrt,direct_standard_rar_table_only
1228,-10.25,0.1,-9.97,0.14,5.6234132519034906e-11,1.0715193052376048e-10,RAR.mrt,direct_standard_rar_table_only
1229,-10.27,0.1,-9.98,0.15,5.3703179637025328e-11,1.0471285480508985e-10,RAR.mrt,direct_standard_rar_table_only
1230,-10.29,0.09,-9.99,0.15,5.1286138399136583e-11,1.0232929922807537e-10,RAR.mrt,direct_standard_rar_table_only
1231,-10.32,0.09,-9.98,0.15,4.7863009232263801e-11,1.0471285480508985e-10,RAR.mrt,direct_standard_rar_table_only
1232,-10.34,0.09,-9.94,0.14,4.5708818961487517e-11,1.1481536214968841e-10,RAR.mrt,direct_standard_rar_table_only
1233,-10.36,0.09,-9.98,0.14,4.3651583224016655e-11,1.0471285480508985e-10,RAR.mrt,direct_standard_rar_table_only
1234,-10.39,0.09,-9.98,0.14,4.0738027780411218e-11,1.0471285480508985e-10,RAR.mrt,direct_standard_rar_table_only
1235,-10.42,0.09,-9.98,0.14,3.8018939632056128e-11,1.0471285480508985e-10,RAR.mrt,direct_standard_rar_table_only
1236,-10.45,0.09,-10.02,0.14,3.5481338923357607e-11,9.5499258602143689e-11,RAR.mrt,direct_standard_rar_table_only
1237,-10.56,0.08,-10.13,0.15,2.7542287033381634e-11,7.4131024130091616e-11,RAR.mrt,direct_standard_rar_table_only
1238,-10.75,0.08,-10.31,0.14,1.7782794100389227e-11,4.897788193684456e-11,RAR.mrt,direct_standard_rar_table_only
1239,-10.82,0.08,-10.4,0.14,1.5135612484362072e-11,3.9810717055349695e-11,RAR.mrt,direct_standard_rar_table_only
1240,-10.88,0.08,-10.47,0.14,1.3182567385564048e-11,3.3884415613920202e-11,RAR.mrt,direct_standard_rar_table_only
1241,-9.11,0.09,-9.23,0.09,7.7624711662869273e-10,5.8884365535558835e-10,RAR.mrt,direct_standard_rar_table_only
1242,-9.15,0.09,-9.25,0.07,7.0794578438413732e-10,5.623413251903491e-10,RAR.mrt,direct_standard_rar_table_only
1243,-9.18,0.1,-9.27,0.05,6.6069344800759641e-10,5.3703179637025321e-10,RAR.mrt,direct_standard_rar_table_only
1244,-9.24,0.1,-9.32,0.05,5.7543993733715669e-10,4.7863009232263798e-10,RAR.mrt,direct_standard_rar_table_only
1245,-9.3,0.1,-9.37,0.05,5.0118723362727143e-10,4.2657951880159342e-10,RAR.mrt,direct_standard_rar_table_only
1246,-9.34,0.1,-9.4,0.05,4.5708818961487517e-10,3.9810717055349694e-10,RAR.mrt,direct_standard_rar_table_only
1247,-9.4,0.1,-9.44,0.05,3.9810717055349694e-10,3.6307805477010177e-10,RAR.mrt,direct_standard_rar_table_only
1248,-9.45,0.1,-9.48,0.05,3.5481338923357605e-10,3.3113112148259076e-10,RAR.mrt,direct_standard_rar_table_only
1249,-9.55,0.1,-9.54,0.05,2.8183829312644494e-10,2.8840315031266117e-10,RAR.mrt,direct_standard_rar_table_only
1250,-9.67,0.1,-9.61,0.05,2.1379620895022325e-10,2.4547089156850336e-10,RAR.mrt,direct_standard_rar_table_only
1251,-9.75,0.1,-9.68,0.05,1.7782794100389229e-10,2.089296130854041e-10,RAR.mrt,direct_standard_rar_table_only
1252,-9.83,0.1,-9.73,0.05,1.4791083881682071e-10,1.8620871366628656e-10,RAR.mrt,direct_standard_rar_table_only
1253,-9.9,0.1,-9.78,0.05,1.2589254117941662e-10,1.6595869074375631e-10,RAR.mrt,direct_standard_rar_table_only
1254,-9.96,0.1,-9.82,0.05,1.0964781961431829e-10,1.5135612484362072e-10,RAR.mrt,direct_standard_rar_table_only
1255,-10.02,0.1,-9.87,0.05,9.5499258602143689e-11,1.3489628825916561e-10,RAR.mrt,direct_standard_rar_table_only
1256,-10.07,0.1,-9.91,0.05,8.511380382023759e-11,1.2302687708123812e-10,RAR.mrt,direct_standard_rar_table_only
1257,-10.12,0.1,-9.95,0.05,7.5857757502918511e-11,1.1220184543019652e-10,RAR.mrt,direct_standard_rar_table_only
1258,-10.17,0.1,-9.99,0.05,6.7608297539198192e-11,1.0232929922807537e-10,RAR.mrt,direct_standard_rar_table_only
1259,-10.2,0.09,-10.01,0.05,6.3095734448019425e-11,9.772372209558111e-11,RAR.mrt,direct_standard_rar_table_only
1260,-10.24,0.09,-10.03,0.05,5.7543993733715666e-11,9.3325430079699241e-11,RAR.mrt,direct_standard_rar_table_only
1261,-10.27,0.09,-10.05,0.05,5.3703179637025328e-11,8.912509381337441e-11,RAR.mrt,direct_standard_rar_table_only
1262,-10.31,0.09,-10.07,0.05,4.897788193684456e-11,8.511380382023759e-11,RAR.mrt,direct_standard_rar_table_only
1263,-10.35,0.09,-10.08,0.05,4.4668359215096346e-11,8.3176377110267092e-11,RAR.mrt,direct_standard_rar_table_only
1264,-10.39,0.09,-10.11,0.05,4.0738027780411218e-11,7.7624711662869273e-11,RAR.mrt,direct_standard_rar_table_only
1265,-10.43,0.09,-10.13,0.05,3.7153522909717275e-11,7.4131024130091616e-11,RAR.mrt,direct_standard_rar_table_only
1266,-10.46,0.09,-10.15,0.05,3.4673685045253096e-11,7.0794578438413739e-11,RAR.mrt,direct_standard_rar_table_only
1267,-10.5,0.09,-10.16,0.05,3.1622776601683794e-11,6.9183097091893625e-11,RAR.mrt,direct_standard_rar_table_only
1268,-10.54,0.09,-10.18,0.05,2.8840315031266117e-11,6.6069344800759643e-11,RAR.mrt,direct_standard_rar_table_only
1269,-10.57,0.09,-10.19,0.05,2.6915348039269138e-11,6.4565422903465622e-11,RAR.mrt,direct_standard_rar_table_only
1270,-10.61,0.09,-10.2,0.05,2.4547089156850335e-11,6.3095734448019425e-11,RAR.mrt,direct_standard_rar_table_only
1271,-10.64,0.09,-10.23,0.05,2.2908676527677699e-11,5.8884365535558838e-11,RAR.mrt,direct_standard_rar_table_only
1272,-10.67,0.09,-10.25,0.05,2.1379620895022323e-11,5.6234132519034906e-11,RAR.mrt,direct_standard_rar_table_only
1273,-10.7,0.09,-10.25,0.05,1.9952623149688828e-11,5.6234132519034906e-11,RAR.mrt,direct_standard_rar_table_only
1274,-10.73,0.09,-10.27,0.05,1.8620871366628657e-11,5.3703179637025328e-11,RAR.mrt,direct_standard_rar_table_only
1275,-10.76,0.09,-10.27,0.05,1.7378008287493762e-11,5.3703179637025328e-11,RAR.mrt,direct_standard_rar_table_only
1276,-10.79,0.09,-10.3,0.06,1.6218100973589331e-11,5.0118723362727148e-11,RAR.mrt,direct_standard_rar_table_only
1277,-8.18,0.11,-8.4,0.14,6.6069344800759643e-09,3.981071705534969e-09,RAR.mrt,direct_standard_rar_table_only
1278,-8.9,0.1,-9.01,0.15,1.2589254117941663e-09,9.7723722095581118e-10,RAR.mrt,direct_standard_rar_table_only
1279,-9.22,0.09,-9.25,0.14,6.0255958607435691e-10,5.623413251903491e-10,RAR.mrt,direct_standard_rar_table_only
1280,-9.37,0.08,-9.32,0.14,4.2657951880159342e-10,4.7863009232263798e-10,RAR.mrt,direct_standard_rar_table_only
1281,-9.49,0.08,-9.47,0.14,3.2359365692962813e-10,3.3884415613920202e-10,RAR.mrt,direct_standard_rar_table_only
1282,-9.58,0.08,-9.55,0.14,2.6302679918953814e-10,2.8183829312644494e-10,RAR.mrt,direct_standard_rar_table_only
1283,-9.63,0.08,-9.58,0.15,2.3442288153199181e-10,2.6302679918953814e-10,RAR.mrt,direct_standard_rar_table_only
1284,-9.66,0.09,-9.64,0.14,2.1877616239495518e-10,2.2908676527677701e-10,RAR.mrt,direct_standard_rar_table_only
1285,-9.69,0.09,-9.65,0.14,2.0417379446695316e-10,2.2387211385683377e-10,RAR.mrt,direct_standard_rar_table_only
1286,-9.73,0.09,-9.69,0.14,1.8620871366628656e-10,2.0417379446695316e-10,RAR.mrt,direct_standard_rar_table_only
1287,-9.77,0.09,-9.69,0.14,1.6982436524617461e-10,2.0417379446695316e-10,RAR.mrt,direct_standard_rar_table_only
1288,-9.8,0.09,-9.69,0.14,1.5848931924611109e-10,2.0417379446695316e-10,RAR.mrt,direct_standard_rar_table_only
1289,-9.82,0.09,-9.69,0.14,1.5135612484362072e-10,2.0417379446695316e-10,RAR.mrt,direct_standard_rar_table_only
1290,-9.84,0.1,-9.69,0.14,1.4454397707459281e-10,2.0417379446695316e-10,RAR.mrt,direct_standard_rar_table_only
1291,-9.85,0.1,-9.71,0.14,1.4125375446227556e-10,1.9498445997580414e-10,RAR.mrt,direct_standard_rar_table_only
1292,-9.86,0.1,-9.73,0.14,1.3803842646028866e-10,1.8620871366628656e-10,RAR.mrt,direct_standard_rar_table_only
1293,-9.89,0.1,-9.75,0.14,1.2882495516931322e-10,1.7782794100389229e-10,RAR.mrt,direct_standard_rar_table_only
1294,-9.92,0.1,-9.77,0.14,1.2022644346174132e-10,1.6982436524617461e-10,RAR.mrt,direct_standard_rar_table_only
1295,-9.95,0.1,-9.8,0.14,1.1220184543019652e-10,1.5848931924611109e-10,RAR.mrt,direct_standard_rar_table_only
1296,-9.97,0.1,-9.81,0.14,1.0715193052376048e-10,1.5488166189124796e-10,RAR.mrt,direct_standard_rar_table_only
1297,-10.0,0.1,-9.85,0.14,1e-10,1.4125375446227556e-10,RAR.mrt,direct_standard_rar_table_only
1298,-10.03,0.09,-9.86,0.14,9.3325430079699241e-11,1.3803842646028866e-10,RAR.mrt,direct_standard_rar_table_only
1299,-10.07,0.09,-9.88,0.14,8.511380382023759e-11,1.3182567385564046e-10,RAR.mrt,direct_standard_rar_table_only
1300,-10.11,0.09,-9.91,0.14,7.7624711662869273e-11,1.2302687708123812e-10,RAR.mrt,direct_standard_rar_table_only
1301,-10.14,0.09,-9.93,0.14,7.2443596007498915e-11,1.1748975549395304e-10,RAR.mrt,direct_standard_rar_table_only
1302,-10.16,0.09,-9.96,0.14,6.9183097091893625e-11,1.0964781961431829e-10,RAR.mrt,direct_standard_rar_table_only
1303,-10.18,0.09,-9.98,0.14,6.6069344800759643e-11,1.0471285480508985e-10,RAR.mrt,direct_standard_rar_table_only
1304,-10.21,0.09,-10.01,0.14,6.1659500186148097e-11,9.772372209558111e-11,RAR.mrt,direct_standard_rar_table_only
1305,-10.24,0.09,-10.02,0.14,5.7543993733715666e-11,9.5499258602143689e-11,RAR.mrt,direct_standard_rar_table_only
1306,-10.27,0.09,-10.05,0.14,5.3703179637025328e-11,8.912509381337441e-11,RAR.mrt,direct_standard_rar_table_only
1307,-10.29,0.09,-10.06,0.14,5.1286138399136583e-11,8.7096358995607968e-11,RAR.mrt,direct_standard_rar_table_only
1308,-10.32,0.09,-10.05,0.14,4.7863009232263801e-11,8.912509381337441e-11,RAR.mrt,direct_standard_rar_table_only
1309,-10.35,0.09,-10.07,0.14,4.4668359215096346e-11,8.511380382023759e-11,RAR.mrt,direct_standard_rar_table_only
1310,-10.37,0.09,-10.08,0.14,4.2657951880159344e-11,8.3176377110267092e-11,RAR.mrt,direct_standard_rar_table_only
1311,-10.4,0.09,-10.1,0.14,3.9810717055349695e-11,7.9432823472428218e-11,RAR.mrt,direct_standard_rar_table_only
1312,-10.41,0.09,-10.11,0.14,3.8904514499428045e-11,7.7624711662869273e-11,RAR.mrt,direct_standard_rar_table_only
1313,-10.43,0.09,-10.12,0.14,3.7153522909717275e-11,7.5857757502918511e-11,RAR.mrt,direct_standard_rar_table_only
1314,-10.45,0.09,-10.14,0.14,3.5481338923357607e-11,7.2443596007498915e-11,RAR.mrt,direct_standard_rar_table_only
1315,-10.47,0.09,-10.14,0.14,3.3884415613920202e-11,7.2443596007498915e-11,RAR.mrt,direct_standard_rar_table_only
1316,-10.49,0.09,-10.16,0.14,3.235936569296281e-11,6.9183097091893625e-11,RAR.mrt,direct_standard_rar_table_only
1317,-10.5,0.09,-10.18,0.14,3.1622776601683794e-11,6.6069344800759643e-11,RAR.mrt,direct_standard_rar_table_only
1318,-10.53,0.09,-10.21,0.14,2.9512092266663903e-11,6.1659500186148097e-11,RAR.mrt,direct_standard_rar_table_only
1319,-10.55,0.09,-10.23,0.14,2.8183829312644493e-11,5.8884365535558838e-11,RAR.mrt,direct_standard_rar_table_only
1320,-10.58,0.09,-10.25,0.14,2.6302679918953815e-11,5.6234132519034906e-11,RAR.mrt,direct_standard_rar_table_only
1321,-10.59,0.09,-10.27,0.14,2.5703957827688646e-11,5.3703179637025328e-11,RAR.mrt,direct_standard_rar_table_only
1322,-10.64,0.09,-10.28,0.14,2.2908676527677699e-11,5.2480746024977339e-11,RAR.mrt,direct_standard_rar_table_only
1323,-10.66,0.09,-10.3,0.15,2.1877616239495519e-11,5.0118723362727148e-11,RAR.mrt,direct_standard_rar_table_only
1324,-10.68,0.09,-10.32,0.15,2.0892961308540409e-11,4.7863009232263801e-11,RAR.mrt,direct_standard_rar_table_only
1325,-10.7,0.09,-10.33,0.15,1.9952623149688828e-11,4.6773514128719814e-11,RAR.mrt,direct_standard_rar_table_only
1326,-10.71,0.09,-10.34,0.15,1.9498445997580414e-11,4.5708818961487517e-11,RAR.mrt,direct_standard_rar_table_only
1327,-10.73,0.09,-10.35,0.15,1.8620871366628657e-11,4.4668359215096346e-11,RAR.mrt,direct_standard_rar_table_only
1328,-10.75,0.09,-10.34,0.15,1.7782794100389227e-11,4.5708818961487517e-11,RAR.mrt,direct_standard_rar_table_only
1329,-10.77,0.09,-10.36,0.15,1.6982436524617461e-11,4.3651583224016655e-11,RAR.mrt,direct_standard_rar_table_only
1330,-10.78,0.09,-10.36,0.16,1.6595869074375631e-11,4.3651583224016655e-11,RAR.mrt,direct_standard_rar_table_only
1331,-10.68,0.07,-9.86,0.14,2.0892961308540409e-11,1.3803842646028866e-10,RAR.mrt,direct_standard_rar_table_only
1332,-9.88,0.09,-9.45,0.11,1.3182567385564046e-10,3.5481338923357605e-10,RAR.mrt,direct_standard_rar_table_only
1333,-10.09,0.1,-9.66,0.11,8.1283051616409951e-11,2.1877616239495518e-10,RAR.mrt,direct_standard_rar_table_only
1334,-10.29,0.1,-9.86,0.11,5.1286138399136583e-11,1.3803842646028866e-10,RAR.mrt,direct_standard_rar_table_only
1335,-10.46,0.1,-9.99,0.11,3.4673685045253096e-11,1.0232929922807537e-10,RAR.mrt,direct_standard_rar_table_only
1336,-10.6,0.09,-10.12,0.11,2.5118864315095823e-11,7.5857757502918511e-11,RAR.mrt,direct_standard_rar_table_only
1337,-10.73,0.09,-10.21,0.11,1.8620871366628657e-11,6.1659500186148097e-11,RAR.mrt,direct_standard_rar_table_only
1338,-10.85,0.09,-10.3,0.11,1.4125375446227554e-11,5.0118723362727148e-11,RAR.mrt,direct_standard_rar_table_only
1339,-10.94,0.08,-10.37,0.11,1.148153621496884e-11,4.2657951880159344e-11,RAR.mrt,direct_standard_rar_table_only
1340,-11.04,0.08,-10.42,0.11,9.1201083935591156e-12,3.8018939632056128e-11,RAR.mrt,direct_standard_rar_table_only
1341,-11.13,0.08,-10.46,0.11,7.4131024130091626e-12,3.4673685045253096e-11,RAR.mrt,direct_standard_rar_table_only
1342,-11.2,0.08,-10.48,0.11,6.3095734448019426e-12,3.311311214825908e-11,RAR.mrt,direct_standard_rar_table_only
1343,-11.26,0.07,-10.5,0.11,5.4954087385762484e-12,3.1622776601683794e-11,RAR.mrt,direct_standard_rar_table_only
1344,-11.33,0.07,-10.55,0.11,4.6773514128719809e-12,2.8183829312644493e-11,RAR.mrt,direct_standard_rar_table_only
1345,-11.4,0.08,-10.58,0.11,3.9810717055349695e-12,2.6302679918953815e-11,RAR.mrt,direct_standard_rar_table_only
1346,-9.79,0.11,-9.67,0.05,1.6218100973589331e-10,2.1379620895022325e-10,RAR.mrt,direct_standard_rar_table_only
1347,-9.84,0.11,-9.76,0.03,1.4454397707459281e-10,1.7378008287493763e-10,RAR.mrt,direct_standard_rar_table_only
1348,-10.01,0.11,-9.83,0.03,9.772372209558111e-11,1.4791083881682071e-10,RAR.mrt,direct_standard_rar_table_only
1349,-10.19,0.11,-9.9,0.03,6.4565422903465622e-11,1.2589254117941662e-10,RAR.mrt,direct_standard_rar_table_only
1350,-10.34,0.1,-9.98,0.03,4.5708818961487517e-11,1.0471285480508985e-10,RAR.mrt,direct_standard_rar_table_only
1351,-10.46,0.1,-10.08,0.03,3.4673685045253096e-11,8.3176377110267092e-11,RAR.mrt,direct_standard_rar_table_only
1352,-10.57,0.1,-10.14,0.03,2.6915348039269138e-11,7.2443596007498915e-11,RAR.mrt,direct_standard_rar_table_only
1353,-10.66,0.1,-10.19,0.03,2.1877616239495519e-11,6.4565422903465622e-11,RAR.mrt,direct_standard_rar_table_only
1354,-10.74,0.1,-10.24,0.03,1.8197008586099825e-11,5.7543993733715666e-11,RAR.mrt,direct_standard_rar_table_only
1355,-10.81,0.09,-10.29,0.02,1.5488166189124796e-11,5.1286138399136583e-11,RAR.mrt,direct_standard_rar_table_only
1356,-10.88,0.09,-10.33,0.02,1.3182567385564048e-11,4.6773514128719814e-11,RAR.mrt,direct_standard_rar_table_only
1357,-10.93,0.09,-10.35,0.02,1.1748975549395303e-11,4.4668359215096346e-11,RAR.mrt,direct_standard_rar_table_only
1358,-10.98,0.09,-10.38,0.02,1.0471285480508986e-11,4.1686938347033464e-11,RAR.mrt,direct_standard_rar_table_only
1359,-11.03,0.09,-10.41,0.02,9.3325430079699234e-12,3.8904514499428045e-11,RAR.mrt,direct_standard_rar_table_only
1360,-11.08,0.08,-10.43,0.02,8.3176377110267085e-12,3.7153522909717275e-11,RAR.mrt,direct_standard_rar_table_only
1361,-11.12,0.08,-10.46,0.02,7.5857757502918518e-12,3.4673685045253096e-11,RAR.mrt,direct_standard_rar_table_only
1362,-11.16,0.08,-10.5,0.02,6.9183097091893623e-12,3.1622776601683794e-11,RAR.mrt,direct_standard_rar_table_only
1363,-11.2,0.08,-10.53,0.02,6.3095734448019426e-12,2.9512092266663903e-11,RAR.mrt,direct_standard_rar_table_only
1364,-11.24,0.08,-10.53,0.02,5.7543993733715668e-12,2.9512092266663903e-11,RAR.mrt,direct_standard_rar_table_only
1365,-11.28,0.08,-10.56,0.02,5.2480746024977338e-12,2.7542287033381634e-11,RAR.mrt,direct_standard_rar_table_only
1366,-11.31,0.08,-10.59,0.03,4.8977881936844567e-12,2.5703957827688646e-11,RAR.mrt,direct_standard_rar_table_only
1367,-11.35,0.07,-10.61,0.03,4.4668359215096347e-12,2.4547089156850335e-11,RAR.mrt,direct_standard_rar_table_only
1368,-11.38,0.07,-10.63,0.03,4.1686938347033462e-12,2.3442288153199179e-11,RAR.mrt,direct_standard_rar_table_only
1369,-11.42,0.07,-10.65,0.03,3.8018939632056125e-12,2.2387211385683377e-11,RAR.mrt,direct_standard_rar_table_only
1370,-11.45,0.07,-10.66,0.03,3.5481338923357604e-12,2.1877616239495519e-11,RAR.mrt,direct_standard_rar_table_only
1371,-11.48,0.07,-10.69,0.03,3.3113112148259077e-12,2.0417379446695317e-11,RAR.mrt,direct_standard_rar_table_only
1372,-11.51,0.07,-10.69,0.03,3.0902954325135922e-12,2.0417379446695317e-11,RAR.mrt,direct_standard_rar_table_only
1373,-11.54,0.07,-10.71,0.03,2.8840315031266117e-12,1.9498445997580414e-11,RAR.mrt,direct_standard_rar_table_only
1374,-11.57,0.07,-10.7,0.04,2.6915348039269138e-12,1.9952623149688828e-11,RAR.mrt,direct_standard_rar_table_only
1375,-11.6,0.07,-10.74,0.08,2.5118864315095823e-12,1.8197008586099825e-11,RAR.mrt,direct_standard_rar_table_only
1376,-9.0,0.1,-9.13,0.09,1.0000000000000001e-09,7.4131024130091618e-10,RAR.mrt,direct_standard_rar_table_only
1377,-9.16,0.1,-9.11,0.06,6.918309709189363e-10,7.7624711662869273e-10,RAR.mrt,direct_standard_rar_table_only
1378,-9.29,0.1,-9.23,0.06,5.1286138399136583e-10,5.8884365535558835e-10,RAR.mrt,direct_standard_rar_table_only
1379,-9.39,0.09,-9.36,0.06,4.0738027780411222e-10,4.3651583224016655e-10,RAR.mrt,direct_standard_rar_table_only
1380,-9.48,0.09,-9.46,0.06,3.3113112148259076e-10,3.4673685045253098e-10,RAR.mrt,direct_standard_rar_table_only
1381,-9.55,0.09,-9.56,0.06,2.8183829312644494e-10,2.7542287033381632e-10,RAR.mrt,direct_standard_rar_table_only
1382,-9.61,0.08,-9.62,0.06,2.4547089156850336e-10,2.3988329190194949e-10,RAR.mrt,direct_standard_rar_table_only
1383,-9.67,0.08,-9.62,0.06,2.1379620895022325e-10,2.3988329190194949e-10,RAR.mrt,direct_standard_rar_table_only
1384,-9.74,0.08,-9.67,0.07,1.8197008586099825e-10,2.1379620895022325e-10,RAR.mrt,direct_standard_rar_table_only
1385,-9.79,0.08,-9.74,0.07,1.6218100973589331e-10,1.8197008586099825e-10,RAR.mrt,direct_standard_rar_table_only
1386,-9.84,0.08,-9.74,0.07,1.4454397707459281e-10,1.8197008586099825e-10,RAR.mrt,direct_standard_rar_table_only
1387,-9.88,0.07,-9.8,0.07,1.3182567385564046e-10,1.5848931924611109e-10,RAR.mrt,direct_standard_rar_table_only
1388,-9.92,0.07,-9.83,0.06,1.2022644346174132e-10,1.4791083881682071e-10,RAR.mrt,direct_standard_rar_table_only
1389,-9.95,0.07,-9.89,0.07,1.1220184543019652e-10,1.2882495516931322e-10,RAR.mrt,direct_standard_rar_table_only
1390,-9.97,0.07,-9.89,0.07,1.0715193052376048e-10,1.2882495516931322e-10,RAR.mrt,direct_standard_rar_table_only
1391,-10.0,0.07,-9.91,0.06,1e-10,1.2302687708123812e-10,RAR.mrt,direct_standard_rar_table_only
1392,-10.04,0.07,-9.94,0.06,9.1201083935591153e-11,1.1481536214968841e-10,RAR.mrt,direct_standard_rar_table_only
1393,-10.07,0.07,-9.95,0.08,8.511380382023759e-11,1.1220184543019652e-10,RAR.mrt,direct_standard_rar_table_only
1394,-10.16,0.07,-10.03,0.06,6.9183097091893625e-11,9.3325430079699241e-11,RAR.mrt,direct_standard_rar_table_only
1395,-10.28,0.07,-10.09,0.06,5.2480746024977339e-11,8.1283051616409951e-11,RAR.mrt,direct_standard_rar_table_only
1396,-10.4,0.07,-10.15,0.07,3.9810717055349695e-11,7.0794578438413739e-11,RAR.mrt,direct_standard_rar_table_only
1397,-10.5,0.07,-10.23,0.06,3.1622776601683794e-11,5.8884365535558838e-11,RAR.mrt,direct_standard_rar_table_only
1398,-10.57,0.07,-10.27,0.06,2.6915348039269138e-11,5.3703179637025328e-11,RAR.mrt,direct_standard_rar_table_only
1399,-10.08,0.11,-9.92,0.14,8.3176377110267092e-11,1.2022644346174132e-10,RAR.mrt,direct_standard_rar_table_only
1400,-10.03,0.11,-9.73,0.14,9.3325430079699241e-11,1.8620871366628656e-10,RAR.mrt,direct_standard_rar_table_only
1401,-9.98,0.11,-9.57,0.14,1.0471285480508985e-10,2.6915348039269137e-10,RAR.mrt,direct_standard_rar_table_only
1402,-10.04,0.11,-9.58,0.13,9.1201083935591153e-11,2.6302679918953814e-10,RAR.mrt,direct_standard_rar_table_only
1403,-10.08,0.11,-9.66,0.13,8.3176377110267092e-11,2.1877616239495518e-10,RAR.mrt,direct_standard_rar_table_only
1404,-10.11,0.11,-9.72,0.13,7.7624711662869273e-11,1.9054607179632444e-10,RAR.mrt,direct_standard_rar_table_only
1405,-10.12,0.11,-9.72,0.13,7.5857757502918511e-11,1.9054607179632444e-10,RAR.mrt,direct_standard_rar_table_only
1406,-10.12,0.11,-9.68,0.13,7.5857757502918511e-11,2.089296130854041e-10,RAR.mrt,direct_standard_rar_table_only
1407,-10.1,0.11,-9.66,0.13,7.9432823472428218e-11,2.1877616239495518e-10,RAR.mrt,direct_standard_rar_table_only
1408,-10.09,0.11,-9.68,0.13,8.1283051616409951e-11,2.089296130854041e-10,RAR.mrt,direct_standard_rar_table_only
1409,-10.08,0.11,-9.69,0.13,8.3176377110267092e-11,2.0417379446695316e-10,RAR.mrt,direct_standard_rar_table_only
1410,-10.07,0.11,-9.72,0.13,8.511380382023759e-11,1.9054607179632444e-10,RAR.mrt,direct_standard_rar_table_only
1411,-10.08,0.11,-9.74,0.13,8.3176377110267092e-11,1.8197008586099825e-10,RAR.mrt,direct_standard_rar_table_only
1412,-10.1,0.11,-9.79,0.13,7.9432823472428218e-11,1.6218100973589331e-10,RAR.mrt,direct_standard_rar_table_only
1413,-10.13,0.11,-9.83,0.13,7.4131024130091616e-11,1.4791083881682071e-10,RAR.mrt,direct_standard_rar_table_only
1414,-10.17,0.11,-9.88,0.14,6.7608297539198192e-11,1.3182567385564046e-10,RAR.mrt,direct_standard_rar_table_only
1415,-10.21,0.11,-9.92,0.13,6.1659500186148097e-11,1.2022644346174132e-10,RAR.mrt,direct_standard_rar_table_only
1416,-10.23,0.11,-9.9,0.13,5.8884365535558838e-11,1.2589254117941662e-10,RAR.mrt,direct_standard_rar_table_only
1417,-10.25,0.11,-9.94,0.13,5.6234132519034906e-11,1.1481536214968841e-10,RAR.mrt,direct_standard_rar_table_only
1418,-10.4,0.1,-10.06,0.13,3.9810717055349695e-11,8.7096358995607968e-11,RAR.mrt,direct_standard_rar_table_only
1419,-10.55,0.09,-10.17,0.13,2.8183829312644493e-11,6.7608297539198192e-11,RAR.mrt,direct_standard_rar_table_only
1420,-10.59,0.09,-10.19,0.13,2.5703957827688646e-11,6.4565422903465622e-11,RAR.mrt,direct_standard_rar_table_only
1421,-10.63,0.09,-10.2,0.13,2.3442288153199179e-11,6.3095734448019425e-11,RAR.mrt,direct_standard_rar_table_only
1422,-10.67,0.08,-10.22,0.13,2.1379620895022323e-11,6.0255958607435689e-11,RAR.mrt,direct_standard_rar_table_only
1423,-10.71,0.08,-10.24,0.13,1.9498445997580414e-11,5.7543993733715666e-11,RAR.mrt,direct_standard_rar_table_only
1424,-10.76,0.08,-10.25,0.13,1.7378008287493762e-11,5.6234132519034906e-11,RAR.mrt,direct_standard_rar_table_only
1425,-10.8,0.08,-10.28,0.13,1.5848931924611107e-11,5.2480746024977339e-11,RAR.mrt,direct_standard_rar_table_only
1426,-10.84,0.07,-10.29,0.13,1.445439770745928e-11,5.1286138399136583e-11,RAR.mrt,direct_standard_rar_table_only
1427,-10.88,0.07,-10.3,0.13,1.3182567385564048e-11,5.0118723362727148e-11,RAR.mrt,direct_standard_rar_table_only
1428,-10.92,0.07,-10.31,0.13,1.202264434617413e-11,4.897788193684456e-11,RAR.mrt,direct_standard_rar_table_only
1429,-10.96,0.07,-10.34,0.13,1.0964781961431828e-11,4.5708818961487517e-11,RAR.mrt,direct_standard_rar_table_only
1430,-10.99,0.07,-10.35,0.13,1.0232929922807536e-11,4.4668359215096346e-11,RAR.mrt,direct_standard_rar_table_only
1431,-11.03,0.07,-10.36,0.14,9.3325430079699234e-12,4.3651583224016655e-11,RAR.mrt,direct_standard_rar_table_only
1432,-11.06,0.07,-10.37,0.14,8.7096358995607959e-12,4.2657951880159344e-11,RAR.mrt,direct_standard_rar_table_only
1433,-11.09,0.07,-10.41,0.14,8.1283051616409945e-12,3.8904514499428045e-11,RAR.mrt,direct_standard_rar_table_only
1434,-11.12,0.07,-10.44,0.14,7.5857757502918518e-12,3.6307805477010174e-11,RAR.mrt,direct_standard_rar_table_only
1435,-11.15,0.07,-10.48,0.14,7.0794578438413731e-12,3.311311214825908e-11,RAR.mrt,direct_standard_rar_table_only
1436,-11.18,0.07,-10.5,0.14,6.6069344800759645e-12,3.1622776601683794e-11,RAR.mrt,direct_standard_rar_table_only
1437,-11.2,0.07,-10.54,0.14,6.3095734448019426e-12,2.8840315031266117e-11,RAR.mrt,direct_standard_rar_table_only
1438,-11.21,0.06,-10.53,0.13,6.1659500186148099e-12,2.9512092266663903e-11,RAR.mrt,direct_standard_rar_table_only
1439,-11.26,0.07,-10.53,0.13,5.4954087385762484e-12,2.9512092266663903e-11,RAR.mrt,direct_standard_rar_table_only
1440,-11.3,0.07,-10.57,0.14,5.0118723362727147e-12,2.6915348039269138e-11,RAR.mrt,direct_standard_rar_table_only
1441,-11.33,0.07,-10.54,0.14,4.6773514128719809e-12,2.8840315031266117e-11,RAR.mrt,direct_standard_rar_table_only
1442,-11.36,0.07,-10.59,0.13,4.3651583224016651e-12,2.5703957827688646e-11,RAR.mrt,direct_standard_rar_table_only
1443,-9.85,0.08,-9.34,0.11,1.4125375446227556e-10,4.5708818961487517e-10,RAR.mrt,direct_standard_rar_table_only
1444,-9.94,0.08,-9.39,0.11,1.1481536214968841e-10,4.0738027780411222e-10,RAR.mrt,direct_standard_rar_table_only
1445,-10.02,0.08,-9.4,0.11,9.5499258602143689e-11,3.9810717055349694e-10,RAR.mrt,direct_standard_rar_table_only
1446,-10.07,0.08,-9.43,0.11,8.511380382023759e-11,3.7153522909717278e-10,RAR.mrt,direct_standard_rar_table_only
1447,-10.1,0.08,-9.46,0.11,7.9432823472428218e-11,3.4673685045253098e-10,RAR.mrt,direct_standard_rar_table_only
1448,-10.11,0.09,-9.48,0.11,7.7624711662869273e-11,3.3113112148259076e-10,RAR.mrt,direct_standard_rar_table_only
1449,-10.12,0.09,-9.48,0.11,7.5857757502918511e-11,3.3113112148259076e-10,RAR.mrt,direct_standard_rar_table_only
1450,-10.14,0.09,-9.51,0.11,7.2443596007498915e-11,3.0902954325135922e-10,RAR.mrt,direct_standard_rar_table_only
1451,-10.14,0.09,-9.54,0.11,7.2443596007498915e-11,2.8840315031266117e-10,RAR.mrt,direct_standard_rar_table_only
1452,-10.14,0.1,-9.54,0.11,7.2443596007498915e-11,2.8840315031266117e-10,RAR.mrt,direct_standard_rar_table_only
1453,-10.14,0.1,-9.57,0.11,7.2443596007498915e-11,2.6915348039269137e-10,RAR.mrt,direct_standard_rar_table_only
1454,-10.16,0.1,-9.6,0.11,6.9183097091893625e-11,2.511886431509582e-10,RAR.mrt,direct_standard_rar_table_only
1455,-10.17,0.1,-9.63,0.11,6.7608297539198192e-11,2.3442288153199181e-10,RAR.mrt,direct_standard_rar_table_only
1456,-10.19,0.1,-9.65,0.11,6.4565422903465622e-11,2.2387211385683377e-10,RAR.mrt,direct_standard_rar_table_only
1457,-10.2,0.1,-9.68,0.11,6.3095734448019425e-11,2.089296130854041e-10,RAR.mrt,direct_standard_rar_table_only
1458,-10.23,0.1,-9.72,0.11,5.8884365535558838e-11,1.9054607179632444e-10,RAR.mrt,direct_standard_rar_table_only
1459,-10.25,0.1,-9.75,0.11,5.6234132519034906e-11,1.7782794100389229e-10,RAR.mrt,direct_standard_rar_table_only
1460,-10.27,0.1,-9.78,0.11,5.3703179637025328e-11,1.6595869074375631e-10,RAR.mrt,direct_standard_rar_table_only
1461,-10.29,0.1,-9.8,0.11,5.1286138399136583e-11,1.5848931924611109e-10,RAR.mrt,direct_standard_rar_table_only
1462,-10.32,0.1,-9.83,0.11,4.7863009232263801e-11,1.4791083881682071e-10,RAR.mrt,direct_standard_rar_table_only
1463,-10.35,0.1,-9.85,0.11,4.4668359215096346e-11,1.4125375446227556e-10,RAR.mrt,direct_standard_rar_table_only
1464,-10.38,0.1,-9.84,0.11,4.1686938347033464e-11,1.4454397707459281e-10,RAR.mrt,direct_standard_rar_table_only
1465,-10.4,0.1,-9.87,0.11,3.9810717055349695e-11,1.3489628825916561e-10,RAR.mrt,direct_standard_rar_table_only
1466,-10.42,0.1,-9.89,0.11,3.8018939632056128e-11,1.2882495516931322e-10,RAR.mrt,direct_standard_rar_table_only
1467,-10.44,0.1,-9.9,0.11,3.6307805477010174e-11,1.2589254117941662e-10,RAR.mrt,direct_standard_rar_table_only
1468,-10.46,0.1,-9.91,0.11,3.4673685045253096e-11,1.2302687708123812e-10,RAR.mrt,direct_standard_rar_table_only
1469,-10.48,0.09,-9.91,0.11,3.311311214825908e-11,1.2302687708123812e-10,RAR.mrt,direct_standard_rar_table_only
1470,-10.5,0.09,-9.94,0.11,3.1622776601683794e-11,1.1481536214968841e-10,RAR.mrt,direct_standard_rar_table_only
1471,-10.52,0.09,-9.96,0.11,3.019951720402019e-11,1.0964781961431829e-10,RAR.mrt,direct_standard_rar_table_only
1472,-10.55,0.09,-9.96,0.11,2.8183829312644493e-11,1.0964781961431829e-10,RAR.mrt,direct_standard_rar_table_only
1473,-10.62,0.09,-10.02,0.11,2.3988329190194948e-11,9.5499258602143689e-11,RAR.mrt,direct_standard_rar_table_only
1474,-10.69,0.09,-10.07,0.11,2.0417379446695317e-11,8.511380382023759e-11,RAR.mrt,direct_standard_rar_table_only
1475,-10.74,0.09,-10.12,0.11,1.8197008586099825e-11,7.5857757502918511e-11,RAR.mrt,direct_standard_rar_table_only
1476,-9.99,0.11,-9.53,0.03,1.0232929922807537e-10,2.9512092266663898e-10,RAR.mrt,direct_standard_rar_table_only
1477,-10.03,0.11,-9.68,0.03,9.3325430079699241e-11,2.089296130854041e-10,RAR.mrt,direct_standard_rar_table_only
1478,-10.08,0.11,-9.75,0.03,8.3176377110267092e-11,1.7782794100389229e-10,RAR.mrt,direct_standard_rar_table_only
1479,-10.15,0.11,-9.85,0.03,7.0794578438413739e-11,1.4125375446227556e-10,RAR.mrt,direct_standard_rar_table_only
1480,-10.26,0.11,-9.94,0.02,5.4954087385762479e-11,1.1481536214968841e-10,RAR.mrt,direct_standard_rar_table_only
1481,-10.34,0.1,-10.01,0.02,4.5708818961487517e-11,9.772372209558111e-11,RAR.mrt,direct_standard_rar_table_only
1482,-10.42,0.1,-10.06,0.02,3.8018939632056128e-11,8.7096358995607968e-11,RAR.mrt,direct_standard_rar_table_only
1483,-10.49,0.09,-10.14,0.04,3.235936569296281e-11,7.2443596007498915e-11,RAR.mrt,direct_standard_rar_table_only
1484,-10.59,0.1,-10.19,0.04,2.5703957827688646e-11,6.4565422903465622e-11,RAR.mrt,direct_standard_rar_table_only
1485,-10.66,0.09,-10.21,0.02,2.1877616239495519e-11,6.1659500186148097e-11,RAR.mrt,direct_standard_rar_table_only
1486,-10.7,0.08,-10.29,0.02,1.9952623149688828e-11,5.1286138399136583e-11,RAR.mrt,direct_standard_rar_table_only
1487,-10.77,0.08,-10.34,0.02,1.6982436524617461e-11,4.5708818961487517e-11,RAR.mrt,direct_standard_rar_table_only
1488,-10.82,0.08,-10.38,0.02,1.5135612484362072e-11,4.1686938347033464e-11,RAR.mrt,direct_standard_rar_table_only
1489,-10.89,0.08,-10.42,0.02,1.2882495516931322e-11,3.8018939632056128e-11,RAR.mrt,direct_standard_rar_table_only
1490,-10.94,0.08,-10.42,0.02,1.148153621496884e-11,3.8018939632056128e-11,RAR.mrt,direct_standard_rar_table_only
1491,-11.0,0.08,-10.45,0.03,9.9999999999999994e-12,3.5481338923357607e-11,RAR.mrt,direct_standard_rar_table_only
1492,-11.04,0.08,-10.48,0.03,9.1201083935591156e-12,3.311311214825908e-11,RAR.mrt,direct_standard_rar_table_only
1493,-11.09,0.08,-10.5,0.03,8.1283051616409945e-12,3.1622776601683794e-11,RAR.mrt,direct_standard_rar_table_only
1494,-11.12,0.07,-10.53,0.03,7.5857757502918518e-12,2.9512092266663903e-11,RAR.mrt,direct_standard_rar_table_only
1495,-10.34,0.11,-10.06,0.14,4.5708818961487517e-11,8.7096358995607968e-11,RAR.mrt,direct_standard_rar_table_only
1496,-10.33,0.11,-10.07,0.14,4.6773514128719814e-11,8.511380382023759e-11,RAR.mrt,direct_standard_rar_table_only
1497,-10.36,0.11,-10.24,0.14,4.3651583224016655e-11,5.7543993733715666e-11,RAR.mrt,direct_standard_rar_table_only
1498,-10.4,0.11,-10.32,0.14,3.9810717055349695e-11,4.7863009232263801e-11,RAR.mrt,direct_standard_rar_table_only
1499,-10.44,0.11,-10.36,0.14,3.6307805477010174e-11,4.3651583224016655e-11,RAR.mrt,direct_standard_rar_table_only
1500,-10.47,0.11,-10.38,0.15,3.3884415613920202e-11,4.1686938347033464e-11,RAR.mrt,direct_standard_rar_table_only
1501,-10.51,0.11,-10.35,0.15,3.0902954325135919e-11,4.4668359215096346e-11,RAR.mrt,direct_standard_rar_table_only
1502,-10.54,0.11,-10.37,0.14,2.8840315031266117e-11,4.2657951880159344e-11,RAR.mrt,direct_standard_rar_table_only
1503,-10.57,0.11,-10.4,0.13,2.6915348039269138e-11,3.9810717055349695e-11,RAR.mrt,direct_standard_rar_table_only
1504,-10.63,0.11,-10.35,0.14,2.3442288153199179e-11,4.4668359215096346e-11,RAR.mrt,direct_standard_rar_table_only
1505,-10.7,0.1,-10.31,0.13,1.9952623149688828e-11,4.897788193684456e-11,RAR.mrt,direct_standard_rar_table_only
1506,-10.78,0.1,-10.3,0.14,1.6595869074375631e-11,5.0118723362727148e-11,RAR.mrt,direct_standard_rar_table_only
1507,-10.82,0.1,-10.34,0.14,1.5135612484362072e-11,4.5708818961487517e-11,RAR.mrt,direct_standard_rar_table_only
1508,-10.87,0.09,-10.38,0.14,1.348962882591656e-11,4.1686938347033464e-11,RAR.mrt,direct_standard_rar_table_only
1509,-10.93,0.08,-10.39,0.14,1.1748975549395303e-11,4.0738027780411218e-11,RAR.mrt,direct_standard_rar_table_only
1510,-10.99,0.07,-10.39,0.14,1.0232929922807536e-11,4.0738027780411218e-11,RAR.mrt,direct_standard_rar_table_only
1511,-11.05,0.07,-10.42,0.13,8.912509381337441e-12,3.8018939632056128e-11,RAR.mrt,direct_standard_rar_table_only
1512,-11.11,0.06,-10.45,0.14,7.762471166286927e-12,3.5481338923357607e-11,RAR.mrt,direct_standard_rar_table_only
1513,-11.14,0.06,-10.48,0.13,7.2443596007498911e-12,3.311311214825908e-11,RAR.mrt,direct_standard_rar_table_only
1514,-11.18,0.05,-10.51,0.13,6.6069344800759645e-12,3.0902954325135919e-11,RAR.mrt,direct_standard_rar_table_only
1515,-11.22,0.05,-10.55,0.13,6.0255958607435685e-12,2.8183829312644493e-11,RAR.mrt,direct_standard_rar_table_only
1516,-11.27,0.05,-10.6,0.14,5.3703179637025329e-12,2.5118864315095823e-11,RAR.mrt,direct_standard_rar_table_only
1517,-11.31,0.05,-10.63,0.14,4.8977881936844567e-12,2.3442288153199179e-11,RAR.mrt,direct_standard_rar_table_only
1518,-9.19,0.11,-8.98,0.12,6.456542290346563e-10,1.0471285480508984e-09,RAR.mrt,direct_standard_rar_table_only
1519,-9.52,0.11,-9.28,0.11,3.0199517204020193e-10,5.2480746024977342e-10,RAR.mrt,direct_standard_rar_table_only
1520,-9.68,0.11,-9.46,0.11,2.089296130854041e-10,3.4673685045253098e-10,RAR.mrt,direct_standard_rar_table_only
1521,-9.78,0.11,-9.59,0.11,1.6595869074375631e-10,2.5703957827688648e-10,RAR.mrt,direct_standard_rar_table_only
1522,-9.87,0.11,-9.68,0.11,1.3489628825916561e-10,2.089296130854041e-10,RAR.mrt,direct_standard_rar_table_only
1523,-9.92,0.11,-9.74,0.11,1.2022644346174132e-10,1.8197008586099825e-10,RAR.mrt,direct_standard_rar_table_only
1524,-9.95,0.11,-9.82,0.11,1.1220184543019652e-10,1.5135612484362072e-10,RAR.mrt,direct_standard_rar_table_only
1525,-9.99,0.11,-9.9,0.11,1.0232929922807537e-10,1.2589254117941662e-10,RAR.mrt,direct_standard_rar_table_only
1526,-10.07,0.1,-9.96,0.11,8.511380382023759e-11,1.0964781961431829e-10,RAR.mrt,direct_standard_rar_table_only
1527,-10.13,0.1,-10.03,0.11,7.4131024130091616e-11,9.3325430079699241e-11,RAR.mrt,direct_standard_rar_table_only
1528,-10.21,0.1,-10.09,0.11,6.1659500186148097e-11,8.1283051616409951e-11,RAR.mrt,direct_standard_rar_table_only
1529,-10.31,0.1,-10.17,0.11,4.897788193684456e-11,6.7608297539198192e-11,RAR.mrt,direct_standard_rar_table_only
1530,-10.41,0.1,-10.24,0.11,3.8904514499428045e-11,5.7543993733715666e-11,RAR.mrt,direct_standard_rar_table_only
1531,-10.51,0.1,-10.33,0.11,3.0902954325135919e-11,4.6773514128719814e-11,RAR.mrt,direct_standard_rar_table_only
1532,-10.59,0.1,-10.4,0.11,2.5703957827688646e-11,3.9810717055349695e-11,RAR.mrt,direct_standard_rar_table_only
1533,-10.68,0.1,-10.43,0.11,2.0892961308540409e-11,3.7153522909717275e-11,RAR.mrt,direct_standard_rar_table_only
1534,-10.75,0.1,-10.46,0.11,1.7782794100389227e-11,3.4673685045253096e-11,RAR.mrt,direct_standard_rar_table_only
1535,-10.82,0.1,-10.49,0.11,1.5135612484362072e-11,3.235936569296281e-11,RAR.mrt,direct_standard_rar_table_only
1536,-10.88,0.1,-10.5,0.11,1.3182567385564048e-11,3.1622776601683794e-11,RAR.mrt,direct_standard_rar_table_only
1537,-9.18,0.11,-9.23,0.08,6.6069344800759641e-10,5.8884365535558835e-10,RAR.mrt,direct_standard_rar_table_only
1538,-9.28,0.11,-9.32,0.07,5.2480746024977342e-10,4.7863009232263798e-10,RAR.mrt,direct_standard_rar_table_only
1539,-9.35,0.11,-9.38,0.07,4.4668359215096347e-10,4.1686938347033463e-10,RAR.mrt,direct_standard_rar_table_only
1540,-9.47,0.11,-9.48,0.07,3.3884415613920202e-10,3.3113112148259076e-10,RAR.mrt,direct_standard_rar_table_only
1541,-9.55,0.11,-9.57,0.07,2.8183829312644494e-10,2.6915348039269137e-10,RAR.mrt,direct_standard_rar_table_only
1542,-9.62,0.11,-9.61,0.07,2.3988329190194949e-10,2.4547089156850336e-10,RAR.mrt,direct_standard_rar_table_only
1543,-9.67,0.11,-9.64,0.07,2.1379620895022325e-10,2.2908676527677701e-10,RAR.mrt,direct_standard_rar_table_only
1544,-9.7,0.11,-9.68,0.07,1.9952623149688828e-10,2.089296130854041e-10,RAR.mrt,direct_standard_rar_table_only
1545,-9.76,0.11,-9.73,0.07,1.7378008287493763e-10,1.8620871366628656e-10,RAR.mrt,direct_standard_rar_table_only
1546,-9.81,0.11,-9.76,0.07,1.5488166189124796e-10,1.7378008287493763e-10,RAR.mrt,direct_standard_rar_table_only
1547,-9.86,0.11,-9.8,0.07,1.3803842646028866e-10,1.5848931924611109e-10,RAR.mrt,direct_standard_rar_table_only
1548,-10.05,0.1,-9.92,0.07,8.912509381337441e-11,1.2022644346174132e-10,RAR.mrt,direct_standard_rar_table_only
1549,-10.21,0.1,-10.02,0.07,6.1659500186148097e-11,9.5499258602143689e-11,RAR.mrt,direct_standard_rar_table_only
1550,-10.34,0.1,-10.11,0.07,4.5708818961487517e-11,7.7624711662869273e-11,RAR.mrt,direct_standard_rar_table_only
1551,-10.49,0.1,-10.19,0.07,3.235936569296281e-11,6.4565422903465622e-11,RAR.mrt,direct_standard_rar_table_only
1552,-10.62,0.1,-10.27,0.07,2.3988329190194948e-11,5.3703179637025328e-11,RAR.mrt,direct_standard_rar_table_only
1553,-10.73,0.1,-10.35,0.07,1.8620871366628657e-11,4.4668359215096346e-11,RAR.mrt,direct_standard_rar_table_only
1554,-10.82,0.1,-10.42,0.07,1.5135612484362072e-11,3.8018939632056128e-11,RAR.mrt,direct_standard_rar_table_only
1555,-10.9,0.09,-10.47,0.07,1.2589254117941662e-11,3.3884415613920202e-11,RAR.mrt,direct_standard_rar_table_only
1556,-10.97,0.09,-10.52,0.07,1.0715193052376049e-11,3.019951720402019e-11,RAR.mrt,direct_standard_rar_table_only
1557,-11.04,0.09,-10.55,0.08,9.1201083935591156e-12,2.8183829312644493e-11,RAR.mrt,direct_standard_rar_table_only
1558,-11.1,0.09,-10.58,0.07,7.9432823472428214e-12,2.6302679918953815e-11,RAR.mrt,direct_standard_rar_table_only
1559,-11.15,0.09,-10.62,0.07,7.0794578438413731e-12,2.3988329190194948e-11,RAR.mrt,direct_standard_rar_table_only
1560,-11.19,0.09,-10.65,0.07,6.4565422903465627e-12,2.2387211385683377e-11,RAR.mrt,direct_standard_rar_table_only
1561,-11.24,0.08,-10.67,0.07,5.7543993733715668e-12,2.1379620895022323e-11,RAR.mrt,direct_standard_rar_table_only
1562,-11.29,0.08,-10.72,0.07,5.128613839913659e-12,1.9054607179632443e-11,RAR.mrt,direct_standard_rar_table_only
1563,-11.34,0.08,-10.76,0.07,4.5708818961487516e-12,1.7378008287493762e-11,RAR.mrt,direct_standard_rar_table_only
1564,-8.6,0.1,-8.74,0.15,2.511886431509582e-09,1.8197008586099825e-09,RAR.mrt,direct_standard_rar_table_only
1565,-9.1,0.08,-9.19,0.14,7.9432823472428218e-10,6.456542290346563e-10,RAR.mrt,direct_standard_rar_table_only
1566,-9.39,0.08,-9.38,0.13,4.0738027780411222e-10,4.1686938347033463e-10,RAR.mrt,direct_standard_rar_table_only
1567,-9.62,0.08,-9.52,0.13,2.3988329190194949e-10,3.0199517204020193e-10,RAR.mrt,direct_standard_rar_table_only
1568,-9.81,0.08,-9.62,0.13,1.5488166189124796e-10,2.3988329190194949e-10,RAR.mrt,direct_standard_rar_table_only
1569,-9.94,0.08,-9.7,0.13,1.1481536214968841e-10,1.9952623149688828e-10,RAR.mrt,direct_standard_rar_table_only
1570,-10.12,0.08,-9.82,0.13,7.5857757502918511e-11,1.5135612484362072e-10,RAR.mrt,direct_standard_rar_table_only
1571,-10.26,0.08,-9.91,0.13,5.4954087385762479e-11,1.2302687708123812e-10,RAR.mrt,direct_standard_rar_table_only
1572,-10.39,0.08,-9.98,0.13,4.0738027780411218e-11,1.0471285480508985e-10,RAR.mrt,direct_standard_rar_table_only
1573,-10.49,0.07,-10.05,0.13,3.235936569296281e-11,8.912509381337441e-11,RAR.mrt,direct_standard_rar_table_only
1574,-10.58,0.07,-10.1,0.13,2.6302679918953815e-11,7.9432823472428218e-11,RAR.mrt,direct_standard_rar_table_only
1575,-10.63,0.07,-10.14,0.13,2.3442288153199179e-11,7.2443596007498915e-11,RAR.mrt,direct_standard_rar_table_only
1576,-10.7,0.07,-10.18,0.13,1.9952623149688828e-11,6.6069344800759643e-11,RAR.mrt,direct_standard_rar_table_only
1577,-10.76,0.06,-10.23,0.13,1.7378008287493762e-11,5.8884365535558838e-11,RAR.mrt,direct_standard_rar_table_only
1578,-10.83,0.06,-10.27,0.13,1.4791083881682073e-11,5.3703179637025328e-11,RAR.mrt,direct_standard_rar_table_only
1579,-10.91,0.06,-10.35,0.13,1.2302687708123811e-11,4.4668359215096346e-11,RAR.mrt,direct_standard_rar_table_only
1580,-10.97,0.06,-10.41,0.13,1.0715193052376049e-11,3.8904514499428045e-11,RAR.mrt,direct_standard_rar_table_only
1581,-11.04,0.06,-10.48,0.13,9.1201083935591156e-12,3.311311214825908e-11,RAR.mrt,direct_standard_rar_table_only
1582,-11.09,0.07,-10.49,0.13,8.1283051616409945e-12,3.235936569296281e-11,RAR.mrt,direct_standard_rar_table_only
1583,-11.15,0.07,-10.52,0.13,7.0794578438413731e-12,3.019951720402019e-11,RAR.mrt,direct_standard_rar_table_only
1584,-11.2,0.06,-10.54,0.13,6.3095734448019426e-12,2.8840315031266117e-11,RAR.mrt,direct_standard_rar_table_only
1585,-11.24,0.06,-10.55,0.13,5.7543993733715668e-12,2.8183829312644493e-11,RAR.mrt,direct_standard_rar_table_only
1586,-8.66,0.09,-8.75,0.08,2.1877616239495518e-09,1.7782794100389228e-09,RAR.mrt,direct_standard_rar_table_only
1587,-8.86,0.08,-8.94,0.07,1.3803842646028867e-09,1.148153621496884e-09,RAR.mrt,direct_standard_rar_table_only
1588,-9.02,0.07,-9.05,0.06,9.5499258602143681e-10,8.912509381337441e-10,RAR.mrt,direct_standard_rar_table_only
1589,-9.11,0.07,-9.1,0.05,7.7624711662869273e-10,7.9432823472428218e-10,RAR.mrt,direct_standard_rar_table_only
1590,-9.18,0.07,-9.18,0.09,6.6069344800759641e-10,6.6069344800759641e-10,RAR.mrt,direct_standard_rar_table_only
1591,-9.24,0.07,-9.19,0.09,5.7543993733715669e-10,6.456542290346563e-10,RAR.mrt,direct_standard_rar_table_only
1592,-9.31,0.08,-9.26,0.09,4.8977881936844559e-10,5.4954087385762482e-10,RAR.mrt,direct_standard_rar_table_only
1593,-9.38,0.08,-9.31,0.09,4.1686938347033463e-10,4.8977881936844559e-10,RAR.mrt,direct_standard_rar_table_only
1594,-9.43,0.08,-9.36,0.09,3.7153522909717278e-10,4.3651583224016655e-10,RAR.mrt,direct_standard_rar_table_only
1595,-9.51,0.08,-9.41,0.08,3.0902954325135922e-10,3.8904514499428046e-10,RAR.mrt,direct_standard_rar_table_only
1596,-9.58,0.08,-9.47,0.08,2.6302679918953814e-10,3.3884415613920202e-10,RAR.mrt,direct_standard_rar_table_only
1597,-9.65,0.09,-9.51,0.08,2.2387211385683377e-10,3.0902954325135922e-10,RAR.mrt,direct_standard_rar_table_only
1598,-9.7,0.09,-9.56,0.08,1.9952623149688828e-10,2.7542287033381632e-10,RAR.mrt,direct_standard_rar_table_only
1599,-9.76,0.09,-9.6,0.08,1.7378008287493763e-10,2.511886431509582e-10,RAR.mrt,direct_standard_rar_table_only
1600,-9.81,0.09,-9.64,0.08,1.5488166189124796e-10,2.2908676527677701e-10,RAR.mrt,direct_standard_rar_table_only
1601,-9.88,0.09,-9.67,0.08,1.3182567385564046e-10,2.1379620895022325e-10,RAR.mrt,direct_standard_rar_table_only
1602,-9.94,0.09,-9.7,0.08,1.1481536214968841e-10,1.9952623149688828e-10,RAR.mrt,direct_standard_rar_table_only
1603,-10.24,0.11,-10.06,0.16,5.7543993733715666e-11,8.7096358995607968e-11,RAR.mrt,direct_standard_rar_table_only
1604,-10.25,0.11,-10.04,0.14,5.6234132519034906e-11,9.1201083935591153e-11,RAR.mrt,direct_standard_rar_table_only
1605,-10.26,0.1,-10.07,0.14,5.4954087385762479e-11,8.511380382023759e-11,RAR.mrt,direct_standard_rar_table_only
1606,-10.3,0.1,-10.12,0.14,5.0118723362727148e-11,7.5857757502918511e-11,RAR.mrt,direct_standard_rar_table_only
1607,-10.36,0.1,-10.16,0.14,4.3651583224016655e-11,6.9183097091893625e-11,RAR.mrt,direct_standard_rar_table_only
1608,-10.42,0.1,-10.21,0.14,3.8018939632056128e-11,6.1659500186148097e-11,RAR.mrt,direct_standard_rar_table_only
1609,-10.47,0.1,-10.24,0.14,3.3884415613920202e-11,5.7543993733715666e-11,RAR.mrt,direct_standard_rar_table_only
1610,-10.53,0.1,-10.26,0.14,2.9512092266663903e-11,5.4954087385762479e-11,RAR.mrt,direct_standard_rar_table_only
1611,-10.56,0.1,-10.27,0.14,2.7542287033381634e-11,5.3703179637025328e-11,RAR.mrt,direct_standard_rar_table_only
1612,-10.59,0.09,-10.29,0.13,2.5703957827688646e-11,5.1286138399136583e-11,RAR.mrt,direct_standard_rar_table_only
1613,-10.63,0.09,-10.31,0.14,2.3442288153199179e-11,4.897788193684456e-11,RAR.mrt,direct_standard_rar_table_only
1614,-10.68,0.09,-10.34,0.14,2.0892961308540409e-11,4.5708818961487517e-11,RAR.mrt,direct_standard_rar_table_only
1615,-10.72,0.09,-10.35,0.13,1.9054607179632443e-11,4.4668359215096346e-11,RAR.mrt,direct_standard_rar_table_only
1616,-10.76,0.08,-10.37,0.13,1.7378008287493762e-11,4.2657951880159344e-11,RAR.mrt,direct_standard_rar_table_only
1617,-10.8,0.08,-10.39,0.13,1.5848931924611107e-11,4.0738027780411218e-11,RAR.mrt,direct_standard_rar_table_only
1618,-10.85,0.08,-10.41,0.13,1.4125375446227554e-11,3.8904514499428045e-11,RAR.mrt,direct_standard_rar_table_only
1619,-10.88,0.08,-10.43,0.13,1.3182567385564048e-11,3.7153522909717275e-11,RAR.mrt,direct_standard_rar_table_only
1620,-10.91,0.07,-10.45,0.13,1.2302687708123811e-11,3.5481338923357607e-11,RAR.mrt,direct_standard_rar_table_only
1621,-10.93,0.07,-10.46,0.13,1.1748975549395303e-11,3.4673685045253096e-11,RAR.mrt,direct_standard_rar_table_only
1622,-10.96,0.07,-10.48,0.13,1.0964781961431828e-11,3.311311214825908e-11,RAR.mrt,direct_standard_rar_table_only
1623,-10.99,0.07,-10.5,0.14,1.0232929922807536e-11,3.1622776601683794e-11,RAR.mrt,direct_standard_rar_table_only
1624,-11.0,0.06,-10.52,0.14,9.9999999999999994e-12,3.019951720402019e-11,RAR.mrt,direct_standard_rar_table_only
1625,-11.02,0.06,-10.54,0.14,9.5499258602143682e-12,2.8840315031266117e-11,RAR.mrt,direct_standard_rar_table_only
1626,-11.04,0.06,-10.57,0.14,9.1201083935591156e-12,2.6915348039269138e-11,RAR.mrt,direct_standard_rar_table_only
1627,-11.05,0.06,-10.58,0.14,8.912509381337441e-12,2.6302679918953815e-11,RAR.mrt,direct_standard_rar_table_only
1628,-11.07,0.06,-10.6,0.14,8.5113803820237597e-12,2.5118864315095823e-11,RAR.mrt,direct_standard_rar_table_only
1629,-11.09,0.05,-10.62,0.14,8.1283051616409945e-12,2.3988329190194948e-11,RAR.mrt,direct_standard_rar_table_only
1630,-11.11,0.05,-10.64,0.14,7.762471166286927e-12,2.2908676527677699e-11,RAR.mrt,direct_standard_rar_table_only
1631,-11.13,0.05,-10.66,0.14,7.4131024130091626e-12,2.1877616239495519e-11,RAR.mrt,direct_standard_rar_table_only
1632,-9.2,0.11,-9.74,0.09,6.3095734448019425e-10,1.8197008586099825e-10,RAR.mrt,direct_standard_rar_table_only
1633,-9.22,0.1,-9.58,0.08,6.0255958607435691e-10,2.6302679918953814e-10,RAR.mrt,direct_standard_rar_table_only
1634,-9.29,0.1,-9.6,0.07,5.1286138399136583e-10,2.511886431509582e-10,RAR.mrt,direct_standard_rar_table_only
1635,-9.44,0.1,-9.65,0.07,3.6307805477010177e-10,2.2387211385683377e-10,RAR.mrt,direct_standard_rar_table_only
1636,-9.57,0.1,-9.72,0.07,2.6915348039269137e-10,1.9054607179632444e-10,RAR.mrt,direct_standard_rar_table_only
1637,-9.68,0.09,-9.75,0.07,2.089296130854041e-10,1.7782794100389229e-10,RAR.mrt,direct_standard_rar_table_only
1638,-9.78,0.09,-9.8,0.07,1.6595869074375631e-10,1.5848931924611109e-10,RAR.mrt,direct_standard_rar_table_only
1639,-9.86,0.09,-9.84,0.07,1.3803842646028866e-10,1.4454397707459281e-10,RAR.mrt,direct_standard_rar_table_only
1640,-9.95,0.09,-9.87,0.07,1.1220184543019652e-10,1.3489628825916561e-10,RAR.mrt,direct_standard_rar_table_only
1641,-10.04,0.09,-9.91,0.07,9.1201083935591153e-11,1.2302687708123812e-10,RAR.mrt,direct_standard_rar_table_only
1642,-10.11,0.09,-9.95,0.07,7.7624711662869273e-11,1.1220184543019652e-10,RAR.mrt,direct_standard_rar_table_only
1643,-10.18,0.09,-9.99,0.07,6.6069344800759643e-11,1.0232929922807537e-10,RAR.mrt,direct_standard_rar_table_only
1644,-10.24,0.09,-10.04,0.07,5.7543993733715666e-11,9.1201083935591153e-11,RAR.mrt,direct_standard_rar_table_only
1645,-10.31,0.09,-10.08,0.07,4.897788193684456e-11,8.3176377110267092e-11,RAR.mrt,direct_standard_rar_table_only
1646,-10.36,0.09,-10.13,0.07,4.3651583224016655e-11,7.4131024130091616e-11,RAR.mrt,direct_standard_rar_table_only
1647,-10.42,0.09,-10.17,0.07,3.8018939632056128e-11,6.7608297539198192e-11,RAR.mrt,direct_standard_rar_table_only
1648,-10.47,0.09,-10.19,0.07,3.3884415613920202e-11,6.4565422903465622e-11,RAR.mrt,direct_standard_rar_table_only
1649,-10.51,0.09,-10.21,0.08,3.0902954325135919e-11,6.1659500186148097e-11,RAR.mrt,direct_standard_rar_table_only
1650,-10.66,0.1,-10.14,0.09,2.1877616239495519e-11,7.2443596007498915e-11,RAR.mrt,direct_standard_rar_table_only
1651,-10.74,0.1,-10.17,0.08,1.8197008586099825e-11,6.7608297539198192e-11,RAR.mrt,direct_standard_rar_table_only
1652,-10.74,0.09,-10.16,0.08,1.8197008586099825e-11,6.9183097091893625e-11,RAR.mrt,direct_standard_rar_table_only
1653,-10.75,0.09,-10.21,0.08,1.7782794100389227e-11,6.1659500186148097e-11,RAR.mrt,direct_standard_rar_table_only
1654,-10.76,0.09,-10.25,0.07,1.7378008287493762e-11,5.6234132519034906e-11,RAR.mrt,direct_standard_rar_table_only
1655,-10.77,0.09,-10.27,0.07,1.6982436524617461e-11,5.3703179637025328e-11,RAR.mrt,direct_standard_rar_table_only
1656,-10.78,0.08,-10.29,0.07,1.6595869074375631e-11,5.1286138399136583e-11,RAR.mrt,direct_standard_rar_table_only
1657,-10.78,0.08,-10.32,0.08,1.6595869074375631e-11,4.7863009232263801e-11,RAR.mrt,direct_standard_rar_table_only
1658,-10.83,0.08,-10.35,0.08,1.4791083881682073e-11,4.4668359215096346e-11,RAR.mrt,direct_standard_rar_table_only
1659,-10.88,0.07,-10.42,0.07,1.3182567385564048e-11,3.8018939632056128e-11,RAR.mrt,direct_standard_rar_table_only
1660,-10.92,0.07,-10.46,0.07,1.202264434617413e-11,3.4673685045253096e-11,RAR.mrt,direct_standard_rar_table_only
1661,-10.99,0.07,-10.49,0.07,1.0232929922807536e-11,3.235936569296281e-11,RAR.mrt,direct_standard_rar_table_only
1662,-11.05,0.07,-10.53,0.07,8.912509381337441e-12,2.9512092266663903e-11,RAR.mrt,direct_standard_rar_table_only
1663,-11.11,0.06,-10.57,0.07,7.762471166286927e-12,2.6915348039269138e-11,RAR.mrt,direct_standard_rar_table_only
1664,-11.14,0.06,-10.59,0.07,7.2443596007498911e-12,2.5703957827688646e-11,RAR.mrt,direct_standard_rar_table_only
1665,-11.2,0.06,-10.6,0.07,6.3095734448019426e-12,2.5118864315095823e-11,RAR.mrt,direct_standard_rar_table_only
1666,-11.25,0.06,-10.64,0.07,5.6234132519034904e-12,2.2908676527677699e-11,RAR.mrt,direct_standard_rar_table_only
1667,-11.28,0.06,-10.67,0.07,5.2480746024977338e-12,2.1379620895022323e-11,RAR.mrt,direct_standard_rar_table_only
1668,-11.33,0.06,-10.68,0.07,4.6773514128719809e-12,2.0892961308540409e-11,RAR.mrt,direct_standard_rar_table_only
1669,-11.38,0.06,-10.69,0.1,4.1686938347033462e-12,2.0417379446695317e-11,RAR.mrt,direct_standard_rar_table_only
1670,-9.63,0.1,-9.64,0.08,2.3442288153199181e-10,2.2908676527677701e-10,RAR.mrt,direct_standard_rar_table_only
1671,-9.73,0.1,-9.64,0.07,1.8620871366628656e-10,2.2908676527677701e-10,RAR.mrt,direct_standard_rar_table_only
1672,-9.83,0.1,-9.73,0.07,1.4791083881682071e-10,1.8620871366628656e-10,RAR.mrt,direct_standard_rar_table_only
1673,-9.91,0.1,-9.82,0.07,1.2302687708123812e-10,1.5135612484362072e-10,RAR.mrt,direct_standard_rar_table_only
1674,-10.05,0.1,-9.93,0.07,8.912509381337441e-11,1.1748975549395304e-10,RAR.mrt,direct_standard_rar_table_only
1675,-10.18,0.09,-10.02,0.07,6.6069344800759643e-11,9.5499258602143689e-11,RAR.mrt,direct_standard_rar_table_only
1676,-10.3,0.09,-10.09,0.07,5.0118723362727148e-11,8.1283051616409951e-11,RAR.mrt,direct_standard_rar_table_only
1677,-10.41,0.09,-10.16,0.07,3.8904514499428045e-11,6.9183097091893625e-11,RAR.mrt,direct_standard_rar_table_only
1678,-10.49,0.09,-10.21,0.07,3.235936569296281e-11,6.1659500186148097e-11,RAR.mrt,direct_standard_rar_table_only
1679,-10.58,0.09,-10.26,0.07,2.6302679918953815e-11,5.4954087385762479e-11,RAR.mrt,direct_standard_rar_table_only
1680,-10.66,0.09,-10.28,0.07,2.1877616239495519e-11,5.2480746024977339e-11,RAR.mrt,direct_standard_rar_table_only
1681,-10.71,0.08,-10.31,0.07,1.9498445997580414e-11,4.897788193684456e-11,RAR.mrt,direct_standard_rar_table_only
1682,-10.78,0.08,-10.34,0.07,1.6595869074375631e-11,4.5708818961487517e-11,RAR.mrt,direct_standard_rar_table_only
1683,-10.85,0.09,-10.37,0.08,1.4125375446227554e-11,4.2657951880159344e-11,RAR.mrt,direct_standard_rar_table_only
1684,-10.91,0.09,-10.4,0.09,1.2302687708123811e-11,3.9810717055349695e-11,RAR.mrt,direct_standard_rar_table_only
1685,-10.97,0.09,-10.43,0.09,1.0715193052376049e-11,3.7153522909717275e-11,RAR.mrt,direct_standard_rar_table_only
1686,-9.44,0.08,-9.4,0.1,3.6307805477010177e-10,3.9810717055349694e-10,RAR.mrt,direct_standard_rar_table_only
1687,-9.89,0.09,-9.63,0.08,1.2882495516931322e-10,2.3442288153199181e-10,RAR.mrt,direct_standard_rar_table_only
1688,-10.21,0.08,-9.87,0.08,6.1659500186148097e-11,1.3489628825916561e-10,RAR.mrt,direct_standard_rar_table_only
1689,-10.69,0.08,-10.3,0.09,2.0417379446695317e-11,5.0118723362727148e-11,RAR.mrt,direct_standard_rar_table_only
1690,-10.0,0.11,-9.75,0.1,1e-10,1.7782794100389229e-10,RAR.mrt,direct_standard_rar_table_only
1691,-10.07,0.11,-9.69,0.08,8.511380382023759e-11,2.0417379446695316e-10,RAR.mrt,direct_standard_rar_table_only
1692,-10.06,0.11,-9.68,0.07,8.7096358995607968e-11,2.089296130854041e-10,RAR.mrt,direct_standard_rar_table_only
1693,-10.0,0.11,-9.69,0.07,1e-10,2.0417379446695316e-10,RAR.mrt,direct_standard_rar_table_only
1694,-9.98,0.11,-9.72,0.07,1.0471285480508985e-10,1.9054607179632444e-10,RAR.mrt,direct_standard_rar_table_only
1695,-9.99,0.11,-9.76,0.07,1.0232929922807537e-10,1.7378008287493763e-10,RAR.mrt,direct_standard_rar_table_only
1696,-10.08,0.11,-9.8,0.07,8.3176377110267092e-11,1.5848931924611109e-10,RAR.mrt,direct_standard_rar_table_only
1697,-10.15,0.11,-9.86,0.06,7.0794578438413739e-11,1.3803842646028866e-10,RAR.mrt,direct_standard_rar_table_only
1698,-10.24,0.1,-9.91,0.06,5.7543993733715666e-11,1.2302687708123812e-10,RAR.mrt,direct_standard_rar_table_only
1699,-10.33,0.1,-9.94,0.06,4.6773514128719814e-11,1.1481536214968841e-10,RAR.mrt,direct_standard_rar_table_only
1700,-10.4,0.1,-9.98,0.06,3.9810717055349695e-11,1.0471285480508985e-10,RAR.mrt,direct_standard_rar_table_only
1701,-10.46,0.1,-10.02,0.06,3.4673685045253096e-11,9.5499258602143689e-11,RAR.mrt,direct_standard_rar_table_only
1702,-10.51,0.1,-10.07,0.07,3.0902954325135919e-11,8.511380382023759e-11,RAR.mrt,direct_standard_rar_table_only
1703,-10.56,0.1,-10.11,0.06,2.7542287033381634e-11,7.7624711662869273e-11,RAR.mrt,direct_standard_rar_table_only
1704,-10.62,0.1,-10.16,0.07,2.3988329190194948e-11,6.9183097091893625e-11,RAR.mrt,direct_standard_rar_table_only
1705,-10.66,0.1,-10.19,0.07,2.1877616239495519e-11,6.4565422903465622e-11,RAR.mrt,direct_standard_rar_table_only
1706,-10.7,0.09,-10.23,0.07,1.9952623149688828e-11,5.8884365535558838e-11,RAR.mrt,direct_standard_rar_table_only
1707,-10.74,0.09,-10.23,0.07,1.8197008586099825e-11,5.8884365535558838e-11,RAR.mrt,direct_standard_rar_table_only
1708,-10.79,0.09,-10.26,0.07,1.6218100973589331e-11,5.4954087385762479e-11,RAR.mrt,direct_standard_rar_table_only
1709,-10.83,0.09,-10.32,0.07,1.4791083881682073e-11,4.7863009232263801e-11,RAR.mrt,direct_standard_rar_table_only
1710,-10.88,0.09,-10.4,0.07,1.3182567385564048e-11,3.9810717055349695e-11,RAR.mrt,direct_standard_rar_table_only
1711,-10.92,0.09,-10.41,0.07,1.202264434617413e-11,3.8904514499428045e-11,RAR.mrt,direct_standard_rar_table_only
1712,-10.96,0.09,-10.43,0.08,1.0964781961431828e-11,3.7153522909717275e-11,RAR.mrt,direct_standard_rar_table_only
1713,-11.0,0.09,-10.44,0.08,9.9999999999999994e-12,3.6307805477010174e-11,RAR.mrt,direct_standard_rar_table_only
1714,-9.82,0.11,-9.77,0.09,1.5135612484362072e-10,1.6982436524617461e-10,RAR.mrt,direct_standard_rar_table_only
1715,-9.74,0.11,-9.79,0.07,1.8197008586099825e-10,1.6218100973589331e-10,RAR.mrt,direct_standard_rar_table_only
1716,-9.78,0.11,-9.83,0.07,1.6595869074375631e-10,1.4791083881682071e-10,RAR.mrt,direct_standard_rar_table_only
1717,-9.93,0.1,-9.91,0.07,1.1748975549395304e-10,1.2302687708123812e-10,RAR.mrt,direct_standard_rar_table_only
1718,-10.05,0.1,-10.0,0.07,8.912509381337441e-11,1e-10,RAR.mrt,direct_standard_rar_table_only
1719,-10.15,0.1,-10.09,0.07,7.0794578438413739e-11,8.1283051616409951e-11,RAR.mrt,direct_standard_rar_table_only
1720,-10.28,0.09,-10.17,0.07,5.2480746024977339e-11,6.7608297539198192e-11,RAR.mrt,direct_standard_rar_table_only
1721,-10.38,0.09,-10.23,0.07,4.1686938347033464e-11,5.8884365535558838e-11,RAR.mrt,direct_standard_rar_table_only
1722,-10.48,0.09,-10.3,0.07,3.311311214825908e-11,5.0118723362727148e-11,RAR.mrt,direct_standard_rar_table_only
1723,-10.57,0.09,-10.31,0.08,2.6915348039269138e-11,4.897788193684456e-11,RAR.mrt,direct_standard_rar_table_only
1724,-10.67,0.09,-10.34,0.07,2.1379620895022323e-11,4.5708818961487517e-11,RAR.mrt,direct_standard_rar_table_only
1725,-9.8,0.11,-9.92,0.09,1.5848931924611109e-10,1.2022644346174132e-10,RAR.mrt,direct_standard_rar_table_only
1726,-9.91,0.11,-9.82,0.08,1.2302687708123812e-10,1.5135612484362072e-10,RAR.mrt,direct_standard_rar_table_only
1727,-9.99,0.11,-9.84,0.07,1.0232929922807537e-10,1.4454397707459281e-10,RAR.mrt,direct_standard_rar_table_only
1728,-10.04,0.1,-9.91,0.07,9.1201083935591153e-11,1.2302687708123812e-10,RAR.mrt,direct_standard_rar_table_only
1729,-10.14,0.1,-9.97,0.07,7.2443596007498915e-11,1.0715193052376048e-10,RAR.mrt,direct_standard_rar_table_only
1730,-10.27,0.1,-10.01,0.08,5.3703179637025328e-11,9.772372209558111e-11,RAR.mrt,direct_standard_rar_table_only
1731,-11.03,0.07,-10.69,0.11,9.3325430079699234e-12,2.0417379446695317e-11,RAR.mrt,direct_standard_rar_table_only
1732,-11.0,0.06,-10.66,0.11,9.9999999999999994e-12,2.1877616239495519e-11,RAR.mrt,direct_standard_rar_table_only
1733,-10.05,0.11,-9.9,0.09,8.912509381337441e-11,1.2589254117941662e-10,RAR.mrt,direct_standard_rar_table_only
1734,-10.15,0.11,-9.92,0.08,7.0794578438413739e-11,1.2022644346174132e-10,RAR.mrt,direct_standard_rar_table_only
1735,-10.11,0.11,-9.92,0.08,7.7624711662869273e-11,1.2022644346174132e-10,RAR.mrt,direct_standard_rar_table_only
1736,-10.13,0.1,-10.02,0.08,7.4131024130091616e-11,9.5499258602143689e-11,RAR.mrt,direct_standard_rar_table_only
1737,-10.26,0.1,-10.13,0.08,5.4954087385762479e-11,7.4131024130091616e-11,RAR.mrt,direct_standard_rar_table_only
1738,-10.38,0.1,-10.21,0.09,4.1686938347033464e-11,6.1659500186148097e-11,RAR.mrt,direct_standard_rar_table_only
1739,-9.82,0.08,-9.64,0.07,1.5135612484362072e-10,2.2908676527677701e-10,RAR.mrt,direct_standard_rar_table_only
1740,-9.85,0.08,-9.7,0.06,1.4125375446227556e-10,1.9952623149688828e-10,RAR.mrt,direct_standard_rar_table_only
1741,-9.89,0.09,-9.75,0.06,1.2882495516931322e-10,1.7782794100389229e-10,RAR.mrt,direct_standard_rar_table_only
1742,-9.93,0.09,-9.8,0.06,1.1748975549395304e-10,1.5848931924611109e-10,RAR.mrt,direct_standard_rar_table_only
1743,-9.97,0.09,-9.83,0.06,1.0715193052376048e-10,1.4791083881682071e-10,RAR.mrt,direct_standard_rar_table_only
1744,-10.03,0.09,-9.87,0.06,9.3325430079699241e-11,1.3489628825916561e-10,RAR.mrt,direct_standard_rar_table_only
1745,-10.09,0.09,-9.92,0.07,8.1283051616409951e-11,1.2022644346174132e-10,RAR.mrt,direct_standard_rar_table_only
1746,-10.16,0.09,-9.96,0.07,6.9183097091893625e-11,1.0964781961431829e-10,RAR.mrt,direct_standard_rar_table_only
1747,-10.23,0.08,-10.0,0.07,5.8884365535558838e-11,1e-10,RAR.mrt,direct_standard_rar_table_only
1748,-10.3,0.08,-10.03,0.07,5.0118723362727148e-11,9.3325430079699241e-11,RAR.mrt,direct_standard_rar_table_only
1749,-10.35,0.08,-10.06,0.06,4.4668359215096346e-11,8.7096358995607968e-11,RAR.mrt,direct_standard_rar_table_only
1750,-10.4,0.08,-10.08,0.07,3.9810717055349695e-11,8.3176377110267092e-11,RAR.mrt,direct_standard_rar_table_only
1751,-10.45,0.08,-10.13,0.08,3.5481338923357607e-11,7.4131024130091616e-11,RAR.mrt,direct_standard_rar_table_only
1752,-10.5,0.08,-10.24,0.07,3.1622776601683794e-11,5.7543993733715666e-11,RAR.mrt,direct_standard_rar_table_only
1753,-10.54,0.08,-10.27,0.07,2.8840315031266117e-11,5.3703179637025328e-11,RAR.mrt,direct_standard_rar_table_only
1754,-10.59,0.08,-10.27,0.07,2.5703957827688646e-11,5.3703179637025328e-11,RAR.mrt,direct_standard_rar_table_only
1755,-10.63,0.08,-10.28,0.07,2.3442288153199179e-11,5.2480746024977339e-11,RAR.mrt,direct_standard_rar_table_only
1756,-10.67,0.08,-10.3,0.07,2.1379620895022323e-11,5.0118723362727148e-11,RAR.mrt,direct_standard_rar_table_only
1757,-10.71,0.08,-10.32,0.07,1.9498445997580414e-11,4.7863009232263801e-11,RAR.mrt,direct_standard_rar_table_only
1758,-10.75,0.08,-10.34,0.07,1.7782794100389227e-11,4.5708818961487517e-11,RAR.mrt,direct_standard_rar_table_only
1759,-10.78,0.08,-10.34,0.07,1.6595869074375631e-11,4.5708818961487517e-11,RAR.mrt,direct_standard_rar_table_only
1760,-10.81,0.08,-10.34,0.07,1.5488166189124796e-11,4.5708818961487517e-11,RAR.mrt,direct_standard_rar_table_only
1761,-10.84,0.08,-10.35,0.07,1.445439770745928e-11,4.4668359215096346e-11,RAR.mrt,direct_standard_rar_table_only
1762,-10.87,0.08,-10.37,0.07,1.348962882591656e-11,4.2657951880159344e-11,RAR.mrt,direct_standard_rar_table_only
1763,-10.9,0.08,-10.39,0.07,1.2589254117941662e-11,4.0738027780411218e-11,RAR.mrt,direct_standard_rar_table_only
1764,-10.92,0.08,-10.39,0.07,1.202264434617413e-11,4.0738027780411218e-11,RAR.mrt,direct_standard_rar_table_only
1765,-10.94,0.08,-10.4,0.07,1.148153621496884e-11,3.9810717055349695e-11,RAR.mrt,direct_standard_rar_table_only
1766,-10.97,0.08,-10.4,0.07,1.0715193052376049e-11,3.9810717055349695e-11,RAR.mrt,direct_standard_rar_table_only
1767,-10.99,0.08,-10.4,0.07,1.0232929922807536e-11,3.9810717055349695e-11,RAR.mrt,direct_standard_rar_table_only
1768,-11.01,0.08,-10.4,0.07,9.7723722095581123e-12,3.9810717055349695e-11,RAR.mrt,direct_standard_rar_table_only
1769,-11.04,0.08,-10.42,0.07,9.1201083935591156e-12,3.8018939632056128e-11,RAR.mrt,direct_standard_rar_table_only
1770,-11.06,0.08,-10.43,0.06,8.7096358995607959e-12,3.7153522909717275e-11,RAR.mrt,direct_standard_rar_table_only
1771,-11.09,0.08,-10.44,0.06,8.1283051616409945e-12,3.6307805477010174e-11,RAR.mrt,direct_standard_rar_table_only
1772,-11.11,0.08,-10.46,0.07,7.762471166286927e-12,3.4673685045253096e-11,RAR.mrt,direct_standard_rar_table_only
1773,-11.13,0.08,-10.49,0.07,7.4131024130091626e-12,3.235936569296281e-11,RAR.mrt,direct_standard_rar_table_only
1774,-11.15,0.08,-10.52,0.08,7.0794578438413731e-12,3.019951720402019e-11,RAR.mrt,direct_standard_rar_table_only
1775,-10.37,0.1,-10.19,0.08,4.2657951880159344e-11,6.4565422903465622e-11,RAR.mrt,direct_standard_rar_table_only
1776,-10.42,0.1,-10.18,0.08,3.8018939632056128e-11,6.6069344800759643e-11,RAR.mrt,direct_standard_rar_table_only
1777,-10.48,0.1,-10.17,0.08,3.311311214825908e-11,6.7608297539198192e-11,RAR.mrt,direct_standard_rar_table_only
1778,-10.53,0.1,-10.15,0.07,2.9512092266663903e-11,7.0794578438413739e-11,RAR.mrt,direct_standard_rar_table_only
1779,-10.57,0.09,-10.13,0.07,2.6915348039269138e-11,7.4131024130091616e-11,RAR.mrt,direct_standard_rar_table_only
1780,-10.6,0.09,-10.16,0.07,2.5118864315095823e-11,6.9183097091893625e-11,RAR.mrt,direct_standard_rar_table_only
1781,-10.65,0.08,-10.22,0.07,2.2387211385683377e-11,6.0255958607435689e-11,RAR.mrt,direct_standard_rar_table_only
1782,-10.72,0.08,-10.28,0.07,1.9054607179632443e-11,5.2480746024977339e-11,RAR.mrt,direct_standard_rar_table_only
1783,-10.79,0.09,-10.34,0.07,1.6218100973589331e-11,4.5708818961487517e-11,RAR.mrt,direct_standard_rar_table_only
1784,-10.08,0.11,-9.66,0.05,8.3176377110267092e-11,2.1877616239495518e-10,RAR.mrt,direct_standard_rar_table_only
1785,-10.15,0.11,-9.79,0.05,7.0794578438413739e-11,1.6218100973589331e-10,RAR.mrt,direct_standard_rar_table_only
1786,-10.27,0.11,-9.88,0.05,5.3703179637025328e-11,1.3182567385564046e-10,RAR.mrt,direct_standard_rar_table_only
1787,-10.39,0.1,-9.98,0.05,4.0738027780411218e-11,1.0471285480508985e-10,RAR.mrt,direct_standard_rar_table_only
1788,-10.55,0.1,-10.09,0.05,2.8183829312644493e-11,8.1283051616409951e-11,RAR.mrt,direct_standard_rar_table_only
1789,-10.7,0.1,-10.23,0.05,1.9952623149688828e-11,5.8884365535558838e-11,RAR.mrt,direct_standard_rar_table_only
1790,-10.82,0.09,-10.28,0.05,1.5135612484362072e-11,5.2480746024977339e-11,RAR.mrt,direct_standard_rar_table_only
1791,-10.93,0.09,-10.34,0.05,1.1748975549395303e-11,4.5708818961487517e-11,RAR.mrt,direct_standard_rar_table_only
1792,-11.02,0.09,-10.4,0.06,9.5499258602143682e-12,3.9810717055349695e-11,RAR.mrt,direct_standard_rar_table_only
1793,-10.45,0.11,-10.0,0.09,3.5481338923357607e-11,1e-10,RAR.mrt,direct_standard_rar_table_only
1794,-10.46,0.11,-10.0,0.09,3.4673685045253096e-11,1e-10,RAR.mrt,direct_standard_rar_table_only
1795,-10.47,0.1,-10.02,0.08,3.3884415613920202e-11,9.5499258602143689e-11,RAR.mrt,direct_standard_rar_table_only
1796,-10.51,0.1,-10.05,0.07,3.0902954325135919e-11,8.912509381337441e-11,RAR.mrt,direct_standard_rar_table_only
1797,-10.48,0.1,-10.08,0.07,3.311311214825908e-11,8.3176377110267092e-11,RAR.mrt,direct_standard_rar_table_only
1798,-10.48,0.1,-10.1,0.07,3.311311214825908e-11,7.9432823472428218e-11,RAR.mrt,direct_standard_rar_table_only
1799,-10.55,0.09,-10.11,0.07,2.8183829312644493e-11,7.7624711662869273e-11,RAR.mrt,direct_standard_rar_table_only
1800,-10.63,0.09,-10.13,0.07,2.3442288153199179e-11,7.4131024130091616e-11,RAR.mrt,direct_standard_rar_table_only
1801,-10.72,0.09,-10.18,0.07,1.9054607179632443e-11,6.6069344800759643e-11,RAR.mrt,direct_standard_rar_table_only
1802,-9.71,0.11,-9.52,0.07,1.9498445997580414e-10,3.0199517204020193e-10,RAR.mrt,direct_standard_rar_table_only
1803,-9.83,0.11,-9.59,0.07,1.4791083881682071e-10,2.5703957827688648e-10,RAR.mrt,direct_standard_rar_table_only
1804,-9.91,0.11,-9.66,0.06,1.2302687708123812e-10,2.1877616239495518e-10,RAR.mrt,direct_standard_rar_table_only
1805,-9.95,0.11,-9.73,0.07,1.1220184543019652e-10,1.8620871366628656e-10,RAR.mrt,direct_standard_rar_table_only
1806,-10.02,0.11,-9.81,0.06,9.5499258602143689e-11,1.5488166189124796e-10,RAR.mrt,direct_standard_rar_table_only
1807,-10.09,0.11,-9.88,0.07,8.1283051616409951e-11,1.3182567385564046e-10,RAR.mrt,direct_standard_rar_table_only
1808,-10.18,0.1,-9.93,0.07,6.6069344800759643e-11,1.1748975549395304e-10,RAR.mrt,direct_standard_rar_table_only
1809,-10.28,0.1,-10.02,0.07,5.2480746024977339e-11,9.5499258602143689e-11,RAR.mrt,direct_standard_rar_table_only
1810,-9.62,0.11,-9.55,0.07,2.3988329190194949e-10,2.8183829312644494e-10,RAR.mrt,direct_standard_rar_table_only
1811,-9.67,0.11,-9.58,0.07,2.1379620895022325e-10,2.6302679918953814e-10,RAR.mrt,direct_standard_rar_table_only
1812,-9.72,0.11,-9.67,0.07,1.9054607179632444e-10,2.1379620895022325e-10,RAR.mrt,direct_standard_rar_table_only
1813,-9.86,0.1,-9.74,0.07,1.3803842646028866e-10,1.8197008586099825e-10,RAR.mrt,direct_standard_rar_table_only
1814,-9.97,0.1,-9.8,0.08,1.0715193052376048e-10,1.5848931924611109e-10,RAR.mrt,direct_standard_rar_table_only
1815,-10.08,0.1,-9.84,0.09,8.3176377110267092e-11,1.4454397707459281e-10,RAR.mrt,direct_standard_rar_table_only
1816,-10.68,0.11,-10.34,0.09,2.0892961308540409e-11,4.5708818961487517e-11,RAR.mrt,direct_standard_rar_table_only
1817,-10.64,0.11,-10.17,0.09,2.2908676527677699e-11,6.7608297539198192e-11,RAR.mrt,direct_standard_rar_table_only
1818,-10.59,0.11,-10.02,0.07,2.5703957827688646e-11,9.5499258602143689e-11,RAR.mrt,direct_standard_rar_table_only
1819,-10.55,0.1,-10.07,0.07,2.8183829312644493e-11,8.511380382023759e-11,RAR.mrt,direct_standard_rar_table_only
1820,-10.52,0.1,-10.09,0.07,3.019951720402019e-11,8.1283051616409951e-11,RAR.mrt,direct_standard_rar_table_only
1821,-10.53,0.11,-10.1,0.07,2.9512092266663903e-11,7.9432823472428218e-11,RAR.mrt,direct_standard_rar_table_only
1822,-10.55,0.1,-10.11,0.07,2.8183829312644493e-11,7.7624711662869273e-11,RAR.mrt,direct_standard_rar_table_only
1823,-10.58,0.1,-10.13,0.06,2.6302679918953815e-11,7.4131024130091616e-11,RAR.mrt,direct_standard_rar_table_only
1824,-10.63,0.1,-10.16,0.07,2.3442288153199179e-11,6.9183097091893625e-11,RAR.mrt,direct_standard_rar_table_only
1825,-10.66,0.1,-10.2,0.07,2.1877616239495519e-11,6.3095734448019425e-11,RAR.mrt,direct_standard_rar_table_only
1826,-10.7,0.09,-10.24,0.06,1.9952623149688828e-11,5.7543993733715666e-11,RAR.mrt,direct_standard_rar_table_only
1827,-10.74,0.09,-10.27,0.06,1.8197008586099825e-11,5.3703179637025328e-11,RAR.mrt,direct_standard_rar_table_only
1828,-10.79,0.09,-10.3,0.06,1.6218100973589331e-11,5.0118723362727148e-11,RAR.mrt,direct_standard_rar_table_only
1829,-10.86,0.09,-10.33,0.07,1.3803842646028866e-11,4.6773514128719814e-11,RAR.mrt,direct_standard_rar_table_only
1830,-10.91,0.09,-10.35,0.07,1.2302687708123811e-11,4.4668359215096346e-11,RAR.mrt,direct_standard_rar_table_only
1831,-10.97,0.09,-10.39,0.08,1.0715193052376049e-11,4.0738027780411218e-11,RAR.mrt,direct_standard_rar_table_only
1832,-9.41,0.11,-9.41,0.08,3.8904514499428046e-10,3.8904514499428046e-10,RAR.mrt,direct_standard_rar_table_only
1833,-9.68,0.11,-9.55,0.07,2.089296130854041e-10,2.8183829312644494e-10,RAR.mrt,direct_standard_rar_table_only
1834,-9.84,0.11,-9.63,0.07,1.4454397707459281e-10,2.3442288153199181e-10,RAR.mrt,direct_standard_rar_table_only
1835,-10.04,0.1,-9.78,0.07,9.1201083935591153e-11,1.6595869074375631e-10,RAR.mrt,direct_standard_rar_table_only
1836,-10.2,0.09,-9.9,0.07,6.3095734448019425e-11,1.2589254117941662e-10,RAR.mrt,direct_standard_rar_table_only
1837,-10.35,0.09,-9.98,0.07,4.4668359215096346e-11,1.0471285480508985e-10,RAR.mrt,direct_standard_rar_table_only
1838,-10.5,0.09,-10.06,0.08,3.1622776601683794e-11,8.7096358995607968e-11,RAR.mrt,direct_standard_rar_table_only
1839,-10.63,0.09,-10.17,0.09,2.3442288153199179e-11,6.7608297539198192e-11,RAR.mrt,direct_standard_rar_table_only
1840,-10.73,0.09,-10.24,0.09,1.8620871366628657e-11,5.7543993733715666e-11,RAR.mrt,direct_standard_rar_table_only
1841,-10.81,0.09,-10.32,0.1,1.5488166189124796e-11,4.7863009232263801e-11,RAR.mrt,direct_standard_rar_table_only
1842,-10.03,0.11,-9.74,0.09,9.3325430079699241e-11,1.8197008586099825e-10,RAR.mrt,direct_standard_rar_table_only
1843,-10.08,0.11,-9.73,0.08,8.3176377110267092e-11,1.8620871366628656e-10,RAR.mrt,direct_standard_rar_table_only
1844,-10.11,0.11,-9.76,0.07,7.7624711662869273e-11,1.7378008287493763e-10,RAR.mrt,direct_standard_rar_table_only
1845,-10.09,0.11,-9.8,0.07,8.1283051616409951e-11,1.5848931924611109e-10,RAR.mrt,direct_standard_rar_table_only
1846,-10.05,0.11,-9.86,0.07,8.912509381337441e-11,1.3803842646028866e-10,RAR.mrt,direct_standard_rar_table_only
1847,-10.05,0.11,-9.89,0.06,8.912509381337441e-11,1.2882495516931322e-10,RAR.mrt,direct_standard_rar_table_only
1848,-10.08,0.1,-9.93,0.07,8.3176377110267092e-11,1.1748975549395304e-10,RAR.mrt,direct_standard_rar_table_only
1849,-10.11,0.1,-9.96,0.07,7.7624711662869273e-11,1.0964781961431829e-10,RAR.mrt,direct_standard_rar_table_only
1850,-10.14,0.1,-10.01,0.07,7.2443596007498915e-11,9.772372209558111e-11,RAR.mrt,direct_standard_rar_table_only
1851,-10.21,0.1,-10.05,0.07,6.1659500186148097e-11,8.912509381337441e-11,RAR.mrt,direct_standard_rar_table_only
1852,-10.27,0.1,-10.09,0.07,5.3703179637025328e-11,8.1283051616409951e-11,RAR.mrt,direct_standard_rar_table_only
1853,-10.04,0.1,-9.98,0.08,9.1201083935591153e-11,1.0471285480508985e-10,RAR.mrt,direct_standard_rar_table_only
1854,-10.28,0.1,-10.08,0.07,5.2480746024977339e-11,8.3176377110267092e-11,RAR.mrt,direct_standard_rar_table_only
1855,-10.47,0.09,-10.14,0.07,3.3884415613920202e-11,7.2443596007498915e-11,RAR.mrt,direct_standard_rar_table_only
1856,-10.64,0.09,-10.23,0.07,2.2908676527677699e-11,5.8884365535558838e-11,RAR.mrt,direct_standard_rar_table_only
1857,-10.78,0.08,-10.33,0.07,1.6595869074375631e-11,4.6773514128719814e-11,RAR.mrt,direct_standard_rar_table_only
1858,-10.91,0.08,-10.44,0.07,1.2302687708123811e-11,3.6307805477010174e-11,RAR.mrt,direct_standard_rar_table_only
1859,-11.04,0.08,-10.53,0.08,9.1201083935591156e-12,2.9512092266663903e-11,RAR.mrt,direct_standard_rar_table_only
1860,-11.61,0.06,-10.83,0.1,2.4547089156850334e-12,1.4791083881682073e-11,RAR.mrt,direct_standard_rar_table_only
1861,-11.68,0.06,-10.88,0.1,2.089296130854041e-12,1.3182567385564048e-11,RAR.mrt,direct_standard_rar_table_only
1862,-11.74,0.06,-10.95,0.1,1.8197008586099825e-12,1.1220184543019653e-11,RAR.mrt,direct_standard_rar_table_only
1863,-11.22,0.07,-10.59,0.09,6.0255958607435685e-12,2.5703957827688646e-11,RAR.mrt,direct_standard_rar_table_only
1864,-11.34,0.06,-10.62,0.08,4.5708818961487516e-12,2.3988329190194948e-11,RAR.mrt,direct_standard_rar_table_only
1865,-11.45,0.05,-10.68,0.08,3.5481338923357604e-12,2.0892961308540409e-11,RAR.mrt,direct_standard_rar_table_only
1866,-11.54,0.05,-10.78,0.08,2.8840315031266117e-12,1.6595869074375631e-11,RAR.mrt,direct_standard_rar_table_only
1867,-11.61,0.05,-10.83,0.08,2.4547089156850334e-12,1.4791083881682073e-11,RAR.mrt,direct_standard_rar_table_only
1868,-11.67,0.04,-10.78,0.07,2.1379620895022326e-12,1.6595869074375631e-11,RAR.mrt,direct_standard_rar_table_only
1869,-11.73,0.04,-10.79,0.07,1.8620871366628655e-12,1.6218100973589331e-11,RAR.mrt,direct_standard_rar_table_only
1870,-11.75,0.04,-10.82,0.07,1.7782794100389228e-12,1.5135612484362072e-11,RAR.mrt,direct_standard_rar_table_only
1871,-11.76,0.04,-10.77,0.06,1.7378008287493763e-12,1.6982436524617461e-11,RAR.mrt,direct_standard_rar_table_only
1872,-11.76,0.04,-10.76,0.06,1.7378008287493763e-12,1.7378008287493762e-11,RAR.mrt,direct_standard_rar_table_only
1873,-11.79,0.04,-10.77,0.06,1.6218100973589331e-12,1.6982436524617461e-11,RAR.mrt,direct_standard_rar_table_only
1874,-11.83,0.04,-10.8,0.05,1.4791083881682073e-12,1.5848931924611107e-11,RAR.mrt,direct_standard_rar_table_only
1875,-11.84,0.04,-10.81,0.05,1.4454397707459281e-12,1.5488166189124796e-11,RAR.mrt,direct_standard_rar_table_only
1876,-11.87,0.04,-10.82,0.05,1.348962882591656e-12,1.5135612484362072e-11,RAR.mrt,direct_standard_rar_table_only
1877,-11.89,0.04,-10.83,0.05,1.2882495516931323e-12,1.4791083881682073e-11,RAR.mrt,direct_standard_rar_table_only
1878,-11.93,0.04,-10.84,0.05,1.1748975549395304e-12,1.445439770745928e-11,RAR.mrt,direct_standard_rar_table_only
1879,-11.97,0.04,-10.87,0.05,1.0715193052376049e-12,1.348962882591656e-11,RAR.mrt,direct_standard_rar_table_only
1880,-12.02,0.04,-10.91,0.05,9.549925860214369e-13,1.2302687708123811e-11,RAR.mrt,direct_standard_rar_table_only
1881,-12.06,0.04,-10.91,0.06,8.7096358995607969e-13,1.2302687708123811e-11,RAR.mrt,direct_standard_rar_table_only
1882,-10.05,0.11,-10.02,0.09,8.912509381337441e-11,9.5499258602143689e-11,RAR.mrt,direct_standard_rar_table_only
1883,-10.08,0.11,-10.01,0.08,8.3176377110267092e-11,9.772372209558111e-11,RAR.mrt,direct_standard_rar_table_only
1884,-10.13,0.11,-10.01,0.07,7.4131024130091616e-11,9.772372209558111e-11,RAR.mrt,direct_standard_rar_table_only
1885,-10.19,0.11,-10.0,0.07,6.4565422903465622e-11,1e-10,RAR.mrt,direct_standard_rar_table_only
1886,-10.3,0.1,-10.09,0.07,5.0118723362727148e-11,8.1283051616409951e-11,RAR.mrt,direct_standard_rar_table_only
1887,-10.39,0.1,-10.17,0.07,4.0738027780411218e-11,6.7608297539198192e-11,RAR.mrt,direct_standard_rar_table_only
1888,-10.46,0.09,-10.25,0.07,3.4673685045253096e-11,5.6234132519034906e-11,RAR.mrt,direct_standard_rar_table_only
1889,-10.56,0.09,-10.37,0.07,2.7542287033381634e-11,4.2657951880159344e-11,RAR.mrt,direct_standard_rar_table_only
1890,-10.84,0.08,-10.44,0.07,1.445439770745928e-11,3.6307805477010174e-11,RAR.mrt,direct_standard_rar_table_only
1891,-11.04,0.08,-10.48,0.08,9.1201083935591156e-12,3.311311214825908e-11,RAR.mrt,direct_standard_rar_table_only
1892,-11.12,0.08,-10.51,0.08,7.5857757502918518e-12,3.0902954325135919e-11,RAR.mrt,direct_standard_rar_table_only
1893,-11.19,0.08,-10.56,0.1,6.4565422903465627e-12,2.7542287033381634e-11,RAR.mrt,direct_standard_rar_table_only
1894,-8.97,0.11,-8.92,0.15,1.0715193052376049e-09,1.2022644346174132e-09,RAR.mrt,direct_standard_rar_table_only
1895,-9.01,0.11,-8.92,0.14,9.7723722095581118e-10,1.2022644346174132e-09,RAR.mrt,direct_standard_rar_table_only
1896,-9.04,0.11,-8.95,0.14,9.1201083935591153e-10,1.1220184543019653e-09,RAR.mrt,direct_standard_rar_table_only
1897,-9.09,0.11,-9.02,0.14,8.1283051616409954e-10,9.5499258602143681e-10,RAR.mrt,direct_standard_rar_table_only
1898,-9.14,0.11,-9.05,0.13,7.2443596007498912e-10,8.912509381337441e-10,RAR.mrt,direct_standard_rar_table_only
1899,-9.18,0.11,-9.08,0.14,6.6069344800759641e-10,8.3176377110267092e-10,RAR.mrt,direct_standard_rar_table_only
1900,-9.2,0.11,-9.11,0.13,6.3095734448019425e-10,7.7624711662869273e-10,RAR.mrt,direct_standard_rar_table_only
1901,-9.23,0.11,-9.14,0.14,5.8884365535558835e-10,7.2443596007498912e-10,RAR.mrt,direct_standard_rar_table_only
1902,-9.24,0.11,-9.15,0.14,5.7543993733715669e-10,7.0794578438413732e-10,RAR.mrt,direct_standard_rar_table_only
1903,-9.26,0.11,-9.16,0.14,5.4954087385762482e-10,6.918309709189363e-10,RAR.mrt,direct_standard_rar_table_only
1904,-9.29,0.11,-9.2,0.14,5.1286138399136583e-10,6.3095734448019425e-10,RAR.mrt,direct_standard_rar_table_only
1905,-9.33,0.11,-9.24,0.14,4.6773514128719813e-10,5.7543993733715669e-10,RAR.mrt,direct_standard_rar_table_only
1906,-9.36,0.11,-9.27,0.14,4.3651583224016655e-10,5.3703179637025321e-10,RAR.mrt,direct_standard_rar_table_only
1907,-9.38,0.11,-9.31,0.14,4.1686938347033463e-10,4.8977881936844559e-10,RAR.mrt,direct_standard_rar_table_only
1908,-9.4,0.11,-9.32,0.13,3.9810717055349694e-10,4.7863009232263798e-10,RAR.mrt,direct_standard_rar_table_only
1909,-9.42,0.11,-9.35,0.14,3.8018939632056128e-10,4.4668359215096347e-10,RAR.mrt,direct_standard_rar_table_only
1910,-9.44,0.11,-9.37,0.14,3.6307805477010177e-10,4.2657951880159342e-10,RAR.mrt,direct_standard_rar_table_only
1911,-9.46,0.11,-9.38,0.14,3.4673685045253098e-10,4.1686938347033463e-10,RAR.mrt,direct_standard_rar_table_only
1912,-9.47,0.11,-9.39,0.14,3.3884415613920202e-10,4.0738027780411222e-10,RAR.mrt,direct_standard_rar_table_only
1913,-9.49,0.11,-9.41,0.14,3.2359365692962813e-10,3.8904514499428046e-10,RAR.mrt,direct_standard_rar_table_only
1914,-9.5,0.11,-9.42,0.14,3.1622776601683795e-10,3.8018939632056128e-10,RAR.mrt,direct_standard_rar_table_only
1915,-9.52,0.11,-9.44,0.14,3.0199517204020193e-10,3.6307805477010177e-10,RAR.mrt,direct_standard_rar_table_only
1916,-9.54,0.11,-9.45,0.14,2.8840315031266117e-10,3.5481338923357605e-10,RAR.mrt,direct_standard_rar_table_only
1917,-9.57,0.11,-9.47,0.15,2.6915348039269137e-10,3.3884415613920202e-10,RAR.mrt,direct_standard_rar_table_only
1918,-9.63,0.11,-9.5,0.14,2.3442288153199181e-10,3.1622776601683795e-10,RAR.mrt,direct_standard_rar_table_only
1919,-9.65,0.11,-9.52,0.14,2.2387211385683377e-10,3.0199517204020193e-10,RAR.mrt,direct_standard_rar_table_only
1920,-9.7,0.11,-9.56,0.16,1.9952623149688828e-10,2.7542287033381632e-10,RAR.mrt,direct_standard_rar_table_only
1921,-9.73,0.11,-9.57,0.15,1.8620871366628656e-10,2.6915348039269137e-10,RAR.mrt,direct_standard_rar_table_only
1922,-9.81,0.11,-9.62,0.15,1.5488166189124796e-10,2.3988329190194949e-10,RAR.mrt,direct_standard_rar_table_only
1923,-10.07,0.1,-9.79,0.14,8.511380382023759e-11,1.6218100973589331e-10,RAR.mrt,direct_standard_rar_table_only
1924,-10.24,0.1,-9.89,0.14,5.7543993733715666e-11,1.2882495516931322e-10,RAR.mrt,direct_standard_rar_table_only
1925,-10.39,0.1,-9.99,0.13,4.0738027780411218e-11,1.0232929922807537e-10,RAR.mrt,direct_standard_rar_table_only
1926,-10.51,0.09,-10.05,0.13,3.0902954325135919e-11,8.912509381337441e-11,RAR.mrt,direct_standard_rar_table_only
1927,-10.64,0.09,-10.11,0.14,2.2908676527677699e-11,7.7624711662869273e-11,RAR.mrt,direct_standard_rar_table_only
1928,-10.26,0.11,-10.01,0.1,5.4954087385762479e-11,9.772372209558111e-11,RAR.mrt,direct_standard_rar_table_only
1929,-10.3,0.11,-10.02,0.09,5.0118723362727148e-11,9.5499258602143689e-11,RAR.mrt,direct_standard_rar_table_only
1930,-10.35,0.11,-9.97,0.05,4.4668359215096346e-11,1.0715193052376048e-10,RAR.mrt,direct_standard_rar_table_only
1931,-10.35,0.11,-10.0,0.07,4.4668359215096346e-11,1e-10,RAR.mrt,direct_standard_rar_table_only
1932,-10.33,0.11,-9.98,0.08,4.6773514128719814e-11,1.0471285480508985e-10,RAR.mrt,direct_standard_rar_table_only
1933,-10.3,0.11,-9.97,0.07,5.0118723362727148e-11,1.0715193052376048e-10,RAR.mrt,direct_standard_rar_table_only
1934,-10.29,0.11,-9.97,0.06,5.1286138399136583e-11,1.0715193052376048e-10,RAR.mrt,direct_standard_rar_table_only
1935,-10.28,0.11,-9.99,0.06,5.2480746024977339e-11,1.0232929922807537e-10,RAR.mrt,direct_standard_rar_table_only
1936,-10.28,0.11,-9.96,0.06,5.2480746024977339e-11,1.0964781961431829e-10,RAR.mrt,direct_standard_rar_table_only
1937,-10.28,0.11,-9.96,0.05,5.2480746024977339e-11,1.0964781961431829e-10,RAR.mrt,direct_standard_rar_table_only
1938,-10.28,0.11,-9.97,0.05,5.2480746024977339e-11,1.0715193052376048e-10,RAR.mrt,direct_standard_rar_table_only
1939,-10.28,0.11,-9.98,0.05,5.2480746024977339e-11,1.0471285480508985e-10,RAR.mrt,direct_standard_rar_table_only
1940,-10.28,0.11,-9.98,0.05,5.2480746024977339e-11,1.0471285480508985e-10,RAR.mrt,direct_standard_rar_table_only
1941,-10.29,0.11,-9.99,0.05,5.1286138399136583e-11,1.0232929922807537e-10,RAR.mrt,direct_standard_rar_table_only
1942,-10.31,0.11,-10.0,0.05,4.897788193684456e-11,1e-10,RAR.mrt,direct_standard_rar_table_only
1943,-10.33,0.11,-10.01,0.05,4.6773514128719814e-11,9.772372209558111e-11,RAR.mrt,direct_standard_rar_table_only
1944,-10.42,0.11,-10.06,0.05,3.8018939632056128e-11,8.7096358995607968e-11,RAR.mrt,direct_standard_rar_table_only
1945,-10.49,0.1,-10.1,0.05,3.235936569296281e-11,7.9432823472428218e-11,RAR.mrt,direct_standard_rar_table_only
1946,-10.55,0.1,-10.13,0.05,2.8183829312644493e-11,7.4131024130091616e-11,RAR.mrt,direct_standard_rar_table_only
1947,-10.59,0.1,-10.15,0.05,2.5703957827688646e-11,7.0794578438413739e-11,RAR.mrt,direct_standard_rar_table_only
1948,-10.63,0.1,-10.18,0.05,2.3442288153199179e-11,6.6069344800759643e-11,RAR.mrt,direct_standard_rar_table_only
1949,-10.73,0.09,-10.25,0.05,1.8620871366628657e-11,5.6234132519034906e-11,RAR.mrt,direct_standard_rar_table_only
1950,-10.84,0.09,-10.33,0.05,1.445439770745928e-11,4.6773514128719814e-11,RAR.mrt,direct_standard_rar_table_only
1951,-10.93,0.09,-10.38,0.05,1.1748975549395303e-11,4.1686938347033464e-11,RAR.mrt,direct_standard_rar_table_only
1952,-11.0,0.08,-10.42,0.05,9.9999999999999994e-12,3.8018939632056128e-11,RAR.mrt,direct_standard_rar_table_only
1953,-11.07,0.08,-10.46,0.05,8.5113803820237597e-12,3.4673685045253096e-11,RAR.mrt,direct_standard_rar_table_only
1954,-11.13,0.08,-10.52,0.05,7.4131024130091626e-12,3.019951720402019e-11,RAR.mrt,direct_standard_rar_table_only
1955,-11.18,0.07,-10.56,0.05,6.6069344800759645e-12,2.7542287033381634e-11,RAR.mrt,direct_standard_rar_table_only
1956,-11.22,0.07,-10.6,0.05,6.0255958607435685e-12,2.5118864315095823e-11,RAR.mrt,direct_standard_rar_table_only
1957,-11.27,0.07,-10.64,0.05,5.3703179637025329e-12,2.2908676527677699e-11,RAR.mrt,direct_standard_rar_table_only
1958,-11.33,0.07,-10.66,0.05,4.6773514128719809e-12,2.1877616239495519e-11,RAR.mrt,direct_standard_rar_table_only
1959,-11.37,0.06,-10.68,0.05,4.2657951880159344e-12,2.0892961308540409e-11,RAR.mrt,direct_standard_rar_table_only
1960,-11.4,0.06,-10.71,0.05,3.9810717055349695e-12,1.9498445997580414e-11,RAR.mrt,direct_standard_rar_table_only
1961,-11.43,0.06,-10.72,0.05,3.7153522909717275e-12,1.9054607179632443e-11,RAR.mrt,direct_standard_rar_table_only
1962,-11.45,0.06,-10.74,0.05,3.5481338923357604e-12,1.8197008586099825e-11,RAR.mrt,direct_standard_rar_table_only
1963,-11.47,0.05,-10.76,0.05,3.3884415613920204e-12,1.7378008287493762e-11,RAR.mrt,direct_standard_rar_table_only
1964,-11.51,0.05,-10.79,0.05,3.0902954325135922e-12,1.6218100973589331e-11,RAR.mrt,direct_standard_rar_table_only
1965,-12.01,0.08,-11.11,0.07,9.7723722095581119e-13,7.762471166286927e-12,RAR.mrt,direct_standard_rar_table_only
1966,-11.51,0.05,-10.83,0.05,3.0902954325135922e-12,1.4791083881682073e-11,RAR.mrt,direct_standard_rar_table_only
1967,-11.45,0.05,-10.73,0.07,3.5481338923357604e-12,1.8620871366628657e-11,RAR.mrt,direct_standard_rar_table_only
1968,-11.41,0.05,-10.68,0.05,3.8904514499428045e-12,2.0892961308540409e-11,RAR.mrt,direct_standard_rar_table_only
1969,-11.39,0.05,-10.64,0.09,4.0738027780411221e-12,2.2908676527677699e-11,RAR.mrt,direct_standard_rar_table_only
1970,-11.42,0.05,-10.65,0.07,3.8018939632056125e-12,2.2387211385683377e-11,RAR.mrt,direct_standard_rar_table_only
1971,-11.44,0.04,-10.59,0.09,3.6307805477010174e-12,2.5703957827688646e-11,RAR.mrt,direct_standard_rar_table_only
1972,-11.45,0.04,-10.6,0.08,3.5481338923357604e-12,2.5118864315095823e-11,RAR.mrt,direct_standard_rar_table_only
1973,-11.46,0.05,-10.61,0.07,3.4673685045253096e-12,2.4547089156850335e-11,RAR.mrt,direct_standard_rar_table_only
1974,-11.46,0.04,-10.6,0.07,3.4673685045253096e-12,2.5118864315095823e-11,RAR.mrt,direct_standard_rar_table_only
1975,-11.5,0.04,-10.6,0.06,3.1622776601683794e-12,2.5118864315095823e-11,RAR.mrt,direct_standard_rar_table_only
1976,-11.54,0.04,-10.62,0.06,2.8840315031266117e-12,2.3988329190194948e-11,RAR.mrt,direct_standard_rar_table_only
1977,-11.55,0.04,-10.61,0.05,2.8183829312644492e-12,2.4547089156850335e-11,RAR.mrt,direct_standard_rar_table_only
1978,-11.56,0.04,-10.61,0.05,2.7542287033381634e-12,2.4547089156850335e-11,RAR.mrt,direct_standard_rar_table_only
1979,-11.57,0.04,-10.61,0.04,2.6915348039269138e-12,2.4547089156850335e-11,RAR.mrt,direct_standard_rar_table_only
1980,-11.57,0.04,-10.61,0.04,2.6915348039269138e-12,2.4547089156850335e-11,RAR.mrt,direct_standard_rar_table_only
1981,-11.57,0.04,-10.61,0.05,2.6915348039269138e-12,2.4547089156850335e-11,RAR.mrt,direct_standard_rar_table_only
1982,-11.57,0.04,-10.6,0.06,2.6915348039269138e-12,2.5118864315095823e-11,RAR.mrt,direct_standard_rar_table_only
1983,-11.59,0.04,-10.62,0.06,2.5703957827688646e-12,2.3988329190194948e-11,RAR.mrt,direct_standard_rar_table_only
1984,-11.61,0.04,-10.64,0.06,2.4547089156850334e-12,2.2908676527677699e-11,RAR.mrt,direct_standard_rar_table_only
1985,-11.64,0.04,-10.64,0.05,2.2908676527677699e-12,2.2908676527677699e-11,RAR.mrt,direct_standard_rar_table_only
1986,-9.83,0.11,-9.4,0.11,1.4791083881682071e-10,3.9810717055349694e-10,RAR.mrt,direct_standard_rar_table_only
1987,-9.76,0.11,-9.44,0.09,1.7378008287493763e-10,3.6307805477010177e-10,RAR.mrt,direct_standard_rar_table_only
1988,-9.97,0.11,-9.74,0.08,1.0715193052376048e-10,1.8197008586099825e-10,RAR.mrt,direct_standard_rar_table_only
1989,-10.21,0.1,-9.93,0.07,6.1659500186148097e-11,1.1748975549395304e-10,RAR.mrt,direct_standard_rar_table_only
1990,-10.39,0.1,-10.08,0.07,4.0738027780411218e-11,8.3176377110267092e-11,RAR.mrt,direct_standard_rar_table_only
1991,-10.58,0.09,-10.18,0.07,2.6302679918953815e-11,6.6069344800759643e-11,RAR.mrt,direct_standard_rar_table_only
1992,-10.71,0.09,-10.27,0.07,1.9498445997580414e-11,5.3703179637025328e-11,RAR.mrt,direct_standard_rar_table_only
1993,-10.81,0.08,-10.34,0.07,1.5488166189124796e-11,4.5708818961487517e-11,RAR.mrt,direct_standard_rar_table_only
1994,-10.91,0.08,-10.4,0.07,1.2302687708123811e-11,3.9810717055349695e-11,RAR.mrt,direct_standard_rar_table_only
1995,-11.01,0.07,-10.5,0.07,9.7723722095581123e-12,3.1622776601683794e-11,RAR.mrt,direct_standard_rar_table_only
1996,-10.47,0.1,-10.29,0.12,3.3884415613920202e-11,5.1286138399136583e-11,RAR.mrt,direct_standard_rar_table_only
1997,-10.45,0.1,-10.26,0.11,3.5481338923357607e-11,5.4954087385762479e-11,RAR.mrt,direct_standard_rar_table_only
1998,-10.43,0.1,-10.21,0.1,3.7153522909717275e-11,6.1659500186148097e-11,RAR.mrt,direct_standard_rar_table_only
1999,-10.41,0.1,-10.16,0.1,3.8904514499428045e-11,6.9183097091893625e-11,RAR.mrt,direct_standard_rar_table_only
2000,-10.39,0.1,-10.13,0.1,4.0738027780411218e-11,7.4131024130091616e-11,RAR.mrt,direct_standard_rar_table_only
2001,-10.38,0.1,-10.1,0.1,4.1686938347033464e-11,7.9432823472428218e-11,RAR.mrt,direct_standard_rar_table_only
2002,-10.36,0.1,-10.08,0.1,4.3651583224016655e-11,8.3176377110267092e-11,RAR.mrt,direct_standard_rar_table_only
2003,-10.33,0.1,-10.11,0.1,4.6773514128719814e-11,7.7624711662869273e-11,RAR.mrt,direct_standard_rar_table_only
2004,-10.3,0.1,-10.1,0.1,5.0118723362727148e-11,7.9432823472428218e-11,RAR.mrt,direct_standard_rar_table_only
2005,-10.27,0.1,-10.03,0.1,5.3703179637025328e-11,9.3325430079699241e-11,RAR.mrt,direct_standard_rar_table_only
2006,-10.24,0.1,-9.96,0.1,5.7543993733715666e-11,1.0964781961431829e-10,RAR.mrt,direct_standard_rar_table_only
2007,-10.2,0.1,-9.94,0.09,6.3095734448019425e-11,1.1481536214968841e-10,RAR.mrt,direct_standard_rar_table_only
2008,-10.18,0.09,-9.93,0.1,6.6069344800759643e-11,1.1748975549395304e-10,RAR.mrt,direct_standard_rar_table_only
2009,-10.16,0.09,-9.93,0.1,6.9183097091893625e-11,1.1748975549395304e-10,RAR.mrt,direct_standard_rar_table_only
2010,-10.14,0.09,-9.92,0.1,7.2443596007498915e-11,1.2022644346174132e-10,RAR.mrt,direct_standard_rar_table_only
2011,-10.12,0.09,-9.91,0.1,7.5857757502918511e-11,1.2302687708123812e-10,RAR.mrt,direct_standard_rar_table_only
2012,-10.11,0.09,-9.9,0.1,7.7624711662869273e-11,1.2589254117941662e-10,RAR.mrt,direct_standard_rar_table_only
2013,-10.11,0.09,-9.89,0.09,7.7624711662869273e-11,1.2882495516931322e-10,RAR.mrt,direct_standard_rar_table_only
2014,-10.18,0.09,-9.93,0.1,6.6069344800759643e-11,1.1748975549395304e-10,RAR.mrt,direct_standard_rar_table_only
2015,-10.24,0.08,-9.92,0.1,5.7543993733715666e-11,1.2022644346174132e-10,RAR.mrt,direct_standard_rar_table_only
2016,-10.29,0.08,-9.98,0.1,5.1286138399136583e-11,1.0471285480508985e-10,RAR.mrt,direct_standard_rar_table_only
2017,-9.06,0.1,-8.91,0.09,8.7096358995607963e-10,1.2302687708123811e-09,RAR.mrt,direct_standard_rar_table_only
2018,-9.11,0.1,-9.06,0.09,7.7624711662869273e-10,8.7096358995607963e-10,RAR.mrt,direct_standard_rar_table_only
2019,-9.18,0.09,-9.12,0.09,6.6069344800759641e-10,7.5857757502918514e-10,RAR.mrt,direct_standard_rar_table_only
2020,-9.22,0.09,-9.16,0.09,6.0255958607435691e-10,6.918309709189363e-10,RAR.mrt,direct_standard_rar_table_only
2021,-9.28,0.08,-9.29,0.08,5.2480746024977342e-10,5.1286138399136583e-10,RAR.mrt,direct_standard_rar_table_only
2022,-9.35,0.08,-9.35,0.09,4.4668359215096347e-10,4.4668359215096347e-10,RAR.mrt,direct_standard_rar_table_only
2023,-9.42,0.08,-9.36,0.09,3.8018939632056128e-10,4.3651583224016655e-10,RAR.mrt,direct_standard_rar_table_only
2024,-9.48,0.08,-9.42,0.09,3.3113112148259076e-10,3.8018939632056128e-10,RAR.mrt,direct_standard_rar_table_only
2025,-9.54,0.08,-9.5,0.09,2.8840315031266117e-10,3.1622776601683795e-10,RAR.mrt,direct_standard_rar_table_only
2026,-9.59,0.08,-9.6,0.09,2.5703957827688648e-10,2.511886431509582e-10,RAR.mrt,direct_standard_rar_table_only
2027,-9.64,0.08,-9.63,0.09,2.2908676527677701e-10,2.3442288153199181e-10,RAR.mrt,direct_standard_rar_table_only
2028,-9.67,0.08,-9.58,0.09,2.1379620895022325e-10,2.6302679918953814e-10,RAR.mrt,direct_standard_rar_table_only
2029,-9.69,0.08,-9.64,0.09,2.0417379446695316e-10,2.2908676527677701e-10,RAR.mrt,direct_standard_rar_table_only
2030,-9.8,0.08,-9.72,0.09,1.5848931924611109e-10,1.9054607179632444e-10,RAR.mrt,direct_standard_rar_table_only
2031,-9.85,0.08,-9.69,0.09,1.4125375446227556e-10,2.0417379446695316e-10,RAR.mrt,direct_standard_rar_table_only
2032,-9.89,0.08,-9.7,0.09,1.2882495516931322e-10,1.9952623149688828e-10,RAR.mrt,direct_standard_rar_table_only
2033,-9.97,0.08,-9.76,0.09,1.0715193052376048e-10,1.7378008287493763e-10,RAR.mrt,direct_standard_rar_table_only
2034,-10.08,0.08,-9.84,0.09,8.3176377110267092e-11,1.4454397707459281e-10,RAR.mrt,direct_standard_rar_table_only
2035,-10.15,0.07,-9.9,0.09,7.0794578438413739e-11,1.2589254117941662e-10,RAR.mrt,direct_standard_rar_table_only
2036,-10.24,0.07,-9.98,0.1,5.7543993733715666e-11,1.0471285480508985e-10,RAR.mrt,direct_standard_rar_table_only
2037,-10.32,0.07,-10.06,0.1,4.7863009232263801e-11,8.7096358995607968e-11,RAR.mrt,direct_standard_rar_table_only
2038,-10.4,0.07,-10.12,0.1,3.9810717055349695e-11,7.5857757502918511e-11,RAR.mrt,direct_standard_rar_table_only
2039,-10.47,0.07,-10.18,0.09,3.3884415613920202e-11,6.6069344800759643e-11,RAR.mrt,direct_standard_rar_table_only
2040,-10.6,0.07,-10.33,0.09,2.5118864315095823e-11,4.6773514128719814e-11,RAR.mrt,direct_standard_rar_table_only
2041,-11.15,0.08,-10.09,0.09,7.0794578438413731e-12,8.1283051616409951e-11,RAR.mrt,direct_standard_rar_table_only
2042,-11.24,0.08,-10.17,0.1,5.7543993733715668e-12,6.7608297539198192e-11,RAR.mrt,direct_standard_rar_table_only
2043,-11.31,0.08,-10.25,0.1,4.8977881936844567e-12,5.6234132519034906e-11,RAR.mrt,direct_standard_rar_table_only
2044,-11.35,0.07,-10.26,0.09,4.4668359215096347e-12,5.4954087385762479e-11,RAR.mrt,direct_standard_rar_table_only
2045,-11.39,0.07,-10.28,0.09,4.0738027780411221e-12,5.2480746024977339e-11,RAR.mrt,direct_standard_rar_table_only
2046,-11.42,0.06,-10.35,0.1,3.8018939632056125e-12,4.4668359215096346e-11,RAR.mrt,direct_standard_rar_table_only
2047,-11.46,0.06,-10.38,0.09,3.4673685045253096e-12,4.1686938347033464e-11,RAR.mrt,direct_standard_rar_table_only
2048,-11.5,0.06,-10.39,0.1,3.1622776601683794e-12,4.0738027780411218e-11,RAR.mrt,direct_standard_rar_table_only
2049,-11.59,0.06,-10.45,0.1,2.5703957827688646e-12,3.5481338923357607e-11,RAR.mrt,direct_standard_rar_table_only
2050,-11.62,0.06,-10.5,0.08,2.3988329190194949e-12,3.1622776601683794e-11,RAR.mrt,direct_standard_rar_table_only
2051,-11.64,0.05,-10.49,0.08,2.2908676527677699e-12,3.235936569296281e-11,RAR.mrt,direct_standard_rar_table_only
2052,-11.64,0.05,-10.53,0.08,2.2908676527677699e-12,2.9512092266663903e-11,RAR.mrt,direct_standard_rar_table_only
2053,-11.65,0.05,-10.58,0.08,2.2387211385683379e-12,2.6302679918953815e-11,RAR.mrt,direct_standard_rar_table_only
2054,-11.67,0.05,-10.57,0.08,2.1379620895022326e-12,2.6915348039269138e-11,RAR.mrt,direct_standard_rar_table_only
2055,-11.69,0.05,-10.57,0.1,2.0417379446695316e-12,2.6915348039269138e-11,RAR.mrt,direct_standard_rar_table_only
2056,-11.7,0.05,-10.58,0.09,1.9952623149688827e-12,2.6302679918953815e-11,RAR.mrt,direct_standard_rar_table_only
2057,-11.71,0.05,-10.6,0.09,1.9498445997580415e-12,2.5118864315095823e-11,RAR.mrt,direct_standard_rar_table_only
2058,-11.72,0.04,-10.59,0.07,1.9054607179632443e-12,2.5703957827688646e-11,RAR.mrt,direct_standard_rar_table_only
2059,-11.73,0.04,-10.59,0.07,1.8620871366628655e-12,2.5703957827688646e-11,RAR.mrt,direct_standard_rar_table_only
2060,-11.74,0.04,-10.61,0.07,1.8197008586099825e-12,2.4547089156850335e-11,RAR.mrt,direct_standard_rar_table_only
2061,-11.76,0.04,-10.62,0.08,1.7378008287493763e-12,2.3988329190194948e-11,RAR.mrt,direct_standard_rar_table_only
2062,-9.13,0.11,-9.26,0.14,7.4131024130091618e-10,5.4954087385762482e-10,RAR.mrt,direct_standard_rar_table_only
2063,-9.22,0.11,-9.26,0.14,6.0255958607435691e-10,5.4954087385762482e-10,RAR.mrt,direct_standard_rar_table_only
2064,-9.29,0.11,-9.3,0.14,5.1286138399136583e-10,5.0118723362727143e-10,RAR.mrt,direct_standard_rar_table_only
2065,-9.34,0.11,-9.22,0.14,4.5708818961487517e-10,6.0255958607435691e-10,RAR.mrt,direct_standard_rar_table_only
2066,-9.34,0.11,-9.26,0.13,4.5708818961487517e-10,5.4954087385762482e-10,RAR.mrt,direct_standard_rar_table_only
2067,-9.31,0.11,-9.29,0.13,4.8977881936844559e-10,5.1286138399136583e-10,RAR.mrt,direct_standard_rar_table_only
2068,-9.32,0.11,-9.29,0.13,4.7863009232263798e-10,5.1286138399136583e-10,RAR.mrt,direct_standard_rar_table_only
2069,-9.34,0.11,-9.33,0.13,4.5708818961487517e-10,4.6773514128719813e-10,RAR.mrt,direct_standard_rar_table_only
2070,-9.38,0.11,-9.37,0.13,4.1686938347033463e-10,4.2657951880159342e-10,RAR.mrt,direct_standard_rar_table_only
2071,-9.45,0.11,-9.4,0.13,3.5481338923357605e-10,3.9810717055349694e-10,RAR.mrt,direct_standard_rar_table_only
2072,-9.59,0.11,-9.51,0.13,2.5703957827688648e-10,3.0902954325135922e-10,RAR.mrt,direct_standard_rar_table_only
2073,-9.73,0.11,-9.61,0.13,1.8620871366628656e-10,2.4547089156850336e-10,RAR.mrt,direct_standard_rar_table_only
2074,-9.86,0.11,-9.69,0.13,1.3803842646028866e-10,2.0417379446695316e-10,RAR.mrt,direct_standard_rar_table_only
2075,-9.97,0.11,-9.76,0.13,1.0715193052376048e-10,1.7378008287493763e-10,RAR.mrt,direct_standard_rar_table_only
2076,-10.07,0.11,-9.82,0.13,8.511380382023759e-11,1.5135612484362072e-10,RAR.mrt,direct_standard_rar_table_only
2077,-10.16,0.1,-9.87,0.13,6.9183097091893625e-11,1.3489628825916561e-10,RAR.mrt,direct_standard_rar_table_only
2078,-10.23,0.1,-9.92,0.13,5.8884365535558838e-11,1.2022644346174132e-10,RAR.mrt,direct_standard_rar_table_only
2079,-10.3,0.1,-9.96,0.13,5.0118723362727148e-11,1.0964781961431829e-10,RAR.mrt,direct_standard_rar_table_only
2080,-10.37,0.1,-10.0,0.13,4.2657951880159344e-11,1e-10,RAR.mrt,direct_standard_rar_table_only
2081,-10.43,0.1,-10.05,0.13,3.7153522909717275e-11,8.912509381337441e-11,RAR.mrt,direct_standard_rar_table_only
2082,-10.49,0.1,-10.09,0.13,3.235936569296281e-11,8.1283051616409951e-11,RAR.mrt,direct_standard_rar_table_only
2083,-10.55,0.1,-10.13,0.13,2.8183829312644493e-11,7.4131024130091616e-11,RAR.mrt,direct_standard_rar_table_only
2084,-10.61,0.1,-10.16,0.13,2.4547089156850335e-11,6.9183097091893625e-11,RAR.mrt,direct_standard_rar_table_only
2085,-10.66,0.1,-10.18,0.13,2.1877616239495519e-11,6.6069344800759643e-11,RAR.mrt,direct_standard_rar_table_only
2086,-10.71,0.1,-10.21,0.13,1.9498445997580414e-11,6.1659500186148097e-11,RAR.mrt,direct_standard_rar_table_only
2087,-10.75,0.1,-10.24,0.13,1.7782794100389227e-11,5.7543993733715666e-11,RAR.mrt,direct_standard_rar_table_only
2088,-10.8,0.1,-10.26,0.13,1.5848931924611107e-11,5.4954087385762479e-11,RAR.mrt,direct_standard_rar_table_only
2089,-10.84,0.1,-10.3,0.13,1.445439770745928e-11,5.0118723362727148e-11,RAR.mrt,direct_standard_rar_table_only
2090,-10.88,0.1,-10.33,0.13,1.3182567385564048e-11,4.6773514128719814e-11,RAR.mrt,direct_standard_rar_table_only
2091,-10.91,0.1,-10.36,0.13,1.2302687708123811e-11,4.3651583224016655e-11,RAR.mrt,direct_standard_rar_table_only
2092,-10.95,0.1,-10.35,0.13,1.1220184543019653e-11,4.4668359215096346e-11,RAR.mrt,direct_standard_rar_table_only
2093,-10.98,0.1,-10.38,0.14,1.0471285480508986e-11,4.1686938347033464e-11,RAR.mrt,direct_standard_rar_table_only
2094,-9.3,0.09,-9.12,0.07,5.0118723362727143e-10,7.5857757502918514e-10,RAR.mrt,direct_standard_rar_table_only
2095,-9.35,0.08,-9.12,0.07,4.4668359215096347e-10,7.5857757502918514e-10,RAR.mrt,direct_standard_rar_table_only
2096,-9.41,0.08,-9.14,0.06,3.8904514499428046e-10,7.2443596007498912e-10,RAR.mrt,direct_standard_rar_table_only
2097,-9.45,0.08,-9.17,0.06,3.5481338923357605e-10,6.7608297539198189e-10,RAR.mrt,direct_standard_rar_table_only
2098,-9.49,0.08,-9.2,0.06,3.2359365692962813e-10,6.3095734448019425e-10,RAR.mrt,direct_standard_rar_table_only
2099,-9.53,0.08,-9.23,0.06,2.9512092266663898e-10,5.8884365535558835e-10,RAR.mrt,direct_standard_rar_table_only
2100,-9.56,0.08,-9.25,0.06,2.7542287033381632e-10,5.623413251903491e-10,RAR.mrt,direct_standard_rar_table_only
2101,-9.59,0.08,-9.26,0.07,2.5703957827688648e-10,5.4954087385762482e-10,RAR.mrt,direct_standard_rar_table_only
2102,-9.62,0.08,-9.29,0.06,2.3988329190194949e-10,5.1286138399136583e-10,RAR.mrt,direct_standard_rar_table_only
2103,-9.64,0.08,-9.31,0.06,2.2908676527677701e-10,4.8977881936844559e-10,RAR.mrt,direct_standard_rar_table_only
2104,-9.66,0.08,-9.32,0.06,2.1877616239495518e-10,4.7863009232263798e-10,RAR.mrt,direct_standard_rar_table_only
2105,-9.68,0.08,-9.34,0.06,2.089296130854041e-10,4.5708818961487517e-10,RAR.mrt,direct_standard_rar_table_only
2106,-9.7,0.08,-9.37,0.08,1.9952623149688828e-10,4.2657951880159342e-10,RAR.mrt,direct_standard_rar_table_only
2107,-9.71,0.08,-9.38,0.09,1.9498445997580414e-10,4.1686938347033463e-10,RAR.mrt,direct_standard_rar_table_only
2108,-9.73,0.08,-9.39,0.06,1.8620871366628656e-10,4.0738027780411222e-10,RAR.mrt,direct_standard_rar_table_only
2109,-9.75,0.08,-9.4,0.06,1.7782794100389229e-10,3.9810717055349694e-10,RAR.mrt,direct_standard_rar_table_only
2110,-9.77,0.08,-9.43,0.07,1.6982436524617461e-10,3.7153522909717278e-10,RAR.mrt,direct_standard_rar_table_only
2111,-9.79,0.08,-9.44,0.06,1.6218100973589331e-10,3.6307805477010177e-10,RAR.mrt,direct_standard_rar_table_only
2112,-9.81,0.08,-9.45,0.06,1.5488166189124796e-10,3.5481338923357605e-10,RAR.mrt,direct_standard_rar_table_only
2113,-9.83,0.08,-9.47,0.07,1.4791083881682071e-10,3.3884415613920202e-10,RAR.mrt,direct_standard_rar_table_only
2114,-9.85,0.08,-9.49,0.07,1.4125375446227556e-10,3.2359365692962813e-10,RAR.mrt,direct_standard_rar_table_only
2115,-9.87,0.08,-9.5,0.06,1.3489628825916561e-10,3.1622776601683795e-10,RAR.mrt,direct_standard_rar_table_only
2116,-9.88,0.08,-9.51,0.07,1.3182567385564046e-10,3.0902954325135922e-10,RAR.mrt,direct_standard_rar_table_only
2117,-9.9,0.08,-9.53,0.06,1.2589254117941662e-10,2.9512092266663898e-10,RAR.mrt,direct_standard_rar_table_only
2118,-9.95,0.08,-9.56,0.06,1.1220184543019652e-10,2.7542287033381632e-10,RAR.mrt,direct_standard_rar_table_only
2119,-10.07,0.08,-9.64,0.06,8.511380382023759e-11,2.2908676527677701e-10,RAR.mrt,direct_standard_rar_table_only
2120,-10.19,0.08,-9.73,0.06,6.4565422903465622e-11,1.8620871366628656e-10,RAR.mrt,direct_standard_rar_table_only
2121,-10.29,0.08,-9.8,0.06,5.1286138399136583e-11,1.5848931924611109e-10,RAR.mrt,direct_standard_rar_table_only
2122,-10.37,0.07,-9.85,0.06,4.2657951880159344e-11,1.4125375446227556e-10,RAR.mrt,direct_standard_rar_table_only
2123,-10.43,0.07,-9.89,0.06,3.7153522909717275e-11,1.2882495516931322e-10,RAR.mrt,direct_standard_rar_table_only
2124,-10.49,0.07,-9.94,0.06,3.235936569296281e-11,1.1481536214968841e-10,RAR.mrt,direct_standard_rar_table_only
2125,-10.57,0.07,-9.98,0.06,2.6915348039269138e-11,1.0471285480508985e-10,RAR.mrt,direct_standard_rar_table_only
2126,-10.65,0.07,-10.03,0.06,2.2387211385683377e-11,9.3325430079699241e-11,RAR.mrt,direct_standard_rar_table_only
2127,-10.71,0.07,-10.05,0.06,1.9498445997580414e-11,8.912509381337441e-11,RAR.mrt,direct_standard_rar_table_only
2128,-10.76,0.07,-10.09,0.06,1.7378008287493762e-11,8.1283051616409951e-11,RAR.mrt,direct_standard_rar_table_only
2129,-10.8,0.07,-10.12,0.06,1.5848931924611107e-11,7.5857757502918511e-11,RAR.mrt,direct_standard_rar_table_only
2130,-10.84,0.06,-10.15,0.06,1.445439770745928e-11,7.0794578438413739e-11,RAR.mrt,direct_standard_rar_table_only
2131,-10.87,0.06,-10.2,0.06,1.348962882591656e-11,6.3095734448019425e-11,RAR.mrt,direct_standard_rar_table_only
2132,-10.9,0.06,-10.23,0.06,1.2589254117941662e-11,5.8884365535558838e-11,RAR.mrt,direct_standard_rar_table_only
2133,-10.94,0.06,-10.26,0.06,1.148153621496884e-11,5.4954087385762479e-11,RAR.mrt,direct_standard_rar_table_only
2134,-10.98,0.06,-10.27,0.06,1.0471285480508986e-11,5.3703179637025328e-11,RAR.mrt,direct_standard_rar_table_only
2135,-11.02,0.06,-10.28,0.06,9.5499258602143682e-12,5.2480746024977339e-11,RAR.mrt,direct_standard_rar_table_only
2136,-11.06,0.06,-10.28,0.06,8.7096358995607959e-12,5.2480746024977339e-11,RAR.mrt,direct_standard_rar_table_only
2137,-11.1,0.06,-10.29,0.06,7.9432823472428214e-12,5.1286138399136583e-11,RAR.mrt,direct_standard_rar_table_only
2138,-11.13,0.06,-10.32,0.06,7.4131024130091626e-12,4.7863009232263801e-11,RAR.mrt,direct_standard_rar_table_only
2139,-11.15,0.06,-10.33,0.06,7.0794578438413731e-12,4.6773514128719814e-11,RAR.mrt,direct_standard_rar_table_only
2140,-11.17,0.06,-10.33,0.06,6.7608297539198185e-12,4.6773514128719814e-11,RAR.mrt,direct_standard_rar_table_only
2141,-11.18,0.05,-10.35,0.06,6.6069344800759645e-12,4.4668359215096346e-11,RAR.mrt,direct_standard_rar_table_only
2142,-11.2,0.05,-10.36,0.06,6.3095734448019426e-12,4.3651583224016655e-11,RAR.mrt,direct_standard_rar_table_only
2143,-11.22,0.05,-10.36,0.06,6.0255958607435685e-12,4.3651583224016655e-11,RAR.mrt,direct_standard_rar_table_only
2144,-9.53,0.09,-9.4,0.05,2.9512092266663898e-10,3.9810717055349694e-10,RAR.mrt,direct_standard_rar_table_only
2145,-9.78,0.1,-9.6,0.03,1.6595869074375631e-10,2.511886431509582e-10,RAR.mrt,direct_standard_rar_table_only
2146,-10.09,0.1,-9.8,0.03,8.1283051616409951e-11,1.5848931924611109e-10,RAR.mrt,direct_standard_rar_table_only
2147,-10.27,0.1,-9.95,0.03,5.3703179637025328e-11,1.1220184543019652e-10,RAR.mrt,direct_standard_rar_table_only
2148,-10.49,0.1,-10.18,0.07,3.235936569296281e-11,6.6069344800759643e-11,RAR.mrt,direct_standard_rar_table_only
2149,-10.65,0.09,-10.17,0.05,2.2387211385683377e-11,6.7608297539198192e-11,RAR.mrt,direct_standard_rar_table_only
2150,-10.8,0.09,-10.34,0.06,1.5848931924611107e-11,4.5708818961487517e-11,RAR.mrt,direct_standard_rar_table_only
2151,-10.92,0.09,-10.5,0.06,1.202264434617413e-11,3.1622776601683794e-11,RAR.mrt,direct_standard_rar_table_only
2152,-11.13,0.09,-10.54,0.06,7.4131024130091626e-12,2.8840315031266117e-11,RAR.mrt,direct_standard_rar_table_only
2153,-11.21,0.09,-10.61,0.06,6.1659500186148099e-12,2.4547089156850335e-11,RAR.mrt,direct_standard_rar_table_only
2154,-11.29,0.09,-10.67,0.07,5.128613839913659e-12,2.1379620895022323e-11,RAR.mrt,direct_standard_rar_table_only
2155,-10.11,0.11,-9.81,0.07,7.7624711662869273e-11,1.5488166189124796e-10,RAR.mrt,direct_standard_rar_table_only
2156,-10.0,0.11,-9.77,0.04,1e-10,1.6982436524617461e-10,RAR.mrt,direct_standard_rar_table_only
2157,-9.94,0.11,-9.72,0.04,1.1481536214968841e-10,1.9054607179632444e-10,RAR.mrt,direct_standard_rar_table_only
2158,-9.93,0.11,-9.67,0.05,1.1748975549395304e-10,2.1379620895022325e-10,RAR.mrt,direct_standard_rar_table_only
2159,-9.95,0.11,-9.67,0.04,1.1220184543019652e-10,2.1379620895022325e-10,RAR.mrt,direct_standard_rar_table_only
2160,-9.97,0.11,-9.66,0.04,1.0715193052376048e-10,2.1877616239495518e-10,RAR.mrt,direct_standard_rar_table_only
2161,-10.0,0.11,-9.68,0.04,1e-10,2.089296130854041e-10,RAR.mrt,direct_standard_rar_table_only
2162,-10.02,0.11,-9.73,0.03,9.5499258602143689e-11,1.8620871366628656e-10,RAR.mrt,direct_standard_rar_table_only
2163,-10.04,0.11,-9.75,0.03,9.1201083935591153e-11,1.7782794100389229e-10,RAR.mrt,direct_standard_rar_table_only
2164,-10.05,0.11,-9.76,0.04,8.912509381337441e-11,1.7378008287493763e-10,RAR.mrt,direct_standard_rar_table_only
2165,-10.06,0.11,-9.75,0.04,8.7096358995607968e-11,1.7782794100389229e-10,RAR.mrt,direct_standard_rar_table_only
2166,-10.06,0.11,-9.75,0.04,8.7096358995607968e-11,1.7782794100389229e-10,RAR.mrt,direct_standard_rar_table_only
2167,-10.07,0.11,-9.77,0.03,8.511380382023759e-11,1.6982436524617461e-10,RAR.mrt,direct_standard_rar_table_only
2168,-10.07,0.11,-9.77,0.03,8.511380382023759e-11,1.6982436524617461e-10,RAR.mrt,direct_standard_rar_table_only
2169,-10.06,0.11,-9.77,0.04,8.7096358995607968e-11,1.6982436524617461e-10,RAR.mrt,direct_standard_rar_table_only
2170,-10.06,0.11,-9.8,0.03,8.7096358995607968e-11,1.5848931924611109e-10,RAR.mrt,direct_standard_rar_table_only
2171,-10.07,0.11,-9.8,0.03,8.511380382023759e-11,1.5848931924611109e-10,RAR.mrt,direct_standard_rar_table_only
2172,-10.07,0.11,-9.81,0.03,8.511380382023759e-11,1.5488166189124796e-10,RAR.mrt,direct_standard_rar_table_only
2173,-10.07,0.11,-9.82,0.04,8.511380382023759e-11,1.5135612484362072e-10,RAR.mrt,direct_standard_rar_table_only
2174,-10.07,0.11,-9.84,0.04,8.511380382023759e-11,1.4454397707459281e-10,RAR.mrt,direct_standard_rar_table_only
2175,-10.09,0.11,-9.86,0.03,8.1283051616409951e-11,1.3803842646028866e-10,RAR.mrt,direct_standard_rar_table_only
2176,-10.11,0.11,-9.88,0.03,7.7624711662869273e-11,1.3182567385564046e-10,RAR.mrt,direct_standard_rar_table_only
2177,-10.13,0.11,-9.91,0.03,7.4131024130091616e-11,1.2302687708123812e-10,RAR.mrt,direct_standard_rar_table_only
2178,-10.15,0.11,-9.92,0.03,7.0794578438413739e-11,1.2022644346174132e-10,RAR.mrt,direct_standard_rar_table_only
2179,-10.17,0.11,-9.93,0.03,6.7608297539198192e-11,1.1748975549395304e-10,RAR.mrt,direct_standard_rar_table_only
2180,-10.19,0.11,-9.95,0.03,6.4565422903465622e-11,1.1220184543019652e-10,RAR.mrt,direct_standard_rar_table_only
2181,-10.21,0.11,-9.96,0.04,6.1659500186148097e-11,1.0964781961431829e-10,RAR.mrt,direct_standard_rar_table_only
2182,-10.23,0.11,-9.96,0.04,5.8884365535558838e-11,1.0964781961431829e-10,RAR.mrt,direct_standard_rar_table_only
2183,-10.24,0.11,-9.96,0.04,5.7543993733715666e-11,1.0964781961431829e-10,RAR.mrt,direct_standard_rar_table_only
2184,-10.26,0.1,-9.98,0.04,5.4954087385762479e-11,1.0471285480508985e-10,RAR.mrt,direct_standard_rar_table_only
2185,-10.27,0.1,-10.0,0.04,5.3703179637025328e-11,1e-10,RAR.mrt,direct_standard_rar_table_only
2186,-10.28,0.1,-9.99,0.04,5.2480746024977339e-11,1.0232929922807537e-10,RAR.mrt,direct_standard_rar_table_only
2187,-10.28,0.1,-9.97,0.04,5.2480746024977339e-11,1.0715193052376048e-10,RAR.mrt,direct_standard_rar_table_only
2188,-10.29,0.1,-9.96,0.04,5.1286138399136583e-11,1.0964781961431829e-10,RAR.mrt,direct_standard_rar_table_only
2189,-10.3,0.1,-9.96,0.04,5.0118723362727148e-11,1.0964781961431829e-10,RAR.mrt,direct_standard_rar_table_only
2190,-10.31,0.1,-9.95,0.05,4.897788193684456e-11,1.1220184543019652e-10,RAR.mrt,direct_standard_rar_table_only
2191,-10.32,0.1,-9.94,0.05,4.7863009232263801e-11,1.1481536214968841e-10,RAR.mrt,direct_standard_rar_table_only
2192,-10.34,0.1,-9.95,0.05,4.5708818961487517e-11,1.1220184543019652e-10,RAR.mrt,direct_standard_rar_table_only
2193,-10.39,0.1,-10.0,0.05,4.0738027780411218e-11,1e-10,RAR.mrt,direct_standard_rar_table_only
2194,-10.45,0.09,-10.02,0.04,3.5481338923357607e-11,9.5499258602143689e-11,RAR.mrt,direct_standard_rar_table_only
2195,-10.5,0.09,-10.04,0.03,3.1622776601683794e-11,9.1201083935591153e-11,RAR.mrt,direct_standard_rar_table_only
2196,-10.56,0.09,-10.07,0.03,2.7542287033381634e-11,8.511380382023759e-11,RAR.mrt,direct_standard_rar_table_only
2197,-10.61,0.09,-10.1,0.03,2.4547089156850335e-11,7.9432823472428218e-11,RAR.mrt,direct_standard_rar_table_only
2198,-10.66,0.08,-10.13,0.03,2.1877616239495519e-11,7.4131024130091616e-11,RAR.mrt,direct_standard_rar_table_only
2199,-10.7,0.08,-10.16,0.03,1.9952623149688828e-11,6.9183097091893625e-11,RAR.mrt,direct_standard_rar_table_only
2200,-10.74,0.08,-10.19,0.03,1.8197008586099825e-11,6.4565422903465622e-11,RAR.mrt,direct_standard_rar_table_only
2201,-10.77,0.07,-10.21,0.03,1.6982436524617461e-11,6.1659500186148097e-11,RAR.mrt,direct_standard_rar_table_only
2202,-10.8,0.07,-10.23,0.03,1.5848931924611107e-11,5.8884365535558838e-11,RAR.mrt,direct_standard_rar_table_only
2203,-10.83,0.07,-10.25,0.03,1.4791083881682073e-11,5.6234132519034906e-11,RAR.mrt,direct_standard_rar_table_only
2204,-10.86,0.06,-10.28,0.04,1.3803842646028866e-11,5.2480746024977339e-11,RAR.mrt,direct_standard_rar_table_only
2205,-10.88,0.06,-10.3,0.03,1.3182567385564048e-11,5.0118723362727148e-11,RAR.mrt,direct_standard_rar_table_only
2206,-10.91,0.06,-10.31,0.03,1.2302687708123811e-11,4.897788193684456e-11,RAR.mrt,direct_standard_rar_table_only
2207,-10.93,0.06,-10.32,0.03,1.1748975549395303e-11,4.7863009232263801e-11,RAR.mrt,direct_standard_rar_table_only
2208,-10.95,0.06,-10.34,0.04,1.1220184543019653e-11,4.5708818961487517e-11,RAR.mrt,direct_standard_rar_table_only
2209,-10.98,0.06,-10.34,0.04,1.0471285480508986e-11,4.5708818961487517e-11,RAR.mrt,direct_standard_rar_table_only
2210,-11.0,0.05,-10.35,0.04,9.9999999999999994e-12,4.4668359215096346e-11,RAR.mrt,direct_standard_rar_table_only
2211,-11.03,0.05,-10.37,0.04,9.3325430079699234e-12,4.2657951880159344e-11,RAR.mrt,direct_standard_rar_table_only
2212,-11.06,0.05,-10.38,0.04,8.7096358995607959e-12,4.1686938347033464e-11,RAR.mrt,direct_standard_rar_table_only
2213,-11.08,0.05,-10.4,0.04,8.3176377110267085e-12,3.9810717055349695e-11,RAR.mrt,direct_standard_rar_table_only
2214,-11.11,0.05,-10.41,0.03,7.762471166286927e-12,3.8904514499428045e-11,RAR.mrt,direct_standard_rar_table_only
2215,-11.13,0.05,-10.42,0.03,7.4131024130091626e-12,3.8018939632056128e-11,RAR.mrt,direct_standard_rar_table_only
2216,-11.16,0.05,-10.44,0.03,6.9183097091893623e-12,3.6307805477010174e-11,RAR.mrt,direct_standard_rar_table_only
2217,-11.18,0.05,-10.45,0.04,6.6069344800759645e-12,3.5481338923357607e-11,RAR.mrt,direct_standard_rar_table_only
2218,-11.21,0.05,-10.46,0.04,6.1659500186148099e-12,3.4673685045253096e-11,RAR.mrt,direct_standard_rar_table_only
2219,-11.24,0.05,-10.46,0.04,5.7543993733715668e-12,3.4673685045253096e-11,RAR.mrt,direct_standard_rar_table_only
2220,-11.27,0.05,-10.47,0.05,5.3703179637025329e-12,3.3884415613920202e-11,RAR.mrt,direct_standard_rar_table_only
2221,-11.29,0.05,-10.49,0.06,5.128613839913659e-12,3.235936569296281e-11,RAR.mrt,direct_standard_rar_table_only
2222,-11.32,0.05,-10.52,0.06,4.7863009232263802e-12,3.019951720402019e-11,RAR.mrt,direct_standard_rar_table_only
2223,-11.34,0.05,-10.52,0.05,4.5708818961487516e-12,3.019951720402019e-11,RAR.mrt,direct_standard_rar_table_only
2224,-11.36,0.05,-10.52,0.05,4.3651583224016651e-12,3.019951720402019e-11,RAR.mrt,direct_standard_rar_table_only
2225,-11.37,0.05,-10.54,0.05,4.2657951880159344e-12,2.8840315031266117e-11,RAR.mrt,direct_standard_rar_table_only
2226,-11.39,0.05,-10.55,0.04,4.0738027780411221e-12,2.8183829312644493e-11,RAR.mrt,direct_standard_rar_table_only
2227,-9.88,0.11,-9.87,0.12,1.3182567385564046e-10,1.3489628825916561e-10,RAR.mrt,direct_standard_rar_table_only
2228,-10.04,0.11,-9.87,0.11,9.1201083935591153e-11,1.3489628825916561e-10,RAR.mrt,direct_standard_rar_table_only
2229,-10.12,0.11,-9.81,0.12,7.5857757502918511e-11,1.5488166189124796e-10,RAR.mrt,direct_standard_rar_table_only
2230,-10.17,0.11,-9.87,0.12,6.7608297539198192e-11,1.3489628825916561e-10,RAR.mrt,direct_standard_rar_table_only
2231,-10.23,0.11,-9.97,0.13,5.8884365535558838e-11,1.0715193052376048e-10,RAR.mrt,direct_standard_rar_table_only
2232,-10.29,0.11,-9.97,0.11,5.1286138399136583e-11,1.0715193052376048e-10,RAR.mrt,direct_standard_rar_table_only
2233,-10.35,0.11,-10.08,0.12,4.4668359215096346e-11,8.3176377110267092e-11,RAR.mrt,direct_standard_rar_table_only
2234,-10.38,0.1,-10.05,0.12,4.1686938347033464e-11,8.912509381337441e-11,RAR.mrt,direct_standard_rar_table_only
2235,-10.46,0.1,-10.14,0.11,3.4673685045253096e-11,7.2443596007498915e-11,RAR.mrt,direct_standard_rar_table_only
2236,-10.52,0.1,-10.22,0.11,3.019951720402019e-11,6.0255958607435689e-11,RAR.mrt,direct_standard_rar_table_only
2237,-10.58,0.1,-10.26,0.11,2.6302679918953815e-11,5.4954087385762479e-11,RAR.mrt,direct_standard_rar_table_only
2238,-10.65,0.09,-10.29,0.11,2.2387211385683377e-11,5.1286138399136583e-11,RAR.mrt,direct_standard_rar_table_only
2239,-10.7,0.09,-10.32,0.11,1.9952623149688828e-11,4.7863009232263801e-11,RAR.mrt,direct_standard_rar_table_only
2240,-10.76,0.09,-10.36,0.11,1.7378008287493762e-11,4.3651583224016655e-11,RAR.mrt,direct_standard_rar_table_only
2241,-10.81,0.09,-10.38,0.11,1.5488166189124796e-11,4.1686938347033464e-11,RAR.mrt,direct_standard_rar_table_only
2242,-10.85,0.09,-10.41,0.11,1.4125375446227554e-11,3.8904514499428045e-11,RAR.mrt,direct_standard_rar_table_only
2243,-10.89,0.09,-10.43,0.11,1.2882495516931322e-11,3.7153522909717275e-11,RAR.mrt,direct_standard_rar_table_only
2244,-10.93,0.08,-10.46,0.11,1.1748975549395303e-11,3.4673685045253096e-11,RAR.mrt,direct_standard_rar_table_only
2245,-10.96,0.08,-10.49,0.11,1.0964781961431828e-11,3.235936569296281e-11,RAR.mrt,direct_standard_rar_table_only
2246,-10.99,0.08,-10.51,0.11,1.0232929922807536e-11,3.0902954325135919e-11,RAR.mrt,direct_standard_rar_table_only
2247,-11.02,0.08,-10.53,0.11,9.5499258602143682e-12,2.9512092266663903e-11,RAR.mrt,direct_standard_rar_table_only
2248,-11.04,0.07,-10.56,0.11,9.1201083935591156e-12,2.7542287033381634e-11,RAR.mrt,direct_standard_rar_table_only
2249,-10.48,0.11,-10.26,0.15,3.311311214825908e-11,5.4954087385762479e-11,RAR.mrt,direct_standard_rar_table_only
2250,-10.49,0.1,-10.24,0.14,3.235936569296281e-11,5.7543993733715666e-11,RAR.mrt,direct_standard_rar_table_only
2251,-10.55,0.1,-10.28,0.14,2.8183829312644493e-11,5.2480746024977339e-11,RAR.mrt,direct_standard_rar_table_only
2252,-10.61,0.1,-10.31,0.14,2.4547089156850335e-11,4.897788193684456e-11,RAR.mrt,direct_standard_rar_table_only
2253,-10.67,0.1,-10.32,0.14,2.1379620895022323e-11,4.7863009232263801e-11,RAR.mrt,direct_standard_rar_table_only
2254,-10.78,0.09,-10.34,0.14,1.6595869074375631e-11,4.5708818961487517e-11,RAR.mrt,direct_standard_rar_table_only
2255,-10.86,0.09,-10.35,0.14,1.3803842646028866e-11,4.4668359215096346e-11,RAR.mrt,direct_standard_rar_table_only
2256,-10.92,0.08,-10.36,0.14,1.202264434617413e-11,4.3651583224016655e-11,RAR.mrt,direct_standard_rar_table_only
2257,-10.98,0.08,-10.43,0.14,1.0471285480508986e-11,3.7153522909717275e-11,RAR.mrt,direct_standard_rar_table_only
2258,-11.05,0.07,-10.48,0.14,8.912509381337441e-12,3.311311214825908e-11,RAR.mrt,direct_standard_rar_table_only
2259,-11.11,0.07,-10.52,0.14,7.762471166286927e-12,3.019951720402019e-11,RAR.mrt,direct_standard_rar_table_only
2260,-11.16,0.07,-10.59,0.14,6.9183097091893623e-12,2.5703957827688646e-11,RAR.mrt,direct_standard_rar_table_only
2261,-11.2,0.07,-10.61,0.14,6.3095734448019426e-12,2.4547089156850335e-11,RAR.mrt,direct_standard_rar_table_only
2262,-11.24,0.06,-10.64,0.13,5.7543993733715668e-12,2.2908676527677699e-11,RAR.mrt,direct_standard_rar_table_only
2263,-11.28,0.06,-10.65,0.14,5.2480746024977338e-12,2.2387211385683377e-11,RAR.mrt,direct_standard_rar_table_only
2264,-11.31,0.06,-10.68,0.13,4.8977881936844567e-12,2.0892961308540409e-11,RAR.mrt,direct_standard_rar_table_only
2265,-11.35,0.06,-10.68,0.14,4.4668359215096347e-12,2.0892961308540409e-11,RAR.mrt,direct_standard_rar_table_only
2266,-11.39,0.06,-10.66,0.14,4.0738027780411221e-12,2.1877616239495519e-11,RAR.mrt,direct_standard_rar_table_only
2267,-11.41,0.05,-10.69,0.14,3.8904514499428045e-12,2.0417379446695317e-11,RAR.mrt,direct_standard_rar_table_only
2268,-11.46,0.05,-10.7,0.14,3.4673685045253096e-12,1.9952623149688828e-11,RAR.mrt,direct_standard_rar_table_only
2269,-11.5,0.05,-10.69,0.14,3.1622776601683794e-12,2.0417379446695317e-11,RAR.mrt,direct_standard_rar_table_only
2270,-11.56,0.06,-10.7,0.14,2.7542287033381634e-12,1.9952623149688828e-11,RAR.mrt,direct_standard_rar_table_only
2271,-11.59,0.06,-10.74,0.14,2.5703957827688646e-12,1.8197008586099825e-11,RAR.mrt,direct_standard_rar_table_only
2272,-11.62,0.06,-10.76,0.14,2.3988329190194949e-12,1.7378008287493762e-11,RAR.mrt,direct_standard_rar_table_only
2273,-11.66,0.06,-10.78,0.14,2.1877616239495518e-12,1.6595869074375631e-11,RAR.mrt,direct_standard_rar_table_only
2274,-11.7,0.06,-10.78,0.14,1.9952623149688827e-12,1.6595869074375631e-11,RAR.mrt,direct_standard_rar_table_only
2275,-11.75,0.06,-10.79,0.14,1.7782794100389228e-12,1.6218100973589331e-11,RAR.mrt,direct_standard_rar_table_only
2276,-11.76,0.06,-10.79,0.14,1.7378008287493763e-12,1.6218100973589331e-11,RAR.mrt,direct_standard_rar_table_only
2277,-11.79,0.06,-10.81,0.14,1.6218100973589331e-12,1.5488166189124796e-11,RAR.mrt,direct_standard_rar_table_only
2278,-11.82,0.06,-10.82,0.14,1.5135612484362072e-12,1.5135612484362072e-11,RAR.mrt,direct_standard_rar_table_only
2279,-11.82,0.05,-10.81,0.14,1.5135612484362072e-12,1.5488166189124796e-11,RAR.mrt,direct_standard_rar_table_only
2280,-11.76,0.05,-10.82,0.14,1.7378008287493763e-12,1.5135612484362072e-11,RAR.mrt,direct_standard_rar_table_only
2281,-11.76,0.05,-10.85,0.13,1.7378008287493763e-12,1.4125375446227554e-11,RAR.mrt,direct_standard_rar_table_only
2282,-11.73,0.04,-10.85,0.13,1.8620871366628655e-12,1.4125375446227554e-11,RAR.mrt,direct_standard_rar_table_only
2283,-11.69,0.04,-10.85,0.13,2.0417379446695316e-12,1.4125375446227554e-11,RAR.mrt,direct_standard_rar_table_only
2284,-8.73,0.09,-8.71,0.05,1.8620871366628656e-09,1.9498445997580416e-09,RAR.mrt,direct_standard_rar_table_only
2285,-9.05,0.08,-9.29,0.06,8.912509381337441e-10,5.1286138399136583e-10,RAR.mrt,direct_standard_rar_table_only
2286,-9.15,0.09,-9.35,0.03,7.0794578438413732e-10,4.4668359215096347e-10,RAR.mrt,direct_standard_rar_table_only
2287,-9.32,0.09,-9.41,0.03,4.7863009232263798e-10,3.8904514499428046e-10,RAR.mrt,direct_standard_rar_table_only
2288,-9.46,0.09,-9.5,0.03,3.4673685045253098e-10,3.1622776601683795e-10,RAR.mrt,direct_standard_rar_table_only
2289,-9.58,0.09,-9.57,0.03,2.6302679918953814e-10,2.6915348039269137e-10,RAR.mrt,direct_standard_rar_table_only
2290,-9.68,0.09,-9.63,0.03,2.089296130854041e-10,2.3442288153199181e-10,RAR.mrt,direct_standard_rar_table_only
2291,-9.77,0.09,-9.68,0.03,1.6982436524617461e-10,2.089296130854041e-10,RAR.mrt,direct_standard_rar_table_only
2292,-9.84,0.09,-9.73,0.03,1.4454397707459281e-10,1.8620871366628656e-10,RAR.mrt,direct_standard_rar_table_only
2293,-9.93,0.09,-9.77,0.02,1.1748975549395304e-10,1.6982436524617461e-10,RAR.mrt,direct_standard_rar_table_only
2294,-10.0,0.09,-9.8,0.02,1e-10,1.5848931924611109e-10,RAR.mrt,direct_standard_rar_table_only
2295,-10.06,0.09,-9.85,0.02,8.7096358995607968e-11,1.4125375446227556e-10,RAR.mrt,direct_standard_rar_table_only
2296,-10.12,0.09,-9.9,0.02,7.5857757502918511e-11,1.2589254117941662e-10,RAR.mrt,direct_standard_rar_table_only
2297,-10.17,0.09,-9.94,0.02,6.7608297539198192e-11,1.1481536214968841e-10,RAR.mrt,direct_standard_rar_table_only
2298,-10.22,0.08,-9.97,0.02,6.0255958607435689e-11,1.0715193052376048e-10,RAR.mrt,direct_standard_rar_table_only
2299,-10.28,0.08,-10.01,0.03,5.2480746024977339e-11,9.772372209558111e-11,RAR.mrt,direct_standard_rar_table_only
2300,-10.33,0.08,-10.06,0.03,4.6773514128719814e-11,8.7096358995607968e-11,RAR.mrt,direct_standard_rar_table_only
2301,-10.38,0.08,-10.09,0.03,4.1686938347033464e-11,8.1283051616409951e-11,RAR.mrt,direct_standard_rar_table_only
2302,-9.33,0.11,-9.38,0.06,4.6773514128719813e-10,4.1686938347033463e-10,RAR.mrt,direct_standard_rar_table_only
2303,-9.34,0.11,-9.38,0.06,4.5708818961487517e-10,4.1686938347033463e-10,RAR.mrt,direct_standard_rar_table_only
2304,-9.35,0.11,-9.16,0.05,4.4668359215096347e-10,6.918309709189363e-10,RAR.mrt,direct_standard_rar_table_only
2305,-9.38,0.11,-9.21,0.05,4.1686938347033463e-10,6.1659500186148092e-10,RAR.mrt,direct_standard_rar_table_only
2306,-9.44,0.11,-9.28,0.05,3.6307805477010177e-10,5.2480746024977342e-10,RAR.mrt,direct_standard_rar_table_only
2307,-9.95,0.11,-9.79,0.05,1.1220184543019652e-10,1.6218100973589331e-10,RAR.mrt,direct_standard_rar_table_only
2308,-10.24,0.1,-10.03,0.05,5.7543993733715666e-11,9.3325430079699241e-11,RAR.mrt,direct_standard_rar_table_only
2309,-10.43,0.1,-10.2,0.05,3.7153522909717275e-11,6.3095734448019425e-11,RAR.mrt,direct_standard_rar_table_only
2310,-10.55,0.09,-10.3,0.04,2.8183829312644493e-11,5.0118723362727148e-11,RAR.mrt,direct_standard_rar_table_only
2311,-10.69,0.09,-10.4,0.05,2.0417379446695317e-11,3.9810717055349695e-11,RAR.mrt,direct_standard_rar_table_only
2312,-10.84,0.09,-10.49,0.05,1.445439770745928e-11,3.235936569296281e-11,RAR.mrt,direct_standard_rar_table_only
2313,-10.96,0.09,-10.54,0.04,1.0964781961431828e-11,2.8840315031266117e-11,RAR.mrt,direct_standard_rar_table_only
2314,-11.04,0.08,-10.6,0.06,9.1201083935591156e-12,2.5118864315095823e-11,RAR.mrt,direct_standard_rar_table_only
2315,-10.78,0.11,-10.28,0.18,1.6595869074375631e-11,5.2480746024977339e-11,RAR.mrt,direct_standard_rar_table_only
2316,-10.8,0.11,-10.29,0.19,1.5848931924611107e-11,5.1286138399136583e-11,RAR.mrt,direct_standard_rar_table_only
2317,-10.81,0.11,-10.31,0.17,1.5488166189124796e-11,4.897788193684456e-11,RAR.mrt,direct_standard_rar_table_only
2318,-10.84,0.1,-10.29,0.17,1.445439770745928e-11,5.1286138399136583e-11,RAR.mrt,direct_standard_rar_table_only
2319,-10.87,0.1,-10.29,0.17,1.348962882591656e-11,5.1286138399136583e-11,RAR.mrt,direct_standard_rar_table_only
2320,-10.92,0.1,-10.22,0.18,1.202264434617413e-11,6.0255958607435689e-11,RAR.mrt,direct_standard_rar_table_only
2321,-10.96,0.1,-10.25,0.18,1.0964781961431828e-11,5.6234132519034906e-11,RAR.mrt,direct_standard_rar_table_only
2322,-11.0,0.1,-10.3,0.18,9.9999999999999994e-12,5.0118723362727148e-11,RAR.mrt,direct_standard_rar_table_only
2323,-11.04,0.1,-10.37,0.17,9.1201083935591156e-12,4.2657951880159344e-11,RAR.mrt,direct_standard_rar_table_only
2324,-11.08,0.09,-10.41,0.18,8.3176377110267085e-12,3.8904514499428045e-11,RAR.mrt,direct_standard_rar_table_only
2325,-11.11,0.07,-10.43,0.19,7.762471166286927e-12,3.7153522909717275e-11,RAR.mrt,direct_standard_rar_table_only
2326,-11.18,0.06,-10.5,0.17,6.6069344800759645e-12,3.1622776601683794e-11,RAR.mrt,direct_standard_rar_table_only
2327,-11.27,0.06,-10.5,0.18,5.3703179637025329e-12,3.1622776601683794e-11,RAR.mrt,direct_standard_rar_table_only
2328,-11.3,0.06,-10.49,0.18,5.0118723362727147e-12,3.235936569296281e-11,RAR.mrt,direct_standard_rar_table_only
2329,-11.35,0.06,-10.52,0.17,4.4668359215096347e-12,3.019951720402019e-11,RAR.mrt,direct_standard_rar_table_only
2330,-11.4,0.06,-10.55,0.17,3.9810717055349695e-12,2.8183829312644493e-11,RAR.mrt,direct_standard_rar_table_only
2331,-10.07,0.11,-9.88,0.14,8.511380382023759e-11,1.3182567385564046e-10,RAR.mrt,direct_standard_rar_table_only
2332,-10.34,0.11,-9.98,0.13,4.5708818961487517e-11,1.0471285480508985e-10,RAR.mrt,direct_standard_rar_table_only
2333,-10.52,0.1,-10.1,0.13,3.019951720402019e-11,7.9432823472428218e-11,RAR.mrt,direct_standard_rar_table_only
2334,-10.68,0.09,-10.24,0.13,2.0892961308540409e-11,5.7543993733715666e-11,RAR.mrt,direct_standard_rar_table_only
2335,-10.79,0.09,-10.37,0.13,1.6218100973589331e-11,4.2657951880159344e-11,RAR.mrt,direct_standard_rar_table_only
2336,-10.86,0.08,-10.46,0.13,1.3803842646028866e-11,3.4673685045253096e-11,RAR.mrt,direct_standard_rar_table_only
2337,-10.93,0.07,-10.5,0.14,1.1748975549395303e-11,3.1622776601683794e-11,RAR.mrt,direct_standard_rar_table_only
2338,-11.01,0.07,-10.47,0.14,9.7723722095581123e-12,3.3884415613920202e-11,RAR.mrt,direct_standard_rar_table_only
2339,-11.05,0.07,-10.5,0.13,8.912509381337441e-12,3.1622776601683794e-11,RAR.mrt,direct_standard_rar_table_only
2340,-11.08,0.06,-10.52,0.13,8.3176377110267085e-12,3.019951720402019e-11,RAR.mrt,direct_standard_rar_table_only
2341,-11.12,0.06,-10.55,0.13,7.5857757502918518e-12,2.8183829312644493e-11,RAR.mrt,direct_standard_rar_table_only
2342,-11.16,0.05,-10.58,0.13,6.9183097091893623e-12,2.6302679918953815e-11,RAR.mrt,direct_standard_rar_table_only
2343,-11.21,0.05,-10.61,0.13,6.1659500186148099e-12,2.4547089156850335e-11,RAR.mrt,direct_standard_rar_table_only
2344,-11.26,0.05,-10.65,0.13,5.4954087385762484e-12,2.2387211385683377e-11,RAR.mrt,direct_standard_rar_table_only
2345,-11.31,0.05,-10.69,0.14,4.8977881936844567e-12,2.0417379446695317e-11,RAR.mrt,direct_standard_rar_table_only
2346,-11.36,0.05,-10.73,0.14,4.3651583224016651e-12,1.8620871366628657e-11,RAR.mrt,direct_standard_rar_table_only
2347,-11.4,0.05,-10.77,0.14,3.9810717055349695e-12,1.6982436524617461e-11,RAR.mrt,direct_standard_rar_table_only
2348,-11.44,0.05,-10.81,0.15,3.6307805477010174e-12,1.5488166189124796e-11,RAR.mrt,direct_standard_rar_table_only
2349,-11.5,0.05,-10.88,0.13,3.1622776601683794e-12,1.3182567385564048e-11,RAR.mrt,direct_standard_rar_table_only
2350,-11.55,0.05,-10.91,0.14,2.8183829312644492e-12,1.2302687708123811e-11,RAR.mrt,direct_standard_rar_table_only
2351,-11.59,0.05,-10.88,0.15,2.5703957827688646e-12,1.3182567385564048e-11,RAR.mrt,direct_standard_rar_table_only
2352,-11.64,0.05,-10.91,0.14,2.2908676527677699e-12,1.2302687708123811e-11,RAR.mrt,direct_standard_rar_table_only
2353,-11.12,0.11,-10.44,0.03,7.5857757502918518e-12,3.6307805477010174e-11,RAR.mrt,direct_standard_rar_table_only
2354,-11.04,0.1,-10.35,0.03,9.1201083935591156e-12,4.4668359215096346e-11,RAR.mrt,direct_standard_rar_table_only
2355,-11.02,0.1,-10.28,0.05,9.5499258602143682e-12,5.2480746024977339e-11,RAR.mrt,direct_standard_rar_table_only
2356,-11.03,0.1,-10.3,0.03,9.3325430079699234e-12,5.0118723362727148e-11,RAR.mrt,direct_standard_rar_table_only
2357,-11.03,0.1,-10.34,0.04,9.3325430079699234e-12,4.5708818961487517e-11,RAR.mrt,direct_standard_rar_table_only
2358,-11.03,0.1,-10.38,0.03,9.3325430079699234e-12,4.1686938347033464e-11,RAR.mrt,direct_standard_rar_table_only
2359,-11.03,0.09,-10.42,0.03,9.3325430079699234e-12,3.8018939632056128e-11,RAR.mrt,direct_standard_rar_table_only
2360,-11.03,0.09,-10.45,0.03,9.3325430079699234e-12,3.5481338923357607e-11,RAR.mrt,direct_standard_rar_table_only
2361,-11.05,0.09,-10.47,0.04,8.912509381337441e-12,3.3884415613920202e-11,RAR.mrt,direct_standard_rar_table_only
2362,-11.07,0.09,-10.47,0.05,8.5113803820237597e-12,3.3884415613920202e-11,RAR.mrt,direct_standard_rar_table_only
2363,-11.07,0.09,-10.48,0.06,8.5113803820237597e-12,3.311311214825908e-11,RAR.mrt,direct_standard_rar_table_only
2364,-11.07,0.08,-10.49,0.08,8.5113803820237597e-12,3.235936569296281e-11,RAR.mrt,direct_standard_rar_table_only
2365,-11.07,0.08,-10.49,0.08,8.5113803820237597e-12,3.235936569296281e-11,RAR.mrt,direct_standard_rar_table_only
2366,-11.07,0.08,-10.48,0.05,8.5113803820237597e-12,3.311311214825908e-11,RAR.mrt,direct_standard_rar_table_only
2367,-11.07,0.07,-10.49,0.03,8.5113803820237597e-12,3.235936569296281e-11,RAR.mrt,direct_standard_rar_table_only
2368,-11.07,0.07,-10.49,0.03,8.5113803820237597e-12,3.235936569296281e-11,RAR.mrt,direct_standard_rar_table_only
2369,-11.07,0.07,-10.49,0.05,8.5113803820237597e-12,3.235936569296281e-11,RAR.mrt,direct_standard_rar_table_only
2370,-11.08,0.07,-10.49,0.08,8.3176377110267085e-12,3.235936569296281e-11,RAR.mrt,direct_standard_rar_table_only
2371,-11.08,0.06,-10.5,0.08,8.3176377110267085e-12,3.1622776601683794e-11,RAR.mrt,direct_standard_rar_table_only
2372,-11.09,0.06,-10.51,0.08,8.1283051616409945e-12,3.0902954325135919e-11,RAR.mrt,direct_standard_rar_table_only
2373,-11.11,0.06,-10.52,0.08,7.762471166286927e-12,3.019951720402019e-11,RAR.mrt,direct_standard_rar_table_only
2374,-11.14,0.06,-10.54,0.07,7.2443596007498911e-12,2.8840315031266117e-11,RAR.mrt,direct_standard_rar_table_only
2375,-11.17,0.06,-10.56,0.08,6.7608297539198185e-12,2.7542287033381634e-11,RAR.mrt,direct_standard_rar_table_only
2376,-11.21,0.06,-10.57,0.07,6.1659500186148099e-12,2.6915348039269138e-11,RAR.mrt,direct_standard_rar_table_only
2377,-11.25,0.06,-10.57,0.07,5.6234132519034904e-12,2.6915348039269138e-11,RAR.mrt,direct_standard_rar_table_only
2378,-11.29,0.06,-10.59,0.08,5.128613839913659e-12,2.5703957827688646e-11,RAR.mrt,direct_standard_rar_table_only
2379,-10.76,0.11,-10.43,0.15,1.7378008287493762e-11,3.7153522909717275e-11,RAR.mrt,direct_standard_rar_table_only
2380,-10.77,0.11,-10.4,0.15,1.6982436524617461e-11,3.9810717055349695e-11,RAR.mrt,direct_standard_rar_table_only
2381,-10.78,0.11,-10.4,0.14,1.6595869074375631e-11,3.9810717055349695e-11,RAR.mrt,direct_standard_rar_table_only
2382,-10.8,0.1,-10.38,0.14,1.5848931924611107e-11,4.1686938347033464e-11,RAR.mrt,direct_standard_rar_table_only
2383,-10.81,0.1,-10.36,0.14,1.5488166189124796e-11,4.3651583224016655e-11,RAR.mrt,direct_standard_rar_table_only
2384,-10.86,0.1,-10.35,0.14,1.3803842646028866e-11,4.4668359215096346e-11,RAR.mrt,direct_standard_rar_table_only
2385,-10.91,0.1,-10.36,0.13,1.2302687708123811e-11,4.3651583224016655e-11,RAR.mrt,direct_standard_rar_table_only
2386,-10.95,0.09,-10.39,0.14,1.1220184543019653e-11,4.0738027780411218e-11,RAR.mrt,direct_standard_rar_table_only
2387,-11.0,0.09,-10.41,0.14,9.9999999999999994e-12,3.8904514499428045e-11,RAR.mrt,direct_standard_rar_table_only
2388,-11.05,0.09,-10.46,0.14,8.912509381337441e-12,3.4673685045253096e-11,RAR.mrt,direct_standard_rar_table_only
2389,-11.1,0.09,-10.47,0.15,7.9432823472428214e-12,3.3884415613920202e-11,RAR.mrt,direct_standard_rar_table_only
2390,-11.21,0.09,-10.5,0.14,6.1659500186148099e-12,3.1622776601683794e-11,RAR.mrt,direct_standard_rar_table_only
2391,-11.24,0.08,-10.51,0.14,5.7543993733715668e-12,3.0902954325135919e-11,RAR.mrt,direct_standard_rar_table_only
2392,-11.28,0.08,-10.52,0.14,5.2480746024977338e-12,3.019951720402019e-11,RAR.mrt,direct_standard_rar_table_only
2393,-11.34,0.08,-10.54,0.15,4.5708818961487516e-12,2.8840315031266117e-11,RAR.mrt,direct_standard_rar_table_only
2394,-11.36,0.07,-10.55,0.14,4.3651583224016651e-12,2.8183829312644493e-11,RAR.mrt,direct_standard_rar_table_only
2395,-10.81,0.07,-10.6,0.07,1.5488166189124796e-11,2.5118864315095823e-11,RAR.mrt,direct_standard_rar_table_only
2396,-10.82,0.07,-10.61,0.03,1.5135612484362072e-11,2.4547089156850335e-11,RAR.mrt,direct_standard_rar_table_only
2397,-10.84,0.06,-10.58,0.05,1.445439770745928e-11,2.6302679918953815e-11,RAR.mrt,direct_standard_rar_table_only
2398,-10.85,0.06,-10.53,0.07,1.4125375446227554e-11,2.9512092266663903e-11,RAR.mrt,direct_standard_rar_table_only
2399,-10.86,0.05,-10.5,0.06,1.3803842646028866e-11,3.1622776601683794e-11,RAR.mrt,direct_standard_rar_table_only
2400,-10.88,0.05,-10.51,0.04,1.3182567385564048e-11,3.0902954325135919e-11,RAR.mrt,direct_standard_rar_table_only
2401,-10.91,0.05,-10.51,0.03,1.2302687708123811e-11,3.0902954325135919e-11,RAR.mrt,direct_standard_rar_table_only
2402,-10.93,0.05,-10.54,0.04,1.1748975549395303e-11,2.8840315031266117e-11,RAR.mrt,direct_standard_rar_table_only
2403,-10.96,0.05,-10.52,0.04,1.0964781961431828e-11,3.019951720402019e-11,RAR.mrt,direct_standard_rar_table_only
2404,-10.98,0.05,-10.52,0.03,1.0471285480508986e-11,3.019951720402019e-11,RAR.mrt,direct_standard_rar_table_only
2405,-11.01,0.05,-10.54,0.06,9.7723722095581123e-12,2.8840315031266117e-11,RAR.mrt,direct_standard_rar_table_only
2406,-11.03,0.05,-10.56,0.08,9.3325430079699234e-12,2.7542287033381634e-11,RAR.mrt,direct_standard_rar_table_only
2407,-11.05,0.05,-10.59,0.05,8.912509381337441e-12,2.5703957827688646e-11,RAR.mrt,direct_standard_rar_table_only
2408,-11.08,0.05,-10.6,0.05,8.3176377110267085e-12,2.5118864315095823e-11,RAR.mrt,direct_standard_rar_table_only
2409,-11.12,0.05,-10.64,0.06,7.5857757502918518e-12,2.2908676527677699e-11,RAR.mrt,direct_standard_rar_table_only
2410,-11.16,0.05,-10.67,0.08,6.9183097091893623e-12,2.1379620895022323e-11,RAR.mrt,direct_standard_rar_table_only
2411,-11.2,0.05,-10.69,0.05,6.3095734448019426e-12,2.0417379446695317e-11,RAR.mrt,direct_standard_rar_table_only
2412,-11.23,0.05,-10.71,0.07,5.8884365535558838e-12,1.9498445997580414e-11,RAR.mrt,direct_standard_rar_table_only
2413,-11.25,0.06,-10.72,0.04,5.6234132519034904e-12,1.9054607179632443e-11,RAR.mrt,direct_standard_rar_table_only
2414,-11.26,0.06,-10.75,0.06,5.4954087385762484e-12,1.7782794100389227e-11,RAR.mrt,direct_standard_rar_table_only
2415,-10.42,0.1,-9.71,0.08,3.8018939632056128e-11,1.9498445997580414e-10,RAR.mrt,direct_standard_rar_table_only
2416,-10.4,0.1,-9.73,0.08,3.9810717055349695e-11,1.8620871366628656e-10,RAR.mrt,direct_standard_rar_table_only
2417,-10.39,0.1,-9.75,0.07,4.0738027780411218e-11,1.7782794100389229e-10,RAR.mrt,direct_standard_rar_table_only
2418,-10.38,0.1,-9.76,0.07,4.1686938347033464e-11,1.7378008287493763e-10,RAR.mrt,direct_standard_rar_table_only
2419,-10.37,0.1,-9.76,0.07,4.2657951880159344e-11,1.7378008287493763e-10,RAR.mrt,direct_standard_rar_table_only
2420,-10.36,0.1,-9.77,0.08,4.3651583224016655e-11,1.6982436524617461e-10,RAR.mrt,direct_standard_rar_table_only
2421,-10.36,0.1,-9.76,0.09,4.3651583224016655e-11,1.7378008287493763e-10,RAR.mrt,direct_standard_rar_table_only
2422,-10.36,0.1,-9.79,0.09,4.3651583224016655e-11,1.6218100973589331e-10,RAR.mrt,direct_standard_rar_table_only
2423,-10.37,0.1,-9.79,0.09,4.2657951880159344e-11,1.6218100973589331e-10,RAR.mrt,direct_standard_rar_table_only
2424,-10.37,0.1,-9.8,0.08,4.2657951880159344e-11,1.5848931924611109e-10,RAR.mrt,direct_standard_rar_table_only
2425,-10.39,0.1,-9.79,0.08,4.0738027780411218e-11,1.6218100973589331e-10,RAR.mrt,direct_standard_rar_table_only
2426,-10.4,0.1,-9.82,0.09,3.9810717055349695e-11,1.5135612484362072e-10,RAR.mrt,direct_standard_rar_table_only
2427,-10.42,0.1,-9.81,0.08,3.8018939632056128e-11,1.5488166189124796e-10,RAR.mrt,direct_standard_rar_table_only
2428,-10.43,0.1,-9.82,0.08,3.7153522909717275e-11,1.5135612484362072e-10,RAR.mrt,direct_standard_rar_table_only
2429,-10.44,0.1,-9.82,0.08,3.6307805477010174e-11,1.5135612484362072e-10,RAR.mrt,direct_standard_rar_table_only
2430,-10.46,0.1,-9.84,0.08,3.4673685045253096e-11,1.4454397707459281e-10,RAR.mrt,direct_standard_rar_table_only
2431,-11.03,0.07,-10.3,0.04,9.3325430079699234e-12,5.0118723362727148e-11,RAR.mrt,direct_standard_rar_table_only
2432,-11.18,0.07,-10.37,0.04,6.6069344800759645e-12,4.2657951880159344e-11,RAR.mrt,direct_standard_rar_table_only
2433,-11.33,0.07,-10.41,0.05,4.6773514128719809e-12,3.8904514499428045e-11,RAR.mrt,direct_standard_rar_table_only
2434,-11.45,0.07,-10.46,0.04,3.5481338923357604e-12,3.4673685045253096e-11,RAR.mrt,direct_standard_rar_table_only
2435,-11.29,0.04,-10.96,0.16,5.128613839913659e-12,1.0964781961431828e-11,RAR.mrt,direct_standard_rar_table_only
2436,-11.26,0.04,-10.91,0.16,5.4954087385762484e-12,1.2302687708123811e-11,RAR.mrt,direct_standard_rar_table_only
2437,-11.25,0.04,-10.85,0.15,5.6234132519034904e-12,1.4125375446227554e-11,RAR.mrt,direct_standard_rar_table_only
2438,-11.24,0.04,-10.8,0.15,5.7543993733715668e-12,1.5848931924611107e-11,RAR.mrt,direct_standard_rar_table_only
2439,-11.24,0.04,-10.78,0.15,5.7543993733715668e-12,1.6595869074375631e-11,RAR.mrt,direct_standard_rar_table_only
2440,-11.28,0.04,-10.84,0.15,5.2480746024977338e-12,1.445439770745928e-11,RAR.mrt,direct_standard_rar_table_only
2441,-11.32,0.04,-10.86,0.15,4.7863009232263802e-12,1.3803842646028866e-11,RAR.mrt,direct_standard_rar_table_only
2442,-11.4,0.04,-10.92,0.15,3.9810717055349695e-12,1.202264434617413e-11,RAR.mrt,direct_standard_rar_table_only
2443,-9.33,0.1,-9.91,0.06,4.6773514128719813e-10,1.2302687708123812e-10,RAR.mrt,direct_standard_rar_table_only
2444,-9.49,0.1,-9.74,0.07,3.2359365692962813e-10,1.8197008586099825e-10,RAR.mrt,direct_standard_rar_table_only
2445,-9.61,0.1,-9.6,0.05,2.4547089156850336e-10,2.511886431509582e-10,RAR.mrt,direct_standard_rar_table_only
2446,-9.68,0.09,-9.52,0.05,2.089296130854041e-10,3.0199517204020193e-10,RAR.mrt,direct_standard_rar_table_only
2447,-9.73,0.09,-9.54,0.04,1.8620871366628656e-10,2.8840315031266117e-10,RAR.mrt,direct_standard_rar_table_only
2448,-9.8,0.08,-9.59,0.05,1.5848931924611109e-10,2.5703957827688648e-10,RAR.mrt,direct_standard_rar_table_only
2449,-9.86,0.08,-9.6,0.05,1.3803842646028866e-10,2.511886431509582e-10,RAR.mrt,direct_standard_rar_table_only
2450,-9.9,0.08,-9.61,0.05,1.2589254117941662e-10,2.4547089156850336e-10,RAR.mrt,direct_standard_rar_table_only
2451,-9.92,0.08,-9.64,0.05,1.2022644346174132e-10,2.2908676527677701e-10,RAR.mrt,direct_standard_rar_table_only
2452,-9.94,0.08,-9.65,0.05,1.1481536214968841e-10,2.2387211385683377e-10,RAR.mrt,direct_standard_rar_table_only
2453,-9.96,0.08,-9.68,0.05,1.0964781961431829e-10,2.089296130854041e-10,RAR.mrt,direct_standard_rar_table_only
2454,-9.99,0.08,-9.74,0.05,1.0232929922807537e-10,1.8197008586099825e-10,RAR.mrt,direct_standard_rar_table_only
2455,-10.01,0.08,-9.77,0.05,9.772372209558111e-11,1.6982436524617461e-10,RAR.mrt,direct_standard_rar_table_only
2456,-10.04,0.08,-9.8,0.05,9.1201083935591153e-11,1.5848931924611109e-10,RAR.mrt,direct_standard_rar_table_only
2457,-10.07,0.08,-9.8,0.05,8.511380382023759e-11,1.5848931924611109e-10,RAR.mrt,direct_standard_rar_table_only
2458,-10.11,0.08,-9.85,0.05,7.7624711662869273e-11,1.4125375446227556e-10,RAR.mrt,direct_standard_rar_table_only
2459,-10.14,0.08,-9.84,0.05,7.2443596007498915e-11,1.4454397707459281e-10,RAR.mrt,direct_standard_rar_table_only
2460,-10.16,0.08,-9.89,0.05,6.9183097091893625e-11,1.2882495516931322e-10,RAR.mrt,direct_standard_rar_table_only
2461,-10.17,0.08,-9.89,0.05,6.7608297539198192e-11,1.2882495516931322e-10,RAR.mrt,direct_standard_rar_table_only
2462,-10.21,0.08,-9.9,0.05,6.1659500186148097e-11,1.2589254117941662e-10,RAR.mrt,direct_standard_rar_table_only
2463,-10.24,0.08,-9.91,0.05,5.7543993733715666e-11,1.2302687708123812e-10,RAR.mrt,direct_standard_rar_table_only
2464,-10.26,0.08,-9.94,0.05,5.4954087385762479e-11,1.1481536214968841e-10,RAR.mrt,direct_standard_rar_table_only
2465,-10.29,0.08,-9.98,0.07,5.1286138399136583e-11,1.0471285480508985e-10,RAR.mrt,direct_standard_rar_table_only
2466,-10.32,0.08,-9.97,0.07,4.7863009232263801e-11,1.0715193052376048e-10,RAR.mrt,direct_standard_rar_table_only
2467,-10.36,0.08,-10.04,0.09,4.3651583224016655e-11,9.1201083935591153e-11,RAR.mrt,direct_standard_rar_table_only
2468,-10.4,0.08,-10.01,0.06,3.9810717055349695e-11,9.772372209558111e-11,RAR.mrt,direct_standard_rar_table_only
2469,-10.44,0.08,-10.09,0.07,3.6307805477010174e-11,8.1283051616409951e-11,RAR.mrt,direct_standard_rar_table_only
2470,-10.47,0.07,-10.07,0.09,3.3884415613920202e-11,8.511380382023759e-11,RAR.mrt,direct_standard_rar_table_only
2471,-10.48,0.07,-10.09,0.05,3.311311214825908e-11,8.1283051616409951e-11,RAR.mrt,direct_standard_rar_table_only
2472,-10.53,0.07,-10.13,0.05,2.9512092266663903e-11,7.4131024130091616e-11,RAR.mrt,direct_standard_rar_table_only
2473,-10.56,0.07,-10.12,0.05,2.7542287033381634e-11,7.5857757502918511e-11,RAR.mrt,direct_standard_rar_table_only
2474,-11.76,0.11,-11.39,0.04,1.7378008287493763e-12,4.0738027780411221e-12,RAR.mrt,direct_standard_rar_table_only
2475,-11.56,0.09,-11.01,0.04,2.7542287033381634e-12,9.7723722095581123e-12,RAR.mrt,direct_standard_rar_table_only
2476,-11.55,0.09,-11.01,0.09,2.8183829312644492e-12,9.7723722095581123e-12,RAR.mrt,direct_standard_rar_table_only
2477,-11.55,0.08,-11.0,0.08,2.8183829312644492e-12,9.9999999999999994e-12,RAR.mrt,direct_standard_rar_table_only
2478,-11.57,0.08,-10.94,0.05,2.6915348039269138e-12,1.148153621496884e-11,RAR.mrt,direct_standard_rar_table_only
2479,-11.61,0.08,-10.97,0.04,2.4547089156850334e-12,1.0715193052376049e-11,RAR.mrt,direct_standard_rar_table_only
2480,-11.54,0.08,-11.0,0.05,2.8840315031266117e-12,9.9999999999999994e-12,RAR.mrt,direct_standard_rar_table_only
2481,-11.52,0.07,-10.96,0.04,3.0199517204020193e-12,1.0964781961431828e-11,RAR.mrt,direct_standard_rar_table_only
2482,-11.52,0.07,-10.96,0.04,3.0199517204020193e-12,1.0964781961431828e-11,RAR.mrt,direct_standard_rar_table_only
2483,-11.51,0.07,-10.95,0.05,3.0902954325135922e-12,1.1220184543019653e-11,RAR.mrt,direct_standard_rar_table_only
2484,-11.5,0.07,-10.94,0.04,3.1622776601683794e-12,1.148153621496884e-11,RAR.mrt,direct_standard_rar_table_only
2485,-11.49,0.07,-10.91,0.04,3.2359365692962812e-12,1.2302687708123811e-11,RAR.mrt,direct_standard_rar_table_only
2486,-11.47,0.06,-10.87,0.04,3.3884415613920204e-12,1.348962882591656e-11,RAR.mrt,direct_standard_rar_table_only
2487,-11.48,0.06,-10.87,0.05,3.3113112148259077e-12,1.348962882591656e-11,RAR.mrt,direct_standard_rar_table_only
2488,-11.49,0.06,-10.88,0.04,3.2359365692962812e-12,1.3182567385564048e-11,RAR.mrt,direct_standard_rar_table_only
2489,-11.49,0.06,-10.86,0.04,3.2359365692962812e-12,1.3803842646028866e-11,RAR.mrt,direct_standard_rar_table_only
2490,-11.48,0.05,-10.84,0.06,3.3113112148259077e-12,1.445439770745928e-11,RAR.mrt,direct_standard_rar_table_only
2491,-11.48,0.05,-10.87,0.08,3.3113112148259077e-12,1.348962882591656e-11,RAR.mrt,direct_standard_rar_table_only
2492,-11.52,0.05,-10.88,0.09,3.0199517204020193e-12,1.3182567385564048e-11,RAR.mrt,direct_standard_rar_table_only
2493,-11.52,0.05,-10.82,0.04,3.0199517204020193e-12,1.5135612484362072e-11,RAR.mrt,direct_standard_rar_table_only
2494,-11.5,0.05,-10.85,0.06,3.1622776601683794e-12,1.4125375446227554e-11,RAR.mrt,direct_standard_rar_table_only
2495,-11.5,0.05,-10.83,0.07,3.1622776601683794e-12,1.4791083881682073e-11,RAR.mrt,direct_standard_rar_table_only
2496,-11.18,0.1,-10.6,0.16,6.6069344800759645e-12,2.5118864315095823e-11,RAR.mrt,direct_standard_rar_table_only
2497,-11.21,0.1,-10.61,0.16,6.1659500186148099e-12,2.4547089156850335e-11,RAR.mrt,direct_standard_rar_table_only
2498,-11.25,0.1,-10.63,0.15,5.6234132519034904e-12,2.3442288153199179e-11,RAR.mrt,direct_standard_rar_table_only
2499,-11.25,0.1,-10.6,0.15,5.6234132519034904e-12,2.5118864315095823e-11,RAR.mrt,direct_standard_rar_table_only
2500,-11.31,0.09,-10.67,0.15,4.8977881936844567e-12,2.1379620895022323e-11,RAR.mrt,direct_standard_rar_table_only
2501,-11.33,0.09,-10.66,0.15,4.6773514128719809e-12,2.1877616239495519e-11,RAR.mrt,direct_standard_rar_table_only
2502,-11.33,0.09,-10.66,0.15,4.6773514128719809e-12,2.1877616239495519e-11,RAR.mrt,direct_standard_rar_table_only
2503,-11.39,0.08,-10.66,0.15,4.0738027780411221e-12,2.1877616239495519e-11,RAR.mrt,direct_standard_rar_table_only
2504,-11.55,0.12,-10.73,0.13,2.8183829312644492e-12,1.8620871366628657e-11,RAR.mrt,direct_standard_rar_table_only
2505,-11.61,0.12,-10.57,0.14,2.4547089156850334e-12,2.6915348039269138e-11,RAR.mrt,direct_standard_rar_table_only
2506,-11.62,0.12,-10.53,0.13,2.3988329190194949e-12,2.9512092266663903e-11,RAR.mrt,direct_standard_rar_table_only
2507,-11.59,0.11,-10.52,0.13,2.5703957827688646e-12,3.019951720402019e-11,RAR.mrt,direct_standard_rar_table_only
2508,-11.58,0.1,-10.53,0.12,2.6302679918953816e-12,2.9512092266663903e-11,RAR.mrt,direct_standard_rar_table_only
2509,-11.55,0.08,-10.52,0.12,2.8183829312644492e-12,3.019951720402019e-11,RAR.mrt,direct_standard_rar_table_only
2510,-11.53,0.07,-10.54,0.14,2.9512092266663899e-12,2.8840315031266117e-11,RAR.mrt,direct_standard_rar_table_only
2511,-11.52,0.06,-10.58,0.13,3.0199517204020193e-12,2.6302679918953815e-11,RAR.mrt,direct_standard_rar_table_only
2512,-11.41,0.04,-10.65,0.13,3.8904514499428045e-12,2.2387211385683377e-11,RAR.mrt,direct_standard_rar_table_only
2513,-11.45,0.04,-10.8,0.13,3.5481338923357604e-12,1.5848931924611107e-11,RAR.mrt,direct_standard_rar_table_only
2514,-10.93,0.11,-10.29,0.1,1.1748975549395303e-11,5.1286138399136583e-11,RAR.mrt,direct_standard_rar_table_only
2515,-11.05,0.11,-10.26,0.1,8.912509381337441e-12,5.4954087385762479e-11,RAR.mrt,direct_standard_rar_table_only
2516,-11.11,0.11,-10.28,0.11,7.762471166286927e-12,5.2480746024977339e-11,RAR.mrt,direct_standard_rar_table_only
2517,-11.14,0.1,-10.33,0.09,7.2443596007498911e-12,4.6773514128719814e-11,RAR.mrt,direct_standard_rar_table_only
2518,-11.16,0.1,-10.37,0.09,6.9183097091893623e-12,4.2657951880159344e-11,RAR.mrt,direct_standard_rar_table_only
2519,-11.19,0.1,-10.41,0.09,6.4565422903465627e-12,3.8904514499428045e-11,RAR.mrt,direct_standard_rar_table_only
2520,-11.21,0.09,-10.44,0.09,6.1659500186148099e-12,3.6307805477010174e-11,RAR.mrt,direct_standard_rar_table_only
2521,-11.24,0.08,-10.47,0.09,5.7543993733715668e-12,3.3884415613920202e-11,RAR.mrt,direct_standard_rar_table_only
2522,-11.25,0.08,-10.5,0.09,5.6234132519034904e-12,3.1622776601683794e-11,RAR.mrt,direct_standard_rar_table_only
2523,-11.25,0.07,-10.53,0.09,5.6234132519034904e-12,2.9512092266663903e-11,RAR.mrt,direct_standard_rar_table_only
2524,-11.25,0.07,-10.57,0.09,5.6234132519034904e-12,2.6915348039269138e-11,RAR.mrt,direct_standard_rar_table_only
2525,-11.26,0.07,-10.59,0.09,5.4954087385762484e-12,2.5703957827688646e-11,RAR.mrt,direct_standard_rar_table_only
2526,-11.26,0.06,-10.55,0.28,5.4954087385762484e-12,2.8183829312644493e-11,RAR.mrt,direct_standard_rar_table_only
2527,-11.3,0.05,-10.61,0.27,5.0118723362727147e-12,2.4547089156850335e-11,RAR.mrt,direct_standard_rar_table_only
2528,-11.34,0.05,-10.64,0.27,4.5708818961487516e-12,2.2908676527677699e-11,RAR.mrt,direct_standard_rar_table_only
2529,-11.42,0.04,-10.7,0.27,3.8018939632056125e-12,1.9952623149688828e-11,RAR.mrt,direct_standard_rar_table_only
2530,-11.55,0.04,-10.78,0.27,2.8183829312644492e-12,1.6595869074375631e-11,RAR.mrt,direct_standard_rar_table_only
2531,-9.88,0.11,-10.11,0.11,1.3182567385564046e-10,7.7624711662869273e-11,RAR.mrt,direct_standard_rar_table_only
2532,-10.04,0.11,-10.18,0.1,9.1201083935591153e-11,6.6069344800759643e-11,RAR.mrt,direct_standard_rar_table_only
2533,-10.26,0.11,-10.16,0.12,5.4954087385762479e-11,6.9183097091893625e-11,RAR.mrt,direct_standard_rar_table_only
2534,-10.33,0.11,-10.19,0.12,4.6773514128719814e-11,6.4565422903465622e-11,RAR.mrt,direct_standard_rar_table_only
2535,-10.53,0.11,-10.13,0.09,2.9512092266663903e-11,7.4131024130091616e-11,RAR.mrt,direct_standard_rar_table_only
2536,-10.64,0.11,-10.13,0.1,2.2908676527677699e-11,7.4131024130091616e-11,RAR.mrt,direct_standard_rar_table_only
2537,-10.74,0.11,-10.15,0.09,1.8197008586099825e-11,7.0794578438413739e-11,RAR.mrt,direct_standard_rar_table_only
2538,-10.87,0.1,-10.16,0.09,1.348962882591656e-11,6.9183097091893625e-11,RAR.mrt,direct_standard_rar_table_only
2539,-11.07,0.1,-10.2,0.09,8.5113803820237597e-12,6.3095734448019425e-11,RAR.mrt,direct_standard_rar_table_only
2540,-11.19,0.1,-10.24,0.09,6.4565422903465627e-12,5.7543993733715666e-11,RAR.mrt,direct_standard_rar_table_only
2541,-11.46,0.1,-10.36,0.09,3.4673685045253096e-12,4.3651583224016655e-11,RAR.mrt,direct_standard_rar_table_only
2542,-11.09,0.11,-10.07,0.2,8.1283051616409945e-12,8.511380382023759e-11,RAR.mrt,direct_standard_rar_table_only
2543,-11.1,0.11,-10.1,0.19,7.9432823472428214e-12,7.9432823472428218e-11,RAR.mrt,direct_standard_rar_table_only
2544,-11.14,0.1,-10.13,0.19,7.2443596007498911e-12,7.4131024130091616e-11,RAR.mrt,direct_standard_rar_table_only
2545,-11.19,0.09,-10.16,0.19,6.4565422903465627e-12,6.9183097091893625e-11,RAR.mrt,direct_standard_rar_table_only
2546,-11.16,0.11,-10.73,0.19,6.9183097091893623e-12,1.8620871366628657e-11,RAR.mrt,direct_standard_rar_table_only
2547,-11.09,0.11,-10.39,0.2,8.1283051616409945e-12,4.0738027780411218e-11,RAR.mrt,direct_standard_rar_table_only
2548,-11.1,0.1,-10.32,0.2,7.9432823472428214e-12,4.7863009232263801e-11,RAR.mrt,direct_standard_rar_table_only
2549,-11.12,0.1,-10.33,0.2,7.5857757502918518e-12,4.6773514128719814e-11,RAR.mrt,direct_standard_rar_table_only
2550,-11.13,0.1,-10.36,0.2,7.4131024130091626e-12,4.3651583224016655e-11,RAR.mrt,direct_standard_rar_table_only
2551,-11.15,0.07,-10.52,0.19,7.0794578438413731e-12,3.019951720402019e-11,RAR.mrt,direct_standard_rar_table_only
2552,-11.22,0.06,-10.58,0.21,6.0255958607435685e-12,2.6302679918953815e-11,RAR.mrt,direct_standard_rar_table_only
2553,-11.26,0.05,-10.56,0.21,5.4954087385762484e-12,2.7542287033381634e-11,RAR.mrt,direct_standard_rar_table_only
2554,-11.46,0.05,-10.56,0.15,3.4673685045253096e-12,2.7542287033381634e-11,RAR.mrt,direct_standard_rar_table_only
2555,-11.45,0.04,-10.58,0.14,3.5481338923357604e-12,2.6302679918953815e-11,RAR.mrt,direct_standard_rar_table_only
2556,-11.48,0.04,-10.59,0.14,3.3113112148259077e-12,2.5703957827688646e-11,RAR.mrt,direct_standard_rar_table_only
2557,-9.86,0.11,-10.1,0.09,1.3803842646028866e-10,7.9432823472428218e-11,RAR.mrt,direct_standard_rar_table_only
2558,-9.95,0.11,-9.83,0.07,1.1220184543019652e-10,1.4791083881682071e-10,RAR.mrt,direct_standard_rar_table_only
2559,-10.0,0.11,-9.79,0.07,1e-10,1.6218100973589331e-10,RAR.mrt,direct_standard_rar_table_only
2560,-9.99,0.11,-9.6,0.07,1.0232929922807537e-10,2.511886431509582e-10,RAR.mrt,direct_standard_rar_table_only
2561,-9.95,0.11,-9.54,0.07,1.1220184543019652e-10,2.8840315031266117e-10,RAR.mrt,direct_standard_rar_table_only
2562,-9.94,0.11,-9.53,0.07,1.1481536214968841e-10,2.9512092266663898e-10,RAR.mrt,direct_standard_rar_table_only
2563,-9.95,0.11,-9.51,0.07,1.1220184543019652e-10,3.0902954325135922e-10,RAR.mrt,direct_standard_rar_table_only
2564,-9.95,0.11,-9.51,0.07,1.1220184543019652e-10,3.0902954325135922e-10,RAR.mrt,direct_standard_rar_table_only
2565,-9.97,0.11,-9.57,0.07,1.0715193052376048e-10,2.6915348039269137e-10,RAR.mrt,direct_standard_rar_table_only
2566,-9.99,0.11,-9.59,0.07,1.0232929922807537e-10,2.5703957827688648e-10,RAR.mrt,direct_standard_rar_table_only
2567,-10.03,0.11,-9.64,0.09,9.3325430079699241e-11,2.2908676527677701e-10,RAR.mrt,direct_standard_rar_table_only
2568,-10.07,0.11,-9.69,0.08,8.511380382023759e-11,2.0417379446695316e-10,RAR.mrt,direct_standard_rar_table_only
2569,-10.11,0.11,-9.72,0.08,7.7624711662869273e-11,1.9054607179632444e-10,RAR.mrt,direct_standard_rar_table_only
2570,-10.17,0.11,-9.76,0.07,6.7608297539198192e-11,1.7378008287493763e-10,RAR.mrt,direct_standard_rar_table_only
2571,-10.22,0.11,-9.79,0.07,6.0255958607435689e-11,1.6218100973589331e-10,RAR.mrt,direct_standard_rar_table_only
2572,-10.25,0.11,-9.83,0.07,5.6234132519034906e-11,1.4791083881682071e-10,RAR.mrt,direct_standard_rar_table_only
2573,-10.28,0.1,-9.86,0.07,5.2480746024977339e-11,1.3803842646028866e-10,RAR.mrt,direct_standard_rar_table_only
2574,-10.34,0.1,-9.89,0.07,4.5708818961487517e-11,1.2882495516931322e-10,RAR.mrt,direct_standard_rar_table_only
2575,-10.39,0.1,-9.93,0.07,4.0738027780411218e-11,1.1748975549395304e-10,RAR.mrt,direct_standard_rar_table_only
2576,-10.45,0.1,-9.96,0.07,3.5481338923357607e-11,1.0964781961431829e-10,RAR.mrt,direct_standard_rar_table_only
2577,-10.51,0.1,-9.99,0.07,3.0902954325135919e-11,1.0232929922807537e-10,RAR.mrt,direct_standard_rar_table_only
2578,-10.55,0.1,-10.01,0.08,2.8183829312644493e-11,9.772372209558111e-11,RAR.mrt,direct_standard_rar_table_only
2579,-10.59,0.09,-10.03,0.08,2.5703957827688646e-11,9.3325430079699241e-11,RAR.mrt,direct_standard_rar_table_only
2580,-10.63,0.09,-10.03,0.07,2.3442288153199179e-11,9.3325430079699241e-11,RAR.mrt,direct_standard_rar_table_only
2581,-10.67,0.09,-10.05,0.07,2.1379620895022323e-11,8.912509381337441e-11,RAR.mrt,direct_standard_rar_table_only
2582,-10.71,0.09,-10.07,0.07,1.9498445997580414e-11,8.511380382023759e-11,RAR.mrt,direct_standard_rar_table_only
2583,-10.75,0.09,-10.1,0.07,1.7782794100389227e-11,7.9432823472428218e-11,RAR.mrt,direct_standard_rar_table_only
2584,-10.79,0.09,-10.13,0.07,1.6218100973589331e-11,7.4131024130091616e-11,RAR.mrt,direct_standard_rar_table_only
2585,-11.16,0.07,-10.38,0.17,6.9183097091893623e-12,4.1686938347033464e-11,RAR.mrt,direct_standard_rar_table_only
2586,-10.99,0.05,-10.28,0.17,1.0232929922807536e-11,5.2480746024977339e-11,RAR.mrt,direct_standard_rar_table_only
2587,-11.02,0.04,-10.24,0.17,9.5499258602143682e-12,5.7543993733715666e-11,RAR.mrt,direct_standard_rar_table_only
2588,-11.09,0.04,-10.3,0.15,8.1283051616409945e-12,5.0118723362727148e-11,RAR.mrt,direct_standard_rar_table_only
2589,-11.17,0.04,-10.33,0.16,6.7608297539198185e-12,4.6773514128719814e-11,RAR.mrt,direct_standard_rar_table_only
2590,-11.47,0.04,-10.42,0.15,3.3884415613920204e-12,3.8018939632056128e-11,RAR.mrt,direct_standard_rar_table_only
2591,-10.62,0.11,-10.2,0.15,2.3988329190194948e-11,6.3095734448019425e-11,RAR.mrt,direct_standard_rar_table_only
2592,-10.51,0.11,-10.21,0.14,3.0902954325135919e-11,6.1659500186148097e-11,RAR.mrt,direct_standard_rar_table_only
2593,-10.47,0.11,-10.09,0.14,3.3884415613920202e-11,8.1283051616409951e-11,RAR.mrt,direct_standard_rar_table_only
2594,-10.62,0.1,-10.11,0.13,2.3988329190194948e-11,7.7624711662869273e-11,RAR.mrt,direct_standard_rar_table_only
2595,-10.64,0.1,-10.15,0.13,2.2908676527677699e-11,7.0794578438413739e-11,RAR.mrt,direct_standard_rar_table_only
2596,-10.65,0.09,-10.13,0.13,2.2387211385683377e-11,7.4131024130091616e-11,RAR.mrt,direct_standard_rar_table_only
2597,-10.67,0.09,-10.09,0.14,2.1379620895022323e-11,8.1283051616409951e-11,RAR.mrt,direct_standard_rar_table_only
2598,-10.77,0.08,-10.17,0.14,1.6982436524617461e-11,6.7608297539198192e-11,RAR.mrt,direct_standard_rar_table_only
2599,-10.86,0.08,-10.2,0.13,1.3803842646028866e-11,6.3095734448019425e-11,RAR.mrt,direct_standard_rar_table_only
2600,-10.95,0.07,-10.26,0.13,1.1220184543019653e-11,5.4954087385762479e-11,RAR.mrt,direct_standard_rar_table_only
2601,-10.99,0.07,-10.29,0.13,1.0232929922807536e-11,5.1286138399136583e-11,RAR.mrt,direct_standard_rar_table_only
2602,-11.02,0.06,-10.33,0.13,9.5499258602143682e-12,4.6773514128719814e-11,RAR.mrt,direct_standard_rar_table_only
2603,-11.06,0.06,-10.36,0.13,8.7096358995607959e-12,4.3651583224016655e-11,RAR.mrt,direct_standard_rar_table_only
2604,-11.14,0.06,-10.38,0.14,7.2443596007498911e-12,4.1686938347033464e-11,RAR.mrt,direct_standard_rar_table_only
2605,-10.45,0.11,-10.26,0.13,3.5481338923357607e-11,5.4954087385762479e-11,RAR.mrt,direct_standard_rar_table_only
2606,-10.48,0.11,-10.19,0.12,3.311311214825908e-11,6.4565422903465622e-11,RAR.mrt,direct_standard_rar_table_only
2607,-10.55,0.11,-10.11,0.12,2.8183829312644493e-11,7.7624711662869273e-11,RAR.mrt,direct_standard_rar_table_only
2608,-10.6,0.11,-10.11,0.12,2.5118864315095823e-11,7.7624711662869273e-11,RAR.mrt,direct_standard_rar_table_only
2609,-10.62,0.11,-10.05,0.12,2.3988329190194948e-11,8.912509381337441e-11,RAR.mrt,direct_standard_rar_table_only
2610,-10.61,0.11,-10.05,0.11,2.4547089156850335e-11,8.912509381337441e-11,RAR.mrt,direct_standard_rar_table_only
2611,-10.58,0.1,-10.04,0.11,2.6302679918953815e-11,9.1201083935591153e-11,RAR.mrt,direct_standard_rar_table_only
2612,-10.54,0.1,-10.07,0.11,2.8840315031266117e-11,8.511380382023759e-11,RAR.mrt,direct_standard_rar_table_only
2613,-10.56,0.1,-10.09,0.11,2.7542287033381634e-11,8.1283051616409951e-11,RAR.mrt,direct_standard_rar_table_only
2614,-10.61,0.09,-10.13,0.11,2.4547089156850335e-11,7.4131024130091616e-11,RAR.mrt,direct_standard_rar_table_only
2615,-10.68,0.09,-10.17,0.11,2.0892961308540409e-11,6.7608297539198192e-11,RAR.mrt,direct_standard_rar_table_only
2616,-10.74,0.09,-10.21,0.11,1.8197008586099825e-11,6.1659500186148097e-11,RAR.mrt,direct_standard_rar_table_only
2617,-11.39,0.06,-10.76,0.14,4.0738027780411221e-12,1.7378008287493762e-11,RAR.mrt,direct_standard_rar_table_only
2618,-11.38,0.05,-10.74,0.14,4.1686938347033462e-12,1.8197008586099825e-11,RAR.mrt,direct_standard_rar_table_only
2619,-11.39,0.04,-10.8,0.14,4.0738027780411221e-12,1.5848931924611107e-11,RAR.mrt,direct_standard_rar_table_only
2620,-11.43,0.04,-10.85,0.14,3.7153522909717275e-12,1.4125375446227554e-11,RAR.mrt,direct_standard_rar_table_only
2621,-11.5,0.04,-10.92,0.14,3.1622776601683794e-12,1.202264434617413e-11,RAR.mrt,direct_standard_rar_table_only
2622,-11.6,0.04,-10.97,0.14,2.5118864315095823e-12,1.0715193052376049e-11,RAR.mrt,direct_standard_rar_table_only
2623,-11.72,0.04,-10.99,0.14,1.9054607179632443e-12,1.0232929922807536e-11,RAR.mrt,direct_standard_rar_table_only
2624,-10.79,0.04,-10.66,0.07,1.6218100973589331e-11,2.1877616239495519e-11,RAR.mrt,direct_standard_rar_table_only
2625,-10.87,0.04,-10.65,0.07,1.348962882591656e-11,2.2387211385683377e-11,RAR.mrt,direct_standard_rar_table_only
2626,-10.97,0.04,-10.59,0.06,1.0715193052376049e-11,2.5703957827688646e-11,RAR.mrt,direct_standard_rar_table_only
2627,-11.0,0.04,-10.52,0.06,9.9999999999999994e-12,3.019951720402019e-11,RAR.mrt,direct_standard_rar_table_only
2628,-11.06,0.04,-10.45,0.05,8.7096358995607959e-12,3.5481338923357607e-11,RAR.mrt,direct_standard_rar_table_only
2629,-11.12,0.04,-10.5,0.06,7.5857757502918518e-12,3.1622776601683794e-11,RAR.mrt,direct_standard_rar_table_only
2630,-11.18,0.04,-10.53,0.06,6.6069344800759645e-12,2.9512092266663903e-11,RAR.mrt,direct_standard_rar_table_only
2631,-11.23,0.04,-10.58,0.06,5.8884365535558838e-12,2.6302679918953815e-11,RAR.mrt,direct_standard_rar_table_only
2632,-10.99,0.06,-10.76,0.16,1.0232929922807536e-11,1.7378008287493762e-11,RAR.mrt,direct_standard_rar_table_only
2633,-10.97,0.06,-10.76,0.16,1.0715193052376049e-11,1.7378008287493762e-11,RAR.mrt,direct_standard_rar_table_only
2634,-10.98,0.05,-10.79,0.16,1.0471285480508986e-11,1.6218100973589331e-11,RAR.mrt,direct_standard_rar_table_only
2635,-11.02,0.05,-10.81,0.16,9.5499258602143682e-12,1.5488166189124796e-11,RAR.mrt,direct_standard_rar_table_only
2636,-11.06,0.05,-10.81,0.16,8.7096358995607959e-12,1.5488166189124796e-11,RAR.mrt,direct_standard_rar_table_only
2637,-11.09,0.05,-10.82,0.16,8.1283051616409945e-12,1.5135612484362072e-11,RAR.mrt,direct_standard_rar_table_only
2638,-11.13,0.04,-10.81,0.15,7.4131024130091626e-12,1.5488166189124796e-11,RAR.mrt,direct_standard_rar_table_only
2639,-11.17,0.04,-10.8,0.15,6.7608297539198185e-12,1.5848931924611107e-11,RAR.mrt,direct_standard_rar_table_only
2640,-11.2,0.04,-10.79,0.14,6.3095734448019426e-12,1.6218100973589331e-11,RAR.mrt,direct_standard_rar_table_only
2641,-11.24,0.04,-10.8,0.14,5.7543993733715668e-12,1.5848931924611107e-11,RAR.mrt,direct_standard_rar_table_only
2642,-11.26,0.04,-10.81,0.14,5.4954087385762484e-12,1.5488166189124796e-11,RAR.mrt,direct_standard_rar_table_only
2643,-11.29,0.04,-10.8,0.14,5.128613839913659e-12,1.5848931924611107e-11,RAR.mrt,direct_standard_rar_table_only
2644,-11.3,0.04,-10.8,0.14,5.0118723362727147e-12,1.5848931924611107e-11,RAR.mrt,direct_standard_rar_table_only
2645,-11.32,0.04,-10.81,0.14,4.7863009232263802e-12,1.5488166189124796e-11,RAR.mrt,direct_standard_rar_table_only
2646,-11.33,0.04,-10.82,0.14,4.6773514128719809e-12,1.5135612484362072e-11,RAR.mrt,direct_standard_rar_table_only
2647,-11.34,0.04,-10.83,0.14,4.5708818961487516e-12,1.4791083881682073e-11,RAR.mrt,direct_standard_rar_table_only
2648,-11.35,0.04,-10.85,0.14,4.4668359215096347e-12,1.4125375446227554e-11,RAR.mrt,direct_standard_rar_table_only
2649,-11.37,0.04,-10.85,0.15,4.2657951880159344e-12,1.4125375446227554e-11,RAR.mrt,direct_standard_rar_table_only
2650,-11.4,0.04,-10.86,0.14,3.9810717055349695e-12,1.3803842646028866e-11,RAR.mrt,direct_standard_rar_table_only
2651,-11.43,0.04,-10.85,0.15,3.7153522909717275e-12,1.4125375446227554e-11,RAR.mrt,direct_standard_rar_table_only
2652,-11.47,0.04,-10.88,0.14,3.3884415613920204e-12,1.3182567385564048e-11,RAR.mrt,direct_standard_rar_table_only
2653,-11.51,0.04,-10.9,0.14,3.0902954325135922e-12,1.2589254117941662e-11,RAR.mrt,direct_standard_rar_table_only
2654,-11.56,0.04,-10.92,0.14,2.7542287033381634e-12,1.202264434617413e-11,RAR.mrt,direct_standard_rar_table_only
2655,-11.6,0.04,-10.93,0.14,2.5118864315095823e-12,1.1748975549395303e-11,RAR.mrt,direct_standard_rar_table_only
2656,-11.64,0.04,-10.96,0.14,2.2908676527677699e-12,1.0964781961431828e-11,RAR.mrt,direct_standard_rar_table_only
2657,-11.68,0.04,-10.98,0.14,2.089296130854041e-12,1.0471285480508986e-11,RAR.mrt,direct_standard_rar_table_only
2658,-11.28,0.07,-10.82,0.04,5.2480746024977338e-12,1.5135612484362072e-11,RAR.mrt,direct_standard_rar_table_only
2659,-11.35,0.05,-10.74,0.04,4.4668359215096347e-12,1.8197008586099825e-11,RAR.mrt,direct_standard_rar_table_only
2660,-11.4,0.04,-10.71,0.03,3.9810717055349695e-12,1.9498445997580414e-11,RAR.mrt,direct_standard_rar_table_only
2661,-11.45,0.04,-10.72,0.03,3.5481338923357604e-12,1.9054607179632443e-11,RAR.mrt,direct_standard_rar_table_only
2662,-11.48,0.04,-10.71,0.03,3.3113112148259077e-12,1.9498445997580414e-11,RAR.mrt,direct_standard_rar_table_only
2663,-11.49,0.04,-10.73,0.03,3.2359365692962812e-12,1.8620871366628657e-11,RAR.mrt,direct_standard_rar_table_only
2664,-11.54,0.04,-10.75,0.03,2.8840315031266117e-12,1.7782794100389227e-11,RAR.mrt,direct_standard_rar_table_only
2665,-11.62,0.04,-10.79,0.03,2.3988329190194949e-12,1.6218100973589331e-11,RAR.mrt,direct_standard_rar_table_only
2666,-11.69,0.04,-10.82,0.03,2.0417379446695316e-12,1.5135612484362072e-11,RAR.mrt,direct_standard_rar_table_only
2667,-11.77,0.04,-10.87,0.03,1.698243652461746e-12,1.348962882591656e-11,RAR.mrt,direct_standard_rar_table_only
2668,-11.84,0.04,-10.95,0.04,1.4454397707459281e-12,1.1220184543019653e-11,RAR.mrt,direct_standard_rar_table_only
2669,-11.05,0.05,-10.43,0.16,8.912509381337441e-12,3.7153522909717275e-11,RAR.mrt,direct_standard_rar_table_only
2670,-11.05,0.05,-10.47,0.16,8.912509381337441e-12,3.3884415613920202e-11,RAR.mrt,direct_standard_rar_table_only
2671,-11.08,0.04,-10.51,0.16,8.3176377110267085e-12,3.0902954325135919e-11,RAR.mrt,direct_standard_rar_table_only
2672,-10.93,0.05,-10.79,0.08,1.1748975549395303e-11,1.6218100973589331e-11,RAR.mrt,direct_standard_rar_table_only
2673,-10.98,0.05,-10.76,0.07,1.0471285480508986e-11,1.7378008287493762e-11,RAR.mrt,direct_standard_rar_table_only
2674,-11.07,0.05,-10.76,0.05,8.5113803820237597e-12,1.7378008287493762e-11,RAR.mrt,direct_standard_rar_table_only
2675,-11.14,0.04,-10.74,0.05,7.2443596007498911e-12,1.8197008586099825e-11,RAR.mrt,direct_standard_rar_table_only
2676,-11.22,0.04,-10.73,0.04,6.0255958607435685e-12,1.8620871366628657e-11,RAR.mrt,direct_standard_rar_table_only
2677,-11.3,0.04,-10.73,0.04,5.0118723362727147e-12,1.8620871366628657e-11,RAR.mrt,direct_standard_rar_table_only
2678,-11.37,0.04,-10.72,0.04,4.2657951880159344e-12,1.9054607179632443e-11,RAR.mrt,direct_standard_rar_table_only
2679,-11.44,0.04,-10.71,0.04,3.6307805477010174e-12,1.9498445997580414e-11,RAR.mrt,direct_standard_rar_table_only
2680,-11.51,0.04,-10.71,0.05,3.0902954325135922e-12,1.9498445997580414e-11,RAR.mrt,direct_standard_rar_table_only
2681,-11.58,0.04,-10.72,0.05,2.6302679918953816e-12,1.9054607179632443e-11,RAR.mrt,direct_standard_rar_table_only
2682,-11.64,0.04,-10.72,0.06,2.2908676527677699e-12,1.9054607179632443e-11,RAR.mrt,direct_standard_rar_table_only
2683,-11.71,0.04,-10.75,0.07,1.9498445997580415e-12,1.7782794100389227e-11,RAR.mrt,direct_standard_rar_table_only
2684,-11.77,0.04,-10.8,0.07,1.698243652461746e-12,1.5848931924611107e-11,RAR.mrt,direct_standard_rar_table_only
2685,-11.82,0.04,-10.83,0.07,1.5135612484362072e-12,1.4791083881682073e-11,RAR.mrt,direct_standard_rar_table_only
2686,-11.68,0.06,-11.14,0.1,2.089296130854041e-12,7.2443596007498911e-12,RAR.mrt,direct_standard_rar_table_only
2687,-11.76,0.06,-11.08,0.1,1.7378008287493763e-12,8.3176377110267085e-12,RAR.mrt,direct_standard_rar_table_only
2688,-11.87,0.05,-11.12,0.09,1.348962882591656e-12,7.5857757502918518e-12,RAR.mrt,direct_standard_rar_table_only
2689,-11.98,0.05,-11.14,0.09,1.0471285480508985e-12,7.2443596007498911e-12,RAR.mrt,direct_standard_rar_table_only
2690,-12.08,0.05,-11.18,0.09,8.3176377110267083e-13,6.6069344800759645e-12,RAR.mrt,direct_standard_rar_table_only
2691,-11.35,0.09,-10.72,0.18,4.4668359215096347e-12,1.9054607179632443e-11,RAR.mrt,direct_standard_rar_table_only
2692,-11.37,0.07,-11.21,0.09,4.2657951880159344e-12,6.1659500186148099e-12,RAR.mrt,direct_standard_rar_table_only
2693,-11.54,0.08,-11.14,0.08,2.8840315031266117e-12,7.2443596007498911e-12,RAR.mrt,direct_standard_rar_table_only
