section,field_1,field_2,field_3,field_4,notes
domain_by_kind_counts,causality,table_csv,836,,domain_guess=causality; artifact_kind=table_csv; n=836
domain_by_kind_counts,causality,summary_json,397,,domain_guess=causality; artifact_kind=summary_json; n=397
domain_by_kind_counts,causality,json_document,380,,domain_guess=causality; artifact_kind=json_document; n=380
domain_by_kind_counts,causality,markdown_note,300,,domain_guess=causality; artifact_kind=markdown_note; n=300
domain_by_kind_counts,causality,other,111,,domain_guess=causality; artifact_kind=other; n=111
domain_by_kind_counts,causality,python_script,62,,domain_guess=causality; artifact_kind=python_script; n=62
domain_by_kind_counts,causality,run_audit,3,,domain_guess=causality; artifact_kind=run_audit; n=3
domain_by_kind_counts,causality,sqlite_db,1,,domain_guess=causality; artifact_kind=sqlite_db; n=1
domain_by_kind_counts,extract03,table_csv,852,,domain_guess=extract03; artifact_kind=table_csv; n=852
domain_by_kind_counts,extract03,markdown_note,176,,domain_guess=extract03; artifact_kind=markdown_note; n=176
domain_by_kind_counts,extract03,json_document,95,,domain_guess=extract03; artifact_kind=json_document; n=95
domain_by_kind_counts,extract03,run_audit,46,,domain_guess=extract03; artifact_kind=run_audit; n=46
domain_by_kind_counts,extract03,python_script,37,,domain_guess=extract03; artifact_kind=python_script; n=37
domain_by_kind_counts,extract03,summary_json,22,,domain_guess=extract03; artifact_kind=summary_json; n=22
domain_by_kind_counts,extract03,sql_script,8,,domain_guess=extract03; artifact_kind=sql_script; n=8
domain_by_kind_counts,extract03,sqlite_db,4,,domain_guess=extract03; artifact_kind=sqlite_db; n=4
domain_by_kind_counts,extract03,raw_input,2,,domain_guess=extract03; artifact_kind=raw_input; n=2
domain_by_kind_counts,interface01,table_csv,434,,domain_guess=interface01; artifact_kind=table_csv; n=434
domain_by_kind_counts,interface01,markdown_note,83,,domain_guess=interface01; artifact_kind=markdown_note; n=83
domain_by_kind_counts,interface01,python_script,68,,domain_guess=interface01; artifact_kind=python_script; n=68
domain_by_kind_counts,interface01,other,65,,domain_guess=interface01; artifact_kind=other; n=65
domain_by_kind_counts,interface01,summary_json,37,,domain_guess=interface01; artifact_kind=summary_json; n=37
domain_by_kind_counts,interface01,json_document,33,,domain_guess=interface01; artifact_kind=json_document; n=33
domain_by_kind_counts,interface01,run_audit,6,,domain_guess=interface01; artifact_kind=run_audit; n=6
domain_by_kind_counts,interface01,sql_script,5,,domain_guess=interface01; artifact_kind=sql_script; n=5
domain_by_kind_counts,interface01,sqlite_db,5,,domain_guess=interface01; artifact_kind=sqlite_db; n=5
domain_by_kind_counts,interface01,text_note,4,,domain_guess=interface01; artifact_kind=text_note; n=4
domain_by_kind_counts,matrix_topology,table_csv,78,,domain_guess=matrix_topology; artifact_kind=table_csv; n=78
domain_by_kind_counts,matrix_topology,markdown_note,46,,domain_guess=matrix_topology; artifact_kind=markdown_note; n=46
domain_by_kind_counts,matrix_topology,text_note,32,,domain_guess=matrix_topology; artifact_kind=text_note; n=32
domain_by_kind_counts,matrix_topology,summary_json,12,,domain_guess=matrix_topology; artifact_kind=summary_json; n=12
domain_by_kind_counts,matrix_topology,python_script,12,,domain_guess=matrix_topology; artifact_kind=python_script; n=12
domain_by_kind_counts,matrix_topology,json_document,4,,domain_guess=matrix_topology; artifact_kind=json_document; n=4
domain_by_kind_counts,matrix_topology,run_audit,2,,domain_guess=matrix_topology; artifact_kind=run_audit; n=2
domain_by_kind_counts,metadata,json_document,99,,domain_guess=metadata; artifact_kind=json_document; n=99
domain_by_kind_counts,metadata,table_csv,83,,domain_guess=metadata; artifact_kind=table_csv; n=83
domain_by_kind_counts,metadata,sqlite_db,62,,domain_guess=metadata; artifact_kind=sqlite_db; n=62
domain_by_kind_counts,metadata,python_script,54,,domain_guess=metadata; artifact_kind=python_script; n=54
domain_by_kind_counts,metadata,markdown_note,30,,domain_guess=metadata; artifact_kind=markdown_note; n=30
domain_by_kind_counts,metadata,sql_script,14,,domain_guess=metadata; artifact_kind=sql_script; n=14
domain_by_kind_counts,metadata,summary_json,9,,domain_guess=metadata; artifact_kind=summary_json; n=9
domain_by_kind_counts,metadata,other,4,,domain_guess=metadata; artifact_kind=other; n=4
domain_by_kind_counts,metadata,text_note,4,,domain_guess=metadata; artifact_kind=text_note; n=4
domain_by_kind_counts,metadata,run_audit,2,,domain_guess=metadata; artifact_kind=run_audit; n=2
domain_by_kind_counts,relalg,table_csv,126,,domain_guess=relalg; artifact_kind=table_csv; n=126
domain_by_kind_counts,relalg,json_document,77,,domain_guess=relalg; artifact_kind=json_document; n=77
domain_by_kind_counts,relalg,markdown_note,69,,domain_guess=relalg; artifact_kind=markdown_note; n=69
domain_by_kind_counts,relalg,python_script,17,,domain_guess=relalg; artifact_kind=python_script; n=17
domain_by_kind_counts,relalg,summary_json,5,,domain_guess=relalg; artifact_kind=summary_json; n=5
domain_by_kind_counts,relalg,sql_script,3,,domain_guess=relalg; artifact_kind=sql_script; n=3
domain_by_kind_counts,relalg,raw_input,2,,domain_guess=relalg; artifact_kind=raw_input; n=2
domain_by_kind_counts,relalg,other,1,,domain_guess=relalg; artifact_kind=other; n=1
domain_by_kind_counts,relalg,sqlite_db,1,,domain_guess=relalg; artifact_kind=sqlite_db; n=1
domain_by_kind_counts,sparc_rar,table_csv,63,,domain_guess=sparc_rar; artifact_kind=table_csv; n=63
domain_by_kind_counts,sparc_rar,markdown_note,41,,domain_guess=sparc_rar; artifact_kind=markdown_note; n=41
domain_by_kind_counts,sparc_rar,text_note,11,,domain_guess=sparc_rar; artifact_kind=text_note; n=11
domain_by_kind_counts,sparc_rar,python_script,5,,domain_guess=sparc_rar; artifact_kind=python_script; n=5
domain_by_kind_counts,sparc_rar,sql_script,5,,domain_guess=sparc_rar; artifact_kind=sql_script; n=5
domain_by_kind_counts,sparc_rar,summary_json,5,,domain_guess=sparc_rar; artifact_kind=summary_json; n=5
domain_by_kind_counts,sparc_rar,raw_input,4,,domain_guess=sparc_rar; artifact_kind=raw_input; n=4
domain_by_kind_counts,sparc_rar,run_audit,1,,domain_guess=sparc_rar; artifact_kind=run_audit; n=1
domain_by_kind_counts,sparc_rar,sqlite_db,1,,domain_guess=sparc_rar; artifact_kind=sqlite_db; n=1
domain_by_kind_counts,unknown,table_csv,1144,,domain_guess=unknown; artifact_kind=table_csv; n=1144
domain_by_kind_counts,unknown,markdown_note,1010,,domain_guess=unknown; artifact_kind=markdown_note; n=1010
domain_by_kind_counts,unknown,json_document,573,,domain_guess=unknown; artifact_kind=json_document; n=573
domain_by_kind_counts,unknown,other,412,,domain_guess=unknown; artifact_kind=other; n=412
domain_by_kind_counts,unknown,run_audit,309,,domain_guess=unknown; artifact_kind=run_audit; n=309
domain_by_kind_counts,unknown,text_note,299,,domain_guess=unknown; artifact_kind=text_note; n=299
domain_by_kind_counts,unknown,python_script,269,,domain_guess=unknown; artifact_kind=python_script; n=269
domain_by_kind_counts,unknown,summary_json,191,,domain_guess=unknown; artifact_kind=summary_json; n=191
domain_by_kind_counts,unknown,sql_script,36,,domain_guess=unknown; artifact_kind=sql_script; n=36
domain_by_kind_counts,unknown,sqlite_db,23,,domain_guess=unknown; artifact_kind=sqlite_db; n=23
domain_by_kind_counts,unknown,raw_input,2,,domain_guess=unknown; artifact_kind=raw_input; n=2
domain_by_kind_counts,,,17,,domain_guess=; artifact_kind=; n=17
domain_path_samples,causality,data/baseline_relational_table_real_bmc08b.csv,,,domain_guess=causality; relative_path=data/baseline_relational_table_real_bmc08b.csv
domain_path_samples,causality,data/baseline_relational_table_real_bmc08c.csv,,,domain_guess=causality; relative_path=data/baseline_relational_table_real_bmc08c.csv
domain_path_samples,causality,data/bmc01/bmc01_baseline_relational_table_template.csv,,,domain_guess=causality; relative_path=data/bmc01/bmc01_baseline_relational_table_template.csv
domain_path_samples,causality,data/bmc04/bmc04_baseline_relational_table_template.csv,,,domain_guess=causality; relative_path=data/bmc04/bmc04_baseline_relational_table_template.csv
domain_path_samples,causality,data/bmc07c_backbone_variation_config.yaml,,,domain_guess=causality; relative_path=data/bmc07c_backbone_variation_config.yaml
domain_path_samples,causality,data/bmc07_config_coupling_arm.yaml,,,domain_guess=causality; relative_path=data/bmc07_config_coupling_arm.yaml
domain_path_samples,causality,data/bmc07_config_minimal_readouts.yaml,,,domain_guess=causality; relative_path=data/bmc07_config_minimal_readouts.yaml
domain_path_samples,causality,data/bmc08a_m39x1_featuretable_config.template.yaml,,,domain_guess=causality; relative_path=data/bmc08a_m39x1_featuretable_config.template.yaml
domain_path_samples,causality,data/bmc08a_m39x1_featuretable_config.yaml,,,domain_guess=causality; relative_path=data/bmc08a_m39x1_featuretable_config.yaml
domain_path_samples,causality,data/bmc08a_real_units_feature_table.csv,,,domain_guess=causality; relative_path=data/bmc08a_real_units_feature_table.csv
domain_path_samples,causality,data/bmc08a_real_units_feature_table.template.csv,,,domain_guess=causality; relative_path=data/bmc08a_real_units_feature_table.template.csv
domain_path_samples,causality,data/bmc08b_m39x1_no_ring_mirror_config.yaml,,,domain_guess=causality; relative_path=data/bmc08b_m39x1_no_ring_mirror_config.yaml
domain_path_samples,causality,data/bmc08b_realdata_config.yaml,,,domain_guess=causality; relative_path=data/bmc08b_realdata_config.yaml
domain_path_samples,causality,data/bmc08b_real_units_feature_table.csv,,,domain_guess=causality; relative_path=data/bmc08b_real_units_feature_table.csv
domain_path_samples,causality,data/bmc08c_m39x1_sign_sensitive_ring_config.yaml,,,domain_guess=causality; relative_path=data/bmc08c_m39x1_sign_sensitive_ring_config.yaml
domain_path_samples,causality,data/bmc08c_realdata_config.yaml,,,domain_guess=causality; relative_path=data/bmc08c_realdata_config.yaml
domain_path_samples,causality,data/bmc08c_real_units_feature_table.csv,,,domain_guess=causality; relative_path=data/bmc08c_real_units_feature_table.csv
domain_path_samples,causality,data/bmc08_dataset_manifest.json,,,domain_guess=causality; relative_path=data/bmc08_dataset_manifest.json
domain_path_samples,causality,data/bmc08_dataset_manifest.template.json,,,domain_guess=causality; relative_path=data/bmc08_dataset_manifest.template.json
domain_path_samples,causality,data/bmc08_realdata_config.template.yaml,,,domain_guess=causality; relative_path=data/bmc08_realdata_config.template.yaml
domain_path_samples,causality,data/bmc08_realdata_config.yaml,,,domain_guess=causality; relative_path=data/bmc08_realdata_config.yaml
domain_path_samples,causality,data/bmc09a_knn_config.yaml,,,domain_guess=causality; relative_path=data/bmc09a_knn_config.yaml
domain_path_samples,causality,data/bmc09a_knn_inputs/graph_build_diagnostics.csv,,,domain_guess=causality; relative_path=data/bmc09a_knn_inputs/graph_build_diagnostics.csv
domain_path_samples,causality,data/bmc09a_knn_inputs/k_2/baseline_relational_table_real.csv,,,domain_guess=causality; relative_path=data/bmc09a_knn_inputs/k_2/baseline_relational_table_real.csv
domain_path_samples,causality,data/bmc09a_knn_inputs/k_2/graph_build_summary.json,,,domain_guess=causality; relative_path=data/bmc09a_knn_inputs/k_2/graph_build_summary.json
domain_path_samples,causality,data/bmc09a_knn_inputs/k_2/node_metadata_real.csv,,,domain_guess=causality; relative_path=data/bmc09a_knn_inputs/k_2/node_metadata_real.csv
domain_path_samples,causality,data/bmc09a_knn_inputs/k_3/baseline_relational_table_real.csv,,,domain_guess=causality; relative_path=data/bmc09a_knn_inputs/k_3/baseline_relational_table_real.csv
domain_path_samples,causality,data/bmc09a_knn_inputs/k_3/graph_build_summary.json,,,domain_guess=causality; relative_path=data/bmc09a_knn_inputs/k_3/graph_build_summary.json
domain_path_samples,causality,data/bmc09a_knn_inputs/k_3/node_metadata_real.csv,,,domain_guess=causality; relative_path=data/bmc09a_knn_inputs/k_3/node_metadata_real.csv
domain_path_samples,causality,data/bmc09a_knn_inputs/k_4/baseline_relational_table_real.csv,,,domain_guess=causality; relative_path=data/bmc09a_knn_inputs/k_4/baseline_relational_table_real.csv
domain_path_samples,causality,data/bmc09a_knn_inputs/k_4/graph_build_summary.json,,,domain_guess=causality; relative_path=data/bmc09a_knn_inputs/k_4/graph_build_summary.json
domain_path_samples,causality,data/bmc09a_knn_inputs/k_4/node_metadata_real.csv,,,domain_guess=causality; relative_path=data/bmc09a_knn_inputs/k_4/node_metadata_real.csv
domain_path_samples,causality,data/bmc09a_realdata_config.yaml,,,domain_guess=causality; relative_path=data/bmc09a_realdata_config.yaml
domain_path_samples,causality,data/bmc09b_k_sweep_config.yaml,,,domain_guess=causality; relative_path=data/bmc09b_k_sweep_config.yaml
domain_path_samples,causality,data/bmc09b_runner_config_k_2.yaml,,,domain_guess=causality; relative_path=data/bmc09b_runner_config_k_2.yaml
domain_path_samples,causality,data/bmc09b_runner_config_k_3.yaml,,,domain_guess=causality; relative_path=data/bmc09b_runner_config_k_3.yaml
domain_path_samples,causality,data/bmc09b_runner_config_k_4.yaml,,,domain_guess=causality; relative_path=data/bmc09b_runner_config_k_4.yaml
domain_path_samples,causality,data/bmc09c_mutual_knn_compare_config.yaml,,,domain_guess=causality; relative_path=data/bmc09c_mutual_knn_compare_config.yaml
domain_path_samples,causality,data/bmc09c_mutual_knn_config.yaml,,,domain_guess=causality; relative_path=data/bmc09c_mutual_knn_config.yaml
domain_path_samples,causality,data/bmc09c_mutual_knn_inputs/graph_build_diagnostics.csv,,,domain_guess=causality; relative_path=data/bmc09c_mutual_knn_inputs/graph_build_diagnostics.csv
domain_path_samples,causality,data/bmc09c_mutual_knn_inputs/k_2/baseline_relational_table_real.csv,,,domain_guess=causality; relative_path=data/bmc09c_mutual_knn_inputs/k_2/baseline_relational_table_real.csv
domain_path_samples,causality,data/bmc09c_mutual_knn_inputs/k_2/graph_build_summary.json,,,domain_guess=causality; relative_path=data/bmc09c_mutual_knn_inputs/k_2/graph_build_summary.json
domain_path_samples,causality,data/bmc09c_mutual_knn_inputs/k_2/node_metadata_real.csv,,,domain_guess=causality; relative_path=data/bmc09c_mutual_knn_inputs/k_2/node_metadata_real.csv
domain_path_samples,causality,data/bmc09c_mutual_knn_inputs/k_3/baseline_relational_table_real.csv,,,domain_guess=causality; relative_path=data/bmc09c_mutual_knn_inputs/k_3/baseline_relational_table_real.csv
domain_path_samples,causality,data/bmc09c_mutual_knn_inputs/k_3/graph_build_summary.json,,,domain_guess=causality; relative_path=data/bmc09c_mutual_knn_inputs/k_3/graph_build_summary.json
domain_path_samples,causality,data/bmc09c_mutual_knn_inputs/k_3/node_metadata_real.csv,,,domain_guess=causality; relative_path=data/bmc09c_mutual_knn_inputs/k_3/node_metadata_real.csv
domain_path_samples,causality,data/bmc09c_mutual_knn_inputs/k_4/baseline_relational_table_real.csv,,,domain_guess=causality; relative_path=data/bmc09c_mutual_knn_inputs/k_4/baseline_relational_table_real.csv
domain_path_samples,causality,data/bmc09c_mutual_knn_inputs/k_4/graph_build_summary.json,,,domain_guess=causality; relative_path=data/bmc09c_mutual_knn_inputs/k_4/graph_build_summary.json
domain_path_samples,causality,data/bmc09c_mutual_knn_inputs/k_4/node_metadata_real.csv,,,domain_guess=causality; relative_path=data/bmc09c_mutual_knn_inputs/k_4/node_metadata_real.csv
domain_path_samples,causality,data/bmc09c_runner_config_k_2.yaml,,,domain_guess=causality; relative_path=data/bmc09c_runner_config_k_2.yaml
domain_path_samples,causality,data/bmc09c_runner_config_k_3.yaml,,,domain_guess=causality; relative_path=data/bmc09c_runner_config_k_3.yaml
domain_path_samples,causality,data/bmc09c_runner_config_k_4.yaml,,,domain_guess=causality; relative_path=data/bmc09c_runner_config_k_4.yaml
domain_path_samples,causality,data/bmc09d_runner_config_hybrid_k3_tau_025.yaml,,,domain_guess=causality; relative_path=data/bmc09d_runner_config_hybrid_k3_tau_025.yaml
domain_path_samples,causality,data/bmc09d_runner_config_hybrid_k3_tau_03.yaml,,,domain_guess=causality; relative_path=data/bmc09d_runner_config_hybrid_k3_tau_03.yaml
domain_path_samples,causality,data/bmc09d_runner_config_threshold_tau_025.yaml,,,domain_guess=causality; relative_path=data/bmc09d_runner_config_threshold_tau_025.yaml
domain_path_samples,causality,data/bmc09d_runner_config_threshold_tau_035.yaml,,,domain_guess=causality; relative_path=data/bmc09d_runner_config_threshold_tau_035.yaml
domain_path_samples,causality,data/bmc09d_runner_config_threshold_tau_03.yaml,,,domain_guess=causality; relative_path=data/bmc09d_runner_config_threshold_tau_03.yaml
domain_path_samples,causality,data/bmc09d_threshold_hybrid_compare_config.yaml,,,domain_guess=causality; relative_path=data/bmc09d_threshold_hybrid_compare_config.yaml
domain_path_samples,causality,data/bmc09d_threshold_hybrid_config.yaml,,,domain_guess=causality; relative_path=data/bmc09d_threshold_hybrid_config.yaml
domain_path_samples,causality,data/bmc09d_threshold_hybrid_inputs/graph_build_diagnostics.csv,,,domain_guess=causality; relative_path=data/bmc09d_threshold_hybrid_inputs/graph_build_diagnostics.csv
domain_path_samples,causality,data/bmc09d_threshold_hybrid_inputs/hybrid_k3_tau_025/baseline_relational_table_real.csv,,,domain_guess=causality; relative_path=data/bmc09d_threshold_hybrid_inputs/hybrid_k3_tau_025/baseline_relational_table_real.csv
domain_path_samples,causality,data/bmc09d_threshold_hybrid_inputs/hybrid_k3_tau_025/graph_build_summary.json,,,domain_guess=causality; relative_path=data/bmc09d_threshold_hybrid_inputs/hybrid_k3_tau_025/graph_build_summary.json
domain_path_samples,causality,data/bmc09d_threshold_hybrid_inputs/hybrid_k3_tau_025/node_metadata_real.csv,,,domain_guess=causality; relative_path=data/bmc09d_threshold_hybrid_inputs/hybrid_k3_tau_025/node_metadata_real.csv
domain_path_samples,causality,data/bmc09d_threshold_hybrid_inputs/hybrid_k3_tau_03/baseline_relational_table_real.csv,,,domain_guess=causality; relative_path=data/bmc09d_threshold_hybrid_inputs/hybrid_k3_tau_03/baseline_relational_table_real.csv
domain_path_samples,causality,data/bmc09d_threshold_hybrid_inputs/hybrid_k3_tau_03/graph_build_summary.json,,,domain_guess=causality; relative_path=data/bmc09d_threshold_hybrid_inputs/hybrid_k3_tau_03/graph_build_summary.json
domain_path_samples,causality,data/bmc09d_threshold_hybrid_inputs/hybrid_k3_tau_03/node_metadata_real.csv,,,domain_guess=causality; relative_path=data/bmc09d_threshold_hybrid_inputs/hybrid_k3_tau_03/node_metadata_real.csv
domain_path_samples,causality,data/bmc09d_threshold_hybrid_inputs/threshold_tau_025/baseline_relational_table_real.csv,,,domain_guess=causality; relative_path=data/bmc09d_threshold_hybrid_inputs/threshold_tau_025/baseline_relational_table_real.csv
domain_path_samples,causality,data/bmc09d_threshold_hybrid_inputs/threshold_tau_025/graph_build_summary.json,,,domain_guess=causality; relative_path=data/bmc09d_threshold_hybrid_inputs/threshold_tau_025/graph_build_summary.json
domain_path_samples,causality,data/bmc09d_threshold_hybrid_inputs/threshold_tau_025/node_metadata_real.csv,,,domain_guess=causality; relative_path=data/bmc09d_threshold_hybrid_inputs/threshold_tau_025/node_metadata_real.csv
domain_path_samples,causality,data/bmc09d_threshold_hybrid_inputs/threshold_tau_035/baseline_relational_table_real.csv,,,domain_guess=causality; relative_path=data/bmc09d_threshold_hybrid_inputs/threshold_tau_035/baseline_relational_table_real.csv
domain_path_samples,causality,data/bmc09d_threshold_hybrid_inputs/threshold_tau_035/graph_build_summary.json,,,domain_guess=causality; relative_path=data/bmc09d_threshold_hybrid_inputs/threshold_tau_035/graph_build_summary.json
domain_path_samples,causality,data/bmc09d_threshold_hybrid_inputs/threshold_tau_035/node_metadata_real.csv,,,domain_guess=causality; relative_path=data/bmc09d_threshold_hybrid_inputs/threshold_tau_035/node_metadata_real.csv
domain_path_samples,causality,data/bmc09d_threshold_hybrid_inputs/threshold_tau_03/baseline_relational_table_real.csv,,,domain_guess=causality; relative_path=data/bmc09d_threshold_hybrid_inputs/threshold_tau_03/baseline_relational_table_real.csv
domain_path_samples,causality,data/bmc09d_threshold_hybrid_inputs/threshold_tau_03/graph_build_summary.json,,,domain_guess=causality; relative_path=data/bmc09d_threshold_hybrid_inputs/threshold_tau_03/graph_build_summary.json
domain_path_samples,causality,data/bmc09d_threshold_hybrid_inputs/threshold_tau_03/node_metadata_real.csv,,,domain_guess=causality; relative_path=data/bmc09d_threshold_hybrid_inputs/threshold_tau_03/node_metadata_real.csv
domain_path_samples,causality,data/bmc10_nullmodel_compare_config.yaml,,,domain_guess=causality; relative_path=data/bmc10_nullmodel_compare_config.yaml
domain_path_samples,causality,data/bmc10_nullmodel_config.yaml,,,domain_guess=causality; relative_path=data/bmc10_nullmodel_config.yaml
domain_path_samples,causality,data/bmc10_nullmodel_inputs/graph_build_diagnostics.csv,,,domain_guess=causality; relative_path=data/bmc10_nullmodel_inputs/graph_build_diagnostics.csv
domain_path_samples,causality,data/bmc10_nullmodel_inputs/seed_101/nullmodel_feature_table.csv,,,domain_guess=causality; relative_path=data/bmc10_nullmodel_inputs/seed_101/nullmodel_feature_table.csv
domain_path_samples,causality,data/bmc10_nullmodel_inputs/seed_101/threshold_tau_028/baseline_relational_table_real.csv,,,domain_guess=causality; relative_path=data/bmc10_nullmodel_inputs/seed_101/threshold_tau_028/baseline_relational_table_real.csv
domain_path_samples,causality,data/bmc10_nullmodel_inputs/seed_101/threshold_tau_028/graph_build_summary.json,,,domain_guess=causality; relative_path=data/bmc10_nullmodel_inputs/seed_101/threshold_tau_028/graph_build_summary.json
domain_path_samples,causality,data/bmc10_nullmodel_inputs/seed_101/threshold_tau_028/node_metadata_real.csv,,,domain_guess=causality; relative_path=data/bmc10_nullmodel_inputs/seed_101/threshold_tau_028/node_metadata_real.csv
domain_path_samples,causality,data/bmc10_nullmodel_inputs/seed_101/threshold_tau_032/baseline_relational_table_real.csv,,,domain_guess=causality; relative_path=data/bmc10_nullmodel_inputs/seed_101/threshold_tau_032/baseline_relational_table_real.csv
domain_path_samples,causality,data/bmc10_nullmodel_inputs/seed_101/threshold_tau_032/graph_build_summary.json,,,domain_guess=causality; relative_path=data/bmc10_nullmodel_inputs/seed_101/threshold_tau_032/graph_build_summary.json
domain_path_samples,causality,data/bmc10_nullmodel_inputs/seed_101/threshold_tau_032/node_metadata_real.csv,,,domain_guess=causality; relative_path=data/bmc10_nullmodel_inputs/seed_101/threshold_tau_032/node_metadata_real.csv
domain_path_samples,causality,data/bmc10_nullmodel_inputs/seed_101/threshold_tau_03/baseline_relational_table_real.csv,,,domain_guess=causality; relative_path=data/bmc10_nullmodel_inputs/seed_101/threshold_tau_03/baseline_relational_table_real.csv
domain_path_samples,causality,data/bmc10_nullmodel_inputs/seed_101/threshold_tau_03/graph_build_summary.json,,,domain_guess=causality; relative_path=data/bmc10_nullmodel_inputs/seed_101/threshold_tau_03/graph_build_summary.json
domain_path_samples,causality,data/bmc10_nullmodel_inputs/seed_101/threshold_tau_03/node_metadata_real.csv,,,domain_guess=causality; relative_path=data/bmc10_nullmodel_inputs/seed_101/threshold_tau_03/node_metadata_real.csv
domain_path_samples,causality,data/bmc10_nullmodel_inputs/seed_202/nullmodel_feature_table.csv,,,domain_guess=causality; relative_path=data/bmc10_nullmodel_inputs/seed_202/nullmodel_feature_table.csv
domain_path_samples,causality,data/bmc10_nullmodel_inputs/seed_202/threshold_tau_028/baseline_relational_table_real.csv,,,domain_guess=causality; relative_path=data/bmc10_nullmodel_inputs/seed_202/threshold_tau_028/baseline_relational_table_real.csv
domain_path_samples,causality,data/bmc10_nullmodel_inputs/seed_202/threshold_tau_028/graph_build_summary.json,,,domain_guess=causality; relative_path=data/bmc10_nullmodel_inputs/seed_202/threshold_tau_028/graph_build_summary.json
domain_path_samples,causality,data/bmc10_nullmodel_inputs/seed_202/threshold_tau_028/node_metadata_real.csv,,,domain_guess=causality; relative_path=data/bmc10_nullmodel_inputs/seed_202/threshold_tau_028/node_metadata_real.csv
domain_path_samples,causality,data/bmc10_nullmodel_inputs/seed_202/threshold_tau_032/baseline_relational_table_real.csv,,,domain_guess=causality; relative_path=data/bmc10_nullmodel_inputs/seed_202/threshold_tau_032/baseline_relational_table_real.csv
domain_path_samples,causality,data/bmc10_nullmodel_inputs/seed_202/threshold_tau_032/graph_build_summary.json,,,domain_guess=causality; relative_path=data/bmc10_nullmodel_inputs/seed_202/threshold_tau_032/graph_build_summary.json
domain_path_samples,causality,data/bmc10_nullmodel_inputs/seed_202/threshold_tau_032/node_metadata_real.csv,,,domain_guess=causality; relative_path=data/bmc10_nullmodel_inputs/seed_202/threshold_tau_032/node_metadata_real.csv
domain_path_samples,causality,data/bmc10_nullmodel_inputs/seed_202/threshold_tau_03/baseline_relational_table_real.csv,,,domain_guess=causality; relative_path=data/bmc10_nullmodel_inputs/seed_202/threshold_tau_03/baseline_relational_table_real.csv
domain_path_samples,causality,data/bmc10_nullmodel_inputs/seed_202/threshold_tau_03/graph_build_summary.json,,,domain_guess=causality; relative_path=data/bmc10_nullmodel_inputs/seed_202/threshold_tau_03/graph_build_summary.json
domain_path_samples,causality,data/bmc10_nullmodel_inputs/seed_202/threshold_tau_03/node_metadata_real.csv,,,domain_guess=causality; relative_path=data/bmc10_nullmodel_inputs/seed_202/threshold_tau_03/node_metadata_real.csv
domain_path_samples,causality,data/bmc10_nullmodel_inputs/seed_303/nullmodel_feature_table.csv,,,domain_guess=causality; relative_path=data/bmc10_nullmodel_inputs/seed_303/nullmodel_feature_table.csv
domain_path_samples,causality,data/bmc10_nullmodel_inputs/seed_303/threshold_tau_028/baseline_relational_table_real.csv,,,domain_guess=causality; relative_path=data/bmc10_nullmodel_inputs/seed_303/threshold_tau_028/baseline_relational_table_real.csv
domain_path_samples,causality,data/bmc10_nullmodel_inputs/seed_303/threshold_tau_028/graph_build_summary.json,,,domain_guess=causality; relative_path=data/bmc10_nullmodel_inputs/seed_303/threshold_tau_028/graph_build_summary.json
domain_path_samples,causality,data/bmc10_nullmodel_inputs/seed_303/threshold_tau_028/node_metadata_real.csv,,,domain_guess=causality; relative_path=data/bmc10_nullmodel_inputs/seed_303/threshold_tau_028/node_metadata_real.csv
domain_path_samples,causality,data/bmc10_nullmodel_inputs/seed_303/threshold_tau_032/baseline_relational_table_real.csv,,,domain_guess=causality; relative_path=data/bmc10_nullmodel_inputs/seed_303/threshold_tau_032/baseline_relational_table_real.csv
domain_path_samples,causality,data/bmc10_nullmodel_inputs/seed_303/threshold_tau_032/graph_build_summary.json,,,domain_guess=causality; relative_path=data/bmc10_nullmodel_inputs/seed_303/threshold_tau_032/graph_build_summary.json
domain_path_samples,causality,data/bmc10_nullmodel_inputs/seed_303/threshold_tau_032/node_metadata_real.csv,,,domain_guess=causality; relative_path=data/bmc10_nullmodel_inputs/seed_303/threshold_tau_032/node_metadata_real.csv
domain_path_samples,causality,data/bmc10_nullmodel_inputs/seed_303/threshold_tau_03/baseline_relational_table_real.csv,,,domain_guess=causality; relative_path=data/bmc10_nullmodel_inputs/seed_303/threshold_tau_03/baseline_relational_table_real.csv
domain_path_samples,causality,data/bmc10_nullmodel_inputs/seed_303/threshold_tau_03/graph_build_summary.json,,,domain_guess=causality; relative_path=data/bmc10_nullmodel_inputs/seed_303/threshold_tau_03/graph_build_summary.json
domain_path_samples,causality,data/bmc10_nullmodel_inputs/seed_303/threshold_tau_03/node_metadata_real.csv,,,domain_guess=causality; relative_path=data/bmc10_nullmodel_inputs/seed_303/threshold_tau_03/node_metadata_real.csv
domain_path_samples,causality,data/bmc10_runner_config_seed_101_threshold_tau_028.yaml,,,domain_guess=causality; relative_path=data/bmc10_runner_config_seed_101_threshold_tau_028.yaml
domain_path_samples,causality,data/bmc10_runner_config_seed_101_threshold_tau_032.yaml,,,domain_guess=causality; relative_path=data/bmc10_runner_config_seed_101_threshold_tau_032.yaml
domain_path_samples,causality,data/bmc10_runner_config_seed_101_threshold_tau_03.yaml,,,domain_guess=causality; relative_path=data/bmc10_runner_config_seed_101_threshold_tau_03.yaml
domain_path_samples,causality,data/bmc10_runner_config_seed_202_threshold_tau_028.yaml,,,domain_guess=causality; relative_path=data/bmc10_runner_config_seed_202_threshold_tau_028.yaml
domain_path_samples,causality,data/bmc10_runner_config_seed_202_threshold_tau_032.yaml,,,domain_guess=causality; relative_path=data/bmc10_runner_config_seed_202_threshold_tau_032.yaml
domain_path_samples,causality,data/bmc10_runner_config_seed_202_threshold_tau_03.yaml,,,domain_guess=causality; relative_path=data/bmc10_runner_config_seed_202_threshold_tau_03.yaml
domain_path_samples,causality,data/bmc10_runner_config_seed_303_threshold_tau_028.yaml,,,domain_guess=causality; relative_path=data/bmc10_runner_config_seed_303_threshold_tau_028.yaml
domain_path_samples,causality,data/bmc10_runner_config_seed_303_threshold_tau_032.yaml,,,domain_guess=causality; relative_path=data/bmc10_runner_config_seed_303_threshold_tau_032.yaml
domain_path_samples,causality,data/bmc10_runner_config_seed_303_threshold_tau_03.yaml,,,domain_guess=causality; relative_path=data/bmc10_runner_config_seed_303_threshold_tau_03.yaml
domain_path_samples,causality,data/bmc11_baseline_relational_table_seed_101.csv,,,domain_guess=causality; relative_path=data/bmc11_baseline_relational_table_seed_101.csv
domain_path_samples,causality,data/bmc11_baseline_relational_table_seed_202.csv,,,domain_guess=causality; relative_path=data/bmc11_baseline_relational_table_seed_202.csv
domain_path_samples,causality,data/bmc11_baseline_relational_table_seed_303.csv,,,domain_guess=causality; relative_path=data/bmc11_baseline_relational_table_seed_303.csv
domain_path_samples,causality,data/bmc11_cov_null_feature_table.csv,,,domain_guess=causality; relative_path=data/bmc11_cov_null_feature_table.csv
domain_path_samples,causality,data/bmc11_cov_nullmodel_compare_config.yaml,,,domain_guess=causality; relative_path=data/bmc11_cov_nullmodel_compare_config.yaml
domain_path_samples,causality,data/bmc11_cov_nullmodel_config.yaml,,,domain_guess=causality; relative_path=data/bmc11_cov_nullmodel_config.yaml
domain_path_samples,causality,data/bmc11_node_metadata_seed_101.csv,,,domain_guess=causality; relative_path=data/bmc11_node_metadata_seed_101.csv
domain_path_samples,causality,data/bmc11_node_metadata_seed_202.csv,,,domain_guess=causality; relative_path=data/bmc11_node_metadata_seed_202.csv
domain_path_samples,causality,data/bmc11_node_metadata_seed_303.csv,,,domain_guess=causality; relative_path=data/bmc11_node_metadata_seed_303.csv
domain_path_samples,causality,data/bmc11_runner_config_seed_101_threshold_tau_028.yaml,,,domain_guess=causality; relative_path=data/bmc11_runner_config_seed_101_threshold_tau_028.yaml
domain_path_samples,causality,data/bmc11_runner_config_seed_101_threshold_tau_032.yaml,,,domain_guess=causality; relative_path=data/bmc11_runner_config_seed_101_threshold_tau_032.yaml
domain_path_samples,causality,data/bmc11_runner_config_seed_101_threshold_tau_03.yaml,,,domain_guess=causality; relative_path=data/bmc11_runner_config_seed_101_threshold_tau_03.yaml
domain_path_samples,causality,data/bmc11_runner_config_seed_202_threshold_tau_028.yaml,,,domain_guess=causality; relative_path=data/bmc11_runner_config_seed_202_threshold_tau_028.yaml
domain_path_samples,causality,data/bmc11_runner_config_seed_202_threshold_tau_032.yaml,,,domain_guess=causality; relative_path=data/bmc11_runner_config_seed_202_threshold_tau_032.yaml
domain_path_samples,causality,data/bmc11_runner_config_seed_202_threshold_tau_03.yaml,,,domain_guess=causality; relative_path=data/bmc11_runner_config_seed_202_threshold_tau_03.yaml
domain_path_samples,causality,data/bmc11_runner_config_seed_303_threshold_tau_028.yaml,,,domain_guess=causality; relative_path=data/bmc11_runner_config_seed_303_threshold_tau_028.yaml
domain_path_samples,causality,data/bmc11_runner_config_seed_303_threshold_tau_032.yaml,,,domain_guess=causality; relative_path=data/bmc11_runner_config_seed_303_threshold_tau_032.yaml
domain_path_samples,causality,data/bmc11_runner_config_seed_303_threshold_tau_03.yaml,,,domain_guess=causality; relative_path=data/bmc11_runner_config_seed_303_threshold_tau_03.yaml
domain_path_samples,causality,data/bmc12b_matched_leaveoneout_config.yaml,,,domain_guess=causality; relative_path=data/bmc12b_matched_leaveoneout_config.yaml
domain_path_samples,causality,data/bmc12c_backbone_aware_configs/baseline_all_features_fixed_tau.yaml,,,domain_guess=causality; relative_path=data/bmc12c_backbone_aware_configs/baseline_all_features_fixed_tau.yaml
domain_path_samples,causality,data/bmc12c_backbone_aware_configs/matched_drop_feature_length_scale.yaml,,,domain_guess=causality; relative_path=data/bmc12c_backbone_aware_configs/matched_drop_feature_length_scale.yaml
domain_path_samples,causality,data/bmc12c_backbone_aware_configs/matched_drop_feature_mode_frequency.yaml,,,domain_guess=causality; relative_path=data/bmc12c_backbone_aware_configs/matched_drop_feature_mode_frequency.yaml
domain_path_samples,causality,data/bmc12c_backbone_aware_configs/matched_drop_feature_shape_factor.yaml,,,domain_guess=causality; relative_path=data/bmc12c_backbone_aware_configs/matched_drop_feature_shape_factor.yaml
domain_path_samples,causality,data/bmc12c_backbone_aware_configs/matched_drop_feature_spectral_index.yaml,,,domain_guess=causality; relative_path=data/bmc12c_backbone_aware_configs/matched_drop_feature_spectral_index.yaml
domain_path_samples,causality,data/bmc12c_backbone_aware_inputs/baseline_all_features_fixed_tau/baseline_relational_table_real.csv,,,domain_guess=causality; relative_path=data/bmc12c_backbone_aware_inputs/baseline_all_features_fixed_tau/baseline_relational_table_real.csv
domain_path_samples,causality,data/bmc12c_backbone_aware_inputs/baseline_all_features_fixed_tau/node_metadata_real.csv,,,domain_guess=causality; relative_path=data/bmc12c_backbone_aware_inputs/baseline_all_features_fixed_tau/node_metadata_real.csv
domain_path_samples,causality,data/bmc12c_backbone_aware_inputs/matched_drop_feature_length_scale/baseline_relational_table_real.csv,,,domain_guess=causality; relative_path=data/bmc12c_backbone_aware_inputs/matched_drop_feature_length_scale/baseline_relational_table_real.csv
domain_path_samples,causality,data/bmc12c_backbone_aware_inputs/matched_drop_feature_length_scale/node_metadata_real.csv,,,domain_guess=causality; relative_path=data/bmc12c_backbone_aware_inputs/matched_drop_feature_length_scale/node_metadata_real.csv
domain_path_samples,causality,data/bmc12c_backbone_aware_inputs/matched_drop_feature_mode_frequency/baseline_relational_table_real.csv,,,domain_guess=causality; relative_path=data/bmc12c_backbone_aware_inputs/matched_drop_feature_mode_frequency/baseline_relational_table_real.csv
domain_path_samples,causality,data/bmc12c_backbone_aware_inputs/matched_drop_feature_mode_frequency/node_metadata_real.csv,,,domain_guess=causality; relative_path=data/bmc12c_backbone_aware_inputs/matched_drop_feature_mode_frequency/node_metadata_real.csv
domain_path_samples,causality,data/bmc12c_backbone_aware_inputs/matched_drop_feature_shape_factor/baseline_relational_table_real.csv,,,domain_guess=causality; relative_path=data/bmc12c_backbone_aware_inputs/matched_drop_feature_shape_factor/baseline_relational_table_real.csv
domain_path_samples,causality,data/bmc12c_backbone_aware_inputs/matched_drop_feature_shape_factor/node_metadata_real.csv,,,domain_guess=causality; relative_path=data/bmc12c_backbone_aware_inputs/matched_drop_feature_shape_factor/node_metadata_real.csv
domain_path_samples,causality,data/bmc12c_backbone_aware_inputs/matched_drop_feature_spectral_index/baseline_relational_table_real.csv,,,domain_guess=causality; relative_path=data/bmc12c_backbone_aware_inputs/matched_drop_feature_spectral_index/baseline_relational_table_real.csv
domain_path_samples,causality,data/bmc12c_backbone_aware_inputs/matched_drop_feature_spectral_index/node_metadata_real.csv,,,domain_guess=causality; relative_path=data/bmc12c_backbone_aware_inputs/matched_drop_feature_spectral_index/node_metadata_real.csv
domain_path_samples,causality,data/bmc12c_backbone_aware_matched_loo_config.yaml,,,domain_guess=causality; relative_path=data/bmc12c_backbone_aware_matched_loo_config.yaml
domain_path_samples,causality,data/bmc12e_edgecount_neighborhood_sweep_config.yaml,,,domain_guess=causality; relative_path=data/bmc12e_edgecount_neighborhood_sweep_config.yaml
domain_path_samples,causality,data/bmc12e_edgecount_sweep_configs/N_70/baseline_all_features.yaml,,,domain_guess=causality; relative_path=data/bmc12e_edgecount_sweep_configs/N_70/baseline_all_features.yaml
domain_path_samples,causality,data/bmc12e_edgecount_sweep_configs/N_70/drop_feature_length_scale.yaml,,,domain_guess=causality; relative_path=data/bmc12e_edgecount_sweep_configs/N_70/drop_feature_length_scale.yaml
domain_path_samples,causality,data/bmc12e_edgecount_sweep_configs/N_70/drop_feature_mode_frequency.yaml,,,domain_guess=causality; relative_path=data/bmc12e_edgecount_sweep_configs/N_70/drop_feature_mode_frequency.yaml
domain_path_samples,causality,data/bmc12e_edgecount_sweep_configs/N_70/drop_feature_shape_factor.yaml,,,domain_guess=causality; relative_path=data/bmc12e_edgecount_sweep_configs/N_70/drop_feature_shape_factor.yaml
domain_path_samples,causality,data/bmc12e_edgecount_sweep_configs/N_70/drop_feature_spectral_index.yaml,,,domain_guess=causality; relative_path=data/bmc12e_edgecount_sweep_configs/N_70/drop_feature_spectral_index.yaml
domain_path_samples,causality,data/bmc12e_edgecount_sweep_configs/N_75/baseline_all_features.yaml,,,domain_guess=causality; relative_path=data/bmc12e_edgecount_sweep_configs/N_75/baseline_all_features.yaml
domain_path_samples,causality,data/bmc12e_edgecount_sweep_configs/N_75/drop_feature_length_scale.yaml,,,domain_guess=causality; relative_path=data/bmc12e_edgecount_sweep_configs/N_75/drop_feature_length_scale.yaml
domain_path_samples,causality,data/bmc12e_edgecount_sweep_configs/N_75/drop_feature_mode_frequency.yaml,,,domain_guess=causality; relative_path=data/bmc12e_edgecount_sweep_configs/N_75/drop_feature_mode_frequency.yaml
domain_path_samples,causality,data/bmc12e_edgecount_sweep_configs/N_75/drop_feature_shape_factor.yaml,,,domain_guess=causality; relative_path=data/bmc12e_edgecount_sweep_configs/N_75/drop_feature_shape_factor.yaml
domain_path_samples,causality,data/bmc12e_edgecount_sweep_configs/N_75/drop_feature_spectral_index.yaml,,,domain_guess=causality; relative_path=data/bmc12e_edgecount_sweep_configs/N_75/drop_feature_spectral_index.yaml
domain_path_samples,causality,data/bmc12e_edgecount_sweep_configs/N_81/baseline_all_features.yaml,,,domain_guess=causality; relative_path=data/bmc12e_edgecount_sweep_configs/N_81/baseline_all_features.yaml
domain_path_samples,causality,data/bmc12e_edgecount_sweep_configs/N_81/drop_feature_length_scale.yaml,,,domain_guess=causality; relative_path=data/bmc12e_edgecount_sweep_configs/N_81/drop_feature_length_scale.yaml
domain_path_samples,causality,data/bmc12e_edgecount_sweep_configs/N_81/drop_feature_mode_frequency.yaml,,,domain_guess=causality; relative_path=data/bmc12e_edgecount_sweep_configs/N_81/drop_feature_mode_frequency.yaml
domain_path_samples,causality,data/bmc12e_edgecount_sweep_configs/N_81/drop_feature_shape_factor.yaml,,,domain_guess=causality; relative_path=data/bmc12e_edgecount_sweep_configs/N_81/drop_feature_shape_factor.yaml
domain_path_samples,causality,data/bmc12e_edgecount_sweep_configs/N_81/drop_feature_spectral_index.yaml,,,domain_guess=causality; relative_path=data/bmc12e_edgecount_sweep_configs/N_81/drop_feature_spectral_index.yaml
domain_path_samples,causality,data/bmc12e_edgecount_sweep_configs/N_87/baseline_all_features.yaml,,,domain_guess=causality; relative_path=data/bmc12e_edgecount_sweep_configs/N_87/baseline_all_features.yaml
domain_path_samples,causality,data/bmc12e_edgecount_sweep_configs/N_87/drop_feature_length_scale.yaml,,,domain_guess=causality; relative_path=data/bmc12e_edgecount_sweep_configs/N_87/drop_feature_length_scale.yaml
domain_path_samples,causality,data/bmc12e_edgecount_sweep_configs/N_87/drop_feature_mode_frequency.yaml,,,domain_guess=causality; relative_path=data/bmc12e_edgecount_sweep_configs/N_87/drop_feature_mode_frequency.yaml
domain_path_samples,causality,data/bmc12e_edgecount_sweep_configs/N_87/drop_feature_shape_factor.yaml,,,domain_guess=causality; relative_path=data/bmc12e_edgecount_sweep_configs/N_87/drop_feature_shape_factor.yaml
domain_path_samples,causality,data/bmc12e_edgecount_sweep_configs/N_87/drop_feature_spectral_index.yaml,,,domain_guess=causality; relative_path=data/bmc12e_edgecount_sweep_configs/N_87/drop_feature_spectral_index.yaml
domain_path_samples,causality,data/bmc12e_edgecount_sweep_configs/N_92/baseline_all_features.yaml,,,domain_guess=causality; relative_path=data/bmc12e_edgecount_sweep_configs/N_92/baseline_all_features.yaml
domain_path_samples,causality,data/bmc12e_edgecount_sweep_configs/N_92/drop_feature_length_scale.yaml,,,domain_guess=causality; relative_path=data/bmc12e_edgecount_sweep_configs/N_92/drop_feature_length_scale.yaml
domain_path_samples,causality,data/bmc12e_edgecount_sweep_configs/N_92/drop_feature_mode_frequency.yaml,,,domain_guess=causality; relative_path=data/bmc12e_edgecount_sweep_configs/N_92/drop_feature_mode_frequency.yaml
domain_path_samples,causality,data/bmc12e_edgecount_sweep_configs/N_92/drop_feature_shape_factor.yaml,,,domain_guess=causality; relative_path=data/bmc12e_edgecount_sweep_configs/N_92/drop_feature_shape_factor.yaml
domain_path_samples,causality,data/bmc12e_edgecount_sweep_configs/N_92/drop_feature_spectral_index.yaml,,,domain_guess=causality; relative_path=data/bmc12e_edgecount_sweep_configs/N_92/drop_feature_spectral_index.yaml
domain_path_samples,causality,data/bmc12e_edgecount_sweep_configs/runs/BMC-12e/edgecount_neighborhood_sweep_open/runner_outputs/N_70/baseline_all_features/backbone_variant_summary.csv,,,domain_guess=causality; relative_path=data/bmc12e_edgecount_sweep_configs/runs/BMC-12e/edgecount_neighborhood_sweep_open/runner_outputs/N_70/baseline_all_features/backbone_variant_summary.csv
domain_path_samples,causality,data/bmc12e_edgecount_sweep_configs/runs/BMC-12e/edgecount_neighborhood_sweep_open/runner_outputs/N_70/baseline_all_features/readout.md,,,domain_guess=causality; relative_path=data/bmc12e_edgecount_sweep_configs/runs/BMC-12e/edgecount_neighborhood_sweep_open/runner_outputs/N_70/baseline_all_features/readout.md
domain_path_samples,causality,data/bmc12e_edgecount_sweep_configs/runs/BMC-12e/edgecount_neighborhood_sweep_open/runner_outputs/N_70/baseline_all_features/repeat_metrics.csv,,,domain_guess=causality; relative_path=data/bmc12e_edgecount_sweep_configs/runs/BMC-12e/edgecount_neighborhood_sweep_open/runner_outputs/N_70/baseline_all_features/repeat_metrics.csv
domain_path_samples,causality,data/bmc12e_edgecount_sweep_configs/runs/BMC-12e/edgecount_neighborhood_sweep_open/runner_outputs/N_70/baseline_all_features/run_metadata.json,,,domain_guess=causality; relative_path=data/bmc12e_edgecount_sweep_configs/runs/BMC-12e/edgecount_neighborhood_sweep_open/runner_outputs/N_70/baseline_all_features/run_metadata.json
domain_path_samples,causality,data/bmc12e_edgecount_sweep_configs/runs/BMC-12e/edgecount_neighborhood_sweep_open/runner_outputs/N_70/baseline_all_features/strength_topalpha_025/arm_metrics.csv,,,domain_guess=causality; relative_path=data/bmc12e_edgecount_sweep_configs/runs/BMC-12e/edgecount_neighborhood_sweep_open/runner_outputs/N_70/baseline_all_features/strength_topalpha_025/arm_metrics.csv
domain_path_samples,causality,data/bmc12e_edgecount_sweep_configs/runs/BMC-12e/edgecount_neighborhood_sweep_open/runner_outputs/N_70/baseline_all_features/strength_topalpha_025/summary.json,,,domain_guess=causality; relative_path=data/bmc12e_edgecount_sweep_configs/runs/BMC-12e/edgecount_neighborhood_sweep_open/runner_outputs/N_70/baseline_all_features/strength_topalpha_025/summary.json
domain_path_samples,causality,data/bmc12e_edgecount_sweep_configs/runs/BMC-12e/edgecount_neighborhood_sweep_open/runner_outputs/N_70/baseline_all_features/strength_topalpha_050/arm_metrics.csv,,,domain_guess=causality; relative_path=data/bmc12e_edgecount_sweep_configs/runs/BMC-12e/edgecount_neighborhood_sweep_open/runner_outputs/N_70/baseline_all_features/strength_topalpha_050/arm_metrics.csv
domain_path_samples,causality,data/bmc12e_edgecount_sweep_configs/runs/BMC-12e/edgecount_neighborhood_sweep_open/runner_outputs/N_70/baseline_all_features/strength_topalpha_050/summary.json,,,domain_guess=causality; relative_path=data/bmc12e_edgecount_sweep_configs/runs/BMC-12e/edgecount_neighborhood_sweep_open/runner_outputs/N_70/baseline_all_features/strength_topalpha_050/summary.json
domain_path_samples,causality,data/bmc12e_edgecount_sweep_configs/runs/BMC-12e/edgecount_neighborhood_sweep_open/runner_outputs/N_70/baseline_all_features/strength_topk_6/arm_metrics.csv,,,domain_guess=causality; relative_path=data/bmc12e_edgecount_sweep_configs/runs/BMC-12e/edgecount_neighborhood_sweep_open/runner_outputs/N_70/baseline_all_features/strength_topk_6/arm_metrics.csv
domain_path_samples,causality,data/bmc12e_edgecount_sweep_configs/runs/BMC-12e/edgecount_neighborhood_sweep_open/runner_outputs/N_70/baseline_all_features/strength_topk_6/summary.json,,,domain_guess=causality; relative_path=data/bmc12e_edgecount_sweep_configs/runs/BMC-12e/edgecount_neighborhood_sweep_open/runner_outputs/N_70/baseline_all_features/strength_topk_6/summary.json
domain_path_samples,causality,data/bmc12e_edgecount_sweep_configs/runs/BMC-12e/edgecount_neighborhood_sweep_open/runner_outputs/N_70/baseline_all_features/summary.json,,,domain_guess=causality; relative_path=data/bmc12e_edgecount_sweep_configs/runs/BMC-12e/edgecount_neighborhood_sweep_open/runner_outputs/N_70/baseline_all_features/summary.json
domain_path_samples,causality,data/bmc12e_edgecount_sweep_configs/runs/BMC-12e/edgecount_neighborhood_sweep_open/runner_outputs/N_70/baseline_all_features/validation.json,,,domain_guess=causality; relative_path=data/bmc12e_edgecount_sweep_configs/runs/BMC-12e/edgecount_neighborhood_sweep_open/runner_outputs/N_70/baseline_all_features/validation.json
domain_path_samples,causality,data/bmc12e_edgecount_sweep_configs/runs/BMC-12e/edgecount_neighborhood_sweep_open/runner_outputs/N_70/drop_feature_length_scale/backbone_variant_summary.csv,,,domain_guess=causality; relative_path=data/bmc12e_edgecount_sweep_configs/runs/BMC-12e/edgecount_neighborhood_sweep_open/runner_outputs/N_70/drop_feature_length_scale/backbone_variant_summary.csv
domain_path_samples,causality,data/bmc12e_edgecount_sweep_configs/runs/BMC-12e/edgecount_neighborhood_sweep_open/runner_outputs/N_70/drop_feature_length_scale/readout.md,,,domain_guess=causality; relative_path=data/bmc12e_edgecount_sweep_configs/runs/BMC-12e/edgecount_neighborhood_sweep_open/runner_outputs/N_70/drop_feature_length_scale/readout.md
domain_path_samples,causality,data/bmc12e_edgecount_sweep_configs/runs/BMC-12e/edgecount_neighborhood_sweep_open/runner_outputs/N_70/drop_feature_length_scale/repeat_metrics.csv,,,domain_guess=causality; relative_path=data/bmc12e_edgecount_sweep_configs/runs/BMC-12e/edgecount_neighborhood_sweep_open/runner_outputs/N_70/drop_feature_length_scale/repeat_metrics.csv
domain_path_samples,causality,data/bmc12e_edgecount_sweep_configs/runs/BMC-12e/edgecount_neighborhood_sweep_open/runner_outputs/N_70/drop_feature_length_scale/run_metadata.json,,,domain_guess=causality; relative_path=data/bmc12e_edgecount_sweep_configs/runs/BMC-12e/edgecount_neighborhood_sweep_open/runner_outputs/N_70/drop_feature_length_scale/run_metadata.json
domain_path_samples,causality,data/bmc12e_edgecount_sweep_configs/runs/BMC-12e/edgecount_neighborhood_sweep_open/runner_outputs/N_70/drop_feature_length_scale/strength_topalpha_025/arm_metrics.csv,,,domain_guess=causality; relative_path=data/bmc12e_edgecount_sweep_configs/runs/BMC-12e/edgecount_neighborhood_sweep_open/runner_outputs/N_70/drop_feature_length_scale/strength_topalpha_025/arm_metrics.csv
domain_path_samples,causality,data/bmc12e_edgecount_sweep_configs/runs/BMC-12e/edgecount_neighborhood_sweep_open/runner_outputs/N_70/drop_feature_length_scale/strength_topalpha_025/summary.json,,,domain_guess=causality; relative_path=data/bmc12e_edgecount_sweep_configs/runs/BMC-12e/edgecount_neighborhood_sweep_open/runner_outputs/N_70/drop_feature_length_scale/strength_topalpha_025/summary.json
domain_path_samples,causality,data/bmc12e_edgecount_sweep_configs/runs/BMC-12e/edgecount_neighborhood_sweep_open/runner_outputs/N_70/drop_feature_length_scale/strength_topalpha_050/arm_metrics.csv,,,domain_guess=causality; relative_path=data/bmc12e_edgecount_sweep_configs/runs/BMC-12e/edgecount_neighborhood_sweep_open/runner_outputs/N_70/drop_feature_length_scale/strength_topalpha_050/arm_metrics.csv
domain_path_samples,causality,data/bmc12e_edgecount_sweep_configs/runs/BMC-12e/edgecount_neighborhood_sweep_open/runner_outputs/N_70/drop_feature_length_scale/strength_topalpha_050/summary.json,,,domain_guess=causality; relative_path=data/bmc12e_edgecount_sweep_configs/runs/BMC-12e/edgecount_neighborhood_sweep_open/runner_outputs/N_70/drop_feature_length_scale/strength_topalpha_050/summary.json
domain_path_samples,causality,data/bmc12e_edgecount_sweep_configs/runs/BMC-12e/edgecount_neighborhood_sweep_open/runner_outputs/N_70/drop_feature_length_scale/strength_topk_6/arm_metrics.csv,,,domain_guess=causality; relative_path=data/bmc12e_edgecount_sweep_configs/runs/BMC-12e/edgecount_neighborhood_sweep_open/runner_outputs/N_70/drop_feature_length_scale/strength_topk_6/arm_metrics.csv
domain_path_samples,causality,data/bmc12e_edgecount_sweep_configs/runs/BMC-12e/edgecount_neighborhood_sweep_open/runner_outputs/N_70/drop_feature_length_scale/strength_topk_6/summary.json,,,domain_guess=causality; relative_path=data/bmc12e_edgecount_sweep_configs/runs/BMC-12e/edgecount_neighborhood_sweep_open/runner_outputs/N_70/drop_feature_length_scale/strength_topk_6/summary.json
domain_path_samples,causality,data/bmc12e_edgecount_sweep_configs/runs/BMC-12e/edgecount_neighborhood_sweep_open/runner_outputs/N_70/drop_feature_length_scale/summary.json,,,domain_guess=causality; relative_path=data/bmc12e_edgecount_sweep_configs/runs/BMC-12e/edgecount_neighborhood_sweep_open/runner_outputs/N_70/drop_feature_length_scale/summary.json
domain_path_samples,causality,data/bmc12e_edgecount_sweep_configs/runs/BMC-12e/edgecount_neighborhood_sweep_open/runner_outputs/N_70/drop_feature_length_scale/validation.json,,,domain_guess=causality; relative_path=data/bmc12e_edgecount_sweep_configs/runs/BMC-12e/edgecount_neighborhood_sweep_open/runner_outputs/N_70/drop_feature_length_scale/validation.json
domain_path_samples,causality,data/bmc12e_edgecount_sweep_configs/runs/BMC-12e/edgecount_neighborhood_sweep_open/runner_outputs/N_70/drop_feature_mode_frequency/backbone_variant_summary.csv,,,domain_guess=causality; relative_path=data/bmc12e_edgecount_sweep_configs/runs/BMC-12e/edgecount_neighborhood_sweep_open/runner_outputs/N_70/drop_feature_mode_frequency/backbone_variant_summary.csv
domain_path_samples,causality,data/bmc12e_edgecount_sweep_configs/runs/BMC-12e/edgecount_neighborhood_sweep_open/runner_outputs/N_70/drop_feature_mode_frequency/readout.md,,,domain_guess=causality; relative_path=data/bmc12e_edgecount_sweep_configs/runs/BMC-12e/edgecount_neighborhood_sweep_open/runner_outputs/N_70/drop_feature_mode_frequency/readout.md
domain_path_samples,causality,data/bmc12e_edgecount_sweep_configs/runs/BMC-12e/edgecount_neighborhood_sweep_open/runner_outputs/N_70/drop_feature_mode_frequency/repeat_metrics.csv,,,domain_guess=causality; relative_path=data/bmc12e_edgecount_sweep_configs/runs/BMC-12e/edgecount_neighborhood_sweep_open/runner_outputs/N_70/drop_feature_mode_frequency/repeat_metrics.csv
domain_path_samples,causality,data/bmc12e_edgecount_sweep_configs/runs/BMC-12e/edgecount_neighborhood_sweep_open/runner_outputs/N_70/drop_feature_mode_frequency/run_metadata.json,,,domain_guess=causality; relative_path=data/bmc12e_edgecount_sweep_configs/runs/BMC-12e/edgecount_neighborhood_sweep_open/runner_outputs/N_70/drop_feature_mode_frequency/run_metadata.json
domain_path_samples,causality,data/bmc12e_edgecount_sweep_configs/runs/BMC-12e/edgecount_neighborhood_sweep_open/runner_outputs/N_70/drop_feature_mode_frequency/strength_topalpha_025/arm_metrics.csv,,,domain_guess=causality; relative_path=data/bmc12e_edgecount_sweep_configs/runs/BMC-12e/edgecount_neighborhood_sweep_open/runner_outputs/N_70/drop_feature_mode_frequency/strength_topalpha_025/arm_metrics.csv
domain_path_samples,causality,data/bmc12e_edgecount_sweep_configs/runs/BMC-12e/edgecount_neighborhood_sweep_open/runner_outputs/N_70/drop_feature_mode_frequency/strength_topalpha_025/summary.json,,,domain_guess=causality; relative_path=data/bmc12e_edgecount_sweep_configs/runs/BMC-12e/edgecount_neighborhood_sweep_open/runner_outputs/N_70/drop_feature_mode_frequency/strength_topalpha_025/summary.json
domain_path_samples,causality,data/bmc12e_edgecount_sweep_configs/runs/BMC-12e/edgecount_neighborhood_sweep_open/runner_outputs/N_70/drop_feature_mode_frequency/strength_topalpha_050/arm_metrics.csv,,,domain_guess=causality; relative_path=data/bmc12e_edgecount_sweep_configs/runs/BMC-12e/edgecount_neighborhood_sweep_open/runner_outputs/N_70/drop_feature_mode_frequency/strength_topalpha_050/arm_metrics.csv
domain_path_samples,causality,data/bmc12e_edgecount_sweep_configs/runs/BMC-12e/edgecount_neighborhood_sweep_open/runner_outputs/N_70/drop_feature_mode_frequency/strength_topalpha_050/summary.json,,,domain_guess=causality; relative_path=data/bmc12e_edgecount_sweep_configs/runs/BMC-12e/edgecount_neighborhood_sweep_open/runner_outputs/N_70/drop_feature_mode_frequency/strength_topalpha_050/summary.json
domain_path_samples,causality,data/bmc12e_edgecount_sweep_configs/runs/BMC-12e/edgecount_neighborhood_sweep_open/runner_outputs/N_70/drop_feature_mode_frequency/strength_topk_6/arm_metrics.csv,,,domain_guess=causality; relative_path=data/bmc12e_edgecount_sweep_configs/runs/BMC-12e/edgecount_neighborhood_sweep_open/runner_outputs/N_70/drop_feature_mode_frequency/strength_topk_6/arm_metrics.csv
domain_path_samples,causality,data/bmc12e_edgecount_sweep_configs/runs/BMC-12e/edgecount_neighborhood_sweep_open/runner_outputs/N_70/drop_feature_mode_frequency/strength_topk_6/summary.json,,,domain_guess=causality; relative_path=data/bmc12e_edgecount_sweep_configs/runs/BMC-12e/edgecount_neighborhood_sweep_open/runner_outputs/N_70/drop_feature_mode_frequency/strength_topk_6/summary.json
domain_path_samples,causality,data/bmc12e_edgecount_sweep_configs/runs/BMC-12e/edgecount_neighborhood_sweep_open/runner_outputs/N_70/drop_feature_mode_frequency/summary.json,,,domain_guess=causality; relative_path=data/bmc12e_edgecount_sweep_configs/runs/BMC-12e/edgecount_neighborhood_sweep_open/runner_outputs/N_70/drop_feature_mode_frequency/summary.json
domain_path_samples,causality,data/bmc12e_edgecount_sweep_configs/runs/BMC-12e/edgecount_neighborhood_sweep_open/runner_outputs/N_70/drop_feature_mode_frequency/validation.json,,,domain_guess=causality; relative_path=data/bmc12e_edgecount_sweep_configs/runs/BMC-12e/edgecount_neighborhood_sweep_open/runner_outputs/N_70/drop_feature_mode_frequency/validation.json
domain_path_samples,causality,data/bmc12e_edgecount_sweep_configs/runs/BMC-12e/edgecount_neighborhood_sweep_open/runner_outputs/N_70/drop_feature_shape_factor/backbone_variant_summary.csv,,,domain_guess=causality; relative_path=data/bmc12e_edgecount_sweep_configs/runs/BMC-12e/edgecount_neighborhood_sweep_open/runner_outputs/N_70/drop_feature_shape_factor/backbone_variant_summary.csv
domain_path_samples,causality,data/bmc12e_edgecount_sweep_configs/runs/BMC-12e/edgecount_neighborhood_sweep_open/runner_outputs/N_70/drop_feature_shape_factor/readout.md,,,domain_guess=causality; relative_path=data/bmc12e_edgecount_sweep_configs/runs/BMC-12e/edgecount_neighborhood_sweep_open/runner_outputs/N_70/drop_feature_shape_factor/readout.md
domain_path_samples,causality,data/bmc12e_edgecount_sweep_configs/runs/BMC-12e/edgecount_neighborhood_sweep_open/runner_outputs/N_70/drop_feature_shape_factor/repeat_metrics.csv,,,domain_guess=causality; relative_path=data/bmc12e_edgecount_sweep_configs/runs/BMC-12e/edgecount_neighborhood_sweep_open/runner_outputs/N_70/drop_feature_shape_factor/repeat_metrics.csv
domain_path_samples,causality,data/bmc12e_edgecount_sweep_configs/runs/BMC-12e/edgecount_neighborhood_sweep_open/runner_outputs/N_70/drop_feature_shape_factor/run_metadata.json,,,domain_guess=causality; relative_path=data/bmc12e_edgecount_sweep_configs/runs/BMC-12e/edgecount_neighborhood_sweep_open/runner_outputs/N_70/drop_feature_shape_factor/run_metadata.json
domain_path_samples,causality,data/bmc12e_edgecount_sweep_configs/runs/BMC-12e/edgecount_neighborhood_sweep_open/runner_outputs/N_70/drop_feature_shape_factor/strength_topalpha_025/arm_metrics.csv,,,domain_guess=causality; relative_path=data/bmc12e_edgecount_sweep_configs/runs/BMC-12e/edgecount_neighborhood_sweep_open/runner_outputs/N_70/drop_feature_shape_factor/strength_topalpha_025/arm_metrics.csv
domain_path_samples,causality,data/bmc12e_edgecount_sweep_configs/runs/BMC-12e/edgecount_neighborhood_sweep_open/runner_outputs/N_70/drop_feature_shape_factor/strength_topalpha_025/summary.json,,,domain_guess=causality; relative_path=data/bmc12e_edgecount_sweep_configs/runs/BMC-12e/edgecount_neighborhood_sweep_open/runner_outputs/N_70/drop_feature_shape_factor/strength_topalpha_025/summary.json
domain_path_samples,causality,data/bmc12e_edgecount_sweep_configs/runs/BMC-12e/edgecount_neighborhood_sweep_open/runner_outputs/N_70/drop_feature_shape_factor/strength_topalpha_050/arm_metrics.csv,,,domain_guess=causality; relative_path=data/bmc12e_edgecount_sweep_configs/runs/BMC-12e/edgecount_neighborhood_sweep_open/runner_outputs/N_70/drop_feature_shape_factor/strength_topalpha_050/arm_metrics.csv
domain_path_samples,causality,data/bmc12e_edgecount_sweep_configs/runs/BMC-12e/edgecount_neighborhood_sweep_open/runner_outputs/N_70/drop_feature_shape_factor/strength_topalpha_050/summary.json,,,domain_guess=causality; relative_path=data/bmc12e_edgecount_sweep_configs/runs/BMC-12e/edgecount_neighborhood_sweep_open/runner_outputs/N_70/drop_feature_shape_factor/strength_topalpha_050/summary.json
domain_path_samples,causality,data/bmc12e_edgecount_sweep_configs/runs/BMC-12e/edgecount_neighborhood_sweep_open/runner_outputs/N_70/drop_feature_shape_factor/strength_topk_6/arm_metrics.csv,,,domain_guess=causality; relative_path=data/bmc12e_edgecount_sweep_configs/runs/BMC-12e/edgecount_neighborhood_sweep_open/runner_outputs/N_70/drop_feature_shape_factor/strength_topk_6/arm_metrics.csv
domain_path_samples,causality,data/bmc12e_edgecount_sweep_configs/runs/BMC-12e/edgecount_neighborhood_sweep_open/runner_outputs/N_70/drop_feature_shape_factor/strength_topk_6/summary.json,,,domain_guess=causality; relative_path=data/bmc12e_edgecount_sweep_configs/runs/BMC-12e/edgecount_neighborhood_sweep_open/runner_outputs/N_70/drop_feature_shape_factor/strength_topk_6/summary.json
domain_path_samples,causality,data/bmc12e_edgecount_sweep_configs/runs/BMC-12e/edgecount_neighborhood_sweep_open/runner_outputs/N_70/drop_feature_shape_factor/summary.json,,,domain_guess=causality; relative_path=data/bmc12e_edgecount_sweep_configs/runs/BMC-12e/edgecount_neighborhood_sweep_open/runner_outputs/N_70/drop_feature_shape_factor/summary.json
domain_path_samples,causality,data/bmc12e_edgecount_sweep_configs/runs/BMC-12e/edgecount_neighborhood_sweep_open/runner_outputs/N_70/drop_feature_shape_factor/validation.json,,,domain_guess=causality; relative_path=data/bmc12e_edgecount_sweep_configs/runs/BMC-12e/edgecount_neighborhood_sweep_open/runner_outputs/N_70/drop_feature_shape_factor/validation.json
domain_path_samples,causality,data/bmc12e_edgecount_sweep_configs/runs/BMC-12e/edgecount_neighborhood_sweep_open/runner_outputs/N_70/drop_feature_spectral_index/backbone_variant_summary.csv,,,domain_guess=causality; relative_path=data/bmc12e_edgecount_sweep_configs/runs/BMC-12e/edgecount_neighborhood_sweep_open/runner_outputs/N_70/drop_feature_spectral_index/backbone_variant_summary.csv
domain_path_samples,causality,data/bmc12e_edgecount_sweep_configs/runs/BMC-12e/edgecount_neighborhood_sweep_open/runner_outputs/N_70/drop_feature_spectral_index/readout.md,,,domain_guess=causality; relative_path=data/bmc12e_edgecount_sweep_configs/runs/BMC-12e/edgecount_neighborhood_sweep_open/runner_outputs/N_70/drop_feature_spectral_index/readout.md
domain_path_samples,causality,data/bmc12e_edgecount_sweep_configs/runs/BMC-12e/edgecount_neighborhood_sweep_open/runner_outputs/N_70/drop_feature_spectral_index/repeat_metrics.csv,,,domain_guess=causality; relative_path=data/bmc12e_edgecount_sweep_configs/runs/BMC-12e/edgecount_neighborhood_sweep_open/runner_outputs/N_70/drop_feature_spectral_index/repeat_metrics.csv
domain_path_samples,causality,data/bmc12e_edgecount_sweep_configs/runs/BMC-12e/edgecount_neighborhood_sweep_open/runner_outputs/N_70/drop_feature_spectral_index/run_metadata.json,,,domain_guess=causality; relative_path=data/bmc12e_edgecount_sweep_configs/runs/BMC-12e/edgecount_neighborhood_sweep_open/runner_outputs/N_70/drop_feature_spectral_index/run_metadata.json
domain_path_samples,causality,data/bmc12e_edgecount_sweep_configs/runs/BMC-12e/edgecount_neighborhood_sweep_open/runner_outputs/N_70/drop_feature_spectral_index/strength_topalpha_025/arm_metrics.csv,,,domain_guess=causality; relative_path=data/bmc12e_edgecount_sweep_configs/runs/BMC-12e/edgecount_neighborhood_sweep_open/runner_outputs/N_70/drop_feature_spectral_index/strength_topalpha_025/arm_metrics.csv
domain_path_samples,causality,data/bmc12e_edgecount_sweep_configs/runs/BMC-12e/edgecount_neighborhood_sweep_open/runner_outputs/N_70/drop_feature_spectral_index/strength_topalpha_025/summary.json,,,domain_guess=causality; relative_path=data/bmc12e_edgecount_sweep_configs/runs/BMC-12e/edgecount_neighborhood_sweep_open/runner_outputs/N_70/drop_feature_spectral_index/strength_topalpha_025/summary.json
domain_path_samples,causality,data/bmc12e_edgecount_sweep_configs/runs/BMC-12e/edgecount_neighborhood_sweep_open/runner_outputs/N_70/drop_feature_spectral_index/strength_topalpha_050/arm_metrics.csv,,,domain_guess=causality; relative_path=data/bmc12e_edgecount_sweep_configs/runs/BMC-12e/edgecount_neighborhood_sweep_open/runner_outputs/N_70/drop_feature_spectral_index/strength_topalpha_050/arm_metrics.csv
domain_path_samples,causality,data/bmc12e_edgecount_sweep_configs/runs/BMC-12e/edgecount_neighborhood_sweep_open/runner_outputs/N_70/drop_feature_spectral_index/strength_topalpha_050/summary.json,,,domain_guess=causality; relative_path=data/bmc12e_edgecount_sweep_configs/runs/BMC-12e/edgecount_neighborhood_sweep_open/runner_outputs/N_70/drop_feature_spectral_index/strength_topalpha_050/summary.json
domain_path_samples,causality,data/bmc12e_edgecount_sweep_configs/runs/BMC-12e/edgecount_neighborhood_sweep_open/runner_outputs/N_70/drop_feature_spectral_index/strength_topk_6/arm_metrics.csv,,,domain_guess=causality; relative_path=data/bmc12e_edgecount_sweep_configs/runs/BMC-12e/edgecount_neighborhood_sweep_open/runner_outputs/N_70/drop_feature_spectral_index/strength_topk_6/arm_metrics.csv
domain_path_samples,causality,data/bmc12e_edgecount_sweep_configs/runs/BMC-12e/edgecount_neighborhood_sweep_open/runner_outputs/N_70/drop_feature_spectral_index/strength_topk_6/summary.json,,,domain_guess=causality; relative_path=data/bmc12e_edgecount_sweep_configs/runs/BMC-12e/edgecount_neighborhood_sweep_open/runner_outputs/N_70/drop_feature_spectral_index/strength_topk_6/summary.json
domain_path_samples,causality,data/bmc12e_edgecount_sweep_configs/runs/BMC-12e/edgecount_neighborhood_sweep_open/runner_outputs/N_70/drop_feature_spectral_index/summary.json,,,domain_guess=causality; relative_path=data/bmc12e_edgecount_sweep_configs/runs/BMC-12e/edgecount_neighborhood_sweep_open/runner_outputs/N_70/drop_feature_spectral_index/summary.json
domain_path_samples,causality,data/bmc12e_edgecount_sweep_configs/runs/BMC-12e/edgecount_neighborhood_sweep_open/runner_outputs/N_70/drop_feature_spectral_index/validation.json,,,domain_guess=causality; relative_path=data/bmc12e_edgecount_sweep_configs/runs/BMC-12e/edgecount_neighborhood_sweep_open/runner_outputs/N_70/drop_feature_spectral_index/validation.json
domain_path_samples,causality,data/bmc12e_edgecount_sweep_configs/runs/BMC-12e/edgecount_neighborhood_sweep_open/runner_outputs/N_75/baseline_all_features/backbone_variant_summary.csv,,,domain_guess=causality; relative_path=data/bmc12e_edgecount_sweep_configs/runs/BMC-12e/edgecount_neighborhood_sweep_open/runner_outputs/N_75/baseline_all_features/backbone_variant_summary.csv
domain_path_samples,causality,data/bmc12e_edgecount_sweep_configs/runs/BMC-12e/edgecount_neighborhood_sweep_open/runner_outputs/N_75/baseline_all_features/readout.md,,,domain_guess=causality; relative_path=data/bmc12e_edgecount_sweep_configs/runs/BMC-12e/edgecount_neighborhood_sweep_open/runner_outputs/N_75/baseline_all_features/readout.md
domain_path_samples,causality,data/bmc12e_edgecount_sweep_configs/runs/BMC-12e/edgecount_neighborhood_sweep_open/runner_outputs/N_75/baseline_all_features/repeat_metrics.csv,,,domain_guess=causality; relative_path=data/bmc12e_edgecount_sweep_configs/runs/BMC-12e/edgecount_neighborhood_sweep_open/runner_outputs/N_75/baseline_all_features/repeat_metrics.csv
domain_path_samples,causality,data/bmc12e_edgecount_sweep_configs/runs/BMC-12e/edgecount_neighborhood_sweep_open/runner_outputs/N_75/baseline_all_features/run_metadata.json,,,domain_guess=causality; relative_path=data/bmc12e_edgecount_sweep_configs/runs/BMC-12e/edgecount_neighborhood_sweep_open/runner_outputs/N_75/baseline_all_features/run_metadata.json
domain_path_samples,causality,data/bmc12e_edgecount_sweep_configs/runs/BMC-12e/edgecount_neighborhood_sweep_open/runner_outputs/N_75/baseline_all_features/strength_topalpha_025/arm_metrics.csv,,,domain_guess=causality; relative_path=data/bmc12e_edgecount_sweep_configs/runs/BMC-12e/edgecount_neighborhood_sweep_open/runner_outputs/N_75/baseline_all_features/strength_topalpha_025/arm_metrics.csv
domain_path_samples,causality,data/bmc12e_edgecount_sweep_configs/runs/BMC-12e/edgecount_neighborhood_sweep_open/runner_outputs/N_75/baseline_all_features/strength_topalpha_025/summary.json,,,domain_guess=causality; relative_path=data/bmc12e_edgecount_sweep_configs/runs/BMC-12e/edgecount_neighborhood_sweep_open/runner_outputs/N_75/baseline_all_features/strength_topalpha_025/summary.json
domain_path_samples,causality,data/bmc12e_edgecount_sweep_configs/runs/BMC-12e/edgecount_neighborhood_sweep_open/runner_outputs/N_75/baseline_all_features/strength_topalpha_050/arm_metrics.csv,,,domain_guess=causality; relative_path=data/bmc12e_edgecount_sweep_configs/runs/BMC-12e/edgecount_neighborhood_sweep_open/runner_outputs/N_75/baseline_all_features/strength_topalpha_050/arm_metrics.csv
domain_path_samples,causality,data/bmc12e_edgecount_sweep_configs/runs/BMC-12e/edgecount_neighborhood_sweep_open/runner_outputs/N_75/baseline_all_features/strength_topalpha_050/summary.json,,,domain_guess=causality; relative_path=data/bmc12e_edgecount_sweep_configs/runs/BMC-12e/edgecount_neighborhood_sweep_open/runner_outputs/N_75/baseline_all_features/strength_topalpha_050/summary.json
domain_path_samples,causality,data/bmc12e_edgecount_sweep_configs/runs/BMC-12e/edgecount_neighborhood_sweep_open/runner_outputs/N_75/baseline_all_features/strength_topk_6/arm_metrics.csv,,,domain_guess=causality; relative_path=data/bmc12e_edgecount_sweep_configs/runs/BMC-12e/edgecount_neighborhood_sweep_open/runner_outputs/N_75/baseline_all_features/strength_topk_6/arm_metrics.csv
domain_path_samples,causality,data/bmc12e_edgecount_sweep_configs/runs/BMC-12e/edgecount_neighborhood_sweep_open/runner_outputs/N_75/baseline_all_features/strength_topk_6/summary.json,,,domain_guess=causality; relative_path=data/bmc12e_edgecount_sweep_configs/runs/BMC-12e/edgecount_neighborhood_sweep_open/runner_outputs/N_75/baseline_all_features/strength_topk_6/summary.json
domain_path_samples,causality,data/bmc12e_edgecount_sweep_configs/runs/BMC-12e/edgecount_neighborhood_sweep_open/runner_outputs/N_75/baseline_all_features/summary.json,,,domain_guess=causality; relative_path=data/bmc12e_edgecount_sweep_configs/runs/BMC-12e/edgecount_neighborhood_sweep_open/runner_outputs/N_75/baseline_all_features/summary.json
domain_path_samples,causality,data/bmc12e_edgecount_sweep_configs/runs/BMC-12e/edgecount_neighborhood_sweep_open/runner_outputs/N_75/baseline_all_features/validation.json,,,domain_guess=causality; relative_path=data/bmc12e_edgecount_sweep_configs/runs/BMC-12e/edgecount_neighborhood_sweep_open/runner_outputs/N_75/baseline_all_features/validation.json
domain_path_samples,causality,data/bmc12e_edgecount_sweep_configs/runs/BMC-12e/edgecount_neighborhood_sweep_open/runner_outputs/N_75/drop_feature_length_scale/backbone_variant_summary.csv,,,domain_guess=causality; relative_path=data/bmc12e_edgecount_sweep_configs/runs/BMC-12e/edgecount_neighborhood_sweep_open/runner_outputs/N_75/drop_feature_length_scale/backbone_variant_summary.csv
domain_path_samples,causality,data/bmc12e_edgecount_sweep_configs/runs/BMC-12e/edgecount_neighborhood_sweep_open/runner_outputs/N_75/drop_feature_length_scale/readout.md,,,domain_guess=causality; relative_path=data/bmc12e_edgecount_sweep_configs/runs/BMC-12e/edgecount_neighborhood_sweep_open/runner_outputs/N_75/drop_feature_length_scale/readout.md
domain_path_samples,causality,data/bmc12e_edgecount_sweep_configs/runs/BMC-12e/edgecount_neighborhood_sweep_open/runner_outputs/N_75/drop_feature_length_scale/repeat_metrics.csv,,,domain_guess=causality; relative_path=data/bmc12e_edgecount_sweep_configs/runs/BMC-12e/edgecount_neighborhood_sweep_open/runner_outputs/N_75/drop_feature_length_scale/repeat_metrics.csv
domain_path_samples,causality,data/bmc12e_edgecount_sweep_configs/runs/BMC-12e/edgecount_neighborhood_sweep_open/runner_outputs/N_75/drop_feature_length_scale/run_metadata.json,,,domain_guess=causality; relative_path=data/bmc12e_edgecount_sweep_configs/runs/BMC-12e/edgecount_neighborhood_sweep_open/runner_outputs/N_75/drop_feature_length_scale/run_metadata.json
domain_path_samples,causality,data/bmc12e_edgecount_sweep_configs/runs/BMC-12e/edgecount_neighborhood_sweep_open/runner_outputs/N_75/drop_feature_length_scale/strength_topalpha_025/arm_metrics.csv,,,domain_guess=causality; relative_path=data/bmc12e_edgecount_sweep_configs/runs/BMC-12e/edgecount_neighborhood_sweep_open/runner_outputs/N_75/drop_feature_length_scale/strength_topalpha_025/arm_metrics.csv
domain_path_samples,causality,data/bmc12e_edgecount_sweep_configs/runs/BMC-12e/edgecount_neighborhood_sweep_open/runner_outputs/N_75/drop_feature_length_scale/strength_topalpha_025/summary.json,,,domain_guess=causality; relative_path=data/bmc12e_edgecount_sweep_configs/runs/BMC-12e/edgecount_neighborhood_sweep_open/runner_outputs/N_75/drop_feature_length_scale/strength_topalpha_025/summary.json
domain_path_samples,causality,data/bmc12e_edgecount_sweep_configs/runs/BMC-12e/edgecount_neighborhood_sweep_open/runner_outputs/N_75/drop_feature_length_scale/strength_topalpha_050/arm_metrics.csv,,,domain_guess=causality; relative_path=data/bmc12e_edgecount_sweep_configs/runs/BMC-12e/edgecount_neighborhood_sweep_open/runner_outputs/N_75/drop_feature_length_scale/strength_topalpha_050/arm_metrics.csv
domain_path_samples,causality,data/bmc12e_edgecount_sweep_configs/runs/BMC-12e/edgecount_neighborhood_sweep_open/runner_outputs/N_75/drop_feature_length_scale/strength_topalpha_050/summary.json,,,domain_guess=causality; relative_path=data/bmc12e_edgecount_sweep_configs/runs/BMC-12e/edgecount_neighborhood_sweep_open/runner_outputs/N_75/drop_feature_length_scale/strength_topalpha_050/summary.json
domain_path_samples,causality,data/bmc12e_edgecount_sweep_configs/runs/BMC-12e/edgecount_neighborhood_sweep_open/runner_outputs/N_75/drop_feature_length_scale/strength_topk_6/arm_metrics.csv,,,domain_guess=causality; relative_path=data/bmc12e_edgecount_sweep_configs/runs/BMC-12e/edgecount_neighborhood_sweep_open/runner_outputs/N_75/drop_feature_length_scale/strength_topk_6/arm_metrics.csv
domain_path_samples,causality,data/bmc12e_edgecount_sweep_configs/runs/BMC-12e/edgecount_neighborhood_sweep_open/runner_outputs/N_75/drop_feature_length_scale/strength_topk_6/summary.json,,,domain_guess=causality; relative_path=data/bmc12e_edgecount_sweep_configs/runs/BMC-12e/edgecount_neighborhood_sweep_open/runner_outputs/N_75/drop_feature_length_scale/strength_topk_6/summary.json
domain_path_samples,causality,data/bmc12e_edgecount_sweep_configs/runs/BMC-12e/edgecount_neighborhood_sweep_open/runner_outputs/N_75/drop_feature_length_scale/summary.json,,,domain_guess=causality; relative_path=data/bmc12e_edgecount_sweep_configs/runs/BMC-12e/edgecount_neighborhood_sweep_open/runner_outputs/N_75/drop_feature_length_scale/summary.json
domain_path_samples,causality,data/bmc12e_edgecount_sweep_configs/runs/BMC-12e/edgecount_neighborhood_sweep_open/runner_outputs/N_75/drop_feature_length_scale/validation.json,,,domain_guess=causality; relative_path=data/bmc12e_edgecount_sweep_configs/runs/BMC-12e/edgecount_neighborhood_sweep_open/runner_outputs/N_75/drop_feature_length_scale/validation.json
domain_path_samples,causality,data/bmc12e_edgecount_sweep_configs/runs/BMC-12e/edgecount_neighborhood_sweep_open/runner_outputs/N_75/drop_feature_mode_frequency/backbone_variant_summary.csv,,,domain_guess=causality; relative_path=data/bmc12e_edgecount_sweep_configs/runs/BMC-12e/edgecount_neighborhood_sweep_open/runner_outputs/N_75/drop_feature_mode_frequency/backbone_variant_summary.csv
domain_path_samples,causality,data/bmc12e_edgecount_sweep_configs/runs/BMC-12e/edgecount_neighborhood_sweep_open/runner_outputs/N_75/drop_feature_mode_frequency/readout.md,,,domain_guess=causality; relative_path=data/bmc12e_edgecount_sweep_configs/runs/BMC-12e/edgecount_neighborhood_sweep_open/runner_outputs/N_75/drop_feature_mode_frequency/readout.md
domain_path_samples,causality,data/bmc12e_edgecount_sweep_configs/runs/BMC-12e/edgecount_neighborhood_sweep_open/runner_outputs/N_75/drop_feature_mode_frequency/repeat_metrics.csv,,,domain_guess=causality; relative_path=data/bmc12e_edgecount_sweep_configs/runs/BMC-12e/edgecount_neighborhood_sweep_open/runner_outputs/N_75/drop_feature_mode_frequency/repeat_metrics.csv
domain_path_samples,causality,data/bmc12e_edgecount_sweep_configs/runs/BMC-12e/edgecount_neighborhood_sweep_open/runner_outputs/N_75/drop_feature_mode_frequency/run_metadata.json,,,domain_guess=causality; relative_path=data/bmc12e_edgecount_sweep_configs/runs/BMC-12e/edgecount_neighborhood_sweep_open/runner_outputs/N_75/drop_feature_mode_frequency/run_metadata.json
domain_path_samples,causality,data/bmc12e_edgecount_sweep_configs/runs/BMC-12e/edgecount_neighborhood_sweep_open/runner_outputs/N_75/drop_feature_mode_frequency/strength_topalpha_025/arm_metrics.csv,,,domain_guess=causality; relative_path=data/bmc12e_edgecount_sweep_configs/runs/BMC-12e/edgecount_neighborhood_sweep_open/runner_outputs/N_75/drop_feature_mode_frequency/strength_topalpha_025/arm_metrics.csv
domain_path_samples,causality,data/bmc12e_edgecount_sweep_configs/runs/BMC-12e/edgecount_neighborhood_sweep_open/runner_outputs/N_75/drop_feature_mode_frequency/strength_topalpha_025/summary.json,,,domain_guess=causality; relative_path=data/bmc12e_edgecount_sweep_configs/runs/BMC-12e/edgecount_neighborhood_sweep_open/runner_outputs/N_75/drop_feature_mode_frequency/strength_topalpha_025/summary.json
domain_path_samples,causality,data/bmc12e_edgecount_sweep_configs/runs/BMC-12e/edgecount_neighborhood_sweep_open/runner_outputs/N_75/drop_feature_mode_frequency/strength_topalpha_050/arm_metrics.csv,,,domain_guess=causality; relative_path=data/bmc12e_edgecount_sweep_configs/runs/BMC-12e/edgecount_neighborhood_sweep_open/runner_outputs/N_75/drop_feature_mode_frequency/strength_topalpha_050/arm_metrics.csv
domain_path_samples,causality,data/bmc12e_edgecount_sweep_configs/runs/BMC-12e/edgecount_neighborhood_sweep_open/runner_outputs/N_75/drop_feature_mode_frequency/strength_topalpha_050/summary.json,,,domain_guess=causality; relative_path=data/bmc12e_edgecount_sweep_configs/runs/BMC-12e/edgecount_neighborhood_sweep_open/runner_outputs/N_75/drop_feature_mode_frequency/strength_topalpha_050/summary.json
domain_path_samples,causality,data/bmc12e_edgecount_sweep_configs/runs/BMC-12e/edgecount_neighborhood_sweep_open/runner_outputs/N_75/drop_feature_mode_frequency/strength_topk_6/arm_metrics.csv,,,domain_guess=causality; relative_path=data/bmc12e_edgecount_sweep_configs/runs/BMC-12e/edgecount_neighborhood_sweep_open/runner_outputs/N_75/drop_feature_mode_frequency/strength_topk_6/arm_metrics.csv
domain_path_samples,causality,data/bmc12e_edgecount_sweep_configs/runs/BMC-12e/edgecount_neighborhood_sweep_open/runner_outputs/N_75/drop_feature_mode_frequency/strength_topk_6/summary.json,,,domain_guess=causality; relative_path=data/bmc12e_edgecount_sweep_configs/runs/BMC-12e/edgecount_neighborhood_sweep_open/runner_outputs/N_75/drop_feature_mode_frequency/strength_topk_6/summary.json
domain_path_samples,causality,data/bmc12e_edgecount_sweep_configs/runs/BMC-12e/edgecount_neighborhood_sweep_open/runner_outputs/N_75/drop_feature_mode_frequency/summary.json,,,domain_guess=causality; relative_path=data/bmc12e_edgecount_sweep_configs/runs/BMC-12e/edgecount_neighborhood_sweep_open/runner_outputs/N_75/drop_feature_mode_frequency/summary.json
domain_path_samples,causality,data/bmc12e_edgecount_sweep_configs/runs/BMC-12e/edgecount_neighborhood_sweep_open/runner_outputs/N_75/drop_feature_mode_frequency/validation.json,,,domain_guess=causality; relative_path=data/bmc12e_edgecount_sweep_configs/runs/BMC-12e/edgecount_neighborhood_sweep_open/runner_outputs/N_75/drop_feature_mode_frequency/validation.json
domain_path_samples,causality,data/bmc12e_edgecount_sweep_configs/runs/BMC-12e/edgecount_neighborhood_sweep_open/runner_outputs/N_75/drop_feature_shape_factor/backbone_variant_summary.csv,,,domain_guess=causality; relative_path=data/bmc12e_edgecount_sweep_configs/runs/BMC-12e/edgecount_neighborhood_sweep_open/runner_outputs/N_75/drop_feature_shape_factor/backbone_variant_summary.csv
domain_path_samples,causality,data/bmc12e_edgecount_sweep_configs/runs/BMC-12e/edgecount_neighborhood_sweep_open/runner_outputs/N_75/drop_feature_shape_factor/readout.md,,,domain_guess=causality; relative_path=data/bmc12e_edgecount_sweep_configs/runs/BMC-12e/edgecount_neighborhood_sweep_open/runner_outputs/N_75/drop_feature_shape_factor/readout.md
domain_path_samples,causality,data/bmc12e_edgecount_sweep_configs/runs/BMC-12e/edgecount_neighborhood_sweep_open/runner_outputs/N_75/drop_feature_shape_factor/repeat_metrics.csv,,,domain_guess=causality; relative_path=data/bmc12e_edgecount_sweep_configs/runs/BMC-12e/edgecount_neighborhood_sweep_open/runner_outputs/N_75/drop_feature_shape_factor/repeat_metrics.csv
domain_path_samples,causality,data/bmc12e_edgecount_sweep_configs/runs/BMC-12e/edgecount_neighborhood_sweep_open/runner_outputs/N_75/drop_feature_shape_factor/run_metadata.json,,,domain_guess=causality; relative_path=data/bmc12e_edgecount_sweep_configs/runs/BMC-12e/edgecount_neighborhood_sweep_open/runner_outputs/N_75/drop_feature_shape_factor/run_metadata.json
domain_path_samples,causality,data/bmc12e_edgecount_sweep_configs/runs/BMC-12e/edgecount_neighborhood_sweep_open/runner_outputs/N_75/drop_feature_shape_factor/strength_topalpha_025/arm_metrics.csv,,,domain_guess=causality; relative_path=data/bmc12e_edgecount_sweep_configs/runs/BMC-12e/edgecount_neighborhood_sweep_open/runner_outputs/N_75/drop_feature_shape_factor/strength_topalpha_025/arm_metrics.csv
domain_path_samples,causality,data/bmc12e_edgecount_sweep_configs/runs/BMC-12e/edgecount_neighborhood_sweep_open/runner_outputs/N_75/drop_feature_shape_factor/strength_topalpha_025/summary.json,,,domain_guess=causality; relative_path=data/bmc12e_edgecount_sweep_configs/runs/BMC-12e/edgecount_neighborhood_sweep_open/runner_outputs/N_75/drop_feature_shape_factor/strength_topalpha_025/summary.json
domain_path_samples,causality,data/bmc12e_edgecount_sweep_configs/runs/BMC-12e/edgecount_neighborhood_sweep_open/runner_outputs/N_75/drop_feature_shape_factor/strength_topalpha_050/arm_metrics.csv,,,domain_guess=causality; relative_path=data/bmc12e_edgecount_sweep_configs/runs/BMC-12e/edgecount_neighborhood_sweep_open/runner_outputs/N_75/drop_feature_shape_factor/strength_topalpha_050/arm_metrics.csv
domain_path_samples,causality,data/bmc12e_edgecount_sweep_configs/runs/BMC-12e/edgecount_neighborhood_sweep_open/runner_outputs/N_75/drop_feature_shape_factor/strength_topalpha_050/summary.json,,,domain_guess=causality; relative_path=data/bmc12e_edgecount_sweep_configs/runs/BMC-12e/edgecount_neighborhood_sweep_open/runner_outputs/N_75/drop_feature_shape_factor/strength_topalpha_050/summary.json
domain_path_samples,causality,data/bmc12e_edgecount_sweep_configs/runs/BMC-12e/edgecount_neighborhood_sweep_open/runner_outputs/N_75/drop_feature_shape_factor/strength_topk_6/arm_metrics.csv,,,domain_guess=causality; relative_path=data/bmc12e_edgecount_sweep_configs/runs/BMC-12e/edgecount_neighborhood_sweep_open/runner_outputs/N_75/drop_feature_shape_factor/strength_topk_6/arm_metrics.csv
domain_path_samples,causality,data/bmc12e_edgecount_sweep_configs/runs/BMC-12e/edgecount_neighborhood_sweep_open/runner_outputs/N_75/drop_feature_shape_factor/strength_topk_6/summary.json,,,domain_guess=causality; relative_path=data/bmc12e_edgecount_sweep_configs/runs/BMC-12e/edgecount_neighborhood_sweep_open/runner_outputs/N_75/drop_feature_shape_factor/strength_topk_6/summary.json
domain_path_samples,causality,data/bmc12e_edgecount_sweep_configs/runs/BMC-12e/edgecount_neighborhood_sweep_open/runner_outputs/N_75/drop_feature_shape_factor/summary.json,,,domain_guess=causality; relative_path=data/bmc12e_edgecount_sweep_configs/runs/BMC-12e/edgecount_neighborhood_sweep_open/runner_outputs/N_75/drop_feature_shape_factor/summary.json
domain_path_samples,causality,data/bmc12e_edgecount_sweep_configs/runs/BMC-12e/edgecount_neighborhood_sweep_open/runner_outputs/N_75/drop_feature_shape_factor/validation.json,,,domain_guess=causality; relative_path=data/bmc12e_edgecount_sweep_configs/runs/BMC-12e/edgecount_neighborhood_sweep_open/runner_outputs/N_75/drop_feature_shape_factor/validation.json
domain_path_samples,causality,data/bmc12e_edgecount_sweep_configs/runs/BMC-12e/edgecount_neighborhood_sweep_open/runner_outputs/N_75/drop_feature_spectral_index/backbone_variant_summary.csv,,,domain_guess=causality; relative_path=data/bmc12e_edgecount_sweep_configs/runs/BMC-12e/edgecount_neighborhood_sweep_open/runner_outputs/N_75/drop_feature_spectral_index/backbone_variant_summary.csv
domain_path_samples,causality,data/bmc12e_edgecount_sweep_configs/runs/BMC-12e/edgecount_neighborhood_sweep_open/runner_outputs/N_75/drop_feature_spectral_index/readout.md,,,domain_guess=causality; relative_path=data/bmc12e_edgecount_sweep_configs/runs/BMC-12e/edgecount_neighborhood_sweep_open/runner_outputs/N_75/drop_feature_spectral_index/readout.md
domain_path_samples,causality,data/bmc12e_edgecount_sweep_configs/runs/BMC-12e/edgecount_neighborhood_sweep_open/runner_outputs/N_75/drop_feature_spectral_index/repeat_metrics.csv,,,domain_guess=causality; relative_path=data/bmc12e_edgecount_sweep_configs/runs/BMC-12e/edgecount_neighborhood_sweep_open/runner_outputs/N_75/drop_feature_spectral_index/repeat_metrics.csv
domain_path_samples,causality,data/bmc12e_edgecount_sweep_configs/runs/BMC-12e/edgecount_neighborhood_sweep_open/runner_outputs/N_75/drop_feature_spectral_index/run_metadata.json,,,domain_guess=causality; relative_path=data/bmc12e_edgecount_sweep_configs/runs/BMC-12e/edgecount_neighborhood_sweep_open/runner_outputs/N_75/drop_feature_spectral_index/run_metadata.json
domain_path_samples,causality,data/bmc12e_edgecount_sweep_configs/runs/BMC-12e/edgecount_neighborhood_sweep_open/runner_outputs/N_75/drop_feature_spectral_index/strength_topalpha_025/arm_metrics.csv,,,domain_guess=causality; relative_path=data/bmc12e_edgecount_sweep_configs/runs/BMC-12e/edgecount_neighborhood_sweep_open/runner_outputs/N_75/drop_feature_spectral_index/strength_topalpha_025/arm_metrics.csv
domain_path_samples,causality,data/bmc12e_edgecount_sweep_configs/runs/BMC-12e/edgecount_neighborhood_sweep_open/runner_outputs/N_75/drop_feature_spectral_index/strength_topalpha_025/summary.json,,,domain_guess=causality; relative_path=data/bmc12e_edgecount_sweep_configs/runs/BMC-12e/edgecount_neighborhood_sweep_open/runner_outputs/N_75/drop_feature_spectral_index/strength_topalpha_025/summary.json
domain_path_samples,causality,data/bmc12e_edgecount_sweep_configs/runs/BMC-12e/edgecount_neighborhood_sweep_open/runner_outputs/N_75/drop_feature_spectral_index/strength_topalpha_050/arm_metrics.csv,,,domain_guess=causality; relative_path=data/bmc12e_edgecount_sweep_configs/runs/BMC-12e/edgecount_neighborhood_sweep_open/runner_outputs/N_75/drop_feature_spectral_index/strength_topalpha_050/arm_metrics.csv
domain_path_samples,causality,data/bmc12e_edgecount_sweep_configs/runs/BMC-12e/edgecount_neighborhood_sweep_open/runner_outputs/N_75/drop_feature_spectral_index/strength_topalpha_050/summary.json,,,domain_guess=causality; relative_path=data/bmc12e_edgecount_sweep_configs/runs/BMC-12e/edgecount_neighborhood_sweep_open/runner_outputs/N_75/drop_feature_spectral_index/strength_topalpha_050/summary.json
domain_path_samples,causality,data/bmc12e_edgecount_sweep_configs/runs/BMC-12e/edgecount_neighborhood_sweep_open/runner_outputs/N_75/drop_feature_spectral_index/strength_topk_6/arm_metrics.csv,,,domain_guess=causality; relative_path=data/bmc12e_edgecount_sweep_configs/runs/BMC-12e/edgecount_neighborhood_sweep_open/runner_outputs/N_75/drop_feature_spectral_index/strength_topk_6/arm_metrics.csv
domain_path_samples,causality,data/bmc12e_edgecount_sweep_configs/runs/BMC-12e/edgecount_neighborhood_sweep_open/runner_outputs/N_75/drop_feature_spectral_index/strength_topk_6/summary.json,,,domain_guess=causality; relative_path=data/bmc12e_edgecount_sweep_configs/runs/BMC-12e/edgecount_neighborhood_sweep_open/runner_outputs/N_75/drop_feature_spectral_index/strength_topk_6/summary.json
domain_path_samples,causality,data/bmc12e_edgecount_sweep_configs/runs/BMC-12e/edgecount_neighborhood_sweep_open/runner_outputs/N_75/drop_feature_spectral_index/summary.json,,,domain_guess=causality; relative_path=data/bmc12e_edgecount_sweep_configs/runs/BMC-12e/edgecount_neighborhood_sweep_open/runner_outputs/N_75/drop_feature_spectral_index/summary.json
domain_path_samples,causality,data/bmc12e_edgecount_sweep_configs/runs/BMC-12e/edgecount_neighborhood_sweep_open/runner_outputs/N_75/drop_feature_spectral_index/validation.json,,,domain_guess=causality; relative_path=data/bmc12e_edgecount_sweep_configs/runs/BMC-12e/edgecount_neighborhood_sweep_open/runner_outputs/N_75/drop_feature_spectral_index/validation.json
domain_path_samples,causality,data/bmc12e_edgecount_sweep_configs/runs/BMC-12e/edgecount_neighborhood_sweep_open/runner_outputs/N_81/baseline_all_features/backbone_variant_summary.csv,,,domain_guess=causality; relative_path=data/bmc12e_edgecount_sweep_configs/runs/BMC-12e/edgecount_neighborhood_sweep_open/runner_outputs/N_81/baseline_all_features/backbone_variant_summary.csv
domain_path_samples,causality,data/bmc12e_edgecount_sweep_configs/runs/BMC-12e/edgecount_neighborhood_sweep_open/runner_outputs/N_81/baseline_all_features/readout.md,,,domain_guess=causality; relative_path=data/bmc12e_edgecount_sweep_configs/runs/BMC-12e/edgecount_neighborhood_sweep_open/runner_outputs/N_81/baseline_all_features/readout.md
domain_path_samples,causality,data/bmc12e_edgecount_sweep_configs/runs/BMC-12e/edgecount_neighborhood_sweep_open/runner_outputs/N_81/baseline_all_features/repeat_metrics.csv,,,domain_guess=causality; relative_path=data/bmc12e_edgecount_sweep_configs/runs/BMC-12e/edgecount_neighborhood_sweep_open/runner_outputs/N_81/baseline_all_features/repeat_metrics.csv
domain_path_samples,causality,data/bmc12e_edgecount_sweep_configs/runs/BMC-12e/edgecount_neighborhood_sweep_open/runner_outputs/N_81/baseline_all_features/run_metadata.json,,,domain_guess=causality; relative_path=data/bmc12e_edgecount_sweep_configs/runs/BMC-12e/edgecount_neighborhood_sweep_open/runner_outputs/N_81/baseline_all_features/run_metadata.json
domain_path_samples,causality,data/bmc12e_edgecount_sweep_configs/runs/BMC-12e/edgecount_neighborhood_sweep_open/runner_outputs/N_81/baseline_all_features/strength_topalpha_025/arm_metrics.csv,,,domain_guess=causality; relative_path=data/bmc12e_edgecount_sweep_configs/runs/BMC-12e/edgecount_neighborhood_sweep_open/runner_outputs/N_81/baseline_all_features/strength_topalpha_025/arm_metrics.csv
domain_path_samples,causality,data/bmc12e_edgecount_sweep_configs/runs/BMC-12e/edgecount_neighborhood_sweep_open/runner_outputs/N_81/baseline_all_features/strength_topalpha_025/summary.json,,,domain_guess=causality; relative_path=data/bmc12e_edgecount_sweep_configs/runs/BMC-12e/edgecount_neighborhood_sweep_open/runner_outputs/N_81/baseline_all_features/strength_topalpha_025/summary.json
domain_path_samples,causality,data/bmc12e_edgecount_sweep_configs/runs/BMC-12e/edgecount_neighborhood_sweep_open/runner_outputs/N_81/baseline_all_features/strength_topalpha_050/arm_metrics.csv,,,domain_guess=causality; relative_path=data/bmc12e_edgecount_sweep_configs/runs/BMC-12e/edgecount_neighborhood_sweep_open/runner_outputs/N_81/baseline_all_features/strength_topalpha_050/arm_metrics.csv
domain_path_samples,causality,data/bmc12e_edgecount_sweep_configs/runs/BMC-12e/edgecount_neighborhood_sweep_open/runner_outputs/N_81/baseline_all_features/strength_topalpha_050/summary.json,,,domain_guess=causality; relative_path=data/bmc12e_edgecount_sweep_configs/runs/BMC-12e/edgecount_neighborhood_sweep_open/runner_outputs/N_81/baseline_all_features/strength_topalpha_050/summary.json
domain_path_samples,causality,data/bmc12e_edgecount_sweep_configs/runs/BMC-12e/edgecount_neighborhood_sweep_open/runner_outputs/N_81/baseline_all_features/strength_topk_6/arm_metrics.csv,,,domain_guess=causality; relative_path=data/bmc12e_edgecount_sweep_configs/runs/BMC-12e/edgecount_neighborhood_sweep_open/runner_outputs/N_81/baseline_all_features/strength_topk_6/arm_metrics.csv
domain_path_samples,causality,data/bmc12e_edgecount_sweep_configs/runs/BMC-12e/edgecount_neighborhood_sweep_open/runner_outputs/N_81/baseline_all_features/strength_topk_6/summary.json,,,domain_guess=causality; relative_path=data/bmc12e_edgecount_sweep_configs/runs/BMC-12e/edgecount_neighborhood_sweep_open/runner_outputs/N_81/baseline_all_features/strength_topk_6/summary.json
domain_path_samples,causality,data/bmc12e_edgecount_sweep_configs/runs/BMC-12e/edgecount_neighborhood_sweep_open/runner_outputs/N_81/baseline_all_features/summary.json,,,domain_guess=causality; relative_path=data/bmc12e_edgecount_sweep_configs/runs/BMC-12e/edgecount_neighborhood_sweep_open/runner_outputs/N_81/baseline_all_features/summary.json
domain_path_samples,causality,data/bmc12e_edgecount_sweep_configs/runs/BMC-12e/edgecount_neighborhood_sweep_open/runner_outputs/N_81/baseline_all_features/validation.json,,,domain_guess=causality; relative_path=data/bmc12e_edgecount_sweep_configs/runs/BMC-12e/edgecount_neighborhood_sweep_open/runner_outputs/N_81/baseline_all_features/validation.json
domain_path_samples,causality,data/bmc12e_edgecount_sweep_configs/runs/BMC-12e/edgecount_neighborhood_sweep_open/runner_outputs/N_81/drop_feature_length_scale/backbone_variant_summary.csv,,,domain_guess=causality; relative_path=data/bmc12e_edgecount_sweep_configs/runs/BMC-12e/edgecount_neighborhood_sweep_open/runner_outputs/N_81/drop_feature_length_scale/backbone_variant_summary.csv
domain_path_samples,causality,data/bmc12e_edgecount_sweep_configs/runs/BMC-12e/edgecount_neighborhood_sweep_open/runner_outputs/N_81/drop_feature_length_scale/readout.md,,,domain_guess=causality; relative_path=data/bmc12e_edgecount_sweep_configs/runs/BMC-12e/edgecount_neighborhood_sweep_open/runner_outputs/N_81/drop_feature_length_scale/readout.md
domain_path_samples,causality,data/bmc12e_edgecount_sweep_configs/runs/BMC-12e/edgecount_neighborhood_sweep_open/runner_outputs/N_81/drop_feature_length_scale/repeat_metrics.csv,,,domain_guess=causality; relative_path=data/bmc12e_edgecount_sweep_configs/runs/BMC-12e/edgecount_neighborhood_sweep_open/runner_outputs/N_81/drop_feature_length_scale/repeat_metrics.csv
domain_path_samples,causality,data/bmc12e_edgecount_sweep_configs/runs/BMC-12e/edgecount_neighborhood_sweep_open/runner_outputs/N_81/drop_feature_length_scale/run_metadata.json,,,domain_guess=causality; relative_path=data/bmc12e_edgecount_sweep_configs/runs/BMC-12e/edgecount_neighborhood_sweep_open/runner_outputs/N_81/drop_feature_length_scale/run_metadata.json
domain_path_samples,causality,data/bmc12e_edgecount_sweep_configs/runs/BMC-12e/edgecount_neighborhood_sweep_open/runner_outputs/N_81/drop_feature_length_scale/strength_topalpha_025/arm_metrics.csv,,,domain_guess=causality; relative_path=data/bmc12e_edgecount_sweep_configs/runs/BMC-12e/edgecount_neighborhood_sweep_open/runner_outputs/N_81/drop_feature_length_scale/strength_topalpha_025/arm_metrics.csv
domain_path_samples,causality,data/bmc12e_edgecount_sweep_configs/runs/BMC-12e/edgecount_neighborhood_sweep_open/runner_outputs/N_81/drop_feature_length_scale/strength_topalpha_025/summary.json,,,domain_guess=causality; relative_path=data/bmc12e_edgecount_sweep_configs/runs/BMC-12e/edgecount_neighborhood_sweep_open/runner_outputs/N_81/drop_feature_length_scale/strength_topalpha_025/summary.json
domain_path_samples,causality,data/bmc12e_edgecount_sweep_configs/runs/BMC-12e/edgecount_neighborhood_sweep_open/runner_outputs/N_81/drop_feature_length_scale/strength_topalpha_050/arm_metrics.csv,,,domain_guess=causality; relative_path=data/bmc12e_edgecount_sweep_configs/runs/BMC-12e/edgecount_neighborhood_sweep_open/runner_outputs/N_81/drop_feature_length_scale/strength_topalpha_050/arm_metrics.csv
domain_path_samples,causality,data/bmc12e_edgecount_sweep_configs/runs/BMC-12e/edgecount_neighborhood_sweep_open/runner_outputs/N_81/drop_feature_length_scale/strength_topalpha_050/summary.json,,,domain_guess=causality; relative_path=data/bmc12e_edgecount_sweep_configs/runs/BMC-12e/edgecount_neighborhood_sweep_open/runner_outputs/N_81/drop_feature_length_scale/strength_topalpha_050/summary.json
domain_path_samples,causality,data/bmc12e_edgecount_sweep_configs/runs/BMC-12e/edgecount_neighborhood_sweep_open/runner_outputs/N_81/drop_feature_length_scale/strength_topk_6/arm_metrics.csv,,,domain_guess=causality; relative_path=data/bmc12e_edgecount_sweep_configs/runs/BMC-12e/edgecount_neighborhood_sweep_open/runner_outputs/N_81/drop_feature_length_scale/strength_topk_6/arm_metrics.csv
domain_path_samples,causality,data/bmc12e_edgecount_sweep_configs/runs/BMC-12e/edgecount_neighborhood_sweep_open/runner_outputs/N_81/drop_feature_length_scale/strength_topk_6/summary.json,,,domain_guess=causality; relative_path=data/bmc12e_edgecount_sweep_configs/runs/BMC-12e/edgecount_neighborhood_sweep_open/runner_outputs/N_81/drop_feature_length_scale/strength_topk_6/summary.json
domain_path_samples,causality,data/bmc12e_edgecount_sweep_configs/runs/BMC-12e/edgecount_neighborhood_sweep_open/runner_outputs/N_81/drop_feature_length_scale/summary.json,,,domain_guess=causality; relative_path=data/bmc12e_edgecount_sweep_configs/runs/BMC-12e/edgecount_neighborhood_sweep_open/runner_outputs/N_81/drop_feature_length_scale/summary.json
domain_path_samples,causality,data/bmc12e_edgecount_sweep_configs/runs/BMC-12e/edgecount_neighborhood_sweep_open/runner_outputs/N_81/drop_feature_length_scale/validation.json,,,domain_guess=causality; relative_path=data/bmc12e_edgecount_sweep_configs/runs/BMC-12e/edgecount_neighborhood_sweep_open/runner_outputs/N_81/drop_feature_length_scale/validation.json
domain_path_samples,causality,data/bmc12e_edgecount_sweep_configs/runs/BMC-12e/edgecount_neighborhood_sweep_open/runner_outputs/N_81/drop_feature_mode_frequency/backbone_variant_summary.csv,,,domain_guess=causality; relative_path=data/bmc12e_edgecount_sweep_configs/runs/BMC-12e/edgecount_neighborhood_sweep_open/runner_outputs/N_81/drop_feature_mode_frequency/backbone_variant_summary.csv
domain_path_samples,causality,data/bmc12e_edgecount_sweep_configs/runs/BMC-12e/edgecount_neighborhood_sweep_open/runner_outputs/N_81/drop_feature_mode_frequency/readout.md,,,domain_guess=causality; relative_path=data/bmc12e_edgecount_sweep_configs/runs/BMC-12e/edgecount_neighborhood_sweep_open/runner_outputs/N_81/drop_feature_mode_frequency/readout.md
domain_path_samples,causality,data/bmc12e_edgecount_sweep_configs/runs/BMC-12e/edgecount_neighborhood_sweep_open/runner_outputs/N_81/drop_feature_mode_frequency/repeat_metrics.csv,,,domain_guess=causality; relative_path=data/bmc12e_edgecount_sweep_configs/runs/BMC-12e/edgecount_neighborhood_sweep_open/runner_outputs/N_81/drop_feature_mode_frequency/repeat_metrics.csv
domain_path_samples,causality,data/bmc12e_edgecount_sweep_configs/runs/BMC-12e/edgecount_neighborhood_sweep_open/runner_outputs/N_81/drop_feature_mode_frequency/run_metadata.json,,,domain_guess=causality; relative_path=data/bmc12e_edgecount_sweep_configs/runs/BMC-12e/edgecount_neighborhood_sweep_open/runner_outputs/N_81/drop_feature_mode_frequency/run_metadata.json
domain_path_samples,causality,data/bmc12e_edgecount_sweep_configs/runs/BMC-12e/edgecount_neighborhood_sweep_open/runner_outputs/N_81/drop_feature_mode_frequency/strength_topalpha_025/arm_metrics.csv,,,domain_guess=causality; relative_path=data/bmc12e_edgecount_sweep_configs/runs/BMC-12e/edgecount_neighborhood_sweep_open/runner_outputs/N_81/drop_feature_mode_frequency/strength_topalpha_025/arm_metrics.csv
domain_path_samples,causality,data/bmc12e_edgecount_sweep_configs/runs/BMC-12e/edgecount_neighborhood_sweep_open/runner_outputs/N_81/drop_feature_mode_frequency/strength_topalpha_025/summary.json,,,domain_guess=causality; relative_path=data/bmc12e_edgecount_sweep_configs/runs/BMC-12e/edgecount_neighborhood_sweep_open/runner_outputs/N_81/drop_feature_mode_frequency/strength_topalpha_025/summary.json
domain_path_samples,causality,data/bmc12e_edgecount_sweep_configs/runs/BMC-12e/edgecount_neighborhood_sweep_open/runner_outputs/N_81/drop_feature_mode_frequency/strength_topalpha_050/arm_metrics.csv,,,domain_guess=causality; relative_path=data/bmc12e_edgecount_sweep_configs/runs/BMC-12e/edgecount_neighborhood_sweep_open/runner_outputs/N_81/drop_feature_mode_frequency/strength_topalpha_050/arm_metrics.csv
domain_path_samples,causality,data/bmc12e_edgecount_sweep_configs/runs/BMC-12e/edgecount_neighborhood_sweep_open/runner_outputs/N_81/drop_feature_mode_frequency/strength_topalpha_050/summary.json,,,domain_guess=causality; relative_path=data/bmc12e_edgecount_sweep_configs/runs/BMC-12e/edgecount_neighborhood_sweep_open/runner_outputs/N_81/drop_feature_mode_frequency/strength_topalpha_050/summary.json
domain_path_samples,causality,data/bmc12e_edgecount_sweep_configs/runs/BMC-12e/edgecount_neighborhood_sweep_open/runner_outputs/N_81/drop_feature_mode_frequency/strength_topk_6/arm_metrics.csv,,,domain_guess=causality; relative_path=data/bmc12e_edgecount_sweep_configs/runs/BMC-12e/edgecount_neighborhood_sweep_open/runner_outputs/N_81/drop_feature_mode_frequency/strength_topk_6/arm_metrics.csv
domain_path_samples,causality,data/bmc12e_edgecount_sweep_configs/runs/BMC-12e/edgecount_neighborhood_sweep_open/runner_outputs/N_81/drop_feature_mode_frequency/strength_topk_6/summary.json,,,domain_guess=causality; relative_path=data/bmc12e_edgecount_sweep_configs/runs/BMC-12e/edgecount_neighborhood_sweep_open/runner_outputs/N_81/drop_feature_mode_frequency/strength_topk_6/summary.json
domain_path_samples,causality,data/bmc12e_edgecount_sweep_configs/runs/BMC-12e/edgecount_neighborhood_sweep_open/runner_outputs/N_81/drop_feature_mode_frequency/summary.json,,,domain_guess=causality; relative_path=data/bmc12e_edgecount_sweep_configs/runs/BMC-12e/edgecount_neighborhood_sweep_open/runner_outputs/N_81/drop_feature_mode_frequency/summary.json
domain_path_samples,causality,data/bmc12e_edgecount_sweep_configs/runs/BMC-12e/edgecount_neighborhood_sweep_open/runner_outputs/N_81/drop_feature_mode_frequency/validation.json,,,domain_guess=causality; relative_path=data/bmc12e_edgecount_sweep_configs/runs/BMC-12e/edgecount_neighborhood_sweep_open/runner_outputs/N_81/drop_feature_mode_frequency/validation.json
domain_path_samples,causality,data/bmc12e_edgecount_sweep_configs/runs/BMC-12e/edgecount_neighborhood_sweep_open/runner_outputs/N_81/drop_feature_shape_factor/backbone_variant_summary.csv,,,domain_guess=causality; relative_path=data/bmc12e_edgecount_sweep_configs/runs/BMC-12e/edgecount_neighborhood_sweep_open/runner_outputs/N_81/drop_feature_shape_factor/backbone_variant_summary.csv
domain_path_samples,causality,data/bmc12e_edgecount_sweep_configs/runs/BMC-12e/edgecount_neighborhood_sweep_open/runner_outputs/N_81/drop_feature_shape_factor/readout.md,,,domain_guess=causality; relative_path=data/bmc12e_edgecount_sweep_configs/runs/BMC-12e/edgecount_neighborhood_sweep_open/runner_outputs/N_81/drop_feature_shape_factor/readout.md
domain_path_samples,causality,data/bmc12e_edgecount_sweep_configs/runs/BMC-12e/edgecount_neighborhood_sweep_open/runner_outputs/N_81/drop_feature_shape_factor/repeat_metrics.csv,,,domain_guess=causality; relative_path=data/bmc12e_edgecount_sweep_configs/runs/BMC-12e/edgecount_neighborhood_sweep_open/runner_outputs/N_81/drop_feature_shape_factor/repeat_metrics.csv
domain_path_samples,causality,data/bmc12e_edgecount_sweep_configs/runs/BMC-12e/edgecount_neighborhood_sweep_open/runner_outputs/N_81/drop_feature_shape_factor/run_metadata.json,,,domain_guess=causality; relative_path=data/bmc12e_edgecount_sweep_configs/runs/BMC-12e/edgecount_neighborhood_sweep_open/runner_outputs/N_81/drop_feature_shape_factor/run_metadata.json
domain_path_samples,causality,data/bmc12e_edgecount_sweep_configs/runs/BMC-12e/edgecount_neighborhood_sweep_open/runner_outputs/N_81/drop_feature_shape_factor/strength_topalpha_025/arm_metrics.csv,,,domain_guess=causality; relative_path=data/bmc12e_edgecount_sweep_configs/runs/BMC-12e/edgecount_neighborhood_sweep_open/runner_outputs/N_81/drop_feature_shape_factor/strength_topalpha_025/arm_metrics.csv
domain_path_samples,causality,data/bmc12e_edgecount_sweep_configs/runs/BMC-12e/edgecount_neighborhood_sweep_open/runner_outputs/N_81/drop_feature_shape_factor/strength_topalpha_025/summary.json,,,domain_guess=causality; relative_path=data/bmc12e_edgecount_sweep_configs/runs/BMC-12e/edgecount_neighborhood_sweep_open/runner_outputs/N_81/drop_feature_shape_factor/strength_topalpha_025/summary.json
domain_path_samples,causality,data/bmc12e_edgecount_sweep_configs/runs/BMC-12e/edgecount_neighborhood_sweep_open/runner_outputs/N_81/drop_feature_shape_factor/strength_topalpha_050/arm_metrics.csv,,,domain_guess=causality; relative_path=data/bmc12e_edgecount_sweep_configs/runs/BMC-12e/edgecount_neighborhood_sweep_open/runner_outputs/N_81/drop_feature_shape_factor/strength_topalpha_050/arm_metrics.csv
domain_path_samples,causality,data/bmc12e_edgecount_sweep_configs/runs/BMC-12e/edgecount_neighborhood_sweep_open/runner_outputs/N_81/drop_feature_shape_factor/strength_topalpha_050/summary.json,,,domain_guess=causality; relative_path=data/bmc12e_edgecount_sweep_configs/runs/BMC-12e/edgecount_neighborhood_sweep_open/runner_outputs/N_81/drop_feature_shape_factor/strength_topalpha_050/summary.json
domain_path_samples,causality,data/bmc12e_edgecount_sweep_configs/runs/BMC-12e/edgecount_neighborhood_sweep_open/runner_outputs/N_81/drop_feature_shape_factor/strength_topk_6/arm_metrics.csv,,,domain_guess=causality; relative_path=data/bmc12e_edgecount_sweep_configs/runs/BMC-12e/edgecount_neighborhood_sweep_open/runner_outputs/N_81/drop_feature_shape_factor/strength_topk_6/arm_metrics.csv
domain_path_samples,causality,data/bmc12e_edgecount_sweep_configs/runs/BMC-12e/edgecount_neighborhood_sweep_open/runner_outputs/N_81/drop_feature_shape_factor/strength_topk_6/summary.json,,,domain_guess=causality; relative_path=data/bmc12e_edgecount_sweep_configs/runs/BMC-12e/edgecount_neighborhood_sweep_open/runner_outputs/N_81/drop_feature_shape_factor/strength_topk_6/summary.json
domain_path_samples,causality,data/bmc12e_edgecount_sweep_configs/runs/BMC-12e/edgecount_neighborhood_sweep_open/runner_outputs/N_81/drop_feature_shape_factor/summary.json,,,domain_guess=causality; relative_path=data/bmc12e_edgecount_sweep_configs/runs/BMC-12e/edgecount_neighborhood_sweep_open/runner_outputs/N_81/drop_feature_shape_factor/summary.json
domain_path_samples,causality,data/bmc12e_edgecount_sweep_configs/runs/BMC-12e/edgecount_neighborhood_sweep_open/runner_outputs/N_81/drop_feature_shape_factor/validation.json,,,domain_guess=causality; relative_path=data/bmc12e_edgecount_sweep_configs/runs/BMC-12e/edgecount_neighborhood_sweep_open/runner_outputs/N_81/drop_feature_shape_factor/validation.json
domain_path_samples,causality,data/bmc12e_edgecount_sweep_configs/runs/BMC-12e/edgecount_neighborhood_sweep_open/runner_outputs/N_81/drop_feature_spectral_index/backbone_variant_summary.csv,,,domain_guess=causality; relative_path=data/bmc12e_edgecount_sweep_configs/runs/BMC-12e/edgecount_neighborhood_sweep_open/runner_outputs/N_81/drop_feature_spectral_index/backbone_variant_summary.csv
domain_path_samples,causality,data/bmc12e_edgecount_sweep_configs/runs/BMC-12e/edgecount_neighborhood_sweep_open/runner_outputs/N_81/drop_feature_spectral_index/readout.md,,,domain_guess=causality; relative_path=data/bmc12e_edgecount_sweep_configs/runs/BMC-12e/edgecount_neighborhood_sweep_open/runner_outputs/N_81/drop_feature_spectral_index/readout.md
domain_path_samples,causality,data/bmc12e_edgecount_sweep_configs/runs/BMC-12e/edgecount_neighborhood_sweep_open/runner_outputs/N_81/drop_feature_spectral_index/repeat_metrics.csv,,,domain_guess=causality; relative_path=data/bmc12e_edgecount_sweep_configs/runs/BMC-12e/edgecount_neighborhood_sweep_open/runner_outputs/N_81/drop_feature_spectral_index/repeat_metrics.csv
domain_path_samples,causality,data/bmc12e_edgecount_sweep_configs/runs/BMC-12e/edgecount_neighborhood_sweep_open/runner_outputs/N_81/drop_feature_spectral_index/run_metadata.json,,,domain_guess=causality; relative_path=data/bmc12e_edgecount_sweep_configs/runs/BMC-12e/edgecount_neighborhood_sweep_open/runner_outputs/N_81/drop_feature_spectral_index/run_metadata.json
domain_path_samples,causality,data/bmc12e_edgecount_sweep_configs/runs/BMC-12e/edgecount_neighborhood_sweep_open/runner_outputs/N_81/drop_feature_spectral_index/strength_topalpha_025/arm_metrics.csv,,,domain_guess=causality; relative_path=data/bmc12e_edgecount_sweep_configs/runs/BMC-12e/edgecount_neighborhood_sweep_open/runner_outputs/N_81/drop_feature_spectral_index/strength_topalpha_025/arm_metrics.csv
domain_path_samples,causality,data/bmc12e_edgecount_sweep_configs/runs/BMC-12e/edgecount_neighborhood_sweep_open/runner_outputs/N_81/drop_feature_spectral_index/strength_topalpha_025/summary.json,,,domain_guess=causality; relative_path=data/bmc12e_edgecount_sweep_configs/runs/BMC-12e/edgecount_neighborhood_sweep_open/runner_outputs/N_81/drop_feature_spectral_index/strength_topalpha_025/summary.json
domain_path_samples,causality,data/bmc12e_edgecount_sweep_configs/runs/BMC-12e/edgecount_neighborhood_sweep_open/runner_outputs/N_81/drop_feature_spectral_index/strength_topalpha_050/arm_metrics.csv,,,domain_guess=causality; relative_path=data/bmc12e_edgecount_sweep_configs/runs/BMC-12e/edgecount_neighborhood_sweep_open/runner_outputs/N_81/drop_feature_spectral_index/strength_topalpha_050/arm_metrics.csv
domain_path_samples,causality,data/bmc12e_edgecount_sweep_configs/runs/BMC-12e/edgecount_neighborhood_sweep_open/runner_outputs/N_81/drop_feature_spectral_index/strength_topalpha_050/summary.json,,,domain_guess=causality; relative_path=data/bmc12e_edgecount_sweep_configs/runs/BMC-12e/edgecount_neighborhood_sweep_open/runner_outputs/N_81/drop_feature_spectral_index/strength_topalpha_050/summary.json
domain_path_samples,causality,data/bmc12e_edgecount_sweep_configs/runs/BMC-12e/edgecount_neighborhood_sweep_open/runner_outputs/N_81/drop_feature_spectral_index/strength_topk_6/arm_metrics.csv,,,domain_guess=causality; relative_path=data/bmc12e_edgecount_sweep_configs/runs/BMC-12e/edgecount_neighborhood_sweep_open/runner_outputs/N_81/drop_feature_spectral_index/strength_topk_6/arm_metrics.csv
domain_path_samples,causality,data/bmc12e_edgecount_sweep_configs/runs/BMC-12e/edgecount_neighborhood_sweep_open/runner_outputs/N_81/drop_feature_spectral_index/strength_topk_6/summary.json,,,domain_guess=causality; relative_path=data/bmc12e_edgecount_sweep_configs/runs/BMC-12e/edgecount_neighborhood_sweep_open/runner_outputs/N_81/drop_feature_spectral_index/strength_topk_6/summary.json
domain_path_samples,causality,data/bmc12e_edgecount_sweep_configs/runs/BMC-12e/edgecount_neighborhood_sweep_open/runner_outputs/N_81/drop_feature_spectral_index/summary.json,,,domain_guess=causality; relative_path=data/bmc12e_edgecount_sweep_configs/runs/BMC-12e/edgecount_neighborhood_sweep_open/runner_outputs/N_81/drop_feature_spectral_index/summary.json
domain_path_samples,causality,data/bmc12e_edgecount_sweep_configs/runs/BMC-12e/edgecount_neighborhood_sweep_open/runner_outputs/N_81/drop_feature_spectral_index/validation.json,,,domain_guess=causality; relative_path=data/bmc12e_edgecount_sweep_configs/runs/BMC-12e/edgecount_neighborhood_sweep_open/runner_outputs/N_81/drop_feature_spectral_index/validation.json
domain_path_samples,causality,data/bmc12e_edgecount_sweep_configs/runs/BMC-12e/edgecount_neighborhood_sweep_open/runner_outputs/N_87/baseline_all_features/backbone_variant_summary.csv,,,domain_guess=causality; relative_path=data/bmc12e_edgecount_sweep_configs/runs/BMC-12e/edgecount_neighborhood_sweep_open/runner_outputs/N_87/baseline_all_features/backbone_variant_summary.csv
domain_path_samples,causality,data/bmc12e_edgecount_sweep_configs/runs/BMC-12e/edgecount_neighborhood_sweep_open/runner_outputs/N_87/baseline_all_features/readout.md,,,domain_guess=causality; relative_path=data/bmc12e_edgecount_sweep_configs/runs/BMC-12e/edgecount_neighborhood_sweep_open/runner_outputs/N_87/baseline_all_features/readout.md
domain_path_samples,causality,data/bmc12e_edgecount_sweep_configs/runs/BMC-12e/edgecount_neighborhood_sweep_open/runner_outputs/N_87/baseline_all_features/repeat_metrics.csv,,,domain_guess=causality; relative_path=data/bmc12e_edgecount_sweep_configs/runs/BMC-12e/edgecount_neighborhood_sweep_open/runner_outputs/N_87/baseline_all_features/repeat_metrics.csv
domain_path_samples,causality,data/bmc12e_edgecount_sweep_configs/runs/BMC-12e/edgecount_neighborhood_sweep_open/runner_outputs/N_87/baseline_all_features/run_metadata.json,,,domain_guess=causality; relative_path=data/bmc12e_edgecount_sweep_configs/runs/BMC-12e/edgecount_neighborhood_sweep_open/runner_outputs/N_87/baseline_all_features/run_metadata.json
domain_path_samples,causality,data/bmc12e_edgecount_sweep_configs/runs/BMC-12e/edgecount_neighborhood_sweep_open/runner_outputs/N_87/baseline_all_features/strength_topalpha_025/arm_metrics.csv,,,domain_guess=causality; relative_path=data/bmc12e_edgecount_sweep_configs/runs/BMC-12e/edgecount_neighborhood_sweep_open/runner_outputs/N_87/baseline_all_features/strength_topalpha_025/arm_metrics.csv
domain_path_samples,causality,data/bmc12e_edgecount_sweep_configs/runs/BMC-12e/edgecount_neighborhood_sweep_open/runner_outputs/N_87/baseline_all_features/strength_topalpha_025/summary.json,,,domain_guess=causality; relative_path=data/bmc12e_edgecount_sweep_configs/runs/BMC-12e/edgecount_neighborhood_sweep_open/runner_outputs/N_87/baseline_all_features/strength_topalpha_025/summary.json
domain_path_samples,causality,data/bmc12e_edgecount_sweep_configs/runs/BMC-12e/edgecount_neighborhood_sweep_open/runner_outputs/N_87/baseline_all_features/strength_topalpha_050/arm_metrics.csv,,,domain_guess=causality; relative_path=data/bmc12e_edgecount_sweep_configs/runs/BMC-12e/edgecount_neighborhood_sweep_open/runner_outputs/N_87/baseline_all_features/strength_topalpha_050/arm_metrics.csv
domain_path_samples,causality,data/bmc12e_edgecount_sweep_configs/runs/BMC-12e/edgecount_neighborhood_sweep_open/runner_outputs/N_87/baseline_all_features/strength_topalpha_050/summary.json,,,domain_guess=causality; relative_path=data/bmc12e_edgecount_sweep_configs/runs/BMC-12e/edgecount_neighborhood_sweep_open/runner_outputs/N_87/baseline_all_features/strength_topalpha_050/summary.json
domain_path_samples,causality,data/bmc12e_edgecount_sweep_configs/runs/BMC-12e/edgecount_neighborhood_sweep_open/runner_outputs/N_87/baseline_all_features/strength_topk_6/arm_metrics.csv,,,domain_guess=causality; relative_path=data/bmc12e_edgecount_sweep_configs/runs/BMC-12e/edgecount_neighborhood_sweep_open/runner_outputs/N_87/baseline_all_features/strength_topk_6/arm_metrics.csv
domain_path_samples,causality,data/bmc12e_edgecount_sweep_configs/runs/BMC-12e/edgecount_neighborhood_sweep_open/runner_outputs/N_87/baseline_all_features/strength_topk_6/summary.json,,,domain_guess=causality; relative_path=data/bmc12e_edgecount_sweep_configs/runs/BMC-12e/edgecount_neighborhood_sweep_open/runner_outputs/N_87/baseline_all_features/strength_topk_6/summary.json
domain_path_samples,causality,data/bmc12e_edgecount_sweep_configs/runs/BMC-12e/edgecount_neighborhood_sweep_open/runner_outputs/N_87/baseline_all_features/summary.json,,,domain_guess=causality; relative_path=data/bmc12e_edgecount_sweep_configs/runs/BMC-12e/edgecount_neighborhood_sweep_open/runner_outputs/N_87/baseline_all_features/summary.json
domain_path_samples,causality,data/bmc12e_edgecount_sweep_configs/runs/BMC-12e/edgecount_neighborhood_sweep_open/runner_outputs/N_87/baseline_all_features/validation.json,,,domain_guess=causality; relative_path=data/bmc12e_edgecount_sweep_configs/runs/BMC-12e/edgecount_neighborhood_sweep_open/runner_outputs/N_87/baseline_all_features/validation.json
domain_path_samples,causality,data/bmc12e_edgecount_sweep_configs/runs/BMC-12e/edgecount_neighborhood_sweep_open/runner_outputs/N_87/drop_feature_length_scale/backbone_variant_summary.csv,,,domain_guess=causality; relative_path=data/bmc12e_edgecount_sweep_configs/runs/BMC-12e/edgecount_neighborhood_sweep_open/runner_outputs/N_87/drop_feature_length_scale/backbone_variant_summary.csv
domain_path_samples,causality,data/bmc12e_edgecount_sweep_configs/runs/BMC-12e/edgecount_neighborhood_sweep_open/runner_outputs/N_87/drop_feature_length_scale/readout.md,,,domain_guess=causality; relative_path=data/bmc12e_edgecount_sweep_configs/runs/BMC-12e/edgecount_neighborhood_sweep_open/runner_outputs/N_87/drop_feature_length_scale/readout.md
domain_path_samples,causality,data/bmc12e_edgecount_sweep_configs/runs/BMC-12e/edgecount_neighborhood_sweep_open/runner_outputs/N_87/drop_feature_length_scale/repeat_metrics.csv,,,domain_guess=causality; relative_path=data/bmc12e_edgecount_sweep_configs/runs/BMC-12e/edgecount_neighborhood_sweep_open/runner_outputs/N_87/drop_feature_length_scale/repeat_metrics.csv
domain_path_samples,causality,data/bmc12e_edgecount_sweep_configs/runs/BMC-12e/edgecount_neighborhood_sweep_open/runner_outputs/N_87/drop_feature_length_scale/run_metadata.json,,,domain_guess=causality; relative_path=data/bmc12e_edgecount_sweep_configs/runs/BMC-12e/edgecount_neighborhood_sweep_open/runner_outputs/N_87/drop_feature_length_scale/run_metadata.json
domain_path_samples,causality,data/bmc12e_edgecount_sweep_configs/runs/BMC-12e/edgecount_neighborhood_sweep_open/runner_outputs/N_87/drop_feature_length_scale/strength_topalpha_025/arm_metrics.csv,,,domain_guess=causality; relative_path=data/bmc12e_edgecount_sweep_configs/runs/BMC-12e/edgecount_neighborhood_sweep_open/runner_outputs/N_87/drop_feature_length_scale/strength_topalpha_025/arm_metrics.csv
domain_path_samples,causality,data/bmc12e_edgecount_sweep_configs/runs/BMC-12e/edgecount_neighborhood_sweep_open/runner_outputs/N_87/drop_feature_length_scale/strength_topalpha_025/summary.json,,,domain_guess=causality; relative_path=data/bmc12e_edgecount_sweep_configs/runs/BMC-12e/edgecount_neighborhood_sweep_open/runner_outputs/N_87/drop_feature_length_scale/strength_topalpha_025/summary.json
domain_path_samples,causality,data/bmc12e_edgecount_sweep_configs/runs/BMC-12e/edgecount_neighborhood_sweep_open/runner_outputs/N_87/drop_feature_length_scale/strength_topalpha_050/arm_metrics.csv,,,domain_guess=causality; relative_path=data/bmc12e_edgecount_sweep_configs/runs/BMC-12e/edgecount_neighborhood_sweep_open/runner_outputs/N_87/drop_feature_length_scale/strength_topalpha_050/arm_metrics.csv
domain_path_samples,causality,data/bmc12e_edgecount_sweep_configs/runs/BMC-12e/edgecount_neighborhood_sweep_open/runner_outputs/N_87/drop_feature_length_scale/strength_topalpha_050/summary.json,,,domain_guess=causality; relative_path=data/bmc12e_edgecount_sweep_configs/runs/BMC-12e/edgecount_neighborhood_sweep_open/runner_outputs/N_87/drop_feature_length_scale/strength_topalpha_050/summary.json
domain_path_samples,causality,data/bmc12e_edgecount_sweep_configs/runs/BMC-12e/edgecount_neighborhood_sweep_open/runner_outputs/N_87/drop_feature_length_scale/strength_topk_6/arm_metrics.csv,,,domain_guess=causality; relative_path=data/bmc12e_edgecount_sweep_configs/runs/BMC-12e/edgecount_neighborhood_sweep_open/runner_outputs/N_87/drop_feature_length_scale/strength_topk_6/arm_metrics.csv
domain_path_samples,causality,data/bmc12e_edgecount_sweep_configs/runs/BMC-12e/edgecount_neighborhood_sweep_open/runner_outputs/N_87/drop_feature_length_scale/strength_topk_6/summary.json,,,domain_guess=causality; relative_path=data/bmc12e_edgecount_sweep_configs/runs/BMC-12e/edgecount_neighborhood_sweep_open/runner_outputs/N_87/drop_feature_length_scale/strength_topk_6/summary.json
domain_path_samples,causality,data/bmc12e_edgecount_sweep_configs/runs/BMC-12e/edgecount_neighborhood_sweep_open/runner_outputs/N_87/drop_feature_length_scale/summary.json,,,domain_guess=causality; relative_path=data/bmc12e_edgecount_sweep_configs/runs/BMC-12e/edgecount_neighborhood_sweep_open/runner_outputs/N_87/drop_feature_length_scale/summary.json
domain_path_samples,causality,data/bmc12e_edgecount_sweep_configs/runs/BMC-12e/edgecount_neighborhood_sweep_open/runner_outputs/N_87/drop_feature_length_scale/validation.json,,,domain_guess=causality; relative_path=data/bmc12e_edgecount_sweep_configs/runs/BMC-12e/edgecount_neighborhood_sweep_open/runner_outputs/N_87/drop_feature_length_scale/validation.json
domain_path_samples,causality,data/bmc12e_edgecount_sweep_configs/runs/BMC-12e/edgecount_neighborhood_sweep_open/runner_outputs/N_87/drop_feature_mode_frequency/backbone_variant_summary.csv,,,domain_guess=causality; relative_path=data/bmc12e_edgecount_sweep_configs/runs/BMC-12e/edgecount_neighborhood_sweep_open/runner_outputs/N_87/drop_feature_mode_frequency/backbone_variant_summary.csv
domain_path_samples,causality,data/bmc12e_edgecount_sweep_configs/runs/BMC-12e/edgecount_neighborhood_sweep_open/runner_outputs/N_87/drop_feature_mode_frequency/readout.md,,,domain_guess=causality; relative_path=data/bmc12e_edgecount_sweep_configs/runs/BMC-12e/edgecount_neighborhood_sweep_open/runner_outputs/N_87/drop_feature_mode_frequency/readout.md
domain_path_samples,causality,data/bmc12e_edgecount_sweep_configs/runs/BMC-12e/edgecount_neighborhood_sweep_open/runner_outputs/N_87/drop_feature_mode_frequency/repeat_metrics.csv,,,domain_guess=causality; relative_path=data/bmc12e_edgecount_sweep_configs/runs/BMC-12e/edgecount_neighborhood_sweep_open/runner_outputs/N_87/drop_feature_mode_frequency/repeat_metrics.csv
domain_path_samples,causality,data/bmc12e_edgecount_sweep_configs/runs/BMC-12e/edgecount_neighborhood_sweep_open/runner_outputs/N_87/drop_feature_mode_frequency/run_metadata.json,,,domain_guess=causality; relative_path=data/bmc12e_edgecount_sweep_configs/runs/BMC-12e/edgecount_neighborhood_sweep_open/runner_outputs/N_87/drop_feature_mode_frequency/run_metadata.json
domain_path_samples,causality,data/bmc12e_edgecount_sweep_configs/runs/BMC-12e/edgecount_neighborhood_sweep_open/runner_outputs/N_87/drop_feature_mode_frequency/strength_topalpha_025/arm_metrics.csv,,,domain_guess=causality; relative_path=data/bmc12e_edgecount_sweep_configs/runs/BMC-12e/edgecount_neighborhood_sweep_open/runner_outputs/N_87/drop_feature_mode_frequency/strength_topalpha_025/arm_metrics.csv
domain_path_samples,causality,data/bmc12e_edgecount_sweep_configs/runs/BMC-12e/edgecount_neighborhood_sweep_open/runner_outputs/N_87/drop_feature_mode_frequency/strength_topalpha_025/summary.json,,,domain_guess=causality; relative_path=data/bmc12e_edgecount_sweep_configs/runs/BMC-12e/edgecount_neighborhood_sweep_open/runner_outputs/N_87/drop_feature_mode_frequency/strength_topalpha_025/summary.json
domain_path_samples,causality,data/bmc12e_edgecount_sweep_configs/runs/BMC-12e/edgecount_neighborhood_sweep_open/runner_outputs/N_87/drop_feature_mode_frequency/strength_topalpha_050/arm_metrics.csv,,,domain_guess=causality; relative_path=data/bmc12e_edgecount_sweep_configs/runs/BMC-12e/edgecount_neighborhood_sweep_open/runner_outputs/N_87/drop_feature_mode_frequency/strength_topalpha_050/arm_metrics.csv
domain_path_samples,causality,data/bmc12e_edgecount_sweep_configs/runs/BMC-12e/edgecount_neighborhood_sweep_open/runner_outputs/N_87/drop_feature_mode_frequency/strength_topalpha_050/summary.json,,,domain_guess=causality; relative_path=data/bmc12e_edgecount_sweep_configs/runs/BMC-12e/edgecount_neighborhood_sweep_open/runner_outputs/N_87/drop_feature_mode_frequency/strength_topalpha_050/summary.json
domain_path_samples,causality,data/bmc12e_edgecount_sweep_configs/runs/BMC-12e/edgecount_neighborhood_sweep_open/runner_outputs/N_87/drop_feature_mode_frequency/strength_topk_6/arm_metrics.csv,,,domain_guess=causality; relative_path=data/bmc12e_edgecount_sweep_configs/runs/BMC-12e/edgecount_neighborhood_sweep_open/runner_outputs/N_87/drop_feature_mode_frequency/strength_topk_6/arm_metrics.csv
domain_path_samples,causality,data/bmc12e_edgecount_sweep_configs/runs/BMC-12e/edgecount_neighborhood_sweep_open/runner_outputs/N_87/drop_feature_mode_frequency/strength_topk_6/summary.json,,,domain_guess=causality; relative_path=data/bmc12e_edgecount_sweep_configs/runs/BMC-12e/edgecount_neighborhood_sweep_open/runner_outputs/N_87/drop_feature_mode_frequency/strength_topk_6/summary.json
domain_path_samples,causality,data/bmc12e_edgecount_sweep_configs/runs/BMC-12e/edgecount_neighborhood_sweep_open/runner_outputs/N_87/drop_feature_mode_frequency/summary.json,,,domain_guess=causality; relative_path=data/bmc12e_edgecount_sweep_configs/runs/BMC-12e/edgecount_neighborhood_sweep_open/runner_outputs/N_87/drop_feature_mode_frequency/summary.json
domain_path_samples,causality,data/bmc12e_edgecount_sweep_configs/runs/BMC-12e/edgecount_neighborhood_sweep_open/runner_outputs/N_87/drop_feature_mode_frequency/validation.json,,,domain_guess=causality; relative_path=data/bmc12e_edgecount_sweep_configs/runs/BMC-12e/edgecount_neighborhood_sweep_open/runner_outputs/N_87/drop_feature_mode_frequency/validation.json
domain_path_samples,causality,data/bmc12e_edgecount_sweep_configs/runs/BMC-12e/edgecount_neighborhood_sweep_open/runner_outputs/N_87/drop_feature_shape_factor/backbone_variant_summary.csv,,,domain_guess=causality; relative_path=data/bmc12e_edgecount_sweep_configs/runs/BMC-12e/edgecount_neighborhood_sweep_open/runner_outputs/N_87/drop_feature_shape_factor/backbone_variant_summary.csv
domain_path_samples,causality,data/bmc12e_edgecount_sweep_configs/runs/BMC-12e/edgecount_neighborhood_sweep_open/runner_outputs/N_87/drop_feature_shape_factor/readout.md,,,domain_guess=causality; relative_path=data/bmc12e_edgecount_sweep_configs/runs/BMC-12e/edgecount_neighborhood_sweep_open/runner_outputs/N_87/drop_feature_shape_factor/readout.md
domain_path_samples,causality,data/bmc12e_edgecount_sweep_configs/runs/BMC-12e/edgecount_neighborhood_sweep_open/runner_outputs/N_87/drop_feature_shape_factor/repeat_metrics.csv,,,domain_guess=causality; relative_path=data/bmc12e_edgecount_sweep_configs/runs/BMC-12e/edgecount_neighborhood_sweep_open/runner_outputs/N_87/drop_feature_shape_factor/repeat_metrics.csv
domain_path_samples,causality,data/bmc12e_edgecount_sweep_configs/runs/BMC-12e/edgecount_neighborhood_sweep_open/runner_outputs/N_87/drop_feature_shape_factor/run_metadata.json,,,domain_guess=causality; relative_path=data/bmc12e_edgecount_sweep_configs/runs/BMC-12e/edgecount_neighborhood_sweep_open/runner_outputs/N_87/drop_feature_shape_factor/run_metadata.json
domain_path_samples,causality,data/bmc12e_edgecount_sweep_configs/runs/BMC-12e/edgecount_neighborhood_sweep_open/runner_outputs/N_87/drop_feature_shape_factor/strength_topalpha_025/arm_metrics.csv,,,domain_guess=causality; relative_path=data/bmc12e_edgecount_sweep_configs/runs/BMC-12e/edgecount_neighborhood_sweep_open/runner_outputs/N_87/drop_feature_shape_factor/strength_topalpha_025/arm_metrics.csv
domain_path_samples,causality,data/bmc12e_edgecount_sweep_configs/runs/BMC-12e/edgecount_neighborhood_sweep_open/runner_outputs/N_87/drop_feature_shape_factor/strength_topalpha_025/summary.json,,,domain_guess=causality; relative_path=data/bmc12e_edgecount_sweep_configs/runs/BMC-12e/edgecount_neighborhood_sweep_open/runner_outputs/N_87/drop_feature_shape_factor/strength_topalpha_025/summary.json
domain_path_samples,causality,data/bmc12e_edgecount_sweep_configs/runs/BMC-12e/edgecount_neighborhood_sweep_open/runner_outputs/N_87/drop_feature_shape_factor/strength_topalpha_050/arm_metrics.csv,,,domain_guess=causality; relative_path=data/bmc12e_edgecount_sweep_configs/runs/BMC-12e/edgecount_neighborhood_sweep_open/runner_outputs/N_87/drop_feature_shape_factor/strength_topalpha_050/arm_metrics.csv
domain_path_samples,causality,data/bmc12e_edgecount_sweep_configs/runs/BMC-12e/edgecount_neighborhood_sweep_open/runner_outputs/N_87/drop_feature_shape_factor/strength_topalpha_050/summary.json,,,domain_guess=causality; relative_path=data/bmc12e_edgecount_sweep_configs/runs/BMC-12e/edgecount_neighborhood_sweep_open/runner_outputs/N_87/drop_feature_shape_factor/strength_topalpha_050/summary.json
domain_path_samples,causality,data/bmc12e_edgecount_sweep_configs/runs/BMC-12e/edgecount_neighborhood_sweep_open/runner_outputs/N_87/drop_feature_shape_factor/strength_topk_6/arm_metrics.csv,,,domain_guess=causality; relative_path=data/bmc12e_edgecount_sweep_configs/runs/BMC-12e/edgecount_neighborhood_sweep_open/runner_outputs/N_87/drop_feature_shape_factor/strength_topk_6/arm_metrics.csv
domain_path_samples,causality,data/bmc12e_edgecount_sweep_configs/runs/BMC-12e/edgecount_neighborhood_sweep_open/runner_outputs/N_87/drop_feature_shape_factor/strength_topk_6/summary.json,,,domain_guess=causality; relative_path=data/bmc12e_edgecount_sweep_configs/runs/BMC-12e/edgecount_neighborhood_sweep_open/runner_outputs/N_87/drop_feature_shape_factor/strength_topk_6/summary.json
domain_path_samples,causality,data/bmc12e_edgecount_sweep_configs/runs/BMC-12e/edgecount_neighborhood_sweep_open/runner_outputs/N_87/drop_feature_shape_factor/summary.json,,,domain_guess=causality; relative_path=data/bmc12e_edgecount_sweep_configs/runs/BMC-12e/edgecount_neighborhood_sweep_open/runner_outputs/N_87/drop_feature_shape_factor/summary.json
domain_path_samples,causality,data/bmc12e_edgecount_sweep_configs/runs/BMC-12e/edgecount_neighborhood_sweep_open/runner_outputs/N_87/drop_feature_shape_factor/validation.json,,,domain_guess=causality; relative_path=data/bmc12e_edgecount_sweep_configs/runs/BMC-12e/edgecount_neighborhood_sweep_open/runner_outputs/N_87/drop_feature_shape_factor/validation.json
domain_path_samples,causality,data/bmc12e_edgecount_sweep_configs/runs/BMC-12e/edgecount_neighborhood_sweep_open/runner_outputs/N_87/drop_feature_spectral_index/backbone_variant_summary.csv,,,domain_guess=causality; relative_path=data/bmc12e_edgecount_sweep_configs/runs/BMC-12e/edgecount_neighborhood_sweep_open/runner_outputs/N_87/drop_feature_spectral_index/backbone_variant_summary.csv
domain_path_samples,causality,data/bmc12e_edgecount_sweep_configs/runs/BMC-12e/edgecount_neighborhood_sweep_open/runner_outputs/N_87/drop_feature_spectral_index/readout.md,,,domain_guess=causality; relative_path=data/bmc12e_edgecount_sweep_configs/runs/BMC-12e/edgecount_neighborhood_sweep_open/runner_outputs/N_87/drop_feature_spectral_index/readout.md
domain_path_samples,causality,data/bmc12e_edgecount_sweep_configs/runs/BMC-12e/edgecount_neighborhood_sweep_open/runner_outputs/N_87/drop_feature_spectral_index/repeat_metrics.csv,,,domain_guess=causality; relative_path=data/bmc12e_edgecount_sweep_configs/runs/BMC-12e/edgecount_neighborhood_sweep_open/runner_outputs/N_87/drop_feature_spectral_index/repeat_metrics.csv
domain_path_samples,causality,data/bmc12e_edgecount_sweep_configs/runs/BMC-12e/edgecount_neighborhood_sweep_open/runner_outputs/N_87/drop_feature_spectral_index/run_metadata.json,,,domain_guess=causality; relative_path=data/bmc12e_edgecount_sweep_configs/runs/BMC-12e/edgecount_neighborhood_sweep_open/runner_outputs/N_87/drop_feature_spectral_index/run_metadata.json
domain_path_samples,causality,data/bmc12e_edgecount_sweep_configs/runs/BMC-12e/edgecount_neighborhood_sweep_open/runner_outputs/N_87/drop_feature_spectral_index/strength_topalpha_025/arm_metrics.csv,,,domain_guess=causality; relative_path=data/bmc12e_edgecount_sweep_configs/runs/BMC-12e/edgecount_neighborhood_sweep_open/runner_outputs/N_87/drop_feature_spectral_index/strength_topalpha_025/arm_metrics.csv
domain_path_samples,causality,data/bmc12e_edgecount_sweep_configs/runs/BMC-12e/edgecount_neighborhood_sweep_open/runner_outputs/N_87/drop_feature_spectral_index/strength_topalpha_025/summary.json,,,domain_guess=causality; relative_path=data/bmc12e_edgecount_sweep_configs/runs/BMC-12e/edgecount_neighborhood_sweep_open/runner_outputs/N_87/drop_feature_spectral_index/strength_topalpha_025/summary.json
domain_path_samples,causality,data/bmc12e_edgecount_sweep_configs/runs/BMC-12e/edgecount_neighborhood_sweep_open/runner_outputs/N_87/drop_feature_spectral_index/strength_topalpha_050/arm_metrics.csv,,,domain_guess=causality; relative_path=data/bmc12e_edgecount_sweep_configs/runs/BMC-12e/edgecount_neighborhood_sweep_open/runner_outputs/N_87/drop_feature_spectral_index/strength_topalpha_050/arm_metrics.csv
domain_path_samples,causality,data/bmc12e_edgecount_sweep_configs/runs/BMC-12e/edgecount_neighborhood_sweep_open/runner_outputs/N_87/drop_feature_spectral_index/strength_topalpha_050/summary.json,,,domain_guess=causality; relative_path=data/bmc12e_edgecount_sweep_configs/runs/BMC-12e/edgecount_neighborhood_sweep_open/runner_outputs/N_87/drop_feature_spectral_index/strength_topalpha_050/summary.json
domain_path_samples,causality,data/bmc12e_edgecount_sweep_configs/runs/BMC-12e/edgecount_neighborhood_sweep_open/runner_outputs/N_87/drop_feature_spectral_index/strength_topk_6/arm_metrics.csv,,,domain_guess=causality; relative_path=data/bmc12e_edgecount_sweep_configs/runs/BMC-12e/edgecount_neighborhood_sweep_open/runner_outputs/N_87/drop_feature_spectral_index/strength_topk_6/arm_metrics.csv
domain_path_samples,causality,data/bmc12e_edgecount_sweep_configs/runs/BMC-12e/edgecount_neighborhood_sweep_open/runner_outputs/N_87/drop_feature_spectral_index/strength_topk_6/summary.json,,,domain_guess=causality; relative_path=data/bmc12e_edgecount_sweep_configs/runs/BMC-12e/edgecount_neighborhood_sweep_open/runner_outputs/N_87/drop_feature_spectral_index/strength_topk_6/summary.json
domain_path_samples,causality,data/bmc12e_edgecount_sweep_configs/runs/BMC-12e/edgecount_neighborhood_sweep_open/runner_outputs/N_87/drop_feature_spectral_index/summary.json,,,domain_guess=causality; relative_path=data/bmc12e_edgecount_sweep_configs/runs/BMC-12e/edgecount_neighborhood_sweep_open/runner_outputs/N_87/drop_feature_spectral_index/summary.json
domain_path_samples,causality,data/bmc12e_edgecount_sweep_configs/runs/BMC-12e/edgecount_neighborhood_sweep_open/runner_outputs/N_87/drop_feature_spectral_index/validation.json,,,domain_guess=causality; relative_path=data/bmc12e_edgecount_sweep_configs/runs/BMC-12e/edgecount_neighborhood_sweep_open/runner_outputs/N_87/drop_feature_spectral_index/validation.json
domain_path_samples,causality,data/bmc12e_edgecount_sweep_configs/runs/BMC-12e/edgecount_neighborhood_sweep_open/runner_outputs/N_92/baseline_all_features/backbone_variant_summary.csv,,,domain_guess=causality; relative_path=data/bmc12e_edgecount_sweep_configs/runs/BMC-12e/edgecount_neighborhood_sweep_open/runner_outputs/N_92/baseline_all_features/backbone_variant_summary.csv
domain_path_samples,causality,data/bmc12e_edgecount_sweep_configs/runs/BMC-12e/edgecount_neighborhood_sweep_open/runner_outputs/N_92/baseline_all_features/readout.md,,,domain_guess=causality; relative_path=data/bmc12e_edgecount_sweep_configs/runs/BMC-12e/edgecount_neighborhood_sweep_open/runner_outputs/N_92/baseline_all_features/readout.md
domain_path_samples,causality,data/bmc12e_edgecount_sweep_configs/runs/BMC-12e/edgecount_neighborhood_sweep_open/runner_outputs/N_92/baseline_all_features/repeat_metrics.csv,,,domain_guess=causality; relative_path=data/bmc12e_edgecount_sweep_configs/runs/BMC-12e/edgecount_neighborhood_sweep_open/runner_outputs/N_92/baseline_all_features/repeat_metrics.csv
domain_path_samples,causality,data/bmc12e_edgecount_sweep_configs/runs/BMC-12e/edgecount_neighborhood_sweep_open/runner_outputs/N_92/baseline_all_features/run_metadata.json,,,domain_guess=causality; relative_path=data/bmc12e_edgecount_sweep_configs/runs/BMC-12e/edgecount_neighborhood_sweep_open/runner_outputs/N_92/baseline_all_features/run_metadata.json
domain_path_samples,causality,data/bmc12e_edgecount_sweep_configs/runs/BMC-12e/edgecount_neighborhood_sweep_open/runner_outputs/N_92/baseline_all_features/strength_topalpha_025/arm_metrics.csv,,,domain_guess=causality; relative_path=data/bmc12e_edgecount_sweep_configs/runs/BMC-12e/edgecount_neighborhood_sweep_open/runner_outputs/N_92/baseline_all_features/strength_topalpha_025/arm_metrics.csv
domain_path_samples,causality,data/bmc12e_edgecount_sweep_configs/runs/BMC-12e/edgecount_neighborhood_sweep_open/runner_outputs/N_92/baseline_all_features/strength_topalpha_025/summary.json,,,domain_guess=causality; relative_path=data/bmc12e_edgecount_sweep_configs/runs/BMC-12e/edgecount_neighborhood_sweep_open/runner_outputs/N_92/baseline_all_features/strength_topalpha_025/summary.json
domain_path_samples,causality,data/bmc12e_edgecount_sweep_configs/runs/BMC-12e/edgecount_neighborhood_sweep_open/runner_outputs/N_92/baseline_all_features/strength_topalpha_050/arm_metrics.csv,,,domain_guess=causality; relative_path=data/bmc12e_edgecount_sweep_configs/runs/BMC-12e/edgecount_neighborhood_sweep_open/runner_outputs/N_92/baseline_all_features/strength_topalpha_050/arm_metrics.csv
domain_path_samples,causality,data/bmc12e_edgecount_sweep_configs/runs/BMC-12e/edgecount_neighborhood_sweep_open/runner_outputs/N_92/baseline_all_features/strength_topalpha_050/summary.json,,,domain_guess=causality; relative_path=data/bmc12e_edgecount_sweep_configs/runs/BMC-12e/edgecount_neighborhood_sweep_open/runner_outputs/N_92/baseline_all_features/strength_topalpha_050/summary.json
domain_path_samples,causality,data/bmc12e_edgecount_sweep_configs/runs/BMC-12e/edgecount_neighborhood_sweep_open/runner_outputs/N_92/baseline_all_features/strength_topk_6/arm_metrics.csv,,,domain_guess=causality; relative_path=data/bmc12e_edgecount_sweep_configs/runs/BMC-12e/edgecount_neighborhood_sweep_open/runner_outputs/N_92/baseline_all_features/strength_topk_6/arm_metrics.csv
domain_path_samples,causality,data/bmc12e_edgecount_sweep_configs/runs/BMC-12e/edgecount_neighborhood_sweep_open/runner_outputs/N_92/baseline_all_features/strength_topk_6/summary.json,,,domain_guess=causality; relative_path=data/bmc12e_edgecount_sweep_configs/runs/BMC-12e/edgecount_neighborhood_sweep_open/runner_outputs/N_92/baseline_all_features/strength_topk_6/summary.json
domain_path_samples,causality,data/bmc12e_edgecount_sweep_configs/runs/BMC-12e/edgecount_neighborhood_sweep_open/runner_outputs/N_92/baseline_all_features/summary.json,,,domain_guess=causality; relative_path=data/bmc12e_edgecount_sweep_configs/runs/BMC-12e/edgecount_neighborhood_sweep_open/runner_outputs/N_92/baseline_all_features/summary.json
domain_path_samples,causality,data/bmc12e_edgecount_sweep_configs/runs/BMC-12e/edgecount_neighborhood_sweep_open/runner_outputs/N_92/baseline_all_features/validation.json,,,domain_guess=causality; relative_path=data/bmc12e_edgecount_sweep_configs/runs/BMC-12e/edgecount_neighborhood_sweep_open/runner_outputs/N_92/baseline_all_features/validation.json
domain_path_samples,causality,data/bmc12e_edgecount_sweep_configs/runs/BMC-12e/edgecount_neighborhood_sweep_open/runner_outputs/N_92/drop_feature_length_scale/backbone_variant_summary.csv,,,domain_guess=causality; relative_path=data/bmc12e_edgecount_sweep_configs/runs/BMC-12e/edgecount_neighborhood_sweep_open/runner_outputs/N_92/drop_feature_length_scale/backbone_variant_summary.csv
domain_path_samples,causality,data/bmc12e_edgecount_sweep_configs/runs/BMC-12e/edgecount_neighborhood_sweep_open/runner_outputs/N_92/drop_feature_length_scale/readout.md,,,domain_guess=causality; relative_path=data/bmc12e_edgecount_sweep_configs/runs/BMC-12e/edgecount_neighborhood_sweep_open/runner_outputs/N_92/drop_feature_length_scale/readout.md
domain_path_samples,causality,data/bmc12e_edgecount_sweep_configs/runs/BMC-12e/edgecount_neighborhood_sweep_open/runner_outputs/N_92/drop_feature_length_scale/repeat_metrics.csv,,,domain_guess=causality; relative_path=data/bmc12e_edgecount_sweep_configs/runs/BMC-12e/edgecount_neighborhood_sweep_open/runner_outputs/N_92/drop_feature_length_scale/repeat_metrics.csv
domain_path_samples,causality,data/bmc12e_edgecount_sweep_configs/runs/BMC-12e/edgecount_neighborhood_sweep_open/runner_outputs/N_92/drop_feature_length_scale/run_metadata.json,,,domain_guess=causality; relative_path=data/bmc12e_edgecount_sweep_configs/runs/BMC-12e/edgecount_neighborhood_sweep_open/runner_outputs/N_92/drop_feature_length_scale/run_metadata.json
domain_path_samples,causality,data/bmc12e_edgecount_sweep_configs/runs/BMC-12e/edgecount_neighborhood_sweep_open/runner_outputs/N_92/drop_feature_length_scale/strength_topalpha_025/arm_metrics.csv,,,domain_guess=causality; relative_path=data/bmc12e_edgecount_sweep_configs/runs/BMC-12e/edgecount_neighborhood_sweep_open/runner_outputs/N_92/drop_feature_length_scale/strength_topalpha_025/arm_metrics.csv
domain_path_samples,causality,data/bmc12e_edgecount_sweep_configs/runs/BMC-12e/edgecount_neighborhood_sweep_open/runner_outputs/N_92/drop_feature_length_scale/strength_topalpha_025/summary.json,,,domain_guess=causality; relative_path=data/bmc12e_edgecount_sweep_configs/runs/BMC-12e/edgecount_neighborhood_sweep_open/runner_outputs/N_92/drop_feature_length_scale/strength_topalpha_025/summary.json
domain_path_samples,causality,data/bmc12e_edgecount_sweep_configs/runs/BMC-12e/edgecount_neighborhood_sweep_open/runner_outputs/N_92/drop_feature_length_scale/strength_topalpha_050/arm_metrics.csv,,,domain_guess=causality; relative_path=data/bmc12e_edgecount_sweep_configs/runs/BMC-12e/edgecount_neighborhood_sweep_open/runner_outputs/N_92/drop_feature_length_scale/strength_topalpha_050/arm_metrics.csv
domain_path_samples,causality,data/bmc12e_edgecount_sweep_configs/runs/BMC-12e/edgecount_neighborhood_sweep_open/runner_outputs/N_92/drop_feature_length_scale/strength_topalpha_050/summary.json,,,domain_guess=causality; relative_path=data/bmc12e_edgecount_sweep_configs/runs/BMC-12e/edgecount_neighborhood_sweep_open/runner_outputs/N_92/drop_feature_length_scale/strength_topalpha_050/summary.json
domain_path_samples,causality,data/bmc12e_edgecount_sweep_configs/runs/BMC-12e/edgecount_neighborhood_sweep_open/runner_outputs/N_92/drop_feature_length_scale/strength_topk_6/arm_metrics.csv,,,domain_guess=causality; relative_path=data/bmc12e_edgecount_sweep_configs/runs/BMC-12e/edgecount_neighborhood_sweep_open/runner_outputs/N_92/drop_feature_length_scale/strength_topk_6/arm_metrics.csv
domain_path_samples,causality,data/bmc12e_edgecount_sweep_configs/runs/BMC-12e/edgecount_neighborhood_sweep_open/runner_outputs/N_92/drop_feature_length_scale/strength_topk_6/summary.json,,,domain_guess=causality; relative_path=data/bmc12e_edgecount_sweep_configs/runs/BMC-12e/edgecount_neighborhood_sweep_open/runner_outputs/N_92/drop_feature_length_scale/strength_topk_6/summary.json
domain_path_samples,causality,data/bmc12e_edgecount_sweep_configs/runs/BMC-12e/edgecount_neighborhood_sweep_open/runner_outputs/N_92/drop_feature_length_scale/summary.json,,,domain_guess=causality; relative_path=data/bmc12e_edgecount_sweep_configs/runs/BMC-12e/edgecount_neighborhood_sweep_open/runner_outputs/N_92/drop_feature_length_scale/summary.json
domain_path_samples,causality,data/bmc12e_edgecount_sweep_configs/runs/BMC-12e/edgecount_neighborhood_sweep_open/runner_outputs/N_92/drop_feature_length_scale/validation.json,,,domain_guess=causality; relative_path=data/bmc12e_edgecount_sweep_configs/runs/BMC-12e/edgecount_neighborhood_sweep_open/runner_outputs/N_92/drop_feature_length_scale/validation.json
domain_path_samples,causality,data/bmc12e_edgecount_sweep_configs/runs/BMC-12e/edgecount_neighborhood_sweep_open/runner_outputs/N_92/drop_feature_mode_frequency/backbone_variant_summary.csv,,,domain_guess=causality; relative_path=data/bmc12e_edgecount_sweep_configs/runs/BMC-12e/edgecount_neighborhood_sweep_open/runner_outputs/N_92/drop_feature_mode_frequency/backbone_variant_summary.csv
domain_path_samples,causality,data/bmc12e_edgecount_sweep_configs/runs/BMC-12e/edgecount_neighborhood_sweep_open/runner_outputs/N_92/drop_feature_mode_frequency/readout.md,,,domain_guess=causality; relative_path=data/bmc12e_edgecount_sweep_configs/runs/BMC-12e/edgecount_neighborhood_sweep_open/runner_outputs/N_92/drop_feature_mode_frequency/readout.md
domain_path_samples,causality,data/bmc12e_edgecount_sweep_configs/runs/BMC-12e/edgecount_neighborhood_sweep_open/runner_outputs/N_92/drop_feature_mode_frequency/repeat_metrics.csv,,,domain_guess=causality; relative_path=data/bmc12e_edgecount_sweep_configs/runs/BMC-12e/edgecount_neighborhood_sweep_open/runner_outputs/N_92/drop_feature_mode_frequency/repeat_metrics.csv
domain_path_samples,causality,data/bmc12e_edgecount_sweep_configs/runs/BMC-12e/edgecount_neighborhood_sweep_open/runner_outputs/N_92/drop_feature_mode_frequency/run_metadata.json,,,domain_guess=causality; relative_path=data/bmc12e_edgecount_sweep_configs/runs/BMC-12e/edgecount_neighborhood_sweep_open/runner_outputs/N_92/drop_feature_mode_frequency/run_metadata.json
domain_path_samples,causality,data/bmc12e_edgecount_sweep_configs/runs/BMC-12e/edgecount_neighborhood_sweep_open/runner_outputs/N_92/drop_feature_mode_frequency/strength_topalpha_025/arm_metrics.csv,,,domain_guess=causality; relative_path=data/bmc12e_edgecount_sweep_configs/runs/BMC-12e/edgecount_neighborhood_sweep_open/runner_outputs/N_92/drop_feature_mode_frequency/strength_topalpha_025/arm_metrics.csv
domain_path_samples,causality,data/bmc12e_edgecount_sweep_configs/runs/BMC-12e/edgecount_neighborhood_sweep_open/runner_outputs/N_92/drop_feature_mode_frequency/strength_topalpha_025/summary.json,,,domain_guess=causality; relative_path=data/bmc12e_edgecount_sweep_configs/runs/BMC-12e/edgecount_neighborhood_sweep_open/runner_outputs/N_92/drop_feature_mode_frequency/strength_topalpha_025/summary.json
domain_path_samples,causality,data/bmc12e_edgecount_sweep_configs/runs/BMC-12e/edgecount_neighborhood_sweep_open/runner_outputs/N_92/drop_feature_mode_frequency/strength_topalpha_050/arm_metrics.csv,,,domain_guess=causality; relative_path=data/bmc12e_edgecount_sweep_configs/runs/BMC-12e/edgecount_neighborhood_sweep_open/runner_outputs/N_92/drop_feature_mode_frequency/strength_topalpha_050/arm_metrics.csv
domain_path_samples,causality,data/bmc12e_edgecount_sweep_configs/runs/BMC-12e/edgecount_neighborhood_sweep_open/runner_outputs/N_92/drop_feature_mode_frequency/strength_topalpha_050/summary.json,,,domain_guess=causality; relative_path=data/bmc12e_edgecount_sweep_configs/runs/BMC-12e/edgecount_neighborhood_sweep_open/runner_outputs/N_92/drop_feature_mode_frequency/strength_topalpha_050/summary.json
domain_path_samples,causality,data/bmc12e_edgecount_sweep_configs/runs/BMC-12e/edgecount_neighborhood_sweep_open/runner_outputs/N_92/drop_feature_mode_frequency/strength_topk_6/arm_metrics.csv,,,domain_guess=causality; relative_path=data/bmc12e_edgecount_sweep_configs/runs/BMC-12e/edgecount_neighborhood_sweep_open/runner_outputs/N_92/drop_feature_mode_frequency/strength_topk_6/arm_metrics.csv
domain_path_samples,causality,data/bmc12e_edgecount_sweep_configs/runs/BMC-12e/edgecount_neighborhood_sweep_open/runner_outputs/N_92/drop_feature_mode_frequency/strength_topk_6/summary.json,,,domain_guess=causality; relative_path=data/bmc12e_edgecount_sweep_configs/runs/BMC-12e/edgecount_neighborhood_sweep_open/runner_outputs/N_92/drop_feature_mode_frequency/strength_topk_6/summary.json
domain_path_samples,causality,data/bmc12e_edgecount_sweep_configs/runs/BMC-12e/edgecount_neighborhood_sweep_open/runner_outputs/N_92/drop_feature_mode_frequency/summary.json,,,domain_guess=causality; relative_path=data/bmc12e_edgecount_sweep_configs/runs/BMC-12e/edgecount_neighborhood_sweep_open/runner_outputs/N_92/drop_feature_mode_frequency/summary.json
domain_path_samples,causality,data/bmc12e_edgecount_sweep_configs/runs/BMC-12e/edgecount_neighborhood_sweep_open/runner_outputs/N_92/drop_feature_mode_frequency/validation.json,,,domain_guess=causality; relative_path=data/bmc12e_edgecount_sweep_configs/runs/BMC-12e/edgecount_neighborhood_sweep_open/runner_outputs/N_92/drop_feature_mode_frequency/validation.json
domain_path_samples,causality,data/bmc12e_edgecount_sweep_configs/runs/BMC-12e/edgecount_neighborhood_sweep_open/runner_outputs/N_92/drop_feature_shape_factor/backbone_variant_summary.csv,,,domain_guess=causality; relative_path=data/bmc12e_edgecount_sweep_configs/runs/BMC-12e/edgecount_neighborhood_sweep_open/runner_outputs/N_92/drop_feature_shape_factor/backbone_variant_summary.csv
domain_path_samples,causality,data/bmc12e_edgecount_sweep_configs/runs/BMC-12e/edgecount_neighborhood_sweep_open/runner_outputs/N_92/drop_feature_shape_factor/readout.md,,,domain_guess=causality; relative_path=data/bmc12e_edgecount_sweep_configs/runs/BMC-12e/edgecount_neighborhood_sweep_open/runner_outputs/N_92/drop_feature_shape_factor/readout.md
domain_path_samples,causality,data/bmc12e_edgecount_sweep_configs/runs/BMC-12e/edgecount_neighborhood_sweep_open/runner_outputs/N_92/drop_feature_shape_factor/repeat_metrics.csv,,,domain_guess=causality; relative_path=data/bmc12e_edgecount_sweep_configs/runs/BMC-12e/edgecount_neighborhood_sweep_open/runner_outputs/N_92/drop_feature_shape_factor/repeat_metrics.csv
domain_path_samples,causality,data/bmc12e_edgecount_sweep_configs/runs/BMC-12e/edgecount_neighborhood_sweep_open/runner_outputs/N_92/drop_feature_shape_factor/run_metadata.json,,,domain_guess=causality; relative_path=data/bmc12e_edgecount_sweep_configs/runs/BMC-12e/edgecount_neighborhood_sweep_open/runner_outputs/N_92/drop_feature_shape_factor/run_metadata.json
domain_path_samples,causality,data/bmc12e_edgecount_sweep_configs/runs/BMC-12e/edgecount_neighborhood_sweep_open/runner_outputs/N_92/drop_feature_shape_factor/strength_topalpha_025/arm_metrics.csv,,,domain_guess=causality; relative_path=data/bmc12e_edgecount_sweep_configs/runs/BMC-12e/edgecount_neighborhood_sweep_open/runner_outputs/N_92/drop_feature_shape_factor/strength_topalpha_025/arm_metrics.csv
domain_path_samples,causality,data/bmc12e_edgecount_sweep_configs/runs/BMC-12e/edgecount_neighborhood_sweep_open/runner_outputs/N_92/drop_feature_shape_factor/strength_topalpha_025/summary.json,,,domain_guess=causality; relative_path=data/bmc12e_edgecount_sweep_configs/runs/BMC-12e/edgecount_neighborhood_sweep_open/runner_outputs/N_92/drop_feature_shape_factor/strength_topalpha_025/summary.json
domain_path_samples,causality,data/bmc12e_edgecount_sweep_configs/runs/BMC-12e/edgecount_neighborhood_sweep_open/runner_outputs/N_92/drop_feature_shape_factor/strength_topalpha_050/arm_metrics.csv,,,domain_guess=causality; relative_path=data/bmc12e_edgecount_sweep_configs/runs/BMC-12e/edgecount_neighborhood_sweep_open/runner_outputs/N_92/drop_feature_shape_factor/strength_topalpha_050/arm_metrics.csv
domain_path_samples,causality,data/bmc12e_edgecount_sweep_configs/runs/BMC-12e/edgecount_neighborhood_sweep_open/runner_outputs/N_92/drop_feature_shape_factor/strength_topalpha_050/summary.json,,,domain_guess=causality; relative_path=data/bmc12e_edgecount_sweep_configs/runs/BMC-12e/edgecount_neighborhood_sweep_open/runner_outputs/N_92/drop_feature_shape_factor/strength_topalpha_050/summary.json
domain_path_samples,causality,data/bmc12e_edgecount_sweep_configs/runs/BMC-12e/edgecount_neighborhood_sweep_open/runner_outputs/N_92/drop_feature_shape_factor/strength_topk_6/arm_metrics.csv,,,domain_guess=causality; relative_path=data/bmc12e_edgecount_sweep_configs/runs/BMC-12e/edgecount_neighborhood_sweep_open/runner_outputs/N_92/drop_feature_shape_factor/strength_topk_6/arm_metrics.csv
domain_path_samples,causality,data/bmc12e_edgecount_sweep_configs/runs/BMC-12e/edgecount_neighborhood_sweep_open/runner_outputs/N_92/drop_feature_shape_factor/strength_topk_6/summary.json,,,domain_guess=causality; relative_path=data/bmc12e_edgecount_sweep_configs/runs/BMC-12e/edgecount_neighborhood_sweep_open/runner_outputs/N_92/drop_feature_shape_factor/strength_topk_6/summary.json
domain_path_samples,causality,data/bmc12e_edgecount_sweep_configs/runs/BMC-12e/edgecount_neighborhood_sweep_open/runner_outputs/N_92/drop_feature_shape_factor/summary.json,,,domain_guess=causality; relative_path=data/bmc12e_edgecount_sweep_configs/runs/BMC-12e/edgecount_neighborhood_sweep_open/runner_outputs/N_92/drop_feature_shape_factor/summary.json
domain_path_samples,causality,data/bmc12e_edgecount_sweep_configs/runs/BMC-12e/edgecount_neighborhood_sweep_open/runner_outputs/N_92/drop_feature_shape_factor/validation.json,,,domain_guess=causality; relative_path=data/bmc12e_edgecount_sweep_configs/runs/BMC-12e/edgecount_neighborhood_sweep_open/runner_outputs/N_92/drop_feature_shape_factor/validation.json
domain_path_samples,causality,data/bmc12e_edgecount_sweep_configs/runs/BMC-12e/edgecount_neighborhood_sweep_open/runner_outputs/N_92/drop_feature_spectral_index/backbone_variant_summary.csv,,,domain_guess=causality; relative_path=data/bmc12e_edgecount_sweep_configs/runs/BMC-12e/edgecount_neighborhood_sweep_open/runner_outputs/N_92/drop_feature_spectral_index/backbone_variant_summary.csv
domain_path_samples,causality,data/bmc12e_edgecount_sweep_configs/runs/BMC-12e/edgecount_neighborhood_sweep_open/runner_outputs/N_92/drop_feature_spectral_index/readout.md,,,domain_guess=causality; relative_path=data/bmc12e_edgecount_sweep_configs/runs/BMC-12e/edgecount_neighborhood_sweep_open/runner_outputs/N_92/drop_feature_spectral_index/readout.md
domain_path_samples,causality,data/bmc12e_edgecount_sweep_configs/runs/BMC-12e/edgecount_neighborhood_sweep_open/runner_outputs/N_92/drop_feature_spectral_index/repeat_metrics.csv,,,domain_guess=causality; relative_path=data/bmc12e_edgecount_sweep_configs/runs/BMC-12e/edgecount_neighborhood_sweep_open/runner_outputs/N_92/drop_feature_spectral_index/repeat_metrics.csv
domain_path_samples,causality,data/bmc12e_edgecount_sweep_configs/runs/BMC-12e/edgecount_neighborhood_sweep_open/runner_outputs/N_92/drop_feature_spectral_index/run_metadata.json,,,domain_guess=causality; relative_path=data/bmc12e_edgecount_sweep_configs/runs/BMC-12e/edgecount_neighborhood_sweep_open/runner_outputs/N_92/drop_feature_spectral_index/run_metadata.json
domain_path_samples,causality,data/bmc12e_edgecount_sweep_configs/runs/BMC-12e/edgecount_neighborhood_sweep_open/runner_outputs/N_92/drop_feature_spectral_index/strength_topalpha_025/arm_metrics.csv,,,domain_guess=causality; relative_path=data/bmc12e_edgecount_sweep_configs/runs/BMC-12e/edgecount_neighborhood_sweep_open/runner_outputs/N_92/drop_feature_spectral_index/strength_topalpha_025/arm_metrics.csv
domain_path_samples,causality,data/bmc12e_edgecount_sweep_configs/runs/BMC-12e/edgecount_neighborhood_sweep_open/runner_outputs/N_92/drop_feature_spectral_index/strength_topalpha_025/summary.json,,,domain_guess=causality; relative_path=data/bmc12e_edgecount_sweep_configs/runs/BMC-12e/edgecount_neighborhood_sweep_open/runner_outputs/N_92/drop_feature_spectral_index/strength_topalpha_025/summary.json
domain_path_samples,causality,data/bmc12e_edgecount_sweep_configs/runs/BMC-12e/edgecount_neighborhood_sweep_open/runner_outputs/N_92/drop_feature_spectral_index/strength_topalpha_050/arm_metrics.csv,,,domain_guess=causality; relative_path=data/bmc12e_edgecount_sweep_configs/runs/BMC-12e/edgecount_neighborhood_sweep_open/runner_outputs/N_92/drop_feature_spectral_index/strength_topalpha_050/arm_metrics.csv
domain_path_samples,causality,data/bmc12e_edgecount_sweep_configs/runs/BMC-12e/edgecount_neighborhood_sweep_open/runner_outputs/N_92/drop_feature_spectral_index/strength_topalpha_050/summary.json,,,domain_guess=causality; relative_path=data/bmc12e_edgecount_sweep_configs/runs/BMC-12e/edgecount_neighborhood_sweep_open/runner_outputs/N_92/drop_feature_spectral_index/strength_topalpha_050/summary.json
domain_path_samples,causality,data/bmc12e_edgecount_sweep_configs/runs/BMC-12e/edgecount_neighborhood_sweep_open/runner_outputs/N_92/drop_feature_spectral_index/strength_topk_6/arm_metrics.csv,,,domain_guess=causality; relative_path=data/bmc12e_edgecount_sweep_configs/runs/BMC-12e/edgecount_neighborhood_sweep_open/runner_outputs/N_92/drop_feature_spectral_index/strength_topk_6/arm_metrics.csv
domain_path_samples,causality,data/bmc12e_edgecount_sweep_configs/runs/BMC-12e/edgecount_neighborhood_sweep_open/runner_outputs/N_92/drop_feature_spectral_index/strength_topk_6/summary.json,,,domain_guess=causality; relative_path=data/bmc12e_edgecount_sweep_configs/runs/BMC-12e/edgecount_neighborhood_sweep_open/runner_outputs/N_92/drop_feature_spectral_index/strength_topk_6/summary.json
domain_path_samples,causality,data/bmc12e_edgecount_sweep_configs/runs/BMC-12e/edgecount_neighborhood_sweep_open/runner_outputs/N_92/drop_feature_spectral_index/summary.json,,,domain_guess=causality; relative_path=data/bmc12e_edgecount_sweep_configs/runs/BMC-12e/edgecount_neighborhood_sweep_open/runner_outputs/N_92/drop_feature_spectral_index/summary.json
domain_path_samples,causality,data/bmc12e_edgecount_sweep_configs/runs/BMC-12e/edgecount_neighborhood_sweep_open/runner_outputs/N_92/drop_feature_spectral_index/validation.json,,,domain_guess=causality; relative_path=data/bmc12e_edgecount_sweep_configs/runs/BMC-12e/edgecount_neighborhood_sweep_open/runner_outputs/N_92/drop_feature_spectral_index/validation.json
domain_path_samples,causality,data/bmc12e_edgecount_sweep_inputs/N_70/baseline_all_features/baseline_relational_table_real.csv,,,domain_guess=causality; relative_path=data/bmc12e_edgecount_sweep_inputs/N_70/baseline_all_features/baseline_relational_table_real.csv
domain_path_samples,causality,data/bmc12e_edgecount_sweep_inputs/N_70/baseline_all_features/node_metadata_real.csv,,,domain_guess=causality; relative_path=data/bmc12e_edgecount_sweep_inputs/N_70/baseline_all_features/node_metadata_real.csv
domain_path_samples,causality,data/bmc12e_edgecount_sweep_inputs/N_70/drop_feature_length_scale/baseline_relational_table_real.csv,,,domain_guess=causality; relative_path=data/bmc12e_edgecount_sweep_inputs/N_70/drop_feature_length_scale/baseline_relational_table_real.csv
domain_path_samples,causality,data/bmc12e_edgecount_sweep_inputs/N_70/drop_feature_length_scale/node_metadata_real.csv,,,domain_guess=causality; relative_path=data/bmc12e_edgecount_sweep_inputs/N_70/drop_feature_length_scale/node_metadata_real.csv
domain_path_samples,causality,data/bmc12e_edgecount_sweep_inputs/N_70/drop_feature_mode_frequency/baseline_relational_table_real.csv,,,domain_guess=causality; relative_path=data/bmc12e_edgecount_sweep_inputs/N_70/drop_feature_mode_frequency/baseline_relational_table_real.csv
domain_path_samples,causality,data/bmc12e_edgecount_sweep_inputs/N_70/drop_feature_mode_frequency/node_metadata_real.csv,,,domain_guess=causality; relative_path=data/bmc12e_edgecount_sweep_inputs/N_70/drop_feature_mode_frequency/node_metadata_real.csv
domain_path_samples,causality,data/bmc12e_edgecount_sweep_inputs/N_70/drop_feature_shape_factor/baseline_relational_table_real.csv,,,domain_guess=causality; relative_path=data/bmc12e_edgecount_sweep_inputs/N_70/drop_feature_shape_factor/baseline_relational_table_real.csv
domain_path_samples,causality,data/bmc12e_edgecount_sweep_inputs/N_70/drop_feature_shape_factor/node_metadata_real.csv,,,domain_guess=causality; relative_path=data/bmc12e_edgecount_sweep_inputs/N_70/drop_feature_shape_factor/node_metadata_real.csv
domain_path_samples,causality,data/bmc12e_edgecount_sweep_inputs/N_70/drop_feature_spectral_index/baseline_relational_table_real.csv,,,domain_guess=causality; relative_path=data/bmc12e_edgecount_sweep_inputs/N_70/drop_feature_spectral_index/baseline_relational_table_real.csv
domain_path_samples,causality,data/bmc12e_edgecount_sweep_inputs/N_70/drop_feature_spectral_index/node_metadata_real.csv,,,domain_guess=causality; relative_path=data/bmc12e_edgecount_sweep_inputs/N_70/drop_feature_spectral_index/node_metadata_real.csv
domain_path_samples,causality,data/bmc12e_edgecount_sweep_inputs/N_75/baseline_all_features/baseline_relational_table_real.csv,,,domain_guess=causality; relative_path=data/bmc12e_edgecount_sweep_inputs/N_75/baseline_all_features/baseline_relational_table_real.csv
domain_path_samples,causality,data/bmc12e_edgecount_sweep_inputs/N_75/baseline_all_features/node_metadata_real.csv,,,domain_guess=causality; relative_path=data/bmc12e_edgecount_sweep_inputs/N_75/baseline_all_features/node_metadata_real.csv
domain_path_samples,causality,data/bmc12e_edgecount_sweep_inputs/N_75/drop_feature_length_scale/baseline_relational_table_real.csv,,,domain_guess=causality; relative_path=data/bmc12e_edgecount_sweep_inputs/N_75/drop_feature_length_scale/baseline_relational_table_real.csv
domain_path_samples,causality,data/bmc12e_edgecount_sweep_inputs/N_75/drop_feature_length_scale/node_metadata_real.csv,,,domain_guess=causality; relative_path=data/bmc12e_edgecount_sweep_inputs/N_75/drop_feature_length_scale/node_metadata_real.csv
domain_path_samples,causality,data/bmc12e_edgecount_sweep_inputs/N_75/drop_feature_mode_frequency/baseline_relational_table_real.csv,,,domain_guess=causality; relative_path=data/bmc12e_edgecount_sweep_inputs/N_75/drop_feature_mode_frequency/baseline_relational_table_real.csv
domain_path_samples,causality,data/bmc12e_edgecount_sweep_inputs/N_75/drop_feature_mode_frequency/node_metadata_real.csv,,,domain_guess=causality; relative_path=data/bmc12e_edgecount_sweep_inputs/N_75/drop_feature_mode_frequency/node_metadata_real.csv
domain_path_samples,causality,data/bmc12e_edgecount_sweep_inputs/N_75/drop_feature_shape_factor/baseline_relational_table_real.csv,,,domain_guess=causality; relative_path=data/bmc12e_edgecount_sweep_inputs/N_75/drop_feature_shape_factor/baseline_relational_table_real.csv
domain_path_samples,causality,data/bmc12e_edgecount_sweep_inputs/N_75/drop_feature_shape_factor/node_metadata_real.csv,,,domain_guess=causality; relative_path=data/bmc12e_edgecount_sweep_inputs/N_75/drop_feature_shape_factor/node_metadata_real.csv
domain_path_samples,causality,data/bmc12e_edgecount_sweep_inputs/N_75/drop_feature_spectral_index/baseline_relational_table_real.csv,,,domain_guess=causality; relative_path=data/bmc12e_edgecount_sweep_inputs/N_75/drop_feature_spectral_index/baseline_relational_table_real.csv
domain_path_samples,causality,data/bmc12e_edgecount_sweep_inputs/N_75/drop_feature_spectral_index/node_metadata_real.csv,,,domain_guess=causality; relative_path=data/bmc12e_edgecount_sweep_inputs/N_75/drop_feature_spectral_index/node_metadata_real.csv
domain_path_samples,causality,data/bmc12e_edgecount_sweep_inputs/N_81/baseline_all_features/baseline_relational_table_real.csv,,,domain_guess=causality; relative_path=data/bmc12e_edgecount_sweep_inputs/N_81/baseline_all_features/baseline_relational_table_real.csv
domain_path_samples,causality,data/bmc12e_edgecount_sweep_inputs/N_81/baseline_all_features/node_metadata_real.csv,,,domain_guess=causality; relative_path=data/bmc12e_edgecount_sweep_inputs/N_81/baseline_all_features/node_metadata_real.csv
review_note,artifact_level_not_semantics,confirmed,,,Domain overview views may be empty or partial until domain-specific loaders are reviewed.
