{
  "n_cases_total": 9,
  "n_branches_total": 3,
  "pair_within_overlap_top3": 0.5173121329889082,
  "pair_between_overlap_top3": 0.15702321128446808,
  "delta_p_within_overlap_top3": 0.5557589489809138,
  "delta_p_between_overlap_top3": 0.27141363471195623,
  "delta_p2_within_overlap_top3": 0.5173121329909295,
  "delta_p2_between_overlap_top3": 7.857458289030908e-52,
  "pair_separability_score": 0.36028892170444016,
  "delta_p_separability_score": 0.2843453142689576,
  "delta_p2_separability_score": 0.5173121329909295,
  "dominant_identity_level": "delta_p2_class",
  "final_label": "E3"
}