{
  "n_runs": 50,
  "theta": 0.03,
  "seeds": [
    1,
    2,
    3,
    4,
    5,
    6,
    7,
    8,
    9,
    10,
    11,
    12,
    13,
    14,
    15,
    16,
    17,
    18,
    19,
    20,
    21,
    22,
    23,
    24,
    25,
    26,
    27,
    28,
    29,
    30,
    31,
    32,
    33,
    34,
    35,
    36,
    37,
    38,
    39,
    40,
    41,
    42,
    43,
    44,
    45,
    46,
    47,
    48,
    49,
    50
  ],
  "connectivity": {
    "fully_connected_count": 34,
    "fully_connected_frac": 0.68,
    "fragmented_count": 16,
    "fragmented_frac": 0.32,
    "n_edges": {
      "n_defined": 50,
      "mean": 4.84,
      "median": 6.0,
      "pstdev": 1.7590906741836818,
      "min": 1,
      "max": 6,
      "neg_frac": 0.0,
      "zero_frac": 0.0,
      "pos_frac": 1.0
    },
    "n_components": {
      "n_defined": 50,
      "mean": 1.4,
      "median": 1.0,
      "pstdev": 0.6324555320336759,
      "min": 1,
      "max": 3,
      "neg_frac": 0.0,
      "zero_frac": 0.0,
      "pos_frac": 1.0
    },
    "largest_component_size": {
      "n_defined": 50,
      "mean": 3.56,
      "median": 4.0,
      "pstdev": 0.6974238309665077,
      "min": 2,
      "max": 4,
      "neg_frac": 0.0,
      "zero_frac": 0.0,
      "pos_frac": 1.0
    },
    "connected_pair_fraction": {
      "n_defined": 50,
      "mean": 0.8066666666666666,
      "median": 1.0,
      "pstdev": 0.29318177903061365,
      "min": 0.16666666666666666,
      "max": 1.0,
      "neg_frac": 0.0,
      "zero_frac": 0.0,
      "pos_frac": 1.0
    },
    "graph_diameter": {
      "n_defined": 50,
      "mean": 2.02,
      "median": 2.0,
      "pstdev": 0.6779380502671317,
      "min": 1.0,
      "max": 3.0,
      "neg_frac": 0.0,
      "zero_frac": 0.0,
      "pos_frac": 1.0
    }
  },
  "theta_structure": {
    "interval_index_stats": {
      "n_defined": 50,
      "mean": 2.82,
      "median": 3.0,
      "pstdev": 1.1258774356030057,
      "min": 0.0,
      "max": 5.0,
      "neg_frac": 0.0,
      "zero_frac": 0.02,
      "pos_frac": 0.98
    },
    "interval_indices": [
      3,
      1,
      2,
      2,
      3,
      5,
      4,
      1,
      2,
      4,
      3,
      4,
      3,
      3,
      4,
      2,
      3,
      3,
      5,
      2,
      3,
      5,
      3,
      3,
      1,
      2,
      3,
      3,
      3,
      3,
      2,
      2,
      3,
      2,
      3,
      3,
      1,
      4,
      2,
      2,
      3,
      4,
      4,
      3,
      2,
      1,
      4,
      0,
      3,
      5
    ]
  },
  "standard_pairs": {
    "d03_minus_d01": {
      "defined_fraction": 0.7,
      "stats_defined_only": {
        "n_defined": 35,
        "mean": 0.3023455052398367,
        "median": 0.35009197184195195,
        "pstdev": 0.9140175881762109,
        "min": -1.5079673849168849,
        "max": 1.7413729342684623,
        "neg_frac": 0.37142857142857144,
        "zero_frac": 0.0,
        "pos_frac": 0.6285714285714286
      },
      "reference_value": 0.5018856361262463,
      "reference_empirical_percentile": 0.5142857142857142
    },
    "d03_minus_d12": {
      "defined_fraction": 0.68,
      "stats_defined_only": {
        "n_defined": 34,
        "mean": 0.04027919621814941,
        "median": 0.1289650333974658,
        "pstdev": 1.408427392244769,
        "min": -3.047873684715756,
        "max": 2.7196373775592946,
        "neg_frac": 0.4117647058823529,
        "zero_frac": 0.0,
        "pos_frac": 0.5882352941176471
      },
      "reference_value": 0.5018856361262463,
      "reference_empirical_percentile": 0.6176470588235294
    },
    "d02_minus_d13": {
      "defined_fraction": 0.72,
      "stats_defined_only": {
        "n_defined": 36,
        "mean": 0.16587554637632282,
        "median": -0.034390137944866006,
        "pstdev": 1.2358078443368317,
        "min": -2.434808530917825,
        "max": 2.929870517195894,
        "neg_frac": 0.5555555555555556,
        "zero_frac": 0.0,
        "pos_frac": 0.4444444444444444
      },
      "reference_value": 0.0,
      "reference_empirical_percentile": 0.5555555555555556
    }
  }
}