run_id,source_path,matched_terms,artifact_kind
QSB-PLANCK-BRIDGE-RESONATOR-INPUT-ARTIFACT-ENRICHMENT-DWH-REPO-SCOUT-01,data/OUTREACH01A-06/public_profile_links.json,E_i,json
QSB-PLANCK-BRIDGE-RESONATOR-INPUT-ARTIFACT-ENRICHMENT-DWH-REPO-SCOUT-01,data/OUTREACH01A-06/source_inventory.md,E_i|lag|mode,md
QSB-PLANCK-BRIDGE-RESONATOR-INPUT-ARTIFACT-ENRICHMENT-DWH-REPO-SCOUT-01,data/OUTREACH01A-DTC-DEMO01/FIELD_LIST.md,E_i|Phase|lag|phase,md
QSB-PLANCK-BRIDGE-RESONATOR-INPUT-ARTIFACT-ENRICHMENT-DWH-REPO-SCOUT-01,data/OUTREACH01A-DTC-DEMO01/compact_contact_table_en.md,Phase|mode|phase,md
QSB-PLANCK-BRIDGE-RESONATOR-INPUT-ARTIFACT-ENRICHMENT-DWH-REPO-SCOUT-01,data/OUTREACH01A-DTC-DEMO01/compact_contact_table_es.md,Phase|mode|phase,md
QSB-PLANCK-BRIDGE-RESONATOR-INPUT-ARTIFACT-ENRICHMENT-DWH-REPO-SCOUT-01,data/OUTREACH01A-DTC-DEMO01/contact_figure_content_spec.md,Phase|mode|phase,md
QSB-PLANCK-BRIDGE-RESONATOR-INPUT-ARTIFACT-ENRICHMENT-DWH-REPO-SCOUT-01,data/OUTREACH01A-DTC-DEMO01/dtc_state_identity_records.json,E_i|Phase|mode|p_i|phase,json
QSB-PLANCK-BRIDGE-RESONATOR-INPUT-ARTIFACT-ENRICHMENT-DWH-REPO-SCOUT-01,data/OUTREACH01A-DTC-DEMO01/dtc_state_identity_schema.json,E_i|Phase|mode|phase,json
QSB-PLANCK-BRIDGE-RESONATOR-INPUT-ARTIFACT-ENRICHMENT-DWH-REPO-SCOUT-01,data/OUTREACH01A-DTC-DEMO01/field_aliases_de.json,E_i|Paar|Phase|lag|phase,json
QSB-PLANCK-BRIDGE-RESONATOR-INPUT-ARTIFACT-ENRICHMENT-DWH-REPO-SCOUT-01,data/OUTREACH01A-DTC-DEMO01/field_aliases_en.json,E_i|Phase|phase,json
QSB-PLANCK-BRIDGE-RESONATOR-INPUT-ARTIFACT-ENRICHMENT-DWH-REPO-SCOUT-01,data/OUTREACH01A-DTC-DEMO01/field_aliases_es.json,E_i|Phase|phase,json
QSB-PLANCK-BRIDGE-RESONATOR-INPUT-ARTIFACT-ENRICHMENT-DWH-REPO-SCOUT-01,data/QSB-BRIDGE-DATA-01/candidate_source_registry.csv,E_i|E_j|Matrix|Phase|frequency|mode|phase|phase_i|r_s,csv
QSB-PLANCK-BRIDGE-RESONATOR-INPUT-ARTIFACT-ENRICHMENT-DWH-REPO-SCOUT-01,data/QSB-BRIDGE-DATA-01/preflight_config.json,E_i|Matrix|Phase|frequency|mode|phase|phase_i,json
QSB-PLANCK-BRIDGE-RESONATOR-INPUT-ARTIFACT-ENRICHMENT-DWH-REPO-SCOUT-01,data/QSB-BRIDGE-DATA-02A/benzene_edges.csv,E_i,csv
QSB-PLANCK-BRIDGE-RESONATOR-INPUT-ARTIFACT-ENRICHMENT-DWH-REPO-SCOUT-01,data/QSB-BRIDGE-DATA-02A/benzene_nodes.csv,E_i,csv
QSB-PLANCK-BRIDGE-RESONATOR-INPUT-ARTIFACT-ENRICHMENT-DWH-REPO-SCOUT-01,data/QSB-BRIDGE-DATA-02A/c60_edges.csv,E_i,csv
QSB-PLANCK-BRIDGE-RESONATOR-INPUT-ARTIFACT-ENRICHMENT-DWH-REPO-SCOUT-01,data/QSB-BRIDGE-DATA-02A/c60_faces.csv,E_i,csv
QSB-PLANCK-BRIDGE-RESONATOR-INPUT-ARTIFACT-ENRICHMENT-DWH-REPO-SCOUT-01,data/QSB-BRIDGE-DATA-02A/c60_nodes.csv,E_i,csv
QSB-PLANCK-BRIDGE-RESONATOR-INPUT-ARTIFACT-ENRICHMENT-DWH-REPO-SCOUT-01,data/QSB-BRIDGE-DATA-02A/sp2_contrast_config.json,Phase|phase,json
QSB-PLANCK-BRIDGE-RESONATOR-INPUT-ARTIFACT-ENRICHMENT-DWH-REPO-SCOUT-01,data/QSB-BRIDGE-DATA-02A/sp2_contrast_manifest.json,Phase|phase,json
QSB-PLANCK-BRIDGE-RESONATOR-INPUT-ARTIFACT-ENRICHMENT-DWH-REPO-SCOUT-01,data/QSB-BRIDGE-DATA-02B/adamantane_edges.csv,E_i,csv
QSB-PLANCK-BRIDGE-RESONATOR-INPUT-ARTIFACT-ENRICHMENT-DWH-REPO-SCOUT-01,data/QSB-BRIDGE-DATA-02B/adamantane_nodes.csv,E_i,csv
QSB-PLANCK-BRIDGE-RESONATOR-INPUT-ARTIFACT-ENRICHMENT-DWH-REPO-SCOUT-01,data/QSB-BRIDGE-DATA-02B/carbon_bonding_organization_config.json,r_s,json
QSB-PLANCK-BRIDGE-RESONATOR-INPUT-ARTIFACT-ENRICHMENT-DWH-REPO-SCOUT-01,data/QSB-BRIDGE-DATA-02B/carbon_bonding_organization_manifest.json,r_s,json
QSB-PLANCK-BRIDGE-RESONATOR-INPUT-ARTIFACT-ENRICHMENT-DWH-REPO-SCOUT-01,data/QSB-BRIDGE-DATA-02B/carbon_ladder_edges.csv,E_i|r_s,csv
QSB-PLANCK-BRIDGE-RESONATOR-INPUT-ARTIFACT-ENRICHMENT-DWH-REPO-SCOUT-01,data/QSB-BRIDGE-DATA-02B/carbon_ladder_nodes.csv,E_i|r_s,csv
QSB-PLANCK-BRIDGE-RESONATOR-INPUT-ARTIFACT-ENRICHMENT-DWH-REPO-SCOUT-01,data/QSB-BRIDGE-DATA-02B/ethyne_edges.csv,E_i|r_s,csv
QSB-PLANCK-BRIDGE-RESONATOR-INPUT-ARTIFACT-ENRICHMENT-DWH-REPO-SCOUT-01,data/QSB-BRIDGE-DATA-02B/ethyne_nodes.csv,E_i|r_s,csv
QSB-PLANCK-BRIDGE-RESONATOR-INPUT-ARTIFACT-ENRICHMENT-DWH-REPO-SCOUT-01,data/QSB-BRIDGE-DATA-02C/control_edges.csv,E_i|r_s,csv
QSB-PLANCK-BRIDGE-RESONATOR-INPUT-ARTIFACT-ENRICHMENT-DWH-REPO-SCOUT-01,data/QSB-BRIDGE-DATA-02C/control_ensemble_config.json,r_s,json
QSB-PLANCK-BRIDGE-RESONATOR-INPUT-ARTIFACT-ENRICHMENT-DWH-REPO-SCOUT-01,data/QSB-BRIDGE-DATA-02C/control_ensemble_manifest.json,r_s,json
QSB-PLANCK-BRIDGE-RESONATOR-INPUT-ARTIFACT-ENRICHMENT-DWH-REPO-SCOUT-01,data/QSB-BRIDGE-DATA-02C/control_family_summary.csv,r_s,csv
QSB-PLANCK-BRIDGE-RESONATOR-INPUT-ARTIFACT-ENRICHMENT-DWH-REPO-SCOUT-01,data/QSB-BRIDGE-DATA-02C/control_nodes.csv,E_i|r_s,csv
QSB-PLANCK-BRIDGE-RESONATOR-INPUT-ARTIFACT-ENRICHMENT-DWH-REPO-SCOUT-01,data/QSB-BRIDGE-DATA-02C/control_validation_summary.csv,r_s,csv
QSB-PLANCK-BRIDGE-RESONATOR-INPUT-ARTIFACT-ENRICHMENT-DWH-REPO-SCOUT-01,data/QSB-BRIDGE-DATA-02D/control_diagnostic_summary.csv,lag|r_s,csv
QSB-PLANCK-BRIDGE-RESONATOR-INPUT-ARTIFACT-ENRICHMENT-DWH-REPO-SCOUT-01,data/QSB-BRIDGE-DATA-02D/highest_risk_mimic_diagnostic.csv,lag,csv
QSB-PLANCK-BRIDGE-RESONATOR-INPUT-ARTIFACT-ENRICHMENT-DWH-REPO-SCOUT-01,data/QSB-BRIDGE-DATA-02D/original_vs_control_separation.csv,lag|r_s,csv
QSB-PLANCK-BRIDGE-RESONATOR-INPUT-ARTIFACT-ENRICHMENT-DWH-REPO-SCOUT-01,data/QSB-BRIDGE-DATA-02E/README.md,E_i,md
QSB-PLANCK-BRIDGE-RESONATOR-INPUT-ARTIFACT-ENRICHMENT-DWH-REPO-SCOUT-01,data/QSB-BRIDGE-DATA-02E/control_destruction_effectiveness_summary.csv,lag|mode|r_s,csv
QSB-PLANCK-BRIDGE-RESONATOR-INPUT-ARTIFACT-ENRICHMENT-DWH-REPO-SCOUT-01,data/QSB-BRIDGE-DATA-02E/control_mimic_failure_inventory.csv,E_i|lag|mode|r_s,csv
QSB-PLANCK-BRIDGE-RESONATOR-INPUT-ARTIFACT-ENRICHMENT-DWH-REPO-SCOUT-01,data/QSB-BRIDGE-DATA-02E/control_mimicry_revision_manifest.json,E_i,json
QSB-PLANCK-BRIDGE-RESONATOR-INPUT-ARTIFACT-ENRICHMENT-DWH-REPO-SCOUT-01,data/QSB-BRIDGE-DATA-02E/diagnostic_specificity_summary.csv,mode,csv
QSB-PLANCK-BRIDGE-RESONATOR-INPUT-ARTIFACT-ENRICHMENT-DWH-REPO-SCOUT-01,data/QSB-BRIDGE-DATA-02E/mimic_family_risk_summary.csv,lag|mode|r_s,csv
QSB-PLANCK-BRIDGE-RESONATOR-INPUT-ARTIFACT-ENRICHMENT-DWH-REPO-SCOUT-01,data/QSB-BRIDGE-DATA-02E/revision_recommendation_summary.csv,lag|mode|r_s,csv
QSB-PLANCK-BRIDGE-RESONATOR-INPUT-ARTIFACT-ENRICHMENT-DWH-REPO-SCOUT-01,data/QSB-CAUSALITY06B-02/FIELD_LIST.md,E_i|r_s,md
QSB-PLANCK-BRIDGE-RESONATOR-INPUT-ARTIFACT-ENRICHMENT-DWH-REPO-SCOUT-01,data/QSB-CAUSALITY06B-02/candidate_state_record_schema.json,E_i|r_s,json
QSB-PLANCK-BRIDGE-RESONATOR-INPUT-ARTIFACT-ENRICHMENT-DWH-REPO-SCOUT-01,data/QSB-CAUSALITY06B-02/example_candidate_state_records.json,E_i|r_s,json
QSB-PLANCK-BRIDGE-RESONATOR-INPUT-ARTIFACT-ENRICHMENT-DWH-REPO-SCOUT-01,data/QSB-CAUSALITY06B-04/field_aliases_de.json,E_i|Kandidat,json
QSB-PLANCK-BRIDGE-RESONATOR-INPUT-ARTIFACT-ENRICHMENT-DWH-REPO-SCOUT-01,data/QSB-CAUSALITY06B-04/inner_sphere_et_state_records.json,E_i|r_s,json
QSB-PLANCK-BRIDGE-RESONATOR-INPUT-ARTIFACT-ENRICHMENT-DWH-REPO-SCOUT-01,data/QSB-CAUSALITY06B-04/source_inventory.md,E_i,md
QSB-PLANCK-BRIDGE-RESONATOR-INPUT-ARTIFACT-ENRICHMENT-DWH-REPO-SCOUT-01,data/QSB-CAUSALITY06B-04/transition_candidates.json,E_i,json
QSB-PLANCK-BRIDGE-RESONATOR-INPUT-ARTIFACT-ENRICHMENT-DWH-REPO-SCOUT-01,data/QSB-CAUSALITY06B-05/field_aliases_de.json,E_i|lag,json
QSB-PLANCK-BRIDGE-RESONATOR-INPUT-ARTIFACT-ENRICHMENT-DWH-REPO-SCOUT-01,data/QSB-CAUSALITY06B-05/negative_control_state_pairs.json,E_i|mode|r_s,json
QSB-PLANCK-BRIDGE-RESONATOR-INPUT-ARTIFACT-ENRICHMENT-DWH-REPO-SCOUT-01,data/QSB-CAUSALITY06B-05/robustness_test_cases.json,E_i|mode|r_s,json
QSB-PLANCK-BRIDGE-RESONATOR-INPUT-ARTIFACT-ENRICHMENT-DWH-REPO-SCOUT-01,data/QSB-CAUSALITY06B-06/field_aliases_de.json,E_i|Kandidat|Modus|lag|mode,json
QSB-PLANCK-BRIDGE-RESONATOR-INPUT-ARTIFACT-ENRICHMENT-DWH-REPO-SCOUT-01,data/QSB-CAUSALITY06B-06/oxalate_case_state_records.json,E_i|mode|r_s,json
QSB-PLANCK-BRIDGE-RESONATOR-INPUT-ARTIFACT-ENRICHMENT-DWH-REPO-SCOUT-01,data/QSB-CAUSALITY06B-06/oxalate_transition_candidates.json,E_i,json
QSB-PLANCK-BRIDGE-RESONATOR-INPUT-ARTIFACT-ENRICHMENT-DWH-REPO-SCOUT-01,data/QSB-CAUSALITY06B-06/source_inventory.md,E_i|r_s,md
QSB-PLANCK-BRIDGE-RESONATOR-INPUT-ARTIFACT-ENRICHMENT-DWH-REPO-SCOUT-01,data/QSB-CAUSALITY07-02/cycle_phase_rules.json,E_i|Phase|mode|phase|phase_i|r_s,json
QSB-PLANCK-BRIDGE-RESONATOR-INPUT-ARTIFACT-ENRICHMENT-DWH-REPO-SCOUT-01,data/QSB-CAUSALITY07-02/field_aliases_de.json,E_i|Modus|Phase|mode|phase|phase_i,json
QSB-PLANCK-BRIDGE-RESONATOR-INPUT-ARTIFACT-ENRICHMENT-DWH-REPO-SCOUT-01,data/QSB-CAUSALITY07-02/oregonator_config.json,E_i|Phase|mode|phase|r_s,json
QSB-PLANCK-BRIDGE-RESONATOR-INPUT-ARTIFACT-ENRICHMENT-DWH-REPO-SCOUT-01,data/QSB-CAUSALITY07-02/source_inventory.md,E_i|Phase|mode|phase,md
QSB-PLANCK-BRIDGE-RESONATOR-INPUT-ARTIFACT-ENRICHMENT-DWH-REPO-SCOUT-01,data/QSB-CAUSALITY07-03/cycle_semantics_hardening_config.json,Phase|phase,json
QSB-PLANCK-BRIDGE-RESONATOR-INPUT-ARTIFACT-ENRICHMENT-DWH-REPO-SCOUT-01,data/QSB-CAUSALITY07-04/causal_condition_registry.json,Phase|mode|phase,json
QSB-PLANCK-BRIDGE-RESONATOR-INPUT-ARTIFACT-ENRICHMENT-DWH-REPO-SCOUT-01,data/QSB-CAUSALITY07-04/controlled_causal_structure_config.json,E_i|Phase|phase,json
QSB-PLANCK-BRIDGE-RESONATOR-INPUT-ARTIFACT-ENRICHMENT-DWH-REPO-SCOUT-01,data/QSB-CAUSALITY07-04A/independent_transition_reconstruction_config.json,E_i|Phase|frequency|phase,json
QSB-PLANCK-BRIDGE-RESONATOR-INPUT-ARTIFACT-ENRICHMENT-DWH-REPO-SCOUT-01,data/QSB-CAUSALITY07-04A/reconstruction_rule_registry.json,E_i|Phase|phase|r_s,json
QSB-PLANCK-BRIDGE-RESONATOR-INPUT-ARTIFACT-ENRICHMENT-DWH-REPO-SCOUT-01,data/QSB-CAUSALITY07-04B/calibration_metric_registry.json,E_i,json
QSB-PLANCK-BRIDGE-RESONATOR-INPUT-ARTIFACT-ENRICHMENT-DWH-REPO-SCOUT-01,data/QSB-CAUSALITY07-04B/heuristic_calibration_config.json,Matrix|Phase|frequency|mode|phase|r_s,json
QSB-PLANCK-BRIDGE-RESONATOR-INPUT-ARTIFACT-ENRICHMENT-DWH-REPO-SCOUT-01,data/QSB-CAUSALITY07-04C/fine_calibration_metric_registry.json,lag,json
QSB-PLANCK-BRIDGE-RESONATOR-INPUT-ARTIFACT-ENRICHMENT-DWH-REPO-SCOUT-01,data/QSB-CAUSALITY07-04C/fine_calibration_sweep_config.json,Phase|frequency|mode|p_i|phase,json
QSB-PLANCK-BRIDGE-RESONATOR-INPUT-ARTIFACT-ENRICHMENT-DWH-REPO-SCOUT-01,data/QSB-CORRCORE01/correlation_core_claim_boundary_registry.json,Matrix|lag|mode,json
QSB-PLANCK-BRIDGE-RESONATOR-INPUT-ARTIFACT-ENRICHMENT-DWH-REPO-SCOUT-01,data/QSB-CORRCORE01/correlation_core_cross_strand_map.json,mode,json
QSB-PLANCK-BRIDGE-RESONATOR-INPUT-ARTIFACT-ENRICHMENT-DWH-REPO-SCOUT-01,data/QSB-CORRCORE01/correlation_core_equation_registry.json,Matrix|mode,json
QSB-PLANCK-BRIDGE-RESONATOR-INPUT-ARTIFACT-ENRICHMENT-DWH-REPO-SCOUT-01,data/QSB-CORRCORE01/correlation_core_object_registry.json,E_i|Matrix|Phase|lag|mode|phase,json
QSB-PLANCK-BRIDGE-RESONATOR-INPUT-ARTIFACT-ENRICHMENT-DWH-REPO-SCOUT-01,data/QSB-CORRCORE01/correlation_core_quantity_registry.json,Matrix|Phase|mode|phase,json
QSB-PLANCK-BRIDGE-RESONATOR-INPUT-ARTIFACT-ENRICHMENT-DWH-REPO-SCOUT-01,data/QSB-CORRCORE01/correlation_core_source_inventory.json,E_i|Matrix|mode,json
QSB-PLANCK-BRIDGE-RESONATOR-INPUT-ARTIFACT-ENRICHMENT-DWH-REPO-SCOUT-01,data/QSB-DB/schema/qsb_research_db_schema.sql,E_i|lag|mode|p_i,sql
QSB-PLANCK-BRIDGE-RESONATOR-INPUT-ARTIFACT-ENRICHMENT-DWH-REPO-SCOUT-01,data/QSB-META01-01/repository_metadata_inventory_config.json,E_i,json
QSB-PLANCK-BRIDGE-RESONATOR-INPUT-ARTIFACT-ENRICHMENT-DWH-REPO-SCOUT-01,data/QSB-META01-02/canonical_metadata_contract_config.json,E_i|Matrix|mode,json
QSB-PLANCK-BRIDGE-RESONATOR-INPUT-ARTIFACT-ENRICHMENT-DWH-REPO-SCOUT-01,data/QSB-META01-02/canonical_metadata_schema.sql,E_i|mode,sql
QSB-PLANCK-BRIDGE-RESONATOR-INPUT-ARTIFACT-ENRICHMENT-DWH-REPO-SCOUT-01,data/QSB-META01-02/controlled_vocabularies.json,lag|mode,json
QSB-PLANCK-BRIDGE-RESONATOR-INPUT-ARTIFACT-ENRICHMENT-DWH-REPO-SCOUT-01,data/QSB-META01-02/example_metadata_records.json,E_i|mode,json
QSB-PLANCK-BRIDGE-RESONATOR-INPUT-ARTIFACT-ENRICHMENT-DWH-REPO-SCOUT-01,data/QSB-META01-02/unit_dimension_registry.json,E_i|Phase|mode|phase,json
QSB-PLANCK-BRIDGE-RESONATOR-INPUT-ARTIFACT-ENRICHMENT-DWH-REPO-SCOUT-01,data/QSB-META01-03/causality07_metadata_mapping.json,E_i|Phase|mode|phase,json
QSB-PLANCK-BRIDGE-RESONATOR-INPUT-ARTIFACT-ENRICHMENT-DWH-REPO-SCOUT-01,data/QSB-META01-03/causality07_pilot_metadata_config.json,mode,json
QSB-PLANCK-BRIDGE-RESONATOR-INPUT-ARTIFACT-ENRICHMENT-DWH-REPO-SCOUT-01,data/QSB-META02/cross_mart_key_mapping_schema.json,E_i,json
QSB-PLANCK-BRIDGE-RESONATOR-INPUT-ARTIFACT-ENRICHMENT-DWH-REPO-SCOUT-01,data/QSB-META02/cross_mart_seed_mappings.json,E_i|E_j|Matrix|Phase|mode|p_i|phase,json
QSB-PLANCK-BRIDGE-RESONATOR-INPUT-ARTIFACT-ENRICHMENT-DWH-REPO-SCOUT-01,data/QSB-META02/cross_mart_semantic_relation_registry.json,E_i|Phase|phase,json
QSB-PLANCK-BRIDGE-RESONATOR-INPUT-ARTIFACT-ENRICHMENT-DWH-REPO-SCOUT-01,data/QSB-META02/cross_mart_transformation_rule_registry.json,E_i|Matrix|Phase|mode|phase,json
QSB-PLANCK-BRIDGE-RESONATOR-INPUT-ARTIFACT-ENRICHMENT-DWH-REPO-SCOUT-01,data/QSB-OUTREACH01A/001_qsb_outreach01a_sqlite_dwh_ddl.sql,E_i|E_j|Phase|mode|pair_id|phase|r_s,sql
QSB-PLANCK-BRIDGE-RESONATOR-INPUT-ARTIFACT-ENRICHMENT-DWH-REPO-SCOUT-01,data/QSB-OUTREACH01A/002_qsb_outreach01a_sqlite_views.sql,E_i|E_j|Paar|Phase|mode|phase|r_s,sql
QSB-PLANCK-BRIDGE-RESONATOR-INPUT-ARTIFACT-ENRICHMENT-DWH-REPO-SCOUT-01,data/QSB-OUTREACH01A/canonical_schema.json,E_i|E_j|Phase|mode|phase,json
QSB-PLANCK-BRIDGE-RESONATOR-INPUT-ARTIFACT-ENRICHMENT-DWH-REPO-SCOUT-01,data/QSB-OUTREACH01A/field_aliases.csv,E_i|E_j|Phase|phase|r_s,csv
QSB-PLANCK-BRIDGE-RESONATOR-INPUT-ARTIFACT-ENRICHMENT-DWH-REPO-SCOUT-01,data/QSB-OUTREACH01A/synthetic_demonstrator_config.yaml,E_i|lag|mode,yaml
QSB-PLANCK-BRIDGE-RESONATOR-INPUT-ARTIFACT-ENRICHMENT-DWH-REPO-SCOUT-01,data/QSB-ST-IDSPACE-CPNS04/idspace_cpns04_example_records.json,E_i|Phase|lag|p_i|phase,json
QSB-PLANCK-BRIDGE-RESONATOR-INPUT-ARTIFACT-ENRICHMENT-DWH-REPO-SCOUT-01,data/QSB-ST-IDSPACE-CPNS04/idspace_cpns04_minimal_schema.json,E_i|Phase|lag|p_i|phase,json
QSB-PLANCK-BRIDGE-RESONATOR-INPUT-ARTIFACT-ENRICHMENT-DWH-REPO-SCOUT-01,data/QSB-ST-MATTER-SIGNATURE-CANONICALIZATION/archival_cluster_inventory.csv,E_i|mode|r_s,csv
QSB-PLANCK-BRIDGE-RESONATOR-INPUT-ARTIFACT-ENRICHMENT-DWH-REPO-SCOUT-01,data/QSB-ST-MATTER-SIGNATURE-CANONICALIZATION/canonical_rerun_map.csv,E_i|mode|r_s,csv
QSB-PLANCK-BRIDGE-RESONATOR-INPUT-ARTIFACT-ENRICHMENT-DWH-REPO-SCOUT-01,data/QSB-ST-MATTER-SIGNATURE-CANONICALIZATION/preregistered_hypotheses.csv,E_i|mode|r_s,csv
QSB-PLANCK-BRIDGE-RESONATOR-INPUT-ARTIFACT-ENRICHMENT-DWH-REPO-SCOUT-01,data/QSB-ST-MATTER-SIGNATURE-CANONICALIZATION/provenance_status_table.csv,E_i|mode|r_s,csv
QSB-PLANCK-BRIDGE-RESONATOR-INPUT-ARTIFACT-ENRICHMENT-DWH-REPO-SCOUT-01,data/QSB-ST-MATTER-SIGNATURE-CANONICALIZATION/recovered_file_manifest.csv,E_i|Phase|mode|phase|r_s,csv
QSB-PLANCK-BRIDGE-RESONATOR-INPUT-ARTIFACT-ENRICHMENT-DWH-REPO-SCOUT-01,data/QSB-ST-SHAPIROINFO/correction_state_sidecar_template.yaml,Phase|lag|mode|phase|r_s,yaml
QSB-PLANCK-BRIDGE-RESONATOR-INPUT-ARTIFACT-ENRICHMENT-DWH-REPO-SCOUT-01,data/QSB-ST-SHAPIROINFO/j0740_6620_download_manifest_manual_review.yaml,E_i|lag|mode|r_s,yaml
QSB-PLANCK-BRIDGE-RESONATOR-INPUT-ARTIFACT-ENRICHMENT-DWH-REPO-SCOUT-01,data/QSB-ST-SHAPIROINFO/j0740_6620_file_link_metadata_review.yaml,lag|mode,yaml
QSB-PLANCK-BRIDGE-RESONATOR-INPUT-ARTIFACT-ENRICHMENT-DWH-REPO-SCOUT-01,data/QSB-ST-SHAPIROINFO/manual_evidence/dwh14a_high_priority_manual_evidence.csv,frequency|mode,csv
QSB-PLANCK-BRIDGE-RESONATOR-INPUT-ARTIFACT-ENRICHMENT-DWH-REPO-SCOUT-01,data/QSB-ST-SHAPIROINFO/manual_evidence/ell1_geometric_phase_mapping/pint_1_1_5_binary_ell1.py,Phase|frequency|lag|mode|phase,py
QSB-PLANCK-BRIDGE-RESONATOR-INPUT-ARTIFACT-ENRICHMENT-DWH-REPO-SCOUT-01,data/QSB-ST-SHAPIROINFO/manual_evidence/ell1_geometric_phase_mapping/pint_1_1_5_stand_alone_ELL1_model.py,Phase|mode|phase,py
QSB-PLANCK-BRIDGE-RESONATOR-INPUT-ARTIFACT-ENRICHMENT-DWH-REPO-SCOUT-01,data/QSB-ST-SHAPIROINFO/manual_evidence/ell1_geometric_phase_mapping/pint_1_1_5_timing_model.py,E_i|E_j|Matrix|Phase|frequency|lag|mode|omega|phase|phase_i|phase_j|r_s,py
QSB-PLANCK-BRIDGE-RESONATOR-INPUT-ARTIFACT-ENRICHMENT-DWH-REPO-SCOUT-01,data/QSB-ST-SHAPIROINFO/manual_evidence/ell1_geometric_phase_mapping/pint_pulsar_1_1_5_METADATA.txt,Phase|mode|phase,txt
QSB-PLANCK-BRIDGE-RESONATOR-INPUT-ARTIFACT-ENRICHMENT-DWH-REPO-SCOUT-01,data/QSB-ST-SHAPIROINFO/manual_evidence/ell1_geometric_phase_mapping_evidence.md,E_i|Phase|mode|omega|phase,md
QSB-PLANCK-BRIDGE-RESONATOR-INPUT-ARTIFACT-ENRICHMENT-DWH-REPO-SCOUT-01,data/QSB-ST-SHAPIROINFO/manual_evidence/ell1_geometric_phase_mapping_manifest.csv,E_i|Phase|mode|phase,csv
QSB-PLANCK-BRIDGE-RESONATOR-INPUT-ARTIFACT-ENRICHMENT-DWH-REPO-SCOUT-01,data/QSB-ST-SHAPIROINFO/manual_evidence/tempo_tempo2_format1/tempo2_examples_ver1.pdf,E_i|lag,pdf
QSB-PLANCK-BRIDGE-RESONATOR-INPUT-ARTIFACT-ENRICHMENT-DWH-REPO-SCOUT-01,data/QSB-ST-SHAPIROINFO/manual_evidence/tempo_tempo2_format1/tempo2_manual.pdf,E_i|lag|p_j,pdf
QSB-PLANCK-BRIDGE-RESONATOR-INPUT-ARTIFACT-ENRICHMENT-DWH-REPO-SCOUT-01,data/QSB-ST-SHAPIROINFO/manual_evidence/tempo_tempo2_format1/tempo_reference_toa_format.txt,Phase|frequency|lag|phase,txt
QSB-PLANCK-BRIDGE-RESONATOR-INPUT-ARTIFACT-ENRICHMENT-DWH-REPO-SCOUT-01,data/QSB-ST-SHAPIROINFO/manual_evidence/tempo_tempo2_format1_primary_evidence_manifest.csv,E_i|frequency|lag|mode,csv
QSB-PLANCK-BRIDGE-RESONATOR-INPUT-ARTIFACT-ENRICHMENT-DWH-REPO-SCOUT-01,data/QSB-ST-SHAPIROINFO/manual_evidence/tempo_tempo2_format1_primary_field_definition.md,E_i|frequency|lag|mode|r_s,md
QSB-PLANCK-BRIDGE-RESONATOR-INPUT-ARTIFACT-ENRICHMENT-DWH-REPO-SCOUT-01,data/QSB-ST-SHAPIROINFO/public_source_download_manifest_template.yaml,E_i|lag|mode|r_s,yaml
QSB-PLANCK-BRIDGE-RESONATOR-INPUT-ARTIFACT-ENRICHMENT-DWH-REPO-SCOUT-01,data/QSB-ST-SHAPIROINFO/public_sources/j0740_6620/manifest/j0740_6620_quarantine_download_manifest_2026_05_29.yaml,lag,yaml
QSB-PLANCK-BRIDGE-RESONATOR-INPUT-ARTIFACT-ENRICHMENT-DWH-REPO-SCOUT-01,data/QSB-ST-SHAPIROINFO/public_sources/j0740_6620/raw/J0740+6620.cfr+19.tim,mode,tim
QSB-PLANCK-BRIDGE-RESONATOR-INPUT-ARTIFACT-ENRICHMENT-DWH-REPO-SCOUT-01,data/QSB-ST-SHAPIROINFO/public_sources/j0740_6620/raw/J0740+6620.par,mode,par
QSB-PLANCK-BRIDGE-RESONATOR-INPUT-ARTIFACT-ENRICHMENT-DWH-REPO-SCOUT-01,data/QSB-ST-SHAPIROINFO/test_fixtures/j0740_gate_negative_claim_true.yaml,E_i|lag,yaml
QSB-PLANCK-BRIDGE-RESONATOR-INPUT-ARTIFACT-ENRICHMENT-DWH-REPO-SCOUT-01,data/QSB-ST-SHAPIROINFO/test_fixtures/j0740_gate_negative_download_open.yaml,E_i|lag,yaml
QSB-PLANCK-BRIDGE-RESONATOR-INPUT-ARTIFACT-ENRICHMENT-DWH-REPO-SCOUT-01,data/QSB-ST-SHAPIROINFO/toy_comparator_config.yaml,Phase|frequency|phase,yaml
QSB-PLANCK-BRIDGE-RESONATOR-INPUT-ARTIFACT-ENRICHMENT-DWH-REPO-SCOUT-01,data/README_BMC07_inputs.md,E_i|Matrix,md
QSB-PLANCK-BRIDGE-RESONATOR-INPUT-ARTIFACT-ENRICHMENT-DWH-REPO-SCOUT-01,data/README_BMC07_inputs_minimal_bundle.md,E_i,md
QSB-PLANCK-BRIDGE-RESONATOR-INPUT-ARTIFACT-ENRICHMENT-DWH-REPO-SCOUT-01,data/bmc01/bmc01_baseline_relational_table_template.csv,pair_id,csv
QSB-PLANCK-BRIDGE-RESONATOR-INPUT-ARTIFACT-ENRICHMENT-DWH-REPO-SCOUT-01,data/bmc04/bmc04_baseline_relational_table_template.csv,pair_id,csv
QSB-PLANCK-BRIDGE-RESONATOR-INPUT-ARTIFACT-ENRICHMENT-DWH-REPO-SCOUT-01,data/bmc07_config_coupling_arm.yaml,Matrix|r_s,yaml
QSB-PLANCK-BRIDGE-RESONATOR-INPUT-ARTIFACT-ENRICHMENT-DWH-REPO-SCOUT-01,data/bmc07_config_minimal_readouts.yaml,Matrix|r_s,yaml
QSB-PLANCK-BRIDGE-RESONATOR-INPUT-ARTIFACT-ENRICHMENT-DWH-REPO-SCOUT-01,data/bmc07c_backbone_variation_config.yaml,Matrix,yaml
QSB-PLANCK-BRIDGE-RESONATOR-INPUT-ARTIFACT-ENRICHMENT-DWH-REPO-SCOUT-01,data/bmc08_dataset_manifest.json,frequency|mode,json
QSB-PLANCK-BRIDGE-RESONATOR-INPUT-ARTIFACT-ENRICHMENT-DWH-REPO-SCOUT-01,data/bmc08_dataset_manifest.template.json,frequency|mode,json
QSB-PLANCK-BRIDGE-RESONATOR-INPUT-ARTIFACT-ENRICHMENT-DWH-REPO-SCOUT-01,data/bmc08_realdata_config.template.yaml,Matrix,yaml
QSB-PLANCK-BRIDGE-RESONATOR-INPUT-ARTIFACT-ENRICHMENT-DWH-REPO-SCOUT-01,data/bmc08_realdata_config.yaml,Matrix,yaml
QSB-PLANCK-BRIDGE-RESONATOR-INPUT-ARTIFACT-ENRICHMENT-DWH-REPO-SCOUT-01,data/bmc08a_m39x1_featuretable_config.template.yaml,Phase|phase,yaml
QSB-PLANCK-BRIDGE-RESONATOR-INPUT-ARTIFACT-ENRICHMENT-DWH-REPO-SCOUT-01,data/bmc08a_m39x1_featuretable_config.yaml,Phase|phase,yaml
QSB-PLANCK-BRIDGE-RESONATOR-INPUT-ARTIFACT-ENRICHMENT-DWH-REPO-SCOUT-01,data/bmc08a_real_units_feature_table.csv,E_i|frequency|mode,csv
QSB-PLANCK-BRIDGE-RESONATOR-INPUT-ARTIFACT-ENRICHMENT-DWH-REPO-SCOUT-01,data/bmc08a_real_units_feature_table.template.csv,E_i|frequency|mode,csv
QSB-PLANCK-BRIDGE-RESONATOR-INPUT-ARTIFACT-ENRICHMENT-DWH-REPO-SCOUT-01,data/bmc08b_m39x1_no_ring_mirror_config.yaml,Phase|phase,yaml
QSB-PLANCK-BRIDGE-RESONATOR-INPUT-ARTIFACT-ENRICHMENT-DWH-REPO-SCOUT-01,data/bmc08b_real_units_feature_table.csv,E_i|frequency|mode,csv
QSB-PLANCK-BRIDGE-RESONATOR-INPUT-ARTIFACT-ENRICHMENT-DWH-REPO-SCOUT-01,data/bmc08b_realdata_config.yaml,Matrix,yaml
QSB-PLANCK-BRIDGE-RESONATOR-INPUT-ARTIFACT-ENRICHMENT-DWH-REPO-SCOUT-01,data/bmc08c_m39x1_sign_sensitive_ring_config.yaml,Phase|phase,yaml
QSB-PLANCK-BRIDGE-RESONATOR-INPUT-ARTIFACT-ENRICHMENT-DWH-REPO-SCOUT-01,data/bmc08c_real_units_feature_table.csv,E_i|frequency|mode,csv
QSB-PLANCK-BRIDGE-RESONATOR-INPUT-ARTIFACT-ENRICHMENT-DWH-REPO-SCOUT-01,data/bmc08c_realdata_config.yaml,Matrix,yaml
QSB-PLANCK-BRIDGE-RESONATOR-INPUT-ARTIFACT-ENRICHMENT-DWH-REPO-SCOUT-01,data/bmc09a_knn_inputs/k_2/node_metadata_real.csv,E_i,csv
QSB-PLANCK-BRIDGE-RESONATOR-INPUT-ARTIFACT-ENRICHMENT-DWH-REPO-SCOUT-01,data/bmc09a_knn_inputs/k_3/node_metadata_real.csv,E_i,csv
QSB-PLANCK-BRIDGE-RESONATOR-INPUT-ARTIFACT-ENRICHMENT-DWH-REPO-SCOUT-01,data/bmc09a_knn_inputs/k_4/node_metadata_real.csv,E_i,csv
QSB-PLANCK-BRIDGE-RESONATOR-INPUT-ARTIFACT-ENRICHMENT-DWH-REPO-SCOUT-01,data/bmc09a_realdata_config.yaml,Matrix,yaml
QSB-PLANCK-BRIDGE-RESONATOR-INPUT-ARTIFACT-ENRICHMENT-DWH-REPO-SCOUT-01,data/bmc09b_runner_config_k_2.yaml,Matrix,yaml
QSB-PLANCK-BRIDGE-RESONATOR-INPUT-ARTIFACT-ENRICHMENT-DWH-REPO-SCOUT-01,data/bmc09b_runner_config_k_3.yaml,Matrix,yaml
QSB-PLANCK-BRIDGE-RESONATOR-INPUT-ARTIFACT-ENRICHMENT-DWH-REPO-SCOUT-01,data/bmc09b_runner_config_k_4.yaml,Matrix,yaml
QSB-PLANCK-BRIDGE-RESONATOR-INPUT-ARTIFACT-ENRICHMENT-DWH-REPO-SCOUT-01,data/bmc09c_mutual_knn_inputs/k_2/node_metadata_real.csv,E_i,csv
QSB-PLANCK-BRIDGE-RESONATOR-INPUT-ARTIFACT-ENRICHMENT-DWH-REPO-SCOUT-01,data/bmc09c_mutual_knn_inputs/k_3/node_metadata_real.csv,E_i,csv
QSB-PLANCK-BRIDGE-RESONATOR-INPUT-ARTIFACT-ENRICHMENT-DWH-REPO-SCOUT-01,data/bmc09c_mutual_knn_inputs/k_4/node_metadata_real.csv,E_i,csv
QSB-PLANCK-BRIDGE-RESONATOR-INPUT-ARTIFACT-ENRICHMENT-DWH-REPO-SCOUT-01,data/bmc09c_runner_config_k_2.yaml,Matrix,yaml
QSB-PLANCK-BRIDGE-RESONATOR-INPUT-ARTIFACT-ENRICHMENT-DWH-REPO-SCOUT-01,data/bmc09c_runner_config_k_3.yaml,Matrix,yaml
QSB-PLANCK-BRIDGE-RESONATOR-INPUT-ARTIFACT-ENRICHMENT-DWH-REPO-SCOUT-01,data/bmc09c_runner_config_k_4.yaml,Matrix,yaml
QSB-PLANCK-BRIDGE-RESONATOR-INPUT-ARTIFACT-ENRICHMENT-DWH-REPO-SCOUT-01,data/bmc09d_runner_config_hybrid_k3_tau_025.yaml,Matrix,yaml
QSB-PLANCK-BRIDGE-RESONATOR-INPUT-ARTIFACT-ENRICHMENT-DWH-REPO-SCOUT-01,data/bmc09d_runner_config_hybrid_k3_tau_03.yaml,Matrix,yaml
QSB-PLANCK-BRIDGE-RESONATOR-INPUT-ARTIFACT-ENRICHMENT-DWH-REPO-SCOUT-01,data/bmc09d_runner_config_threshold_tau_025.yaml,Matrix,yaml
QSB-PLANCK-BRIDGE-RESONATOR-INPUT-ARTIFACT-ENRICHMENT-DWH-REPO-SCOUT-01,data/bmc09d_runner_config_threshold_tau_03.yaml,Matrix,yaml
QSB-PLANCK-BRIDGE-RESONATOR-INPUT-ARTIFACT-ENRICHMENT-DWH-REPO-SCOUT-01,data/bmc09d_runner_config_threshold_tau_035.yaml,Matrix,yaml
QSB-PLANCK-BRIDGE-RESONATOR-INPUT-ARTIFACT-ENRICHMENT-DWH-REPO-SCOUT-01,data/bmc09d_threshold_hybrid_compare_config.yaml,E_i,yaml
QSB-PLANCK-BRIDGE-RESONATOR-INPUT-ARTIFACT-ENRICHMENT-DWH-REPO-SCOUT-01,data/bmc09d_threshold_hybrid_inputs/graph_build_diagnostics.csv,E_i,csv
QSB-PLANCK-BRIDGE-RESONATOR-INPUT-ARTIFACT-ENRICHMENT-DWH-REPO-SCOUT-01,data/bmc09d_threshold_hybrid_inputs/hybrid_k3_tau_025/node_metadata_real.csv,E_i,csv
QSB-PLANCK-BRIDGE-RESONATOR-INPUT-ARTIFACT-ENRICHMENT-DWH-REPO-SCOUT-01,data/bmc09d_threshold_hybrid_inputs/hybrid_k3_tau_03/node_metadata_real.csv,E_i,csv
QSB-PLANCK-BRIDGE-RESONATOR-INPUT-ARTIFACT-ENRICHMENT-DWH-REPO-SCOUT-01,data/bmc09d_threshold_hybrid_inputs/threshold_tau_025/node_metadata_real.csv,E_i,csv
QSB-PLANCK-BRIDGE-RESONATOR-INPUT-ARTIFACT-ENRICHMENT-DWH-REPO-SCOUT-01,data/bmc09d_threshold_hybrid_inputs/threshold_tau_03/node_metadata_real.csv,E_i,csv
QSB-PLANCK-BRIDGE-RESONATOR-INPUT-ARTIFACT-ENRICHMENT-DWH-REPO-SCOUT-01,data/bmc09d_threshold_hybrid_inputs/threshold_tau_035/node_metadata_real.csv,E_i,csv
QSB-PLANCK-BRIDGE-RESONATOR-INPUT-ARTIFACT-ENRICHMENT-DWH-REPO-SCOUT-01,data/bmc10_nullmodel_compare_config.yaml,E_i|mode,yaml
QSB-PLANCK-BRIDGE-RESONATOR-INPUT-ARTIFACT-ENRICHMENT-DWH-REPO-SCOUT-01,data/bmc10_nullmodel_config.yaml,mode,yaml
QSB-PLANCK-BRIDGE-RESONATOR-INPUT-ARTIFACT-ENRICHMENT-DWH-REPO-SCOUT-01,data/bmc10_nullmodel_inputs/graph_build_diagnostics.csv,E_i|mode,csv
QSB-PLANCK-BRIDGE-RESONATOR-INPUT-ARTIFACT-ENRICHMENT-DWH-REPO-SCOUT-01,data/bmc10_nullmodel_inputs/seed_101/nullmodel_feature_table.csv,E_i|frequency|mode,csv
QSB-PLANCK-BRIDGE-RESONATOR-INPUT-ARTIFACT-ENRICHMENT-DWH-REPO-SCOUT-01,data/bmc10_nullmodel_inputs/seed_101/threshold_tau_028/baseline_relational_table_real.csv,mode,csv
QSB-PLANCK-BRIDGE-RESONATOR-INPUT-ARTIFACT-ENRICHMENT-DWH-REPO-SCOUT-01,data/bmc10_nullmodel_inputs/seed_101/threshold_tau_028/graph_build_summary.json,mode,json
QSB-PLANCK-BRIDGE-RESONATOR-INPUT-ARTIFACT-ENRICHMENT-DWH-REPO-SCOUT-01,data/bmc10_nullmodel_inputs/seed_101/threshold_tau_028/node_metadata_real.csv,E_i|mode,csv
QSB-PLANCK-BRIDGE-RESONATOR-INPUT-ARTIFACT-ENRICHMENT-DWH-REPO-SCOUT-01,data/bmc10_nullmodel_inputs/seed_101/threshold_tau_03/baseline_relational_table_real.csv,mode,csv
QSB-PLANCK-BRIDGE-RESONATOR-INPUT-ARTIFACT-ENRICHMENT-DWH-REPO-SCOUT-01,data/bmc10_nullmodel_inputs/seed_101/threshold_tau_03/graph_build_summary.json,mode,json
QSB-PLANCK-BRIDGE-RESONATOR-INPUT-ARTIFACT-ENRICHMENT-DWH-REPO-SCOUT-01,data/bmc10_nullmodel_inputs/seed_101/threshold_tau_03/node_metadata_real.csv,E_i|mode,csv
QSB-PLANCK-BRIDGE-RESONATOR-INPUT-ARTIFACT-ENRICHMENT-DWH-REPO-SCOUT-01,data/bmc10_nullmodel_inputs/seed_101/threshold_tau_032/baseline_relational_table_real.csv,mode,csv
QSB-PLANCK-BRIDGE-RESONATOR-INPUT-ARTIFACT-ENRICHMENT-DWH-REPO-SCOUT-01,data/bmc10_nullmodel_inputs/seed_101/threshold_tau_032/graph_build_summary.json,mode,json
QSB-PLANCK-BRIDGE-RESONATOR-INPUT-ARTIFACT-ENRICHMENT-DWH-REPO-SCOUT-01,data/bmc10_nullmodel_inputs/seed_101/threshold_tau_032/node_metadata_real.csv,E_i|mode,csv
QSB-PLANCK-BRIDGE-RESONATOR-INPUT-ARTIFACT-ENRICHMENT-DWH-REPO-SCOUT-01,data/bmc10_nullmodel_inputs/seed_202/nullmodel_feature_table.csv,E_i|frequency|mode,csv
QSB-PLANCK-BRIDGE-RESONATOR-INPUT-ARTIFACT-ENRICHMENT-DWH-REPO-SCOUT-01,data/bmc10_nullmodel_inputs/seed_202/threshold_tau_028/baseline_relational_table_real.csv,mode,csv
QSB-PLANCK-BRIDGE-RESONATOR-INPUT-ARTIFACT-ENRICHMENT-DWH-REPO-SCOUT-01,data/bmc10_nullmodel_inputs/seed_202/threshold_tau_028/graph_build_summary.json,mode,json
QSB-PLANCK-BRIDGE-RESONATOR-INPUT-ARTIFACT-ENRICHMENT-DWH-REPO-SCOUT-01,data/bmc10_nullmodel_inputs/seed_202/threshold_tau_028/node_metadata_real.csv,E_i|mode,csv
QSB-PLANCK-BRIDGE-RESONATOR-INPUT-ARTIFACT-ENRICHMENT-DWH-REPO-SCOUT-01,data/bmc10_nullmodel_inputs/seed_202/threshold_tau_03/baseline_relational_table_real.csv,mode,csv
QSB-PLANCK-BRIDGE-RESONATOR-INPUT-ARTIFACT-ENRICHMENT-DWH-REPO-SCOUT-01,data/bmc10_nullmodel_inputs/seed_202/threshold_tau_03/graph_build_summary.json,mode,json
QSB-PLANCK-BRIDGE-RESONATOR-INPUT-ARTIFACT-ENRICHMENT-DWH-REPO-SCOUT-01,data/bmc10_nullmodel_inputs/seed_202/threshold_tau_03/node_metadata_real.csv,E_i|mode,csv
QSB-PLANCK-BRIDGE-RESONATOR-INPUT-ARTIFACT-ENRICHMENT-DWH-REPO-SCOUT-01,data/bmc10_nullmodel_inputs/seed_202/threshold_tau_032/baseline_relational_table_real.csv,mode,csv
QSB-PLANCK-BRIDGE-RESONATOR-INPUT-ARTIFACT-ENRICHMENT-DWH-REPO-SCOUT-01,data/bmc10_nullmodel_inputs/seed_202/threshold_tau_032/graph_build_summary.json,mode,json
QSB-PLANCK-BRIDGE-RESONATOR-INPUT-ARTIFACT-ENRICHMENT-DWH-REPO-SCOUT-01,data/bmc10_nullmodel_inputs/seed_202/threshold_tau_032/node_metadata_real.csv,E_i|mode,csv
QSB-PLANCK-BRIDGE-RESONATOR-INPUT-ARTIFACT-ENRICHMENT-DWH-REPO-SCOUT-01,data/bmc10_nullmodel_inputs/seed_303/nullmodel_feature_table.csv,E_i|frequency|mode,csv
QSB-PLANCK-BRIDGE-RESONATOR-INPUT-ARTIFACT-ENRICHMENT-DWH-REPO-SCOUT-01,data/bmc10_nullmodel_inputs/seed_303/threshold_tau_028/baseline_relational_table_real.csv,mode,csv
QSB-PLANCK-BRIDGE-RESONATOR-INPUT-ARTIFACT-ENRICHMENT-DWH-REPO-SCOUT-01,data/bmc10_nullmodel_inputs/seed_303/threshold_tau_028/graph_build_summary.json,mode,json
QSB-PLANCK-BRIDGE-RESONATOR-INPUT-ARTIFACT-ENRICHMENT-DWH-REPO-SCOUT-01,data/bmc10_nullmodel_inputs/seed_303/threshold_tau_028/node_metadata_real.csv,E_i|mode,csv
QSB-PLANCK-BRIDGE-RESONATOR-INPUT-ARTIFACT-ENRICHMENT-DWH-REPO-SCOUT-01,data/bmc10_nullmodel_inputs/seed_303/threshold_tau_03/baseline_relational_table_real.csv,mode,csv
QSB-PLANCK-BRIDGE-RESONATOR-INPUT-ARTIFACT-ENRICHMENT-DWH-REPO-SCOUT-01,data/bmc10_nullmodel_inputs/seed_303/threshold_tau_03/graph_build_summary.json,mode,json
QSB-PLANCK-BRIDGE-RESONATOR-INPUT-ARTIFACT-ENRICHMENT-DWH-REPO-SCOUT-01,data/bmc10_nullmodel_inputs/seed_303/threshold_tau_03/node_metadata_real.csv,E_i|mode,csv
QSB-PLANCK-BRIDGE-RESONATOR-INPUT-ARTIFACT-ENRICHMENT-DWH-REPO-SCOUT-01,data/bmc10_nullmodel_inputs/seed_303/threshold_tau_032/baseline_relational_table_real.csv,mode,csv
QSB-PLANCK-BRIDGE-RESONATOR-INPUT-ARTIFACT-ENRICHMENT-DWH-REPO-SCOUT-01,data/bmc10_nullmodel_inputs/seed_303/threshold_tau_032/graph_build_summary.json,mode,json
QSB-PLANCK-BRIDGE-RESONATOR-INPUT-ARTIFACT-ENRICHMENT-DWH-REPO-SCOUT-01,data/bmc10_nullmodel_inputs/seed_303/threshold_tau_032/node_metadata_real.csv,E_i|mode,csv
QSB-PLANCK-BRIDGE-RESONATOR-INPUT-ARTIFACT-ENRICHMENT-DWH-REPO-SCOUT-01,data/bmc10_runner_config_seed_101_threshold_tau_028.yaml,Matrix|mode,yaml
QSB-PLANCK-BRIDGE-RESONATOR-INPUT-ARTIFACT-ENRICHMENT-DWH-REPO-SCOUT-01,data/bmc10_runner_config_seed_101_threshold_tau_03.yaml,Matrix|mode,yaml
QSB-PLANCK-BRIDGE-RESONATOR-INPUT-ARTIFACT-ENRICHMENT-DWH-REPO-SCOUT-01,data/bmc10_runner_config_seed_101_threshold_tau_032.yaml,Matrix|mode,yaml
QSB-PLANCK-BRIDGE-RESONATOR-INPUT-ARTIFACT-ENRICHMENT-DWH-REPO-SCOUT-01,data/bmc10_runner_config_seed_202_threshold_tau_028.yaml,Matrix|mode,yaml
QSB-PLANCK-BRIDGE-RESONATOR-INPUT-ARTIFACT-ENRICHMENT-DWH-REPO-SCOUT-01,data/bmc10_runner_config_seed_202_threshold_tau_03.yaml,Matrix|mode,yaml
QSB-PLANCK-BRIDGE-RESONATOR-INPUT-ARTIFACT-ENRICHMENT-DWH-REPO-SCOUT-01,data/bmc10_runner_config_seed_202_threshold_tau_032.yaml,Matrix|mode,yaml
QSB-PLANCK-BRIDGE-RESONATOR-INPUT-ARTIFACT-ENRICHMENT-DWH-REPO-SCOUT-01,data/bmc10_runner_config_seed_303_threshold_tau_028.yaml,Matrix|mode,yaml
QSB-PLANCK-BRIDGE-RESONATOR-INPUT-ARTIFACT-ENRICHMENT-DWH-REPO-SCOUT-01,data/bmc10_runner_config_seed_303_threshold_tau_03.yaml,Matrix|mode,yaml
QSB-PLANCK-BRIDGE-RESONATOR-INPUT-ARTIFACT-ENRICHMENT-DWH-REPO-SCOUT-01,data/bmc10_runner_config_seed_303_threshold_tau_032.yaml,Matrix|mode,yaml
QSB-PLANCK-BRIDGE-RESONATOR-INPUT-ARTIFACT-ENRICHMENT-DWH-REPO-SCOUT-01,data/bmc11_baseline_relational_table_seed_101.csv,mode,csv
QSB-PLANCK-BRIDGE-RESONATOR-INPUT-ARTIFACT-ENRICHMENT-DWH-REPO-SCOUT-01,data/bmc11_baseline_relational_table_seed_202.csv,mode,csv
QSB-PLANCK-BRIDGE-RESONATOR-INPUT-ARTIFACT-ENRICHMENT-DWH-REPO-SCOUT-01,data/bmc11_baseline_relational_table_seed_303.csv,mode,csv
QSB-PLANCK-BRIDGE-RESONATOR-INPUT-ARTIFACT-ENRICHMENT-DWH-REPO-SCOUT-01,data/bmc11_cov_null_feature_table.csv,E_i|frequency|mode,csv
QSB-PLANCK-BRIDGE-RESONATOR-INPUT-ARTIFACT-ENRICHMENT-DWH-REPO-SCOUT-01,data/bmc11_cov_nullmodel_compare_config.yaml,E_i|mode,yaml
QSB-PLANCK-BRIDGE-RESONATOR-INPUT-ARTIFACT-ENRICHMENT-DWH-REPO-SCOUT-01,data/bmc11_cov_nullmodel_config.yaml,mode,yaml
QSB-PLANCK-BRIDGE-RESONATOR-INPUT-ARTIFACT-ENRICHMENT-DWH-REPO-SCOUT-01,data/bmc11_node_metadata_seed_101.csv,E_i|mode,csv
QSB-PLANCK-BRIDGE-RESONATOR-INPUT-ARTIFACT-ENRICHMENT-DWH-REPO-SCOUT-01,data/bmc11_node_metadata_seed_202.csv,E_i|mode,csv
QSB-PLANCK-BRIDGE-RESONATOR-INPUT-ARTIFACT-ENRICHMENT-DWH-REPO-SCOUT-01,data/bmc11_node_metadata_seed_303.csv,E_i|mode,csv
QSB-PLANCK-BRIDGE-RESONATOR-INPUT-ARTIFACT-ENRICHMENT-DWH-REPO-SCOUT-01,data/bmc11_runner_config_seed_101_threshold_tau_028.yaml,Matrix,yaml
QSB-PLANCK-BRIDGE-RESONATOR-INPUT-ARTIFACT-ENRICHMENT-DWH-REPO-SCOUT-01,data/bmc11_runner_config_seed_101_threshold_tau_03.yaml,Matrix,yaml
QSB-PLANCK-BRIDGE-RESONATOR-INPUT-ARTIFACT-ENRICHMENT-DWH-REPO-SCOUT-01,data/bmc11_runner_config_seed_101_threshold_tau_032.yaml,Matrix,yaml
QSB-PLANCK-BRIDGE-RESONATOR-INPUT-ARTIFACT-ENRICHMENT-DWH-REPO-SCOUT-01,data/bmc11_runner_config_seed_202_threshold_tau_028.yaml,Matrix,yaml
QSB-PLANCK-BRIDGE-RESONATOR-INPUT-ARTIFACT-ENRICHMENT-DWH-REPO-SCOUT-01,data/bmc11_runner_config_seed_202_threshold_tau_03.yaml,Matrix,yaml
QSB-PLANCK-BRIDGE-RESONATOR-INPUT-ARTIFACT-ENRICHMENT-DWH-REPO-SCOUT-01,data/bmc11_runner_config_seed_202_threshold_tau_032.yaml,Matrix,yaml
QSB-PLANCK-BRIDGE-RESONATOR-INPUT-ARTIFACT-ENRICHMENT-DWH-REPO-SCOUT-01,data/bmc11_runner_config_seed_303_threshold_tau_028.yaml,Matrix,yaml
QSB-PLANCK-BRIDGE-RESONATOR-INPUT-ARTIFACT-ENRICHMENT-DWH-REPO-SCOUT-01,data/bmc11_runner_config_seed_303_threshold_tau_03.yaml,Matrix,yaml
QSB-PLANCK-BRIDGE-RESONATOR-INPUT-ARTIFACT-ENRICHMENT-DWH-REPO-SCOUT-01,data/bmc11_runner_config_seed_303_threshold_tau_032.yaml,Matrix,yaml
QSB-PLANCK-BRIDGE-RESONATOR-INPUT-ARTIFACT-ENRICHMENT-DWH-REPO-SCOUT-01,data/bmc12_feature_leaveoneout_config.yaml,E_i|frequency|mode,yaml
QSB-PLANCK-BRIDGE-RESONATOR-INPUT-ARTIFACT-ENRICHMENT-DWH-REPO-SCOUT-01,data/bmc12_feature_table_with_derived.csv,E_i|frequency|mode,csv
QSB-PLANCK-BRIDGE-RESONATOR-INPUT-ARTIFACT-ENRICHMENT-DWH-REPO-SCOUT-01,data/bmc12_feature_table_with_derived_from_bmc08c.csv,E_i|frequency|mode,csv
QSB-PLANCK-BRIDGE-RESONATOR-INPUT-ARTIFACT-ENRICHMENT-DWH-REPO-SCOUT-01,data/bmc12b_matched_leaveoneout_config.yaml,E_i|frequency|mode,yaml
QSB-PLANCK-BRIDGE-RESONATOR-INPUT-ARTIFACT-ENRICHMENT-DWH-REPO-SCOUT-01,data/bmc12c_backbone_aware_configs/baseline_all_features_fixed_tau.yaml,E_i|Matrix,yaml
QSB-PLANCK-BRIDGE-RESONATOR-INPUT-ARTIFACT-ENRICHMENT-DWH-REPO-SCOUT-01,data/bmc12c_backbone_aware_configs/matched_drop_feature_length_scale.yaml,E_i|Matrix,yaml
QSB-PLANCK-BRIDGE-RESONATOR-INPUT-ARTIFACT-ENRICHMENT-DWH-REPO-SCOUT-01,data/bmc12c_backbone_aware_configs/matched_drop_feature_mode_frequency.yaml,E_i|Matrix|frequency|mode,yaml
QSB-PLANCK-BRIDGE-RESONATOR-INPUT-ARTIFACT-ENRICHMENT-DWH-REPO-SCOUT-01,data/bmc12c_backbone_aware_configs/matched_drop_feature_shape_factor.yaml,E_i|Matrix,yaml
QSB-PLANCK-BRIDGE-RESONATOR-INPUT-ARTIFACT-ENRICHMENT-DWH-REPO-SCOUT-01,data/bmc12c_backbone_aware_configs/matched_drop_feature_spectral_index.yaml,E_i|Matrix,yaml
QSB-PLANCK-BRIDGE-RESONATOR-INPUT-ARTIFACT-ENRICHMENT-DWH-REPO-SCOUT-01,data/bmc12c_backbone_aware_inputs/baseline_all_features_fixed_tau/baseline_relational_table_real.csv,E_i,csv
QSB-PLANCK-BRIDGE-RESONATOR-INPUT-ARTIFACT-ENRICHMENT-DWH-REPO-SCOUT-01,data/bmc12c_backbone_aware_inputs/baseline_all_features_fixed_tau/node_metadata_real.csv,E_i,csv
QSB-PLANCK-BRIDGE-RESONATOR-INPUT-ARTIFACT-ENRICHMENT-DWH-REPO-SCOUT-01,data/bmc12c_backbone_aware_inputs/matched_drop_feature_length_scale/baseline_relational_table_real.csv,E_i,csv
QSB-PLANCK-BRIDGE-RESONATOR-INPUT-ARTIFACT-ENRICHMENT-DWH-REPO-SCOUT-01,data/bmc12c_backbone_aware_inputs/matched_drop_feature_length_scale/node_metadata_real.csv,E_i,csv
QSB-PLANCK-BRIDGE-RESONATOR-INPUT-ARTIFACT-ENRICHMENT-DWH-REPO-SCOUT-01,data/bmc12c_backbone_aware_inputs/matched_drop_feature_mode_frequency/baseline_relational_table_real.csv,E_i|frequency|mode,csv
QSB-PLANCK-BRIDGE-RESONATOR-INPUT-ARTIFACT-ENRICHMENT-DWH-REPO-SCOUT-01,data/bmc12c_backbone_aware_inputs/matched_drop_feature_mode_frequency/node_metadata_real.csv,E_i|frequency|mode,csv
QSB-PLANCK-BRIDGE-RESONATOR-INPUT-ARTIFACT-ENRICHMENT-DWH-REPO-SCOUT-01,data/bmc12c_backbone_aware_inputs/matched_drop_feature_shape_factor/baseline_relational_table_real.csv,E_i,csv
QSB-PLANCK-BRIDGE-RESONATOR-INPUT-ARTIFACT-ENRICHMENT-DWH-REPO-SCOUT-01,data/bmc12c_backbone_aware_inputs/matched_drop_feature_shape_factor/node_metadata_real.csv,E_i,csv
QSB-PLANCK-BRIDGE-RESONATOR-INPUT-ARTIFACT-ENRICHMENT-DWH-REPO-SCOUT-01,data/bmc12c_backbone_aware_inputs/matched_drop_feature_spectral_index/baseline_relational_table_real.csv,E_i,csv
QSB-PLANCK-BRIDGE-RESONATOR-INPUT-ARTIFACT-ENRICHMENT-DWH-REPO-SCOUT-01,data/bmc12c_backbone_aware_inputs/matched_drop_feature_spectral_index/node_metadata_real.csv,E_i,csv
QSB-PLANCK-BRIDGE-RESONATOR-INPUT-ARTIFACT-ENRICHMENT-DWH-REPO-SCOUT-01,data/bmc12c_backbone_aware_matched_loo_config.yaml,E_i|frequency|mode,yaml
QSB-PLANCK-BRIDGE-RESONATOR-INPUT-ARTIFACT-ENRICHMENT-DWH-REPO-SCOUT-01,data/bmc12e_edgecount_neighborhood_sweep_config.yaml,E_i|frequency|mode|p_i,yaml
QSB-PLANCK-BRIDGE-RESONATOR-INPUT-ARTIFACT-ENRICHMENT-DWH-REPO-SCOUT-01,data/bmc12e_edgecount_sweep_configs/N_70/baseline_all_features.yaml,Matrix|p_i,yaml
QSB-PLANCK-BRIDGE-RESONATOR-INPUT-ARTIFACT-ENRICHMENT-DWH-REPO-SCOUT-01,data/bmc12e_edgecount_sweep_configs/N_70/drop_feature_length_scale.yaml,Matrix|p_i,yaml
QSB-PLANCK-BRIDGE-RESONATOR-INPUT-ARTIFACT-ENRICHMENT-DWH-REPO-SCOUT-01,data/bmc12e_edgecount_sweep_configs/N_70/drop_feature_mode_frequency.yaml,Matrix|frequency|mode|p_i,yaml
QSB-PLANCK-BRIDGE-RESONATOR-INPUT-ARTIFACT-ENRICHMENT-DWH-REPO-SCOUT-01,data/bmc12e_edgecount_sweep_configs/N_70/drop_feature_shape_factor.yaml,Matrix|p_i,yaml
QSB-PLANCK-BRIDGE-RESONATOR-INPUT-ARTIFACT-ENRICHMENT-DWH-REPO-SCOUT-01,data/bmc12e_edgecount_sweep_configs/N_70/drop_feature_spectral_index.yaml,Matrix|p_i,yaml
QSB-PLANCK-BRIDGE-RESONATOR-INPUT-ARTIFACT-ENRICHMENT-DWH-REPO-SCOUT-01,data/bmc12e_edgecount_sweep_configs/N_75/baseline_all_features.yaml,Matrix|p_i,yaml
QSB-PLANCK-BRIDGE-RESONATOR-INPUT-ARTIFACT-ENRICHMENT-DWH-REPO-SCOUT-01,data/bmc12e_edgecount_sweep_configs/N_75/drop_feature_length_scale.yaml,Matrix|p_i,yaml
QSB-PLANCK-BRIDGE-RESONATOR-INPUT-ARTIFACT-ENRICHMENT-DWH-REPO-SCOUT-01,data/bmc12e_edgecount_sweep_configs/N_75/drop_feature_mode_frequency.yaml,Matrix|frequency|mode|p_i,yaml
QSB-PLANCK-BRIDGE-RESONATOR-INPUT-ARTIFACT-ENRICHMENT-DWH-REPO-SCOUT-01,data/bmc12e_edgecount_sweep_configs/N_75/drop_feature_shape_factor.yaml,Matrix|p_i,yaml
QSB-PLANCK-BRIDGE-RESONATOR-INPUT-ARTIFACT-ENRICHMENT-DWH-REPO-SCOUT-01,data/bmc12e_edgecount_sweep_configs/N_75/drop_feature_spectral_index.yaml,Matrix|p_i,yaml
QSB-PLANCK-BRIDGE-RESONATOR-INPUT-ARTIFACT-ENRICHMENT-DWH-REPO-SCOUT-01,data/bmc12e_edgecount_sweep_configs/N_81/baseline_all_features.yaml,Matrix|p_i,yaml
QSB-PLANCK-BRIDGE-RESONATOR-INPUT-ARTIFACT-ENRICHMENT-DWH-REPO-SCOUT-01,data/bmc12e_edgecount_sweep_configs/N_81/drop_feature_length_scale.yaml,Matrix|p_i,yaml
QSB-PLANCK-BRIDGE-RESONATOR-INPUT-ARTIFACT-ENRICHMENT-DWH-REPO-SCOUT-01,data/bmc12e_edgecount_sweep_configs/N_81/drop_feature_mode_frequency.yaml,Matrix|frequency|mode|p_i,yaml
QSB-PLANCK-BRIDGE-RESONATOR-INPUT-ARTIFACT-ENRICHMENT-DWH-REPO-SCOUT-01,data/bmc12e_edgecount_sweep_configs/N_81/drop_feature_shape_factor.yaml,Matrix|p_i,yaml
QSB-PLANCK-BRIDGE-RESONATOR-INPUT-ARTIFACT-ENRICHMENT-DWH-REPO-SCOUT-01,data/bmc12e_edgecount_sweep_configs/N_81/drop_feature_spectral_index.yaml,Matrix|p_i,yaml
QSB-PLANCK-BRIDGE-RESONATOR-INPUT-ARTIFACT-ENRICHMENT-DWH-REPO-SCOUT-01,data/bmc12e_edgecount_sweep_configs/N_87/baseline_all_features.yaml,Matrix|p_i,yaml
QSB-PLANCK-BRIDGE-RESONATOR-INPUT-ARTIFACT-ENRICHMENT-DWH-REPO-SCOUT-01,data/bmc12e_edgecount_sweep_configs/N_87/drop_feature_length_scale.yaml,Matrix|p_i,yaml
QSB-PLANCK-BRIDGE-RESONATOR-INPUT-ARTIFACT-ENRICHMENT-DWH-REPO-SCOUT-01,data/bmc12e_edgecount_sweep_configs/N_87/drop_feature_mode_frequency.yaml,Matrix|frequency|mode|p_i,yaml
QSB-PLANCK-BRIDGE-RESONATOR-INPUT-ARTIFACT-ENRICHMENT-DWH-REPO-SCOUT-01,data/bmc12e_edgecount_sweep_configs/N_87/drop_feature_shape_factor.yaml,Matrix|p_i,yaml
QSB-PLANCK-BRIDGE-RESONATOR-INPUT-ARTIFACT-ENRICHMENT-DWH-REPO-SCOUT-01,data/bmc12e_edgecount_sweep_configs/N_87/drop_feature_spectral_index.yaml,Matrix|p_i,yaml
QSB-PLANCK-BRIDGE-RESONATOR-INPUT-ARTIFACT-ENRICHMENT-DWH-REPO-SCOUT-01,data/bmc12e_edgecount_sweep_configs/N_92/baseline_all_features.yaml,Matrix|p_i,yaml
QSB-PLANCK-BRIDGE-RESONATOR-INPUT-ARTIFACT-ENRICHMENT-DWH-REPO-SCOUT-01,data/bmc12e_edgecount_sweep_configs/N_92/drop_feature_length_scale.yaml,Matrix|p_i,yaml
QSB-PLANCK-BRIDGE-RESONATOR-INPUT-ARTIFACT-ENRICHMENT-DWH-REPO-SCOUT-01,data/bmc12e_edgecount_sweep_configs/N_92/drop_feature_mode_frequency.yaml,Matrix|frequency|mode|p_i,yaml
QSB-PLANCK-BRIDGE-RESONATOR-INPUT-ARTIFACT-ENRICHMENT-DWH-REPO-SCOUT-01,data/bmc12e_edgecount_sweep_configs/N_92/drop_feature_shape_factor.yaml,Matrix|p_i,yaml
QSB-PLANCK-BRIDGE-RESONATOR-INPUT-ARTIFACT-ENRICHMENT-DWH-REPO-SCOUT-01,data/bmc12e_edgecount_sweep_configs/N_92/drop_feature_spectral_index.yaml,Matrix|p_i,yaml
QSB-PLANCK-BRIDGE-RESONATOR-INPUT-ARTIFACT-ENRICHMENT-DWH-REPO-SCOUT-01,data/bmc12e_edgecount_sweep_configs/runs/BMC-12e/edgecount_neighborhood_sweep_open/runner_outputs/N_70/drop_feature_mode_frequency/backbone_variant_summary.csv,frequency|mode,csv
QSB-PLANCK-BRIDGE-RESONATOR-INPUT-ARTIFACT-ENRICHMENT-DWH-REPO-SCOUT-01,data/bmc12e_edgecount_sweep_configs/runs/BMC-12e/edgecount_neighborhood_sweep_open/runner_outputs/N_70/drop_feature_mode_frequency/readout.md,frequency|mode,md
QSB-PLANCK-BRIDGE-RESONATOR-INPUT-ARTIFACT-ENRICHMENT-DWH-REPO-SCOUT-01,data/bmc12e_edgecount_sweep_configs/runs/BMC-12e/edgecount_neighborhood_sweep_open/runner_outputs/N_70/drop_feature_mode_frequency/repeat_metrics.csv,frequency|mode,csv
QSB-PLANCK-BRIDGE-RESONATOR-INPUT-ARTIFACT-ENRICHMENT-DWH-REPO-SCOUT-01,data/bmc12e_edgecount_sweep_configs/runs/BMC-12e/edgecount_neighborhood_sweep_open/runner_outputs/N_70/drop_feature_mode_frequency/run_metadata.json,frequency|mode,json
QSB-PLANCK-BRIDGE-RESONATOR-INPUT-ARTIFACT-ENRICHMENT-DWH-REPO-SCOUT-01,data/bmc12e_edgecount_sweep_configs/runs/BMC-12e/edgecount_neighborhood_sweep_open/runner_outputs/N_70/drop_feature_mode_frequency/strength_topalpha_025/arm_metrics.csv,frequency|mode,csv
QSB-PLANCK-BRIDGE-RESONATOR-INPUT-ARTIFACT-ENRICHMENT-DWH-REPO-SCOUT-01,data/bmc12e_edgecount_sweep_configs/runs/BMC-12e/edgecount_neighborhood_sweep_open/runner_outputs/N_70/drop_feature_mode_frequency/strength_topalpha_025/summary.json,frequency|mode,json
QSB-PLANCK-BRIDGE-RESONATOR-INPUT-ARTIFACT-ENRICHMENT-DWH-REPO-SCOUT-01,data/bmc12e_edgecount_sweep_configs/runs/BMC-12e/edgecount_neighborhood_sweep_open/runner_outputs/N_70/drop_feature_mode_frequency/strength_topalpha_050/arm_metrics.csv,frequency|mode,csv
QSB-PLANCK-BRIDGE-RESONATOR-INPUT-ARTIFACT-ENRICHMENT-DWH-REPO-SCOUT-01,data/bmc12e_edgecount_sweep_configs/runs/BMC-12e/edgecount_neighborhood_sweep_open/runner_outputs/N_70/drop_feature_mode_frequency/strength_topalpha_050/summary.json,frequency|mode,json
QSB-PLANCK-BRIDGE-RESONATOR-INPUT-ARTIFACT-ENRICHMENT-DWH-REPO-SCOUT-01,data/bmc12e_edgecount_sweep_configs/runs/BMC-12e/edgecount_neighborhood_sweep_open/runner_outputs/N_70/drop_feature_mode_frequency/strength_topk_6/arm_metrics.csv,frequency|mode,csv
QSB-PLANCK-BRIDGE-RESONATOR-INPUT-ARTIFACT-ENRICHMENT-DWH-REPO-SCOUT-01,data/bmc12e_edgecount_sweep_configs/runs/BMC-12e/edgecount_neighborhood_sweep_open/runner_outputs/N_70/drop_feature_mode_frequency/strength_topk_6/summary.json,frequency|mode,json
QSB-PLANCK-BRIDGE-RESONATOR-INPUT-ARTIFACT-ENRICHMENT-DWH-REPO-SCOUT-01,data/bmc12e_edgecount_sweep_configs/runs/BMC-12e/edgecount_neighborhood_sweep_open/runner_outputs/N_70/drop_feature_mode_frequency/summary.json,frequency|mode,json
QSB-PLANCK-BRIDGE-RESONATOR-INPUT-ARTIFACT-ENRICHMENT-DWH-REPO-SCOUT-01,data/bmc12e_edgecount_sweep_configs/runs/BMC-12e/edgecount_neighborhood_sweep_open/runner_outputs/N_70/drop_feature_mode_frequency/validation.json,frequency|mode,json
QSB-PLANCK-BRIDGE-RESONATOR-INPUT-ARTIFACT-ENRICHMENT-DWH-REPO-SCOUT-01,data/bmc12e_edgecount_sweep_configs/runs/BMC-12e/edgecount_neighborhood_sweep_open/runner_outputs/N_75/drop_feature_mode_frequency/backbone_variant_summary.csv,frequency|mode,csv
QSB-PLANCK-BRIDGE-RESONATOR-INPUT-ARTIFACT-ENRICHMENT-DWH-REPO-SCOUT-01,data/bmc12e_edgecount_sweep_configs/runs/BMC-12e/edgecount_neighborhood_sweep_open/runner_outputs/N_75/drop_feature_mode_frequency/readout.md,frequency|mode,md
QSB-PLANCK-BRIDGE-RESONATOR-INPUT-ARTIFACT-ENRICHMENT-DWH-REPO-SCOUT-01,data/bmc12e_edgecount_sweep_configs/runs/BMC-12e/edgecount_neighborhood_sweep_open/runner_outputs/N_75/drop_feature_mode_frequency/repeat_metrics.csv,frequency|mode,csv
QSB-PLANCK-BRIDGE-RESONATOR-INPUT-ARTIFACT-ENRICHMENT-DWH-REPO-SCOUT-01,data/bmc12e_edgecount_sweep_configs/runs/BMC-12e/edgecount_neighborhood_sweep_open/runner_outputs/N_75/drop_feature_mode_frequency/run_metadata.json,frequency|mode,json
QSB-PLANCK-BRIDGE-RESONATOR-INPUT-ARTIFACT-ENRICHMENT-DWH-REPO-SCOUT-01,data/bmc12e_edgecount_sweep_configs/runs/BMC-12e/edgecount_neighborhood_sweep_open/runner_outputs/N_75/drop_feature_mode_frequency/strength_topalpha_025/arm_metrics.csv,frequency|mode,csv
QSB-PLANCK-BRIDGE-RESONATOR-INPUT-ARTIFACT-ENRICHMENT-DWH-REPO-SCOUT-01,data/bmc12e_edgecount_sweep_configs/runs/BMC-12e/edgecount_neighborhood_sweep_open/runner_outputs/N_75/drop_feature_mode_frequency/strength_topalpha_025/summary.json,frequency|mode,json
QSB-PLANCK-BRIDGE-RESONATOR-INPUT-ARTIFACT-ENRICHMENT-DWH-REPO-SCOUT-01,data/bmc12e_edgecount_sweep_configs/runs/BMC-12e/edgecount_neighborhood_sweep_open/runner_outputs/N_75/drop_feature_mode_frequency/strength_topalpha_050/arm_metrics.csv,frequency|mode,csv
QSB-PLANCK-BRIDGE-RESONATOR-INPUT-ARTIFACT-ENRICHMENT-DWH-REPO-SCOUT-01,data/bmc12e_edgecount_sweep_configs/runs/BMC-12e/edgecount_neighborhood_sweep_open/runner_outputs/N_75/drop_feature_mode_frequency/strength_topalpha_050/summary.json,frequency|mode,json
QSB-PLANCK-BRIDGE-RESONATOR-INPUT-ARTIFACT-ENRICHMENT-DWH-REPO-SCOUT-01,data/bmc12e_edgecount_sweep_configs/runs/BMC-12e/edgecount_neighborhood_sweep_open/runner_outputs/N_75/drop_feature_mode_frequency/strength_topk_6/arm_metrics.csv,frequency|mode,csv
QSB-PLANCK-BRIDGE-RESONATOR-INPUT-ARTIFACT-ENRICHMENT-DWH-REPO-SCOUT-01,data/bmc12e_edgecount_sweep_configs/runs/BMC-12e/edgecount_neighborhood_sweep_open/runner_outputs/N_75/drop_feature_mode_frequency/strength_topk_6/summary.json,frequency|mode,json
QSB-PLANCK-BRIDGE-RESONATOR-INPUT-ARTIFACT-ENRICHMENT-DWH-REPO-SCOUT-01,data/bmc12e_edgecount_sweep_configs/runs/BMC-12e/edgecount_neighborhood_sweep_open/runner_outputs/N_75/drop_feature_mode_frequency/summary.json,frequency|mode,json
QSB-PLANCK-BRIDGE-RESONATOR-INPUT-ARTIFACT-ENRICHMENT-DWH-REPO-SCOUT-01,data/bmc12e_edgecount_sweep_configs/runs/BMC-12e/edgecount_neighborhood_sweep_open/runner_outputs/N_75/drop_feature_mode_frequency/validation.json,frequency|mode,json
QSB-PLANCK-BRIDGE-RESONATOR-INPUT-ARTIFACT-ENRICHMENT-DWH-REPO-SCOUT-01,data/bmc12e_edgecount_sweep_configs/runs/BMC-12e/edgecount_neighborhood_sweep_open/runner_outputs/N_81/drop_feature_mode_frequency/backbone_variant_summary.csv,frequency|mode,csv
QSB-PLANCK-BRIDGE-RESONATOR-INPUT-ARTIFACT-ENRICHMENT-DWH-REPO-SCOUT-01,data/bmc12e_edgecount_sweep_configs/runs/BMC-12e/edgecount_neighborhood_sweep_open/runner_outputs/N_81/drop_feature_mode_frequency/readout.md,frequency|mode,md
QSB-PLANCK-BRIDGE-RESONATOR-INPUT-ARTIFACT-ENRICHMENT-DWH-REPO-SCOUT-01,data/bmc12e_edgecount_sweep_configs/runs/BMC-12e/edgecount_neighborhood_sweep_open/runner_outputs/N_81/drop_feature_mode_frequency/repeat_metrics.csv,frequency|mode,csv
QSB-PLANCK-BRIDGE-RESONATOR-INPUT-ARTIFACT-ENRICHMENT-DWH-REPO-SCOUT-01,data/bmc12e_edgecount_sweep_configs/runs/BMC-12e/edgecount_neighborhood_sweep_open/runner_outputs/N_81/drop_feature_mode_frequency/run_metadata.json,frequency|mode,json
QSB-PLANCK-BRIDGE-RESONATOR-INPUT-ARTIFACT-ENRICHMENT-DWH-REPO-SCOUT-01,data/bmc12e_edgecount_sweep_configs/runs/BMC-12e/edgecount_neighborhood_sweep_open/runner_outputs/N_81/drop_feature_mode_frequency/strength_topalpha_025/arm_metrics.csv,frequency|mode,csv
QSB-PLANCK-BRIDGE-RESONATOR-INPUT-ARTIFACT-ENRICHMENT-DWH-REPO-SCOUT-01,data/bmc12e_edgecount_sweep_configs/runs/BMC-12e/edgecount_neighborhood_sweep_open/runner_outputs/N_81/drop_feature_mode_frequency/strength_topalpha_025/summary.json,frequency|mode,json
QSB-PLANCK-BRIDGE-RESONATOR-INPUT-ARTIFACT-ENRICHMENT-DWH-REPO-SCOUT-01,data/bmc12e_edgecount_sweep_configs/runs/BMC-12e/edgecount_neighborhood_sweep_open/runner_outputs/N_81/drop_feature_mode_frequency/strength_topalpha_050/arm_metrics.csv,frequency|mode,csv
QSB-PLANCK-BRIDGE-RESONATOR-INPUT-ARTIFACT-ENRICHMENT-DWH-REPO-SCOUT-01,data/bmc12e_edgecount_sweep_configs/runs/BMC-12e/edgecount_neighborhood_sweep_open/runner_outputs/N_81/drop_feature_mode_frequency/strength_topalpha_050/summary.json,frequency|mode,json
QSB-PLANCK-BRIDGE-RESONATOR-INPUT-ARTIFACT-ENRICHMENT-DWH-REPO-SCOUT-01,data/bmc12e_edgecount_sweep_configs/runs/BMC-12e/edgecount_neighborhood_sweep_open/runner_outputs/N_81/drop_feature_mode_frequency/strength_topk_6/arm_metrics.csv,frequency|mode,csv
QSB-PLANCK-BRIDGE-RESONATOR-INPUT-ARTIFACT-ENRICHMENT-DWH-REPO-SCOUT-01,data/bmc12e_edgecount_sweep_configs/runs/BMC-12e/edgecount_neighborhood_sweep_open/runner_outputs/N_81/drop_feature_mode_frequency/strength_topk_6/summary.json,frequency|mode,json
QSB-PLANCK-BRIDGE-RESONATOR-INPUT-ARTIFACT-ENRICHMENT-DWH-REPO-SCOUT-01,data/bmc12e_edgecount_sweep_configs/runs/BMC-12e/edgecount_neighborhood_sweep_open/runner_outputs/N_81/drop_feature_mode_frequency/summary.json,frequency|mode,json
QSB-PLANCK-BRIDGE-RESONATOR-INPUT-ARTIFACT-ENRICHMENT-DWH-REPO-SCOUT-01,data/bmc12e_edgecount_sweep_configs/runs/BMC-12e/edgecount_neighborhood_sweep_open/runner_outputs/N_81/drop_feature_mode_frequency/validation.json,frequency|mode,json
QSB-PLANCK-BRIDGE-RESONATOR-INPUT-ARTIFACT-ENRICHMENT-DWH-REPO-SCOUT-01,data/bmc12e_edgecount_sweep_configs/runs/BMC-12e/edgecount_neighborhood_sweep_open/runner_outputs/N_87/drop_feature_mode_frequency/backbone_variant_summary.csv,frequency|mode,csv
QSB-PLANCK-BRIDGE-RESONATOR-INPUT-ARTIFACT-ENRICHMENT-DWH-REPO-SCOUT-01,data/bmc12e_edgecount_sweep_configs/runs/BMC-12e/edgecount_neighborhood_sweep_open/runner_outputs/N_87/drop_feature_mode_frequency/readout.md,frequency|mode,md
QSB-PLANCK-BRIDGE-RESONATOR-INPUT-ARTIFACT-ENRICHMENT-DWH-REPO-SCOUT-01,data/bmc12e_edgecount_sweep_configs/runs/BMC-12e/edgecount_neighborhood_sweep_open/runner_outputs/N_87/drop_feature_mode_frequency/repeat_metrics.csv,frequency|mode,csv
QSB-PLANCK-BRIDGE-RESONATOR-INPUT-ARTIFACT-ENRICHMENT-DWH-REPO-SCOUT-01,data/bmc12e_edgecount_sweep_configs/runs/BMC-12e/edgecount_neighborhood_sweep_open/runner_outputs/N_87/drop_feature_mode_frequency/run_metadata.json,frequency|mode,json
QSB-PLANCK-BRIDGE-RESONATOR-INPUT-ARTIFACT-ENRICHMENT-DWH-REPO-SCOUT-01,data/bmc12e_edgecount_sweep_configs/runs/BMC-12e/edgecount_neighborhood_sweep_open/runner_outputs/N_87/drop_feature_mode_frequency/strength_topalpha_025/arm_metrics.csv,frequency|mode,csv
QSB-PLANCK-BRIDGE-RESONATOR-INPUT-ARTIFACT-ENRICHMENT-DWH-REPO-SCOUT-01,data/bmc12e_edgecount_sweep_configs/runs/BMC-12e/edgecount_neighborhood_sweep_open/runner_outputs/N_87/drop_feature_mode_frequency/strength_topalpha_025/summary.json,frequency|mode,json
QSB-PLANCK-BRIDGE-RESONATOR-INPUT-ARTIFACT-ENRICHMENT-DWH-REPO-SCOUT-01,data/bmc12e_edgecount_sweep_configs/runs/BMC-12e/edgecount_neighborhood_sweep_open/runner_outputs/N_87/drop_feature_mode_frequency/strength_topalpha_050/arm_metrics.csv,frequency|mode,csv
QSB-PLANCK-BRIDGE-RESONATOR-INPUT-ARTIFACT-ENRICHMENT-DWH-REPO-SCOUT-01,data/bmc12e_edgecount_sweep_configs/runs/BMC-12e/edgecount_neighborhood_sweep_open/runner_outputs/N_87/drop_feature_mode_frequency/strength_topalpha_050/summary.json,frequency|mode,json
QSB-PLANCK-BRIDGE-RESONATOR-INPUT-ARTIFACT-ENRICHMENT-DWH-REPO-SCOUT-01,data/bmc12e_edgecount_sweep_configs/runs/BMC-12e/edgecount_neighborhood_sweep_open/runner_outputs/N_87/drop_feature_mode_frequency/strength_topk_6/arm_metrics.csv,frequency|mode,csv
QSB-PLANCK-BRIDGE-RESONATOR-INPUT-ARTIFACT-ENRICHMENT-DWH-REPO-SCOUT-01,data/bmc12e_edgecount_sweep_configs/runs/BMC-12e/edgecount_neighborhood_sweep_open/runner_outputs/N_87/drop_feature_mode_frequency/strength_topk_6/summary.json,frequency|mode,json
QSB-PLANCK-BRIDGE-RESONATOR-INPUT-ARTIFACT-ENRICHMENT-DWH-REPO-SCOUT-01,data/bmc12e_edgecount_sweep_configs/runs/BMC-12e/edgecount_neighborhood_sweep_open/runner_outputs/N_87/drop_feature_mode_frequency/summary.json,frequency|mode,json
QSB-PLANCK-BRIDGE-RESONATOR-INPUT-ARTIFACT-ENRICHMENT-DWH-REPO-SCOUT-01,data/bmc12e_edgecount_sweep_configs/runs/BMC-12e/edgecount_neighborhood_sweep_open/runner_outputs/N_87/drop_feature_mode_frequency/validation.json,frequency|mode,json
QSB-PLANCK-BRIDGE-RESONATOR-INPUT-ARTIFACT-ENRICHMENT-DWH-REPO-SCOUT-01,data/bmc12e_edgecount_sweep_configs/runs/BMC-12e/edgecount_neighborhood_sweep_open/runner_outputs/N_92/drop_feature_mode_frequency/backbone_variant_summary.csv,frequency|mode,csv
QSB-PLANCK-BRIDGE-RESONATOR-INPUT-ARTIFACT-ENRICHMENT-DWH-REPO-SCOUT-01,data/bmc12e_edgecount_sweep_configs/runs/BMC-12e/edgecount_neighborhood_sweep_open/runner_outputs/N_92/drop_feature_mode_frequency/readout.md,frequency|mode,md
QSB-PLANCK-BRIDGE-RESONATOR-INPUT-ARTIFACT-ENRICHMENT-DWH-REPO-SCOUT-01,data/bmc12e_edgecount_sweep_configs/runs/BMC-12e/edgecount_neighborhood_sweep_open/runner_outputs/N_92/drop_feature_mode_frequency/repeat_metrics.csv,frequency|mode,csv
QSB-PLANCK-BRIDGE-RESONATOR-INPUT-ARTIFACT-ENRICHMENT-DWH-REPO-SCOUT-01,data/bmc12e_edgecount_sweep_configs/runs/BMC-12e/edgecount_neighborhood_sweep_open/runner_outputs/N_92/drop_feature_mode_frequency/run_metadata.json,frequency|mode,json
QSB-PLANCK-BRIDGE-RESONATOR-INPUT-ARTIFACT-ENRICHMENT-DWH-REPO-SCOUT-01,data/bmc12e_edgecount_sweep_configs/runs/BMC-12e/edgecount_neighborhood_sweep_open/runner_outputs/N_92/drop_feature_mode_frequency/strength_topalpha_025/arm_metrics.csv,frequency|mode,csv
QSB-PLANCK-BRIDGE-RESONATOR-INPUT-ARTIFACT-ENRICHMENT-DWH-REPO-SCOUT-01,data/bmc12e_edgecount_sweep_configs/runs/BMC-12e/edgecount_neighborhood_sweep_open/runner_outputs/N_92/drop_feature_mode_frequency/strength_topalpha_025/summary.json,frequency|mode,json
QSB-PLANCK-BRIDGE-RESONATOR-INPUT-ARTIFACT-ENRICHMENT-DWH-REPO-SCOUT-01,data/bmc12e_edgecount_sweep_configs/runs/BMC-12e/edgecount_neighborhood_sweep_open/runner_outputs/N_92/drop_feature_mode_frequency/strength_topalpha_050/arm_metrics.csv,frequency|mode,csv
QSB-PLANCK-BRIDGE-RESONATOR-INPUT-ARTIFACT-ENRICHMENT-DWH-REPO-SCOUT-01,data/bmc12e_edgecount_sweep_configs/runs/BMC-12e/edgecount_neighborhood_sweep_open/runner_outputs/N_92/drop_feature_mode_frequency/strength_topalpha_050/summary.json,frequency|mode,json
QSB-PLANCK-BRIDGE-RESONATOR-INPUT-ARTIFACT-ENRICHMENT-DWH-REPO-SCOUT-01,data/bmc12e_edgecount_sweep_configs/runs/BMC-12e/edgecount_neighborhood_sweep_open/runner_outputs/N_92/drop_feature_mode_frequency/strength_topk_6/arm_metrics.csv,frequency|mode,csv
QSB-PLANCK-BRIDGE-RESONATOR-INPUT-ARTIFACT-ENRICHMENT-DWH-REPO-SCOUT-01,data/bmc12e_edgecount_sweep_configs/runs/BMC-12e/edgecount_neighborhood_sweep_open/runner_outputs/N_92/drop_feature_mode_frequency/strength_topk_6/summary.json,frequency|mode,json
QSB-PLANCK-BRIDGE-RESONATOR-INPUT-ARTIFACT-ENRICHMENT-DWH-REPO-SCOUT-01,data/bmc12e_edgecount_sweep_configs/runs/BMC-12e/edgecount_neighborhood_sweep_open/runner_outputs/N_92/drop_feature_mode_frequency/summary.json,frequency|mode,json
QSB-PLANCK-BRIDGE-RESONATOR-INPUT-ARTIFACT-ENRICHMENT-DWH-REPO-SCOUT-01,data/bmc12e_edgecount_sweep_configs/runs/BMC-12e/edgecount_neighborhood_sweep_open/runner_outputs/N_92/drop_feature_mode_frequency/validation.json,frequency|mode,json
QSB-PLANCK-BRIDGE-RESONATOR-INPUT-ARTIFACT-ENRICHMENT-DWH-REPO-SCOUT-01,data/bmc12e_edgecount_sweep_inputs/N_70/baseline_all_features/baseline_relational_table_real.csv,p_i,csv
QSB-PLANCK-BRIDGE-RESONATOR-INPUT-ARTIFACT-ENRICHMENT-DWH-REPO-SCOUT-01,data/bmc12e_edgecount_sweep_inputs/N_70/baseline_all_features/node_metadata_real.csv,E_i|p_i,csv
QSB-PLANCK-BRIDGE-RESONATOR-INPUT-ARTIFACT-ENRICHMENT-DWH-REPO-SCOUT-01,data/bmc12e_edgecount_sweep_inputs/N_70/drop_feature_length_scale/baseline_relational_table_real.csv,p_i,csv
QSB-PLANCK-BRIDGE-RESONATOR-INPUT-ARTIFACT-ENRICHMENT-DWH-REPO-SCOUT-01,data/bmc12e_edgecount_sweep_inputs/N_70/drop_feature_length_scale/node_metadata_real.csv,E_i|p_i,csv
QSB-PLANCK-BRIDGE-RESONATOR-INPUT-ARTIFACT-ENRICHMENT-DWH-REPO-SCOUT-01,data/bmc12e_edgecount_sweep_inputs/N_70/drop_feature_mode_frequency/baseline_relational_table_real.csv,frequency|mode|p_i,csv
QSB-PLANCK-BRIDGE-RESONATOR-INPUT-ARTIFACT-ENRICHMENT-DWH-REPO-SCOUT-01,data/bmc12e_edgecount_sweep_inputs/N_70/drop_feature_mode_frequency/node_metadata_real.csv,E_i|frequency|mode|p_i,csv
QSB-PLANCK-BRIDGE-RESONATOR-INPUT-ARTIFACT-ENRICHMENT-DWH-REPO-SCOUT-01,data/bmc12e_edgecount_sweep_inputs/N_70/drop_feature_shape_factor/baseline_relational_table_real.csv,p_i,csv
QSB-PLANCK-BRIDGE-RESONATOR-INPUT-ARTIFACT-ENRICHMENT-DWH-REPO-SCOUT-01,data/bmc12e_edgecount_sweep_inputs/N_70/drop_feature_shape_factor/node_metadata_real.csv,E_i|p_i,csv
QSB-PLANCK-BRIDGE-RESONATOR-INPUT-ARTIFACT-ENRICHMENT-DWH-REPO-SCOUT-01,data/bmc12e_edgecount_sweep_inputs/N_70/drop_feature_spectral_index/baseline_relational_table_real.csv,p_i,csv
QSB-PLANCK-BRIDGE-RESONATOR-INPUT-ARTIFACT-ENRICHMENT-DWH-REPO-SCOUT-01,data/bmc12e_edgecount_sweep_inputs/N_70/drop_feature_spectral_index/node_metadata_real.csv,E_i|p_i,csv
QSB-PLANCK-BRIDGE-RESONATOR-INPUT-ARTIFACT-ENRICHMENT-DWH-REPO-SCOUT-01,data/bmc12e_edgecount_sweep_inputs/N_75/baseline_all_features/baseline_relational_table_real.csv,p_i,csv
QSB-PLANCK-BRIDGE-RESONATOR-INPUT-ARTIFACT-ENRICHMENT-DWH-REPO-SCOUT-01,data/bmc12e_edgecount_sweep_inputs/N_75/baseline_all_features/node_metadata_real.csv,E_i|p_i,csv
QSB-PLANCK-BRIDGE-RESONATOR-INPUT-ARTIFACT-ENRICHMENT-DWH-REPO-SCOUT-01,data/bmc12e_edgecount_sweep_inputs/N_75/drop_feature_length_scale/baseline_relational_table_real.csv,p_i,csv
QSB-PLANCK-BRIDGE-RESONATOR-INPUT-ARTIFACT-ENRICHMENT-DWH-REPO-SCOUT-01,data/bmc12e_edgecount_sweep_inputs/N_75/drop_feature_length_scale/node_metadata_real.csv,E_i|p_i,csv
QSB-PLANCK-BRIDGE-RESONATOR-INPUT-ARTIFACT-ENRICHMENT-DWH-REPO-SCOUT-01,data/bmc12e_edgecount_sweep_inputs/N_75/drop_feature_mode_frequency/baseline_relational_table_real.csv,frequency|mode|p_i,csv
QSB-PLANCK-BRIDGE-RESONATOR-INPUT-ARTIFACT-ENRICHMENT-DWH-REPO-SCOUT-01,data/bmc12e_edgecount_sweep_inputs/N_75/drop_feature_mode_frequency/node_metadata_real.csv,E_i|frequency|mode|p_i,csv
QSB-PLANCK-BRIDGE-RESONATOR-INPUT-ARTIFACT-ENRICHMENT-DWH-REPO-SCOUT-01,data/bmc12e_edgecount_sweep_inputs/N_75/drop_feature_shape_factor/baseline_relational_table_real.csv,p_i,csv
QSB-PLANCK-BRIDGE-RESONATOR-INPUT-ARTIFACT-ENRICHMENT-DWH-REPO-SCOUT-01,data/bmc12e_edgecount_sweep_inputs/N_75/drop_feature_shape_factor/node_metadata_real.csv,E_i|p_i,csv
QSB-PLANCK-BRIDGE-RESONATOR-INPUT-ARTIFACT-ENRICHMENT-DWH-REPO-SCOUT-01,data/bmc12e_edgecount_sweep_inputs/N_75/drop_feature_spectral_index/baseline_relational_table_real.csv,p_i,csv
QSB-PLANCK-BRIDGE-RESONATOR-INPUT-ARTIFACT-ENRICHMENT-DWH-REPO-SCOUT-01,data/bmc12e_edgecount_sweep_inputs/N_75/drop_feature_spectral_index/node_metadata_real.csv,E_i|p_i,csv
QSB-PLANCK-BRIDGE-RESONATOR-INPUT-ARTIFACT-ENRICHMENT-DWH-REPO-SCOUT-01,data/bmc12e_edgecount_sweep_inputs/N_81/baseline_all_features/baseline_relational_table_real.csv,p_i,csv
QSB-PLANCK-BRIDGE-RESONATOR-INPUT-ARTIFACT-ENRICHMENT-DWH-REPO-SCOUT-01,data/bmc12e_edgecount_sweep_inputs/N_81/baseline_all_features/node_metadata_real.csv,E_i|p_i,csv
QSB-PLANCK-BRIDGE-RESONATOR-INPUT-ARTIFACT-ENRICHMENT-DWH-REPO-SCOUT-01,data/bmc12e_edgecount_sweep_inputs/N_81/drop_feature_length_scale/baseline_relational_table_real.csv,p_i,csv
QSB-PLANCK-BRIDGE-RESONATOR-INPUT-ARTIFACT-ENRICHMENT-DWH-REPO-SCOUT-01,data/bmc12e_edgecount_sweep_inputs/N_81/drop_feature_length_scale/node_metadata_real.csv,E_i|p_i,csv
QSB-PLANCK-BRIDGE-RESONATOR-INPUT-ARTIFACT-ENRICHMENT-DWH-REPO-SCOUT-01,data/bmc12e_edgecount_sweep_inputs/N_81/drop_feature_mode_frequency/baseline_relational_table_real.csv,frequency|mode|p_i,csv
QSB-PLANCK-BRIDGE-RESONATOR-INPUT-ARTIFACT-ENRICHMENT-DWH-REPO-SCOUT-01,data/bmc12e_edgecount_sweep_inputs/N_81/drop_feature_mode_frequency/node_metadata_real.csv,E_i|frequency|mode|p_i,csv
QSB-PLANCK-BRIDGE-RESONATOR-INPUT-ARTIFACT-ENRICHMENT-DWH-REPO-SCOUT-01,data/bmc12e_edgecount_sweep_inputs/N_81/drop_feature_shape_factor/baseline_relational_table_real.csv,p_i,csv
QSB-PLANCK-BRIDGE-RESONATOR-INPUT-ARTIFACT-ENRICHMENT-DWH-REPO-SCOUT-01,data/bmc12e_edgecount_sweep_inputs/N_81/drop_feature_shape_factor/node_metadata_real.csv,E_i|p_i,csv
QSB-PLANCK-BRIDGE-RESONATOR-INPUT-ARTIFACT-ENRICHMENT-DWH-REPO-SCOUT-01,data/bmc12e_edgecount_sweep_inputs/N_81/drop_feature_spectral_index/baseline_relational_table_real.csv,p_i,csv
QSB-PLANCK-BRIDGE-RESONATOR-INPUT-ARTIFACT-ENRICHMENT-DWH-REPO-SCOUT-01,data/bmc12e_edgecount_sweep_inputs/N_81/drop_feature_spectral_index/node_metadata_real.csv,E_i|p_i,csv
QSB-PLANCK-BRIDGE-RESONATOR-INPUT-ARTIFACT-ENRICHMENT-DWH-REPO-SCOUT-01,data/bmc12e_edgecount_sweep_inputs/N_87/baseline_all_features/baseline_relational_table_real.csv,p_i,csv
QSB-PLANCK-BRIDGE-RESONATOR-INPUT-ARTIFACT-ENRICHMENT-DWH-REPO-SCOUT-01,data/bmc12e_edgecount_sweep_inputs/N_87/baseline_all_features/node_metadata_real.csv,E_i|p_i,csv
QSB-PLANCK-BRIDGE-RESONATOR-INPUT-ARTIFACT-ENRICHMENT-DWH-REPO-SCOUT-01,data/bmc12e_edgecount_sweep_inputs/N_87/drop_feature_length_scale/baseline_relational_table_real.csv,p_i,csv
QSB-PLANCK-BRIDGE-RESONATOR-INPUT-ARTIFACT-ENRICHMENT-DWH-REPO-SCOUT-01,data/bmc12e_edgecount_sweep_inputs/N_87/drop_feature_length_scale/node_metadata_real.csv,E_i|p_i,csv
QSB-PLANCK-BRIDGE-RESONATOR-INPUT-ARTIFACT-ENRICHMENT-DWH-REPO-SCOUT-01,data/bmc12e_edgecount_sweep_inputs/N_87/drop_feature_mode_frequency/baseline_relational_table_real.csv,frequency|mode|p_i,csv
QSB-PLANCK-BRIDGE-RESONATOR-INPUT-ARTIFACT-ENRICHMENT-DWH-REPO-SCOUT-01,data/bmc12e_edgecount_sweep_inputs/N_87/drop_feature_mode_frequency/node_metadata_real.csv,E_i|frequency|mode|p_i,csv
QSB-PLANCK-BRIDGE-RESONATOR-INPUT-ARTIFACT-ENRICHMENT-DWH-REPO-SCOUT-01,data/bmc12e_edgecount_sweep_inputs/N_87/drop_feature_shape_factor/baseline_relational_table_real.csv,p_i,csv
QSB-PLANCK-BRIDGE-RESONATOR-INPUT-ARTIFACT-ENRICHMENT-DWH-REPO-SCOUT-01,data/bmc12e_edgecount_sweep_inputs/N_87/drop_feature_shape_factor/node_metadata_real.csv,E_i|p_i,csv
QSB-PLANCK-BRIDGE-RESONATOR-INPUT-ARTIFACT-ENRICHMENT-DWH-REPO-SCOUT-01,data/bmc12e_edgecount_sweep_inputs/N_87/drop_feature_spectral_index/baseline_relational_table_real.csv,p_i,csv
QSB-PLANCK-BRIDGE-RESONATOR-INPUT-ARTIFACT-ENRICHMENT-DWH-REPO-SCOUT-01,data/bmc12e_edgecount_sweep_inputs/N_87/drop_feature_spectral_index/node_metadata_real.csv,E_i|p_i,csv
QSB-PLANCK-BRIDGE-RESONATOR-INPUT-ARTIFACT-ENRICHMENT-DWH-REPO-SCOUT-01,data/bmc12e_edgecount_sweep_inputs/N_92/baseline_all_features/baseline_relational_table_real.csv,p_i,csv
QSB-PLANCK-BRIDGE-RESONATOR-INPUT-ARTIFACT-ENRICHMENT-DWH-REPO-SCOUT-01,data/bmc12e_edgecount_sweep_inputs/N_92/baseline_all_features/node_metadata_real.csv,E_i|p_i,csv
QSB-PLANCK-BRIDGE-RESONATOR-INPUT-ARTIFACT-ENRICHMENT-DWH-REPO-SCOUT-01,data/bmc12e_edgecount_sweep_inputs/N_92/drop_feature_length_scale/baseline_relational_table_real.csv,p_i,csv
QSB-PLANCK-BRIDGE-RESONATOR-INPUT-ARTIFACT-ENRICHMENT-DWH-REPO-SCOUT-01,data/bmc12e_edgecount_sweep_inputs/N_92/drop_feature_length_scale/node_metadata_real.csv,E_i|p_i,csv
QSB-PLANCK-BRIDGE-RESONATOR-INPUT-ARTIFACT-ENRICHMENT-DWH-REPO-SCOUT-01,data/bmc12e_edgecount_sweep_inputs/N_92/drop_feature_mode_frequency/baseline_relational_table_real.csv,frequency|mode|p_i,csv
QSB-PLANCK-BRIDGE-RESONATOR-INPUT-ARTIFACT-ENRICHMENT-DWH-REPO-SCOUT-01,data/bmc12e_edgecount_sweep_inputs/N_92/drop_feature_mode_frequency/node_metadata_real.csv,E_i|frequency|mode|p_i,csv
QSB-PLANCK-BRIDGE-RESONATOR-INPUT-ARTIFACT-ENRICHMENT-DWH-REPO-SCOUT-01,data/bmc12e_edgecount_sweep_inputs/N_92/drop_feature_shape_factor/baseline_relational_table_real.csv,p_i,csv
QSB-PLANCK-BRIDGE-RESONATOR-INPUT-ARTIFACT-ENRICHMENT-DWH-REPO-SCOUT-01,data/bmc12e_edgecount_sweep_inputs/N_92/drop_feature_shape_factor/node_metadata_real.csv,E_i|p_i,csv
QSB-PLANCK-BRIDGE-RESONATOR-INPUT-ARTIFACT-ENRICHMENT-DWH-REPO-SCOUT-01,data/bmc12e_edgecount_sweep_inputs/N_92/drop_feature_spectral_index/baseline_relational_table_real.csv,p_i,csv
QSB-PLANCK-BRIDGE-RESONATOR-INPUT-ARTIFACT-ENRICHMENT-DWH-REPO-SCOUT-01,data/bmc12e_edgecount_sweep_inputs/N_92/drop_feature_spectral_index/node_metadata_real.csv,E_i|p_i,csv
QSB-PLANCK-BRIDGE-RESONATOR-INPUT-ARTIFACT-ENRICHMENT-DWH-REPO-SCOUT-01,data/bmc12f_decision_threshold_gap_sweep_config.yaml,frequency|mode,yaml
QSB-PLANCK-BRIDGE-RESONATOR-INPUT-ARTIFACT-ENRICHMENT-DWH-REPO-SCOUT-01,data/bmc13_alternative_backbone_consensus_config.yaml,E_i|mode|p_j,yaml
QSB-PLANCK-BRIDGE-RESONATOR-INPUT-ARTIFACT-ENRICHMENT-DWH-REPO-SCOUT-01,data/bmc14_null_model_feature_control_config.yaml,E_i|E_j|frequency|mode,yaml
QSB-PLANCK-BRIDGE-RESONATOR-INPUT-ARTIFACT-ENRICHMENT-DWH-REPO-SCOUT-01,data/bmc14d_covariance_structured_null_controls_config.yaml,E_i|E_j|frequency|mode,yaml
QSB-PLANCK-BRIDGE-RESONATOR-INPUT-ARTIFACT-ENRICHMENT-DWH-REPO-SCOUT-01,data/bmc14e_degree_copula_structured_nulls_config.yaml,E_i|E_j|frequency|mode,yaml
QSB-PLANCK-BRIDGE-RESONATOR-INPUT-ARTIFACT-ENRICHMENT-DWH-REPO-SCOUT-01,data/bmc15_geometry_proxy_diagnostics_config.yaml,E_i,yaml
QSB-PLANCK-BRIDGE-RESONATOR-INPUT-ARTIFACT-ENRICHMENT-DWH-REPO-SCOUT-01,data/bmc15b_geometry_proxy_null_comparison_config.yaml,E_i|frequency|mode,yaml
QSB-PLANCK-BRIDGE-RESONATOR-INPUT-ARTIFACT-ENRICHMENT-DWH-REPO-SCOUT-01,data/bmc15e_geometry_control_nulls_config.yaml,mode,yaml
QSB-PLANCK-BRIDGE-RESONATOR-INPUT-ARTIFACT-ENRICHMENT-DWH-REPO-SCOUT-01,data/bmc15f1_node_aligned_envelope_sensitivity_config.yaml,Matrix|mode|r_s,yaml
QSB-PLANCK-BRIDGE-RESONATOR-INPUT-ARTIFACT-ENRICHMENT-DWH-REPO-SCOUT-01,data/bmc15f2_connectedness_transition_sweep_config.yaml,Matrix|mode|r_s,yaml
QSB-PLANCK-BRIDGE-RESONATOR-INPUT-ARTIFACT-ENRICHMENT-DWH-REPO-SCOUT-01,data/bmc15f_envelope_construction_sensitivity_config.yaml,Matrix|mode|r_s,yaml
QSB-PLANCK-BRIDGE-RESONATOR-INPUT-ARTIFACT-ENRICHMENT-DWH-REPO-SCOUT-01,data/bmc15g_core_perturbation_robustness_config.yaml,mode,yaml
QSB-PLANCK-BRIDGE-RESONATOR-INPUT-ARTIFACT-ENRICHMENT-DWH-REPO-SCOUT-01,data/bmc15h_structured_specificity_extension_config.yaml,E_i|E_j|mode,yaml
QSB-PLANCK-BRIDGE-RESONATOR-INPUT-ARTIFACT-ENRICHMENT-DWH-REPO-SCOUT-01,data/bms_fu01_c60_edges.csv,E_i,csv
QSB-PLANCK-BRIDGE-RESONATOR-INPUT-ARTIFACT-ENRICHMENT-DWH-REPO-SCOUT-01,data/bms_fu01_c60_faces.csv,E_i,csv
QSB-PLANCK-BRIDGE-RESONATOR-INPUT-ARTIFACT-ENRICHMENT-DWH-REPO-SCOUT-01,data/bms_fu01_c60_nodes.csv,E_i,csv
QSB-PLANCK-BRIDGE-RESONATOR-INPUT-ARTIFACT-ENRICHMENT-DWH-REPO-SCOUT-01,data/bms_fu01_c60_structure_config.yaml,E_i|mode,yaml
QSB-PLANCK-BRIDGE-RESONATOR-INPUT-ARTIFACT-ENRICHMENT-DWH-REPO-SCOUT-01,data/bms_fu01b_c60_core_selection_config.yaml,mode,yaml
QSB-PLANCK-BRIDGE-RESONATOR-INPUT-ARTIFACT-ENRICHMENT-DWH-REPO-SCOUT-01,data/bms_fu01c_c60_motif_topology_config.yaml,E_i|mode,yaml
QSB-PLANCK-BRIDGE-RESONATOR-INPUT-ARTIFACT-ENRICHMENT-DWH-REPO-SCOUT-01,data/bms_fu02b_carrier_sharpness_config.yaml,Matrix|mode|r_s,yaml
QSB-PLANCK-BRIDGE-RESONATOR-INPUT-ARTIFACT-ENRICHMENT-DWH-REPO-SCOUT-01,data/bms_fu02c_representation_resolved_config.yaml,Matrix,yaml
QSB-PLANCK-BRIDGE-RESONATOR-INPUT-ARTIFACT-ENRICHMENT-DWH-REPO-SCOUT-01,data/bms_fu02d1_face_parser_repair_config.yaml,E_i,yaml
QSB-PLANCK-BRIDGE-RESONATOR-INPUT-ARTIFACT-ENRICHMENT-DWH-REPO-SCOUT-01,data/bms_fu02d_carrier_role_geometry_config.yaml,E_i|E_j,yaml
QSB-PLANCK-BRIDGE-RESONATOR-INPUT-ARTIFACT-ENRICHMENT-DWH-REPO-SCOUT-01,data/bms_fu02e1_role_balance_localization_config.yaml,E_j,yaml
QSB-PLANCK-BRIDGE-RESONATOR-INPUT-ARTIFACT-ENRICHMENT-DWH-REPO-SCOUT-01,data/bms_fu02f1_face_id_interval_repair_config.yaml,E_i|mode,yaml
QSB-PLANCK-BRIDGE-RESONATOR-INPUT-ARTIFACT-ENRICHMENT-DWH-REPO-SCOUT-01,data/bms_fu02f_carrier_role_visualization_config.yaml,E_i,yaml
QSB-PLANCK-BRIDGE-RESONATOR-INPUT-ARTIFACT-ENRICHMENT-DWH-REPO-SCOUT-01,data/bms_fu02g1_structure_inventory_config.yaml,E_i,yaml
QSB-PLANCK-BRIDGE-RESONATOR-INPUT-ARTIFACT-ENRICHMENT-DWH-REPO-SCOUT-01,data/bms_fu02g1b_nanotube_armchair_repaired_cells.csv,E_i,csv
QSB-PLANCK-BRIDGE-RESONATOR-INPUT-ARTIFACT-ENRICHMENT-DWH-REPO-SCOUT-01,data/bms_fu02g1b_nanotube_armchair_repaired_edges.csv,E_i,csv
QSB-PLANCK-BRIDGE-RESONATOR-INPUT-ARTIFACT-ENRICHMENT-DWH-REPO-SCOUT-01,data/bms_fu02g1b_nanotube_armchair_repaired_manifest.json,E_i,json
QSB-PLANCK-BRIDGE-RESONATOR-INPUT-ARTIFACT-ENRICHMENT-DWH-REPO-SCOUT-01,data/bms_fu02g1b_nanotube_armchair_repaired_nodes.csv,E_i,csv
QSB-PLANCK-BRIDGE-RESONATOR-INPUT-ARTIFACT-ENRICHMENT-DWH-REPO-SCOUT-01,data/bms_fu02g1b_nanotube_topology_repair_config.yaml,E_i,yaml
QSB-PLANCK-BRIDGE-RESONATOR-INPUT-ARTIFACT-ENRICHMENT-DWH-REPO-SCOUT-01,data/bms_fu02g1b_nanotube_topology_repair_config_resolved.yaml,E_i,yaml
QSB-PLANCK-BRIDGE-RESONATOR-INPUT-ARTIFACT-ENRICHMENT-DWH-REPO-SCOUT-01,data/bms_fu02g1b_nanotube_topology_repair_inventory.csv,E_i,csv
QSB-PLANCK-BRIDGE-RESONATOR-INPUT-ARTIFACT-ENRICHMENT-DWH-REPO-SCOUT-01,data/bms_fu02g1b_nanotube_topology_repair_manifest.json,E_i,json
QSB-PLANCK-BRIDGE-RESONATOR-INPUT-ARTIFACT-ENRICHMENT-DWH-REPO-SCOUT-01,data/bms_fu02g1b_nanotube_zigzag_repaired_cells.csv,E_i,csv
QSB-PLANCK-BRIDGE-RESONATOR-INPUT-ARTIFACT-ENRICHMENT-DWH-REPO-SCOUT-01,data/bms_fu02g1b_nanotube_zigzag_repaired_edges.csv,E_i,csv
QSB-PLANCK-BRIDGE-RESONATOR-INPUT-ARTIFACT-ENRICHMENT-DWH-REPO-SCOUT-01,data/bms_fu02g1b_nanotube_zigzag_repaired_manifest.json,E_i,json
QSB-PLANCK-BRIDGE-RESONATOR-INPUT-ARTIFACT-ENRICHMENT-DWH-REPO-SCOUT-01,data/bms_fu02g1b_nanotube_zigzag_repaired_nodes.csv,E_i,csv
QSB-PLANCK-BRIDGE-RESONATOR-INPUT-ARTIFACT-ENRICHMENT-DWH-REPO-SCOUT-01,data/bms_fu02g2_carrier_diagnostic_transfer_config.yaml,E_i,yaml
QSB-PLANCK-BRIDGE-RESONATOR-INPUT-ARTIFACT-ENRICHMENT-DWH-REPO-SCOUT-01,data/bms_fu02g3_real_structure_memory_null_config.yaml,E_i,yaml
QSB-PLANCK-BRIDGE-RESONATOR-INPUT-ARTIFACT-ENRICHMENT-DWH-REPO-SCOUT-01,data/bms_fu02g4_symmetry_orbit_inspection_config.yaml,E_i|E_j|r_s,yaml
QSB-PLANCK-BRIDGE-RESONATOR-INPUT-ARTIFACT-ENRICHMENT-DWH-REPO-SCOUT-01,data/bms_fu02g4b_exhaustive_connected_patch_signature_config.yaml,E_i|E_j|mode|r_s,yaml
QSB-PLANCK-BRIDGE-RESONATOR-INPUT-ARTIFACT-ENRICHMENT-DWH-REPO-SCOUT-01,data/bms_fu02g4c_full_raw_order_replay_certification_preflight_config.yaml,E_i|mode|r_s,yaml
QSB-PLANCK-BRIDGE-RESONATOR-INPUT-ARTIFACT-ENRICHMENT-DWH-REPO-SCOUT-01,data/bms_fu02g4c_full_raw_order_replay_stage1_disabled_run_config.yaml,E_i|mode|r_s,yaml
QSB-PLANCK-BRIDGE-RESONATOR-INPUT-ARTIFACT-ENRICHMENT-DWH-REPO-SCOUT-01,data/bms_fu02g4c_full_raw_order_replay_stage2_candidate_008_disabled_smoke_config.yaml,E_i|K_candidate|lag|mode|r_s,yaml
QSB-PLANCK-BRIDGE-RESONATOR-INPUT-ARTIFACT-ENRICHMENT-DWH-REPO-SCOUT-01,data/bms_fu02g4c_full_raw_order_replay_stage3_disabled_full_replay_config.yaml,E_i|mode|r_s,yaml
QSB-PLANCK-BRIDGE-RESONATOR-INPUT-ARTIFACT-ENRICHMENT-DWH-REPO-SCOUT-01,data/bms_fu02g4c_inspect_window_26179015_26180015.yaml,E_i|mode|r_s,yaml
QSB-PLANCK-BRIDGE-RESONATOR-INPUT-ARTIFACT-ENRICHMENT-DWH-REPO-SCOUT-01,data/bms_fu02g4c_inspect_window_26179015_26189015.yaml,E_i|mode|r_s,yaml
QSB-PLANCK-BRIDGE-RESONATOR-INPUT-ARTIFACT-ENRICHMENT-DWH-REPO-SCOUT-01,data/bms_fu02g4c_inspect_window_26179015_26279015.yaml,E_i|mode|r_s,yaml
QSB-PLANCK-BRIDGE-RESONATOR-INPUT-ARTIFACT-ENRICHMENT-DWH-REPO-SCOUT-01,data/bms_fu02g4c_inspect_window_26180015_26181015.yaml,E_i|mode|r_s,yaml
QSB-PLANCK-BRIDGE-RESONATOR-INPUT-ARTIFACT-ENRICHMENT-DWH-REPO-SCOUT-01,data/bms_fu02g4c_inspect_window_26181015_26182015.yaml,E_i|mode|r_s,yaml
QSB-PLANCK-BRIDGE-RESONATOR-INPUT-ARTIFACT-ENRICHMENT-DWH-REPO-SCOUT-01,data/bms_fu02g4c_inspect_window_26182015_26183015.yaml,E_i|mode|r_s,yaml
QSB-PLANCK-BRIDGE-RESONATOR-INPUT-ARTIFACT-ENRICHMENT-DWH-REPO-SCOUT-01,data/bms_fu02g4c_inspect_window_26183015_26184015.yaml,E_i|mode|r_s,yaml
QSB-PLANCK-BRIDGE-RESONATOR-INPUT-ARTIFACT-ENRICHMENT-DWH-REPO-SCOUT-01,data/bms_fu02g4c_inspect_window_26184015_26185015.yaml,E_i|mode|r_s,yaml
QSB-PLANCK-BRIDGE-RESONATOR-INPUT-ARTIFACT-ENRICHMENT-DWH-REPO-SCOUT-01,data/bms_fu02g4c_inspect_window_26185015_26186015.yaml,E_i|mode|r_s,yaml
QSB-PLANCK-BRIDGE-RESONATOR-INPUT-ARTIFACT-ENRICHMENT-DWH-REPO-SCOUT-01,data/bms_fu02g4c_inspect_window_26186015_26187015.yaml,E_i|mode|r_s,yaml
QSB-PLANCK-BRIDGE-RESONATOR-INPUT-ARTIFACT-ENRICHMENT-DWH-REPO-SCOUT-01,data/bms_fu02g4c_inspect_window_26187015_26187115.yaml,E_i|mode|r_s,yaml
QSB-PLANCK-BRIDGE-RESONATOR-INPUT-ARTIFACT-ENRICHMENT-DWH-REPO-SCOUT-01,data/bms_fu02g4c_inspect_window_26187015_26188015.yaml,E_i|mode|r_s,yaml
QSB-PLANCK-BRIDGE-RESONATOR-INPUT-ARTIFACT-ENRICHMENT-DWH-REPO-SCOUT-01,data/bms_fu02g4c_inspect_window_26187115_26187125.yaml,E_i|mode|r_s,yaml
QSB-PLANCK-BRIDGE-RESONATOR-INPUT-ARTIFACT-ENRICHMENT-DWH-REPO-SCOUT-01,data/bms_fu02g4c_inspect_window_26187115_26187215.yaml,E_i|mode|r_s,yaml
QSB-PLANCK-BRIDGE-RESONATOR-INPUT-ARTIFACT-ENRICHMENT-DWH-REPO-SCOUT-01,data/bms_fu02g4c_inspect_window_26187125_26187135.yaml,E_i|mode|r_s,yaml
QSB-PLANCK-BRIDGE-RESONATOR-INPUT-ARTIFACT-ENRICHMENT-DWH-REPO-SCOUT-01,data/bms_fu02g4c_inspect_window_26187135_26187145.yaml,E_i|mode|r_s,yaml
QSB-PLANCK-BRIDGE-RESONATOR-INPUT-ARTIFACT-ENRICHMENT-DWH-REPO-SCOUT-01,data/bms_fu02g4c_inspect_window_26187145_26187155.yaml,E_i|mode|r_s,yaml
QSB-PLANCK-BRIDGE-RESONATOR-INPUT-ARTIFACT-ENRICHMENT-DWH-REPO-SCOUT-01,data/bms_fu02g4c_inspect_window_26187155_26187165.yaml,E_i|mode|r_s,yaml
QSB-PLANCK-BRIDGE-RESONATOR-INPUT-ARTIFACT-ENRICHMENT-DWH-REPO-SCOUT-01,data/bms_fu02g4c_inspect_window_26187165_26187175.yaml,E_i|mode|r_s,yaml
QSB-PLANCK-BRIDGE-RESONATOR-INPUT-ARTIFACT-ENRICHMENT-DWH-REPO-SCOUT-01,data/bms_fu02g4c_inspect_window_26187175_26187176.yaml,E_i|mode|r_s,yaml
QSB-PLANCK-BRIDGE-RESONATOR-INPUT-ARTIFACT-ENRICHMENT-DWH-REPO-SCOUT-01,data/bms_fu02g4c_inspect_window_26187175_26187185.yaml,E_i|mode|r_s,yaml
QSB-PLANCK-BRIDGE-RESONATOR-INPUT-ARTIFACT-ENRICHMENT-DWH-REPO-SCOUT-01,data/bms_fu02g4c_inspect_window_26187176_26187177.yaml,E_i|mode|r_s,yaml
QSB-PLANCK-BRIDGE-RESONATOR-INPUT-ARTIFACT-ENRICHMENT-DWH-REPO-SCOUT-01,data/bms_fu02g4c_inspect_window_26187177_26187178.yaml,E_i|mode|r_s,yaml
QSB-PLANCK-BRIDGE-RESONATOR-INPUT-ARTIFACT-ENRICHMENT-DWH-REPO-SCOUT-01,data/bms_fu02g4c_inspect_window_26187178_26187179.yaml,E_i|mode|r_s,yaml
QSB-PLANCK-BRIDGE-RESONATOR-INPUT-ARTIFACT-ENRICHMENT-DWH-REPO-SCOUT-01,data/bms_fu02g4c_inspect_window_26187179_26187180.yaml,E_i|mode|r_s,yaml
QSB-PLANCK-BRIDGE-RESONATOR-INPUT-ARTIFACT-ENRICHMENT-DWH-REPO-SCOUT-01,data/bms_fu02g4c_inspect_window_26187180_26187181.yaml,E_i|mode|r_s,yaml
QSB-PLANCK-BRIDGE-RESONATOR-INPUT-ARTIFACT-ENRICHMENT-DWH-REPO-SCOUT-01,data/bms_fu02g4c_inspect_window_26187181_26187182.yaml,E_i|mode|r_s,yaml
QSB-PLANCK-BRIDGE-RESONATOR-INPUT-ARTIFACT-ENRICHMENT-DWH-REPO-SCOUT-01,data/bms_fu02g4c_inspect_window_26187182_26187183.yaml,E_i|mode|r_s,yaml
QSB-PLANCK-BRIDGE-RESONATOR-INPUT-ARTIFACT-ENRICHMENT-DWH-REPO-SCOUT-01,data/bms_fu02g4c_inspect_window_26187183_26187184.yaml,E_i|mode|r_s,yaml
QSB-PLANCK-BRIDGE-RESONATOR-INPUT-ARTIFACT-ENRICHMENT-DWH-REPO-SCOUT-01,data/bms_fu02g4c_inspect_window_26187184_26187185.yaml,E_i|mode|r_s,yaml
QSB-PLANCK-BRIDGE-RESONATOR-INPUT-ARTIFACT-ENRICHMENT-DWH-REPO-SCOUT-01,data/bms_fu02g4c_inspect_window_26187185_26187195.yaml,E_i|mode|r_s,yaml
QSB-PLANCK-BRIDGE-RESONATOR-INPUT-ARTIFACT-ENRICHMENT-DWH-REPO-SCOUT-01,data/bms_fu02g4c_inspect_window_26187195_26187205.yaml,E_i|mode|r_s,yaml
QSB-PLANCK-BRIDGE-RESONATOR-INPUT-ARTIFACT-ENRICHMENT-DWH-REPO-SCOUT-01,data/bms_fu02g4c_inspect_window_26187205_26187215.yaml,E_i|mode|r_s,yaml
QSB-PLANCK-BRIDGE-RESONATOR-INPUT-ARTIFACT-ENRICHMENT-DWH-REPO-SCOUT-01,data/bms_fu02g4c_inspect_window_26187215_26187315.yaml,E_i|mode|r_s,yaml
QSB-PLANCK-BRIDGE-RESONATOR-INPUT-ARTIFACT-ENRICHMENT-DWH-REPO-SCOUT-01,data/bms_fu02g4c_inspect_window_26187315_26187415.yaml,E_i|mode|r_s,yaml
QSB-PLANCK-BRIDGE-RESONATOR-INPUT-ARTIFACT-ENRICHMENT-DWH-REPO-SCOUT-01,data/bms_fu02g4c_inspect_window_26187415_26187515.yaml,E_i|mode|r_s,yaml
QSB-PLANCK-BRIDGE-RESONATOR-INPUT-ARTIFACT-ENRICHMENT-DWH-REPO-SCOUT-01,data/bms_fu02g4c_inspect_window_26187515_26187615.yaml,E_i|mode|r_s,yaml
QSB-PLANCK-BRIDGE-RESONATOR-INPUT-ARTIFACT-ENRICHMENT-DWH-REPO-SCOUT-01,data/bms_fu02g4c_inspect_window_26187615_26187715.yaml,E_i|mode|r_s,yaml
QSB-PLANCK-BRIDGE-RESONATOR-INPUT-ARTIFACT-ENRICHMENT-DWH-REPO-SCOUT-01,data/bms_fu02g4c_inspect_window_26187715_26187815.yaml,E_i|mode|r_s,yaml
QSB-PLANCK-BRIDGE-RESONATOR-INPUT-ARTIFACT-ENRICHMENT-DWH-REPO-SCOUT-01,data/bms_fu02g4c_inspect_window_26187815_26187915.yaml,E_i|mode|r_s,yaml
QSB-PLANCK-BRIDGE-RESONATOR-INPUT-ARTIFACT-ENRICHMENT-DWH-REPO-SCOUT-01,data/bms_fu02g4c_inspect_window_26187915_26188015.yaml,E_i|mode|r_s,yaml
QSB-PLANCK-BRIDGE-RESONATOR-INPUT-ARTIFACT-ENRICHMENT-DWH-REPO-SCOUT-01,data/bms_fu02g4c_inspect_window_26188015_26189015.yaml,E_i|mode|r_s,yaml
QSB-PLANCK-BRIDGE-RESONATOR-INPUT-ARTIFACT-ENRICHMENT-DWH-REPO-SCOUT-01,data/bms_fu02g4c_inspect_window_26189015_26199015.yaml,E_i|mode|r_s,yaml
QSB-PLANCK-BRIDGE-RESONATOR-INPUT-ARTIFACT-ENRICHMENT-DWH-REPO-SCOUT-01,data/bms_fu02g4c_inspect_window_26199015_26209015.yaml,E_i|mode|r_s,yaml
QSB-PLANCK-BRIDGE-RESONATOR-INPUT-ARTIFACT-ENRICHMENT-DWH-REPO-SCOUT-01,data/bms_fu02g4c_inspect_window_26209015_26219015.yaml,E_i|mode|r_s,yaml
QSB-PLANCK-BRIDGE-RESONATOR-INPUT-ARTIFACT-ENRICHMENT-DWH-REPO-SCOUT-01,data/bms_fu02g4c_inspect_window_26219015_26229015.yaml,E_i|mode|r_s,yaml
QSB-PLANCK-BRIDGE-RESONATOR-INPUT-ARTIFACT-ENRICHMENT-DWH-REPO-SCOUT-01,data/bms_fu02g4c_inspect_window_26229015_26239015.yaml,E_i|mode|r_s,yaml
QSB-PLANCK-BRIDGE-RESONATOR-INPUT-ARTIFACT-ENRICHMENT-DWH-REPO-SCOUT-01,data/bms_fu02g4c_inspect_window_26239015_26249015.yaml,E_i|mode|r_s,yaml
QSB-PLANCK-BRIDGE-RESONATOR-INPUT-ARTIFACT-ENRICHMENT-DWH-REPO-SCOUT-01,data/bms_fu02g4c_inspect_window_26249015_26259015.yaml,E_i|mode|r_s,yaml
QSB-PLANCK-BRIDGE-RESONATOR-INPUT-ARTIFACT-ENRICHMENT-DWH-REPO-SCOUT-01,data/bms_fu02g4c_inspect_window_26259015_26269015.yaml,E_i|mode|r_s,yaml
QSB-PLANCK-BRIDGE-RESONATOR-INPUT-ARTIFACT-ENRICHMENT-DWH-REPO-SCOUT-01,data/bms_fu02g4c_inspect_window_26269015_26279015.yaml,E_i|mode|r_s,yaml
QSB-PLANCK-BRIDGE-RESONATOR-INPUT-ARTIFACT-ENRICHMENT-DWH-REPO-SCOUT-01,data/bms_fu02g4c_orbit_reduced_resumable_config.yaml,E_i|mode|r_s,yaml
QSB-PLANCK-BRIDGE-RESONATOR-INPUT-ARTIFACT-ENRICHMENT-DWH-REPO-SCOUT-01,data/bms_fu02g5_role_assignment_sensitivity_config.yaml,E_i|mode|r_s,yaml
QSB-PLANCK-BRIDGE-RESONATOR-INPUT-ARTIFACT-ENRICHMENT-DWH-REPO-SCOUT-01,data/bms_fu02g5b_first500_enumeration_smoke_config.yaml,E_i|mode|r_s,yaml
QSB-PLANCK-BRIDGE-RESONATOR-INPUT-ARTIFACT-ENRICHMENT-DWH-REPO-SCOUT-01,data/bms_fu02g5b_window_around_exact_patch_config.yaml,E_i|mode|r_s,yaml
QSB-PLANCK-BRIDGE-RESONATOR-INPUT-ARTIFACT-ENRICHMENT-DWH-REPO-SCOUT-01,data/bms_fu02g5d_automorphy_only_role_transport_config.yaml,E_i,yaml
QSB-PLANCK-BRIDGE-RESONATOR-INPUT-ARTIFACT-ENRICHMENT-DWH-REPO-SCOUT-01,data/bms_fu02g5e1_near_match_localization_config.yaml,E_i|mode|r_s,yaml
QSB-PLANCK-BRIDGE-RESONATOR-INPUT-ARTIFACT-ENRICHMENT-DWH-REPO-SCOUT-01,data/bms_fu02g5e2_near_match_decoy_classification_config.yaml,E_i|mode,yaml
QSB-PLANCK-BRIDGE-RESONATOR-INPUT-ARTIFACT-ENRICHMENT-DWH-REPO-SCOUT-01,data/bms_fu02g5f_raw_order_replay_certification_config.yaml,E_i|p_i,yaml
QSB-PLANCK-BRIDGE-RESONATOR-INPUT-ARTIFACT-ENRICHMENT-DWH-REPO-SCOUT-01,data/bms_fu02g5g2_narrow_per_index_replay_photo_certification_config.yaml,E_i,yaml
QSB-PLANCK-BRIDGE-RESONATOR-INPUT-ARTIFACT-ENRICHMENT-DWH-REPO-SCOUT-01,data/bms_fu02g5g_fu02g4c_raw_order_replay_certification_config.yaml,E_i,yaml
QSB-PLANCK-BRIDGE-RESONATOR-INPUT-ARTIFACT-ENRICHMENT-DWH-REPO-SCOUT-01,data/bms_fu02g_c60_reference_cells.csv,E_i,csv
QSB-PLANCK-BRIDGE-RESONATOR-INPUT-ARTIFACT-ENRICHMENT-DWH-REPO-SCOUT-01,data/bms_fu02g_c60_reference_edges.csv,E_i,csv
QSB-PLANCK-BRIDGE-RESONATOR-INPUT-ARTIFACT-ENRICHMENT-DWH-REPO-SCOUT-01,data/bms_fu02g_c60_reference_manifest.json,E_i|lag,json
QSB-PLANCK-BRIDGE-RESONATOR-INPUT-ARTIFACT-ENRICHMENT-DWH-REPO-SCOUT-01,data/bms_fu02g_c60_reference_nodes.csv,E_i,csv
QSB-PLANCK-BRIDGE-RESONATOR-INPUT-ARTIFACT-ENRICHMENT-DWH-REPO-SCOUT-01,data/bms_fu02g_graphene_patch_cells.csv,E_i,csv
QSB-PLANCK-BRIDGE-RESONATOR-INPUT-ARTIFACT-ENRICHMENT-DWH-REPO-SCOUT-01,data/bms_fu02g_graphene_patch_edges.csv,E_i,csv
QSB-PLANCK-BRIDGE-RESONATOR-INPUT-ARTIFACT-ENRICHMENT-DWH-REPO-SCOUT-01,data/bms_fu02g_graphene_patch_manifest.json,E_i|lag,json
QSB-PLANCK-BRIDGE-RESONATOR-INPUT-ARTIFACT-ENRICHMENT-DWH-REPO-SCOUT-01,data/bms_fu02g_graphene_patch_nodes.csv,E_i,csv
QSB-PLANCK-BRIDGE-RESONATOR-INPUT-ARTIFACT-ENRICHMENT-DWH-REPO-SCOUT-01,data/bms_fu02g_nanotube_armchair_cells.csv,E_i,csv
QSB-PLANCK-BRIDGE-RESONATOR-INPUT-ARTIFACT-ENRICHMENT-DWH-REPO-SCOUT-01,data/bms_fu02g_nanotube_armchair_edges.csv,E_i,csv
QSB-PLANCK-BRIDGE-RESONATOR-INPUT-ARTIFACT-ENRICHMENT-DWH-REPO-SCOUT-01,data/bms_fu02g_nanotube_armchair_manifest.json,E_i|lag,json
QSB-PLANCK-BRIDGE-RESONATOR-INPUT-ARTIFACT-ENRICHMENT-DWH-REPO-SCOUT-01,data/bms_fu02g_nanotube_armchair_nodes.csv,E_i,csv
QSB-PLANCK-BRIDGE-RESONATOR-INPUT-ARTIFACT-ENRICHMENT-DWH-REPO-SCOUT-01,data/bms_fu02g_nanotube_zigzag_cells.csv,E_i,csv
QSB-PLANCK-BRIDGE-RESONATOR-INPUT-ARTIFACT-ENRICHMENT-DWH-REPO-SCOUT-01,data/bms_fu02g_nanotube_zigzag_edges.csv,E_i,csv
QSB-PLANCK-BRIDGE-RESONATOR-INPUT-ARTIFACT-ENRICHMENT-DWH-REPO-SCOUT-01,data/bms_fu02g_nanotube_zigzag_manifest.json,E_i|lag,json
QSB-PLANCK-BRIDGE-RESONATOR-INPUT-ARTIFACT-ENRICHMENT-DWH-REPO-SCOUT-01,data/bms_fu02g_nanotube_zigzag_nodes.csv,E_i,csv
QSB-PLANCK-BRIDGE-RESONATOR-INPUT-ARTIFACT-ENRICHMENT-DWH-REPO-SCOUT-01,data/bms_fu02g_structure_inventory.csv,E_i|lag,csv
QSB-PLANCK-BRIDGE-RESONATOR-INPUT-ARTIFACT-ENRICHMENT-DWH-REPO-SCOUT-01,data/bms_fu02g_structure_inventory_config_resolved.yaml,E_i,yaml
QSB-PLANCK-BRIDGE-RESONATOR-INPUT-ARTIFACT-ENRICHMENT-DWH-REPO-SCOUT-01,data/bms_fu02g_structure_inventory_manifest.json,E_i|lag,json
QSB-PLANCK-BRIDGE-RESONATOR-INPUT-ARTIFACT-ENRICHMENT-DWH-REPO-SCOUT-01,data/bms_fu02g_structure_inventory_warnings.json,E_i,json
QSB-PLANCK-BRIDGE-RESONATOR-INPUT-ARTIFACT-ENRICHMENT-DWH-REPO-SCOUT-01,data/bms_is01_isotope_structure_config.yaml,E_i|Phase|energy|mode|phase|r_s,yaml
QSB-PLANCK-BRIDGE-RESONATOR-INPUT-ARTIFACT-ENRICHMENT-DWH-REPO-SCOUT-01,data/bms_is01b_family_balanced_config.yaml,E_i|Phase|energy|mode|phase|r_s,yaml
QSB-PLANCK-BRIDGE-RESONATOR-INPUT-ARTIFACT-ENRICHMENT-DWH-REPO-SCOUT-01,data/bms_st01_structure_information_config.yaml,E_i|mode,yaml
QSB-PLANCK-BRIDGE-RESONATOR-INPUT-ARTIFACT-ENRICHMENT-DWH-REPO-SCOUT-01,data/fu02g4c_stage3_execution_config.json,E_i,json
QSB-PLANCK-BRIDGE-RESONATOR-INPUT-ARTIFACT-ENRICHMENT-DWH-REPO-SCOUT-01,data/node_metadata.csv,E_i,csv
QSB-PLANCK-BRIDGE-RESONATOR-INPUT-ARTIFACT-ENRICHMENT-DWH-REPO-SCOUT-01,data/node_metadata_real.csv,E_i|mode,csv
QSB-PLANCK-BRIDGE-RESONATOR-INPUT-ARTIFACT-ENRICHMENT-DWH-REPO-SCOUT-01,data/node_metadata_real_bmc08b.csv,E_i|mode,csv
QSB-PLANCK-BRIDGE-RESONATOR-INPUT-ARTIFACT-ENRICHMENT-DWH-REPO-SCOUT-01,data/node_metadata_real_bmc08c.csv,E_i|mode,csv
QSB-PLANCK-BRIDGE-RESONATOR-INPUT-ARTIFACT-ENRICHMENT-DWH-REPO-SCOUT-01,data/qsb_bridge_num_04a_phase_sensitive_toy_config.yaml,Phase|phase,yaml
QSB-PLANCK-BRIDGE-RESONATOR-INPUT-ARTIFACT-ENRICHMENT-DWH-REPO-SCOUT-01,data/qsb_bridge_num_05a_geometric_validation_config.yaml,E_j|Matrix|r_s,yaml
QSB-PLANCK-BRIDGE-RESONATOR-INPUT-ARTIFACT-ENRICHMENT-DWH-REPO-SCOUT-01,data/qsb_bridge_num_05b_phase_gauge_flux_config.yaml,Matrix|Phase|frequency|phase,yaml
QSB-PLANCK-BRIDGE-RESONATOR-INPUT-ARTIFACT-ENRICHMENT-DWH-REPO-SCOUT-01,data/qsb_bridge_num_05c_perturbation_noise_boundary_config.yaml,Phase|phase|r_s,yaml
QSB-PLANCK-BRIDGE-RESONATOR-INPUT-ARTIFACT-ENRICHMENT-DWH-REPO-SCOUT-01,data/qsb_bridge_synth_01a_existing_result_index.csv,E_i|frequency|mode|r_s,csv
QSB-PLANCK-BRIDGE-RESONATOR-INPUT-ARTIFACT-ENRICHMENT-DWH-REPO-SCOUT-01,data/qsb_bridge_synth_01a_marker_axis_map.csv,E_i|lag|mode,csv
QSB-PLANCK-BRIDGE-RESONATOR-INPUT-ARTIFACT-ENRICHMENT-DWH-REPO-SCOUT-01,data/qsb_bridge_synth_01b_cross_test_pattern_matrix.csv,E_i|Matrix|mode,csv
QSB-PLANCK-BRIDGE-RESONATOR-INPUT-ARTIFACT-ENRICHMENT-DWH-REPO-SCOUT-01,data/qsb_bridge_synth_01c_evidence_binding_table.csv,E_i|lag|mode,csv
QSB-PLANCK-BRIDGE-RESONATOR-INPUT-ARTIFACT-ENRICHMENT-DWH-REPO-SCOUT-01,data/qsb_bridge_synth_01d_c60_candidate_gate_table.csv,E_i|r_s,csv
QSB-PLANCK-BRIDGE-RESONATOR-INPUT-ARTIFACT-ENRICHMENT-DWH-REPO-SCOUT-01,data/qsb_bridge_synth_01d_null_family_normalization_table.csv,E_i|mode,csv
QSB-PLANCK-BRIDGE-RESONATOR-INPUT-ARTIFACT-ENRICHMENT-DWH-REPO-SCOUT-01,data/qsb_bridge_synth_01d_proxy_marker_source_binding.csv,mode|r_s,csv
QSB-PLANCK-BRIDGE-RESONATOR-INPUT-ARTIFACT-ENRICHMENT-DWH-REPO-SCOUT-01,data/qsb_bridge_synth_01d_replay_certification_ladder.csv,E_i|r_s,csv
QSB-PLANCK-BRIDGE-RESONATOR-INPUT-ARTIFACT-ENRICHMENT-DWH-REPO-SCOUT-01,data/qsb_bridge_synth_01e_readout_claim_map.csv,E_i|Kandidat|r_s,csv
QSB-PLANCK-BRIDGE-RESONATOR-INPUT-ARTIFACT-ENRICHMENT-DWH-REPO-SCOUT-01,data/qsb_bridge_synth_01f_documentation_synthesis_map.csv,E_i|Matrix|r_s,csv
QSB-PLANCK-BRIDGE-RESONATOR-INPUT-ARTIFACT-ENRICHMENT-DWH-REPO-SCOUT-01,data/qsb_bridge_synth_01g_visual_map_edges.csv,E_i|Matrix,csv
QSB-PLANCK-BRIDGE-RESONATOR-INPUT-ARTIFACT-ENRICHMENT-DWH-REPO-SCOUT-01,data/qsb_bridge_synth_01g_visual_map_nodes.csv,E_i|Matrix,csv
QSB-PLANCK-BRIDGE-RESONATOR-INPUT-ARTIFACT-ENRICHMENT-DWH-REPO-SCOUT-01,data/qsb_bridge_synth_02a_result_summary_claims.csv,E_i|Matrix|p_i,csv
QSB-PLANCK-BRIDGE-RESONATOR-INPUT-ARTIFACT-ENRICHMENT-DWH-REPO-SCOUT-01,data/qsb_bridge_synth_02e_math_bridge_concept_map.csv,E_i|Phase|mode|phase|r_s,csv
QSB-PLANCK-BRIDGE-RESONATOR-INPUT-ARTIFACT-ENRICHMENT-DWH-REPO-SCOUT-01,data/qsb_bridge_synth_03a_bmc12_per_variant_binding.csv,E_i|Phase|frequency|mode|phase,csv
QSB-PLANCK-BRIDGE-RESONATOR-INPUT-ARTIFACT-ENRICHMENT-DWH-REPO-SCOUT-01,data/qsb_bridge_synth_03b_geometry_proxy_component_binding.csv,E_i|E_j|mode|r_s,csv
QSB-PLANCK-BRIDGE-RESONATOR-INPUT-ARTIFACT-ENRICHMENT-DWH-REPO-SCOUT-01,data/qsb_st_comp01_wifm01_minimal_metric_config.yaml,E_i|Phase|delta_p|mode|pair_id|phase|phase_i,yaml
QSB-PLANCK-BRIDGE-RESONATOR-INPUT-ARTIFACT-ENRICHMENT-DWH-REPO-SCOUT-01,data/qsb_st_comp01_wifm01b_minimal_metric_sensitivity_sweep_config.yaml,E_i|Phase|delta_p|mode|phase|phase_i,yaml
QSB-PLANCK-BRIDGE-RESONATOR-INPUT-ARTIFACT-ENRICHMENT-DWH-REPO-SCOUT-01,data/qsb_st_comp01_wifm01c_adversarial_ambiguity_stress_config.yaml,E_i|Phase|delta_p|mode|pair_id|phase|phase_i,yaml
QSB-PLANCK-BRIDGE-RESONATOR-INPUT-ARTIFACT-ENRICHMENT-DWH-REPO-SCOUT-01,data/qsb_st_comp01d1b_wave_identity_residual_minimal_config.yaml,E_i|E_j|Phase|mode|pair_id|phase,yaml
QSB-PLANCK-BRIDGE-RESONATOR-INPUT-ARTIFACT-ENRICHMENT-DWH-REPO-SCOUT-01,data/qsb_st_comp01d1c_wave_identity_residual_control_stress_config.yaml,E_i|E_j|Phase|mode|pair_id|phase|r_s,yaml
QSB-PLANCK-BRIDGE-RESONATOR-INPUT-ARTIFACT-ENRICHMENT-DWH-REPO-SCOUT-01,data/qsb_st_comp01d1d_wave_identity_manifold_degeneracy_audit_config.yaml,E_i|E_j|Phase|mode|pair_id|phase|r_s,yaml
QSB-PLANCK-BRIDGE-RESONATOR-INPUT-ARTIFACT-ENRICHMENT-DWH-REPO-SCOUT-01,data/qsb_st_comp01d1e_collision_aware_wave_identity_profile_config.yaml,E_i|E_j|Phase|mode|pair_id|phase|r_s,yaml
QSB-PLANCK-BRIDGE-RESONATOR-INPUT-ARTIFACT-ENRICHMENT-DWH-REPO-SCOUT-01,data/qsb_st_comp01d1f_collision_aware_profile_robustness_sweep_config.yaml,E_i|Phase|mode|phase|r_s,yaml
QSB-PLANCK-BRIDGE-RESONATOR-INPUT-ARTIFACT-ENRICHMENT-DWH-REPO-SCOUT-01,data/qsb_st_comp01d1g_warning_driver_decomposition_config.yaml,E_i|Phase|lag|mode|phase,yaml
QSB-PLANCK-BRIDGE-RESONATOR-INPUT-ARTIFACT-ENRICHMENT-DWH-REPO-SCOUT-01,data/qsb_st_comp01d1h_cyclic_coordinate_acceptance_region_config.yaml,E_i|Phase|mode|phase|r_s,yaml
QSB-PLANCK-BRIDGE-RESONATOR-INPUT-ARTIFACT-ENRICHMENT-DWH-REPO-SCOUT-01,data/qsb_st_comp01d1i_cyclic_phase_source_validation_overstrictness_config.yaml,E_i|Phase|mode|phase,yaml
QSB-PLANCK-BRIDGE-RESONATOR-INPUT-ARTIFACT-ENRICHMENT-DWH-REPO-SCOUT-01,data/qsb_st_comp01d1j_explicit_phase_field_exposure_cyclic_recheck_config.yaml,E_i|E_j|Phase|delta_p|delta_phi|phase|phase_i|phase_j,yaml
QSB-PLANCK-BRIDGE-RESONATOR-INPUT-ARTIFACT-ENRICHMENT-DWH-REPO-SCOUT-01,data/qsb_st_comp01d1k_deterministic_synthetic_phase_field_exposure_config.yaml,E_i|Phase|mode|phase|phase_i|r_s,yaml
QSB-PLANCK-BRIDGE-RESONATOR-INPUT-ARTIFACT-ENRICHMENT-DWH-REPO-SCOUT-01,data/qsb_st_comp01d1l_synthetic_phase_leakage_tautology_audit_config.yaml,E_i|E_j|Phase|mode|phase|phase_i|phase_j,yaml
QSB-PLANCK-BRIDGE-RESONATOR-INPUT-ARTIFACT-ENRICHMENT-DWH-REPO-SCOUT-01,data/qsb_st_comp01d1m_multi_channel_synthetic_phase_identity_profile_config.yaml,E_i|Phase|mode|phase|phase_i,yaml
QSB-PLANCK-BRIDGE-RESONATOR-INPUT-ARTIFACT-ENRICHMENT-DWH-REPO-SCOUT-01,data/qsb_st_comp01d1n_d1m_output_audit_and_runner_refinement_config.yaml,E_i|Phase|mode|phase|phase_i|r_s,yaml
QSB-PLANCK-BRIDGE-RESONATOR-INPUT-ARTIFACT-ENRICHMENT-DWH-REPO-SCOUT-01,data/qsb_st_comp01d1o_d1m_refined_multi_channel_profile_config.yaml,E_i|Phase|mode|phase|phase_i,yaml
QSB-PLANCK-BRIDGE-RESONATOR-INPUT-ARTIFACT-ENRICHMENT-DWH-REPO-SCOUT-01,data/qsb_st_comp01d1p_d1o_refined_output_audit_regression_config.yaml,E_i|Phase|lag|mode|phase|phase_i,yaml
QSB-PLANCK-BRIDGE-RESONATOR-INPUT-ARTIFACT-ENRICHMENT-DWH-REPO-SCOUT-01,data/qsb_st_lic01_tau_epsilon_phase_response_config.yaml,E_i|Matrix|Phase|mode|p_i|phase|phase_i|phase_response|r_s,yaml
QSB-PLANCK-BRIDGE-RESONATOR-INPUT-ARTIFACT-ENRICHMENT-DWH-REPO-SCOUT-01,data/runs/BMC-12c/backbone_aware_matched_loo_open/matched_drop_feature_mode_frequency/backbone_variant_summary.csv,frequency|mode,csv
QSB-PLANCK-BRIDGE-RESONATOR-INPUT-ARTIFACT-ENRICHMENT-DWH-REPO-SCOUT-01,data/runs/BMC-12c/backbone_aware_matched_loo_open/matched_drop_feature_mode_frequency/readout.md,frequency|mode,md
QSB-PLANCK-BRIDGE-RESONATOR-INPUT-ARTIFACT-ENRICHMENT-DWH-REPO-SCOUT-01,data/runs/BMC-12c/backbone_aware_matched_loo_open/matched_drop_feature_mode_frequency/repeat_metrics.csv,frequency|mode,csv
QSB-PLANCK-BRIDGE-RESONATOR-INPUT-ARTIFACT-ENRICHMENT-DWH-REPO-SCOUT-01,data/runs/BMC-12c/backbone_aware_matched_loo_open/matched_drop_feature_mode_frequency/run_metadata.json,frequency|mode,json
QSB-PLANCK-BRIDGE-RESONATOR-INPUT-ARTIFACT-ENRICHMENT-DWH-REPO-SCOUT-01,data/runs/BMC-12c/backbone_aware_matched_loo_open/matched_drop_feature_mode_frequency/strength_topalpha_025/arm_metrics.csv,frequency|mode,csv
QSB-PLANCK-BRIDGE-RESONATOR-INPUT-ARTIFACT-ENRICHMENT-DWH-REPO-SCOUT-01,data/runs/BMC-12c/backbone_aware_matched_loo_open/matched_drop_feature_mode_frequency/strength_topalpha_025/summary.json,frequency|mode,json
QSB-PLANCK-BRIDGE-RESONATOR-INPUT-ARTIFACT-ENRICHMENT-DWH-REPO-SCOUT-01,data/runs/BMC-12c/backbone_aware_matched_loo_open/matched_drop_feature_mode_frequency/strength_topalpha_050/arm_metrics.csv,frequency|mode,csv
QSB-PLANCK-BRIDGE-RESONATOR-INPUT-ARTIFACT-ENRICHMENT-DWH-REPO-SCOUT-01,data/runs/BMC-12c/backbone_aware_matched_loo_open/matched_drop_feature_mode_frequency/strength_topalpha_050/summary.json,frequency|mode,json
QSB-PLANCK-BRIDGE-RESONATOR-INPUT-ARTIFACT-ENRICHMENT-DWH-REPO-SCOUT-01,data/runs/BMC-12c/backbone_aware_matched_loo_open/matched_drop_feature_mode_frequency/strength_topk_6/arm_metrics.csv,frequency|mode,csv
QSB-PLANCK-BRIDGE-RESONATOR-INPUT-ARTIFACT-ENRICHMENT-DWH-REPO-SCOUT-01,data/runs/BMC-12c/backbone_aware_matched_loo_open/matched_drop_feature_mode_frequency/strength_topk_6/summary.json,frequency|mode,json
QSB-PLANCK-BRIDGE-RESONATOR-INPUT-ARTIFACT-ENRICHMENT-DWH-REPO-SCOUT-01,data/runs/BMC-12c/backbone_aware_matched_loo_open/matched_drop_feature_mode_frequency/summary.json,frequency|mode,json
QSB-PLANCK-BRIDGE-RESONATOR-INPUT-ARTIFACT-ENRICHMENT-DWH-REPO-SCOUT-01,data/runs/BMC-12c/backbone_aware_matched_loo_open/matched_drop_feature_mode_frequency/validation.json,frequency|mode,json
QSB-PLANCK-BRIDGE-RESONATOR-INPUT-ARTIFACT-ENRICHMENT-DWH-REPO-SCOUT-01,docs/BMC07_block_restart_spec.md,Matrix|Modus,md
QSB-PLANCK-BRIDGE-RESONATOR-INPUT-ARTIFACT-ENRICHMENT-DWH-REPO-SCOUT-01,docs/BMC07b_coupling_arm_spec.md,lag,md
QSB-PLANCK-BRIDGE-RESONATOR-INPUT-ARTIFACT-ENRICHMENT-DWH-REPO-SCOUT-01,docs/BMC07c_backbone_variation_spec.md,Matrix|lag,md
QSB-PLANCK-BRIDGE-RESONATOR-INPUT-ARTIFACT-ENRICHMENT-DWH-REPO-SCOUT-01,docs/BMC07d_backbone_variant_legitimation.md,Matrix,md
QSB-PLANCK-BRIDGE-RESONATOR-INPUT-ARTIFACT-ENRICHMENT-DWH-REPO-SCOUT-01,docs/BMC07d_backbone_variant_legitimation_matrix.csv,Matrix,csv
QSB-PLANCK-BRIDGE-RESONATOR-INPUT-ARTIFACT-ENRICHMENT-DWH-REPO-SCOUT-01,docs/BMC08_realdata_io_spec.md,E_i|Matrix|Paar|lag|mode,md
QSB-PLANCK-BRIDGE-RESONATOR-INPUT-ARTIFACT-ENRICHMENT-DWH-REPO-SCOUT-01,docs/BMC08_realdata_mapping_note.md,E_i|Frequenz|Kandidat|Matrix|lag|mode,md
QSB-PLANCK-BRIDGE-RESONATOR-INPUT-ARTIFACT-ENRICHMENT-DWH-REPO-SCOUT-01,docs/BMC08_realdata_transfer_spec.md,E_i|Matrix|mode|r_s,md
QSB-PLANCK-BRIDGE-RESONATOR-INPUT-ARTIFACT-ENRICHMENT-DWH-REPO-SCOUT-01,docs/BMC08a_build_script_note.md,E_i|Paar|frequency|mode,md
QSB-PLANCK-BRIDGE-RESONATOR-INPUT-ARTIFACT-ENRICHMENT-DWH-REPO-SCOUT-01,docs/BMC08a_family_specific_L_major_L_minor_m_ref.md,E_i|Frequenz|Modenindex|Phase|frequency|mode|mode_index|phase,md
QSB-PLANCK-BRIDGE-RESONATOR-INPUT-ARTIFACT-ENRICHMENT-DWH-REPO-SCOUT-01,docs/BMC08a_feature_shape_and_spectral_definitions.md,E_i|Frequenz|Modenindex|frequency|lag|mode,md
QSB-PLANCK-BRIDGE-RESONATOR-INPUT-ARTIFACT-ENRICHMENT-DWH-REPO-SCOUT-01,docs/BMC08a_m39x1_featuretable_script_note.md,E_i|Energie|Phase|frequency|mode|phase,md
QSB-PLANCK-BRIDGE-RESONATOR-INPUT-ARTIFACT-ENRICHMENT-DWH-REPO-SCOUT-01,docs/BMC08a_ring_cavity_membrane_mapping_spec.md,E_i|Energie|Frequenz|Kandidat|Paar|lag|mode,md
QSB-PLANCK-BRIDGE-RESONATOR-INPUT-ARTIFACT-ENRICHMENT-DWH-REPO-SCOUT-01,docs/BMC08a_small_open_feature_list.md,E_i|Energie|Frequenz|Modenindex|frequency|lag|mode,md
QSB-PLANCK-BRIDGE-RESONATOR-INPUT-ARTIFACT-ENRICHMENT-DWH-REPO-SCOUT-01,docs/BMC08b_ring_symmetry_removed_note.md,mode,md
QSB-PLANCK-BRIDGE-RESONATOR-INPUT-ARTIFACT-ENRICHMENT-DWH-REPO-SCOUT-01,docs/BMC08c_sign_sensitive_ring_spec.md,frequency|mode,md
QSB-PLANCK-BRIDGE-RESONATOR-INPUT-ARTIFACT-ENRICHMENT-DWH-REPO-SCOUT-01,docs/BMC09a_knn_graph_on_BMC08c_spec.md,Paar|mode,md
QSB-PLANCK-BRIDGE-RESONATOR-INPUT-ARTIFACT-ENRICHMENT-DWH-REPO-SCOUT-01,docs/BMC09d_threshold_hybrid_local_graph_spec.md,Kandidat|Phase|lag|mode|phase,md
QSB-PLANCK-BRIDGE-RESONATOR-INPUT-ARTIFACT-ENRICHMENT-DWH-REPO-SCOUT-01,docs/BMC10_nullmodel_run_note.md,mode,md
QSB-PLANCK-BRIDGE-RESONATOR-INPUT-ARTIFACT-ENRICHMENT-DWH-REPO-SCOUT-01,docs/BMC11_note.md,Matrix|mode,md
QSB-PLANCK-BRIDGE-RESONATOR-INPUT-ARTIFACT-ENRICHMENT-DWH-REPO-SCOUT-01,docs/BMC12B_MATCHED_LEAVEONEOUT_SPEC.md,E_i|frequency|mode,md
QSB-PLANCK-BRIDGE-RESONATOR-INPUT-ARTIFACT-ENRICHMENT-DWH-REPO-SCOUT-01,docs/BMC12C_BACKBONE_AWARE_MATCHED_LOO_SPEC.md,E_i,md
QSB-PLANCK-BRIDGE-RESONATOR-INPUT-ARTIFACT-ENRICHMENT-DWH-REPO-SCOUT-01,docs/BMC12D_RED_TEAM_INTEGRATION_ADDENDUM_GROK.md,E_i|frequency|mode,md
QSB-PLANCK-BRIDGE-RESONATOR-INPUT-ARTIFACT-ENRICHMENT-DWH-REPO-SCOUT-01,docs/BMC12E_EDGECOUNT_NEIGHBORHOOD_RESULT_NOTE.md,E_i|frequency|mode,md
QSB-PLANCK-BRIDGE-RESONATOR-INPUT-ARTIFACT-ENRICHMENT-DWH-REPO-SCOUT-01,docs/BMC12E_EDGECOUNT_NEIGHBORHOOD_SWEEP_SPEC.md,E_i|frequency|mode|p_i,md
QSB-PLANCK-BRIDGE-RESONATOR-INPUT-ARTIFACT-ENRICHMENT-DWH-REPO-SCOUT-01,docs/BMC12F_DECISION_THRESHOLD_GAP_SWEEP_RESULT_NOTE.md,E_i|frequency|mode,md
QSB-PLANCK-BRIDGE-RESONATOR-INPUT-ARTIFACT-ENRICHMENT-DWH-REPO-SCOUT-01,docs/BMC12F_DECISION_THRESHOLD_GAP_SWEEP_SPEC.md,E_i,md
QSB-PLANCK-BRIDGE-RESONATOR-INPUT-ARTIFACT-ENRICHMENT-DWH-REPO-SCOUT-01,docs/BMC12_ABC_FEATURE_DOMINANCE_RESULT_NOTE.md,E_i|frequency|mode,md
QSB-PLANCK-BRIDGE-RESONATOR-INPUT-ARTIFACT-ENRICHMENT-DWH-REPO-SCOUT-01,docs/BMC12_FEATURE_LEAVEONEOUT_SPEC.md,E_i|delta_E|frequency|mode,md
QSB-PLANCK-BRIDGE-RESONATOR-INPUT-ARTIFACT-ENRICHMENT-DWH-REPO-SCOUT-01,docs/BMC13_ALTERNATIVE_BACKBONE_CONSENSUS_RESULT_NOTE.md,E_i|mode,md
QSB-PLANCK-BRIDGE-RESONATOR-INPUT-ARTIFACT-ENRICHMENT-DWH-REPO-SCOUT-01,docs/BMC13_ALTERNATIVE_BACKBONE_CONSENSUS_SPEC.md,E_i|mode,md
QSB-PLANCK-BRIDGE-RESONATOR-INPUT-ARTIFACT-ENRICHMENT-DWH-REPO-SCOUT-01,docs/BMC14D_COVARIANCE_STRUCTURED_NULL_CONTROLS_RESULT_NOTE.md,E_i|Matrix|mode,md
QSB-PLANCK-BRIDGE-RESONATOR-INPUT-ARTIFACT-ENRICHMENT-DWH-REPO-SCOUT-01,docs/BMC14D_COVARIANCE_STRUCTURED_NULL_CONTROLS_SPEC.md,E_i|E_j|Matrix|frequency|mode,md
QSB-PLANCK-BRIDGE-RESONATOR-INPUT-ARTIFACT-ENRICHMENT-DWH-REPO-SCOUT-01,docs/BMC14E_DEGREE_COPULA_STRUCTURED_NULLS_RESULT_NOTE.md,E_i|mode,md
QSB-PLANCK-BRIDGE-RESONATOR-INPUT-ARTIFACT-ENRICHMENT-DWH-REPO-SCOUT-01,docs/BMC14E_DEGREE_COPULA_STRUCTURED_NULLS_SPEC.md,E_i|E_j|Matrix|frequency|mode|r_s,md
QSB-PLANCK-BRIDGE-RESONATOR-INPUT-ARTIFACT-ENRICHMENT-DWH-REPO-SCOUT-01,docs/BMC14_NULL_MODEL_FEATURE_CONTROL_RESULT_NOTE.md,E_i|mode,md
QSB-PLANCK-BRIDGE-RESONATOR-INPUT-ARTIFACT-ENRICHMENT-DWH-REPO-SCOUT-01,docs/BMC14_NULL_MODEL_FEATURE_CONTROL_SPEC.md,E_i|E_j|frequency|mode,md
QSB-PLANCK-BRIDGE-RESONATOR-INPUT-ARTIFACT-ENRICHMENT-DWH-REPO-SCOUT-01,docs/BMC14_RED_TEAM_INTEGRATION_NOTE.md,Matrix|mode,md
QSB-PLANCK-BRIDGE-RESONATOR-INPUT-ARTIFACT-ENRICHMENT-DWH-REPO-SCOUT-01,docs/BMC14_SERIES_CONSOLIDATED_ROBUSTNESS_NOTE.md,E_i|mode,md
QSB-PLANCK-BRIDGE-RESONATOR-INPUT-ARTIFACT-ENRICHMENT-DWH-REPO-SCOUT-01,docs/BMC15B_GEOMETRY_PROXY_NULL_COMPARISON_RESULT_NOTE.md,mode,md
QSB-PLANCK-BRIDGE-RESONATOR-INPUT-ARTIFACT-ENRICHMENT-DWH-REPO-SCOUT-01,docs/BMC15B_GEOMETRY_PROXY_NULL_COMPARISON_SPEC.md,E_i|mode,md
QSB-PLANCK-BRIDGE-RESONATOR-INPUT-ARTIFACT-ENRICHMENT-DWH-REPO-SCOUT-01,docs/BMC15B_READOUT_LABEL_REFINEMENT_PATCH_SPEC.md,mode,md
QSB-PLANCK-BRIDGE-RESONATOR-INPUT-ARTIFACT-ENRICHMENT-DWH-REPO-SCOUT-01,docs/BMC15D_GEOMETRY_PROXY_RED_TEAM_INTEGRATION_NOTE.md,mode,md
QSB-PLANCK-BRIDGE-RESONATOR-INPUT-ARTIFACT-ENRICHMENT-DWH-REPO-SCOUT-01,docs/BMC15D_RED_TEAM_PROMPT_PACK.md,mode,md
QSB-PLANCK-BRIDGE-RESONATOR-INPUT-ARTIFACT-ENRICHMENT-DWH-REPO-SCOUT-01,docs/BMC15E2_NODE_ALIGNED_GEOMETRY_CONTROL_PREFLIGHT_SPEC.md,mode,md
QSB-PLANCK-BRIDGE-RESONATOR-INPUT-ARTIFACT-ENRICHMENT-DWH-REPO-SCOUT-01,docs/BMC15E_GEOMETRY_CONTROL_NULLS_HUMAN_READABLE_WITH_MATH.md,Matrix|Paar|lag|mode,md
QSB-PLANCK-BRIDGE-RESONATOR-INPUT-ARTIFACT-ENRICHMENT-DWH-REPO-SCOUT-01,docs/BMC15E_GEOMETRY_CONTROL_NULLS_RESULT_NOTE.md,mode,md
QSB-PLANCK-BRIDGE-RESONATOR-INPUT-ARTIFACT-ENRICHMENT-DWH-REPO-SCOUT-01,docs/BMC15E_GEOMETRY_CONTROL_NULLS_SPEC.md,mode,md
QSB-PLANCK-BRIDGE-RESONATOR-INPUT-ARTIFACT-ENRICHMENT-DWH-REPO-SCOUT-01,docs/BMC15E_PREFLIGHT_GRAPH_OBJECT_EXPORT_NOTE.md,E_i,md
QSB-PLANCK-BRIDGE-RESONATOR-INPUT-ARTIFACT-ENRICHMENT-DWH-REPO-SCOUT-01,docs/BMC15E_READOUT_LABEL_REFINEMENT_PATCH_SPEC.md,mode,md
QSB-PLANCK-BRIDGE-RESONATOR-INPUT-ARTIFACT-ENRICHMENT-DWH-REPO-SCOUT-01,docs/BMC15E_RUNNER_FIELD_LIST.md,Matrix|mode,md
QSB-PLANCK-BRIDGE-RESONATOR-INPUT-ARTIFACT-ENRICHMENT-DWH-REPO-SCOUT-01,docs/BMC15F1_NODE_ALIGNED_ENVELOPE_SENSITIVITY_RESULT_NOTE.md,Kandidat|mode,md
QSB-PLANCK-BRIDGE-RESONATOR-INPUT-ARTIFACT-ENRICHMENT-DWH-REPO-SCOUT-01,docs/BMC15F2_CONNECTEDNESS_TRANSITION_SWEEP_RESULT_NOTE.md,mode,md
QSB-PLANCK-BRIDGE-RESONATOR-INPUT-ARTIFACT-ENRICHMENT-DWH-REPO-SCOUT-01,docs/BMC15F_ENVELOPE_CONSTRUCTION_SENSITIVITY_RESULT_NOTE.md,Kandidat|mode|r_s,md
QSB-PLANCK-BRIDGE-RESONATOR-INPUT-ARTIFACT-ENRICHMENT-DWH-REPO-SCOUT-01,docs/BMC15F_ENVELOPE_CONSTRUCTION_SENSITIVITY_SPEC.md,E_i|E_j|Matrix|mode|r_s,md
QSB-PLANCK-BRIDGE-RESONATOR-INPUT-ARTIFACT-ENRICHMENT-DWH-REPO-SCOUT-01,docs/BMC15F_RUNNER_FIELD_LIST.md,E_j|Matrix|mode,md
QSB-PLANCK-BRIDGE-RESONATOR-INPUT-ARTIFACT-ENRICHMENT-DWH-REPO-SCOUT-01,docs/BMC15G_CORE_PERTURBATION_ROBUSTNESS_RESULT_NOTE.md,E_j|mode,md
QSB-PLANCK-BRIDGE-RESONATOR-INPUT-ARTIFACT-ENRICHMENT-DWH-REPO-SCOUT-01,docs/BMC15G_CORE_PERTURBATION_ROBUSTNESS_SPEC.md,mode,md
QSB-PLANCK-BRIDGE-RESONATOR-INPUT-ARTIFACT-ENRICHMENT-DWH-REPO-SCOUT-01,docs/BMC15G_RUNNER_FIELD_LIST.md,E_i|E_j,md
QSB-PLANCK-BRIDGE-RESONATOR-INPUT-ARTIFACT-ENRICHMENT-DWH-REPO-SCOUT-01,docs/BMC15H_CORE_SEEDED_DECOY_EXTENSION_NOTE.md,E_i,md
QSB-PLANCK-BRIDGE-RESONATOR-INPUT-ARTIFACT-ENRICHMENT-DWH-REPO-SCOUT-01,docs/BMC15H_FEATURE_STRUCTURED_RERUN_RESULT_NOTE.md,E_i,md
QSB-PLANCK-BRIDGE-RESONATOR-INPUT-ARTIFACT-ENRICHMENT-DWH-REPO-SCOUT-01,docs/BMC15H_RUNNER_FIELD_LIST.md,E_j|r_s,md
QSB-PLANCK-BRIDGE-RESONATOR-INPUT-ARTIFACT-ENRICHMENT-DWH-REPO-SCOUT-01,docs/BMC15H_STRUCTURED_SPECIFICITY_EXTENSION_SPEC.md,E_j|Phase|phase|r_s,md
QSB-PLANCK-BRIDGE-RESONATOR-INPUT-ARTIFACT-ENRICHMENT-DWH-REPO-SCOUT-01,docs/BMC15H_STRUCTURED_SPECIFICITY_INITIAL_RESULT_NOTE.md,E_i,md
QSB-PLANCK-BRIDGE-RESONATOR-INPUT-ARTIFACT-ENRICHMENT-DWH-REPO-SCOUT-01,docs/BMC15_AI_EXTERNAL_REVIEW_PACKET.md,Kandidat|mode|r_s,md
QSB-PLANCK-BRIDGE-RESONATOR-INPUT-ARTIFACT-ENRICHMENT-DWH-REPO-SCOUT-01,docs/BMC15_GEOMETRY_PROXY_DIAGNOSTICS_RESULT_NOTE.md,mode,md
QSB-PLANCK-BRIDGE-RESONATOR-INPUT-ARTIFACT-ENRICHMENT-DWH-REPO-SCOUT-01,docs/BMC15_GEOMETRY_PROXY_DIAGNOSTICS_SPEC.md,E_i|Matrix|mode|r_s,md
QSB-PLANCK-BRIDGE-RESONATOR-INPUT-ARTIFACT-ENRICHMENT-DWH-REPO-SCOUT-01,docs/BMC15_SERIES_GEOMETRY_PROXY_CONSOLIDATED_NOTE.md,mode,md
QSB-PLANCK-BRIDGE-RESONATOR-INPUT-ARTIFACT-ENRICHMENT-DWH-REPO-SCOUT-01,docs/BMC15_SERIES_GEOMETRY_PROXY_SYNTHESIS_NOTE.md,mode,md
QSB-PLANCK-BRIDGE-RESONATOR-INPUT-ARTIFACT-ENRICHMENT-DWH-REPO-SCOUT-01,docs/BMS_FU01B_C60_CORE_SELECTION_INITIAL_RESULT_NOTE.md,mode,md
QSB-PLANCK-BRIDGE-RESONATOR-INPUT-ARTIFACT-ENRICHMENT-DWH-REPO-SCOUT-01,docs/BMS_FU01B_C60_CORE_SELECTION_SENSITIVITY_SPEC.md,E_i|mode,md
QSB-PLANCK-BRIDGE-RESONATOR-INPUT-ARTIFACT-ENRICHMENT-DWH-REPO-SCOUT-01,docs/BMS_FU01B_RUNNER_FIELD_LIST.md,E_i|mode,md
QSB-PLANCK-BRIDGE-RESONATOR-INPUT-ARTIFACT-ENRICHMENT-DWH-REPO-SCOUT-01,docs/BMS_FU01C_C60_MOTIF_TOPOLOGY_EXTENSION_SPEC.md,E_i|Matrix|mode,md
QSB-PLANCK-BRIDGE-RESONATOR-INPUT-ARTIFACT-ENRICHMENT-DWH-REPO-SCOUT-01,docs/BMS_FU01C_RUNNER_FIELD_LIST.md,E_i|mode,md
QSB-PLANCK-BRIDGE-RESONATOR-INPUT-ARTIFACT-ENRICHMENT-DWH-REPO-SCOUT-01,docs/BMS_FU01_C60_STRUCTURE_INFORMATION_DIAGNOSTIC_SPEC.md,E_i|mode,md
QSB-PLANCK-BRIDGE-RESONATOR-INPUT-ARTIFACT-ENRICHMENT-DWH-REPO-SCOUT-01,docs/BMS_FU01_RUNNER_FIELD_LIST.md,E_i|mode,md
QSB-PLANCK-BRIDGE-RESONATOR-INPUT-ARTIFACT-ENRICHMENT-DWH-REPO-SCOUT-01,docs/BMS_FU02B_CARRIER_SHARPNESS_INITIAL_RESULT_NOTE.md,r_s,md
QSB-PLANCK-BRIDGE-RESONATOR-INPUT-ARTIFACT-ENRICHMENT-DWH-REPO-SCOUT-01,docs/BMS_FU02B_CARRIER_SHARPNESS_RANK_STABILITY_SPEC.md,Matrix|r_s,md
QSB-PLANCK-BRIDGE-RESONATOR-INPUT-ARTIFACT-ENRICHMENT-DWH-REPO-SCOUT-01,docs/BMS_FU02B_RUNNER_FIELD_LIST.md,E_i|Matrix|mode|p_i,md
QSB-PLANCK-BRIDGE-RESONATOR-INPUT-ARTIFACT-ENRICHMENT-DWH-REPO-SCOUT-01,docs/BMS_FU02C_REPRESENTATION_RESOLVED_CARRIER_DELTA_INITIAL_RESULT_NOTE.md,Matrix,md
QSB-PLANCK-BRIDGE-RESONATOR-INPUT-ARTIFACT-ENRICHMENT-DWH-REPO-SCOUT-01,docs/BMS_FU02C_REPRESENTATION_RESOLVED_CARRIER_DELTA_SPEC.md,Matrix|delta_E,md
QSB-PLANCK-BRIDGE-RESONATOR-INPUT-ARTIFACT-ENRICHMENT-DWH-REPO-SCOUT-01,docs/BMS_FU02C_RUNNER_FIELD_LIST.md,delta_E,md
QSB-PLANCK-BRIDGE-RESONATOR-INPUT-ARTIFACT-ENRICHMENT-DWH-REPO-SCOUT-01,docs/BMS_FU02D1_FACE_PARSER_REPAIR_AND_FACE_LOCALIZATION_INITIAL_RESULT_NOTE.md,E_i|E_j|r_s,md
QSB-PLANCK-BRIDGE-RESONATOR-INPUT-ARTIFACT-ENRICHMENT-DWH-REPO-SCOUT-01,docs/BMS_FU02D1_FACE_PARSER_REPAIR_AND_FACE_LOCALIZATION_SPEC.md,E_i|E_j,md
QSB-PLANCK-BRIDGE-RESONATOR-INPUT-ARTIFACT-ENRICHMENT-DWH-REPO-SCOUT-01,docs/BMS_FU02D1_RUNNER_FIELD_LIST.md,E_i|E_j|r_s,md
QSB-PLANCK-BRIDGE-RESONATOR-INPUT-ARTIFACT-ENRICHMENT-DWH-REPO-SCOUT-01,docs/BMS_FU02D_CARRIER_ROLE_GEOMETRY_PATCH_DISTRIBUTION_INITIAL_RESULT_NOTE.md,E_j,md
QSB-PLANCK-BRIDGE-RESONATOR-INPUT-ARTIFACT-ENRICHMENT-DWH-REPO-SCOUT-01,docs/BMS_FU02D_CARRIER_ROLE_GEOMETRY_PATCH_DISTRIBUTION_SPEC.md,E_i|E_j|Matrix|r_s,md
QSB-PLANCK-BRIDGE-RESONATOR-INPUT-ARTIFACT-ENRICHMENT-DWH-REPO-SCOUT-01,docs/BMS_FU02D_RUNNER_FIELD_LIST.md,E_i|E_j|r_s,md
QSB-PLANCK-BRIDGE-RESONATOR-INPUT-ARTIFACT-ENRICHMENT-DWH-REPO-SCOUT-01,docs/BMS_FU02E1_ROLE_BALANCE_LOCALIZATION_SPEC.md,lag|r_s,md
QSB-PLANCK-BRIDGE-RESONATOR-INPUT-ARTIFACT-ENRICHMENT-DWH-REPO-SCOUT-01,docs/BMS_FU02E1_RUNNER_FIELD_LIST.md,E_i,md
QSB-PLANCK-BRIDGE-RESONATOR-INPUT-ARTIFACT-ENRICHMENT-DWH-REPO-SCOUT-01,docs/BMS_FU02E_RUNNER_FIELD_LIST.md,E_i,md
QSB-PLANCK-BRIDGE-RESONATOR-INPUT-ARTIFACT-ENRICHMENT-DWH-REPO-SCOUT-01,docs/BMS_FU02F1_FACE_ID_INTERVAL_REPAIR_3D_GRAPH_LAYOUT_INITIAL_RESULT_NOTE.md,E_i,md
QSB-PLANCK-BRIDGE-RESONATOR-INPUT-ARTIFACT-ENRICHMENT-DWH-REPO-SCOUT-01,docs/BMS_FU02F1_FACE_ID_INTERVAL_REPAIR_3D_GRAPH_LAYOUT_SPEC.md,E_i,md
QSB-PLANCK-BRIDGE-RESONATOR-INPUT-ARTIFACT-ENRICHMENT-DWH-REPO-SCOUT-01,docs/BMS_FU02F1_RUNNER_FIELD_LIST.md,E_i|E_j|mode|r_s,md
QSB-PLANCK-BRIDGE-RESONATOR-INPUT-ARTIFACT-ENRICHMENT-DWH-REPO-SCOUT-01,docs/BMS_FU02F_CARRIER_ROLE_VISUALIZATION_SYMMETRY_ORBIT_INITIAL_RESULT_NOTE.md,E_i|E_j|lag,md
QSB-PLANCK-BRIDGE-RESONATOR-INPUT-ARTIFACT-ENRICHMENT-DWH-REPO-SCOUT-01,docs/BMS_FU02F_CARRIER_ROLE_VISUALIZATION_SYMMETRY_ORBIT_SPEC.md,E_i|E_j|r_s,md
QSB-PLANCK-BRIDGE-RESONATOR-INPUT-ARTIFACT-ENRICHMENT-DWH-REPO-SCOUT-01,docs/BMS_FU02F_RUNNER_FIELD_LIST.md,E_i|E_j,md
QSB-PLANCK-BRIDGE-RESONATOR-INPUT-ARTIFACT-ENRICHMENT-DWH-REPO-SCOUT-01,docs/BMS_FU02G0_REAL_STRUCTURE_MEMORY_SYMMETRY_CONTROL_METHOD_PLAN.md,E_i|lag|mode|r_s,md
QSB-PLANCK-BRIDGE-RESONATOR-INPUT-ARTIFACT-ENRICHMENT-DWH-REPO-SCOUT-01,docs/BMS_FU02G1B_NANOTUBE_TOPOLOGY_REPAIR_FIELD_LIST.md,E_i,md
QSB-PLANCK-BRIDGE-RESONATOR-INPUT-ARTIFACT-ENRICHMENT-DWH-REPO-SCOUT-01,docs/BMS_FU02G1B_NANOTUBE_TOPOLOGY_REPAIR_VALIDATION_INITIAL_RESULT_NOTE.md,mode,md
QSB-PLANCK-BRIDGE-RESONATOR-INPUT-ARTIFACT-ENRICHMENT-DWH-REPO-SCOUT-01,docs/BMS_FU02G1B_NANOTUBE_TOPOLOGY_REPAIR_VALIDATION_SPEC.md,E_i,md
QSB-PLANCK-BRIDGE-RESONATOR-INPUT-ARTIFACT-ENRICHMENT-DWH-REPO-SCOUT-01,docs/BMS_FU02G1_STRUCTURE_INVENTORY_BUILDER_FIELD_LIST.md,E_i|lag,md
QSB-PLANCK-BRIDGE-RESONATOR-INPUT-ARTIFACT-ENRICHMENT-DWH-REPO-SCOUT-01,docs/BMS_FU02G1_STRUCTURE_INVENTORY_BUILDER_INITIAL_RESULT_NOTE.md,E_i,md
QSB-PLANCK-BRIDGE-RESONATOR-INPUT-ARTIFACT-ENRICHMENT-DWH-REPO-SCOUT-01,docs/BMS_FU02G1_STRUCTURE_INVENTORY_BUILDER_SPEC.md,E_i|lag|mode|r_s,md
QSB-PLANCK-BRIDGE-RESONATOR-INPUT-ARTIFACT-ENRICHMENT-DWH-REPO-SCOUT-01,docs/BMS_FU02G2_CARRIER_DIAGNOSTIC_TRANSFER_FIELD_LIST.md,E_i|lag|r_s,md
QSB-PLANCK-BRIDGE-RESONATOR-INPUT-ARTIFACT-ENRICHMENT-DWH-REPO-SCOUT-01,docs/BMS_FU02G2_CARRIER_DIAGNOSTIC_TRANSFER_GEOMETRY_CONTROLS_SPEC.md,E_i|lag|r_s,md
QSB-PLANCK-BRIDGE-RESONATOR-INPUT-ARTIFACT-ENRICHMENT-DWH-REPO-SCOUT-01,docs/BMS_FU02G3_REAL_STRUCTURE_MEMORY_NULL_SPECIFICITY_FIELD_LIST.md,E_i|r_s,md
QSB-PLANCK-BRIDGE-RESONATOR-INPUT-ARTIFACT-ENRICHMENT-DWH-REPO-SCOUT-01,docs/BMS_FU02G3_REAL_STRUCTURE_MEMORY_NULL_SPECIFICITY_INITIAL_RESULT_NOTE.md,mode|r_s,md
QSB-PLANCK-BRIDGE-RESONATOR-INPUT-ARTIFACT-ENRICHMENT-DWH-REPO-SCOUT-01,docs/BMS_FU02G3_REAL_STRUCTURE_MEMORY_NULL_SPECIFICITY_SPEC.md,E_i,md
QSB-PLANCK-BRIDGE-RESONATOR-INPUT-ARTIFACT-ENRICHMENT-DWH-REPO-SCOUT-01,docs/BMS_FU02G4B_EXHAUSTIVE_CONNECTED_PATCH_SIGNATURE_CHECK_FIELD_LIST.md,E_i|E_j|frequency|mode|r_s,md
QSB-PLANCK-BRIDGE-RESONATOR-INPUT-ARTIFACT-ENRICHMENT-DWH-REPO-SCOUT-01,docs/BMS_FU02G4B_EXHAUSTIVE_CONNECTED_PATCH_SIGNATURE_CHECK_INITIAL_BOUNDED_RESULT_NOTE.md,E_i|r_s,md
QSB-PLANCK-BRIDGE-RESONATOR-INPUT-ARTIFACT-ENRICHMENT-DWH-REPO-SCOUT-01,docs/BMS_FU02G4B_EXHAUSTIVE_CONNECTED_PATCH_SIGNATURE_CHECK_SPEC.md,E_i|mode|r_s,md
QSB-PLANCK-BRIDGE-RESONATOR-INPUT-ARTIFACT-ENRICHMENT-DWH-REPO-SCOUT-01,docs/BMS_FU02G4C_CHUNK_0000000_0999999_RESULT_NOTE.md,r_s,md
QSB-PLANCK-BRIDGE-RESONATOR-INPUT-ARTIFACT-ENRICHMENT-DWH-REPO-SCOUT-01,docs/BMS_FU02G4C_CHUNK_1000000_1999999_ORBIT_REDUCED_RESULT_NOTE.md,E_i|r_s,md
QSB-PLANCK-BRIDGE-RESONATOR-INPUT-ARTIFACT-ENRICHMENT-DWH-REPO-SCOUT-01,docs/BMS_FU02G4C_CHUNK_2000000_2999999_ORBIT_REDUCED_RESULT_NOTE.md,E_i|r_s,md
QSB-PLANCK-BRIDGE-RESONATOR-INPUT-ARTIFACT-ENRICHMENT-DWH-REPO-SCOUT-01,docs/BMS_FU02G4C_FULL_RAW_ORDER_REPLAY_CANDIDATE_008_ONLY_SMOKE_WRAPPER_SPEC.md,E_i|K_candidate|Kandidat|Modus|lag|r_s,md
QSB-PLANCK-BRIDGE-RESONATOR-INPUT-ARTIFACT-ENRICHMENT-DWH-REPO-SCOUT-01,docs/BMS_FU02G4C_FULL_RAW_ORDER_REPLAY_CERTIFICATION_PREFLIGHT_FIELD_LIST.md,E_i|lag|mode|r_s,md
QSB-PLANCK-BRIDGE-RESONATOR-INPUT-ARTIFACT-ENRICHMENT-DWH-REPO-SCOUT-01,docs/BMS_FU02G4C_FULL_RAW_ORDER_REPLAY_DRY_RUN_PLAN.md,E_i|Kandidat|mode,md
QSB-PLANCK-BRIDGE-RESONATOR-INPUT-ARTIFACT-ENRICHMENT-DWH-REPO-SCOUT-01,docs/BMS_FU02G4C_FULL_RAW_ORDER_REPLAY_STAGE0_INPUT_PATH_VALIDATION_RESULT_NOTE.md,Kandidat|lag,md
QSB-PLANCK-BRIDGE-RESONATOR-INPUT-ARTIFACT-ENRICHMENT-DWH-REPO-SCOUT-01,docs/BMS_FU02G4C_FULL_RAW_ORDER_REPLAY_STAGE1_DISABLED_RUN_CONFIG_RESULT_NOTE.md,Kandidat|mode,md
QSB-PLANCK-BRIDGE-RESONATOR-INPUT-ARTIFACT-ENRICHMENT-DWH-REPO-SCOUT-01,docs/BMS_FU02G4C_FULL_RAW_ORDER_REPLAY_STAGE2_BLOCKED_RESULT_NOTE.md,E_i|K_candidate|Kandidat,md
QSB-PLANCK-BRIDGE-RESONATOR-INPUT-ARTIFACT-ENRICHMENT-DWH-REPO-SCOUT-01,docs/BMS_FU02G4C_FULL_RAW_ORDER_REPLAY_STAGE2_BOUNDED_SMOKE_CHECK_PLAN.md,E_i|K_candidate|Kandidat|Modus|lag,md
QSB-PLANCK-BRIDGE-RESONATOR-INPUT-ARTIFACT-ENRICHMENT-DWH-REPO-SCOUT-01,docs/BMS_FU02G4C_FULL_RAW_ORDER_REPLAY_STAGE2_CANDIDATE_008_DISABLED_SMOKE_CONFIG_RESULT_NOTE.md,mode,md
QSB-PLANCK-BRIDGE-RESONATOR-INPUT-ARTIFACT-ENRICHMENT-DWH-REPO-SCOUT-01,docs/BMS_FU02G4C_FULL_RAW_ORDER_REPLAY_STAGE2_CANDIDATE_008_REFERENCE_SMOKE_PASS_RESULT_NOTE.md,E_i|E_j|mode,md
QSB-PLANCK-BRIDGE-RESONATOR-INPUT-ARTIFACT-ENRICHMENT-DWH-REPO-SCOUT-01,docs/BMS_FU02G4C_FULL_RAW_ORDER_REPLAY_STAGE2_COMMAND_GATE_PLAN.md,E_i|K_candidate|Kandidat|lag,md
QSB-PLANCK-BRIDGE-RESONATOR-INPUT-ARTIFACT-ENRICHMENT-DWH-REPO-SCOUT-01,docs/BMS_FU02G4C_FULL_RAW_ORDER_REPLAY_STAGE2_DRY_RUN_GATE_BLOCKED_RESULT_NOTE.md,K_candidate,md
QSB-PLANCK-BRIDGE-RESONATOR-INPUT-ARTIFACT-ENRICHMENT-DWH-REPO-SCOUT-01,docs/BMS_FU02G4C_FULL_RAW_ORDER_REPLAY_STAGE2_DRY_RUN_GATE_READY_RESULT_NOTE.md,E_i|Kandidat,md
QSB-PLANCK-BRIDGE-RESONATOR-INPUT-ARTIFACT-ENRICHMENT-DWH-REPO-SCOUT-01,docs/BMS_FU02G4C_FULL_RAW_ORDER_REPLAY_STAGE3_COMMAND_GATE_PLAN.md,E_i|Kandidat|lag,md
QSB-PLANCK-BRIDGE-RESONATOR-INPUT-ARTIFACT-ENRICHMENT-DWH-REPO-SCOUT-01,docs/BMS_FU02G4C_FULL_RAW_ORDER_REPLAY_STAGE3_EXECUTION_GATE_PLAN.md,Kandidat|Modus|lag,md
QSB-PLANCK-BRIDGE-RESONATOR-INPUT-ARTIFACT-ENRICHMENT-DWH-REPO-SCOUT-01,docs/BMS_FU02G4C_FULL_RAW_ORDER_REPLAY_STAGE3_GATE_STATUS_HANDOFF_2026-05-09.md,Kandidat,md
QSB-PLANCK-BRIDGE-RESONATOR-INPUT-ARTIFACT-ENRICHMENT-DWH-REPO-SCOUT-01,docs/BMS_FU02G4C_FULL_RAW_ORDER_REPLAY_STAGE3_NEGATIVE_EXECUTION_GATE_BLOCKED_RESULT_NOTE.md,lag,md
QSB-PLANCK-BRIDGE-RESONATOR-INPUT-ARTIFACT-ENRICHMENT-DWH-REPO-SCOUT-01,docs/BMS_FU02G4C_FULL_RAW_ORDER_REPLAY_STAGE3_WRAPPER_DRY_RUN_READY_RESULT_NOTE.md,mode|r_s,md
QSB-PLANCK-BRIDGE-RESONATOR-INPUT-ARTIFACT-ENRICHMENT-DWH-REPO-SCOUT-01,docs/BMS_FU02G4C_FULL_RAW_ORDER_REPLAY_STAGE3_WRAPPER_RUNNER_SPEC.md,E_i|Kandidat|Modus|lag|mode|r_s,md
QSB-PLANCK-BRIDGE-RESONATOR-INPUT-ARTIFACT-ENRICHMENT-DWH-REPO-SCOUT-01,docs/BMS_FU02G4C_FULL_RAW_ORDER_REPLAY_STAGE3_WRAPPER_SCAFFOLD_RESULT_NOTE.md,Kandidat|lag|r_s,md
QSB-PLANCK-BRIDGE-RESONATOR-INPUT-ARTIFACT-ENRICHMENT-DWH-REPO-SCOUT-01,docs/BMS_FU02G4C_ORBIT_REDUCED_RESUMABLE_CONNECTED_PATCH_ENUMERATION_FIELD_LIST.md,E_i|frequency|mode|r_s,md
QSB-PLANCK-BRIDGE-RESONATOR-INPUT-ARTIFACT-ENRICHMENT-DWH-REPO-SCOUT-01,docs/BMS_FU02G4C_ORBIT_REDUCED_RESUMABLE_CONNECTED_PATCH_ENUMERATION_SPEC.md,E_i|mode|r_s,md
QSB-PLANCK-BRIDGE-RESONATOR-INPUT-ARTIFACT-ENRICHMENT-DWH-REPO-SCOUT-01,docs/BMS_FU02G4C_STAGE3A_WRAPPER_SCAFFOLD_AUDIT_RESULT_NOTE.md,Kandidat|Modus|r_s,md
QSB-PLANCK-BRIDGE-RESONATOR-INPUT-ARTIFACT-ENRICHMENT-DWH-REPO-SCOUT-01,docs/BMS_FU02G4D_COVERAGE_AND_LOG_AUDIT_SPEC.md,E_i|lag|r_s,md
QSB-PLANCK-BRIDGE-RESONATOR-INPUT-ARTIFACT-ENRICHMENT-DWH-REPO-SCOUT-01,docs/BMS_FU02G4_SYMMETRY_ORBIT_INSPECTION_C60_REFERENCE_SPEC.md,E_i|r_s,md
QSB-PLANCK-BRIDGE-RESONATOR-INPUT-ARTIFACT-ENRICHMENT-DWH-REPO-SCOUT-01,docs/BMS_FU02G4_SYMMETRY_ORBIT_INSPECTION_COMPLETE_RESULT_NOTE.md,mode|r_s,md
QSB-PLANCK-BRIDGE-RESONATOR-INPUT-ARTIFACT-ENRICHMENT-DWH-REPO-SCOUT-01,docs/BMS_FU02G4_SYMMETRY_ORBIT_INSPECTION_FIELD_LIST.md,E_i|E_j|r_s,md
QSB-PLANCK-BRIDGE-RESONATOR-INPUT-ARTIFACT-ENRICHMENT-DWH-REPO-SCOUT-01,docs/BMS_FU02G4_SYMMETRY_ORBIT_INSPECTION_INITIAL_RESULT_NOTE.md,E_i|mode|r_s,md
QSB-PLANCK-BRIDGE-RESONATOR-INPUT-ARTIFACT-ENRICHMENT-DWH-REPO-SCOUT-01,docs/BMS_FU02G5C_ROLE_TRANSPORT_RULE_SPEC.md,mode,md
QSB-PLANCK-BRIDGE-RESONATOR-INPUT-ARTIFACT-ENRICHMENT-DWH-REPO-SCOUT-01,docs/BMS_FU02G5D_AUTOMORPHY_ONLY_ROLE_TRANSPORT_FIELD_LIST.md,E_i,md
QSB-PLANCK-BRIDGE-RESONATOR-INPUT-ARTIFACT-ENRICHMENT-DWH-REPO-SCOUT-01,docs/BMS_FU02G5D_AUTOMORPHY_ONLY_ROLE_TRANSPORT_RESULT_NOTE.md,E_i,md
QSB-PLANCK-BRIDGE-RESONATOR-INPUT-ARTIFACT-ENRICHMENT-DWH-REPO-SCOUT-01,docs/BMS_FU02G5E1_NEAR_MATCH_LOCALIZATION_FIELD_LIST.md,E_i|mode|r_s,md
QSB-PLANCK-BRIDGE-RESONATOR-INPUT-ARTIFACT-ENRICHMENT-DWH-REPO-SCOUT-01,docs/BMS_FU02G5E2_NEAR_MATCH_DECOY_CLASSIFICATION_FIELD_LIST.md,E_i|lag|mode,md
QSB-PLANCK-BRIDGE-RESONATOR-INPUT-ARTIFACT-ENRICHMENT-DWH-REPO-SCOUT-01,docs/BMS_FU02G5E2_RED_TEAM_PACKET.md,E_i,md
QSB-PLANCK-BRIDGE-RESONATOR-INPUT-ARTIFACT-ENRICHMENT-DWH-REPO-SCOUT-01,docs/BMS_FU02G5E3_RED_TEAM_SYNTHESIS_AND_NEXT_CONTROLS.md,E_i|lag|p_i,md
QSB-PLANCK-BRIDGE-RESONATOR-INPUT-ARTIFACT-ENRICHMENT-DWH-REPO-SCOUT-01,docs/BMS_FU02G5F_RAW_ORDER_REPLAY_CERTIFICATION_FIELD_LIST.md,E_i|lag|p_i,md
QSB-PLANCK-BRIDGE-RESONATOR-INPUT-ARTIFACT-ENRICHMENT-DWH-REPO-SCOUT-01,docs/BMS_FU02G5G2_NARROW_PER_INDEX_REPLAY_PHOTO_CERTIFICATION_FIELD_LIST.md,E_i|lag,md
QSB-PLANCK-BRIDGE-RESONATOR-INPUT-ARTIFACT-ENRICHMENT-DWH-REPO-SCOUT-01,docs/BMS_FU02G5G2_TO_FU02G4C_FULL_REPLAY_HANDOFF_2026-05-09.md,Kandidat|lag,md
QSB-PLANCK-BRIDGE-RESONATOR-INPUT-ARTIFACT-ENRICHMENT-DWH-REPO-SCOUT-01,docs/BMS_FU02G5G_FU02G4C_RAW_ORDER_REPLAY_CERTIFICATION_FIELD_LIST.md,E_i|lag,md
QSB-PLANCK-BRIDGE-RESONATOR-INPUT-ARTIFACT-ENRICHMENT-DWH-REPO-SCOUT-01,docs/BMS_FU02G5G_RAW_ORDER_REPLAY_CERTIFICATION_RESULT_NOTE.md,E_i|lag|mode,md
QSB-PLANCK-BRIDGE-RESONATOR-INPUT-ARTIFACT-ENRICHMENT-DWH-REPO-SCOUT-01,docs/BMS_FU02G5_ROLE_ASSIGNMENT_SENSITIVITY_FIELD_LIST.md,E_i|lag|mode|r_s,md
QSB-PLANCK-BRIDGE-RESONATOR-INPUT-ARTIFACT-ENRICHMENT-DWH-REPO-SCOUT-01,docs/BMS_FU02G5_ROLE_ASSIGNMENT_SENSITIVITY_SPEC.md,r_s,md
QSB-PLANCK-BRIDGE-RESONATOR-INPUT-ARTIFACT-ENRICHMENT-DWH-REPO-SCOUT-01,docs/BMS_FU02_LOAD_BEARING_PATTERN_ANALYSIS_SPEC.md,E_i|mode|r_s,md
QSB-PLANCK-BRIDGE-RESONATOR-INPUT-ARTIFACT-ENRICHMENT-DWH-REPO-SCOUT-01,docs/BMS_FU02_LOAD_BEARING_PATTERN_INITIAL_RESULT_NOTE.md,E_i,md
QSB-PLANCK-BRIDGE-RESONATOR-INPUT-ARTIFACT-ENRICHMENT-DWH-REPO-SCOUT-01,docs/BMS_FU02_RUNNER_FIELD_LIST.md,E_i,md
QSB-PLANCK-BRIDGE-RESONATOR-INPUT-ARTIFACT-ENRICHMENT-DWH-REPO-SCOUT-01,docs/BMS_IE01_ISOELECTRONIC_MATTER_INFORMATION_TEST_SPEC.md,E_i|E_j|Matrix|energy|frequency|lag|mode|omega,md
QSB-PLANCK-BRIDGE-RESONATOR-INPUT-ARTIFACT-ENRICHMENT-DWH-REPO-SCOUT-01,docs/BMS_IS01B_FAMILY_BALANCED_EXTENSION_SPEC.md,E_i|mode,md
QSB-PLANCK-BRIDGE-RESONATOR-INPUT-ARTIFACT-ENRICHMENT-DWH-REPO-SCOUT-01,docs/BMS_IS01B_FAMILY_BALANCED_RESULT_NOTE.md,E_i|mode,md
QSB-PLANCK-BRIDGE-RESONATOR-INPUT-ARTIFACT-ENRICHMENT-DWH-REPO-SCOUT-01,docs/BMS_IS01B_RUNNER_FIELD_LIST.md,E_i|energy|mode|r_s,md
QSB-PLANCK-BRIDGE-RESONATOR-INPUT-ARTIFACT-ENRICHMENT-DWH-REPO-SCOUT-01,docs/BMS_IS01_ISOTOPE_STRUCTURE_BMC15H_METHOD_PLAN.md,E_i|energy|frequency|mode|r_s,md
QSB-PLANCK-BRIDGE-RESONATOR-INPUT-ARTIFACT-ENRICHMENT-DWH-REPO-SCOUT-01,docs/BMS_IS01_ISOTOPE_STRUCTURE_INITIAL_RESULT_NOTE.md,E_i,md
QSB-PLANCK-BRIDGE-RESONATOR-INPUT-ARTIFACT-ENRICHMENT-DWH-REPO-SCOUT-01,docs/BMS_IS01_RUNNER_FIELD_LIST.md,E_i|energy|r_s,md
QSB-PLANCK-BRIDGE-RESONATOR-INPUT-ARTIFACT-ENRICHMENT-DWH-REPO-SCOUT-01,docs/BMS_ST01_RUNNER_FIELD_LIST.md,E_i|mode,md
QSB-PLANCK-BRIDGE-RESONATOR-INPUT-ARTIFACT-ENRICHMENT-DWH-REPO-SCOUT-01,docs/BMS_ST01_STRUCTURE_INFORMATION_DIAGNOSTIC_SPEC.md,E_i|frequency|mode,md
QSB-PLANCK-BRIDGE-RESONATOR-INPUT-ARTIFACT-ENRICHMENT-DWH-REPO-SCOUT-01,docs/BMS_ST01_STRUCTURE_INFORMATION_INITIAL_RESULT_NOTE.md,E_i|frequency|mode,md
QSB-PLANCK-BRIDGE-RESONATOR-INPUT-ARTIFACT-ENRICHMENT-DWH-REPO-SCOUT-01,docs/DR01_LITERATURE_METHOD_POSITIONING_NOTE.md,Matrix|mode,md
QSB-PLANCK-BRIDGE-RESONATOR-INPUT-ARTIFACT-ENRICHMENT-DWH-REPO-SCOUT-01,docs/GROK_PROJECT_RESET_BMC12_REVIEW_PROMPT.md,E_i|frequency|mode,md
QSB-PLANCK-BRIDGE-RESONATOR-INPUT-ARTIFACT-ENRICHMENT-DWH-REPO-SCOUT-01,docs/OUTREACH01A_01_AG_GUREVICH_FIT_CONTACT_GOAL_AND_EVIDENCE_BOUNDARY.md,E_i|Phase|lag|mode|phase,md
QSB-PLANCK-BRIDGE-RESONATOR-INPUT-ARTIFACT-ENRICHMENT-DWH-REPO-SCOUT-01,docs/OUTREACH01A_02_AG_GUREVICH_SINGLE_DEMONSTRATOR_SELECTION.md,E_i|Kandidat|Matrix|Phase|lag|mode|phase|r_s,md
QSB-PLANCK-BRIDGE-RESONATOR-INPUT-ARTIFACT-ENRICHMENT-DWH-REPO-SCOUT-01,docs/OUTREACH01A_03_MINIMAL_SYNTHETIC_DTC_STATE_IDENTITY_DEMONSTRATOR_SPEC.md,E_i|Phase|mode|phase|r_s,md
QSB-PLANCK-BRIDGE-RESONATOR-INPUT-ARTIFACT-ENRICHMENT-DWH-REPO-SCOUT-01,docs/OUTREACH01A_04_MULTILINGUAL_PRESENTATION_VIEWS_AND_TWO_PAGE_TECHNICAL_NOTE_SPEC.md,E_i|Phase|lag|mode|phase,md
QSB-PLANCK-BRIDGE-RESONATOR-INPUT-ARTIFACT-ENRICHMENT-DWH-REPO-SCOUT-01,docs/OUTREACH01A_04_TWO_PAGE_TECHNICAL_NOTE_DRAFT_EN.md,Phase|mode|phase,md
QSB-PLANCK-BRIDGE-RESONATOR-INPUT-ARTIFACT-ENRICHMENT-DWH-REPO-SCOUT-01,docs/OUTREACH01A_04_TWO_PAGE_TECHNICAL_NOTE_DRAFT_ES.md,Phase|mode|phase,md
QSB-PLANCK-BRIDGE-RESONATOR-INPUT-ARTIFACT-ENRICHMENT-DWH-REPO-SCOUT-01,docs/OUTREACH01A_05_CONTACT_PACKAGE_README.md,E_i|Phase|phase|r_s,md
QSB-PLANCK-BRIDGE-RESONATOR-INPUT-ARTIFACT-ENRICHMENT-DWH-REPO-SCOUT-01,docs/OUTREACH01A_05_VISIBLE_CONTACT_FIGURE_AND_PACKAGE_ASSEMBLY_SPEC.md,E_i|Phase|lag|mode|phase|r_s,md
QSB-PLANCK-BRIDGE-RESONATOR-INPUT-ARTIFACT-ENRICHMENT-DWH-REPO-SCOUT-01,docs/OUTREACH01A_06_COMPETENCE_AND_BOUNDARIES_PROFILE_EN.md,Phase|mode|phase,md
QSB-PLANCK-BRIDGE-RESONATOR-INPUT-ARTIFACT-ENRICHMENT-DWH-REPO-SCOUT-01,docs/OUTREACH01A_06_CONTACT_LETTER_AND_RESEARCH_CONTEXT_SPEC.md,Phase|mode|phase|r_s,md
QSB-PLANCK-BRIDGE-RESONATOR-INPUT-ARTIFACT-ENRICHMENT-DWH-REPO-SCOUT-01,docs/OUTREACH01A_06_CONTACT_LETTER_DRAFT_EN.md,Phase|mode|phase,md
QSB-PLANCK-BRIDGE-RESONATOR-INPUT-ARTIFACT-ENRICHMENT-DWH-REPO-SCOUT-01,docs/OUTREACH01A_06_RESEARCH_CONTEXT_NOTE_EN.md,Phase|mode|phase,md
QSB-PLANCK-BRIDGE-RESONATOR-INPUT-ARTIFACT-ENRICHMENT-DWH-REPO-SCOUT-01,docs/OUTREACH01A_07_FINAL_PRESEND_CORRECTION_AND_FLAT_PACKAGE_SPEC.md,E_i|mode|r_s,md
QSB-PLANCK-BRIDGE-RESONATOR-INPUT-ARTIFACT-ENRICHMENT-DWH-REPO-SCOUT-01,docs/PROJEKTSTAND_QSB_BMC12_TIMELINE_MENSCHLICH.md,Kandidat|Phase|frequency|mode|phase,md
QSB-PLANCK-BRIDGE-RESONATOR-INPUT-ARTIFACT-ENRICHMENT-DWH-REPO-SCOUT-01,docs/QSB-CAUSALITY01/QSB_CAUSALITY01_DEFINITION_CATALOG.csv,mode,csv
QSB-PLANCK-BRIDGE-RESONATOR-INPUT-ARTIFACT-ENRICHMENT-DWH-REPO-SCOUT-01,docs/QSB-CAUSALITY01/QSB_CAUSALITY01_DIRECTION_MECHANISM_MATRIX.csv,Matrix,csv
QSB-PLANCK-BRIDGE-RESONATOR-INPUT-ARTIFACT-ENRICHMENT-DWH-REPO-SCOUT-01,docs/QSB-CAUSALITY01/QSB_CAUSALITY01_FINAL_STATUS.csv,E_i,csv
QSB-PLANCK-BRIDGE-RESONATOR-INPUT-ARTIFACT-ENRICHMENT-DWH-REPO-SCOUT-01,docs/QSB-CAUSALITY01/QSB_CAUSALITY01_PARTIAL_ORDER_REQUIREMENTS.csv,mode,csv
QSB-PLANCK-BRIDGE-RESONATOR-INPUT-ARTIFACT-ENRICHMENT-DWH-REPO-SCOUT-01,docs/QSB-CAUSALITY01/QSB_CAUSALITY01_TAU_STATUS_MATRIX.csv,Matrix,csv
QSB-PLANCK-BRIDGE-RESONATOR-INPUT-ARTIFACT-ENRICHMENT-DWH-REPO-SCOUT-01,docs/QSB-CAUSALITY02A/QSB_CAUSALITY02A_ADMISSIBILITY_CANDIDATES.csv,E_i|Paar,csv
QSB-PLANCK-BRIDGE-RESONATOR-INPUT-ARTIFACT-ENRICHMENT-DWH-REPO-SCOUT-01,docs/QSB-CAUSALITY02A/QSB_CAUSALITY02A_CLAIM_BOUNDARY.md,Kandidat,md
QSB-PLANCK-BRIDGE-RESONATOR-INPUT-ARTIFACT-ENRICHMENT-DWH-REPO-SCOUT-01,docs/QSB-CAUSALITY02A/QSB_CAUSALITY02A_CONCEPT_NOTE.md,Kandidat,md
QSB-PLANCK-BRIDGE-RESONATOR-INPUT-ARTIFACT-ENRICHMENT-DWH-REPO-SCOUT-01,docs/QSB-CAUSALITY02A/QSB_CAUSALITY02A_DISTANCE_PROPERTY_MATRIX.csv,Matrix,csv
QSB-PLANCK-BRIDGE-RESONATOR-INPUT-ARTIFACT-ENRICHMENT-DWH-REPO-SCOUT-01,docs/QSB-CAUSALITY02A/QSB_CAUSALITY02A_FINAL_STATUS.csv,E_i,csv
QSB-PLANCK-BRIDGE-RESONATOR-INPUT-ARTIFACT-ENRICHMENT-DWH-REPO-SCOUT-01,docs/QSB-CAUSALITY02A/QSB_CAUSALITY02A_MONOTONICITY_ASSESSMENT.csv,E_i|Paar,csv
QSB-PLANCK-BRIDGE-RESONATOR-INPUT-ARTIFACT-ENRICHMENT-DWH-REPO-SCOUT-01,docs/QSB-CAUSALITY02A/QSB_CAUSALITY02A_NEIGHBORHOOD_ANALYSIS.csv,r_s,csv
QSB-PLANCK-BRIDGE-RESONATOR-INPUT-ARTIFACT-ENRICHMENT-DWH-REPO-SCOUT-01,docs/QSB-CAUSALITY02A/QSB_CAUSALITY02A_ORDER_MEASURE_CANDIDATES.csv,E_i|Paar,csv
QSB-PLANCK-BRIDGE-RESONATOR-INPUT-ARTIFACT-ENRICHMENT-DWH-REPO-SCOUT-01,docs/QSB-CAUSALITY02A/QSB_CAUSALITY02A_TAU_DISTANCE_ROLE.csv,E_i,csv
QSB-PLANCK-BRIDGE-RESONATOR-INPUT-ARTIFACT-ENRICHMENT-DWH-REPO-SCOUT-01,docs/QSB-CAUSALITY02B/QSB_CAUSALITY02B_ACYCLICITY_ARGUMENT.md,Kandidat|omega,md
QSB-PLANCK-BRIDGE-RESONATOR-INPUT-ARTIFACT-ENRICHMENT-DWH-REPO-SCOUT-01,docs/QSB-CAUSALITY02B/QSB_CAUSALITY02B_ADMISSIBILITY_RULES.csv,E_i,csv
QSB-PLANCK-BRIDGE-RESONATOR-INPUT-ARTIFACT-ENRICHMENT-DWH-REPO-SCOUT-01,docs/QSB-CAUSALITY02B/QSB_CAUSALITY02B_CLAIM_BOUNDARY.md,Kandidat,md
QSB-PLANCK-BRIDGE-RESONATOR-INPUT-ARTIFACT-ENRICHMENT-DWH-REPO-SCOUT-01,docs/QSB-CAUSALITY02B/QSB_CAUSALITY02B_CONCEPT_NOTE.md,Kandidat|omega,md
QSB-PLANCK-BRIDGE-RESONATOR-INPUT-ARTIFACT-ENRICHMENT-DWH-REPO-SCOUT-01,docs/QSB-CAUSALITY02B/QSB_CAUSALITY02B_CONTINUATION_SPACE_ANALYSIS.csv,omega,csv
QSB-PLANCK-BRIDGE-RESONATOR-INPUT-ARTIFACT-ENRICHMENT-DWH-REPO-SCOUT-01,docs/QSB-CAUSALITY02B/QSB_CAUSALITY02B_EQUIVALENCE_ASSESSMENT.csv,omega|r_s,csv
QSB-PLANCK-BRIDGE-RESONATOR-INPUT-ARTIFACT-ENRICHMENT-DWH-REPO-SCOUT-01,docs/QSB-CAUSALITY02B/QSB_CAUSALITY02B_FINAL_STATUS.csv,E_i|r_s,csv
QSB-PLANCK-BRIDGE-RESONATOR-INPUT-ARTIFACT-ENRICHMENT-DWH-REPO-SCOUT-01,docs/QSB-CAUSALITY02B/QSB_CAUSALITY02B_FIXATION_DEFINITIONS.csv,omega,csv
QSB-PLANCK-BRIDGE-RESONATOR-INPUT-ARTIFACT-ENRICHMENT-DWH-REPO-SCOUT-01,docs/QSB_ABSCHLUSSBERICHT_2026-05-09_FU02G5G2.md,E_i|Kandidat|Modus|lag|mode,md
QSB-PLANCK-BRIDGE-RESONATOR-INPUT-ARTIFACT-ENRICHMENT-DWH-REPO-SCOUT-01,docs/QSB_APERIODIC_NONLATTICE_CONTEXT_NOTE.md,lag|mode,md
QSB-PLANCK-BRIDGE-RESONATOR-INPUT-ARTIFACT-ENRICHMENT-DWH-REPO-SCOUT-01,docs/QSB_BMS_FU03_RED_TEAM_PROMPT_2026-05-04.md,E_i|lag|mode|r_s,md
QSB-PLANCK-BRIDGE-RESONATOR-INPUT-ARTIFACT-ENRICHMENT-DWH-REPO-SCOUT-01,docs/QSB_BMS_IS_IE_ST_FU_Interne_Gesamtnotiz_2026-05-01.pdf,lag|mode,pdf
QSB-PLANCK-BRIDGE-RESONATOR-INPUT-ARTIFACT-ENRICHMENT-DWH-REPO-SCOUT-01,docs/QSB_BRIDGE_DATA_01_PREFLIGHT_PLAN.md,E_i|Matrix|Phase|frequency|mode|phase|phase_i,md
QSB-PLANCK-BRIDGE-RESONATOR-INPUT-ARTIFACT-ENRICHMENT-DWH-REPO-SCOUT-01,docs/QSB_BRIDGE_DATA_01_RESULT_DISCUSSION.md,Matrix|Phase|mode|phase,md
QSB-PLANCK-BRIDGE-RESONATOR-INPUT-ARTIFACT-ENRICHMENT-DWH-REPO-SCOUT-01,docs/QSB_BRIDGE_DATA_01_RESULT_NOTE.md,Matrix,md
QSB-PLANCK-BRIDGE-RESONATOR-INPUT-ARTIFACT-ENRICHMENT-DWH-REPO-SCOUT-01,docs/QSB_BRIDGE_DATA_02A_RESULT_DISCUSSION.md,Matrix|Phase|mode|phase,md
QSB-PLANCK-BRIDGE-RESONATOR-INPUT-ARTIFACT-ENRICHMENT-DWH-REPO-SCOUT-01,docs/QSB_BRIDGE_DATA_02A_TESTDATA_SCAFFOLD_PLAN.md,E_i|Phase|lag|phase,md
QSB-PLANCK-BRIDGE-RESONATOR-INPUT-ARTIFACT-ENRICHMENT-DWH-REPO-SCOUT-01,docs/QSB_BRIDGE_DATA_02B_CARBON_BONDING_ORGANIZATION_PLAN.md,E_i|r_s,md
QSB-PLANCK-BRIDGE-RESONATOR-INPUT-ARTIFACT-ENRICHMENT-DWH-REPO-SCOUT-01,docs/QSB_BRIDGE_DATA_02B_RESULT_DISCUSSION.md,Matrix|mode|r_s,md
QSB-PLANCK-BRIDGE-RESONATOR-INPUT-ARTIFACT-ENRICHMENT-DWH-REPO-SCOUT-01,docs/QSB_BRIDGE_DATA_02C_CONTROL_ENSEMBLES_PLAN.md,E_i|lag|r_s,md
QSB-PLANCK-BRIDGE-RESONATOR-INPUT-ARTIFACT-ENRICHMENT-DWH-REPO-SCOUT-01,docs/QSB_BRIDGE_DATA_02C_RESULT_DISCUSSION.md,Matrix|mode|r_s,md
QSB-PLANCK-BRIDGE-RESONATOR-INPUT-ARTIFACT-ENRICHMENT-DWH-REPO-SCOUT-01,docs/QSB_BRIDGE_DATA_02C_RESULT_NOTE.md,lag,md
QSB-PLANCK-BRIDGE-RESONATOR-INPUT-ARTIFACT-ENRICHMENT-DWH-REPO-SCOUT-01,docs/QSB_BRIDGE_DATA_02D_DIAGNOSTIC_SEPARATION_PLAN.md,Matrix|lag|mode,md
QSB-PLANCK-BRIDGE-RESONATOR-INPUT-ARTIFACT-ENRICHMENT-DWH-REPO-SCOUT-01,docs/QSB_BRIDGE_DATA_02D_PROGRAMMABLAUFPLAN.md,Paar|lag,md
QSB-PLANCK-BRIDGE-RESONATOR-INPUT-ARTIFACT-ENRICHMENT-DWH-REPO-SCOUT-01,docs/QSB_BRIDGE_DATA_02D_RESULT_DISCUSSION.md,Matrix|mode,md
QSB-PLANCK-BRIDGE-RESONATOR-INPUT-ARTIFACT-ENRICHMENT-DWH-REPO-SCOUT-01,docs/QSB_BRIDGE_DATA_02E_CONTROL_MIMICRY_DIAGNOSTIC_REVISION_PLAN.md,E_i|lag|mode,md
QSB-PLANCK-BRIDGE-RESONATOR-INPUT-ARTIFACT-ENRICHMENT-DWH-REPO-SCOUT-01,docs/QSB_BRIDGE_DATA_02E_RESULT_DISCUSSION.md,mode|r_s,md
QSB-PLANCK-BRIDGE-RESONATOR-INPUT-ARTIFACT-ENRICHMENT-DWH-REPO-SCOUT-01,docs/QSB_BRIDGE_NEXT_AFTER_RED_TEAM_2026_05_12.md,E_i|Matrix|Phase|mode|phase|r_s,md
QSB-PLANCK-BRIDGE-RESONATOR-INPUT-ARTIFACT-ENRICHMENT-DWH-REPO-SCOUT-01,docs/QSB_BRIDGE_NUM_04A_PHASE_SENSITIVE_TOY_SPEC.md,E_i|E_j|Matrix|Phase|lag|phase,md
QSB-PLANCK-BRIDGE-RESONATOR-INPUT-ARTIFACT-ENRICHMENT-DWH-REPO-SCOUT-01,docs/QSB_BRIDGE_NUM_04A_RESULT_NOTE.md,E_i|E_j|Matrix|Phase|phase,md
QSB-PLANCK-BRIDGE-RESONATOR-INPUT-ARTIFACT-ENRICHMENT-DWH-REPO-SCOUT-01,docs/QSB_BRIDGE_NUM_05A_GEOMETRIC_VALIDATION_HOSTILE_CONTROLS_SPEC.md,E_i|Matrix|r_s,md
QSB-PLANCK-BRIDGE-RESONATOR-INPUT-ARTIFACT-ENRICHMENT-DWH-REPO-SCOUT-01,docs/QSB_BRIDGE_NUM_05A_RESULT_DISCUSSION.md,Matrix|Phase|phase,md
QSB-PLANCK-BRIDGE-RESONATOR-INPUT-ARTIFACT-ENRICHMENT-DWH-REPO-SCOUT-01,docs/QSB_BRIDGE_NUM_05A_RESULT_NOTE.md,Matrix,md
QSB-PLANCK-BRIDGE-RESONATOR-INPUT-ARTIFACT-ENRICHMENT-DWH-REPO-SCOUT-01,docs/QSB_BRIDGE_NUM_05B_PHASE_GAUGE_FLUX_STRESS_TEST_SPEC.md,E_i|Matrix|Phase|frequency|phase|spectral_gap,md
QSB-PLANCK-BRIDGE-RESONATOR-INPUT-ARTIFACT-ENRICHMENT-DWH-REPO-SCOUT-01,docs/QSB_BRIDGE_NUM_05B_RESULT_DISCUSSION.md,E_i|Matrix|Phase|energy|frequency|phase,md
QSB-PLANCK-BRIDGE-RESONATOR-INPUT-ARTIFACT-ENRICHMENT-DWH-REPO-SCOUT-01,docs/QSB_BRIDGE_NUM_05B_RESULT_NOTE.md,E_i|Matrix|Phase|frequency|phase,md
QSB-PLANCK-BRIDGE-RESONATOR-INPUT-ARTIFACT-ENRICHMENT-DWH-REPO-SCOUT-01,docs/QSB_BRIDGE_NUM_05C_PERTURBATION_NOISE_BOUNDARY_MAP_SPEC.md,Phase|phase|r_s|spectral_gap,md
QSB-PLANCK-BRIDGE-RESONATOR-INPUT-ARTIFACT-ENRICHMENT-DWH-REPO-SCOUT-01,docs/QSB_BRIDGE_NUM_05C_RESULT_DISCUSSION.md,Phase|mode|phase,md
QSB-PLANCK-BRIDGE-RESONATOR-INPUT-ARTIFACT-ENRICHMENT-DWH-REPO-SCOUT-01,docs/QSB_BRIDGE_NUM_05C_RESULT_NOTE.md,Phase|phase,md
QSB-PLANCK-BRIDGE-RESONATOR-INPUT-ARTIFACT-ENRICHMENT-DWH-REPO-SCOUT-01,docs/QSB_BRIDGE_SYNTH_01A_MARKER_AXIS_MAP_FIELD_LIST.md,mode,md
QSB-PLANCK-BRIDGE-RESONATOR-INPUT-ARTIFACT-ENRICHMENT-DWH-REPO-SCOUT-01,docs/QSB_BRIDGE_SYNTH_01A_RESULT_NOTE.md,Matrix|mode,md
QSB-PLANCK-BRIDGE-RESONATOR-INPUT-ARTIFACT-ENRICHMENT-DWH-REPO-SCOUT-01,docs/QSB_BRIDGE_SYNTH_01B_CROSS_TEST_PATTERN_MATRIX_FIELD_LIST.md,Matrix|mode,md
QSB-PLANCK-BRIDGE-RESONATOR-INPUT-ARTIFACT-ENRICHMENT-DWH-REPO-SCOUT-01,docs/QSB_BRIDGE_SYNTH_01B_RESULT_NOTE.md,E_i|Kandidat|Matrix|mode,md
QSB-PLANCK-BRIDGE-RESONATOR-INPUT-ARTIFACT-ENRICHMENT-DWH-REPO-SCOUT-01,docs/QSB_BRIDGE_SYNTH_01C_RESULT_NOTE.md,E_i|Kandidat|Matrix,md
QSB-PLANCK-BRIDGE-RESONATOR-INPUT-ARTIFACT-ENRICHMENT-DWH-REPO-SCOUT-01,docs/QSB_BRIDGE_SYNTH_01D_C60_CANDIDATE_GATE_TABLE_FIELD_LIST.md,E_i|r_s,md
QSB-PLANCK-BRIDGE-RESONATOR-INPUT-ARTIFACT-ENRICHMENT-DWH-REPO-SCOUT-01,docs/QSB_BRIDGE_SYNTH_01D_PROXY_MARKER_SOURCE_BINDING_FIELD_LIST.md,mode|r_s,md
QSB-PLANCK-BRIDGE-RESONATOR-INPUT-ARTIFACT-ENRICHMENT-DWH-REPO-SCOUT-01,docs/QSB_BRIDGE_SYNTH_01D_REPLAY_CERTIFICATION_LADDER_FIELD_LIST.md,E_i,md
QSB-PLANCK-BRIDGE-RESONATOR-INPUT-ARTIFACT-ENRICHMENT-DWH-REPO-SCOUT-01,docs/QSB_BRIDGE_SYNTH_01D_RESULT_NOTE.md,Kandidat|r_s,md
QSB-PLANCK-BRIDGE-RESONATOR-INPUT-ARTIFACT-ENRICHMENT-DWH-REPO-SCOUT-01,docs/QSB_BRIDGE_SYNTH_01E_CONSERVATIVE_CROSS_TEST_READOUT.md,Matrix,md
QSB-PLANCK-BRIDGE-RESONATOR-INPUT-ARTIFACT-ENRICHMENT-DWH-REPO-SCOUT-01,docs/QSB_BRIDGE_SYNTH_01E_READOUT_CLAIM_MAP_FIELD_LIST.md,E_i,md
QSB-PLANCK-BRIDGE-RESONATOR-INPUT-ARTIFACT-ENRICHMENT-DWH-REPO-SCOUT-01,docs/QSB_BRIDGE_SYNTH_01E_RESULT_NOTE.md,Kandidat,md
QSB-PLANCK-BRIDGE-RESONATOR-INPUT-ARTIFACT-ENRICHMENT-DWH-REPO-SCOUT-01,docs/QSB_BRIDGE_SYNTH_01F_DOCUMENTATION_READY_SYNTHESIS_MAP.md,Matrix|r_s,md
QSB-PLANCK-BRIDGE-RESONATOR-INPUT-ARTIFACT-ENRICHMENT-DWH-REPO-SCOUT-01,docs/QSB_BRIDGE_SYNTH_01G_VISUAL_DOCUMENTATION_MAP.md,Matrix,md
QSB-PLANCK-BRIDGE-RESONATOR-INPUT-ARTIFACT-ENRICHMENT-DWH-REPO-SCOUT-01,docs/QSB_BRIDGE_SYNTH_01G_VISUAL_MAP_EDGES_FIELD_LIST.md,E_i,md
QSB-PLANCK-BRIDGE-RESONATOR-INPUT-ARTIFACT-ENRICHMENT-DWH-REPO-SCOUT-01,docs/QSB_BRIDGE_SYNTH_01G_VISUAL_MAP_NODES_FIELD_LIST.md,E_i,md
QSB-PLANCK-BRIDGE-RESONATOR-INPUT-ARTIFACT-ENRICHMENT-DWH-REPO-SCOUT-01,docs/QSB_BRIDGE_SYNTH_02A_RESULT_NOTE.md,p_i,md
QSB-PLANCK-BRIDGE-RESONATOR-INPUT-ARTIFACT-ENRICHMENT-DWH-REPO-SCOUT-01,docs/QSB_BRIDGE_SYNTH_02A_RESULT_SUMMARY_CLAIMS_FIELD_LIST.md,E_i,md
QSB-PLANCK-BRIDGE-RESONATOR-INPUT-ARTIFACT-ENRICHMENT-DWH-REPO-SCOUT-01,docs/QSB_BRIDGE_SYNTH_02B_RESULT_NOTE.md,lag,md
QSB-PLANCK-BRIDGE-RESONATOR-INPUT-ARTIFACT-ENRICHMENT-DWH-REPO-SCOUT-01,docs/QSB_BRIDGE_SYNTH_02C_PUBLIC_CAUTIOUS_SUMMARY.md,mode,md
QSB-PLANCK-BRIDGE-RESONATOR-INPUT-ARTIFACT-ENRICHMENT-DWH-REPO-SCOUT-01,docs/QSB_BRIDGE_SYNTH_02E_HUMAN_READABLE_MATHEMATICAL_BRIDGE_NOTE.md,Phase|mode|phase,md
QSB-PLANCK-BRIDGE-RESONATOR-INPUT-ARTIFACT-ENRICHMENT-DWH-REPO-SCOUT-01,docs/QSB_BRIDGE_SYNTH_02E_MATH_BRIDGE_CONCEPT_MAP_FIELD_LIST.md,E_i|r_s,md
QSB-PLANCK-BRIDGE-RESONATOR-INPUT-ARTIFACT-ENRICHMENT-DWH-REPO-SCOUT-01,docs/QSB_BRIDGE_SYNTH_02E_RESULT_NOTE.md,Phase|phase,md
QSB-PLANCK-BRIDGE-RESONATOR-INPUT-ARTIFACT-ENRICHMENT-DWH-REPO-SCOUT-01,docs/QSB_BRIDGE_SYNTH_03B_GEOMETRY_PROXY_COMPONENT_BINDING_FIELD_LIST.md,r_s,md
QSB-PLANCK-BRIDGE-RESONATOR-INPUT-ARTIFACT-ENRICHMENT-DWH-REPO-SCOUT-01,docs/QSB_CAUSALITY06B_01_EVIDENCE_GATED_INNER_SPHERE_ET_STATE_SPEC.md,E_i|mode|r_s,md
QSB-PLANCK-BRIDGE-RESONATOR-INPUT-ARTIFACT-ENRICHMENT-DWH-REPO-SCOUT-01,docs/QSB_CAUSALITY06B_02_INNER_SPHERE_ET_CANDIDATE_STATE_RECORD_SCHEMA_SPEC.md,E_i|mode|r_s,md
QSB-PLANCK-BRIDGE-RESONATOR-INPUT-ARTIFACT-ENRICHMENT-DWH-REPO-SCOUT-01,docs/QSB_CAUSALITY06B_03_INNER_SPHERE_ET_TRANSITION_ADMISSIBILITY_SPEC.md,E_i|Matrix|mode|r_s,md
QSB-PLANCK-BRIDGE-RESONATOR-INPUT-ARTIFACT-ENRICHMENT-DWH-REPO-SCOUT-01,docs/QSB_CAUSALITY06B_04_FIRST_INNER_SPHERE_ET_DATA_AND_ADMISSIBILITY_RUNNER_SPEC.md,E_i|mode|r_s,md
QSB-PLANCK-BRIDGE-RESONATOR-INPUT-ARTIFACT-ENRICHMENT-DWH-REPO-SCOUT-01,docs/QSB_CAUSALITY06B_05_ADMISSIBILITY_ROBUSTNESS_AND_NEGATIVE_CONTROL_RUNNER_SPEC.md,r_s,md
QSB-PLANCK-BRIDGE-RESONATOR-INPUT-ARTIFACT-ENRICHMENT-DWH-REPO-SCOUT-01,docs/QSB_CAUSALITY06B_06_SECOND_INDEPENDENT_INNER_SPHERE_ET_CASE_RUNNER_SPEC.md,lag|mode|r_s,md
QSB-PLANCK-BRIDGE-RESONATOR-INPUT-ARTIFACT-ENRICHMENT-DWH-REPO-SCOUT-01,docs/QSB_CAUSALITY07_01_OSCILLATORY_REACTION_STATE_CYCLE_CASE_DEFINITION.md,E_i|Phase|energy|mode|phase|phase_i|r_s,md
QSB-PLANCK-BRIDGE-RESONATOR-INPUT-ARTIFACT-ENRICHMENT-DWH-REPO-SCOUT-01,docs/QSB_CAUSALITY07_02_FIRST_OSCILLATORY_STATE_CYCLE_DATA_AND_RUNNER_SPEC.md,E_i|Phase|mode|phase|phase_i|r_s,md
QSB-PLANCK-BRIDGE-RESONATOR-INPUT-ARTIFACT-ENRICHMENT-DWH-REPO-SCOUT-01,docs/QSB_CAUSALITY07_03_CYCLE_SEMANTICS_HARDENING_NEGATIVE_CONTROLS_SPEC.md,E_i|Phase|mode|phase|phase_i,md
QSB-PLANCK-BRIDGE-RESONATOR-INPUT-ARTIFACT-ENRICHMENT-DWH-REPO-SCOUT-01,docs/QSB_CAUSALITY07_03_FINAL_RESULT_NOTE.md,E_i|Phase|mode|phase|phase_i,md
QSB-PLANCK-BRIDGE-RESONATOR-INPUT-ARTIFACT-ENRICHMENT-DWH-REPO-SCOUT-01,docs/QSB_CAUSALITY07_04A_FINAL_RESULT_NOTE.md,Phase|frequency|mode|phase,md
QSB-PLANCK-BRIDGE-RESONATOR-INPUT-ARTIFACT-ENRICHMENT-DWH-REPO-SCOUT-01,docs/QSB_CAUSALITY07_04A_INDEPENDENT_TRANSITION_PREDECESSOR_RECONSTRUCTION_SPEC.md,Phase|frequency|mode|phase,md
QSB-PLANCK-BRIDGE-RESONATOR-INPUT-ARTIFACT-ENRICHMENT-DWH-REPO-SCOUT-01,docs/QSB_CAUSALITY07_04B_FINAL_RESULT_NOTE.md,Phase|mode|phase,md
QSB-PLANCK-BRIDGE-RESONATOR-INPUT-ARTIFACT-ENRICHMENT-DWH-REPO-SCOUT-01,docs/QSB_CAUSALITY07_04B_HEURISTIC_CALIBRATION_CURVE_SENSITIVITY_SWEEP_SPEC.md,Matrix|Phase|frequency|mode|phase,md
QSB-PLANCK-BRIDGE-RESONATOR-INPUT-ARTIFACT-ENRICHMENT-DWH-REPO-SCOUT-01,docs/QSB_CAUSALITY07_04C_FINAL_RESULT_NOTE.md,mode,md
QSB-PLANCK-BRIDGE-RESONATOR-INPUT-ARTIFACT-ENRICHMENT-DWH-REPO-SCOUT-01,docs/QSB_CAUSALITY07_04C_FINE_CALIBRATION_SWEEP_SPEC.md,mode,md
QSB-PLANCK-BRIDGE-RESONATOR-INPUT-ARTIFACT-ENRICHMENT-DWH-REPO-SCOUT-01,docs/QSB_CAUSALITY07_04_FINAL_RESULT_NOTE.md,Matrix|Phase|mode|phase,md
QSB-PLANCK-BRIDGE-RESONATOR-INPUT-ARTIFACT-ENRICHMENT-DWH-REPO-SCOUT-01,docs/QSB_CAUSALITY07_04_MINIMAL_CONDITIONS_CONTROLLED_CAUSAL_STRUCTURE_SPEC.md,Matrix|Phase|mode|phase,md
QSB-PLANCK-BRIDGE-RESONATOR-INPUT-ARTIFACT-ENRICHMENT-DWH-REPO-SCOUT-01,docs/QSB_CHAT_UMZUG_BMC15B_STATUS.md,Modus|mode,md
QSB-PLANCK-BRIDGE-RESONATOR-INPUT-ARTIFACT-ENRICHMENT-DWH-REPO-SCOUT-01,docs/QSB_CHAT_UMZUG_BMS_FU02G4C_2026-05-03.md,E_i|mode|r_s,md
QSB-PLANCK-BRIDGE-RESONATOR-INPUT-ARTIFACT-ENRICHMENT-DWH-REPO-SCOUT-01,docs/QSB_CHAT_UMZUG_BMS_FU02G4C_TO_G5_2026-05-06.md,Kandidat|Modus|mode|r_s,md
QSB-PLANCK-BRIDGE-RESONATOR-INPUT-ARTIFACT-ENRICHMENT-DWH-REPO-SCOUT-01,docs/QSB_CODEX_AUFTRAG_FU02G4C_STAGE3_EXECUTION_PATH_IMPLEMENTATION_2026-05-10.md,mode,md
QSB-PLANCK-BRIDGE-RESONATOR-INPUT-ARTIFACT-ENRICHMENT-DWH-REPO-SCOUT-01,docs/QSB_CODEX_KURZE_LEINE_RULES_2026-05-09.md,lag,md
QSB-PLANCK-BRIDGE-RESONATOR-INPUT-ARTIFACT-ENRICHMENT-DWH-REPO-SCOUT-01,docs/QSB_CORRCORE01_CORRELATION_MATRIX_CORE_DWH_INTEGRATION_SPEC.md,Matrix|Phase|lag|mode|phase,md
QSB-PLANCK-BRIDGE-RESONATOR-INPUT-ARTIFACT-ENRICHMENT-DWH-REPO-SCOUT-01,docs/QSB_CORRCORE01_FINAL_RESULT_NOTE.md,Matrix|mode,md
QSB-PLANCK-BRIDGE-RESONATOR-INPUT-ARTIFACT-ENRICHMENT-DWH-REPO-SCOUT-01,docs/QSB_DB01_RESEARCH_DATABASE_REPO_LINEAGE_SCHEMA_PLAN.md,E_i|lag|mode|p_i,md
QSB-PLANCK-BRIDGE-RESONATOR-INPUT-ARTIFACT-ENRICHMENT-DWH-REPO-SCOUT-01,docs/QSB_DB02_SQLITE_SCHEMA_SPEC.md,E_i|lag|mode|p_i,md
QSB-PLANCK-BRIDGE-RESONATOR-INPUT-ARTIFACT-ENRICHMENT-DWH-REPO-SCOUT-01,docs/QSB_DB04_SQLITE_EMPTY_DATABASE_CREATION_PLAN.md,E_i|mode,md
QSB-PLANCK-BRIDGE-RESONATOR-INPUT-ARTIFACT-ENRICHMENT-DWH-REPO-SCOUT-01,docs/QSB_DB07_SQLITE_SCHEMA_INSPECTION_RESULT_NOTE.md,lag|mode,md
QSB-PLANCK-BRIDGE-RESONATOR-INPUT-ARTIFACT-ENRICHMENT-DWH-REPO-SCOUT-01,docs/QSB_DB08_SQLITE_DB_BROWSER_INSPECTION_PLAN.md,E_i|mode,md
QSB-PLANCK-BRIDGE-RESONATOR-INPUT-ARTIFACT-ENRICHMENT-DWH-REPO-SCOUT-01,docs/QSB_DB09_SQLITE_DB_BROWSER_INSPECTION_EXECUTION_NOTE.md,mode,md
QSB-PLANCK-BRIDGE-RESONATOR-INPUT-ARTIFACT-ENRICHMENT-DWH-REPO-SCOUT-01,docs/QSB_DB10_METADATA_SEED_PLAN.md,E_i|mode,md
QSB-PLANCK-BRIDGE-RESONATOR-INPUT-ARTIFACT-ENRICHMENT-DWH-REPO-SCOUT-01,docs/QSB_DB11_METADATA_SEED_SPEC.md,E_i|mode,md
QSB-PLANCK-BRIDGE-RESONATOR-INPUT-ARTIFACT-ENRICHMENT-DWH-REPO-SCOUT-01,docs/QSB_DB14_METADATA_SEED_RESULT_NOTE.md,mode,md
QSB-PLANCK-BRIDGE-RESONATOR-INPUT-ARTIFACT-ENRICHMENT-DWH-REPO-SCOUT-01,docs/QSB_DB15_SYNTHETIC_SAMPLE_DATA_PLAN.md,E_i|Phase|lag|mode|phase|r_s,md
QSB-PLANCK-BRIDGE-RESONATOR-INPUT-ARTIFACT-ENRICHMENT-DWH-REPO-SCOUT-01,docs/QSB_DB16_SYNTHETIC_SAMPLE_DATA_SPEC.md,E_i|lag|mode|p_i|r_s,md
QSB-PLANCK-BRIDGE-RESONATOR-INPUT-ARTIFACT-ENRICHMENT-DWH-REPO-SCOUT-01,docs/QSB_DB19_SYNTHETIC_SAMPLE_DATA_RESULT_NOTE.md,E_i|lag|mode|r_s,md
QSB-PLANCK-BRIDGE-RESONATOR-INPUT-ARTIFACT-ENRICHMENT-DWH-REPO-SCOUT-01,docs/QSB_DEBROGLIE_EXKURS_CHAT_TRANSCRIPT_2026-05-17.md,Energie|Frequenz|Impuls|Kandidat|Phase|Planck|lag|omega|p_i|phase|phase_response,md
QSB-PLANCK-BRIDGE-RESONATOR-INPUT-ARTIFACT-ENRICHMENT-DWH-REPO-SCOUT-01,docs/QSB_DEBROGLIE_RELATIVITY_BRIDGE_ANCHOR_NOTE_2026-05-17.md,Energie|Frequenz|Impuls|Phase|lag|lambda_C|omega|p_i|phase,md
QSB-PLANCK-BRIDGE-RESONATOR-INPUT-ARTIFACT-ENRICHMENT-DWH-REPO-SCOUT-01,docs/QSB_DEEP_RESEARCH_PROMPT_AFTER_04A_2026-05-12.md,E_i|Matrix|Phase|lag|mode|phase,md
QSB-PLANCK-BRIDGE-RESONATOR-INPUT-ARTIFACT-ENRICHMENT-DWH-REPO-SCOUT-01,docs/QSB_FU01_FU01b_FU01c_Interne_Ergebnisnotiz_2026-05-01.pdf,lag|mode,pdf
QSB-PLANCK-BRIDGE-RESONATOR-INPUT-ARTIFACT-ENRICHMENT-DWH-REPO-SCOUT-01,docs/QSB_FU02G4C_RESULT_NOTE_AUTOMORPHIC_EXACT_MATCH_2026-05-06.md,r_s,md
QSB-PLANCK-BRIDGE-RESONATOR-INPUT-ARTIFACT-ENRICHMENT-DWH-REPO-SCOUT-01,docs/QSB_FU02G4C_STAGE3_EXECUTION_PATH_RESULT_NOTE_2026-05-10.md,mode,md
QSB-PLANCK-BRIDGE-RESONATOR-INPUT-ARTIFACT-ENRICHMENT-DWH-REPO-SCOUT-01,docs/QSB_FU02G4C_STAGE3_EXECUTION_PATH_SPEC_2026-05-10.md,E_i|mode,md
QSB-PLANCK-BRIDGE-RESONATOR-INPUT-ARTIFACT-ENRICHMENT-DWH-REPO-SCOUT-01,docs/QSB_FU02G4C_STAGE3_IMPLEMENTATION_SPEC_2026-05-10.md,E_i|Kandidat|Modus|lag|mode,md
QSB-PLANCK-BRIDGE-RESONATOR-INPUT-ARTIFACT-ENRICHMENT-DWH-REPO-SCOUT-01,docs/QSB_LITERATURE_CONTEXT_APERIODIC_NONLATTICE_SPACETIME_DEEP_RESEARCH_2026-05-07.md,Frequenz|Modus|lag|mode,md
QSB-PLANCK-BRIDGE-RESONATOR-INPUT-ARTIFACT-ENRICHMENT-DWH-REPO-SCOUT-01,docs/QSB_MASCHINENRAUM_WORKFLOW_ETHIK_PERSONALITY_2026-05-09.md,Kandidat|lag|mode,md
QSB-PLANCK-BRIDGE-RESONATOR-INPUT-ARTIFACT-ENRICHMENT-DWH-REPO-SCOUT-01,docs/QSB_MASCHINENRAUM_WORKFLOW_FREEZE_2026-05-09.md,lag|mode,md
QSB-PLANCK-BRIDGE-RESONATOR-INPUT-ARTIFACT-ENRICHMENT-DWH-REPO-SCOUT-01,docs/QSB_META01_01_EXISTING_METADATA_LINEAGE_INVENTORY_AND_CANONICAL_CONTRACT_SPEC.md,E_i|mode,md
QSB-PLANCK-BRIDGE-RESONATOR-INPUT-ARTIFACT-ENRICHMENT-DWH-REPO-SCOUT-01,docs/QSB_META01_02_CANONICAL_METADATA_SCHEMA_IDENTIFIER_LINEAGE_AND_VALIDATION_CONTRACT_SPEC.md,E_i|Phase|mode|phase,md
QSB-PLANCK-BRIDGE-RESONATOR-INPUT-ARTIFACT-ENRICHMENT-DWH-REPO-SCOUT-01,docs/QSB_META01_03_CAUSALITY07_PILOT_METADATA_GENERATOR_SPEC.md,Phase|mode|phase|r_s,md
QSB-PLANCK-BRIDGE-RESONATOR-INPUT-ARTIFACT-ENRICHMENT-DWH-REPO-SCOUT-01,docs/QSB_META01_03_FINAL_RESULT_NOTE.md,mode,md
QSB-PLANCK-BRIDGE-RESONATOR-INPUT-ARTIFACT-ENRICHMENT-DWH-REPO-SCOUT-01,docs/QSB_META02_CROSS_MART_KEY_MAPPING_AND_TRANSFORMATION_REGISTRY_SPEC.md,E_i|Phase|mode|phase,md
QSB-PLANCK-BRIDGE-RESONATOR-INPUT-ARTIFACT-ENRICHMENT-DWH-REPO-SCOUT-01,docs/QSB_NEW_CHAT_START_PROMPT_FU02G4C_2026-05-03.md,Modus|r_s,md
QSB-PLANCK-BRIDGE-RESONATOR-INPUT-ARTIFACT-ENRICHMENT-DWH-REPO-SCOUT-01,docs/QSB_NEW_CHAT_START_PROMPT_FU02G5_2026-05-06.md,Kandidat,md
QSB-PLANCK-BRIDGE-RESONATOR-INPUT-ARTIFACT-ENRICHMENT-DWH-REPO-SCOUT-01,docs/QSB_NOVA_CHARACTER_AND_WORKING_STYLE_2026-05-06.md,mode,md
QSB-PLANCK-BRIDGE-RESONATOR-INPUT-ARTIFACT-ENRICHMENT-DWH-REPO-SCOUT-01,docs/QSB_OUTREACH01A_01_SCOPE_AND_CONTACT_STRATEGY_SPEC.md,Phase|phase,md
QSB-PLANCK-BRIDGE-RESONATOR-INPUT-ARTIFACT-ENRICHMENT-DWH-REPO-SCOUT-01,docs/QSB_OUTREACH01A_02_RESEARCH_GROUP_FIT_MAPPING.md,Matrix|Phase|mode|phase,md
QSB-PLANCK-BRIDGE-RESONATOR-INPUT-ARTIFACT-ENRICHMENT-DWH-REPO-SCOUT-01,docs/QSB_OUTREACH01A_03_RELATIONAL_STATE_IDENTITY_MATHEMATICAL_SPEC.md,E_i|E_j|Phase|lag|phase,md
QSB-PLANCK-BRIDGE-RESONATOR-INPUT-ARTIFACT-ENRICHMENT-DWH-REPO-SCOUT-01,docs/QSB_OUTREACH01A_04_DWH_AND_MULTILINGUAL_VIEW_SPEC.md,E_i|E_j|lag|mode,md
QSB-PLANCK-BRIDGE-RESONATOR-INPUT-ARTIFACT-ENRICHMENT-DWH-REPO-SCOUT-01,docs/QSB_OUTREACH01A_05_SYNTHETIC_DEMONSTRATOR_CASE_DEFINITION.md,E_i|Phase|lag|phase,md
QSB-PLANCK-BRIDGE-RESONATOR-INPUT-ARTIFACT-ENRICHMENT-DWH-REPO-SCOUT-01,docs/QSB_OUTREACH01A_06_SYNTHETIC_DEMONSTRATOR_RESULT_NOTE.md,E_i|E_j|Phase|lag|phase,md
QSB-PLANCK-BRIDGE-RESONATOR-INPUT-ARTIFACT-ENRICHMENT-DWH-REPO-SCOUT-01,docs/QSB_OUTREACH01A_06_SYNTHETIC_DEMONSTRATOR_RUNNER_SPEC.md,E_i|E_j|Phase|lag|mode|phase|r_s,md
QSB-PLANCK-BRIDGE-RESONATOR-INPUT-ARTIFACT-ENRICHMENT-DWH-REPO-SCOUT-01,docs/QSB_OUTREACH01A_09_CONTACT_GATE_CHECKLIST.md,lag,md
QSB-PLANCK-BRIDGE-RESONATOR-INPUT-ARTIFACT-ENRICHMENT-DWH-REPO-SCOUT-01,docs/QSB_OUTREACH01A_SETUP_RESULT_NOTE.md,E_i|E_j|Phase|lag|mode|phase,md
QSB-PLANCK-BRIDGE-RESONATOR-INPUT-ARTIFACT-ENRICHMENT-DWH-REPO-SCOUT-01,docs/QSB_PROJECT_STATUS_FOR_HUMANS_BMC15B.md,lag|mode,md
QSB-PLANCK-BRIDGE-RESONATOR-INPUT-ARTIFACT-ENRICHMENT-DWH-REPO-SCOUT-01,docs/QSB_PROJEKTSTAND_MIT_MATHE_LESBAR_2026-05-04.md,E_i|Kandidat|Modus|lag|mode|r_s,md
QSB-PLANCK-BRIDGE-RESONATOR-INPUT-ARTIFACT-ENRICHMENT-DWH-REPO-SCOUT-01,docs/QSB_PROJEKTZUSAMMENFASSUNG_2026-05-06_FU02G5B.md,Kandidat|Modus|lag|r_s,md
QSB-PLANCK-BRIDGE-RESONATOR-INPUT-ARTIFACT-ENRICHMENT-DWH-REPO-SCOUT-01,docs/QSB_PROJEKTZUSAMMENFASSUNG_2026-05-07_FU02G5E1.md,E_i|Kandidat|Modus|Phase|mode|phase|r_s,md
QSB-PLANCK-BRIDGE-RESONATOR-INPUT-ARTIFACT-ENRICHMENT-DWH-REPO-SCOUT-01,docs/QSB_RED_TEAM_BRIEF_2026-05-12_AFTER_04A.md,E_i|Matrix|Phase|frequency|lag|phase,md
QSB-PLANCK-BRIDGE-RESONATOR-INPUT-ARTIFACT-ENRICHMENT-DWH-REPO-SCOUT-01,docs/QSB_ST_BRIDGE_NATURE_01A_RED_TEAM_PROMPT_PACK.md,E_i|Phase|Planck|lag|mode|phase|phase_i|r_s,md
QSB-PLANCK-BRIDGE-RESONATOR-INPUT-ARTIFACT-ENRICHMENT-DWH-REPO-SCOUT-01,docs/QSB_ST_BRIDGE_NATURE_01B_RED_TEAM_AND_CODEX_LITERATURE_SYNTHESIS_GATE.md,Phase|phase,md
QSB-PLANCK-BRIDGE-RESONATOR-INPUT-ARTIFACT-ENRICHMENT-DWH-REPO-SCOUT-01,docs/QSB_ST_BRIDGE_NATURE_WORKING_MODEL.md,Kandidat|Matrix|Phase|mode|phase,md
QSB-PLANCK-BRIDGE-RESONATOR-INPUT-ARTIFACT-ENRICHMENT-DWH-REPO-SCOUT-01,docs/QSB_ST_COMP01B_COMPONENT_RESOLVED_COMPATIBILITY_INSPECTION_PLAN.md,E_i|Phase|mode|phase|phase_response,md
QSB-PLANCK-BRIDGE-RESONATOR-INPUT-ARTIFACT-ENRICHMENT-DWH-REPO-SCOUT-01,docs/QSB_ST_COMP01B_COMPONENT_RESOLVED_COMPATIBILITY_RESULT_NOTE.md,Phase|mode|phase|phase_response,md
QSB-PLANCK-BRIDGE-RESONATOR-INPUT-ARTIFACT-ENRICHMENT-DWH-REPO-SCOUT-01,docs/QSB_ST_COMP01B_REAL_IMAG_PROXY_DEFINITION_NOTE.md,E_i|Phase|frequency|mode|phase,md
QSB-PLANCK-BRIDGE-RESONATOR-INPUT-ARTIFACT-ENRICHMENT-DWH-REPO-SCOUT-01,docs/QSB_ST_COMP01C2_CANDIDATE_METRIC_INSPECTION_HARDER_LABEL_SHUFFLE_CONTROLS_PLAN.md,Matrix|Phase|mode|phase|phase_response|r_s,md
QSB-PLANCK-BRIDGE-RESONATOR-INPUT-ARTIFACT-ENRICHMENT-DWH-REPO-SCOUT-01,docs/QSB_ST_COMP01C2_CANDIDATE_METRIC_INSPECTION_RESULT_NOTE.md,Phase|mode|phase|phase_response,md
QSB-PLANCK-BRIDGE-RESONATOR-INPUT-ARTIFACT-ENRICHMENT-DWH-REPO-SCOUT-01,docs/QSB_ST_COMP01C3_REAL_KERNEL_RESIMULATION_LABEL_SHUFFLE_RESULT_NOTE.md,E_i|Phase|mode|phase|phase_response,md
QSB-PLANCK-BRIDGE-RESONATOR-INPUT-ARTIFACT-ENRICHMENT-DWH-REPO-SCOUT-01,docs/QSB_ST_COMP01C3_REAL_KERNEL_RESIMULATION_LABEL_SHUFFLE_SPECTRUM_MATCHED_CONTROL_PLAN.md,Matrix|Phase|mode|phase|r_s,md
QSB-PLANCK-BRIDGE-RESONATOR-INPUT-ARTIFACT-ENRICHMENT-DWH-REPO-SCOUT-01,docs/QSB_ST_COMP01C_IDENTITY_SENSITIVE_COMPONENT_CONTRAST_PLAN.md,E_i|Paar|Phase|mode|pair_id|phase|phase_response|r_s,md
QSB-PLANCK-BRIDGE-RESONATOR-INPUT-ARTIFACT-ENRICHMENT-DWH-REPO-SCOUT-01,docs/QSB_ST_COMP01C_IDENTITY_SENSITIVE_COMPONENT_CONTRAST_RESULT_NOTE.md,Phase|mode|phase|phase_response,md
QSB-PLANCK-BRIDGE-RESONATOR-INPUT-ARTIFACT-ENRICHMENT-DWH-REPO-SCOUT-01,docs/QSB_ST_COMP01D1A_WAVE_IDENTITY_RESIDUAL_SCANNER_SPEC.md,E_i|E_j|Phase|lag|pair_id|phase|phase_i|phase_j|r_s,md
QSB-PLANCK-BRIDGE-RESONATOR-INPUT-ARTIFACT-ENRICHMENT-DWH-REPO-SCOUT-01,docs/QSB_ST_COMP01D1B_WAVE_IDENTITY_RESIDUAL_MINIMAL_SCANNER_IMPLEMENTATION_PLAN.md,E_i|E_j|Phase|lag|mode|pair_id|phase|phase_i|phase_j|r_s,md
QSB-PLANCK-BRIDGE-RESONATOR-INPUT-ARTIFACT-ENRICHMENT-DWH-REPO-SCOUT-01,docs/QSB_ST_COMP01D1B_WAVE_IDENTITY_RESIDUAL_MINIMAL_SCANNER_RESULT_NOTE.md,E_i|Phase|mode|phase|r_s,md
QSB-PLANCK-BRIDGE-RESONATOR-INPUT-ARTIFACT-ENRICHMENT-DWH-REPO-SCOUT-01,docs/QSB_ST_COMP01D1B_WAVE_IDENTITY_RESIDUAL_MINIMAL_SCANNER_RESULT_NOTE_TEMPLATE.md,E_i|Phase|mode|phase,md
QSB-PLANCK-BRIDGE-RESONATOR-INPUT-ARTIFACT-ENRICHMENT-DWH-REPO-SCOUT-01,docs/QSB_ST_COMP01D1C_WAVE_IDENTITY_RESIDUAL_CONTROL_STRESS_RESULT_NOTE.md,E_i|Phase|mode|phase,md
QSB-PLANCK-BRIDGE-RESONATOR-INPUT-ARTIFACT-ENRICHMENT-DWH-REPO-SCOUT-01,docs/QSB_ST_COMP01D1C_WAVE_IDENTITY_RESIDUAL_CONTROL_STRESS_RESULT_NOTE_TEMPLATE.md,E_i|Phase|mode|phase,md
QSB-PLANCK-BRIDGE-RESONATOR-INPUT-ARTIFACT-ENRICHMENT-DWH-REPO-SCOUT-01,docs/QSB_ST_COMP01D1C_WAVE_IDENTITY_RESIDUAL_CONTROL_STRESS_WEIGHT_SENSITIVITY_PLAN.md,E_i|E_j|Phase|lag|pair_id|phase|phase_i|phase_j,md
QSB-PLANCK-BRIDGE-RESONATOR-INPUT-ARTIFACT-ENRICHMENT-DWH-REPO-SCOUT-01,docs/QSB_ST_COMP01D1D_WAVE_IDENTITY_MANIFOLD_DEGENERACY_AUDIT_PLAN.md,E_i|Phase|delta_p|delta_phi|lag|pair_id|phase|r_s,md
QSB-PLANCK-BRIDGE-RESONATOR-INPUT-ARTIFACT-ENRICHMENT-DWH-REPO-SCOUT-01,docs/QSB_ST_COMP01D1D_WAVE_IDENTITY_MANIFOLD_DEGENERACY_AUDIT_RESULT_NOTE.md,E_i|Phase|phase|r_s,md
QSB-PLANCK-BRIDGE-RESONATOR-INPUT-ARTIFACT-ENRICHMENT-DWH-REPO-SCOUT-01,docs/QSB_ST_COMP01D1D_WAVE_IDENTITY_MANIFOLD_DEGENERACY_AUDIT_RESULT_NOTE_TEMPLATE.md,E_i|Phase|mode|phase,md
QSB-PLANCK-BRIDGE-RESONATOR-INPUT-ARTIFACT-ENRICHMENT-DWH-REPO-SCOUT-01,docs/QSB_ST_COMP01D1E_COLLISION_AWARE_MANIFOLD_INFORMED_WAVE_IDENTITY_PROFILE_PLAN.md,E_i|Phase|delta_p|delta_phi|lag|pair_id|phase|r_s,md
QSB-PLANCK-BRIDGE-RESONATOR-INPUT-ARTIFACT-ENRICHMENT-DWH-REPO-SCOUT-01,docs/QSB_ST_COMP01D1E_COLLISION_AWARE_WAVE_IDENTITY_PROFILE_RESULT_NOTE.md,E_i|Phase|mode|phase|r_s,md
QSB-PLANCK-BRIDGE-RESONATOR-INPUT-ARTIFACT-ENRICHMENT-DWH-REPO-SCOUT-01,docs/QSB_ST_COMP01D1E_COLLISION_AWARE_WAVE_IDENTITY_PROFILE_RESULT_NOTE_TEMPLATE.md,E_i|Phase|phase,md
QSB-PLANCK-BRIDGE-RESONATOR-INPUT-ARTIFACT-ENRICHMENT-DWH-REPO-SCOUT-01,docs/QSB_ST_COMP01D1F_COLLISION_AWARE_PROFILE_ROBUSTNESS_PARAMETER_SWEEP_PLAN.md,E_i|Phase|lag|pair_id|phase|r_s,md
QSB-PLANCK-BRIDGE-RESONATOR-INPUT-ARTIFACT-ENRICHMENT-DWH-REPO-SCOUT-01,docs/QSB_ST_COMP01D1F_COLLISION_AWARE_PROFILE_ROBUSTNESS_PARAMETER_SWEEP_RESULT_NOTE.md,E_i|Phase|lag|mode|phase|r_s,md
QSB-PLANCK-BRIDGE-RESONATOR-INPUT-ARTIFACT-ENRICHMENT-DWH-REPO-SCOUT-01,docs/QSB_ST_COMP01D1F_COLLISION_AWARE_PROFILE_ROBUSTNESS_PARAMETER_SWEEP_RESULT_NOTE_TEMPLATE.md,E_i|Phase|phase|r_s,md
QSB-PLANCK-BRIDGE-RESONATOR-INPUT-ARTIFACT-ENRICHMENT-DWH-REPO-SCOUT-01,docs/QSB_ST_COMP01D1G_WARNING_DRIVER_DECOMPOSITION_FAILURE_MODE_ANALYSIS_PLAN.md,E_i|Phase|lag|mode|phase|r_s,md
QSB-PLANCK-BRIDGE-RESONATOR-INPUT-ARTIFACT-ENRICHMENT-DWH-REPO-SCOUT-01,docs/QSB_ST_COMP01D1G_WARNING_DRIVER_DECOMPOSITION_FAILURE_MODE_ANALYSIS_RESULT_NOTE.md,E_i|Kandidat|Phase|mode|phase|r_s,md
QSB-PLANCK-BRIDGE-RESONATOR-INPUT-ARTIFACT-ENRICHMENT-DWH-REPO-SCOUT-01,docs/QSB_ST_COMP01D1G_WARNING_DRIVER_DECOMPOSITION_FAILURE_MODE_ANALYSIS_RESULT_NOTE_TEMPLATE.md,mode,md
QSB-PLANCK-BRIDGE-RESONATOR-INPUT-ARTIFACT-ENRICHMENT-DWH-REPO-SCOUT-01,docs/QSB_ST_COMP01D1H_CYCLIC_COORDINATE_ACCEPTANCE_REGION_IMPOSTOR_EXCLUSION_PLAN.md,E_i|Phase|delta_p|delta_phi|lag|mode|phase,md
QSB-PLANCK-BRIDGE-RESONATOR-INPUT-ARTIFACT-ENRICHMENT-DWH-REPO-SCOUT-01,docs/QSB_ST_COMP01D1H_CYCLIC_COORDINATE_ACCEPTANCE_REGION_IMPOSTOR_EXCLUSION_RESULT_NOTE.md,E_i|Phase|lag|mode|phase,md
QSB-PLANCK-BRIDGE-RESONATOR-INPUT-ARTIFACT-ENRICHMENT-DWH-REPO-SCOUT-01,docs/QSB_ST_COMP01D1H_CYCLIC_COORDINATE_ACCEPTANCE_REGION_IMPOSTOR_EXCLUSION_RESULT_NOTE_TEMPLATE.md,Phase|mode|phase,md
QSB-PLANCK-BRIDGE-RESONATOR-INPUT-ARTIFACT-ENRICHMENT-DWH-REPO-SCOUT-01,docs/QSB_ST_COMP01D1I_CYCLIC_PHASE_SOURCE_VALIDATION_OVERSTRICTNESS_AUDIT_PLAN.md,E_i|Phase|delta_p|delta_phi|lag|mode|phase|phase_i,md
QSB-PLANCK-BRIDGE-RESONATOR-INPUT-ARTIFACT-ENRICHMENT-DWH-REPO-SCOUT-01,docs/QSB_ST_COMP01D1I_CYCLIC_PHASE_SOURCE_VALIDATION_OVERSTRICTNESS_AUDIT_RESULT_NOTE.md,E_i|Phase|delta_E|delta_p|delta_phi|mode|phase,md
QSB-PLANCK-BRIDGE-RESONATOR-INPUT-ARTIFACT-ENRICHMENT-DWH-REPO-SCOUT-01,docs/QSB_ST_COMP01D1I_CYCLIC_PHASE_SOURCE_VALIDATION_OVERSTRICTNESS_AUDIT_RESULT_NOTE_TEMPLATE.md,Phase|phase,md
QSB-PLANCK-BRIDGE-RESONATOR-INPUT-ARTIFACT-ENRICHMENT-DWH-REPO-SCOUT-01,docs/QSB_ST_COMP01D1JKL_SYNTHETIC_PHASE_EXPOSURE_LEAKAGE_AUDIT_SYNTHESIS_NOTE.md,E_i|Phase|lag|mode|phase|phase_i,md
QSB-PLANCK-BRIDGE-RESONATOR-INPUT-ARTIFACT-ENRICHMENT-DWH-REPO-SCOUT-01,docs/QSB_ST_COMP01D1J_EXPLICIT_PHASE_FIELD_EXPOSURE_CYCLIC_GEOMETRY_RECHECK_PLAN.md,E_i|E_j|Phase|delta_p|delta_phi|lag|mode|phase|phase_i|phase_j|r_s,md
QSB-PLANCK-BRIDGE-RESONATOR-INPUT-ARTIFACT-ENRICHMENT-DWH-REPO-SCOUT-01,docs/QSB_ST_COMP01D1J_EXPLICIT_PHASE_FIELD_EXPOSURE_CYCLIC_GEOMETRY_RECHECK_RESULT_NOTE.md,E_i|E_j|Phase|delta_p|delta_phi|mode|phase|phase_i|phase_j,md
QSB-PLANCK-BRIDGE-RESONATOR-INPUT-ARTIFACT-ENRICHMENT-DWH-REPO-SCOUT-01,docs/QSB_ST_COMP01D1J_EXPLICIT_PHASE_FIELD_EXPOSURE_CYCLIC_GEOMETRY_RECHECK_RESULT_NOTE_TEMPLATE.md,E_i|Phase|mode|phase,md
QSB-PLANCK-BRIDGE-RESONATOR-INPUT-ARTIFACT-ENRICHMENT-DWH-REPO-SCOUT-01,docs/QSB_ST_COMP01D1K_DETERMINISTIC_SYNTHETIC_PHASE_FIELD_EXPOSURE_EXTENSION_PLAN.md,E_i|Phase|delta_p|delta_phi|lag|mode|phase|phase_i|r_s,md
QSB-PLANCK-BRIDGE-RESONATOR-INPUT-ARTIFACT-ENRICHMENT-DWH-REPO-SCOUT-01,docs/QSB_ST_COMP01D1K_DETERMINISTIC_SYNTHETIC_PHASE_FIELD_EXPOSURE_EXTENSION_RESULT_NOTE.md,E_i|Phase|mode|phase|phase_i,md
QSB-PLANCK-BRIDGE-RESONATOR-INPUT-ARTIFACT-ENRICHMENT-DWH-REPO-SCOUT-01,docs/QSB_ST_COMP01D1K_DETERMINISTIC_SYNTHETIC_PHASE_FIELD_EXPOSURE_EXTENSION_RESULT_NOTE_TEMPLATE.md,E_i|Phase|phase|phase_i,md
QSB-PLANCK-BRIDGE-RESONATOR-INPUT-ARTIFACT-ENRICHMENT-DWH-REPO-SCOUT-01,docs/QSB_ST_COMP01D1L_SYNTHETIC_PHASE_LEAKAGE_TAUTOLOGY_AUDIT_PLAN.md,E_i|E_j|Phase|lag|mode|phase|phase_i|phase_j,md
QSB-PLANCK-BRIDGE-RESONATOR-INPUT-ARTIFACT-ENRICHMENT-DWH-REPO-SCOUT-01,docs/QSB_ST_COMP01D1L_SYNTHETIC_PHASE_LEAKAGE_TAUTOLOGY_AUDIT_RESULT_NOTE.md,E_i|Phase|mode|phase|phase_i,md
QSB-PLANCK-BRIDGE-RESONATOR-INPUT-ARTIFACT-ENRICHMENT-DWH-REPO-SCOUT-01,docs/QSB_ST_COMP01D1L_SYNTHETIC_PHASE_LEAKAGE_TAUTOLOGY_AUDIT_RESULT_NOTE_TEMPLATE.md,E_i|Phase|mode|phase|phase_i,md
QSB-PLANCK-BRIDGE-RESONATOR-INPUT-ARTIFACT-ENRICHMENT-DWH-REPO-SCOUT-01,docs/QSB_ST_COMP01D1M_MULTI_CHANNEL_SYNTHETIC_PHASE_IDENTITY_PROFILE_PLAN.md,E_i|Phase|lag|mode|phase|phase_i,md
QSB-PLANCK-BRIDGE-RESONATOR-INPUT-ARTIFACT-ENRICHMENT-DWH-REPO-SCOUT-01,docs/QSB_ST_COMP01D1M_MULTI_CHANNEL_SYNTHETIC_PHASE_IDENTITY_PROFILE_RESULT_NOTE.md,E_i|Phase|mode|phase|phase_i|r_s,md
QSB-PLANCK-BRIDGE-RESONATOR-INPUT-ARTIFACT-ENRICHMENT-DWH-REPO-SCOUT-01,docs/QSB_ST_COMP01D1M_MULTI_CHANNEL_SYNTHETIC_PHASE_IDENTITY_PROFILE_RUNNER_SPEC.md,E_i|Phase|lag|mode|phase|phase_i|r_s,md
QSB-PLANCK-BRIDGE-RESONATOR-INPUT-ARTIFACT-ENRICHMENT-DWH-REPO-SCOUT-01,docs/QSB_ST_COMP01D1N_D1M_OUTPUT_AUDIT_AND_RUNNER_REFINEMENT_PLAN.md,E_i|Phase|lag|mode|phase|phase_i,md
QSB-PLANCK-BRIDGE-RESONATOR-INPUT-ARTIFACT-ENRICHMENT-DWH-REPO-SCOUT-01,docs/QSB_ST_COMP01D1N_D1M_OUTPUT_AUDIT_AND_RUNNER_REFINEMENT_RESULT_NOTE.md,E_i|Phase|lag|mode|phase|phase_i,md
QSB-PLANCK-BRIDGE-RESONATOR-INPUT-ARTIFACT-ENRICHMENT-DWH-REPO-SCOUT-01,docs/QSB_ST_COMP01D1O_D1M_REFINED_MULTI_CHANNEL_PROFILE_RESULT_NOTE.md,E_i|Phase|lag|mode|phase|phase_i,md
QSB-PLANCK-BRIDGE-RESONATOR-INPUT-ARTIFACT-ENRICHMENT-DWH-REPO-SCOUT-01,docs/QSB_ST_COMP01D1O_D1M_RUNNER_REFINEMENT_SPECIFICATION.md,E_i|Phase|lag|mode|phase|phase_i,md
QSB-PLANCK-BRIDGE-RESONATOR-INPUT-ARTIFACT-ENRICHMENT-DWH-REPO-SCOUT-01,docs/QSB_ST_COMP01D1P_D1O_REFINED_OUTPUT_AUDIT_REGRESSION_RESULT_NOTE.md,E_i|Phase|lag|mode|phase|phase_i,md
QSB-PLANCK-BRIDGE-RESONATOR-INPUT-ARTIFACT-ENRICHMENT-DWH-REPO-SCOUT-01,docs/QSB_ST_COMP01D1_WAVE_IDENTITY_FINGERPRINT_MINIMAL_DESIGN_PLAN.md,E_i|E_j|Phase|mode|pair_id|phase|phase_i|phase_j|r_s,md
QSB-PLANCK-BRIDGE-RESONATOR-INPUT-ARTIFACT-ENRICHMENT-DWH-REPO-SCOUT-01,docs/QSB_ST_COMP01D_WAVE_IDENTITY_FINGERPRINT_OBSERVABLES_CONCEPT.md,E_i|Phase|frequency|mode|phase,md
QSB-PLANCK-BRIDGE-RESONATOR-INPUT-ARTIFACT-ENRICHMENT-DWH-REPO-SCOUT-01,docs/QSB_ST_COMP01_CORRELATION_COMPATIBILITY_OBSERVABLE_SCANNER_CONCEPT.md,E_i|Phase|energy|mode|p_i|phase|phase_i|spectral_gap,md
QSB-PLANCK-BRIDGE-RESONATOR-INPUT-ARTIFACT-ENRICHMENT-DWH-REPO-SCOUT-01,docs/QSB_ST_COMP01_CORRELATION_COMPATIBILITY_SCANNER_IMPLEMENTATION_PLAN.md,E_i|Phase|energy|mode|phase|phase_response|spectral_gap,md
QSB-PLANCK-BRIDGE-RESONATOR-INPUT-ARTIFACT-ENRICHMENT-DWH-REPO-SCOUT-01,docs/QSB_ST_COMP01_CORRELATION_COMPATIBILITY_SCANNER_RESULT_NOTE.md,Phase|mode|phase|phase_response,md
QSB-PLANCK-BRIDGE-RESONATOR-INPUT-ARTIFACT-ENRICHMENT-DWH-REPO-SCOUT-01,docs/QSB_ST_COMP01_D1M_D1P_CONSOLIDATION_AND_NEXT_STEP_GATE_NOTE.md,E_i|Phase|lag|mode|phase|phase_i|r_s,md
QSB-PLANCK-BRIDGE-RESONATOR-INPUT-ARTIFACT-ENRICHMENT-DWH-REPO-SCOUT-01,docs/QSB_ST_COMP01_NEXT_ROUTE_SEED_WAVE_IDENTITY_FINGERPRINT_PARAMETER_SPACE.md,E_i|Phase|delta_p|mode|p_i|phase|phase_i|r_s,md
QSB-PLANCK-BRIDGE-RESONATOR-INPUT-ARTIFACT-ENRICHMENT-DWH-REPO-SCOUT-01,docs/QSB_ST_COMP01_WAVE_IDENTITY_FINGERPRINT_PARAMETER_SPACE_MINIMAL_METRIC_RUNNER_SPEC.md,E_i|Phase|delta_p|mode|pair_id|phase|phase_i|r_s,md
QSB-PLANCK-BRIDGE-RESONATOR-INPUT-ARTIFACT-ENRICHMENT-DWH-REPO-SCOUT-01,docs/QSB_ST_COMP01_WAVE_IDENTITY_FINGERPRINT_PARAMETER_SPACE_MINIMAL_METRIC_SPEC.md,E_i|Phase|delta_p|mode|phase|phase_i|r_s,md
QSB-PLANCK-BRIDGE-RESONATOR-INPUT-ARTIFACT-ENRICHMENT-DWH-REPO-SCOUT-01,docs/QSB_ST_COMP01_WIFM01B_MINIMAL_METRIC_SENSITIVITY_SWEEP_RESULT_NOTE.md,E_i|Phase|lag|mode|phase|phase_i|r_s,md
QSB-PLANCK-BRIDGE-RESONATOR-INPUT-ARTIFACT-ENRICHMENT-DWH-REPO-SCOUT-01,docs/QSB_ST_COMP01_WIFM01B_MINIMAL_METRIC_SENSITIVITY_SWEEP_SPEC.md,E_i|Phase|delta_p|lag|mode|pair_id|phase|phase_i|r_s,md
QSB-PLANCK-BRIDGE-RESONATOR-INPUT-ARTIFACT-ENRICHMENT-DWH-REPO-SCOUT-01,docs/QSB_ST_COMP01_WIFM01C_ADVERSARIAL_AMBIGUITY_STRESS_CASE_SPEC.md,E_i|Phase|delta_p|lag|mode|pair_id|phase|phase_i|r_s,md
QSB-PLANCK-BRIDGE-RESONATOR-INPUT-ARTIFACT-ENRICHMENT-DWH-REPO-SCOUT-01,docs/QSB_ST_COMP01_WIFM01C_ADVERSARIAL_AMBIGUITY_STRESS_RESULT_NOTE.md,E_i|Phase|lag|mode|phase|phase_i|r_s,md
QSB-PLANCK-BRIDGE-RESONATOR-INPUT-ARTIFACT-ENRICHMENT-DWH-REPO-SCOUT-01,docs/QSB_ST_COMP01_WIFM01D_CONSOLIDATION_AND_GATE_NOTE.md,E_i|Phase|Planck|lag|mode|phase|phase_i|r_s,md
QSB-PLANCK-BRIDGE-RESONATOR-INPUT-ARTIFACT-ENRICHMENT-DWH-REPO-SCOUT-01,docs/QSB_ST_COMP01_WIFM01_MINIMAL_METRIC_RESULT_NOTE.md,E_i|Phase|delta_p|lag|mode|phase|phase_i|r_s,md
QSB-PLANCK-BRIDGE-RESONATOR-INPUT-ARTIFACT-ENRICHMENT-DWH-REPO-SCOUT-01,docs/QSB_ST_CPNS02_MAXENT_DEGENERACY_SPEC.md,Phase|lag|mode|phase,md
QSB-PLANCK-BRIDGE-RESONATOR-INPUT-ARTIFACT-ENRICHMENT-DWH-REPO-SCOUT-01,docs/QSB_ST_CSTRUCT01_C_AS_LORENTZ_COMPATIBLE_RELATIONAL_LIMIT_CONCEPT_NOTE.md,Energie|energy|mode|momentum,md
QSB-PLANCK-BRIDGE-RESONATOR-INPUT-ARTIFACT-ENRICHMENT-DWH-REPO-SCOUT-01,docs/QSB_ST_IDSPACE01_CPNS02_MAXENT_PREPARATION_PLAN.md,Phase|lag|phase,md
QSB-PLANCK-BRIDGE-RESONATOR-INPUT-ARTIFACT-ENRICHMENT-DWH-REPO-SCOUT-01,docs/QSB_ST_IDSPACE01_IDENTITY_SPACE_DEFINITION_SPEC.md,E_i|Phase|lag|p_i|phase,md
QSB-PLANCK-BRIDGE-RESONATOR-INPUT-ARTIFACT-ENRICHMENT-DWH-REPO-SCOUT-01,docs/QSB_ST_IDSPACE_CPNS03_MINIMAL_SCHEMA_ACCEPTANCE_TEST_PLAN.md,E_i|Phase|lag|p_i|phase,md
QSB-PLANCK-BRIDGE-RESONATOR-INPUT-ARTIFACT-ENRICHMENT-DWH-REPO-SCOUT-01,docs/QSB_ST_IDSPACE_CPNS04_MINIMAL_SCHEMA_SCAFFOLD_RESULT_NOTE.md,E_i|Phase|lag|mode|phase,md
QSB-PLANCK-BRIDGE-RESONATOR-INPUT-ARTIFACT-ENRICHMENT-DWH-REPO-SCOUT-01,docs/QSB_ST_IDSPACE_CPNS05_MINIMAL_SCHEMA_VALIDATION_RUNNER_PLAN.md,E_i|Phase|lag|mode|phase,md
QSB-PLANCK-BRIDGE-RESONATOR-INPUT-ARTIFACT-ENRICHMENT-DWH-REPO-SCOUT-01,docs/QSB_ST_IDSPACE_CPNS06_MINIMAL_SCHEMA_VALIDATION_RESULT_NOTE.md,E_i|Phase|lag|mode|phase|r_s,md
QSB-PLANCK-BRIDGE-RESONATOR-INPUT-ARTIFACT-ENRICHMENT-DWH-REPO-SCOUT-01,docs/QSB_ST_INTERFACE01_CONNECTOR_DIAGNOSTIC_SPEC.md,Kandidat|Paar|Phase|lag|phase,md
QSB-PLANCK-BRIDGE-RESONATOR-INPUT-ARTIFACT-ENRICHMENT-DWH-REPO-SCOUT-01,docs/QSB_ST_INTERFACE02_MINIMAL_RECORD_SCHEMA_AND_ACCEPTANCE_SPEC.md,E_i|Paar|lag,md
QSB-PLANCK-BRIDGE-RESONATOR-INPUT-ARTIFACT-ENRICHMENT-DWH-REPO-SCOUT-01,docs/QSB_ST_INTERFACE03_RT_QM_CAUSALITY_ROSETTA_TRANSLATOR_SPEC.md,Compton|Phase|energy|frequency|lag|mode|momentum|phase|r_s,md
QSB-PLANCK-BRIDGE-RESONATOR-INPUT-ARTIFACT-ENRICHMENT-DWH-REPO-SCOUT-01,docs/QSB_ST_INTERFACE_SHAPIROINFO_RESULT_READOUT_2026_05_28.md,Kandidat|mode|r_s,md
QSB-PLANCK-BRIDGE-RESONATOR-INPUT-ARTIFACT-ENRICHMENT-DWH-REPO-SCOUT-01,docs/QSB_ST_LIC01_PRE_SPEC_INGREDIENTS.md,E_i|Kandidat|Phase|mode|phase,md
QSB-PLANCK-BRIDGE-RESONATOR-INPUT-ARTIFACT-ENRICHMENT-DWH-REPO-SCOUT-01,docs/QSB_ST_LIC01_TAU_EPSILON_CONTROL_EXTENSION_PLAN.md,E_i|Phase|phase|phase_i|phase_response,md
QSB-PLANCK-BRIDGE-RESONATOR-INPUT-ARTIFACT-ENRICHMENT-DWH-REPO-SCOUT-01,docs/QSB_ST_LIC01_TAU_EPSILON_CONTROL_RUN_RESULT_NOTE.md,Matrix|Phase|phase|phase_response,md
QSB-PLANCK-BRIDGE-RESONATOR-INPUT-ARTIFACT-ENRICHMENT-DWH-REPO-SCOUT-01,docs/QSB_ST_LIC01_TAU_EPSILON_DECISION_STATUS_AFTER_J.md,Phase|lag|mode|phase,md
QSB-PLANCK-BRIDGE-RESONATOR-INPUT-ARTIFACT-ENRICHMENT-DWH-REPO-SCOUT-01,docs/QSB_ST_LIC01_TAU_EPSILON_GLOBAL_PHASE_INVARIANT_OBSERVABLE_PROBE_PLAN.md,E_i|Phase|phase|phase_i,md
QSB-PLANCK-BRIDGE-RESONATOR-INPUT-ARTIFACT-ENRICHMENT-DWH-REPO-SCOUT-01,docs/QSB_ST_LIC01_TAU_EPSILON_GLOBAL_PHASE_INVARIANT_PROBE_RESULT_NOTE.md,E_i|Matrix|Phase|phase|phase_i|phase_response,md
QSB-PLANCK-BRIDGE-RESONATOR-INPUT-ARTIFACT-ENRICHMENT-DWH-REPO-SCOUT-01,docs/QSB_ST_LIC01_TAU_EPSILON_MINIMAL_RUN_RESULT_NOTE.md,Matrix|Phase|phase|phase_response,md
QSB-PLANCK-BRIDGE-RESONATOR-INPUT-ARTIFACT-ENRICHMENT-DWH-REPO-SCOUT-01,docs/QSB_ST_LIC01_TAU_EPSILON_NEXT_AFTER_OBSERVABLE_AUDIT_STATUS_NOTE.md,E_i|Matrix|Phase|phase|phase_i,md
QSB-PLANCK-BRIDGE-RESONATOR-INPUT-ARTIFACT-ENRICHMENT-DWH-REPO-SCOUT-01,docs/QSB_ST_LIC01_TAU_EPSILON_OBSERVABLE_NORMALIZATION_AUDIT_PLAN.md,Phase|phase,md
QSB-PLANCK-BRIDGE-RESONATOR-INPUT-ARTIFACT-ENRICHMENT-DWH-REPO-SCOUT-01,docs/QSB_ST_LIC01_TAU_EPSILON_OBSERVABLE_NORMALIZATION_AUDIT_RESULT_NOTE.md,Phase|phase|phase_response,md
QSB-PLANCK-BRIDGE-RESONATOR-INPUT-ARTIFACT-ENRICHMENT-DWH-REPO-SCOUT-01,docs/QSB_ST_LIC01_TAU_EPSILON_PHASE_RESPONSE_CONFIG_FIELDS.md,E_i|Matrix|Phase|mode|phase|phase_response|r_s,md
QSB-PLANCK-BRIDGE-RESONATOR-INPUT-ARTIFACT-ENRICHMENT-DWH-REPO-SCOUT-01,docs/QSB_ST_LIC01_TAU_EPSILON_RESIDUAL_CONTROL_WARNING_ANALYSIS_PLAN.md,E_i|Phase|mode|phase|phase_i,md
QSB-PLANCK-BRIDGE-RESONATOR-INPUT-ARTIFACT-ENRICHMENT-DWH-REPO-SCOUT-01,docs/QSB_ST_LIC01_TAU_EPSILON_RESIDUAL_CONTROL_WARNING_ANALYSIS_RESULT_NOTE.md,Phase|phase|phase_response,md
