candidate_id,path,table_name,column_id,column_name,data_type,not_null,default_value,primary_key,create_sql_excerpt
dwh03_workcopy,runs/QSB-DB/QSB_DB25_CONSOLIDATED_RESEARCH_SNAPSHOT/qsb_research_dwh_target_workcopy_dwh03.db,claim_boundary_catalog,0,claim_boundary_id,INTEGER,0,,1,"CREATE TABLE claim_boundary_catalog (     claim_boundary_id INTEGER PRIMARY KEY,     object_type TEXT NOT NULL,     object_id TEXT NOT NULL,     claim_level TEXT,     physical_interpretation_allowed INTEGER NOT NULL DEFAULT 0,     residual_analysis_allowed INTEGER NOT NULL DEFAULT 0,     model_fitting_allowed INTEGER NOT NULL DEFAULT 0,     bridge_claim_allowed INTEGER NOT NULL DEFAULT 0,     value_reading_allowed INTEGER NOT NULL DEFAULT 0,     notes TEXT,     created_at TEXT NOT NULL DEFAULT C"
dwh03_workcopy,runs/QSB-DB/QSB_DB25_CONSOLIDATED_RESEARCH_SNAPSHOT/qsb_research_dwh_target_workcopy_dwh03.db,claim_boundary_catalog,1,object_type,TEXT,1,,0,"CREATE TABLE claim_boundary_catalog (     claim_boundary_id INTEGER PRIMARY KEY,     object_type TEXT NOT NULL,     object_id TEXT NOT NULL,     claim_level TEXT,     physical_interpretation_allowed INTEGER NOT NULL DEFAULT 0,     residual_analysis_allowed INTEGER NOT NULL DEFAULT 0,     model_fitting_allowed INTEGER NOT NULL DEFAULT 0,     bridge_claim_allowed INTEGER NOT NULL DEFAULT 0,     value_reading_allowed INTEGER NOT NULL DEFAULT 0,     notes TEXT,     created_at TEXT NOT NULL DEFAULT C"
dwh03_workcopy,runs/QSB-DB/QSB_DB25_CONSOLIDATED_RESEARCH_SNAPSHOT/qsb_research_dwh_target_workcopy_dwh03.db,claim_boundary_catalog,2,object_id,TEXT,1,,0,"CREATE TABLE claim_boundary_catalog (     claim_boundary_id INTEGER PRIMARY KEY,     object_type TEXT NOT NULL,     object_id TEXT NOT NULL,     claim_level TEXT,     physical_interpretation_allowed INTEGER NOT NULL DEFAULT 0,     residual_analysis_allowed INTEGER NOT NULL DEFAULT 0,     model_fitting_allowed INTEGER NOT NULL DEFAULT 0,     bridge_claim_allowed INTEGER NOT NULL DEFAULT 0,     value_reading_allowed INTEGER NOT NULL DEFAULT 0,     notes TEXT,     created_at TEXT NOT NULL DEFAULT C"
dwh03_workcopy,runs/QSB-DB/QSB_DB25_CONSOLIDATED_RESEARCH_SNAPSHOT/qsb_research_dwh_target_workcopy_dwh03.db,claim_boundary_catalog,3,claim_level,TEXT,0,,0,"CREATE TABLE claim_boundary_catalog (     claim_boundary_id INTEGER PRIMARY KEY,     object_type TEXT NOT NULL,     object_id TEXT NOT NULL,     claim_level TEXT,     physical_interpretation_allowed INTEGER NOT NULL DEFAULT 0,     residual_analysis_allowed INTEGER NOT NULL DEFAULT 0,     model_fitting_allowed INTEGER NOT NULL DEFAULT 0,     bridge_claim_allowed INTEGER NOT NULL DEFAULT 0,     value_reading_allowed INTEGER NOT NULL DEFAULT 0,     notes TEXT,     created_at TEXT NOT NULL DEFAULT C"
dwh03_workcopy,runs/QSB-DB/QSB_DB25_CONSOLIDATED_RESEARCH_SNAPSHOT/qsb_research_dwh_target_workcopy_dwh03.db,claim_boundary_catalog,4,physical_interpretation_allowed,INTEGER,1,0,0,"CREATE TABLE claim_boundary_catalog (     claim_boundary_id INTEGER PRIMARY KEY,     object_type TEXT NOT NULL,     object_id TEXT NOT NULL,     claim_level TEXT,     physical_interpretation_allowed INTEGER NOT NULL DEFAULT 0,     residual_analysis_allowed INTEGER NOT NULL DEFAULT 0,     model_fitting_allowed INTEGER NOT NULL DEFAULT 0,     bridge_claim_allowed INTEGER NOT NULL DEFAULT 0,     value_reading_allowed INTEGER NOT NULL DEFAULT 0,     notes TEXT,     created_at TEXT NOT NULL DEFAULT C"
dwh03_workcopy,runs/QSB-DB/QSB_DB25_CONSOLIDATED_RESEARCH_SNAPSHOT/qsb_research_dwh_target_workcopy_dwh03.db,claim_boundary_catalog,5,residual_analysis_allowed,INTEGER,1,0,0,"CREATE TABLE claim_boundary_catalog (     claim_boundary_id INTEGER PRIMARY KEY,     object_type TEXT NOT NULL,     object_id TEXT NOT NULL,     claim_level TEXT,     physical_interpretation_allowed INTEGER NOT NULL DEFAULT 0,     residual_analysis_allowed INTEGER NOT NULL DEFAULT 0,     model_fitting_allowed INTEGER NOT NULL DEFAULT 0,     bridge_claim_allowed INTEGER NOT NULL DEFAULT 0,     value_reading_allowed INTEGER NOT NULL DEFAULT 0,     notes TEXT,     created_at TEXT NOT NULL DEFAULT C"
dwh03_workcopy,runs/QSB-DB/QSB_DB25_CONSOLIDATED_RESEARCH_SNAPSHOT/qsb_research_dwh_target_workcopy_dwh03.db,claim_boundary_catalog,6,model_fitting_allowed,INTEGER,1,0,0,"CREATE TABLE claim_boundary_catalog (     claim_boundary_id INTEGER PRIMARY KEY,     object_type TEXT NOT NULL,     object_id TEXT NOT NULL,     claim_level TEXT,     physical_interpretation_allowed INTEGER NOT NULL DEFAULT 0,     residual_analysis_allowed INTEGER NOT NULL DEFAULT 0,     model_fitting_allowed INTEGER NOT NULL DEFAULT 0,     bridge_claim_allowed INTEGER NOT NULL DEFAULT 0,     value_reading_allowed INTEGER NOT NULL DEFAULT 0,     notes TEXT,     created_at TEXT NOT NULL DEFAULT C"
dwh03_workcopy,runs/QSB-DB/QSB_DB25_CONSOLIDATED_RESEARCH_SNAPSHOT/qsb_research_dwh_target_workcopy_dwh03.db,claim_boundary_catalog,7,bridge_claim_allowed,INTEGER,1,0,0,"CREATE TABLE claim_boundary_catalog (     claim_boundary_id INTEGER PRIMARY KEY,     object_type TEXT NOT NULL,     object_id TEXT NOT NULL,     claim_level TEXT,     physical_interpretation_allowed INTEGER NOT NULL DEFAULT 0,     residual_analysis_allowed INTEGER NOT NULL DEFAULT 0,     model_fitting_allowed INTEGER NOT NULL DEFAULT 0,     bridge_claim_allowed INTEGER NOT NULL DEFAULT 0,     value_reading_allowed INTEGER NOT NULL DEFAULT 0,     notes TEXT,     created_at TEXT NOT NULL DEFAULT C"
dwh03_workcopy,runs/QSB-DB/QSB_DB25_CONSOLIDATED_RESEARCH_SNAPSHOT/qsb_research_dwh_target_workcopy_dwh03.db,claim_boundary_catalog,8,value_reading_allowed,INTEGER,1,0,0,"CREATE TABLE claim_boundary_catalog (     claim_boundary_id INTEGER PRIMARY KEY,     object_type TEXT NOT NULL,     object_id TEXT NOT NULL,     claim_level TEXT,     physical_interpretation_allowed INTEGER NOT NULL DEFAULT 0,     residual_analysis_allowed INTEGER NOT NULL DEFAULT 0,     model_fitting_allowed INTEGER NOT NULL DEFAULT 0,     bridge_claim_allowed INTEGER NOT NULL DEFAULT 0,     value_reading_allowed INTEGER NOT NULL DEFAULT 0,     notes TEXT,     created_at TEXT NOT NULL DEFAULT C"
dwh03_workcopy,runs/QSB-DB/QSB_DB25_CONSOLIDATED_RESEARCH_SNAPSHOT/qsb_research_dwh_target_workcopy_dwh03.db,claim_boundary_catalog,9,notes,TEXT,0,,0,"CREATE TABLE claim_boundary_catalog (     claim_boundary_id INTEGER PRIMARY KEY,     object_type TEXT NOT NULL,     object_id TEXT NOT NULL,     claim_level TEXT,     physical_interpretation_allowed INTEGER NOT NULL DEFAULT 0,     residual_analysis_allowed INTEGER NOT NULL DEFAULT 0,     model_fitting_allowed INTEGER NOT NULL DEFAULT 0,     bridge_claim_allowed INTEGER NOT NULL DEFAULT 0,     value_reading_allowed INTEGER NOT NULL DEFAULT 0,     notes TEXT,     created_at TEXT NOT NULL DEFAULT C"
dwh03_workcopy,runs/QSB-DB/QSB_DB25_CONSOLIDATED_RESEARCH_SNAPSHOT/qsb_research_dwh_target_workcopy_dwh03.db,claim_boundary_catalog,10,created_at,TEXT,1,CURRENT_TIMESTAMP,0,"CREATE TABLE claim_boundary_catalog (     claim_boundary_id INTEGER PRIMARY KEY,     object_type TEXT NOT NULL,     object_id TEXT NOT NULL,     claim_level TEXT,     physical_interpretation_allowed INTEGER NOT NULL DEFAULT 0,     residual_analysis_allowed INTEGER NOT NULL DEFAULT 0,     model_fitting_allowed INTEGER NOT NULL DEFAULT 0,     bridge_claim_allowed INTEGER NOT NULL DEFAULT 0,     value_reading_allowed INTEGER NOT NULL DEFAULT 0,     notes TEXT,     created_at TEXT NOT NULL DEFAULT C"
dwh03_workcopy,runs/QSB-DB/QSB_DB25_CONSOLIDATED_RESEARCH_SNAPSHOT/qsb_research_dwh_target_workcopy_dwh03.db,claim_boundary_catalog,11,updated_at,TEXT,0,,0,"CREATE TABLE claim_boundary_catalog (     claim_boundary_id INTEGER PRIMARY KEY,     object_type TEXT NOT NULL,     object_id TEXT NOT NULL,     claim_level TEXT,     physical_interpretation_allowed INTEGER NOT NULL DEFAULT 0,     residual_analysis_allowed INTEGER NOT NULL DEFAULT 0,     model_fitting_allowed INTEGER NOT NULL DEFAULT 0,     bridge_claim_allowed INTEGER NOT NULL DEFAULT 0,     value_reading_allowed INTEGER NOT NULL DEFAULT 0,     notes TEXT,     created_at TEXT NOT NULL DEFAULT C"
dwh03_workcopy,runs/QSB-DB/QSB_DB25_CONSOLIDATED_RESEARCH_SNAPSHOT/qsb_research_dwh_target_workcopy_dwh03.db,core_source_registry,0,source_registry_id,TEXT,0,,1,"CREATE TABLE core_source_registry (     source_registry_id TEXT PRIMARY KEY,     source_name TEXT NOT NULL,     institution TEXT,     source_type TEXT NOT NULL,     official_url TEXT,     citation_note TEXT,     license_note TEXT,     retrieval_status TEXT NOT NULL,     source_status TEXT NOT NULL,     created_at_utc TEXT NOT NULL,     updated_at_utc TEXT )"
dwh03_workcopy,runs/QSB-DB/QSB_DB25_CONSOLIDATED_RESEARCH_SNAPSHOT/qsb_research_dwh_target_workcopy_dwh03.db,core_source_registry,1,source_name,TEXT,1,,0,"CREATE TABLE core_source_registry (     source_registry_id TEXT PRIMARY KEY,     source_name TEXT NOT NULL,     institution TEXT,     source_type TEXT NOT NULL,     official_url TEXT,     citation_note TEXT,     license_note TEXT,     retrieval_status TEXT NOT NULL,     source_status TEXT NOT NULL,     created_at_utc TEXT NOT NULL,     updated_at_utc TEXT )"
dwh03_workcopy,runs/QSB-DB/QSB_DB25_CONSOLIDATED_RESEARCH_SNAPSHOT/qsb_research_dwh_target_workcopy_dwh03.db,core_source_registry,2,institution,TEXT,0,,0,"CREATE TABLE core_source_registry (     source_registry_id TEXT PRIMARY KEY,     source_name TEXT NOT NULL,     institution TEXT,     source_type TEXT NOT NULL,     official_url TEXT,     citation_note TEXT,     license_note TEXT,     retrieval_status TEXT NOT NULL,     source_status TEXT NOT NULL,     created_at_utc TEXT NOT NULL,     updated_at_utc TEXT )"
dwh03_workcopy,runs/QSB-DB/QSB_DB25_CONSOLIDATED_RESEARCH_SNAPSHOT/qsb_research_dwh_target_workcopy_dwh03.db,core_source_registry,3,source_type,TEXT,1,,0,"CREATE TABLE core_source_registry (     source_registry_id TEXT PRIMARY KEY,     source_name TEXT NOT NULL,     institution TEXT,     source_type TEXT NOT NULL,     official_url TEXT,     citation_note TEXT,     license_note TEXT,     retrieval_status TEXT NOT NULL,     source_status TEXT NOT NULL,     created_at_utc TEXT NOT NULL,     updated_at_utc TEXT )"
dwh03_workcopy,runs/QSB-DB/QSB_DB25_CONSOLIDATED_RESEARCH_SNAPSHOT/qsb_research_dwh_target_workcopy_dwh03.db,core_source_registry,4,official_url,TEXT,0,,0,"CREATE TABLE core_source_registry (     source_registry_id TEXT PRIMARY KEY,     source_name TEXT NOT NULL,     institution TEXT,     source_type TEXT NOT NULL,     official_url TEXT,     citation_note TEXT,     license_note TEXT,     retrieval_status TEXT NOT NULL,     source_status TEXT NOT NULL,     created_at_utc TEXT NOT NULL,     updated_at_utc TEXT )"
dwh03_workcopy,runs/QSB-DB/QSB_DB25_CONSOLIDATED_RESEARCH_SNAPSHOT/qsb_research_dwh_target_workcopy_dwh03.db,core_source_registry,5,citation_note,TEXT,0,,0,"CREATE TABLE core_source_registry (     source_registry_id TEXT PRIMARY KEY,     source_name TEXT NOT NULL,     institution TEXT,     source_type TEXT NOT NULL,     official_url TEXT,     citation_note TEXT,     license_note TEXT,     retrieval_status TEXT NOT NULL,     source_status TEXT NOT NULL,     created_at_utc TEXT NOT NULL,     updated_at_utc TEXT )"
dwh03_workcopy,runs/QSB-DB/QSB_DB25_CONSOLIDATED_RESEARCH_SNAPSHOT/qsb_research_dwh_target_workcopy_dwh03.db,core_source_registry,6,license_note,TEXT,0,,0,"CREATE TABLE core_source_registry (     source_registry_id TEXT PRIMARY KEY,     source_name TEXT NOT NULL,     institution TEXT,     source_type TEXT NOT NULL,     official_url TEXT,     citation_note TEXT,     license_note TEXT,     retrieval_status TEXT NOT NULL,     source_status TEXT NOT NULL,     created_at_utc TEXT NOT NULL,     updated_at_utc TEXT )"
dwh03_workcopy,runs/QSB-DB/QSB_DB25_CONSOLIDATED_RESEARCH_SNAPSHOT/qsb_research_dwh_target_workcopy_dwh03.db,core_source_registry,7,retrieval_status,TEXT,1,,0,"CREATE TABLE core_source_registry (     source_registry_id TEXT PRIMARY KEY,     source_name TEXT NOT NULL,     institution TEXT,     source_type TEXT NOT NULL,     official_url TEXT,     citation_note TEXT,     license_note TEXT,     retrieval_status TEXT NOT NULL,     source_status TEXT NOT NULL,     created_at_utc TEXT NOT NULL,     updated_at_utc TEXT )"
dwh03_workcopy,runs/QSB-DB/QSB_DB25_CONSOLIDATED_RESEARCH_SNAPSHOT/qsb_research_dwh_target_workcopy_dwh03.db,core_source_registry,8,source_status,TEXT,1,,0,"CREATE TABLE core_source_registry (     source_registry_id TEXT PRIMARY KEY,     source_name TEXT NOT NULL,     institution TEXT,     source_type TEXT NOT NULL,     official_url TEXT,     citation_note TEXT,     license_note TEXT,     retrieval_status TEXT NOT NULL,     source_status TEXT NOT NULL,     created_at_utc TEXT NOT NULL,     updated_at_utc TEXT )"
dwh03_workcopy,runs/QSB-DB/QSB_DB25_CONSOLIDATED_RESEARCH_SNAPSHOT/qsb_research_dwh_target_workcopy_dwh03.db,core_source_registry,9,created_at_utc,TEXT,1,,0,"CREATE TABLE core_source_registry (     source_registry_id TEXT PRIMARY KEY,     source_name TEXT NOT NULL,     institution TEXT,     source_type TEXT NOT NULL,     official_url TEXT,     citation_note TEXT,     license_note TEXT,     retrieval_status TEXT NOT NULL,     source_status TEXT NOT NULL,     created_at_utc TEXT NOT NULL,     updated_at_utc TEXT )"
dwh03_workcopy,runs/QSB-DB/QSB_DB25_CONSOLIDATED_RESEARCH_SNAPSHOT/qsb_research_dwh_target_workcopy_dwh03.db,core_source_registry,10,updated_at_utc,TEXT,0,,0,"CREATE TABLE core_source_registry (     source_registry_id TEXT PRIMARY KEY,     source_name TEXT NOT NULL,     institution TEXT,     source_type TEXT NOT NULL,     official_url TEXT,     citation_note TEXT,     license_note TEXT,     retrieval_status TEXT NOT NULL,     source_status TEXT NOT NULL,     created_at_utc TEXT NOT NULL,     updated_at_utc TEXT )"
dwh03_workcopy,runs/QSB-DB/QSB_DB25_CONSOLIDATED_RESEARCH_SNAPSHOT/qsb_research_dwh_target_workcopy_dwh03.db,db21_par_tim_source_inventory,0,source_inventory_id,INTEGER,0,,1,"CREATE TABLE db21_par_tim_source_inventory (             source_inventory_id INTEGER PRIMARY KEY,             source_family_label TEXT NOT NULL,             object_label_candidate TEXT,             source_path TEXT NOT NULL,             relative_path TEXT NOT NULL UNIQUE,             source_file_name TEXT NOT NULL,             source_file_extension TEXT NOT NULL,             source_file_size_bytes INTEGER NOT NULL,             source_file_mtime_utc TEXT NOT NULL,             source_file_hash_sha"
dwh03_workcopy,runs/QSB-DB/QSB_DB25_CONSOLIDATED_RESEARCH_SNAPSHOT/qsb_research_dwh_target_workcopy_dwh03.db,db21_par_tim_source_inventory,1,source_family_label,TEXT,1,,0,"CREATE TABLE db21_par_tim_source_inventory (             source_inventory_id INTEGER PRIMARY KEY,             source_family_label TEXT NOT NULL,             object_label_candidate TEXT,             source_path TEXT NOT NULL,             relative_path TEXT NOT NULL UNIQUE,             source_file_name TEXT NOT NULL,             source_file_extension TEXT NOT NULL,             source_file_size_bytes INTEGER NOT NULL,             source_file_mtime_utc TEXT NOT NULL,             source_file_hash_sha"
dwh03_workcopy,runs/QSB-DB/QSB_DB25_CONSOLIDATED_RESEARCH_SNAPSHOT/qsb_research_dwh_target_workcopy_dwh03.db,db21_par_tim_source_inventory,2,object_label_candidate,TEXT,0,,0,"CREATE TABLE db21_par_tim_source_inventory (             source_inventory_id INTEGER PRIMARY KEY,             source_family_label TEXT NOT NULL,             object_label_candidate TEXT,             source_path TEXT NOT NULL,             relative_path TEXT NOT NULL UNIQUE,             source_file_name TEXT NOT NULL,             source_file_extension TEXT NOT NULL,             source_file_size_bytes INTEGER NOT NULL,             source_file_mtime_utc TEXT NOT NULL,             source_file_hash_sha"
dwh03_workcopy,runs/QSB-DB/QSB_DB25_CONSOLIDATED_RESEARCH_SNAPSHOT/qsb_research_dwh_target_workcopy_dwh03.db,db21_par_tim_source_inventory,3,source_path,TEXT,1,,0,"CREATE TABLE db21_par_tim_source_inventory (             source_inventory_id INTEGER PRIMARY KEY,             source_family_label TEXT NOT NULL,             object_label_candidate TEXT,             source_path TEXT NOT NULL,             relative_path TEXT NOT NULL UNIQUE,             source_file_name TEXT NOT NULL,             source_file_extension TEXT NOT NULL,             source_file_size_bytes INTEGER NOT NULL,             source_file_mtime_utc TEXT NOT NULL,             source_file_hash_sha"
dwh03_workcopy,runs/QSB-DB/QSB_DB25_CONSOLIDATED_RESEARCH_SNAPSHOT/qsb_research_dwh_target_workcopy_dwh03.db,db21_par_tim_source_inventory,4,relative_path,TEXT,1,,0,"CREATE TABLE db21_par_tim_source_inventory (             source_inventory_id INTEGER PRIMARY KEY,             source_family_label TEXT NOT NULL,             object_label_candidate TEXT,             source_path TEXT NOT NULL,             relative_path TEXT NOT NULL UNIQUE,             source_file_name TEXT NOT NULL,             source_file_extension TEXT NOT NULL,             source_file_size_bytes INTEGER NOT NULL,             source_file_mtime_utc TEXT NOT NULL,             source_file_hash_sha"
dwh03_workcopy,runs/QSB-DB/QSB_DB25_CONSOLIDATED_RESEARCH_SNAPSHOT/qsb_research_dwh_target_workcopy_dwh03.db,db21_par_tim_source_inventory,5,source_file_name,TEXT,1,,0,"CREATE TABLE db21_par_tim_source_inventory (             source_inventory_id INTEGER PRIMARY KEY,             source_family_label TEXT NOT NULL,             object_label_candidate TEXT,             source_path TEXT NOT NULL,             relative_path TEXT NOT NULL UNIQUE,             source_file_name TEXT NOT NULL,             source_file_extension TEXT NOT NULL,             source_file_size_bytes INTEGER NOT NULL,             source_file_mtime_utc TEXT NOT NULL,             source_file_hash_sha"
dwh03_workcopy,runs/QSB-DB/QSB_DB25_CONSOLIDATED_RESEARCH_SNAPSHOT/qsb_research_dwh_target_workcopy_dwh03.db,db21_par_tim_source_inventory,6,source_file_extension,TEXT,1,,0,"CREATE TABLE db21_par_tim_source_inventory (             source_inventory_id INTEGER PRIMARY KEY,             source_family_label TEXT NOT NULL,             object_label_candidate TEXT,             source_path TEXT NOT NULL,             relative_path TEXT NOT NULL UNIQUE,             source_file_name TEXT NOT NULL,             source_file_extension TEXT NOT NULL,             source_file_size_bytes INTEGER NOT NULL,             source_file_mtime_utc TEXT NOT NULL,             source_file_hash_sha"
dwh03_workcopy,runs/QSB-DB/QSB_DB25_CONSOLIDATED_RESEARCH_SNAPSHOT/qsb_research_dwh_target_workcopy_dwh03.db,db21_par_tim_source_inventory,7,source_file_size_bytes,INTEGER,1,,0,"CREATE TABLE db21_par_tim_source_inventory (             source_inventory_id INTEGER PRIMARY KEY,             source_family_label TEXT NOT NULL,             object_label_candidate TEXT,             source_path TEXT NOT NULL,             relative_path TEXT NOT NULL UNIQUE,             source_file_name TEXT NOT NULL,             source_file_extension TEXT NOT NULL,             source_file_size_bytes INTEGER NOT NULL,             source_file_mtime_utc TEXT NOT NULL,             source_file_hash_sha"
dwh03_workcopy,runs/QSB-DB/QSB_DB25_CONSOLIDATED_RESEARCH_SNAPSHOT/qsb_research_dwh_target_workcopy_dwh03.db,db21_par_tim_source_inventory,8,source_file_mtime_utc,TEXT,1,,0,"CREATE TABLE db21_par_tim_source_inventory (             source_inventory_id INTEGER PRIMARY KEY,             source_family_label TEXT NOT NULL,             object_label_candidate TEXT,             source_path TEXT NOT NULL,             relative_path TEXT NOT NULL UNIQUE,             source_file_name TEXT NOT NULL,             source_file_extension TEXT NOT NULL,             source_file_size_bytes INTEGER NOT NULL,             source_file_mtime_utc TEXT NOT NULL,             source_file_hash_sha"
dwh03_workcopy,runs/QSB-DB/QSB_DB25_CONSOLIDATED_RESEARCH_SNAPSHOT/qsb_research_dwh_target_workcopy_dwh03.db,db21_par_tim_source_inventory,9,source_file_hash_sha256,TEXT,1,,0,"CREATE TABLE db21_par_tim_source_inventory (             source_inventory_id INTEGER PRIMARY KEY,             source_family_label TEXT NOT NULL,             object_label_candidate TEXT,             source_path TEXT NOT NULL,             relative_path TEXT NOT NULL UNIQUE,             source_file_name TEXT NOT NULL,             source_file_extension TEXT NOT NULL,             source_file_size_bytes INTEGER NOT NULL,             source_file_mtime_utc TEXT NOT NULL,             source_file_hash_sha"
dwh03_workcopy,runs/QSB-DB/QSB_DB25_CONSOLIDATED_RESEARCH_SNAPSHOT/qsb_research_dwh_target_workcopy_dwh03.db,db21_par_tim_source_inventory,10,source_type,TEXT,1,,0,"CREATE TABLE db21_par_tim_source_inventory (             source_inventory_id INTEGER PRIMARY KEY,             source_family_label TEXT NOT NULL,             object_label_candidate TEXT,             source_path TEXT NOT NULL,             relative_path TEXT NOT NULL UNIQUE,             source_file_name TEXT NOT NULL,             source_file_extension TEXT NOT NULL,             source_file_size_bytes INTEGER NOT NULL,             source_file_mtime_utc TEXT NOT NULL,             source_file_hash_sha"
dwh03_workcopy,runs/QSB-DB/QSB_DB25_CONSOLIDATED_RESEARCH_SNAPSHOT/qsb_research_dwh_target_workcopy_dwh03.db,db21_par_tim_source_inventory,11,structure_kind,TEXT,1,,0,"CREATE TABLE db21_par_tim_source_inventory (             source_inventory_id INTEGER PRIMARY KEY,             source_family_label TEXT NOT NULL,             object_label_candidate TEXT,             source_path TEXT NOT NULL,             relative_path TEXT NOT NULL UNIQUE,             source_file_name TEXT NOT NULL,             source_file_extension TEXT NOT NULL,             source_file_size_bytes INTEGER NOT NULL,             source_file_mtime_utc TEXT NOT NULL,             source_file_hash_sha"
dwh03_workcopy,runs/QSB-DB/QSB_DB25_CONSOLIDATED_RESEARCH_SNAPSHOT/qsb_research_dwh_target_workcopy_dwh03.db,db21_par_tim_source_inventory,12,readability_status,TEXT,1,,0,"CREATE TABLE db21_par_tim_source_inventory (             source_inventory_id INTEGER PRIMARY KEY,             source_family_label TEXT NOT NULL,             object_label_candidate TEXT,             source_path TEXT NOT NULL,             relative_path TEXT NOT NULL UNIQUE,             source_file_name TEXT NOT NULL,             source_file_extension TEXT NOT NULL,             source_file_size_bytes INTEGER NOT NULL,             source_file_mtime_utc TEXT NOT NULL,             source_file_hash_sha"
dwh03_workcopy,runs/QSB-DB/QSB_DB25_CONSOLIDATED_RESEARCH_SNAPSHOT/qsb_research_dwh_target_workcopy_dwh03.db,db21_par_tim_source_inventory,13,line_count,INTEGER,1,,0,"CREATE TABLE db21_par_tim_source_inventory (             source_inventory_id INTEGER PRIMARY KEY,             source_family_label TEXT NOT NULL,             object_label_candidate TEXT,             source_path TEXT NOT NULL,             relative_path TEXT NOT NULL UNIQUE,             source_file_name TEXT NOT NULL,             source_file_extension TEXT NOT NULL,             source_file_size_bytes INTEGER NOT NULL,             source_file_mtime_utc TEXT NOT NULL,             source_file_hash_sha"
dwh03_workcopy,runs/QSB-DB/QSB_DB25_CONSOLIDATED_RESEARCH_SNAPSHOT/qsb_research_dwh_target_workcopy_dwh03.db,db21_par_tim_source_inventory,14,blank_line_count,INTEGER,1,,0,"CREATE TABLE db21_par_tim_source_inventory (             source_inventory_id INTEGER PRIMARY KEY,             source_family_label TEXT NOT NULL,             object_label_candidate TEXT,             source_path TEXT NOT NULL,             relative_path TEXT NOT NULL UNIQUE,             source_file_name TEXT NOT NULL,             source_file_extension TEXT NOT NULL,             source_file_size_bytes INTEGER NOT NULL,             source_file_mtime_utc TEXT NOT NULL,             source_file_hash_sha"
dwh03_workcopy,runs/QSB-DB/QSB_DB25_CONSOLIDATED_RESEARCH_SNAPSHOT/qsb_research_dwh_target_workcopy_dwh03.db,db21_par_tim_source_inventory,15,nonblank_line_count,INTEGER,1,,0,"CREATE TABLE db21_par_tim_source_inventory (             source_inventory_id INTEGER PRIMARY KEY,             source_family_label TEXT NOT NULL,             object_label_candidate TEXT,             source_path TEXT NOT NULL,             relative_path TEXT NOT NULL UNIQUE,             source_file_name TEXT NOT NULL,             source_file_extension TEXT NOT NULL,             source_file_size_bytes INTEGER NOT NULL,             source_file_mtime_utc TEXT NOT NULL,             source_file_hash_sha"
dwh03_workcopy,runs/QSB-DB/QSB_DB25_CONSOLIDATED_RESEARCH_SNAPSHOT/qsb_research_dwh_target_workcopy_dwh03.db,db21_par_tim_source_inventory,16,first_structural_lines,TEXT,0,,0,"CREATE TABLE db21_par_tim_source_inventory (             source_inventory_id INTEGER PRIMARY KEY,             source_family_label TEXT NOT NULL,             object_label_candidate TEXT,             source_path TEXT NOT NULL,             relative_path TEXT NOT NULL UNIQUE,             source_file_name TEXT NOT NULL,             source_file_extension TEXT NOT NULL,             source_file_size_bytes INTEGER NOT NULL,             source_file_mtime_utc TEXT NOT NULL,             source_file_hash_sha"
dwh03_workcopy,runs/QSB-DB/QSB_DB25_CONSOLIDATED_RESEARCH_SNAPSHOT/qsb_research_dwh_target_workcopy_dwh03.db,db21_par_tim_source_inventory,17,db20_selected_for_ingest,INTEGER,1,0,0,"CREATE TABLE db21_par_tim_source_inventory (             source_inventory_id INTEGER PRIMARY KEY,             source_family_label TEXT NOT NULL,             object_label_candidate TEXT,             source_path TEXT NOT NULL,             relative_path TEXT NOT NULL UNIQUE,             source_file_name TEXT NOT NULL,             source_file_extension TEXT NOT NULL,             source_file_size_bytes INTEGER NOT NULL,             source_file_mtime_utc TEXT NOT NULL,             source_file_hash_sha"
dwh03_workcopy,runs/QSB-DB/QSB_DB25_CONSOLIDATED_RESEARCH_SNAPSHOT/qsb_research_dwh_target_workcopy_dwh03.db,db21_par_tim_source_inventory,18,selected_for_db21_tim_ingest,INTEGER,1,0,0,"CREATE TABLE db21_par_tim_source_inventory (             source_inventory_id INTEGER PRIMARY KEY,             source_family_label TEXT NOT NULL,             object_label_candidate TEXT,             source_path TEXT NOT NULL,             relative_path TEXT NOT NULL UNIQUE,             source_file_name TEXT NOT NULL,             source_file_extension TEXT NOT NULL,             source_file_size_bytes INTEGER NOT NULL,             source_file_mtime_utc TEXT NOT NULL,             source_file_hash_sha"
dwh03_workcopy,runs/QSB-DB/QSB_DB25_CONSOLIDATED_RESEARCH_SNAPSHOT/qsb_research_dwh_target_workcopy_dwh03.db,db21_par_tim_source_inventory,19,parse_status,TEXT,1,,0,"CREATE TABLE db21_par_tim_source_inventory (             source_inventory_id INTEGER PRIMARY KEY,             source_family_label TEXT NOT NULL,             object_label_candidate TEXT,             source_path TEXT NOT NULL,             relative_path TEXT NOT NULL UNIQUE,             source_file_name TEXT NOT NULL,             source_file_extension TEXT NOT NULL,             source_file_size_bytes INTEGER NOT NULL,             source_file_mtime_utc TEXT NOT NULL,             source_file_hash_sha"
dwh03_workcopy,runs/QSB-DB/QSB_DB25_CONSOLIDATED_RESEARCH_SNAPSHOT/qsb_research_dwh_target_workcopy_dwh03.db,db21_par_tim_source_inventory,20,quality_status,TEXT,1,,0,"CREATE TABLE db21_par_tim_source_inventory (             source_inventory_id INTEGER PRIMARY KEY,             source_family_label TEXT NOT NULL,             object_label_candidate TEXT,             source_path TEXT NOT NULL,             relative_path TEXT NOT NULL UNIQUE,             source_file_name TEXT NOT NULL,             source_file_extension TEXT NOT NULL,             source_file_size_bytes INTEGER NOT NULL,             source_file_mtime_utc TEXT NOT NULL,             source_file_hash_sha"
dwh03_workcopy,runs/QSB-DB/QSB_DB25_CONSOLIDATED_RESEARCH_SNAPSHOT/qsb_research_dwh_target_workcopy_dwh03.db,db21_par_tim_source_inventory,21,quarantine_status,TEXT,1,,0,"CREATE TABLE db21_par_tim_source_inventory (             source_inventory_id INTEGER PRIMARY KEY,             source_family_label TEXT NOT NULL,             object_label_candidate TEXT,             source_path TEXT NOT NULL,             relative_path TEXT NOT NULL UNIQUE,             source_file_name TEXT NOT NULL,             source_file_extension TEXT NOT NULL,             source_file_size_bytes INTEGER NOT NULL,             source_file_mtime_utc TEXT NOT NULL,             source_file_hash_sha"
dwh03_workcopy,runs/QSB-DB/QSB_DB25_CONSOLIDATED_RESEARCH_SNAPSHOT/qsb_research_dwh_target_workcopy_dwh03.db,db21_par_tim_source_inventory,22,anomaly_status,TEXT,1,,0,"CREATE TABLE db21_par_tim_source_inventory (             source_inventory_id INTEGER PRIMARY KEY,             source_family_label TEXT NOT NULL,             object_label_candidate TEXT,             source_path TEXT NOT NULL,             relative_path TEXT NOT NULL UNIQUE,             source_file_name TEXT NOT NULL,             source_file_extension TEXT NOT NULL,             source_file_size_bytes INTEGER NOT NULL,             source_file_mtime_utc TEXT NOT NULL,             source_file_hash_sha"
dwh03_workcopy,runs/QSB-DB/QSB_DB25_CONSOLIDATED_RESEARCH_SNAPSHOT/qsb_research_dwh_target_workcopy_dwh03.db,db21_par_tim_source_inventory,23,lineage_key,TEXT,1,,0,"CREATE TABLE db21_par_tim_source_inventory (             source_inventory_id INTEGER PRIMARY KEY,             source_family_label TEXT NOT NULL,             object_label_candidate TEXT,             source_path TEXT NOT NULL,             relative_path TEXT NOT NULL UNIQUE,             source_file_name TEXT NOT NULL,             source_file_extension TEXT NOT NULL,             source_file_size_bytes INTEGER NOT NULL,             source_file_mtime_utc TEXT NOT NULL,             source_file_hash_sha"
dwh03_workcopy,runs/QSB-DB/QSB_DB25_CONSOLIDATED_RESEARCH_SNAPSHOT/qsb_research_dwh_target_workcopy_dwh03.db,db21_par_tim_source_inventory,24,created_at_utc,TEXT,1,,0,"CREATE TABLE db21_par_tim_source_inventory (             source_inventory_id INTEGER PRIMARY KEY,             source_family_label TEXT NOT NULL,             object_label_candidate TEXT,             source_path TEXT NOT NULL,             relative_path TEXT NOT NULL UNIQUE,             source_file_name TEXT NOT NULL,             source_file_extension TEXT NOT NULL,             source_file_size_bytes INTEGER NOT NULL,             source_file_mtime_utc TEXT NOT NULL,             source_file_hash_sha"
dwh03_workcopy,runs/QSB-DB/QSB_DB25_CONSOLIDATED_RESEARCH_SNAPSHOT/qsb_research_dwh_target_workcopy_dwh03.db,db25_consolidation_source_db,0,source_db_label,TEXT,0,,1,"CREATE TABLE db25_consolidation_source_db (             source_db_label TEXT PRIMARY KEY,             source_db_path TEXT NOT NULL,             source_role TEXT NOT NULL,             source_file_size_bytes INTEGER NOT NULL,             source_detected_table_count INTEGER NOT NULL,             source_detected_view_count INTEGER NOT NULL,             imported_table_count INTEGER NOT NULL,             imported_view_count INTEGER NOT NULL,             created_at_utc TEXT NOT NULL         )"
dwh03_workcopy,runs/QSB-DB/QSB_DB25_CONSOLIDATED_RESEARCH_SNAPSHOT/qsb_research_dwh_target_workcopy_dwh03.db,db25_consolidation_source_db,1,source_db_path,TEXT,1,,0,"CREATE TABLE db25_consolidation_source_db (             source_db_label TEXT PRIMARY KEY,             source_db_path TEXT NOT NULL,             source_role TEXT NOT NULL,             source_file_size_bytes INTEGER NOT NULL,             source_detected_table_count INTEGER NOT NULL,             source_detected_view_count INTEGER NOT NULL,             imported_table_count INTEGER NOT NULL,             imported_view_count INTEGER NOT NULL,             created_at_utc TEXT NOT NULL         )"
dwh03_workcopy,runs/QSB-DB/QSB_DB25_CONSOLIDATED_RESEARCH_SNAPSHOT/qsb_research_dwh_target_workcopy_dwh03.db,db25_consolidation_source_db,2,source_role,TEXT,1,,0,"CREATE TABLE db25_consolidation_source_db (             source_db_label TEXT PRIMARY KEY,             source_db_path TEXT NOT NULL,             source_role TEXT NOT NULL,             source_file_size_bytes INTEGER NOT NULL,             source_detected_table_count INTEGER NOT NULL,             source_detected_view_count INTEGER NOT NULL,             imported_table_count INTEGER NOT NULL,             imported_view_count INTEGER NOT NULL,             created_at_utc TEXT NOT NULL         )"
dwh03_workcopy,runs/QSB-DB/QSB_DB25_CONSOLIDATED_RESEARCH_SNAPSHOT/qsb_research_dwh_target_workcopy_dwh03.db,db25_consolidation_source_db,3,source_file_size_bytes,INTEGER,1,,0,"CREATE TABLE db25_consolidation_source_db (             source_db_label TEXT PRIMARY KEY,             source_db_path TEXT NOT NULL,             source_role TEXT NOT NULL,             source_file_size_bytes INTEGER NOT NULL,             source_detected_table_count INTEGER NOT NULL,             source_detected_view_count INTEGER NOT NULL,             imported_table_count INTEGER NOT NULL,             imported_view_count INTEGER NOT NULL,             created_at_utc TEXT NOT NULL         )"
dwh03_workcopy,runs/QSB-DB/QSB_DB25_CONSOLIDATED_RESEARCH_SNAPSHOT/qsb_research_dwh_target_workcopy_dwh03.db,db25_consolidation_source_db,4,source_detected_table_count,INTEGER,1,,0,"CREATE TABLE db25_consolidation_source_db (             source_db_label TEXT PRIMARY KEY,             source_db_path TEXT NOT NULL,             source_role TEXT NOT NULL,             source_file_size_bytes INTEGER NOT NULL,             source_detected_table_count INTEGER NOT NULL,             source_detected_view_count INTEGER NOT NULL,             imported_table_count INTEGER NOT NULL,             imported_view_count INTEGER NOT NULL,             created_at_utc TEXT NOT NULL         )"
dwh03_workcopy,runs/QSB-DB/QSB_DB25_CONSOLIDATED_RESEARCH_SNAPSHOT/qsb_research_dwh_target_workcopy_dwh03.db,db25_consolidation_source_db,5,source_detected_view_count,INTEGER,1,,0,"CREATE TABLE db25_consolidation_source_db (             source_db_label TEXT PRIMARY KEY,             source_db_path TEXT NOT NULL,             source_role TEXT NOT NULL,             source_file_size_bytes INTEGER NOT NULL,             source_detected_table_count INTEGER NOT NULL,             source_detected_view_count INTEGER NOT NULL,             imported_table_count INTEGER NOT NULL,             imported_view_count INTEGER NOT NULL,             created_at_utc TEXT NOT NULL         )"
dwh03_workcopy,runs/QSB-DB/QSB_DB25_CONSOLIDATED_RESEARCH_SNAPSHOT/qsb_research_dwh_target_workcopy_dwh03.db,db25_consolidation_source_db,6,imported_table_count,INTEGER,1,,0,"CREATE TABLE db25_consolidation_source_db (             source_db_label TEXT PRIMARY KEY,             source_db_path TEXT NOT NULL,             source_role TEXT NOT NULL,             source_file_size_bytes INTEGER NOT NULL,             source_detected_table_count INTEGER NOT NULL,             source_detected_view_count INTEGER NOT NULL,             imported_table_count INTEGER NOT NULL,             imported_view_count INTEGER NOT NULL,             created_at_utc TEXT NOT NULL         )"
dwh03_workcopy,runs/QSB-DB/QSB_DB25_CONSOLIDATED_RESEARCH_SNAPSHOT/qsb_research_dwh_target_workcopy_dwh03.db,db25_consolidation_source_db,7,imported_view_count,INTEGER,1,,0,"CREATE TABLE db25_consolidation_source_db (             source_db_label TEXT PRIMARY KEY,             source_db_path TEXT NOT NULL,             source_role TEXT NOT NULL,             source_file_size_bytes INTEGER NOT NULL,             source_detected_table_count INTEGER NOT NULL,             source_detected_view_count INTEGER NOT NULL,             imported_table_count INTEGER NOT NULL,             imported_view_count INTEGER NOT NULL,             created_at_utc TEXT NOT NULL         )"
dwh03_workcopy,runs/QSB-DB/QSB_DB25_CONSOLIDATED_RESEARCH_SNAPSHOT/qsb_research_dwh_target_workcopy_dwh03.db,db25_consolidation_source_db,8,created_at_utc,TEXT,1,,0,"CREATE TABLE db25_consolidation_source_db (             source_db_label TEXT PRIMARY KEY,             source_db_path TEXT NOT NULL,             source_role TEXT NOT NULL,             source_file_size_bytes INTEGER NOT NULL,             source_detected_table_count INTEGER NOT NULL,             source_detected_view_count INTEGER NOT NULL,             imported_table_count INTEGER NOT NULL,             imported_view_count INTEGER NOT NULL,             created_at_utc TEXT NOT NULL         )"
dwh03_workcopy,runs/QSB-DB/QSB_DB25_CONSOLIDATED_RESEARCH_SNAPSHOT/qsb_research_dwh_target_workcopy_dwh03.db,db28_external_source_registry,0,source_id,TEXT,0,,1,"CREATE TABLE db28_external_source_registry (             source_id TEXT PRIMARY KEY,             source_name TEXT,             institution TEXT,             source_type TEXT,             official_url TEXT,             access_method TEXT,             relevance_class TEXT,             tier TEXT,             retrieval_status TEXT,             citation_or_license_note TEXT,             created_at_utc TEXT         )"
dwh03_workcopy,runs/QSB-DB/QSB_DB25_CONSOLIDATED_RESEARCH_SNAPSHOT/qsb_research_dwh_target_workcopy_dwh03.db,db28_external_source_registry,1,source_name,TEXT,0,,0,"CREATE TABLE db28_external_source_registry (             source_id TEXT PRIMARY KEY,             source_name TEXT,             institution TEXT,             source_type TEXT,             official_url TEXT,             access_method TEXT,             relevance_class TEXT,             tier TEXT,             retrieval_status TEXT,             citation_or_license_note TEXT,             created_at_utc TEXT         )"
dwh03_workcopy,runs/QSB-DB/QSB_DB25_CONSOLIDATED_RESEARCH_SNAPSHOT/qsb_research_dwh_target_workcopy_dwh03.db,db28_external_source_registry,2,institution,TEXT,0,,0,"CREATE TABLE db28_external_source_registry (             source_id TEXT PRIMARY KEY,             source_name TEXT,             institution TEXT,             source_type TEXT,             official_url TEXT,             access_method TEXT,             relevance_class TEXT,             tier TEXT,             retrieval_status TEXT,             citation_or_license_note TEXT,             created_at_utc TEXT         )"
dwh03_workcopy,runs/QSB-DB/QSB_DB25_CONSOLIDATED_RESEARCH_SNAPSHOT/qsb_research_dwh_target_workcopy_dwh03.db,db28_external_source_registry,3,source_type,TEXT,0,,0,"CREATE TABLE db28_external_source_registry (             source_id TEXT PRIMARY KEY,             source_name TEXT,             institution TEXT,             source_type TEXT,             official_url TEXT,             access_method TEXT,             relevance_class TEXT,             tier TEXT,             retrieval_status TEXT,             citation_or_license_note TEXT,             created_at_utc TEXT         )"
dwh03_workcopy,runs/QSB-DB/QSB_DB25_CONSOLIDATED_RESEARCH_SNAPSHOT/qsb_research_dwh_target_workcopy_dwh03.db,db28_external_source_registry,4,official_url,TEXT,0,,0,"CREATE TABLE db28_external_source_registry (             source_id TEXT PRIMARY KEY,             source_name TEXT,             institution TEXT,             source_type TEXT,             official_url TEXT,             access_method TEXT,             relevance_class TEXT,             tier TEXT,             retrieval_status TEXT,             citation_or_license_note TEXT,             created_at_utc TEXT         )"
dwh03_workcopy,runs/QSB-DB/QSB_DB25_CONSOLIDATED_RESEARCH_SNAPSHOT/qsb_research_dwh_target_workcopy_dwh03.db,db28_external_source_registry,5,access_method,TEXT,0,,0,"CREATE TABLE db28_external_source_registry (             source_id TEXT PRIMARY KEY,             source_name TEXT,             institution TEXT,             source_type TEXT,             official_url TEXT,             access_method TEXT,             relevance_class TEXT,             tier TEXT,             retrieval_status TEXT,             citation_or_license_note TEXT,             created_at_utc TEXT         )"
dwh03_workcopy,runs/QSB-DB/QSB_DB25_CONSOLIDATED_RESEARCH_SNAPSHOT/qsb_research_dwh_target_workcopy_dwh03.db,db28_external_source_registry,6,relevance_class,TEXT,0,,0,"CREATE TABLE db28_external_source_registry (             source_id TEXT PRIMARY KEY,             source_name TEXT,             institution TEXT,             source_type TEXT,             official_url TEXT,             access_method TEXT,             relevance_class TEXT,             tier TEXT,             retrieval_status TEXT,             citation_or_license_note TEXT,             created_at_utc TEXT         )"
dwh03_workcopy,runs/QSB-DB/QSB_DB25_CONSOLIDATED_RESEARCH_SNAPSHOT/qsb_research_dwh_target_workcopy_dwh03.db,db28_external_source_registry,7,tier,TEXT,0,,0,"CREATE TABLE db28_external_source_registry (             source_id TEXT PRIMARY KEY,             source_name TEXT,             institution TEXT,             source_type TEXT,             official_url TEXT,             access_method TEXT,             relevance_class TEXT,             tier TEXT,             retrieval_status TEXT,             citation_or_license_note TEXT,             created_at_utc TEXT         )"
dwh03_workcopy,runs/QSB-DB/QSB_DB25_CONSOLIDATED_RESEARCH_SNAPSHOT/qsb_research_dwh_target_workcopy_dwh03.db,db28_external_source_registry,8,retrieval_status,TEXT,0,,0,"CREATE TABLE db28_external_source_registry (             source_id TEXT PRIMARY KEY,             source_name TEXT,             institution TEXT,             source_type TEXT,             official_url TEXT,             access_method TEXT,             relevance_class TEXT,             tier TEXT,             retrieval_status TEXT,             citation_or_license_note TEXT,             created_at_utc TEXT         )"
dwh03_workcopy,runs/QSB-DB/QSB_DB25_CONSOLIDATED_RESEARCH_SNAPSHOT/qsb_research_dwh_target_workcopy_dwh03.db,db28_external_source_registry,9,citation_or_license_note,TEXT,0,,0,"CREATE TABLE db28_external_source_registry (             source_id TEXT PRIMARY KEY,             source_name TEXT,             institution TEXT,             source_type TEXT,             official_url TEXT,             access_method TEXT,             relevance_class TEXT,             tier TEXT,             retrieval_status TEXT,             citation_or_license_note TEXT,             created_at_utc TEXT         )"
dwh03_workcopy,runs/QSB-DB/QSB_DB25_CONSOLIDATED_RESEARCH_SNAPSHOT/qsb_research_dwh_target_workcopy_dwh03.db,db28_external_source_registry,10,created_at_utc,TEXT,0,,0,"CREATE TABLE db28_external_source_registry (             source_id TEXT PRIMARY KEY,             source_name TEXT,             institution TEXT,             source_type TEXT,             official_url TEXT,             access_method TEXT,             relevance_class TEXT,             tier TEXT,             retrieval_status TEXT,             citation_or_license_note TEXT,             created_at_utc TEXT         )"
dwh03_workcopy,runs/QSB-DB/QSB_DB25_CONSOLIDATED_RESEARCH_SNAPSHOT/qsb_research_dwh_target_workcopy_dwh03.db,document_catalog,0,document_id,INTEGER,0,,1,"CREATE TABLE document_catalog (     document_id INTEGER PRIMARY KEY,     project_file_id INTEGER NOT NULL,     document_title TEXT,     document_type TEXT,     qsb_block_id TEXT,     upstream_block TEXT,     downstream_block TEXT,     status TEXT,     claim_boundary_level TEXT,     tracking_decision TEXT,     notes TEXT,     created_at TEXT NOT NULL DEFAULT CURRENT_TIMESTAMP,     updated_at TEXT,     FOREIGN KEY (project_file_id) REFERENCES project_file_catalog(project_file_id),     UNIQUE(proje"
dwh03_workcopy,runs/QSB-DB/QSB_DB25_CONSOLIDATED_RESEARCH_SNAPSHOT/qsb_research_dwh_target_workcopy_dwh03.db,document_catalog,1,project_file_id,INTEGER,1,,0,"CREATE TABLE document_catalog (     document_id INTEGER PRIMARY KEY,     project_file_id INTEGER NOT NULL,     document_title TEXT,     document_type TEXT,     qsb_block_id TEXT,     upstream_block TEXT,     downstream_block TEXT,     status TEXT,     claim_boundary_level TEXT,     tracking_decision TEXT,     notes TEXT,     created_at TEXT NOT NULL DEFAULT CURRENT_TIMESTAMP,     updated_at TEXT,     FOREIGN KEY (project_file_id) REFERENCES project_file_catalog(project_file_id),     UNIQUE(proje"
dwh03_workcopy,runs/QSB-DB/QSB_DB25_CONSOLIDATED_RESEARCH_SNAPSHOT/qsb_research_dwh_target_workcopy_dwh03.db,document_catalog,2,document_title,TEXT,0,,0,"CREATE TABLE document_catalog (     document_id INTEGER PRIMARY KEY,     project_file_id INTEGER NOT NULL,     document_title TEXT,     document_type TEXT,     qsb_block_id TEXT,     upstream_block TEXT,     downstream_block TEXT,     status TEXT,     claim_boundary_level TEXT,     tracking_decision TEXT,     notes TEXT,     created_at TEXT NOT NULL DEFAULT CURRENT_TIMESTAMP,     updated_at TEXT,     FOREIGN KEY (project_file_id) REFERENCES project_file_catalog(project_file_id),     UNIQUE(proje"
dwh03_workcopy,runs/QSB-DB/QSB_DB25_CONSOLIDATED_RESEARCH_SNAPSHOT/qsb_research_dwh_target_workcopy_dwh03.db,document_catalog,3,document_type,TEXT,0,,0,"CREATE TABLE document_catalog (     document_id INTEGER PRIMARY KEY,     project_file_id INTEGER NOT NULL,     document_title TEXT,     document_type TEXT,     qsb_block_id TEXT,     upstream_block TEXT,     downstream_block TEXT,     status TEXT,     claim_boundary_level TEXT,     tracking_decision TEXT,     notes TEXT,     created_at TEXT NOT NULL DEFAULT CURRENT_TIMESTAMP,     updated_at TEXT,     FOREIGN KEY (project_file_id) REFERENCES project_file_catalog(project_file_id),     UNIQUE(proje"
dwh03_workcopy,runs/QSB-DB/QSB_DB25_CONSOLIDATED_RESEARCH_SNAPSHOT/qsb_research_dwh_target_workcopy_dwh03.db,document_catalog,4,qsb_block_id,TEXT,0,,0,"CREATE TABLE document_catalog (     document_id INTEGER PRIMARY KEY,     project_file_id INTEGER NOT NULL,     document_title TEXT,     document_type TEXT,     qsb_block_id TEXT,     upstream_block TEXT,     downstream_block TEXT,     status TEXT,     claim_boundary_level TEXT,     tracking_decision TEXT,     notes TEXT,     created_at TEXT NOT NULL DEFAULT CURRENT_TIMESTAMP,     updated_at TEXT,     FOREIGN KEY (project_file_id) REFERENCES project_file_catalog(project_file_id),     UNIQUE(proje"
dwh03_workcopy,runs/QSB-DB/QSB_DB25_CONSOLIDATED_RESEARCH_SNAPSHOT/qsb_research_dwh_target_workcopy_dwh03.db,document_catalog,5,upstream_block,TEXT,0,,0,"CREATE TABLE document_catalog (     document_id INTEGER PRIMARY KEY,     project_file_id INTEGER NOT NULL,     document_title TEXT,     document_type TEXT,     qsb_block_id TEXT,     upstream_block TEXT,     downstream_block TEXT,     status TEXT,     claim_boundary_level TEXT,     tracking_decision TEXT,     notes TEXT,     created_at TEXT NOT NULL DEFAULT CURRENT_TIMESTAMP,     updated_at TEXT,     FOREIGN KEY (project_file_id) REFERENCES project_file_catalog(project_file_id),     UNIQUE(proje"
dwh03_workcopy,runs/QSB-DB/QSB_DB25_CONSOLIDATED_RESEARCH_SNAPSHOT/qsb_research_dwh_target_workcopy_dwh03.db,document_catalog,6,downstream_block,TEXT,0,,0,"CREATE TABLE document_catalog (     document_id INTEGER PRIMARY KEY,     project_file_id INTEGER NOT NULL,     document_title TEXT,     document_type TEXT,     qsb_block_id TEXT,     upstream_block TEXT,     downstream_block TEXT,     status TEXT,     claim_boundary_level TEXT,     tracking_decision TEXT,     notes TEXT,     created_at TEXT NOT NULL DEFAULT CURRENT_TIMESTAMP,     updated_at TEXT,     FOREIGN KEY (project_file_id) REFERENCES project_file_catalog(project_file_id),     UNIQUE(proje"
dwh03_workcopy,runs/QSB-DB/QSB_DB25_CONSOLIDATED_RESEARCH_SNAPSHOT/qsb_research_dwh_target_workcopy_dwh03.db,document_catalog,7,status,TEXT,0,,0,"CREATE TABLE document_catalog (     document_id INTEGER PRIMARY KEY,     project_file_id INTEGER NOT NULL,     document_title TEXT,     document_type TEXT,     qsb_block_id TEXT,     upstream_block TEXT,     downstream_block TEXT,     status TEXT,     claim_boundary_level TEXT,     tracking_decision TEXT,     notes TEXT,     created_at TEXT NOT NULL DEFAULT CURRENT_TIMESTAMP,     updated_at TEXT,     FOREIGN KEY (project_file_id) REFERENCES project_file_catalog(project_file_id),     UNIQUE(proje"
dwh03_workcopy,runs/QSB-DB/QSB_DB25_CONSOLIDATED_RESEARCH_SNAPSHOT/qsb_research_dwh_target_workcopy_dwh03.db,document_catalog,8,claim_boundary_level,TEXT,0,,0,"CREATE TABLE document_catalog (     document_id INTEGER PRIMARY KEY,     project_file_id INTEGER NOT NULL,     document_title TEXT,     document_type TEXT,     qsb_block_id TEXT,     upstream_block TEXT,     downstream_block TEXT,     status TEXT,     claim_boundary_level TEXT,     tracking_decision TEXT,     notes TEXT,     created_at TEXT NOT NULL DEFAULT CURRENT_TIMESTAMP,     updated_at TEXT,     FOREIGN KEY (project_file_id) REFERENCES project_file_catalog(project_file_id),     UNIQUE(proje"
dwh03_workcopy,runs/QSB-DB/QSB_DB25_CONSOLIDATED_RESEARCH_SNAPSHOT/qsb_research_dwh_target_workcopy_dwh03.db,document_catalog,9,tracking_decision,TEXT,0,,0,"CREATE TABLE document_catalog (     document_id INTEGER PRIMARY KEY,     project_file_id INTEGER NOT NULL,     document_title TEXT,     document_type TEXT,     qsb_block_id TEXT,     upstream_block TEXT,     downstream_block TEXT,     status TEXT,     claim_boundary_level TEXT,     tracking_decision TEXT,     notes TEXT,     created_at TEXT NOT NULL DEFAULT CURRENT_TIMESTAMP,     updated_at TEXT,     FOREIGN KEY (project_file_id) REFERENCES project_file_catalog(project_file_id),     UNIQUE(proje"
dwh03_workcopy,runs/QSB-DB/QSB_DB25_CONSOLIDATED_RESEARCH_SNAPSHOT/qsb_research_dwh_target_workcopy_dwh03.db,document_catalog,10,notes,TEXT,0,,0,"CREATE TABLE document_catalog (     document_id INTEGER PRIMARY KEY,     project_file_id INTEGER NOT NULL,     document_title TEXT,     document_type TEXT,     qsb_block_id TEXT,     upstream_block TEXT,     downstream_block TEXT,     status TEXT,     claim_boundary_level TEXT,     tracking_decision TEXT,     notes TEXT,     created_at TEXT NOT NULL DEFAULT CURRENT_TIMESTAMP,     updated_at TEXT,     FOREIGN KEY (project_file_id) REFERENCES project_file_catalog(project_file_id),     UNIQUE(proje"
dwh03_workcopy,runs/QSB-DB/QSB_DB25_CONSOLIDATED_RESEARCH_SNAPSHOT/qsb_research_dwh_target_workcopy_dwh03.db,document_catalog,11,created_at,TEXT,1,CURRENT_TIMESTAMP,0,"CREATE TABLE document_catalog (     document_id INTEGER PRIMARY KEY,     project_file_id INTEGER NOT NULL,     document_title TEXT,     document_type TEXT,     qsb_block_id TEXT,     upstream_block TEXT,     downstream_block TEXT,     status TEXT,     claim_boundary_level TEXT,     tracking_decision TEXT,     notes TEXT,     created_at TEXT NOT NULL DEFAULT CURRENT_TIMESTAMP,     updated_at TEXT,     FOREIGN KEY (project_file_id) REFERENCES project_file_catalog(project_file_id),     UNIQUE(proje"
dwh03_workcopy,runs/QSB-DB/QSB_DB25_CONSOLIDATED_RESEARCH_SNAPSHOT/qsb_research_dwh_target_workcopy_dwh03.db,document_catalog,12,updated_at,TEXT,0,,0,"CREATE TABLE document_catalog (     document_id INTEGER PRIMARY KEY,     project_file_id INTEGER NOT NULL,     document_title TEXT,     document_type TEXT,     qsb_block_id TEXT,     upstream_block TEXT,     downstream_block TEXT,     status TEXT,     claim_boundary_level TEXT,     tracking_decision TEXT,     notes TEXT,     created_at TEXT NOT NULL DEFAULT CURRENT_TIMESTAMP,     updated_at TEXT,     FOREIGN KEY (project_file_id) REFERENCES project_file_catalog(project_file_id),     UNIQUE(proje"
dwh03_workcopy,runs/QSB-DB/QSB_DB25_CONSOLIDATED_RESEARCH_SNAPSHOT/qsb_research_dwh_target_workcopy_dwh03.db,dwh11_external_source_retrieval_log,0,retrieval_id,TEXT,0,,1,"CREATE TABLE dwh11_external_source_retrieval_log (             retrieval_id TEXT PRIMARY KEY,             retrieval_timestamp_utc TEXT,             source_label TEXT,             source_url TEXT,             retrieval_mode TEXT NOT NULL,             retrieval_status TEXT NOT NULL,             term TEXT,             notes TEXT         )"
dwh03_workcopy,runs/QSB-DB/QSB_DB25_CONSOLIDATED_RESEARCH_SNAPSHOT/qsb_research_dwh_target_workcopy_dwh03.db,dwh11_external_source_retrieval_log,1,retrieval_timestamp_utc,TEXT,0,,0,"CREATE TABLE dwh11_external_source_retrieval_log (             retrieval_id TEXT PRIMARY KEY,             retrieval_timestamp_utc TEXT,             source_label TEXT,             source_url TEXT,             retrieval_mode TEXT NOT NULL,             retrieval_status TEXT NOT NULL,             term TEXT,             notes TEXT         )"
dwh03_workcopy,runs/QSB-DB/QSB_DB25_CONSOLIDATED_RESEARCH_SNAPSHOT/qsb_research_dwh_target_workcopy_dwh03.db,dwh11_external_source_retrieval_log,2,source_label,TEXT,0,,0,"CREATE TABLE dwh11_external_source_retrieval_log (             retrieval_id TEXT PRIMARY KEY,             retrieval_timestamp_utc TEXT,             source_label TEXT,             source_url TEXT,             retrieval_mode TEXT NOT NULL,             retrieval_status TEXT NOT NULL,             term TEXT,             notes TEXT         )"
dwh03_workcopy,runs/QSB-DB/QSB_DB25_CONSOLIDATED_RESEARCH_SNAPSHOT/qsb_research_dwh_target_workcopy_dwh03.db,dwh11_external_source_retrieval_log,3,source_url,TEXT,0,,0,"CREATE TABLE dwh11_external_source_retrieval_log (             retrieval_id TEXT PRIMARY KEY,             retrieval_timestamp_utc TEXT,             source_label TEXT,             source_url TEXT,             retrieval_mode TEXT NOT NULL,             retrieval_status TEXT NOT NULL,             term TEXT,             notes TEXT         )"
dwh03_workcopy,runs/QSB-DB/QSB_DB25_CONSOLIDATED_RESEARCH_SNAPSHOT/qsb_research_dwh_target_workcopy_dwh03.db,dwh11_external_source_retrieval_log,4,retrieval_mode,TEXT,1,,0,"CREATE TABLE dwh11_external_source_retrieval_log (             retrieval_id TEXT PRIMARY KEY,             retrieval_timestamp_utc TEXT,             source_label TEXT,             source_url TEXT,             retrieval_mode TEXT NOT NULL,             retrieval_status TEXT NOT NULL,             term TEXT,             notes TEXT         )"
dwh03_workcopy,runs/QSB-DB/QSB_DB25_CONSOLIDATED_RESEARCH_SNAPSHOT/qsb_research_dwh_target_workcopy_dwh03.db,dwh11_external_source_retrieval_log,5,retrieval_status,TEXT,1,,0,"CREATE TABLE dwh11_external_source_retrieval_log (             retrieval_id TEXT PRIMARY KEY,             retrieval_timestamp_utc TEXT,             source_label TEXT,             source_url TEXT,             retrieval_mode TEXT NOT NULL,             retrieval_status TEXT NOT NULL,             term TEXT,             notes TEXT         )"
dwh03_workcopy,runs/QSB-DB/QSB_DB25_CONSOLIDATED_RESEARCH_SNAPSHOT/qsb_research_dwh_target_workcopy_dwh03.db,dwh11_external_source_retrieval_log,6,term,TEXT,0,,0,"CREATE TABLE dwh11_external_source_retrieval_log (             retrieval_id TEXT PRIMARY KEY,             retrieval_timestamp_utc TEXT,             source_label TEXT,             source_url TEXT,             retrieval_mode TEXT NOT NULL,             retrieval_status TEXT NOT NULL,             term TEXT,             notes TEXT         )"
dwh03_workcopy,runs/QSB-DB/QSB_DB25_CONSOLIDATED_RESEARCH_SNAPSHOT/qsb_research_dwh_target_workcopy_dwh03.db,dwh11_external_source_retrieval_log,7,notes,TEXT,0,,0,"CREATE TABLE dwh11_external_source_retrieval_log (             retrieval_id TEXT PRIMARY KEY,             retrieval_timestamp_utc TEXT,             source_label TEXT,             source_url TEXT,             retrieval_mode TEXT NOT NULL,             retrieval_status TEXT NOT NULL,             term TEXT,             notes TEXT         )"
dwh03_workcopy,runs/QSB-DB/QSB_DB25_CONSOLIDATED_RESEARCH_SNAPSHOT/qsb_research_dwh_target_workcopy_dwh03.db,dwh12d_source_retrieval_log,0,retrieval_id,TEXT,0,,1,"CREATE TABLE dwh12d_source_retrieval_log (             retrieval_id TEXT PRIMARY KEY,             retrieval_timestamp_utc TEXT,             source_label TEXT,             source_url TEXT,             source_type TEXT,             retrieval_mode TEXT NOT NULL,             retrieval_status TEXT NOT NULL,             term TEXT,             notes TEXT         )"
dwh03_workcopy,runs/QSB-DB/QSB_DB25_CONSOLIDATED_RESEARCH_SNAPSHOT/qsb_research_dwh_target_workcopy_dwh03.db,dwh12d_source_retrieval_log,1,retrieval_timestamp_utc,TEXT,0,,0,"CREATE TABLE dwh12d_source_retrieval_log (             retrieval_id TEXT PRIMARY KEY,             retrieval_timestamp_utc TEXT,             source_label TEXT,             source_url TEXT,             source_type TEXT,             retrieval_mode TEXT NOT NULL,             retrieval_status TEXT NOT NULL,             term TEXT,             notes TEXT         )"
dwh03_workcopy,runs/QSB-DB/QSB_DB25_CONSOLIDATED_RESEARCH_SNAPSHOT/qsb_research_dwh_target_workcopy_dwh03.db,dwh12d_source_retrieval_log,2,source_label,TEXT,0,,0,"CREATE TABLE dwh12d_source_retrieval_log (             retrieval_id TEXT PRIMARY KEY,             retrieval_timestamp_utc TEXT,             source_label TEXT,             source_url TEXT,             source_type TEXT,             retrieval_mode TEXT NOT NULL,             retrieval_status TEXT NOT NULL,             term TEXT,             notes TEXT         )"
dwh03_workcopy,runs/QSB-DB/QSB_DB25_CONSOLIDATED_RESEARCH_SNAPSHOT/qsb_research_dwh_target_workcopy_dwh03.db,dwh12d_source_retrieval_log,3,source_url,TEXT,0,,0,"CREATE TABLE dwh12d_source_retrieval_log (             retrieval_id TEXT PRIMARY KEY,             retrieval_timestamp_utc TEXT,             source_label TEXT,             source_url TEXT,             source_type TEXT,             retrieval_mode TEXT NOT NULL,             retrieval_status TEXT NOT NULL,             term TEXT,             notes TEXT         )"
dwh03_workcopy,runs/QSB-DB/QSB_DB25_CONSOLIDATED_RESEARCH_SNAPSHOT/qsb_research_dwh_target_workcopy_dwh03.db,dwh12d_source_retrieval_log,4,source_type,TEXT,0,,0,"CREATE TABLE dwh12d_source_retrieval_log (             retrieval_id TEXT PRIMARY KEY,             retrieval_timestamp_utc TEXT,             source_label TEXT,             source_url TEXT,             source_type TEXT,             retrieval_mode TEXT NOT NULL,             retrieval_status TEXT NOT NULL,             term TEXT,             notes TEXT         )"
dwh03_workcopy,runs/QSB-DB/QSB_DB25_CONSOLIDATED_RESEARCH_SNAPSHOT/qsb_research_dwh_target_workcopy_dwh03.db,dwh12d_source_retrieval_log,5,retrieval_mode,TEXT,1,,0,"CREATE TABLE dwh12d_source_retrieval_log (             retrieval_id TEXT PRIMARY KEY,             retrieval_timestamp_utc TEXT,             source_label TEXT,             source_url TEXT,             source_type TEXT,             retrieval_mode TEXT NOT NULL,             retrieval_status TEXT NOT NULL,             term TEXT,             notes TEXT         )"
dwh03_workcopy,runs/QSB-DB/QSB_DB25_CONSOLIDATED_RESEARCH_SNAPSHOT/qsb_research_dwh_target_workcopy_dwh03.db,dwh12d_source_retrieval_log,6,retrieval_status,TEXT,1,,0,"CREATE TABLE dwh12d_source_retrieval_log (             retrieval_id TEXT PRIMARY KEY,             retrieval_timestamp_utc TEXT,             source_label TEXT,             source_url TEXT,             source_type TEXT,             retrieval_mode TEXT NOT NULL,             retrieval_status TEXT NOT NULL,             term TEXT,             notes TEXT         )"
dwh03_workcopy,runs/QSB-DB/QSB_DB25_CONSOLIDATED_RESEARCH_SNAPSHOT/qsb_research_dwh_target_workcopy_dwh03.db,dwh12d_source_retrieval_log,7,term,TEXT,0,,0,"CREATE TABLE dwh12d_source_retrieval_log (             retrieval_id TEXT PRIMARY KEY,             retrieval_timestamp_utc TEXT,             source_label TEXT,             source_url TEXT,             source_type TEXT,             retrieval_mode TEXT NOT NULL,             retrieval_status TEXT NOT NULL,             term TEXT,             notes TEXT         )"
dwh03_workcopy,runs/QSB-DB/QSB_DB25_CONSOLIDATED_RESEARCH_SNAPSHOT/qsb_research_dwh_target_workcopy_dwh03.db,dwh12d_source_retrieval_log,8,notes,TEXT,0,,0,"CREATE TABLE dwh12d_source_retrieval_log (             retrieval_id TEXT PRIMARY KEY,             retrieval_timestamp_utc TEXT,             source_label TEXT,             source_url TEXT,             source_type TEXT,             retrieval_mode TEXT NOT NULL,             retrieval_status TEXT NOT NULL,             term TEXT,             notes TEXT         )"
dwh03_workcopy,runs/QSB-DB/QSB_DB25_CONSOLIDATED_RESEARCH_SNAPSHOT/qsb_research_dwh_target_workcopy_dwh03.db,dwh13_manual_source_strategy,0,source_strategy_id,TEXT,0,,1,"CREATE TABLE dwh13_manual_source_strategy (             source_strategy_id TEXT PRIMARY KEY,             term TEXT NOT NULL,             preferred_source_category TEXT NOT NULL,             source_priority TEXT NOT NULL,             suggested_source_label TEXT,             suggested_search_phrase TEXT,             accept_criteria TEXT NOT NULL,             reject_criteria TEXT NOT NULL,             notes TEXT         )"
dwh03_workcopy,runs/QSB-DB/QSB_DB25_CONSOLIDATED_RESEARCH_SNAPSHOT/qsb_research_dwh_target_workcopy_dwh03.db,dwh13_manual_source_strategy,1,term,TEXT,1,,0,"CREATE TABLE dwh13_manual_source_strategy (             source_strategy_id TEXT PRIMARY KEY,             term TEXT NOT NULL,             preferred_source_category TEXT NOT NULL,             source_priority TEXT NOT NULL,             suggested_source_label TEXT,             suggested_search_phrase TEXT,             accept_criteria TEXT NOT NULL,             reject_criteria TEXT NOT NULL,             notes TEXT         )"
dwh03_workcopy,runs/QSB-DB/QSB_DB25_CONSOLIDATED_RESEARCH_SNAPSHOT/qsb_research_dwh_target_workcopy_dwh03.db,dwh13_manual_source_strategy,2,preferred_source_category,TEXT,1,,0,"CREATE TABLE dwh13_manual_source_strategy (             source_strategy_id TEXT PRIMARY KEY,             term TEXT NOT NULL,             preferred_source_category TEXT NOT NULL,             source_priority TEXT NOT NULL,             suggested_source_label TEXT,             suggested_search_phrase TEXT,             accept_criteria TEXT NOT NULL,             reject_criteria TEXT NOT NULL,             notes TEXT         )"
dwh03_workcopy,runs/QSB-DB/QSB_DB25_CONSOLIDATED_RESEARCH_SNAPSHOT/qsb_research_dwh_target_workcopy_dwh03.db,dwh13_manual_source_strategy,3,source_priority,TEXT,1,,0,"CREATE TABLE dwh13_manual_source_strategy (             source_strategy_id TEXT PRIMARY KEY,             term TEXT NOT NULL,             preferred_source_category TEXT NOT NULL,             source_priority TEXT NOT NULL,             suggested_source_label TEXT,             suggested_search_phrase TEXT,             accept_criteria TEXT NOT NULL,             reject_criteria TEXT NOT NULL,             notes TEXT         )"
dwh03_workcopy,runs/QSB-DB/QSB_DB25_CONSOLIDATED_RESEARCH_SNAPSHOT/qsb_research_dwh_target_workcopy_dwh03.db,dwh13_manual_source_strategy,4,suggested_source_label,TEXT,0,,0,"CREATE TABLE dwh13_manual_source_strategy (             source_strategy_id TEXT PRIMARY KEY,             term TEXT NOT NULL,             preferred_source_category TEXT NOT NULL,             source_priority TEXT NOT NULL,             suggested_source_label TEXT,             suggested_search_phrase TEXT,             accept_criteria TEXT NOT NULL,             reject_criteria TEXT NOT NULL,             notes TEXT         )"
dwh03_workcopy,runs/QSB-DB/QSB_DB25_CONSOLIDATED_RESEARCH_SNAPSHOT/qsb_research_dwh_target_workcopy_dwh03.db,dwh13_manual_source_strategy,5,suggested_search_phrase,TEXT,0,,0,"CREATE TABLE dwh13_manual_source_strategy (             source_strategy_id TEXT PRIMARY KEY,             term TEXT NOT NULL,             preferred_source_category TEXT NOT NULL,             source_priority TEXT NOT NULL,             suggested_source_label TEXT,             suggested_search_phrase TEXT,             accept_criteria TEXT NOT NULL,             reject_criteria TEXT NOT NULL,             notes TEXT         )"
dwh03_workcopy,runs/QSB-DB/QSB_DB25_CONSOLIDATED_RESEARCH_SNAPSHOT/qsb_research_dwh_target_workcopy_dwh03.db,dwh13_manual_source_strategy,6,accept_criteria,TEXT,1,,0,"CREATE TABLE dwh13_manual_source_strategy (             source_strategy_id TEXT PRIMARY KEY,             term TEXT NOT NULL,             preferred_source_category TEXT NOT NULL,             source_priority TEXT NOT NULL,             suggested_source_label TEXT,             suggested_search_phrase TEXT,             accept_criteria TEXT NOT NULL,             reject_criteria TEXT NOT NULL,             notes TEXT         )"
dwh03_workcopy,runs/QSB-DB/QSB_DB25_CONSOLIDATED_RESEARCH_SNAPSHOT/qsb_research_dwh_target_workcopy_dwh03.db,dwh13_manual_source_strategy,7,reject_criteria,TEXT,1,,0,"CREATE TABLE dwh13_manual_source_strategy (             source_strategy_id TEXT PRIMARY KEY,             term TEXT NOT NULL,             preferred_source_category TEXT NOT NULL,             source_priority TEXT NOT NULL,             suggested_source_label TEXT,             suggested_search_phrase TEXT,             accept_criteria TEXT NOT NULL,             reject_criteria TEXT NOT NULL,             notes TEXT         )"
dwh03_workcopy,runs/QSB-DB/QSB_DB25_CONSOLIDATED_RESEARCH_SNAPSHOT/qsb_research_dwh_target_workcopy_dwh03.db,dwh13_manual_source_strategy,8,notes,TEXT,0,,0,"CREATE TABLE dwh13_manual_source_strategy (             source_strategy_id TEXT PRIMARY KEY,             term TEXT NOT NULL,             preferred_source_category TEXT NOT NULL,             source_priority TEXT NOT NULL,             suggested_source_label TEXT,             suggested_search_phrase TEXT,             accept_criteria TEXT NOT NULL,             reject_criteria TEXT NOT NULL,             notes TEXT         )"
dwh03_workcopy,runs/QSB-DB/QSB_DB25_CONSOLIDATED_RESEARCH_SNAPSHOT/qsb_research_dwh_target_workcopy_dwh03.db,dwh17a_compound_label_source_strategy,0,source_strategy_id,TEXT,0,,1,"CREATE TABLE dwh17a_compound_label_source_strategy (             source_strategy_id TEXT PRIMARY KEY,             compound_label TEXT NOT NULL,             preferred_source_category TEXT NOT NULL,             suggested_source_label TEXT,             suggested_search_phrase TEXT,             accept_criteria TEXT NOT NULL,             reject_criteria TEXT NOT NULL,             created_at_utc TEXT NOT NULL,             notes TEXT         )"
dwh03_workcopy,runs/QSB-DB/QSB_DB25_CONSOLIDATED_RESEARCH_SNAPSHOT/qsb_research_dwh_target_workcopy_dwh03.db,dwh17a_compound_label_source_strategy,1,compound_label,TEXT,1,,0,"CREATE TABLE dwh17a_compound_label_source_strategy (             source_strategy_id TEXT PRIMARY KEY,             compound_label TEXT NOT NULL,             preferred_source_category TEXT NOT NULL,             suggested_source_label TEXT,             suggested_search_phrase TEXT,             accept_criteria TEXT NOT NULL,             reject_criteria TEXT NOT NULL,             created_at_utc TEXT NOT NULL,             notes TEXT         )"
dwh03_workcopy,runs/QSB-DB/QSB_DB25_CONSOLIDATED_RESEARCH_SNAPSHOT/qsb_research_dwh_target_workcopy_dwh03.db,dwh17a_compound_label_source_strategy,2,preferred_source_category,TEXT,1,,0,"CREATE TABLE dwh17a_compound_label_source_strategy (             source_strategy_id TEXT PRIMARY KEY,             compound_label TEXT NOT NULL,             preferred_source_category TEXT NOT NULL,             suggested_source_label TEXT,             suggested_search_phrase TEXT,             accept_criteria TEXT NOT NULL,             reject_criteria TEXT NOT NULL,             created_at_utc TEXT NOT NULL,             notes TEXT         )"
dwh03_workcopy,runs/QSB-DB/QSB_DB25_CONSOLIDATED_RESEARCH_SNAPSHOT/qsb_research_dwh_target_workcopy_dwh03.db,dwh17a_compound_label_source_strategy,3,suggested_source_label,TEXT,0,,0,"CREATE TABLE dwh17a_compound_label_source_strategy (             source_strategy_id TEXT PRIMARY KEY,             compound_label TEXT NOT NULL,             preferred_source_category TEXT NOT NULL,             suggested_source_label TEXT,             suggested_search_phrase TEXT,             accept_criteria TEXT NOT NULL,             reject_criteria TEXT NOT NULL,             created_at_utc TEXT NOT NULL,             notes TEXT         )"
dwh03_workcopy,runs/QSB-DB/QSB_DB25_CONSOLIDATED_RESEARCH_SNAPSHOT/qsb_research_dwh_target_workcopy_dwh03.db,dwh17a_compound_label_source_strategy,4,suggested_search_phrase,TEXT,0,,0,"CREATE TABLE dwh17a_compound_label_source_strategy (             source_strategy_id TEXT PRIMARY KEY,             compound_label TEXT NOT NULL,             preferred_source_category TEXT NOT NULL,             suggested_source_label TEXT,             suggested_search_phrase TEXT,             accept_criteria TEXT NOT NULL,             reject_criteria TEXT NOT NULL,             created_at_utc TEXT NOT NULL,             notes TEXT         )"
dwh03_workcopy,runs/QSB-DB/QSB_DB25_CONSOLIDATED_RESEARCH_SNAPSHOT/qsb_research_dwh_target_workcopy_dwh03.db,dwh17a_compound_label_source_strategy,5,accept_criteria,TEXT,1,,0,"CREATE TABLE dwh17a_compound_label_source_strategy (             source_strategy_id TEXT PRIMARY KEY,             compound_label TEXT NOT NULL,             preferred_source_category TEXT NOT NULL,             suggested_source_label TEXT,             suggested_search_phrase TEXT,             accept_criteria TEXT NOT NULL,             reject_criteria TEXT NOT NULL,             created_at_utc TEXT NOT NULL,             notes TEXT         )"
dwh03_workcopy,runs/QSB-DB/QSB_DB25_CONSOLIDATED_RESEARCH_SNAPSHOT/qsb_research_dwh_target_workcopy_dwh03.db,dwh17a_compound_label_source_strategy,6,reject_criteria,TEXT,1,,0,"CREATE TABLE dwh17a_compound_label_source_strategy (             source_strategy_id TEXT PRIMARY KEY,             compound_label TEXT NOT NULL,             preferred_source_category TEXT NOT NULL,             suggested_source_label TEXT,             suggested_search_phrase TEXT,             accept_criteria TEXT NOT NULL,             reject_criteria TEXT NOT NULL,             created_at_utc TEXT NOT NULL,             notes TEXT         )"
dwh03_workcopy,runs/QSB-DB/QSB_DB25_CONSOLIDATED_RESEARCH_SNAPSHOT/qsb_research_dwh_target_workcopy_dwh03.db,dwh17a_compound_label_source_strategy,7,created_at_utc,TEXT,1,,0,"CREATE TABLE dwh17a_compound_label_source_strategy (             source_strategy_id TEXT PRIMARY KEY,             compound_label TEXT NOT NULL,             preferred_source_category TEXT NOT NULL,             suggested_source_label TEXT,             suggested_search_phrase TEXT,             accept_criteria TEXT NOT NULL,             reject_criteria TEXT NOT NULL,             created_at_utc TEXT NOT NULL,             notes TEXT         )"
dwh03_workcopy,runs/QSB-DB/QSB_DB25_CONSOLIDATED_RESEARCH_SNAPSHOT/qsb_research_dwh_target_workcopy_dwh03.db,dwh17a_compound_label_source_strategy,8,notes,TEXT,0,,0,"CREATE TABLE dwh17a_compound_label_source_strategy (             source_strategy_id TEXT PRIMARY KEY,             compound_label TEXT NOT NULL,             preferred_source_category TEXT NOT NULL,             suggested_source_label TEXT,             suggested_search_phrase TEXT,             accept_criteria TEXT NOT NULL,             reject_criteria TEXT NOT NULL,             created_at_utc TEXT NOT NULL,             notes TEXT         )"
dwh03_workcopy,runs/QSB-DB/QSB_DB25_CONSOLIDATED_RESEARCH_SNAPSHOT/qsb_research_dwh_target_workcopy_dwh03.db,raw_data_source,0,raw_data_source_id,INTEGER,0,,1,"CREATE TABLE raw_data_source (     raw_data_source_id INTEGER PRIMARY KEY,     source_name TEXT NOT NULL,     source_type TEXT NOT NULL,     provider_or_project TEXT,     source_url_or_path TEXT,     source_release TEXT,     source_version TEXT,     source_access_date TEXT,     source_download_status TEXT NOT NULL DEFAULT 'not_downloaded',     source_reachability_status TEXT NOT NULL DEFAULT 'unresolved',     source_corruption_status TEXT NOT NULL DEFAULT 'not_checked',     checksum_status TEXT "
dwh03_workcopy,runs/QSB-DB/QSB_DB25_CONSOLIDATED_RESEARCH_SNAPSHOT/qsb_research_dwh_target_workcopy_dwh03.db,raw_data_source,1,source_name,TEXT,1,,0,"CREATE TABLE raw_data_source (     raw_data_source_id INTEGER PRIMARY KEY,     source_name TEXT NOT NULL,     source_type TEXT NOT NULL,     provider_or_project TEXT,     source_url_or_path TEXT,     source_release TEXT,     source_version TEXT,     source_access_date TEXT,     source_download_status TEXT NOT NULL DEFAULT 'not_downloaded',     source_reachability_status TEXT NOT NULL DEFAULT 'unresolved',     source_corruption_status TEXT NOT NULL DEFAULT 'not_checked',     checksum_status TEXT "
dwh03_workcopy,runs/QSB-DB/QSB_DB25_CONSOLIDATED_RESEARCH_SNAPSHOT/qsb_research_dwh_target_workcopy_dwh03.db,raw_data_source,2,source_type,TEXT,1,,0,"CREATE TABLE raw_data_source (     raw_data_source_id INTEGER PRIMARY KEY,     source_name TEXT NOT NULL,     source_type TEXT NOT NULL,     provider_or_project TEXT,     source_url_or_path TEXT,     source_release TEXT,     source_version TEXT,     source_access_date TEXT,     source_download_status TEXT NOT NULL DEFAULT 'not_downloaded',     source_reachability_status TEXT NOT NULL DEFAULT 'unresolved',     source_corruption_status TEXT NOT NULL DEFAULT 'not_checked',     checksum_status TEXT "
dwh03_workcopy,runs/QSB-DB/QSB_DB25_CONSOLIDATED_RESEARCH_SNAPSHOT/qsb_research_dwh_target_workcopy_dwh03.db,raw_data_source,3,provider_or_project,TEXT,0,,0,"CREATE TABLE raw_data_source (     raw_data_source_id INTEGER PRIMARY KEY,     source_name TEXT NOT NULL,     source_type TEXT NOT NULL,     provider_or_project TEXT,     source_url_or_path TEXT,     source_release TEXT,     source_version TEXT,     source_access_date TEXT,     source_download_status TEXT NOT NULL DEFAULT 'not_downloaded',     source_reachability_status TEXT NOT NULL DEFAULT 'unresolved',     source_corruption_status TEXT NOT NULL DEFAULT 'not_checked',     checksum_status TEXT "
dwh03_workcopy,runs/QSB-DB/QSB_DB25_CONSOLIDATED_RESEARCH_SNAPSHOT/qsb_research_dwh_target_workcopy_dwh03.db,raw_data_source,4,source_url_or_path,TEXT,0,,0,"CREATE TABLE raw_data_source (     raw_data_source_id INTEGER PRIMARY KEY,     source_name TEXT NOT NULL,     source_type TEXT NOT NULL,     provider_or_project TEXT,     source_url_or_path TEXT,     source_release TEXT,     source_version TEXT,     source_access_date TEXT,     source_download_status TEXT NOT NULL DEFAULT 'not_downloaded',     source_reachability_status TEXT NOT NULL DEFAULT 'unresolved',     source_corruption_status TEXT NOT NULL DEFAULT 'not_checked',     checksum_status TEXT "
dwh03_workcopy,runs/QSB-DB/QSB_DB25_CONSOLIDATED_RESEARCH_SNAPSHOT/qsb_research_dwh_target_workcopy_dwh03.db,raw_data_source,5,source_release,TEXT,0,,0,"CREATE TABLE raw_data_source (     raw_data_source_id INTEGER PRIMARY KEY,     source_name TEXT NOT NULL,     source_type TEXT NOT NULL,     provider_or_project TEXT,     source_url_or_path TEXT,     source_release TEXT,     source_version TEXT,     source_access_date TEXT,     source_download_status TEXT NOT NULL DEFAULT 'not_downloaded',     source_reachability_status TEXT NOT NULL DEFAULT 'unresolved',     source_corruption_status TEXT NOT NULL DEFAULT 'not_checked',     checksum_status TEXT "
dwh03_workcopy,runs/QSB-DB/QSB_DB25_CONSOLIDATED_RESEARCH_SNAPSHOT/qsb_research_dwh_target_workcopy_dwh03.db,raw_data_source,6,source_version,TEXT,0,,0,"CREATE TABLE raw_data_source (     raw_data_source_id INTEGER PRIMARY KEY,     source_name TEXT NOT NULL,     source_type TEXT NOT NULL,     provider_or_project TEXT,     source_url_or_path TEXT,     source_release TEXT,     source_version TEXT,     source_access_date TEXT,     source_download_status TEXT NOT NULL DEFAULT 'not_downloaded',     source_reachability_status TEXT NOT NULL DEFAULT 'unresolved',     source_corruption_status TEXT NOT NULL DEFAULT 'not_checked',     checksum_status TEXT "
dwh03_workcopy,runs/QSB-DB/QSB_DB25_CONSOLIDATED_RESEARCH_SNAPSHOT/qsb_research_dwh_target_workcopy_dwh03.db,raw_data_source,7,source_access_date,TEXT,0,,0,"CREATE TABLE raw_data_source (     raw_data_source_id INTEGER PRIMARY KEY,     source_name TEXT NOT NULL,     source_type TEXT NOT NULL,     provider_or_project TEXT,     source_url_or_path TEXT,     source_release TEXT,     source_version TEXT,     source_access_date TEXT,     source_download_status TEXT NOT NULL DEFAULT 'not_downloaded',     source_reachability_status TEXT NOT NULL DEFAULT 'unresolved',     source_corruption_status TEXT NOT NULL DEFAULT 'not_checked',     checksum_status TEXT "
dwh03_workcopy,runs/QSB-DB/QSB_DB25_CONSOLIDATED_RESEARCH_SNAPSHOT/qsb_research_dwh_target_workcopy_dwh03.db,raw_data_source,8,source_download_status,TEXT,1,'not_downloaded',0,"CREATE TABLE raw_data_source (     raw_data_source_id INTEGER PRIMARY KEY,     source_name TEXT NOT NULL,     source_type TEXT NOT NULL,     provider_or_project TEXT,     source_url_or_path TEXT,     source_release TEXT,     source_version TEXT,     source_access_date TEXT,     source_download_status TEXT NOT NULL DEFAULT 'not_downloaded',     source_reachability_status TEXT NOT NULL DEFAULT 'unresolved',     source_corruption_status TEXT NOT NULL DEFAULT 'not_checked',     checksum_status TEXT "
dwh03_workcopy,runs/QSB-DB/QSB_DB25_CONSOLIDATED_RESEARCH_SNAPSHOT/qsb_research_dwh_target_workcopy_dwh03.db,raw_data_source,9,source_reachability_status,TEXT,1,'unresolved',0,"CREATE TABLE raw_data_source (     raw_data_source_id INTEGER PRIMARY KEY,     source_name TEXT NOT NULL,     source_type TEXT NOT NULL,     provider_or_project TEXT,     source_url_or_path TEXT,     source_release TEXT,     source_version TEXT,     source_access_date TEXT,     source_download_status TEXT NOT NULL DEFAULT 'not_downloaded',     source_reachability_status TEXT NOT NULL DEFAULT 'unresolved',     source_corruption_status TEXT NOT NULL DEFAULT 'not_checked',     checksum_status TEXT "
dwh03_workcopy,runs/QSB-DB/QSB_DB25_CONSOLIDATED_RESEARCH_SNAPSHOT/qsb_research_dwh_target_workcopy_dwh03.db,raw_data_source,10,source_corruption_status,TEXT,1,'not_checked',0,"CREATE TABLE raw_data_source (     raw_data_source_id INTEGER PRIMARY KEY,     source_name TEXT NOT NULL,     source_type TEXT NOT NULL,     provider_or_project TEXT,     source_url_or_path TEXT,     source_release TEXT,     source_version TEXT,     source_access_date TEXT,     source_download_status TEXT NOT NULL DEFAULT 'not_downloaded',     source_reachability_status TEXT NOT NULL DEFAULT 'unresolved',     source_corruption_status TEXT NOT NULL DEFAULT 'not_checked',     checksum_status TEXT "
dwh03_workcopy,runs/QSB-DB/QSB_DB25_CONSOLIDATED_RESEARCH_SNAPSHOT/qsb_research_dwh_target_workcopy_dwh03.db,raw_data_source,11,checksum_status,TEXT,1,'not_checked',0,"CREATE TABLE raw_data_source (     raw_data_source_id INTEGER PRIMARY KEY,     source_name TEXT NOT NULL,     source_type TEXT NOT NULL,     provider_or_project TEXT,     source_url_or_path TEXT,     source_release TEXT,     source_version TEXT,     source_access_date TEXT,     source_download_status TEXT NOT NULL DEFAULT 'not_downloaded',     source_reachability_status TEXT NOT NULL DEFAULT 'unresolved',     source_corruption_status TEXT NOT NULL DEFAULT 'not_checked',     checksum_status TEXT "
dwh03_workcopy,runs/QSB-DB/QSB_DB25_CONSOLIDATED_RESEARCH_SNAPSHOT/qsb_research_dwh_target_workcopy_dwh03.db,raw_data_source,12,license_or_usage_note,TEXT,0,,0,"CREATE TABLE raw_data_source (     raw_data_source_id INTEGER PRIMARY KEY,     source_name TEXT NOT NULL,     source_type TEXT NOT NULL,     provider_or_project TEXT,     source_url_or_path TEXT,     source_release TEXT,     source_version TEXT,     source_access_date TEXT,     source_download_status TEXT NOT NULL DEFAULT 'not_downloaded',     source_reachability_status TEXT NOT NULL DEFAULT 'unresolved',     source_corruption_status TEXT NOT NULL DEFAULT 'not_checked',     checksum_status TEXT "
dwh03_workcopy,runs/QSB-DB/QSB_DB25_CONSOLIDATED_RESEARCH_SNAPSHOT/qsb_research_dwh_target_workcopy_dwh03.db,raw_data_source,13,provenance_confidence,TEXT,1,'unresolved',0,"CREATE TABLE raw_data_source (     raw_data_source_id INTEGER PRIMARY KEY,     source_name TEXT NOT NULL,     source_type TEXT NOT NULL,     provider_or_project TEXT,     source_url_or_path TEXT,     source_release TEXT,     source_version TEXT,     source_access_date TEXT,     source_download_status TEXT NOT NULL DEFAULT 'not_downloaded',     source_reachability_status TEXT NOT NULL DEFAULT 'unresolved',     source_corruption_status TEXT NOT NULL DEFAULT 'not_checked',     checksum_status TEXT "
dwh03_workcopy,runs/QSB-DB/QSB_DB25_CONSOLIDATED_RESEARCH_SNAPSHOT/qsb_research_dwh_target_workcopy_dwh03.db,raw_data_source,14,quarantine_status,TEXT,1,'not_quarantined',0,"CREATE TABLE raw_data_source (     raw_data_source_id INTEGER PRIMARY KEY,     source_name TEXT NOT NULL,     source_type TEXT NOT NULL,     provider_or_project TEXT,     source_url_or_path TEXT,     source_release TEXT,     source_version TEXT,     source_access_date TEXT,     source_download_status TEXT NOT NULL DEFAULT 'not_downloaded',     source_reachability_status TEXT NOT NULL DEFAULT 'unresolved',     source_corruption_status TEXT NOT NULL DEFAULT 'not_checked',     checksum_status TEXT "
dwh03_workcopy,runs/QSB-DB/QSB_DB25_CONSOLIDATED_RESEARCH_SNAPSHOT/qsb_research_dwh_target_workcopy_dwh03.db,raw_data_source,15,notes,TEXT,0,,0,"CREATE TABLE raw_data_source (     raw_data_source_id INTEGER PRIMARY KEY,     source_name TEXT NOT NULL,     source_type TEXT NOT NULL,     provider_or_project TEXT,     source_url_or_path TEXT,     source_release TEXT,     source_version TEXT,     source_access_date TEXT,     source_download_status TEXT NOT NULL DEFAULT 'not_downloaded',     source_reachability_status TEXT NOT NULL DEFAULT 'unresolved',     source_corruption_status TEXT NOT NULL DEFAULT 'not_checked',     checksum_status TEXT "
dwh03_workcopy,runs/QSB-DB/QSB_DB25_CONSOLIDATED_RESEARCH_SNAPSHOT/qsb_research_dwh_target_workcopy_dwh03.db,raw_data_source,16,created_at,TEXT,1,CURRENT_TIMESTAMP,0,"CREATE TABLE raw_data_source (     raw_data_source_id INTEGER PRIMARY KEY,     source_name TEXT NOT NULL,     source_type TEXT NOT NULL,     provider_or_project TEXT,     source_url_or_path TEXT,     source_release TEXT,     source_version TEXT,     source_access_date TEXT,     source_download_status TEXT NOT NULL DEFAULT 'not_downloaded',     source_reachability_status TEXT NOT NULL DEFAULT 'unresolved',     source_corruption_status TEXT NOT NULL DEFAULT 'not_checked',     checksum_status TEXT "
dwh03_workcopy,runs/QSB-DB/QSB_DB25_CONSOLIDATED_RESEARCH_SNAPSHOT/qsb_research_dwh_target_workcopy_dwh03.db,raw_data_source,17,updated_at,TEXT,0,,0,"CREATE TABLE raw_data_source (     raw_data_source_id INTEGER PRIMARY KEY,     source_name TEXT NOT NULL,     source_type TEXT NOT NULL,     provider_or_project TEXT,     source_url_or_path TEXT,     source_release TEXT,     source_version TEXT,     source_access_date TEXT,     source_download_status TEXT NOT NULL DEFAULT 'not_downloaded',     source_reachability_status TEXT NOT NULL DEFAULT 'unresolved',     source_corruption_status TEXT NOT NULL DEFAULT 'not_checked',     checksum_status TEXT "
dwh03_workcopy,runs/QSB-DB/QSB_DB25_CONSOLIDATED_RESEARCH_SNAPSHOT/qsb_research_dwh_target_workcopy_dwh03.db,raw_source_file,0,raw_source_file_id,TEXT,0,,1,"CREATE TABLE raw_source_file (     raw_source_file_id TEXT PRIMARY KEY,     source_registry_id TEXT REFERENCES core_source_registry(source_registry_id),     dataset_id TEXT REFERENCES core_dataset(dataset_id),     source_path TEXT,     source_filename TEXT NOT NULL,     source_format TEXT,     checksum_sha256 TEXT,     size_bytes INTEGER,     ingest_status TEXT NOT NULL,     created_at_utc TEXT NOT NULL )"
dwh03_workcopy,runs/QSB-DB/QSB_DB25_CONSOLIDATED_RESEARCH_SNAPSHOT/qsb_research_dwh_target_workcopy_dwh03.db,raw_source_file,1,source_registry_id,TEXT,0,,0,"CREATE TABLE raw_source_file (     raw_source_file_id TEXT PRIMARY KEY,     source_registry_id TEXT REFERENCES core_source_registry(source_registry_id),     dataset_id TEXT REFERENCES core_dataset(dataset_id),     source_path TEXT,     source_filename TEXT NOT NULL,     source_format TEXT,     checksum_sha256 TEXT,     size_bytes INTEGER,     ingest_status TEXT NOT NULL,     created_at_utc TEXT NOT NULL )"
dwh03_workcopy,runs/QSB-DB/QSB_DB25_CONSOLIDATED_RESEARCH_SNAPSHOT/qsb_research_dwh_target_workcopy_dwh03.db,raw_source_file,2,dataset_id,TEXT,0,,0,"CREATE TABLE raw_source_file (     raw_source_file_id TEXT PRIMARY KEY,     source_registry_id TEXT REFERENCES core_source_registry(source_registry_id),     dataset_id TEXT REFERENCES core_dataset(dataset_id),     source_path TEXT,     source_filename TEXT NOT NULL,     source_format TEXT,     checksum_sha256 TEXT,     size_bytes INTEGER,     ingest_status TEXT NOT NULL,     created_at_utc TEXT NOT NULL )"
dwh03_workcopy,runs/QSB-DB/QSB_DB25_CONSOLIDATED_RESEARCH_SNAPSHOT/qsb_research_dwh_target_workcopy_dwh03.db,raw_source_file,3,source_path,TEXT,0,,0,"CREATE TABLE raw_source_file (     raw_source_file_id TEXT PRIMARY KEY,     source_registry_id TEXT REFERENCES core_source_registry(source_registry_id),     dataset_id TEXT REFERENCES core_dataset(dataset_id),     source_path TEXT,     source_filename TEXT NOT NULL,     source_format TEXT,     checksum_sha256 TEXT,     size_bytes INTEGER,     ingest_status TEXT NOT NULL,     created_at_utc TEXT NOT NULL )"
dwh03_workcopy,runs/QSB-DB/QSB_DB25_CONSOLIDATED_RESEARCH_SNAPSHOT/qsb_research_dwh_target_workcopy_dwh03.db,raw_source_file,4,source_filename,TEXT,1,,0,"CREATE TABLE raw_source_file (     raw_source_file_id TEXT PRIMARY KEY,     source_registry_id TEXT REFERENCES core_source_registry(source_registry_id),     dataset_id TEXT REFERENCES core_dataset(dataset_id),     source_path TEXT,     source_filename TEXT NOT NULL,     source_format TEXT,     checksum_sha256 TEXT,     size_bytes INTEGER,     ingest_status TEXT NOT NULL,     created_at_utc TEXT NOT NULL )"
dwh03_workcopy,runs/QSB-DB/QSB_DB25_CONSOLIDATED_RESEARCH_SNAPSHOT/qsb_research_dwh_target_workcopy_dwh03.db,raw_source_file,5,source_format,TEXT,0,,0,"CREATE TABLE raw_source_file (     raw_source_file_id TEXT PRIMARY KEY,     source_registry_id TEXT REFERENCES core_source_registry(source_registry_id),     dataset_id TEXT REFERENCES core_dataset(dataset_id),     source_path TEXT,     source_filename TEXT NOT NULL,     source_format TEXT,     checksum_sha256 TEXT,     size_bytes INTEGER,     ingest_status TEXT NOT NULL,     created_at_utc TEXT NOT NULL )"
dwh03_workcopy,runs/QSB-DB/QSB_DB25_CONSOLIDATED_RESEARCH_SNAPSHOT/qsb_research_dwh_target_workcopy_dwh03.db,raw_source_file,6,checksum_sha256,TEXT,0,,0,"CREATE TABLE raw_source_file (     raw_source_file_id TEXT PRIMARY KEY,     source_registry_id TEXT REFERENCES core_source_registry(source_registry_id),     dataset_id TEXT REFERENCES core_dataset(dataset_id),     source_path TEXT,     source_filename TEXT NOT NULL,     source_format TEXT,     checksum_sha256 TEXT,     size_bytes INTEGER,     ingest_status TEXT NOT NULL,     created_at_utc TEXT NOT NULL )"
dwh03_workcopy,runs/QSB-DB/QSB_DB25_CONSOLIDATED_RESEARCH_SNAPSHOT/qsb_research_dwh_target_workcopy_dwh03.db,raw_source_file,7,size_bytes,INTEGER,0,,0,"CREATE TABLE raw_source_file (     raw_source_file_id TEXT PRIMARY KEY,     source_registry_id TEXT REFERENCES core_source_registry(source_registry_id),     dataset_id TEXT REFERENCES core_dataset(dataset_id),     source_path TEXT,     source_filename TEXT NOT NULL,     source_format TEXT,     checksum_sha256 TEXT,     size_bytes INTEGER,     ingest_status TEXT NOT NULL,     created_at_utc TEXT NOT NULL )"
dwh03_workcopy,runs/QSB-DB/QSB_DB25_CONSOLIDATED_RESEARCH_SNAPSHOT/qsb_research_dwh_target_workcopy_dwh03.db,raw_source_file,8,ingest_status,TEXT,1,,0,"CREATE TABLE raw_source_file (     raw_source_file_id TEXT PRIMARY KEY,     source_registry_id TEXT REFERENCES core_source_registry(source_registry_id),     dataset_id TEXT REFERENCES core_dataset(dataset_id),     source_path TEXT,     source_filename TEXT NOT NULL,     source_format TEXT,     checksum_sha256 TEXT,     size_bytes INTEGER,     ingest_status TEXT NOT NULL,     created_at_utc TEXT NOT NULL )"
dwh03_workcopy,runs/QSB-DB/QSB_DB25_CONSOLIDATED_RESEARCH_SNAPSHOT/qsb_research_dwh_target_workcopy_dwh03.db,raw_source_file,9,created_at_utc,TEXT,1,,0,"CREATE TABLE raw_source_file (     raw_source_file_id TEXT PRIMARY KEY,     source_registry_id TEXT REFERENCES core_source_registry(source_registry_id),     dataset_id TEXT REFERENCES core_dataset(dataset_id),     source_path TEXT,     source_filename TEXT NOT NULL,     source_format TEXT,     checksum_sha256 TEXT,     size_bytes INTEGER,     ingest_status TEXT NOT NULL,     created_at_utc TEXT NOT NULL )"
meta02_catalog,runs/QSB-META02/metadata_catalog_update/qsb_metadata_catalog_meta02.sqlite,meta_alias,0,alias_id,TEXT,0,,1,"CREATE TABLE meta_alias (     alias_id TEXT PRIMARY KEY,     canonical_object_type TEXT NOT NULL,     canonical_object_id TEXT NOT NULL,     language_code TEXT NOT NULL,     alias_text TEXT NOT NULL,     presentation_scope TEXT NOT NULL,     CHECK (language_code <> ''),     UNIQUE (canonical_object_type, canonical_object_id, language_code, presentation_scope) )"
meta02_catalog,runs/QSB-META02/metadata_catalog_update/qsb_metadata_catalog_meta02.sqlite,meta_alias,1,canonical_object_type,TEXT,1,,0,"CREATE TABLE meta_alias (     alias_id TEXT PRIMARY KEY,     canonical_object_type TEXT NOT NULL,     canonical_object_id TEXT NOT NULL,     language_code TEXT NOT NULL,     alias_text TEXT NOT NULL,     presentation_scope TEXT NOT NULL,     CHECK (language_code <> ''),     UNIQUE (canonical_object_type, canonical_object_id, language_code, presentation_scope) )"
meta02_catalog,runs/QSB-META02/metadata_catalog_update/qsb_metadata_catalog_meta02.sqlite,meta_alias,2,canonical_object_id,TEXT,1,,0,"CREATE TABLE meta_alias (     alias_id TEXT PRIMARY KEY,     canonical_object_type TEXT NOT NULL,     canonical_object_id TEXT NOT NULL,     language_code TEXT NOT NULL,     alias_text TEXT NOT NULL,     presentation_scope TEXT NOT NULL,     CHECK (language_code <> ''),     UNIQUE (canonical_object_type, canonical_object_id, language_code, presentation_scope) )"
meta02_catalog,runs/QSB-META02/metadata_catalog_update/qsb_metadata_catalog_meta02.sqlite,meta_alias,3,language_code,TEXT,1,,0,"CREATE TABLE meta_alias (     alias_id TEXT PRIMARY KEY,     canonical_object_type TEXT NOT NULL,     canonical_object_id TEXT NOT NULL,     language_code TEXT NOT NULL,     alias_text TEXT NOT NULL,     presentation_scope TEXT NOT NULL,     CHECK (language_code <> ''),     UNIQUE (canonical_object_type, canonical_object_id, language_code, presentation_scope) )"
meta02_catalog,runs/QSB-META02/metadata_catalog_update/qsb_metadata_catalog_meta02.sqlite,meta_alias,4,alias_text,TEXT,1,,0,"CREATE TABLE meta_alias (     alias_id TEXT PRIMARY KEY,     canonical_object_type TEXT NOT NULL,     canonical_object_id TEXT NOT NULL,     language_code TEXT NOT NULL,     alias_text TEXT NOT NULL,     presentation_scope TEXT NOT NULL,     CHECK (language_code <> ''),     UNIQUE (canonical_object_type, canonical_object_id, language_code, presentation_scope) )"
meta02_catalog,runs/QSB-META02/metadata_catalog_update/qsb_metadata_catalog_meta02.sqlite,meta_alias,5,presentation_scope,TEXT,1,,0,"CREATE TABLE meta_alias (     alias_id TEXT PRIMARY KEY,     canonical_object_type TEXT NOT NULL,     canonical_object_id TEXT NOT NULL,     language_code TEXT NOT NULL,     alias_text TEXT NOT NULL,     presentation_scope TEXT NOT NULL,     CHECK (language_code <> ''),     UNIQUE (canonical_object_type, canonical_object_id, language_code, presentation_scope) )"
meta02_catalog,runs/QSB-META02/metadata_catalog_update/qsb_metadata_catalog_meta02.sqlite,meta_claim,0,claim_id,TEXT,0,,1,"CREATE TABLE meta_claim (     claim_id TEXT PRIMARY KEY,     mart_id TEXT NOT NULL REFERENCES meta_mart(mart_id),     claim_text TEXT NOT NULL,     claim_scope TEXT NOT NULL,     claim_status TEXT NOT NULL CHECK (claim_status IN ('draft', 'bounded', 'rejected', 'requires_human_review', 'draft_without_evidence')),     boundary_statement TEXT NOT NULL )"
meta02_catalog,runs/QSB-META02/metadata_catalog_update/qsb_metadata_catalog_meta02.sqlite,meta_claim,1,mart_id,TEXT,1,,0,"CREATE TABLE meta_claim (     claim_id TEXT PRIMARY KEY,     mart_id TEXT NOT NULL REFERENCES meta_mart(mart_id),     claim_text TEXT NOT NULL,     claim_scope TEXT NOT NULL,     claim_status TEXT NOT NULL CHECK (claim_status IN ('draft', 'bounded', 'rejected', 'requires_human_review', 'draft_without_evidence')),     boundary_statement TEXT NOT NULL )"
meta02_catalog,runs/QSB-META02/metadata_catalog_update/qsb_metadata_catalog_meta02.sqlite,meta_claim,2,claim_text,TEXT,1,,0,"CREATE TABLE meta_claim (     claim_id TEXT PRIMARY KEY,     mart_id TEXT NOT NULL REFERENCES meta_mart(mart_id),     claim_text TEXT NOT NULL,     claim_scope TEXT NOT NULL,     claim_status TEXT NOT NULL CHECK (claim_status IN ('draft', 'bounded', 'rejected', 'requires_human_review', 'draft_without_evidence')),     boundary_statement TEXT NOT NULL )"
meta02_catalog,runs/QSB-META02/metadata_catalog_update/qsb_metadata_catalog_meta02.sqlite,meta_claim,3,claim_scope,TEXT,1,,0,"CREATE TABLE meta_claim (     claim_id TEXT PRIMARY KEY,     mart_id TEXT NOT NULL REFERENCES meta_mart(mart_id),     claim_text TEXT NOT NULL,     claim_scope TEXT NOT NULL,     claim_status TEXT NOT NULL CHECK (claim_status IN ('draft', 'bounded', 'rejected', 'requires_human_review', 'draft_without_evidence')),     boundary_statement TEXT NOT NULL )"
meta02_catalog,runs/QSB-META02/metadata_catalog_update/qsb_metadata_catalog_meta02.sqlite,meta_claim,4,claim_status,TEXT,1,,0,"CREATE TABLE meta_claim (     claim_id TEXT PRIMARY KEY,     mart_id TEXT NOT NULL REFERENCES meta_mart(mart_id),     claim_text TEXT NOT NULL,     claim_scope TEXT NOT NULL,     claim_status TEXT NOT NULL CHECK (claim_status IN ('draft', 'bounded', 'rejected', 'requires_human_review', 'draft_without_evidence')),     boundary_statement TEXT NOT NULL )"
meta02_catalog,runs/QSB-META02/metadata_catalog_update/qsb_metadata_catalog_meta02.sqlite,meta_claim,5,boundary_statement,TEXT,1,,0,"CREATE TABLE meta_claim (     claim_id TEXT PRIMARY KEY,     mart_id TEXT NOT NULL REFERENCES meta_mart(mart_id),     claim_text TEXT NOT NULL,     claim_scope TEXT NOT NULL,     claim_status TEXT NOT NULL CHECK (claim_status IN ('draft', 'bounded', 'rejected', 'requires_human_review', 'draft_without_evidence')),     boundary_statement TEXT NOT NULL )"
meta02_catalog,runs/QSB-META02/metadata_catalog_update/qsb_metadata_catalog_meta02.sqlite,meta_claim_result_link,0,claim_result_link_id,TEXT,0,,1,"CREATE TABLE meta_claim_result_link (     claim_result_link_id TEXT PRIMARY KEY,     claim_id TEXT NOT NULL REFERENCES meta_claim(claim_id),     result_record_id TEXT NOT NULL REFERENCES meta_result_record(result_record_id),     relation_type TEXT NOT NULL CHECK (relation_type IN ('supports', 'contradicts', 'qualifies', 'limits', 'context_only')),     link_status TEXT NOT NULL )"
meta02_catalog,runs/QSB-META02/metadata_catalog_update/qsb_metadata_catalog_meta02.sqlite,meta_claim_result_link,1,claim_id,TEXT,1,,0,"CREATE TABLE meta_claim_result_link (     claim_result_link_id TEXT PRIMARY KEY,     claim_id TEXT NOT NULL REFERENCES meta_claim(claim_id),     result_record_id TEXT NOT NULL REFERENCES meta_result_record(result_record_id),     relation_type TEXT NOT NULL CHECK (relation_type IN ('supports', 'contradicts', 'qualifies', 'limits', 'context_only')),     link_status TEXT NOT NULL )"
meta02_catalog,runs/QSB-META02/metadata_catalog_update/qsb_metadata_catalog_meta02.sqlite,meta_claim_result_link,2,result_record_id,TEXT,1,,0,"CREATE TABLE meta_claim_result_link (     claim_result_link_id TEXT PRIMARY KEY,     claim_id TEXT NOT NULL REFERENCES meta_claim(claim_id),     result_record_id TEXT NOT NULL REFERENCES meta_result_record(result_record_id),     relation_type TEXT NOT NULL CHECK (relation_type IN ('supports', 'contradicts', 'qualifies', 'limits', 'context_only')),     link_status TEXT NOT NULL )"
meta02_catalog,runs/QSB-META02/metadata_catalog_update/qsb_metadata_catalog_meta02.sqlite,meta_claim_result_link,3,relation_type,TEXT,1,,0,"CREATE TABLE meta_claim_result_link (     claim_result_link_id TEXT PRIMARY KEY,     claim_id TEXT NOT NULL REFERENCES meta_claim(claim_id),     result_record_id TEXT NOT NULL REFERENCES meta_result_record(result_record_id),     relation_type TEXT NOT NULL CHECK (relation_type IN ('supports', 'contradicts', 'qualifies', 'limits', 'context_only')),     link_status TEXT NOT NULL )"
meta02_catalog,runs/QSB-META02/metadata_catalog_update/qsb_metadata_catalog_meta02.sqlite,meta_claim_result_link,4,link_status,TEXT,1,,0,"CREATE TABLE meta_claim_result_link (     claim_result_link_id TEXT PRIMARY KEY,     claim_id TEXT NOT NULL REFERENCES meta_claim(claim_id),     result_record_id TEXT NOT NULL REFERENCES meta_result_record(result_record_id),     relation_type TEXT NOT NULL CHECK (relation_type IN ('supports', 'contradicts', 'qualifies', 'limits', 'context_only')),     link_status TEXT NOT NULL )"
meta02_catalog,runs/QSB-META02/metadata_catalog_update/qsb_metadata_catalog_meta02.sqlite,meta_etl_run,0,run_id,TEXT,0,,1,"CREATE TABLE meta_etl_run (     run_id TEXT PRIMARY KEY,     work_package_id TEXT NOT NULL REFERENCES meta_work_package(work_package_id),     runner_path TEXT NOT NULL,     run_status TEXT NOT NULL,     execution_identity_note TEXT NOT NULL )"
meta02_catalog,runs/QSB-META02/metadata_catalog_update/qsb_metadata_catalog_meta02.sqlite,meta_etl_run,1,work_package_id,TEXT,1,,0,"CREATE TABLE meta_etl_run (     run_id TEXT PRIMARY KEY,     work_package_id TEXT NOT NULL REFERENCES meta_work_package(work_package_id),     runner_path TEXT NOT NULL,     run_status TEXT NOT NULL,     execution_identity_note TEXT NOT NULL )"
meta02_catalog,runs/QSB-META02/metadata_catalog_update/qsb_metadata_catalog_meta02.sqlite,meta_etl_run,2,runner_path,TEXT,1,,0,"CREATE TABLE meta_etl_run (     run_id TEXT PRIMARY KEY,     work_package_id TEXT NOT NULL REFERENCES meta_work_package(work_package_id),     runner_path TEXT NOT NULL,     run_status TEXT NOT NULL,     execution_identity_note TEXT NOT NULL )"
meta02_catalog,runs/QSB-META02/metadata_catalog_update/qsb_metadata_catalog_meta02.sqlite,meta_etl_run,3,run_status,TEXT,1,,0,"CREATE TABLE meta_etl_run (     run_id TEXT PRIMARY KEY,     work_package_id TEXT NOT NULL REFERENCES meta_work_package(work_package_id),     runner_path TEXT NOT NULL,     run_status TEXT NOT NULL,     execution_identity_note TEXT NOT NULL )"
meta02_catalog,runs/QSB-META02/metadata_catalog_update/qsb_metadata_catalog_meta02.sqlite,meta_etl_run,4,execution_identity_note,TEXT,1,,0,"CREATE TABLE meta_etl_run (     run_id TEXT PRIMARY KEY,     work_package_id TEXT NOT NULL REFERENCES meta_work_package(work_package_id),     runner_path TEXT NOT NULL,     run_status TEXT NOT NULL,     execution_identity_note TEXT NOT NULL )"
meta02_catalog,runs/QSB-META02/metadata_catalog_update/qsb_metadata_catalog_meta02.sqlite,meta_field,0,field_id,TEXT,0,,1,"CREATE TABLE meta_field (     field_id TEXT PRIMARY KEY,     object_id TEXT NOT NULL REFERENCES meta_object(object_id),     canonical_field_name TEXT NOT NULL,     data_type TEXT NOT NULL,     nullable INTEGER NOT NULL CHECK (nullable IN (0, 1)),     key_role TEXT NOT NULL,     derivation_class TEXT NOT NULL CHECK (derivation_class IN (         'direct_copy', 'renamed_copy', 'unit_conversion', 'normalized_value',         'derived_expression', 'constant_with_rule', 'lookup_mapping',         'aggr"
meta02_catalog,runs/QSB-META02/metadata_catalog_update/qsb_metadata_catalog_meta02.sqlite,meta_field,1,object_id,TEXT,1,,0,"CREATE TABLE meta_field (     field_id TEXT PRIMARY KEY,     object_id TEXT NOT NULL REFERENCES meta_object(object_id),     canonical_field_name TEXT NOT NULL,     data_type TEXT NOT NULL,     nullable INTEGER NOT NULL CHECK (nullable IN (0, 1)),     key_role TEXT NOT NULL,     derivation_class TEXT NOT NULL CHECK (derivation_class IN (         'direct_copy', 'renamed_copy', 'unit_conversion', 'normalized_value',         'derived_expression', 'constant_with_rule', 'lookup_mapping',         'aggr"
meta02_catalog,runs/QSB-META02/metadata_catalog_update/qsb_metadata_catalog_meta02.sqlite,meta_field,2,canonical_field_name,TEXT,1,,0,"CREATE TABLE meta_field (     field_id TEXT PRIMARY KEY,     object_id TEXT NOT NULL REFERENCES meta_object(object_id),     canonical_field_name TEXT NOT NULL,     data_type TEXT NOT NULL,     nullable INTEGER NOT NULL CHECK (nullable IN (0, 1)),     key_role TEXT NOT NULL,     derivation_class TEXT NOT NULL CHECK (derivation_class IN (         'direct_copy', 'renamed_copy', 'unit_conversion', 'normalized_value',         'derived_expression', 'constant_with_rule', 'lookup_mapping',         'aggr"
meta02_catalog,runs/QSB-META02/metadata_catalog_update/qsb_metadata_catalog_meta02.sqlite,meta_field,3,data_type,TEXT,1,,0,"CREATE TABLE meta_field (     field_id TEXT PRIMARY KEY,     object_id TEXT NOT NULL REFERENCES meta_object(object_id),     canonical_field_name TEXT NOT NULL,     data_type TEXT NOT NULL,     nullable INTEGER NOT NULL CHECK (nullable IN (0, 1)),     key_role TEXT NOT NULL,     derivation_class TEXT NOT NULL CHECK (derivation_class IN (         'direct_copy', 'renamed_copy', 'unit_conversion', 'normalized_value',         'derived_expression', 'constant_with_rule', 'lookup_mapping',         'aggr"
meta02_catalog,runs/QSB-META02/metadata_catalog_update/qsb_metadata_catalog_meta02.sqlite,meta_field,4,nullable,INTEGER,1,,0,"CREATE TABLE meta_field (     field_id TEXT PRIMARY KEY,     object_id TEXT NOT NULL REFERENCES meta_object(object_id),     canonical_field_name TEXT NOT NULL,     data_type TEXT NOT NULL,     nullable INTEGER NOT NULL CHECK (nullable IN (0, 1)),     key_role TEXT NOT NULL,     derivation_class TEXT NOT NULL CHECK (derivation_class IN (         'direct_copy', 'renamed_copy', 'unit_conversion', 'normalized_value',         'derived_expression', 'constant_with_rule', 'lookup_mapping',         'aggr"
meta02_catalog,runs/QSB-META02/metadata_catalog_update/qsb_metadata_catalog_meta02.sqlite,meta_field,5,key_role,TEXT,1,,0,"CREATE TABLE meta_field (     field_id TEXT PRIMARY KEY,     object_id TEXT NOT NULL REFERENCES meta_object(object_id),     canonical_field_name TEXT NOT NULL,     data_type TEXT NOT NULL,     nullable INTEGER NOT NULL CHECK (nullable IN (0, 1)),     key_role TEXT NOT NULL,     derivation_class TEXT NOT NULL CHECK (derivation_class IN (         'direct_copy', 'renamed_copy', 'unit_conversion', 'normalized_value',         'derived_expression', 'constant_with_rule', 'lookup_mapping',         'aggr"
meta02_catalog,runs/QSB-META02/metadata_catalog_update/qsb_metadata_catalog_meta02.sqlite,meta_field,6,derivation_class,TEXT,1,,0,"CREATE TABLE meta_field (     field_id TEXT PRIMARY KEY,     object_id TEXT NOT NULL REFERENCES meta_object(object_id),     canonical_field_name TEXT NOT NULL,     data_type TEXT NOT NULL,     nullable INTEGER NOT NULL CHECK (nullable IN (0, 1)),     key_role TEXT NOT NULL,     derivation_class TEXT NOT NULL CHECK (derivation_class IN (         'direct_copy', 'renamed_copy', 'unit_conversion', 'normalized_value',         'derived_expression', 'constant_with_rule', 'lookup_mapping',         'aggr"
meta02_catalog,runs/QSB-META02/metadata_catalog_update/qsb_metadata_catalog_meta02.sqlite,meta_field,7,dependency_status,TEXT,1,,0,"CREATE TABLE meta_field (     field_id TEXT PRIMARY KEY,     object_id TEXT NOT NULL REFERENCES meta_object(object_id),     canonical_field_name TEXT NOT NULL,     data_type TEXT NOT NULL,     nullable INTEGER NOT NULL CHECK (nullable IN (0, 1)),     key_role TEXT NOT NULL,     derivation_class TEXT NOT NULL CHECK (derivation_class IN (         'direct_copy', 'renamed_copy', 'unit_conversion', 'normalized_value',         'derived_expression', 'constant_with_rule', 'lookup_mapping',         'aggr"
meta02_catalog,runs/QSB-META02/metadata_catalog_update/qsb_metadata_catalog_meta02.sqlite,meta_field,8,source_object_ids,TEXT,0,,0,"CREATE TABLE meta_field (     field_id TEXT PRIMARY KEY,     object_id TEXT NOT NULL REFERENCES meta_object(object_id),     canonical_field_name TEXT NOT NULL,     data_type TEXT NOT NULL,     nullable INTEGER NOT NULL CHECK (nullable IN (0, 1)),     key_role TEXT NOT NULL,     derivation_class TEXT NOT NULL CHECK (derivation_class IN (         'direct_copy', 'renamed_copy', 'unit_conversion', 'normalized_value',         'derived_expression', 'constant_with_rule', 'lookup_mapping',         'aggr"
meta02_catalog,runs/QSB-META02/metadata_catalog_update/qsb_metadata_catalog_meta02.sqlite,meta_field,9,source_field_ids,TEXT,0,,0,"CREATE TABLE meta_field (     field_id TEXT PRIMARY KEY,     object_id TEXT NOT NULL REFERENCES meta_object(object_id),     canonical_field_name TEXT NOT NULL,     data_type TEXT NOT NULL,     nullable INTEGER NOT NULL CHECK (nullable IN (0, 1)),     key_role TEXT NOT NULL,     derivation_class TEXT NOT NULL CHECK (derivation_class IN (         'direct_copy', 'renamed_copy', 'unit_conversion', 'normalized_value',         'derived_expression', 'constant_with_rule', 'lookup_mapping',         'aggr"
meta02_catalog,runs/QSB-META02/metadata_catalog_update/qsb_metadata_catalog_meta02.sqlite,meta_field,10,transformation_rule_id,TEXT,0,,0,"CREATE TABLE meta_field (     field_id TEXT PRIMARY KEY,     object_id TEXT NOT NULL REFERENCES meta_object(object_id),     canonical_field_name TEXT NOT NULL,     data_type TEXT NOT NULL,     nullable INTEGER NOT NULL CHECK (nullable IN (0, 1)),     key_role TEXT NOT NULL,     derivation_class TEXT NOT NULL CHECK (derivation_class IN (         'direct_copy', 'renamed_copy', 'unit_conversion', 'normalized_value',         'derived_expression', 'constant_with_rule', 'lookup_mapping',         'aggr"
meta02_catalog,runs/QSB-META02/metadata_catalog_update/qsb_metadata_catalog_meta02.sqlite,meta_field,11,quantity_kind_id,TEXT,0,,0,"CREATE TABLE meta_field (     field_id TEXT PRIMARY KEY,     object_id TEXT NOT NULL REFERENCES meta_object(object_id),     canonical_field_name TEXT NOT NULL,     data_type TEXT NOT NULL,     nullable INTEGER NOT NULL CHECK (nullable IN (0, 1)),     key_role TEXT NOT NULL,     derivation_class TEXT NOT NULL CHECK (derivation_class IN (         'direct_copy', 'renamed_copy', 'unit_conversion', 'normalized_value',         'derived_expression', 'constant_with_rule', 'lookup_mapping',         'aggr"
meta02_catalog,runs/QSB-META02/metadata_catalog_update/qsb_metadata_catalog_meta02.sqlite,meta_field,12,unit_original_id,TEXT,0,,0,"CREATE TABLE meta_field (     field_id TEXT PRIMARY KEY,     object_id TEXT NOT NULL REFERENCES meta_object(object_id),     canonical_field_name TEXT NOT NULL,     data_type TEXT NOT NULL,     nullable INTEGER NOT NULL CHECK (nullable IN (0, 1)),     key_role TEXT NOT NULL,     derivation_class TEXT NOT NULL CHECK (derivation_class IN (         'direct_copy', 'renamed_copy', 'unit_conversion', 'normalized_value',         'derived_expression', 'constant_with_rule', 'lookup_mapping',         'aggr"
meta02_catalog,runs/QSB-META02/metadata_catalog_update/qsb_metadata_catalog_meta02.sqlite,meta_field,13,unit_calculation_id,TEXT,0,,0,"CREATE TABLE meta_field (     field_id TEXT PRIMARY KEY,     object_id TEXT NOT NULL REFERENCES meta_object(object_id),     canonical_field_name TEXT NOT NULL,     data_type TEXT NOT NULL,     nullable INTEGER NOT NULL CHECK (nullable IN (0, 1)),     key_role TEXT NOT NULL,     derivation_class TEXT NOT NULL CHECK (derivation_class IN (         'direct_copy', 'renamed_copy', 'unit_conversion', 'normalized_value',         'derived_expression', 'constant_with_rule', 'lookup_mapping',         'aggr"
meta02_catalog,runs/QSB-META02/metadata_catalog_update/qsb_metadata_catalog_meta02.sqlite,meta_field,14,unit_display_id,TEXT,0,,0,"CREATE TABLE meta_field (     field_id TEXT PRIMARY KEY,     object_id TEXT NOT NULL REFERENCES meta_object(object_id),     canonical_field_name TEXT NOT NULL,     data_type TEXT NOT NULL,     nullable INTEGER NOT NULL CHECK (nullable IN (0, 1)),     key_role TEXT NOT NULL,     derivation_class TEXT NOT NULL CHECK (derivation_class IN (         'direct_copy', 'renamed_copy', 'unit_conversion', 'normalized_value',         'derived_expression', 'constant_with_rule', 'lookup_mapping',         'aggr"
meta02_catalog,runs/QSB-META02/metadata_catalog_update/qsb_metadata_catalog_meta02.sqlite,meta_field,15,dimension_vector,TEXT,0,,0,"CREATE TABLE meta_field (     field_id TEXT PRIMARY KEY,     object_id TEXT NOT NULL REFERENCES meta_object(object_id),     canonical_field_name TEXT NOT NULL,     data_type TEXT NOT NULL,     nullable INTEGER NOT NULL CHECK (nullable IN (0, 1)),     key_role TEXT NOT NULL,     derivation_class TEXT NOT NULL CHECK (derivation_class IN (         'direct_copy', 'renamed_copy', 'unit_conversion', 'normalized_value',         'derived_expression', 'constant_with_rule', 'lookup_mapping',         'aggr"
meta02_catalog,runs/QSB-META02/metadata_catalog_update/qsb_metadata_catalog_meta02.sqlite,meta_field,16,unit_status,TEXT,1,,0,"CREATE TABLE meta_field (     field_id TEXT PRIMARY KEY,     object_id TEXT NOT NULL REFERENCES meta_object(object_id),     canonical_field_name TEXT NOT NULL,     data_type TEXT NOT NULL,     nullable INTEGER NOT NULL CHECK (nullable IN (0, 1)),     key_role TEXT NOT NULL,     derivation_class TEXT NOT NULL CHECK (derivation_class IN (         'direct_copy', 'renamed_copy', 'unit_conversion', 'normalized_value',         'derived_expression', 'constant_with_rule', 'lookup_mapping',         'aggr"
meta02_catalog,runs/QSB-META02/metadata_catalog_update/qsb_metadata_catalog_meta02.sqlite,meta_field,17,dimension_status,TEXT,1,,0,"CREATE TABLE meta_field (     field_id TEXT PRIMARY KEY,     object_id TEXT NOT NULL REFERENCES meta_object(object_id),     canonical_field_name TEXT NOT NULL,     data_type TEXT NOT NULL,     nullable INTEGER NOT NULL CHECK (nullable IN (0, 1)),     key_role TEXT NOT NULL,     derivation_class TEXT NOT NULL CHECK (derivation_class IN (         'direct_copy', 'renamed_copy', 'unit_conversion', 'normalized_value',         'derived_expression', 'constant_with_rule', 'lookup_mapping',         'aggr"
meta02_catalog,runs/QSB-META02/metadata_catalog_update/qsb_metadata_catalog_meta02.sqlite,meta_key,0,key_id,TEXT,0,,1,"CREATE TABLE meta_key (     key_id TEXT PRIMARY KEY,     object_id TEXT NOT NULL REFERENCES meta_object(object_id),     key_name TEXT NOT NULL,     key_type TEXT NOT NULL CHECK (key_type IN ('primary', 'foreign', 'unique', 'natural', 'surrogate')),     field_order TEXT NOT NULL,     referenced_object_id TEXT REFERENCES meta_object(object_id),     identity_scope TEXT NOT NULL,     CHECK (key_type <> 'foreign' OR referenced_object_id IS NOT NULL) )"
meta02_catalog,runs/QSB-META02/metadata_catalog_update/qsb_metadata_catalog_meta02.sqlite,meta_key,1,object_id,TEXT,1,,0,"CREATE TABLE meta_key (     key_id TEXT PRIMARY KEY,     object_id TEXT NOT NULL REFERENCES meta_object(object_id),     key_name TEXT NOT NULL,     key_type TEXT NOT NULL CHECK (key_type IN ('primary', 'foreign', 'unique', 'natural', 'surrogate')),     field_order TEXT NOT NULL,     referenced_object_id TEXT REFERENCES meta_object(object_id),     identity_scope TEXT NOT NULL,     CHECK (key_type <> 'foreign' OR referenced_object_id IS NOT NULL) )"
meta02_catalog,runs/QSB-META02/metadata_catalog_update/qsb_metadata_catalog_meta02.sqlite,meta_key,2,key_name,TEXT,1,,0,"CREATE TABLE meta_key (     key_id TEXT PRIMARY KEY,     object_id TEXT NOT NULL REFERENCES meta_object(object_id),     key_name TEXT NOT NULL,     key_type TEXT NOT NULL CHECK (key_type IN ('primary', 'foreign', 'unique', 'natural', 'surrogate')),     field_order TEXT NOT NULL,     referenced_object_id TEXT REFERENCES meta_object(object_id),     identity_scope TEXT NOT NULL,     CHECK (key_type <> 'foreign' OR referenced_object_id IS NOT NULL) )"
meta02_catalog,runs/QSB-META02/metadata_catalog_update/qsb_metadata_catalog_meta02.sqlite,meta_key,3,key_type,TEXT,1,,0,"CREATE TABLE meta_key (     key_id TEXT PRIMARY KEY,     object_id TEXT NOT NULL REFERENCES meta_object(object_id),     key_name TEXT NOT NULL,     key_type TEXT NOT NULL CHECK (key_type IN ('primary', 'foreign', 'unique', 'natural', 'surrogate')),     field_order TEXT NOT NULL,     referenced_object_id TEXT REFERENCES meta_object(object_id),     identity_scope TEXT NOT NULL,     CHECK (key_type <> 'foreign' OR referenced_object_id IS NOT NULL) )"
meta02_catalog,runs/QSB-META02/metadata_catalog_update/qsb_metadata_catalog_meta02.sqlite,meta_key,4,field_order,TEXT,1,,0,"CREATE TABLE meta_key (     key_id TEXT PRIMARY KEY,     object_id TEXT NOT NULL REFERENCES meta_object(object_id),     key_name TEXT NOT NULL,     key_type TEXT NOT NULL CHECK (key_type IN ('primary', 'foreign', 'unique', 'natural', 'surrogate')),     field_order TEXT NOT NULL,     referenced_object_id TEXT REFERENCES meta_object(object_id),     identity_scope TEXT NOT NULL,     CHECK (key_type <> 'foreign' OR referenced_object_id IS NOT NULL) )"
meta02_catalog,runs/QSB-META02/metadata_catalog_update/qsb_metadata_catalog_meta02.sqlite,meta_key,5,referenced_object_id,TEXT,0,,0,"CREATE TABLE meta_key (     key_id TEXT PRIMARY KEY,     object_id TEXT NOT NULL REFERENCES meta_object(object_id),     key_name TEXT NOT NULL,     key_type TEXT NOT NULL CHECK (key_type IN ('primary', 'foreign', 'unique', 'natural', 'surrogate')),     field_order TEXT NOT NULL,     referenced_object_id TEXT REFERENCES meta_object(object_id),     identity_scope TEXT NOT NULL,     CHECK (key_type <> 'foreign' OR referenced_object_id IS NOT NULL) )"
meta02_catalog,runs/QSB-META02/metadata_catalog_update/qsb_metadata_catalog_meta02.sqlite,meta_key,6,identity_scope,TEXT,1,,0,"CREATE TABLE meta_key (     key_id TEXT PRIMARY KEY,     object_id TEXT NOT NULL REFERENCES meta_object(object_id),     key_name TEXT NOT NULL,     key_type TEXT NOT NULL CHECK (key_type IN ('primary', 'foreign', 'unique', 'natural', 'surrogate')),     field_order TEXT NOT NULL,     referenced_object_id TEXT REFERENCES meta_object(object_id),     identity_scope TEXT NOT NULL,     CHECK (key_type <> 'foreign' OR referenced_object_id IS NOT NULL) )"
meta02_catalog,runs/QSB-META02/metadata_catalog_update/qsb_metadata_catalog_meta02.sqlite,meta_lineage,0,lineage_id,TEXT,0,,1,"CREATE TABLE meta_lineage (     lineage_id TEXT PRIMARY KEY,     mart_id TEXT NOT NULL REFERENCES meta_mart(mart_id),     source_object_id TEXT NOT NULL,     target_object_id TEXT NOT NULL REFERENCES meta_object(object_id),     source_field_id TEXT,     target_field_id TEXT REFERENCES meta_field(field_id),     run_id TEXT NOT NULL REFERENCES meta_etl_run(run_id),     transformation_rule_id TEXT REFERENCES meta_transformation_rule(transformation_rule_id),     lineage_scope TEXT NOT NULL CHECK (li"
meta02_catalog,runs/QSB-META02/metadata_catalog_update/qsb_metadata_catalog_meta02.sqlite,meta_lineage,1,mart_id,TEXT,1,,0,"CREATE TABLE meta_lineage (     lineage_id TEXT PRIMARY KEY,     mart_id TEXT NOT NULL REFERENCES meta_mart(mart_id),     source_object_id TEXT NOT NULL,     target_object_id TEXT NOT NULL REFERENCES meta_object(object_id),     source_field_id TEXT,     target_field_id TEXT REFERENCES meta_field(field_id),     run_id TEXT NOT NULL REFERENCES meta_etl_run(run_id),     transformation_rule_id TEXT REFERENCES meta_transformation_rule(transformation_rule_id),     lineage_scope TEXT NOT NULL CHECK (li"
meta02_catalog,runs/QSB-META02/metadata_catalog_update/qsb_metadata_catalog_meta02.sqlite,meta_lineage,2,source_object_id,TEXT,1,,0,"CREATE TABLE meta_lineage (     lineage_id TEXT PRIMARY KEY,     mart_id TEXT NOT NULL REFERENCES meta_mart(mart_id),     source_object_id TEXT NOT NULL,     target_object_id TEXT NOT NULL REFERENCES meta_object(object_id),     source_field_id TEXT,     target_field_id TEXT REFERENCES meta_field(field_id),     run_id TEXT NOT NULL REFERENCES meta_etl_run(run_id),     transformation_rule_id TEXT REFERENCES meta_transformation_rule(transformation_rule_id),     lineage_scope TEXT NOT NULL CHECK (li"
meta02_catalog,runs/QSB-META02/metadata_catalog_update/qsb_metadata_catalog_meta02.sqlite,meta_lineage,3,target_object_id,TEXT,1,,0,"CREATE TABLE meta_lineage (     lineage_id TEXT PRIMARY KEY,     mart_id TEXT NOT NULL REFERENCES meta_mart(mart_id),     source_object_id TEXT NOT NULL,     target_object_id TEXT NOT NULL REFERENCES meta_object(object_id),     source_field_id TEXT,     target_field_id TEXT REFERENCES meta_field(field_id),     run_id TEXT NOT NULL REFERENCES meta_etl_run(run_id),     transformation_rule_id TEXT REFERENCES meta_transformation_rule(transformation_rule_id),     lineage_scope TEXT NOT NULL CHECK (li"
meta02_catalog,runs/QSB-META02/metadata_catalog_update/qsb_metadata_catalog_meta02.sqlite,meta_lineage,4,source_field_id,TEXT,0,,0,"CREATE TABLE meta_lineage (     lineage_id TEXT PRIMARY KEY,     mart_id TEXT NOT NULL REFERENCES meta_mart(mart_id),     source_object_id TEXT NOT NULL,     target_object_id TEXT NOT NULL REFERENCES meta_object(object_id),     source_field_id TEXT,     target_field_id TEXT REFERENCES meta_field(field_id),     run_id TEXT NOT NULL REFERENCES meta_etl_run(run_id),     transformation_rule_id TEXT REFERENCES meta_transformation_rule(transformation_rule_id),     lineage_scope TEXT NOT NULL CHECK (li"
meta02_catalog,runs/QSB-META02/metadata_catalog_update/qsb_metadata_catalog_meta02.sqlite,meta_lineage,5,target_field_id,TEXT,0,,0,"CREATE TABLE meta_lineage (     lineage_id TEXT PRIMARY KEY,     mart_id TEXT NOT NULL REFERENCES meta_mart(mart_id),     source_object_id TEXT NOT NULL,     target_object_id TEXT NOT NULL REFERENCES meta_object(object_id),     source_field_id TEXT,     target_field_id TEXT REFERENCES meta_field(field_id),     run_id TEXT NOT NULL REFERENCES meta_etl_run(run_id),     transformation_rule_id TEXT REFERENCES meta_transformation_rule(transformation_rule_id),     lineage_scope TEXT NOT NULL CHECK (li"
meta02_catalog,runs/QSB-META02/metadata_catalog_update/qsb_metadata_catalog_meta02.sqlite,meta_lineage,6,run_id,TEXT,1,,0,"CREATE TABLE meta_lineage (     lineage_id TEXT PRIMARY KEY,     mart_id TEXT NOT NULL REFERENCES meta_mart(mart_id),     source_object_id TEXT NOT NULL,     target_object_id TEXT NOT NULL REFERENCES meta_object(object_id),     source_field_id TEXT,     target_field_id TEXT REFERENCES meta_field(field_id),     run_id TEXT NOT NULL REFERENCES meta_etl_run(run_id),     transformation_rule_id TEXT REFERENCES meta_transformation_rule(transformation_rule_id),     lineage_scope TEXT NOT NULL CHECK (li"
meta02_catalog,runs/QSB-META02/metadata_catalog_update/qsb_metadata_catalog_meta02.sqlite,meta_lineage,7,transformation_rule_id,TEXT,0,,0,"CREATE TABLE meta_lineage (     lineage_id TEXT PRIMARY KEY,     mart_id TEXT NOT NULL REFERENCES meta_mart(mart_id),     source_object_id TEXT NOT NULL,     target_object_id TEXT NOT NULL REFERENCES meta_object(object_id),     source_field_id TEXT,     target_field_id TEXT REFERENCES meta_field(field_id),     run_id TEXT NOT NULL REFERENCES meta_etl_run(run_id),     transformation_rule_id TEXT REFERENCES meta_transformation_rule(transformation_rule_id),     lineage_scope TEXT NOT NULL CHECK (li"
meta02_catalog,runs/QSB-META02/metadata_catalog_update/qsb_metadata_catalog_meta02.sqlite,meta_lineage,8,lineage_scope,TEXT,1,,0,"CREATE TABLE meta_lineage (     lineage_id TEXT PRIMARY KEY,     mart_id TEXT NOT NULL REFERENCES meta_mart(mart_id),     source_object_id TEXT NOT NULL,     target_object_id TEXT NOT NULL REFERENCES meta_object(object_id),     source_field_id TEXT,     target_field_id TEXT REFERENCES meta_field(field_id),     run_id TEXT NOT NULL REFERENCES meta_etl_run(run_id),     transformation_rule_id TEXT REFERENCES meta_transformation_rule(transformation_rule_id),     lineage_scope TEXT NOT NULL CHECK (li"
meta02_catalog,runs/QSB-META02/metadata_catalog_update/qsb_metadata_catalog_meta02.sqlite,meta_lineage,9,lineage_status,TEXT,1,,0,"CREATE TABLE meta_lineage (     lineage_id TEXT PRIMARY KEY,     mart_id TEXT NOT NULL REFERENCES meta_mart(mart_id),     source_object_id TEXT NOT NULL,     target_object_id TEXT NOT NULL REFERENCES meta_object(object_id),     source_field_id TEXT,     target_field_id TEXT REFERENCES meta_field(field_id),     run_id TEXT NOT NULL REFERENCES meta_etl_run(run_id),     transformation_rule_id TEXT REFERENCES meta_transformation_rule(transformation_rule_id),     lineage_scope TEXT NOT NULL CHECK (li"
meta02_catalog,runs/QSB-META02/metadata_catalog_update/qsb_metadata_catalog_meta02.sqlite,meta_mart,0,mart_id,TEXT,0,,1,"CREATE TABLE meta_mart (     mart_id TEXT PRIMARY KEY,     mart_code TEXT NOT NULL UNIQUE,     canonical_namespace TEXT NOT NULL UNIQUE CHECK (canonical_namespace = lower(canonical_namespace)),     mart_name TEXT NOT NULL,     scope_status TEXT NOT NULL,     schema_version TEXT NOT NULL )"
meta02_catalog,runs/QSB-META02/metadata_catalog_update/qsb_metadata_catalog_meta02.sqlite,meta_mart,1,mart_code,TEXT,1,,0,"CREATE TABLE meta_mart (     mart_id TEXT PRIMARY KEY,     mart_code TEXT NOT NULL UNIQUE,     canonical_namespace TEXT NOT NULL UNIQUE CHECK (canonical_namespace = lower(canonical_namespace)),     mart_name TEXT NOT NULL,     scope_status TEXT NOT NULL,     schema_version TEXT NOT NULL )"
meta02_catalog,runs/QSB-META02/metadata_catalog_update/qsb_metadata_catalog_meta02.sqlite,meta_mart,2,canonical_namespace,TEXT,1,,0,"CREATE TABLE meta_mart (     mart_id TEXT PRIMARY KEY,     mart_code TEXT NOT NULL UNIQUE,     canonical_namespace TEXT NOT NULL UNIQUE CHECK (canonical_namespace = lower(canonical_namespace)),     mart_name TEXT NOT NULL,     scope_status TEXT NOT NULL,     schema_version TEXT NOT NULL )"
meta02_catalog,runs/QSB-META02/metadata_catalog_update/qsb_metadata_catalog_meta02.sqlite,meta_mart,3,mart_name,TEXT,1,,0,"CREATE TABLE meta_mart (     mart_id TEXT PRIMARY KEY,     mart_code TEXT NOT NULL UNIQUE,     canonical_namespace TEXT NOT NULL UNIQUE CHECK (canonical_namespace = lower(canonical_namespace)),     mart_name TEXT NOT NULL,     scope_status TEXT NOT NULL,     schema_version TEXT NOT NULL )"
meta02_catalog,runs/QSB-META02/metadata_catalog_update/qsb_metadata_catalog_meta02.sqlite,meta_mart,4,scope_status,TEXT,1,,0,"CREATE TABLE meta_mart (     mart_id TEXT PRIMARY KEY,     mart_code TEXT NOT NULL UNIQUE,     canonical_namespace TEXT NOT NULL UNIQUE CHECK (canonical_namespace = lower(canonical_namespace)),     mart_name TEXT NOT NULL,     scope_status TEXT NOT NULL,     schema_version TEXT NOT NULL )"
meta02_catalog,runs/QSB-META02/metadata_catalog_update/qsb_metadata_catalog_meta02.sqlite,meta_mart,5,schema_version,TEXT,1,,0,"CREATE TABLE meta_mart (     mart_id TEXT PRIMARY KEY,     mart_code TEXT NOT NULL UNIQUE,     canonical_namespace TEXT NOT NULL UNIQUE CHECK (canonical_namespace = lower(canonical_namespace)),     mart_name TEXT NOT NULL,     scope_status TEXT NOT NULL,     schema_version TEXT NOT NULL )"
meta02_catalog,runs/QSB-META02/metadata_catalog_update/qsb_metadata_catalog_meta02.sqlite,meta_object,0,object_id,TEXT,0,,1,"CREATE TABLE meta_object (     object_id TEXT PRIMARY KEY,     mart_id TEXT NOT NULL REFERENCES meta_mart(mart_id),     work_package_id TEXT REFERENCES meta_work_package(work_package_id),     object_code TEXT NOT NULL,     object_type TEXT NOT NULL,     canonical_name TEXT NOT NULL,     repository_path TEXT,     status TEXT NOT NULL,     UNIQUE (mart_id, object_code) )"
meta02_catalog,runs/QSB-META02/metadata_catalog_update/qsb_metadata_catalog_meta02.sqlite,meta_object,1,mart_id,TEXT,1,,0,"CREATE TABLE meta_object (     object_id TEXT PRIMARY KEY,     mart_id TEXT NOT NULL REFERENCES meta_mart(mart_id),     work_package_id TEXT REFERENCES meta_work_package(work_package_id),     object_code TEXT NOT NULL,     object_type TEXT NOT NULL,     canonical_name TEXT NOT NULL,     repository_path TEXT,     status TEXT NOT NULL,     UNIQUE (mart_id, object_code) )"
meta02_catalog,runs/QSB-META02/metadata_catalog_update/qsb_metadata_catalog_meta02.sqlite,meta_object,2,work_package_id,TEXT,0,,0,"CREATE TABLE meta_object (     object_id TEXT PRIMARY KEY,     mart_id TEXT NOT NULL REFERENCES meta_mart(mart_id),     work_package_id TEXT REFERENCES meta_work_package(work_package_id),     object_code TEXT NOT NULL,     object_type TEXT NOT NULL,     canonical_name TEXT NOT NULL,     repository_path TEXT,     status TEXT NOT NULL,     UNIQUE (mart_id, object_code) )"
meta02_catalog,runs/QSB-META02/metadata_catalog_update/qsb_metadata_catalog_meta02.sqlite,meta_object,3,object_code,TEXT,1,,0,"CREATE TABLE meta_object (     object_id TEXT PRIMARY KEY,     mart_id TEXT NOT NULL REFERENCES meta_mart(mart_id),     work_package_id TEXT REFERENCES meta_work_package(work_package_id),     object_code TEXT NOT NULL,     object_type TEXT NOT NULL,     canonical_name TEXT NOT NULL,     repository_path TEXT,     status TEXT NOT NULL,     UNIQUE (mart_id, object_code) )"
meta02_catalog,runs/QSB-META02/metadata_catalog_update/qsb_metadata_catalog_meta02.sqlite,meta_object,4,object_type,TEXT,1,,0,"CREATE TABLE meta_object (     object_id TEXT PRIMARY KEY,     mart_id TEXT NOT NULL REFERENCES meta_mart(mart_id),     work_package_id TEXT REFERENCES meta_work_package(work_package_id),     object_code TEXT NOT NULL,     object_type TEXT NOT NULL,     canonical_name TEXT NOT NULL,     repository_path TEXT,     status TEXT NOT NULL,     UNIQUE (mart_id, object_code) )"
meta02_catalog,runs/QSB-META02/metadata_catalog_update/qsb_metadata_catalog_meta02.sqlite,meta_object,5,canonical_name,TEXT,1,,0,"CREATE TABLE meta_object (     object_id TEXT PRIMARY KEY,     mart_id TEXT NOT NULL REFERENCES meta_mart(mart_id),     work_package_id TEXT REFERENCES meta_work_package(work_package_id),     object_code TEXT NOT NULL,     object_type TEXT NOT NULL,     canonical_name TEXT NOT NULL,     repository_path TEXT,     status TEXT NOT NULL,     UNIQUE (mart_id, object_code) )"
meta02_catalog,runs/QSB-META02/metadata_catalog_update/qsb_metadata_catalog_meta02.sqlite,meta_object,6,repository_path,TEXT,0,,0,"CREATE TABLE meta_object (     object_id TEXT PRIMARY KEY,     mart_id TEXT NOT NULL REFERENCES meta_mart(mart_id),     work_package_id TEXT REFERENCES meta_work_package(work_package_id),     object_code TEXT NOT NULL,     object_type TEXT NOT NULL,     canonical_name TEXT NOT NULL,     repository_path TEXT,     status TEXT NOT NULL,     UNIQUE (mart_id, object_code) )"
meta02_catalog,runs/QSB-META02/metadata_catalog_update/qsb_metadata_catalog_meta02.sqlite,meta_object,7,status,TEXT,1,,0,"CREATE TABLE meta_object (     object_id TEXT PRIMARY KEY,     mart_id TEXT NOT NULL REFERENCES meta_mart(mart_id),     work_package_id TEXT REFERENCES meta_work_package(work_package_id),     object_code TEXT NOT NULL,     object_type TEXT NOT NULL,     canonical_name TEXT NOT NULL,     repository_path TEXT,     status TEXT NOT NULL,     UNIQUE (mart_id, object_code) )"
meta02_catalog,runs/QSB-META02/metadata_catalog_update/qsb_metadata_catalog_meta02.sqlite,meta_object_version,0,object_version_id,TEXT,0,,1,"CREATE TABLE meta_object_version (     object_version_id TEXT PRIMARY KEY,     object_id TEXT NOT NULL REFERENCES meta_object(object_id),     object_version TEXT NOT NULL,     schema_version TEXT,     content_checksum TEXT,     status TEXT NOT NULL,     UNIQUE (object_id, object_version) )"
meta02_catalog,runs/QSB-META02/metadata_catalog_update/qsb_metadata_catalog_meta02.sqlite,meta_object_version,1,object_id,TEXT,1,,0,"CREATE TABLE meta_object_version (     object_version_id TEXT PRIMARY KEY,     object_id TEXT NOT NULL REFERENCES meta_object(object_id),     object_version TEXT NOT NULL,     schema_version TEXT,     content_checksum TEXT,     status TEXT NOT NULL,     UNIQUE (object_id, object_version) )"
meta02_catalog,runs/QSB-META02/metadata_catalog_update/qsb_metadata_catalog_meta02.sqlite,meta_object_version,2,object_version,TEXT,1,,0,"CREATE TABLE meta_object_version (     object_version_id TEXT PRIMARY KEY,     object_id TEXT NOT NULL REFERENCES meta_object(object_id),     object_version TEXT NOT NULL,     schema_version TEXT,     content_checksum TEXT,     status TEXT NOT NULL,     UNIQUE (object_id, object_version) )"
meta02_catalog,runs/QSB-META02/metadata_catalog_update/qsb_metadata_catalog_meta02.sqlite,meta_object_version,3,schema_version,TEXT,0,,0,"CREATE TABLE meta_object_version (     object_version_id TEXT PRIMARY KEY,     object_id TEXT NOT NULL REFERENCES meta_object(object_id),     object_version TEXT NOT NULL,     schema_version TEXT,     content_checksum TEXT,     status TEXT NOT NULL,     UNIQUE (object_id, object_version) )"
meta02_catalog,runs/QSB-META02/metadata_catalog_update/qsb_metadata_catalog_meta02.sqlite,meta_object_version,4,content_checksum,TEXT,0,,0,"CREATE TABLE meta_object_version (     object_version_id TEXT PRIMARY KEY,     object_id TEXT NOT NULL REFERENCES meta_object(object_id),     object_version TEXT NOT NULL,     schema_version TEXT,     content_checksum TEXT,     status TEXT NOT NULL,     UNIQUE (object_id, object_version) )"
meta02_catalog,runs/QSB-META02/metadata_catalog_update/qsb_metadata_catalog_meta02.sqlite,meta_object_version,5,status,TEXT,1,,0,"CREATE TABLE meta_object_version (     object_version_id TEXT PRIMARY KEY,     object_id TEXT NOT NULL REFERENCES meta_object(object_id),     object_version TEXT NOT NULL,     schema_version TEXT,     content_checksum TEXT,     status TEXT NOT NULL,     UNIQUE (object_id, object_version) )"
meta02_catalog,runs/QSB-META02/metadata_catalog_update/qsb_metadata_catalog_meta02.sqlite,meta_quantity_kind,0,quantity_kind_id,TEXT,0,,1,"CREATE TABLE meta_quantity_kind (     quantity_kind_id TEXT PRIMARY KEY,     quantity_kind TEXT NOT NULL UNIQUE,     german_label TEXT,     dimension_vector TEXT,     dimension_status TEXT NOT NULL,     CHECK (dimension_status <> 'resolved' OR dimension_vector IS NOT NULL) )"
meta02_catalog,runs/QSB-META02/metadata_catalog_update/qsb_metadata_catalog_meta02.sqlite,meta_quantity_kind,1,quantity_kind,TEXT,1,,0,"CREATE TABLE meta_quantity_kind (     quantity_kind_id TEXT PRIMARY KEY,     quantity_kind TEXT NOT NULL UNIQUE,     german_label TEXT,     dimension_vector TEXT,     dimension_status TEXT NOT NULL,     CHECK (dimension_status <> 'resolved' OR dimension_vector IS NOT NULL) )"
meta02_catalog,runs/QSB-META02/metadata_catalog_update/qsb_metadata_catalog_meta02.sqlite,meta_quantity_kind,2,german_label,TEXT,0,,0,"CREATE TABLE meta_quantity_kind (     quantity_kind_id TEXT PRIMARY KEY,     quantity_kind TEXT NOT NULL UNIQUE,     german_label TEXT,     dimension_vector TEXT,     dimension_status TEXT NOT NULL,     CHECK (dimension_status <> 'resolved' OR dimension_vector IS NOT NULL) )"
meta02_catalog,runs/QSB-META02/metadata_catalog_update/qsb_metadata_catalog_meta02.sqlite,meta_quantity_kind,3,dimension_vector,TEXT,0,,0,"CREATE TABLE meta_quantity_kind (     quantity_kind_id TEXT PRIMARY KEY,     quantity_kind TEXT NOT NULL UNIQUE,     german_label TEXT,     dimension_vector TEXT,     dimension_status TEXT NOT NULL,     CHECK (dimension_status <> 'resolved' OR dimension_vector IS NOT NULL) )"
meta02_catalog,runs/QSB-META02/metadata_catalog_update/qsb_metadata_catalog_meta02.sqlite,meta_quantity_kind,4,dimension_status,TEXT,1,,0,"CREATE TABLE meta_quantity_kind (     quantity_kind_id TEXT PRIMARY KEY,     quantity_kind TEXT NOT NULL UNIQUE,     german_label TEXT,     dimension_vector TEXT,     dimension_status TEXT NOT NULL,     CHECK (dimension_status <> 'resolved' OR dimension_vector IS NOT NULL) )"
meta02_catalog,runs/QSB-META02/metadata_catalog_update/qsb_metadata_catalog_meta02.sqlite,meta_record_lineage,0,record_lineage_id,TEXT,0,,1,"CREATE TABLE meta_record_lineage (     record_lineage_id TEXT PRIMARY KEY,     lineage_id TEXT NOT NULL REFERENCES meta_lineage(lineage_id),     lineage_mode TEXT NOT NULL CHECK (lineage_mode IN ('materialized', 'reconstructable', 'aggregate_membership', 'not_applicable')),     source_record_key TEXT,     target_record_key TEXT,     selection_predicate TEXT,     membership_checksum TEXT,     CHECK (lineage_mode <> 'materialized' OR (source_record_key IS NOT NULL AND target_record_key IS NOT NULL"
meta02_catalog,runs/QSB-META02/metadata_catalog_update/qsb_metadata_catalog_meta02.sqlite,meta_record_lineage,1,lineage_id,TEXT,1,,0,"CREATE TABLE meta_record_lineage (     record_lineage_id TEXT PRIMARY KEY,     lineage_id TEXT NOT NULL REFERENCES meta_lineage(lineage_id),     lineage_mode TEXT NOT NULL CHECK (lineage_mode IN ('materialized', 'reconstructable', 'aggregate_membership', 'not_applicable')),     source_record_key TEXT,     target_record_key TEXT,     selection_predicate TEXT,     membership_checksum TEXT,     CHECK (lineage_mode <> 'materialized' OR (source_record_key IS NOT NULL AND target_record_key IS NOT NULL"
meta02_catalog,runs/QSB-META02/metadata_catalog_update/qsb_metadata_catalog_meta02.sqlite,meta_record_lineage,2,lineage_mode,TEXT,1,,0,"CREATE TABLE meta_record_lineage (     record_lineage_id TEXT PRIMARY KEY,     lineage_id TEXT NOT NULL REFERENCES meta_lineage(lineage_id),     lineage_mode TEXT NOT NULL CHECK (lineage_mode IN ('materialized', 'reconstructable', 'aggregate_membership', 'not_applicable')),     source_record_key TEXT,     target_record_key TEXT,     selection_predicate TEXT,     membership_checksum TEXT,     CHECK (lineage_mode <> 'materialized' OR (source_record_key IS NOT NULL AND target_record_key IS NOT NULL"
meta02_catalog,runs/QSB-META02/metadata_catalog_update/qsb_metadata_catalog_meta02.sqlite,meta_record_lineage,3,source_record_key,TEXT,0,,0,"CREATE TABLE meta_record_lineage (     record_lineage_id TEXT PRIMARY KEY,     lineage_id TEXT NOT NULL REFERENCES meta_lineage(lineage_id),     lineage_mode TEXT NOT NULL CHECK (lineage_mode IN ('materialized', 'reconstructable', 'aggregate_membership', 'not_applicable')),     source_record_key TEXT,     target_record_key TEXT,     selection_predicate TEXT,     membership_checksum TEXT,     CHECK (lineage_mode <> 'materialized' OR (source_record_key IS NOT NULL AND target_record_key IS NOT NULL"
meta02_catalog,runs/QSB-META02/metadata_catalog_update/qsb_metadata_catalog_meta02.sqlite,meta_record_lineage,4,target_record_key,TEXT,0,,0,"CREATE TABLE meta_record_lineage (     record_lineage_id TEXT PRIMARY KEY,     lineage_id TEXT NOT NULL REFERENCES meta_lineage(lineage_id),     lineage_mode TEXT NOT NULL CHECK (lineage_mode IN ('materialized', 'reconstructable', 'aggregate_membership', 'not_applicable')),     source_record_key TEXT,     target_record_key TEXT,     selection_predicate TEXT,     membership_checksum TEXT,     CHECK (lineage_mode <> 'materialized' OR (source_record_key IS NOT NULL AND target_record_key IS NOT NULL"
meta02_catalog,runs/QSB-META02/metadata_catalog_update/qsb_metadata_catalog_meta02.sqlite,meta_record_lineage,5,selection_predicate,TEXT,0,,0,"CREATE TABLE meta_record_lineage (     record_lineage_id TEXT PRIMARY KEY,     lineage_id TEXT NOT NULL REFERENCES meta_lineage(lineage_id),     lineage_mode TEXT NOT NULL CHECK (lineage_mode IN ('materialized', 'reconstructable', 'aggregate_membership', 'not_applicable')),     source_record_key TEXT,     target_record_key TEXT,     selection_predicate TEXT,     membership_checksum TEXT,     CHECK (lineage_mode <> 'materialized' OR (source_record_key IS NOT NULL AND target_record_key IS NOT NULL"
meta02_catalog,runs/QSB-META02/metadata_catalog_update/qsb_metadata_catalog_meta02.sqlite,meta_record_lineage,6,membership_checksum,TEXT,0,,0,"CREATE TABLE meta_record_lineage (     record_lineage_id TEXT PRIMARY KEY,     lineage_id TEXT NOT NULL REFERENCES meta_lineage(lineage_id),     lineage_mode TEXT NOT NULL CHECK (lineage_mode IN ('materialized', 'reconstructable', 'aggregate_membership', 'not_applicable')),     source_record_key TEXT,     target_record_key TEXT,     selection_predicate TEXT,     membership_checksum TEXT,     CHECK (lineage_mode <> 'materialized' OR (source_record_key IS NOT NULL AND target_record_key IS NOT NULL"
meta02_catalog,runs/QSB-META02/metadata_catalog_update/qsb_metadata_catalog_meta02.sqlite,meta_result_record,0,result_record_id,TEXT,0,,1,"CREATE TABLE meta_result_record (     result_record_id TEXT PRIMARY KEY,     result_table_id TEXT NOT NULL REFERENCES meta_result_table(result_table_id),     mart_id TEXT NOT NULL REFERENCES meta_mart(mart_id),     source_result_key TEXT NOT NULL,     result_class TEXT NOT NULL CHECK (result_class IN ('supports', 'neutral', 'contradicts', 'inconclusive', 'not_comparable', 'invalidated')),     comparability_status TEXT NOT NULL,     formal_validation_status TEXT NOT NULL,     physical_validation_"
meta02_catalog,runs/QSB-META02/metadata_catalog_update/qsb_metadata_catalog_meta02.sqlite,meta_result_record,1,result_table_id,TEXT,1,,0,"CREATE TABLE meta_result_record (     result_record_id TEXT PRIMARY KEY,     result_table_id TEXT NOT NULL REFERENCES meta_result_table(result_table_id),     mart_id TEXT NOT NULL REFERENCES meta_mart(mart_id),     source_result_key TEXT NOT NULL,     result_class TEXT NOT NULL CHECK (result_class IN ('supports', 'neutral', 'contradicts', 'inconclusive', 'not_comparable', 'invalidated')),     comparability_status TEXT NOT NULL,     formal_validation_status TEXT NOT NULL,     physical_validation_"
meta02_catalog,runs/QSB-META02/metadata_catalog_update/qsb_metadata_catalog_meta02.sqlite,meta_result_record,2,mart_id,TEXT,1,,0,"CREATE TABLE meta_result_record (     result_record_id TEXT PRIMARY KEY,     result_table_id TEXT NOT NULL REFERENCES meta_result_table(result_table_id),     mart_id TEXT NOT NULL REFERENCES meta_mart(mart_id),     source_result_key TEXT NOT NULL,     result_class TEXT NOT NULL CHECK (result_class IN ('supports', 'neutral', 'contradicts', 'inconclusive', 'not_comparable', 'invalidated')),     comparability_status TEXT NOT NULL,     formal_validation_status TEXT NOT NULL,     physical_validation_"
meta02_catalog,runs/QSB-META02/metadata_catalog_update/qsb_metadata_catalog_meta02.sqlite,meta_result_record,3,source_result_key,TEXT,1,,0,"CREATE TABLE meta_result_record (     result_record_id TEXT PRIMARY KEY,     result_table_id TEXT NOT NULL REFERENCES meta_result_table(result_table_id),     mart_id TEXT NOT NULL REFERENCES meta_mart(mart_id),     source_result_key TEXT NOT NULL,     result_class TEXT NOT NULL CHECK (result_class IN ('supports', 'neutral', 'contradicts', 'inconclusive', 'not_comparable', 'invalidated')),     comparability_status TEXT NOT NULL,     formal_validation_status TEXT NOT NULL,     physical_validation_"
meta02_catalog,runs/QSB-META02/metadata_catalog_update/qsb_metadata_catalog_meta02.sqlite,meta_result_record,4,result_class,TEXT,1,,0,"CREATE TABLE meta_result_record (     result_record_id TEXT PRIMARY KEY,     result_table_id TEXT NOT NULL REFERENCES meta_result_table(result_table_id),     mart_id TEXT NOT NULL REFERENCES meta_mart(mart_id),     source_result_key TEXT NOT NULL,     result_class TEXT NOT NULL CHECK (result_class IN ('supports', 'neutral', 'contradicts', 'inconclusive', 'not_comparable', 'invalidated')),     comparability_status TEXT NOT NULL,     formal_validation_status TEXT NOT NULL,     physical_validation_"
meta02_catalog,runs/QSB-META02/metadata_catalog_update/qsb_metadata_catalog_meta02.sqlite,meta_result_record,5,comparability_status,TEXT,1,,0,"CREATE TABLE meta_result_record (     result_record_id TEXT PRIMARY KEY,     result_table_id TEXT NOT NULL REFERENCES meta_result_table(result_table_id),     mart_id TEXT NOT NULL REFERENCES meta_mart(mart_id),     source_result_key TEXT NOT NULL,     result_class TEXT NOT NULL CHECK (result_class IN ('supports', 'neutral', 'contradicts', 'inconclusive', 'not_comparable', 'invalidated')),     comparability_status TEXT NOT NULL,     formal_validation_status TEXT NOT NULL,     physical_validation_"
meta02_catalog,runs/QSB-META02/metadata_catalog_update/qsb_metadata_catalog_meta02.sqlite,meta_result_record,6,formal_validation_status,TEXT,1,,0,"CREATE TABLE meta_result_record (     result_record_id TEXT PRIMARY KEY,     result_table_id TEXT NOT NULL REFERENCES meta_result_table(result_table_id),     mart_id TEXT NOT NULL REFERENCES meta_mart(mart_id),     source_result_key TEXT NOT NULL,     result_class TEXT NOT NULL CHECK (result_class IN ('supports', 'neutral', 'contradicts', 'inconclusive', 'not_comparable', 'invalidated')),     comparability_status TEXT NOT NULL,     formal_validation_status TEXT NOT NULL,     physical_validation_"
meta02_catalog,runs/QSB-META02/metadata_catalog_update/qsb_metadata_catalog_meta02.sqlite,meta_result_record,7,physical_validation_status,TEXT,1,,0,"CREATE TABLE meta_result_record (     result_record_id TEXT PRIMARY KEY,     result_table_id TEXT NOT NULL REFERENCES meta_result_table(result_table_id),     mart_id TEXT NOT NULL REFERENCES meta_mart(mart_id),     source_result_key TEXT NOT NULL,     result_class TEXT NOT NULL CHECK (result_class IN ('supports', 'neutral', 'contradicts', 'inconclusive', 'not_comparable', 'invalidated')),     comparability_status TEXT NOT NULL,     formal_validation_status TEXT NOT NULL,     physical_validation_"
meta02_catalog,runs/QSB-META02/metadata_catalog_update/qsb_metadata_catalog_meta02.sqlite,meta_result_record,8,evidence_class,TEXT,1,,0,"CREATE TABLE meta_result_record (     result_record_id TEXT PRIMARY KEY,     result_table_id TEXT NOT NULL REFERENCES meta_result_table(result_table_id),     mart_id TEXT NOT NULL REFERENCES meta_mart(mart_id),     source_result_key TEXT NOT NULL,     result_class TEXT NOT NULL CHECK (result_class IN ('supports', 'neutral', 'contradicts', 'inconclusive', 'not_comparable', 'invalidated')),     comparability_status TEXT NOT NULL,     formal_validation_status TEXT NOT NULL,     physical_validation_"
meta02_catalog,runs/QSB-META02/metadata_catalog_update/qsb_metadata_catalog_meta02.sqlite,meta_result_table,0,result_table_id,TEXT,0,,1,"CREATE TABLE meta_result_table (     result_table_id TEXT PRIMARY KEY,     mart_id TEXT NOT NULL REFERENCES meta_mart(mart_id),     object_id TEXT NOT NULL REFERENCES meta_object(object_id),     table_role TEXT NOT NULL,     record_lineage_mode TEXT NOT NULL CHECK (record_lineage_mode IN ('materialized', 'reconstructable', 'aggregate_membership', 'not_applicable')),     status TEXT NOT NULL,     CHECK (record_lineage_mode <> 'not_applicable') )"
meta02_catalog,runs/QSB-META02/metadata_catalog_update/qsb_metadata_catalog_meta02.sqlite,meta_result_table,1,mart_id,TEXT,1,,0,"CREATE TABLE meta_result_table (     result_table_id TEXT PRIMARY KEY,     mart_id TEXT NOT NULL REFERENCES meta_mart(mart_id),     object_id TEXT NOT NULL REFERENCES meta_object(object_id),     table_role TEXT NOT NULL,     record_lineage_mode TEXT NOT NULL CHECK (record_lineage_mode IN ('materialized', 'reconstructable', 'aggregate_membership', 'not_applicable')),     status TEXT NOT NULL,     CHECK (record_lineage_mode <> 'not_applicable') )"
meta02_catalog,runs/QSB-META02/metadata_catalog_update/qsb_metadata_catalog_meta02.sqlite,meta_result_table,2,object_id,TEXT,1,,0,"CREATE TABLE meta_result_table (     result_table_id TEXT PRIMARY KEY,     mart_id TEXT NOT NULL REFERENCES meta_mart(mart_id),     object_id TEXT NOT NULL REFERENCES meta_object(object_id),     table_role TEXT NOT NULL,     record_lineage_mode TEXT NOT NULL CHECK (record_lineage_mode IN ('materialized', 'reconstructable', 'aggregate_membership', 'not_applicable')),     status TEXT NOT NULL,     CHECK (record_lineage_mode <> 'not_applicable') )"
meta02_catalog,runs/QSB-META02/metadata_catalog_update/qsb_metadata_catalog_meta02.sqlite,meta_result_table,3,table_role,TEXT,1,,0,"CREATE TABLE meta_result_table (     result_table_id TEXT PRIMARY KEY,     mart_id TEXT NOT NULL REFERENCES meta_mart(mart_id),     object_id TEXT NOT NULL REFERENCES meta_object(object_id),     table_role TEXT NOT NULL,     record_lineage_mode TEXT NOT NULL CHECK (record_lineage_mode IN ('materialized', 'reconstructable', 'aggregate_membership', 'not_applicable')),     status TEXT NOT NULL,     CHECK (record_lineage_mode <> 'not_applicable') )"
meta02_catalog,runs/QSB-META02/metadata_catalog_update/qsb_metadata_catalog_meta02.sqlite,meta_result_table,4,record_lineage_mode,TEXT,1,,0,"CREATE TABLE meta_result_table (     result_table_id TEXT PRIMARY KEY,     mart_id TEXT NOT NULL REFERENCES meta_mart(mart_id),     object_id TEXT NOT NULL REFERENCES meta_object(object_id),     table_role TEXT NOT NULL,     record_lineage_mode TEXT NOT NULL CHECK (record_lineage_mode IN ('materialized', 'reconstructable', 'aggregate_membership', 'not_applicable')),     status TEXT NOT NULL,     CHECK (record_lineage_mode <> 'not_applicable') )"
meta02_catalog,runs/QSB-META02/metadata_catalog_update/qsb_metadata_catalog_meta02.sqlite,meta_result_table,5,status,TEXT,1,,0,"CREATE TABLE meta_result_table (     result_table_id TEXT PRIMARY KEY,     mart_id TEXT NOT NULL REFERENCES meta_mart(mart_id),     object_id TEXT NOT NULL REFERENCES meta_object(object_id),     table_role TEXT NOT NULL,     record_lineage_mode TEXT NOT NULL CHECK (record_lineage_mode IN ('materialized', 'reconstructable', 'aggregate_membership', 'not_applicable')),     status TEXT NOT NULL,     CHECK (record_lineage_mode <> 'not_applicable') )"
meta02_catalog,runs/QSB-META02/metadata_catalog_update/qsb_metadata_catalog_meta02.sqlite,meta_source,0,source_id,TEXT,0,,1,"CREATE TABLE meta_source (     source_id TEXT PRIMARY KEY,     mart_id TEXT NOT NULL REFERENCES meta_mart(mart_id),     source_type TEXT NOT NULL,     source_reference TEXT NOT NULL,     source_record_id_status TEXT NOT NULL )"
meta02_catalog,runs/QSB-META02/metadata_catalog_update/qsb_metadata_catalog_meta02.sqlite,meta_source,1,mart_id,TEXT,1,,0,"CREATE TABLE meta_source (     source_id TEXT PRIMARY KEY,     mart_id TEXT NOT NULL REFERENCES meta_mart(mart_id),     source_type TEXT NOT NULL,     source_reference TEXT NOT NULL,     source_record_id_status TEXT NOT NULL )"
meta02_catalog,runs/QSB-META02/metadata_catalog_update/qsb_metadata_catalog_meta02.sqlite,meta_source,2,source_type,TEXT,1,,0,"CREATE TABLE meta_source (     source_id TEXT PRIMARY KEY,     mart_id TEXT NOT NULL REFERENCES meta_mart(mart_id),     source_type TEXT NOT NULL,     source_reference TEXT NOT NULL,     source_record_id_status TEXT NOT NULL )"
meta02_catalog,runs/QSB-META02/metadata_catalog_update/qsb_metadata_catalog_meta02.sqlite,meta_source,3,source_reference,TEXT,1,,0,"CREATE TABLE meta_source (     source_id TEXT PRIMARY KEY,     mart_id TEXT NOT NULL REFERENCES meta_mart(mart_id),     source_type TEXT NOT NULL,     source_reference TEXT NOT NULL,     source_record_id_status TEXT NOT NULL )"
meta02_catalog,runs/QSB-META02/metadata_catalog_update/qsb_metadata_catalog_meta02.sqlite,meta_source,4,source_record_id_status,TEXT,1,,0,"CREATE TABLE meta_source (     source_id TEXT PRIMARY KEY,     mart_id TEXT NOT NULL REFERENCES meta_mart(mart_id),     source_type TEXT NOT NULL,     source_reference TEXT NOT NULL,     source_record_id_status TEXT NOT NULL )"
meta02_catalog,runs/QSB-META02/metadata_catalog_update/qsb_metadata_catalog_meta02.sqlite,meta_transformation_rule,0,transformation_rule_id,TEXT,0,,1,"CREATE TABLE meta_transformation_rule (     transformation_rule_id TEXT PRIMARY KEY,     rule_name TEXT NOT NULL,     rule_type TEXT NOT NULL,     input_semantics TEXT NOT NULL,     output_semantics TEXT NOT NULL,     expression TEXT,     source_unit_id TEXT,     calculation_unit_id TEXT,     dimension_vector TEXT,     CHECK (rule_type <> 'unit_conversion' OR (source_unit_id IS NOT NULL AND calculation_unit_id IS NOT NULL)) )"
meta02_catalog,runs/QSB-META02/metadata_catalog_update/qsb_metadata_catalog_meta02.sqlite,meta_transformation_rule,1,rule_name,TEXT,1,,0,"CREATE TABLE meta_transformation_rule (     transformation_rule_id TEXT PRIMARY KEY,     rule_name TEXT NOT NULL,     rule_type TEXT NOT NULL,     input_semantics TEXT NOT NULL,     output_semantics TEXT NOT NULL,     expression TEXT,     source_unit_id TEXT,     calculation_unit_id TEXT,     dimension_vector TEXT,     CHECK (rule_type <> 'unit_conversion' OR (source_unit_id IS NOT NULL AND calculation_unit_id IS NOT NULL)) )"
meta02_catalog,runs/QSB-META02/metadata_catalog_update/qsb_metadata_catalog_meta02.sqlite,meta_transformation_rule,2,rule_type,TEXT,1,,0,"CREATE TABLE meta_transformation_rule (     transformation_rule_id TEXT PRIMARY KEY,     rule_name TEXT NOT NULL,     rule_type TEXT NOT NULL,     input_semantics TEXT NOT NULL,     output_semantics TEXT NOT NULL,     expression TEXT,     source_unit_id TEXT,     calculation_unit_id TEXT,     dimension_vector TEXT,     CHECK (rule_type <> 'unit_conversion' OR (source_unit_id IS NOT NULL AND calculation_unit_id IS NOT NULL)) )"
meta02_catalog,runs/QSB-META02/metadata_catalog_update/qsb_metadata_catalog_meta02.sqlite,meta_transformation_rule,3,input_semantics,TEXT,1,,0,"CREATE TABLE meta_transformation_rule (     transformation_rule_id TEXT PRIMARY KEY,     rule_name TEXT NOT NULL,     rule_type TEXT NOT NULL,     input_semantics TEXT NOT NULL,     output_semantics TEXT NOT NULL,     expression TEXT,     source_unit_id TEXT,     calculation_unit_id TEXT,     dimension_vector TEXT,     CHECK (rule_type <> 'unit_conversion' OR (source_unit_id IS NOT NULL AND calculation_unit_id IS NOT NULL)) )"
meta02_catalog,runs/QSB-META02/metadata_catalog_update/qsb_metadata_catalog_meta02.sqlite,meta_transformation_rule,4,output_semantics,TEXT,1,,0,"CREATE TABLE meta_transformation_rule (     transformation_rule_id TEXT PRIMARY KEY,     rule_name TEXT NOT NULL,     rule_type TEXT NOT NULL,     input_semantics TEXT NOT NULL,     output_semantics TEXT NOT NULL,     expression TEXT,     source_unit_id TEXT,     calculation_unit_id TEXT,     dimension_vector TEXT,     CHECK (rule_type <> 'unit_conversion' OR (source_unit_id IS NOT NULL AND calculation_unit_id IS NOT NULL)) )"
meta02_catalog,runs/QSB-META02/metadata_catalog_update/qsb_metadata_catalog_meta02.sqlite,meta_transformation_rule,5,expression,TEXT,0,,0,"CREATE TABLE meta_transformation_rule (     transformation_rule_id TEXT PRIMARY KEY,     rule_name TEXT NOT NULL,     rule_type TEXT NOT NULL,     input_semantics TEXT NOT NULL,     output_semantics TEXT NOT NULL,     expression TEXT,     source_unit_id TEXT,     calculation_unit_id TEXT,     dimension_vector TEXT,     CHECK (rule_type <> 'unit_conversion' OR (source_unit_id IS NOT NULL AND calculation_unit_id IS NOT NULL)) )"
meta02_catalog,runs/QSB-META02/metadata_catalog_update/qsb_metadata_catalog_meta02.sqlite,meta_transformation_rule,6,source_unit_id,TEXT,0,,0,"CREATE TABLE meta_transformation_rule (     transformation_rule_id TEXT PRIMARY KEY,     rule_name TEXT NOT NULL,     rule_type TEXT NOT NULL,     input_semantics TEXT NOT NULL,     output_semantics TEXT NOT NULL,     expression TEXT,     source_unit_id TEXT,     calculation_unit_id TEXT,     dimension_vector TEXT,     CHECK (rule_type <> 'unit_conversion' OR (source_unit_id IS NOT NULL AND calculation_unit_id IS NOT NULL)) )"
meta02_catalog,runs/QSB-META02/metadata_catalog_update/qsb_metadata_catalog_meta02.sqlite,meta_transformation_rule,7,calculation_unit_id,TEXT,0,,0,"CREATE TABLE meta_transformation_rule (     transformation_rule_id TEXT PRIMARY KEY,     rule_name TEXT NOT NULL,     rule_type TEXT NOT NULL,     input_semantics TEXT NOT NULL,     output_semantics TEXT NOT NULL,     expression TEXT,     source_unit_id TEXT,     calculation_unit_id TEXT,     dimension_vector TEXT,     CHECK (rule_type <> 'unit_conversion' OR (source_unit_id IS NOT NULL AND calculation_unit_id IS NOT NULL)) )"
meta02_catalog,runs/QSB-META02/metadata_catalog_update/qsb_metadata_catalog_meta02.sqlite,meta_transformation_rule,8,dimension_vector,TEXT,0,,0,"CREATE TABLE meta_transformation_rule (     transformation_rule_id TEXT PRIMARY KEY,     rule_name TEXT NOT NULL,     rule_type TEXT NOT NULL,     input_semantics TEXT NOT NULL,     output_semantics TEXT NOT NULL,     expression TEXT,     source_unit_id TEXT,     calculation_unit_id TEXT,     dimension_vector TEXT,     CHECK (rule_type <> 'unit_conversion' OR (source_unit_id IS NOT NULL AND calculation_unit_id IS NOT NULL)) )"
meta02_catalog,runs/QSB-META02/metadata_catalog_update/qsb_metadata_catalog_meta02.sqlite,meta_unit,0,unit_id,TEXT,0,,1,"CREATE TABLE meta_unit (     unit_id TEXT PRIMARY KEY,     unit_symbol TEXT NOT NULL,     unit_name TEXT NOT NULL,     unit_system TEXT NOT NULL,     scale_to_coherent_si REAL,     coherent_si_unit_id TEXT,     is_coherent_si INTEGER NOT NULL CHECK (is_coherent_si IN (0, 1)),     unit_status TEXT NOT NULL,     CHECK (unit_status = 'model_unit_unmapped' OR coherent_si_unit_id IS NOT NULL) )"
meta02_catalog,runs/QSB-META02/metadata_catalog_update/qsb_metadata_catalog_meta02.sqlite,meta_unit,1,unit_symbol,TEXT,1,,0,"CREATE TABLE meta_unit (     unit_id TEXT PRIMARY KEY,     unit_symbol TEXT NOT NULL,     unit_name TEXT NOT NULL,     unit_system TEXT NOT NULL,     scale_to_coherent_si REAL,     coherent_si_unit_id TEXT,     is_coherent_si INTEGER NOT NULL CHECK (is_coherent_si IN (0, 1)),     unit_status TEXT NOT NULL,     CHECK (unit_status = 'model_unit_unmapped' OR coherent_si_unit_id IS NOT NULL) )"
meta02_catalog,runs/QSB-META02/metadata_catalog_update/qsb_metadata_catalog_meta02.sqlite,meta_unit,2,unit_name,TEXT,1,,0,"CREATE TABLE meta_unit (     unit_id TEXT PRIMARY KEY,     unit_symbol TEXT NOT NULL,     unit_name TEXT NOT NULL,     unit_system TEXT NOT NULL,     scale_to_coherent_si REAL,     coherent_si_unit_id TEXT,     is_coherent_si INTEGER NOT NULL CHECK (is_coherent_si IN (0, 1)),     unit_status TEXT NOT NULL,     CHECK (unit_status = 'model_unit_unmapped' OR coherent_si_unit_id IS NOT NULL) )"
meta02_catalog,runs/QSB-META02/metadata_catalog_update/qsb_metadata_catalog_meta02.sqlite,meta_unit,3,unit_system,TEXT,1,,0,"CREATE TABLE meta_unit (     unit_id TEXT PRIMARY KEY,     unit_symbol TEXT NOT NULL,     unit_name TEXT NOT NULL,     unit_system TEXT NOT NULL,     scale_to_coherent_si REAL,     coherent_si_unit_id TEXT,     is_coherent_si INTEGER NOT NULL CHECK (is_coherent_si IN (0, 1)),     unit_status TEXT NOT NULL,     CHECK (unit_status = 'model_unit_unmapped' OR coherent_si_unit_id IS NOT NULL) )"
meta02_catalog,runs/QSB-META02/metadata_catalog_update/qsb_metadata_catalog_meta02.sqlite,meta_unit,4,scale_to_coherent_si,REAL,0,,0,"CREATE TABLE meta_unit (     unit_id TEXT PRIMARY KEY,     unit_symbol TEXT NOT NULL,     unit_name TEXT NOT NULL,     unit_system TEXT NOT NULL,     scale_to_coherent_si REAL,     coherent_si_unit_id TEXT,     is_coherent_si INTEGER NOT NULL CHECK (is_coherent_si IN (0, 1)),     unit_status TEXT NOT NULL,     CHECK (unit_status = 'model_unit_unmapped' OR coherent_si_unit_id IS NOT NULL) )"
meta02_catalog,runs/QSB-META02/metadata_catalog_update/qsb_metadata_catalog_meta02.sqlite,meta_unit,5,coherent_si_unit_id,TEXT,0,,0,"CREATE TABLE meta_unit (     unit_id TEXT PRIMARY KEY,     unit_symbol TEXT NOT NULL,     unit_name TEXT NOT NULL,     unit_system TEXT NOT NULL,     scale_to_coherent_si REAL,     coherent_si_unit_id TEXT,     is_coherent_si INTEGER NOT NULL CHECK (is_coherent_si IN (0, 1)),     unit_status TEXT NOT NULL,     CHECK (unit_status = 'model_unit_unmapped' OR coherent_si_unit_id IS NOT NULL) )"
meta02_catalog,runs/QSB-META02/metadata_catalog_update/qsb_metadata_catalog_meta02.sqlite,meta_unit,6,is_coherent_si,INTEGER,1,,0,"CREATE TABLE meta_unit (     unit_id TEXT PRIMARY KEY,     unit_symbol TEXT NOT NULL,     unit_name TEXT NOT NULL,     unit_system TEXT NOT NULL,     scale_to_coherent_si REAL,     coherent_si_unit_id TEXT,     is_coherent_si INTEGER NOT NULL CHECK (is_coherent_si IN (0, 1)),     unit_status TEXT NOT NULL,     CHECK (unit_status = 'model_unit_unmapped' OR coherent_si_unit_id IS NOT NULL) )"
meta02_catalog,runs/QSB-META02/metadata_catalog_update/qsb_metadata_catalog_meta02.sqlite,meta_unit,7,unit_status,TEXT,1,,0,"CREATE TABLE meta_unit (     unit_id TEXT PRIMARY KEY,     unit_symbol TEXT NOT NULL,     unit_name TEXT NOT NULL,     unit_system TEXT NOT NULL,     scale_to_coherent_si REAL,     coherent_si_unit_id TEXT,     is_coherent_si INTEGER NOT NULL CHECK (is_coherent_si IN (0, 1)),     unit_status TEXT NOT NULL,     CHECK (unit_status = 'model_unit_unmapped' OR coherent_si_unit_id IS NOT NULL) )"
meta02_catalog,runs/QSB-META02/metadata_catalog_update/qsb_metadata_catalog_meta02.sqlite,meta_validation_result,0,validation_result_id,TEXT,0,,1,"CREATE TABLE meta_validation_result (     validation_result_id TEXT PRIMARY KEY,     validation_rule_id TEXT NOT NULL REFERENCES meta_validation_rule(validation_rule_id),     run_id TEXT NOT NULL REFERENCES meta_etl_run(run_id),     object_id TEXT NOT NULL REFERENCES meta_object(object_id),     field_id TEXT REFERENCES meta_field(field_id),     record_id TEXT,     status TEXT NOT NULL CHECK (status IN ('passed', 'failed', 'warning', 'not_applicable', 'not_tested', 'requires_human_review')),     "
meta02_catalog,runs/QSB-META02/metadata_catalog_update/qsb_metadata_catalog_meta02.sqlite,meta_validation_result,1,validation_rule_id,TEXT,1,,0,"CREATE TABLE meta_validation_result (     validation_result_id TEXT PRIMARY KEY,     validation_rule_id TEXT NOT NULL REFERENCES meta_validation_rule(validation_rule_id),     run_id TEXT NOT NULL REFERENCES meta_etl_run(run_id),     object_id TEXT NOT NULL REFERENCES meta_object(object_id),     field_id TEXT REFERENCES meta_field(field_id),     record_id TEXT,     status TEXT NOT NULL CHECK (status IN ('passed', 'failed', 'warning', 'not_applicable', 'not_tested', 'requires_human_review')),     "
meta02_catalog,runs/QSB-META02/metadata_catalog_update/qsb_metadata_catalog_meta02.sqlite,meta_validation_result,2,run_id,TEXT,1,,0,"CREATE TABLE meta_validation_result (     validation_result_id TEXT PRIMARY KEY,     validation_rule_id TEXT NOT NULL REFERENCES meta_validation_rule(validation_rule_id),     run_id TEXT NOT NULL REFERENCES meta_etl_run(run_id),     object_id TEXT NOT NULL REFERENCES meta_object(object_id),     field_id TEXT REFERENCES meta_field(field_id),     record_id TEXT,     status TEXT NOT NULL CHECK (status IN ('passed', 'failed', 'warning', 'not_applicable', 'not_tested', 'requires_human_review')),     "
meta02_catalog,runs/QSB-META02/metadata_catalog_update/qsb_metadata_catalog_meta02.sqlite,meta_validation_result,3,object_id,TEXT,1,,0,"CREATE TABLE meta_validation_result (     validation_result_id TEXT PRIMARY KEY,     validation_rule_id TEXT NOT NULL REFERENCES meta_validation_rule(validation_rule_id),     run_id TEXT NOT NULL REFERENCES meta_etl_run(run_id),     object_id TEXT NOT NULL REFERENCES meta_object(object_id),     field_id TEXT REFERENCES meta_field(field_id),     record_id TEXT,     status TEXT NOT NULL CHECK (status IN ('passed', 'failed', 'warning', 'not_applicable', 'not_tested', 'requires_human_review')),     "
meta02_catalog,runs/QSB-META02/metadata_catalog_update/qsb_metadata_catalog_meta02.sqlite,meta_validation_result,4,field_id,TEXT,0,,0,"CREATE TABLE meta_validation_result (     validation_result_id TEXT PRIMARY KEY,     validation_rule_id TEXT NOT NULL REFERENCES meta_validation_rule(validation_rule_id),     run_id TEXT NOT NULL REFERENCES meta_etl_run(run_id),     object_id TEXT NOT NULL REFERENCES meta_object(object_id),     field_id TEXT REFERENCES meta_field(field_id),     record_id TEXT,     status TEXT NOT NULL CHECK (status IN ('passed', 'failed', 'warning', 'not_applicable', 'not_tested', 'requires_human_review')),     "
meta02_catalog,runs/QSB-META02/metadata_catalog_update/qsb_metadata_catalog_meta02.sqlite,meta_validation_result,5,record_id,TEXT,0,,0,"CREATE TABLE meta_validation_result (     validation_result_id TEXT PRIMARY KEY,     validation_rule_id TEXT NOT NULL REFERENCES meta_validation_rule(validation_rule_id),     run_id TEXT NOT NULL REFERENCES meta_etl_run(run_id),     object_id TEXT NOT NULL REFERENCES meta_object(object_id),     field_id TEXT REFERENCES meta_field(field_id),     record_id TEXT,     status TEXT NOT NULL CHECK (status IN ('passed', 'failed', 'warning', 'not_applicable', 'not_tested', 'requires_human_review')),     "
meta02_catalog,runs/QSB-META02/metadata_catalog_update/qsb_metadata_catalog_meta02.sqlite,meta_validation_result,6,status,TEXT,1,,0,"CREATE TABLE meta_validation_result (     validation_result_id TEXT PRIMARY KEY,     validation_rule_id TEXT NOT NULL REFERENCES meta_validation_rule(validation_rule_id),     run_id TEXT NOT NULL REFERENCES meta_etl_run(run_id),     object_id TEXT NOT NULL REFERENCES meta_object(object_id),     field_id TEXT REFERENCES meta_field(field_id),     record_id TEXT,     status TEXT NOT NULL CHECK (status IN ('passed', 'failed', 'warning', 'not_applicable', 'not_tested', 'requires_human_review')),     "
meta02_catalog,runs/QSB-META02/metadata_catalog_update/qsb_metadata_catalog_meta02.sqlite,meta_validation_result,7,observed_value,TEXT,0,,0,"CREATE TABLE meta_validation_result (     validation_result_id TEXT PRIMARY KEY,     validation_rule_id TEXT NOT NULL REFERENCES meta_validation_rule(validation_rule_id),     run_id TEXT NOT NULL REFERENCES meta_etl_run(run_id),     object_id TEXT NOT NULL REFERENCES meta_object(object_id),     field_id TEXT REFERENCES meta_field(field_id),     record_id TEXT,     status TEXT NOT NULL CHECK (status IN ('passed', 'failed', 'warning', 'not_applicable', 'not_tested', 'requires_human_review')),     "
meta02_catalog,runs/QSB-META02/metadata_catalog_update/qsb_metadata_catalog_meta02.sqlite,meta_validation_result,8,expected_value,TEXT,0,,0,"CREATE TABLE meta_validation_result (     validation_result_id TEXT PRIMARY KEY,     validation_rule_id TEXT NOT NULL REFERENCES meta_validation_rule(validation_rule_id),     run_id TEXT NOT NULL REFERENCES meta_etl_run(run_id),     object_id TEXT NOT NULL REFERENCES meta_object(object_id),     field_id TEXT REFERENCES meta_field(field_id),     record_id TEXT,     status TEXT NOT NULL CHECK (status IN ('passed', 'failed', 'warning', 'not_applicable', 'not_tested', 'requires_human_review')),     "
meta02_catalog,runs/QSB-META02/metadata_catalog_update/qsb_metadata_catalog_meta02.sqlite,meta_validation_result,9,severity,TEXT,1,,0,"CREATE TABLE meta_validation_result (     validation_result_id TEXT PRIMARY KEY,     validation_rule_id TEXT NOT NULL REFERENCES meta_validation_rule(validation_rule_id),     run_id TEXT NOT NULL REFERENCES meta_etl_run(run_id),     object_id TEXT NOT NULL REFERENCES meta_object(object_id),     field_id TEXT REFERENCES meta_field(field_id),     record_id TEXT,     status TEXT NOT NULL CHECK (status IN ('passed', 'failed', 'warning', 'not_applicable', 'not_tested', 'requires_human_review')),     "
meta02_catalog,runs/QSB-META02/metadata_catalog_update/qsb_metadata_catalog_meta02.sqlite,meta_validation_result,10,message,TEXT,1,,0,"CREATE TABLE meta_validation_result (     validation_result_id TEXT PRIMARY KEY,     validation_rule_id TEXT NOT NULL REFERENCES meta_validation_rule(validation_rule_id),     run_id TEXT NOT NULL REFERENCES meta_etl_run(run_id),     object_id TEXT NOT NULL REFERENCES meta_object(object_id),     field_id TEXT REFERENCES meta_field(field_id),     record_id TEXT,     status TEXT NOT NULL CHECK (status IN ('passed', 'failed', 'warning', 'not_applicable', 'not_tested', 'requires_human_review')),     "
meta02_catalog,runs/QSB-META02/metadata_catalog_update/qsb_metadata_catalog_meta02.sqlite,meta_validation_result,11,reviewer_type,TEXT,1,,0,"CREATE TABLE meta_validation_result (     validation_result_id TEXT PRIMARY KEY,     validation_rule_id TEXT NOT NULL REFERENCES meta_validation_rule(validation_rule_id),     run_id TEXT NOT NULL REFERENCES meta_etl_run(run_id),     object_id TEXT NOT NULL REFERENCES meta_object(object_id),     field_id TEXT REFERENCES meta_field(field_id),     record_id TEXT,     status TEXT NOT NULL CHECK (status IN ('passed', 'failed', 'warning', 'not_applicable', 'not_tested', 'requires_human_review')),     "
meta02_catalog,runs/QSB-META02/metadata_catalog_update/qsb_metadata_catalog_meta02.sqlite,meta_validation_result,12,human_review_state,TEXT,1,,0,"CREATE TABLE meta_validation_result (     validation_result_id TEXT PRIMARY KEY,     validation_rule_id TEXT NOT NULL REFERENCES meta_validation_rule(validation_rule_id),     run_id TEXT NOT NULL REFERENCES meta_etl_run(run_id),     object_id TEXT NOT NULL REFERENCES meta_object(object_id),     field_id TEXT REFERENCES meta_field(field_id),     record_id TEXT,     status TEXT NOT NULL CHECK (status IN ('passed', 'failed', 'warning', 'not_applicable', 'not_tested', 'requires_human_review')),     "
meta02_catalog,runs/QSB-META02/metadata_catalog_update/qsb_metadata_catalog_meta02.sqlite,meta_validation_rule,0,validation_rule_id,TEXT,0,,1,"CREATE TABLE meta_validation_rule (     validation_rule_id TEXT PRIMARY KEY,     validation_layer TEXT NOT NULL CHECK (validation_layer IN (         'schema', 'syntax', 'referential_integrity', 'unit_conversion',         'unit_algebra', 'dimension', 'formal_mathematics', 'numerical',         'physical_assumption', 'physical_boundary_condition',         'physical_plausibility', 'evidence', 'claim_boundary'     )),     rule_name TEXT NOT NULL,     expected_condition TEXT NOT NULL,     severity TEX"
meta02_catalog,runs/QSB-META02/metadata_catalog_update/qsb_metadata_catalog_meta02.sqlite,meta_validation_rule,1,validation_layer,TEXT,1,,0,"CREATE TABLE meta_validation_rule (     validation_rule_id TEXT PRIMARY KEY,     validation_layer TEXT NOT NULL CHECK (validation_layer IN (         'schema', 'syntax', 'referential_integrity', 'unit_conversion',         'unit_algebra', 'dimension', 'formal_mathematics', 'numerical',         'physical_assumption', 'physical_boundary_condition',         'physical_plausibility', 'evidence', 'claim_boundary'     )),     rule_name TEXT NOT NULL,     expected_condition TEXT NOT NULL,     severity TEX"
meta02_catalog,runs/QSB-META02/metadata_catalog_update/qsb_metadata_catalog_meta02.sqlite,meta_validation_rule,2,rule_name,TEXT,1,,0,"CREATE TABLE meta_validation_rule (     validation_rule_id TEXT PRIMARY KEY,     validation_layer TEXT NOT NULL CHECK (validation_layer IN (         'schema', 'syntax', 'referential_integrity', 'unit_conversion',         'unit_algebra', 'dimension', 'formal_mathematics', 'numerical',         'physical_assumption', 'physical_boundary_condition',         'physical_plausibility', 'evidence', 'claim_boundary'     )),     rule_name TEXT NOT NULL,     expected_condition TEXT NOT NULL,     severity TEX"
meta02_catalog,runs/QSB-META02/metadata_catalog_update/qsb_metadata_catalog_meta02.sqlite,meta_validation_rule,3,expected_condition,TEXT,1,,0,"CREATE TABLE meta_validation_rule (     validation_rule_id TEXT PRIMARY KEY,     validation_layer TEXT NOT NULL CHECK (validation_layer IN (         'schema', 'syntax', 'referential_integrity', 'unit_conversion',         'unit_algebra', 'dimension', 'formal_mathematics', 'numerical',         'physical_assumption', 'physical_boundary_condition',         'physical_plausibility', 'evidence', 'claim_boundary'     )),     rule_name TEXT NOT NULL,     expected_condition TEXT NOT NULL,     severity TEX"
meta02_catalog,runs/QSB-META02/metadata_catalog_update/qsb_metadata_catalog_meta02.sqlite,meta_validation_rule,4,severity,TEXT,1,,0,"CREATE TABLE meta_validation_rule (     validation_rule_id TEXT PRIMARY KEY,     validation_layer TEXT NOT NULL CHECK (validation_layer IN (         'schema', 'syntax', 'referential_integrity', 'unit_conversion',         'unit_algebra', 'dimension', 'formal_mathematics', 'numerical',         'physical_assumption', 'physical_boundary_condition',         'physical_plausibility', 'evidence', 'claim_boundary'     )),     rule_name TEXT NOT NULL,     expected_condition TEXT NOT NULL,     severity TEX"
meta02_catalog,runs/QSB-META02/metadata_catalog_update/qsb_metadata_catalog_meta02.sqlite,meta_vocabulary,0,vocabulary_id,TEXT,0,,1,"CREATE TABLE meta_vocabulary (     vocabulary_id TEXT PRIMARY KEY,     vocabulary_name TEXT NOT NULL UNIQUE,     namespace_owner TEXT NOT NULL,     vocabulary_version TEXT NOT NULL,     status TEXT NOT NULL CHECK (status IN ('draft', 'active', 'deprecated', 'rejected')) )"
meta02_catalog,runs/QSB-META02/metadata_catalog_update/qsb_metadata_catalog_meta02.sqlite,meta_vocabulary,1,vocabulary_name,TEXT,1,,0,"CREATE TABLE meta_vocabulary (     vocabulary_id TEXT PRIMARY KEY,     vocabulary_name TEXT NOT NULL UNIQUE,     namespace_owner TEXT NOT NULL,     vocabulary_version TEXT NOT NULL,     status TEXT NOT NULL CHECK (status IN ('draft', 'active', 'deprecated', 'rejected')) )"
meta02_catalog,runs/QSB-META02/metadata_catalog_update/qsb_metadata_catalog_meta02.sqlite,meta_vocabulary,2,namespace_owner,TEXT,1,,0,"CREATE TABLE meta_vocabulary (     vocabulary_id TEXT PRIMARY KEY,     vocabulary_name TEXT NOT NULL UNIQUE,     namespace_owner TEXT NOT NULL,     vocabulary_version TEXT NOT NULL,     status TEXT NOT NULL CHECK (status IN ('draft', 'active', 'deprecated', 'rejected')) )"
meta02_catalog,runs/QSB-META02/metadata_catalog_update/qsb_metadata_catalog_meta02.sqlite,meta_vocabulary,3,vocabulary_version,TEXT,1,,0,"CREATE TABLE meta_vocabulary (     vocabulary_id TEXT PRIMARY KEY,     vocabulary_name TEXT NOT NULL UNIQUE,     namespace_owner TEXT NOT NULL,     vocabulary_version TEXT NOT NULL,     status TEXT NOT NULL CHECK (status IN ('draft', 'active', 'deprecated', 'rejected')) )"
meta02_catalog,runs/QSB-META02/metadata_catalog_update/qsb_metadata_catalog_meta02.sqlite,meta_vocabulary,4,status,TEXT,1,,0,"CREATE TABLE meta_vocabulary (     vocabulary_id TEXT PRIMARY KEY,     vocabulary_name TEXT NOT NULL UNIQUE,     namespace_owner TEXT NOT NULL,     vocabulary_version TEXT NOT NULL,     status TEXT NOT NULL CHECK (status IN ('draft', 'active', 'deprecated', 'rejected')) )"
meta02_catalog,runs/QSB-META02/metadata_catalog_update/qsb_metadata_catalog_meta02.sqlite,meta_vocabulary_entry,0,vocabulary_entry_id,TEXT,0,,1,"CREATE TABLE meta_vocabulary_entry (     vocabulary_entry_id TEXT PRIMARY KEY,     vocabulary_id TEXT NOT NULL REFERENCES meta_vocabulary(vocabulary_id),     canonical_code TEXT NOT NULL,     english_label TEXT NOT NULL,     german_alias TEXT,     definition TEXT NOT NULL,     entry_status TEXT NOT NULL CHECK (entry_status IN ('draft', 'active', 'deprecated', 'rejected')),     introduced_version TEXT NOT NULL,     deprecated_version TEXT,     replacement_code TEXT,     human_review_status TEXT N"
meta02_catalog,runs/QSB-META02/metadata_catalog_update/qsb_metadata_catalog_meta02.sqlite,meta_vocabulary_entry,1,vocabulary_id,TEXT,1,,0,"CREATE TABLE meta_vocabulary_entry (     vocabulary_entry_id TEXT PRIMARY KEY,     vocabulary_id TEXT NOT NULL REFERENCES meta_vocabulary(vocabulary_id),     canonical_code TEXT NOT NULL,     english_label TEXT NOT NULL,     german_alias TEXT,     definition TEXT NOT NULL,     entry_status TEXT NOT NULL CHECK (entry_status IN ('draft', 'active', 'deprecated', 'rejected')),     introduced_version TEXT NOT NULL,     deprecated_version TEXT,     replacement_code TEXT,     human_review_status TEXT N"
meta02_catalog,runs/QSB-META02/metadata_catalog_update/qsb_metadata_catalog_meta02.sqlite,meta_vocabulary_entry,2,canonical_code,TEXT,1,,0,"CREATE TABLE meta_vocabulary_entry (     vocabulary_entry_id TEXT PRIMARY KEY,     vocabulary_id TEXT NOT NULL REFERENCES meta_vocabulary(vocabulary_id),     canonical_code TEXT NOT NULL,     english_label TEXT NOT NULL,     german_alias TEXT,     definition TEXT NOT NULL,     entry_status TEXT NOT NULL CHECK (entry_status IN ('draft', 'active', 'deprecated', 'rejected')),     introduced_version TEXT NOT NULL,     deprecated_version TEXT,     replacement_code TEXT,     human_review_status TEXT N"
meta02_catalog,runs/QSB-META02/metadata_catalog_update/qsb_metadata_catalog_meta02.sqlite,meta_vocabulary_entry,3,english_label,TEXT,1,,0,"CREATE TABLE meta_vocabulary_entry (     vocabulary_entry_id TEXT PRIMARY KEY,     vocabulary_id TEXT NOT NULL REFERENCES meta_vocabulary(vocabulary_id),     canonical_code TEXT NOT NULL,     english_label TEXT NOT NULL,     german_alias TEXT,     definition TEXT NOT NULL,     entry_status TEXT NOT NULL CHECK (entry_status IN ('draft', 'active', 'deprecated', 'rejected')),     introduced_version TEXT NOT NULL,     deprecated_version TEXT,     replacement_code TEXT,     human_review_status TEXT N"
meta02_catalog,runs/QSB-META02/metadata_catalog_update/qsb_metadata_catalog_meta02.sqlite,meta_vocabulary_entry,4,german_alias,TEXT,0,,0,"CREATE TABLE meta_vocabulary_entry (     vocabulary_entry_id TEXT PRIMARY KEY,     vocabulary_id TEXT NOT NULL REFERENCES meta_vocabulary(vocabulary_id),     canonical_code TEXT NOT NULL,     english_label TEXT NOT NULL,     german_alias TEXT,     definition TEXT NOT NULL,     entry_status TEXT NOT NULL CHECK (entry_status IN ('draft', 'active', 'deprecated', 'rejected')),     introduced_version TEXT NOT NULL,     deprecated_version TEXT,     replacement_code TEXT,     human_review_status TEXT N"
meta02_catalog,runs/QSB-META02/metadata_catalog_update/qsb_metadata_catalog_meta02.sqlite,meta_vocabulary_entry,5,definition,TEXT,1,,0,"CREATE TABLE meta_vocabulary_entry (     vocabulary_entry_id TEXT PRIMARY KEY,     vocabulary_id TEXT NOT NULL REFERENCES meta_vocabulary(vocabulary_id),     canonical_code TEXT NOT NULL,     english_label TEXT NOT NULL,     german_alias TEXT,     definition TEXT NOT NULL,     entry_status TEXT NOT NULL CHECK (entry_status IN ('draft', 'active', 'deprecated', 'rejected')),     introduced_version TEXT NOT NULL,     deprecated_version TEXT,     replacement_code TEXT,     human_review_status TEXT N"
meta02_catalog,runs/QSB-META02/metadata_catalog_update/qsb_metadata_catalog_meta02.sqlite,meta_vocabulary_entry,6,entry_status,TEXT,1,,0,"CREATE TABLE meta_vocabulary_entry (     vocabulary_entry_id TEXT PRIMARY KEY,     vocabulary_id TEXT NOT NULL REFERENCES meta_vocabulary(vocabulary_id),     canonical_code TEXT NOT NULL,     english_label TEXT NOT NULL,     german_alias TEXT,     definition TEXT NOT NULL,     entry_status TEXT NOT NULL CHECK (entry_status IN ('draft', 'active', 'deprecated', 'rejected')),     introduced_version TEXT NOT NULL,     deprecated_version TEXT,     replacement_code TEXT,     human_review_status TEXT N"
meta02_catalog,runs/QSB-META02/metadata_catalog_update/qsb_metadata_catalog_meta02.sqlite,meta_vocabulary_entry,7,introduced_version,TEXT,1,,0,"CREATE TABLE meta_vocabulary_entry (     vocabulary_entry_id TEXT PRIMARY KEY,     vocabulary_id TEXT NOT NULL REFERENCES meta_vocabulary(vocabulary_id),     canonical_code TEXT NOT NULL,     english_label TEXT NOT NULL,     german_alias TEXT,     definition TEXT NOT NULL,     entry_status TEXT NOT NULL CHECK (entry_status IN ('draft', 'active', 'deprecated', 'rejected')),     introduced_version TEXT NOT NULL,     deprecated_version TEXT,     replacement_code TEXT,     human_review_status TEXT N"
meta02_catalog,runs/QSB-META02/metadata_catalog_update/qsb_metadata_catalog_meta02.sqlite,meta_vocabulary_entry,8,deprecated_version,TEXT,0,,0,"CREATE TABLE meta_vocabulary_entry (     vocabulary_entry_id TEXT PRIMARY KEY,     vocabulary_id TEXT NOT NULL REFERENCES meta_vocabulary(vocabulary_id),     canonical_code TEXT NOT NULL,     english_label TEXT NOT NULL,     german_alias TEXT,     definition TEXT NOT NULL,     entry_status TEXT NOT NULL CHECK (entry_status IN ('draft', 'active', 'deprecated', 'rejected')),     introduced_version TEXT NOT NULL,     deprecated_version TEXT,     replacement_code TEXT,     human_review_status TEXT N"
meta02_catalog,runs/QSB-META02/metadata_catalog_update/qsb_metadata_catalog_meta02.sqlite,meta_vocabulary_entry,9,replacement_code,TEXT,0,,0,"CREATE TABLE meta_vocabulary_entry (     vocabulary_entry_id TEXT PRIMARY KEY,     vocabulary_id TEXT NOT NULL REFERENCES meta_vocabulary(vocabulary_id),     canonical_code TEXT NOT NULL,     english_label TEXT NOT NULL,     german_alias TEXT,     definition TEXT NOT NULL,     entry_status TEXT NOT NULL CHECK (entry_status IN ('draft', 'active', 'deprecated', 'rejected')),     introduced_version TEXT NOT NULL,     deprecated_version TEXT,     replacement_code TEXT,     human_review_status TEXT N"
meta02_catalog,runs/QSB-META02/metadata_catalog_update/qsb_metadata_catalog_meta02.sqlite,meta_vocabulary_entry,10,human_review_status,TEXT,1,,0,"CREATE TABLE meta_vocabulary_entry (     vocabulary_entry_id TEXT PRIMARY KEY,     vocabulary_id TEXT NOT NULL REFERENCES meta_vocabulary(vocabulary_id),     canonical_code TEXT NOT NULL,     english_label TEXT NOT NULL,     german_alias TEXT,     definition TEXT NOT NULL,     entry_status TEXT NOT NULL CHECK (entry_status IN ('draft', 'active', 'deprecated', 'rejected')),     introduced_version TEXT NOT NULL,     deprecated_version TEXT,     replacement_code TEXT,     human_review_status TEXT N"
meta02_catalog,runs/QSB-META02/metadata_catalog_update/qsb_metadata_catalog_meta02.sqlite,meta_work_package,0,work_package_id,TEXT,0,,1,"CREATE TABLE meta_work_package (     work_package_id TEXT PRIMARY KEY,     mart_id TEXT NOT NULL REFERENCES meta_mart(mart_id),     work_package_code TEXT NOT NULL UNIQUE,     canonical_namespace TEXT NOT NULL UNIQUE CHECK (canonical_namespace = lower(canonical_namespace)),     work_package_name TEXT NOT NULL,     status TEXT NOT NULL )"
meta02_catalog,runs/QSB-META02/metadata_catalog_update/qsb_metadata_catalog_meta02.sqlite,meta_work_package,1,mart_id,TEXT,1,,0,"CREATE TABLE meta_work_package (     work_package_id TEXT PRIMARY KEY,     mart_id TEXT NOT NULL REFERENCES meta_mart(mart_id),     work_package_code TEXT NOT NULL UNIQUE,     canonical_namespace TEXT NOT NULL UNIQUE CHECK (canonical_namespace = lower(canonical_namespace)),     work_package_name TEXT NOT NULL,     status TEXT NOT NULL )"
meta02_catalog,runs/QSB-META02/metadata_catalog_update/qsb_metadata_catalog_meta02.sqlite,meta_work_package,2,work_package_code,TEXT,1,,0,"CREATE TABLE meta_work_package (     work_package_id TEXT PRIMARY KEY,     mart_id TEXT NOT NULL REFERENCES meta_mart(mart_id),     work_package_code TEXT NOT NULL UNIQUE,     canonical_namespace TEXT NOT NULL UNIQUE CHECK (canonical_namespace = lower(canonical_namespace)),     work_package_name TEXT NOT NULL,     status TEXT NOT NULL )"
meta02_catalog,runs/QSB-META02/metadata_catalog_update/qsb_metadata_catalog_meta02.sqlite,meta_work_package,3,canonical_namespace,TEXT,1,,0,"CREATE TABLE meta_work_package (     work_package_id TEXT PRIMARY KEY,     mart_id TEXT NOT NULL REFERENCES meta_mart(mart_id),     work_package_code TEXT NOT NULL UNIQUE,     canonical_namespace TEXT NOT NULL UNIQUE CHECK (canonical_namespace = lower(canonical_namespace)),     work_package_name TEXT NOT NULL,     status TEXT NOT NULL )"
meta02_catalog,runs/QSB-META02/metadata_catalog_update/qsb_metadata_catalog_meta02.sqlite,meta_work_package,4,work_package_name,TEXT,1,,0,"CREATE TABLE meta_work_package (     work_package_id TEXT PRIMARY KEY,     mart_id TEXT NOT NULL REFERENCES meta_mart(mart_id),     work_package_code TEXT NOT NULL UNIQUE,     canonical_namespace TEXT NOT NULL UNIQUE CHECK (canonical_namespace = lower(canonical_namespace)),     work_package_name TEXT NOT NULL,     status TEXT NOT NULL )"
meta02_catalog,runs/QSB-META02/metadata_catalog_update/qsb_metadata_catalog_meta02.sqlite,meta_work_package,5,status,TEXT,1,,0,"CREATE TABLE meta_work_package (     work_package_id TEXT PRIMARY KEY,     mart_id TEXT NOT NULL REFERENCES meta_mart(mart_id),     work_package_code TEXT NOT NULL UNIQUE,     canonical_namespace TEXT NOT NULL UNIQUE CHECK (canonical_namespace = lower(canonical_namespace)),     work_package_name TEXT NOT NULL,     status TEXT NOT NULL )"
corrcore01_catalog,runs/QSB-CORRCORE01/metadata_catalog_update/qsb_metadata_catalog_corrcore01.sqlite,meta_alias,0,alias_id,TEXT,0,,1,"CREATE TABLE meta_alias (     alias_id TEXT PRIMARY KEY,     canonical_object_type TEXT NOT NULL,     canonical_object_id TEXT NOT NULL,     language_code TEXT NOT NULL,     alias_text TEXT NOT NULL,     presentation_scope TEXT NOT NULL,     CHECK (language_code <> ''),     UNIQUE (canonical_object_type, canonical_object_id, language_code, presentation_scope) )"
corrcore01_catalog,runs/QSB-CORRCORE01/metadata_catalog_update/qsb_metadata_catalog_corrcore01.sqlite,meta_alias,1,canonical_object_type,TEXT,1,,0,"CREATE TABLE meta_alias (     alias_id TEXT PRIMARY KEY,     canonical_object_type TEXT NOT NULL,     canonical_object_id TEXT NOT NULL,     language_code TEXT NOT NULL,     alias_text TEXT NOT NULL,     presentation_scope TEXT NOT NULL,     CHECK (language_code <> ''),     UNIQUE (canonical_object_type, canonical_object_id, language_code, presentation_scope) )"
corrcore01_catalog,runs/QSB-CORRCORE01/metadata_catalog_update/qsb_metadata_catalog_corrcore01.sqlite,meta_alias,2,canonical_object_id,TEXT,1,,0,"CREATE TABLE meta_alias (     alias_id TEXT PRIMARY KEY,     canonical_object_type TEXT NOT NULL,     canonical_object_id TEXT NOT NULL,     language_code TEXT NOT NULL,     alias_text TEXT NOT NULL,     presentation_scope TEXT NOT NULL,     CHECK (language_code <> ''),     UNIQUE (canonical_object_type, canonical_object_id, language_code, presentation_scope) )"
corrcore01_catalog,runs/QSB-CORRCORE01/metadata_catalog_update/qsb_metadata_catalog_corrcore01.sqlite,meta_alias,3,language_code,TEXT,1,,0,"CREATE TABLE meta_alias (     alias_id TEXT PRIMARY KEY,     canonical_object_type TEXT NOT NULL,     canonical_object_id TEXT NOT NULL,     language_code TEXT NOT NULL,     alias_text TEXT NOT NULL,     presentation_scope TEXT NOT NULL,     CHECK (language_code <> ''),     UNIQUE (canonical_object_type, canonical_object_id, language_code, presentation_scope) )"
corrcore01_catalog,runs/QSB-CORRCORE01/metadata_catalog_update/qsb_metadata_catalog_corrcore01.sqlite,meta_alias,4,alias_text,TEXT,1,,0,"CREATE TABLE meta_alias (     alias_id TEXT PRIMARY KEY,     canonical_object_type TEXT NOT NULL,     canonical_object_id TEXT NOT NULL,     language_code TEXT NOT NULL,     alias_text TEXT NOT NULL,     presentation_scope TEXT NOT NULL,     CHECK (language_code <> ''),     UNIQUE (canonical_object_type, canonical_object_id, language_code, presentation_scope) )"
corrcore01_catalog,runs/QSB-CORRCORE01/metadata_catalog_update/qsb_metadata_catalog_corrcore01.sqlite,meta_alias,5,presentation_scope,TEXT,1,,0,"CREATE TABLE meta_alias (     alias_id TEXT PRIMARY KEY,     canonical_object_type TEXT NOT NULL,     canonical_object_id TEXT NOT NULL,     language_code TEXT NOT NULL,     alias_text TEXT NOT NULL,     presentation_scope TEXT NOT NULL,     CHECK (language_code <> ''),     UNIQUE (canonical_object_type, canonical_object_id, language_code, presentation_scope) )"
corrcore01_catalog,runs/QSB-CORRCORE01/metadata_catalog_update/qsb_metadata_catalog_corrcore01.sqlite,meta_claim,0,claim_id,TEXT,0,,1,"CREATE TABLE meta_claim (     claim_id TEXT PRIMARY KEY,     mart_id TEXT NOT NULL REFERENCES meta_mart(mart_id),     claim_text TEXT NOT NULL,     claim_scope TEXT NOT NULL,     claim_status TEXT NOT NULL CHECK (claim_status IN ('draft', 'bounded', 'rejected', 'requires_human_review', 'draft_without_evidence')),     boundary_statement TEXT NOT NULL )"
corrcore01_catalog,runs/QSB-CORRCORE01/metadata_catalog_update/qsb_metadata_catalog_corrcore01.sqlite,meta_claim,1,mart_id,TEXT,1,,0,"CREATE TABLE meta_claim (     claim_id TEXT PRIMARY KEY,     mart_id TEXT NOT NULL REFERENCES meta_mart(mart_id),     claim_text TEXT NOT NULL,     claim_scope TEXT NOT NULL,     claim_status TEXT NOT NULL CHECK (claim_status IN ('draft', 'bounded', 'rejected', 'requires_human_review', 'draft_without_evidence')),     boundary_statement TEXT NOT NULL )"
corrcore01_catalog,runs/QSB-CORRCORE01/metadata_catalog_update/qsb_metadata_catalog_corrcore01.sqlite,meta_claim,2,claim_text,TEXT,1,,0,"CREATE TABLE meta_claim (     claim_id TEXT PRIMARY KEY,     mart_id TEXT NOT NULL REFERENCES meta_mart(mart_id),     claim_text TEXT NOT NULL,     claim_scope TEXT NOT NULL,     claim_status TEXT NOT NULL CHECK (claim_status IN ('draft', 'bounded', 'rejected', 'requires_human_review', 'draft_without_evidence')),     boundary_statement TEXT NOT NULL )"
corrcore01_catalog,runs/QSB-CORRCORE01/metadata_catalog_update/qsb_metadata_catalog_corrcore01.sqlite,meta_claim,3,claim_scope,TEXT,1,,0,"CREATE TABLE meta_claim (     claim_id TEXT PRIMARY KEY,     mart_id TEXT NOT NULL REFERENCES meta_mart(mart_id),     claim_text TEXT NOT NULL,     claim_scope TEXT NOT NULL,     claim_status TEXT NOT NULL CHECK (claim_status IN ('draft', 'bounded', 'rejected', 'requires_human_review', 'draft_without_evidence')),     boundary_statement TEXT NOT NULL )"
corrcore01_catalog,runs/QSB-CORRCORE01/metadata_catalog_update/qsb_metadata_catalog_corrcore01.sqlite,meta_claim,4,claim_status,TEXT,1,,0,"CREATE TABLE meta_claim (     claim_id TEXT PRIMARY KEY,     mart_id TEXT NOT NULL REFERENCES meta_mart(mart_id),     claim_text TEXT NOT NULL,     claim_scope TEXT NOT NULL,     claim_status TEXT NOT NULL CHECK (claim_status IN ('draft', 'bounded', 'rejected', 'requires_human_review', 'draft_without_evidence')),     boundary_statement TEXT NOT NULL )"
corrcore01_catalog,runs/QSB-CORRCORE01/metadata_catalog_update/qsb_metadata_catalog_corrcore01.sqlite,meta_claim,5,boundary_statement,TEXT,1,,0,"CREATE TABLE meta_claim (     claim_id TEXT PRIMARY KEY,     mart_id TEXT NOT NULL REFERENCES meta_mart(mart_id),     claim_text TEXT NOT NULL,     claim_scope TEXT NOT NULL,     claim_status TEXT NOT NULL CHECK (claim_status IN ('draft', 'bounded', 'rejected', 'requires_human_review', 'draft_without_evidence')),     boundary_statement TEXT NOT NULL )"
corrcore01_catalog,runs/QSB-CORRCORE01/metadata_catalog_update/qsb_metadata_catalog_corrcore01.sqlite,meta_claim_result_link,0,claim_result_link_id,TEXT,0,,1,"CREATE TABLE meta_claim_result_link (     claim_result_link_id TEXT PRIMARY KEY,     claim_id TEXT NOT NULL REFERENCES meta_claim(claim_id),     result_record_id TEXT NOT NULL REFERENCES meta_result_record(result_record_id),     relation_type TEXT NOT NULL CHECK (relation_type IN ('supports', 'contradicts', 'qualifies', 'limits', 'context_only')),     link_status TEXT NOT NULL )"
corrcore01_catalog,runs/QSB-CORRCORE01/metadata_catalog_update/qsb_metadata_catalog_corrcore01.sqlite,meta_claim_result_link,1,claim_id,TEXT,1,,0,"CREATE TABLE meta_claim_result_link (     claim_result_link_id TEXT PRIMARY KEY,     claim_id TEXT NOT NULL REFERENCES meta_claim(claim_id),     result_record_id TEXT NOT NULL REFERENCES meta_result_record(result_record_id),     relation_type TEXT NOT NULL CHECK (relation_type IN ('supports', 'contradicts', 'qualifies', 'limits', 'context_only')),     link_status TEXT NOT NULL )"
corrcore01_catalog,runs/QSB-CORRCORE01/metadata_catalog_update/qsb_metadata_catalog_corrcore01.sqlite,meta_claim_result_link,2,result_record_id,TEXT,1,,0,"CREATE TABLE meta_claim_result_link (     claim_result_link_id TEXT PRIMARY KEY,     claim_id TEXT NOT NULL REFERENCES meta_claim(claim_id),     result_record_id TEXT NOT NULL REFERENCES meta_result_record(result_record_id),     relation_type TEXT NOT NULL CHECK (relation_type IN ('supports', 'contradicts', 'qualifies', 'limits', 'context_only')),     link_status TEXT NOT NULL )"
corrcore01_catalog,runs/QSB-CORRCORE01/metadata_catalog_update/qsb_metadata_catalog_corrcore01.sqlite,meta_claim_result_link,3,relation_type,TEXT,1,,0,"CREATE TABLE meta_claim_result_link (     claim_result_link_id TEXT PRIMARY KEY,     claim_id TEXT NOT NULL REFERENCES meta_claim(claim_id),     result_record_id TEXT NOT NULL REFERENCES meta_result_record(result_record_id),     relation_type TEXT NOT NULL CHECK (relation_type IN ('supports', 'contradicts', 'qualifies', 'limits', 'context_only')),     link_status TEXT NOT NULL )"
corrcore01_catalog,runs/QSB-CORRCORE01/metadata_catalog_update/qsb_metadata_catalog_corrcore01.sqlite,meta_claim_result_link,4,link_status,TEXT,1,,0,"CREATE TABLE meta_claim_result_link (     claim_result_link_id TEXT PRIMARY KEY,     claim_id TEXT NOT NULL REFERENCES meta_claim(claim_id),     result_record_id TEXT NOT NULL REFERENCES meta_result_record(result_record_id),     relation_type TEXT NOT NULL CHECK (relation_type IN ('supports', 'contradicts', 'qualifies', 'limits', 'context_only')),     link_status TEXT NOT NULL )"
corrcore01_catalog,runs/QSB-CORRCORE01/metadata_catalog_update/qsb_metadata_catalog_corrcore01.sqlite,meta_etl_run,0,run_id,TEXT,0,,1,"CREATE TABLE meta_etl_run (     run_id TEXT PRIMARY KEY,     work_package_id TEXT NOT NULL REFERENCES meta_work_package(work_package_id),     runner_path TEXT NOT NULL,     run_status TEXT NOT NULL,     execution_identity_note TEXT NOT NULL )"
corrcore01_catalog,runs/QSB-CORRCORE01/metadata_catalog_update/qsb_metadata_catalog_corrcore01.sqlite,meta_etl_run,1,work_package_id,TEXT,1,,0,"CREATE TABLE meta_etl_run (     run_id TEXT PRIMARY KEY,     work_package_id TEXT NOT NULL REFERENCES meta_work_package(work_package_id),     runner_path TEXT NOT NULL,     run_status TEXT NOT NULL,     execution_identity_note TEXT NOT NULL )"
corrcore01_catalog,runs/QSB-CORRCORE01/metadata_catalog_update/qsb_metadata_catalog_corrcore01.sqlite,meta_etl_run,2,runner_path,TEXT,1,,0,"CREATE TABLE meta_etl_run (     run_id TEXT PRIMARY KEY,     work_package_id TEXT NOT NULL REFERENCES meta_work_package(work_package_id),     runner_path TEXT NOT NULL,     run_status TEXT NOT NULL,     execution_identity_note TEXT NOT NULL )"
corrcore01_catalog,runs/QSB-CORRCORE01/metadata_catalog_update/qsb_metadata_catalog_corrcore01.sqlite,meta_etl_run,3,run_status,TEXT,1,,0,"CREATE TABLE meta_etl_run (     run_id TEXT PRIMARY KEY,     work_package_id TEXT NOT NULL REFERENCES meta_work_package(work_package_id),     runner_path TEXT NOT NULL,     run_status TEXT NOT NULL,     execution_identity_note TEXT NOT NULL )"
corrcore01_catalog,runs/QSB-CORRCORE01/metadata_catalog_update/qsb_metadata_catalog_corrcore01.sqlite,meta_etl_run,4,execution_identity_note,TEXT,1,,0,"CREATE TABLE meta_etl_run (     run_id TEXT PRIMARY KEY,     work_package_id TEXT NOT NULL REFERENCES meta_work_package(work_package_id),     runner_path TEXT NOT NULL,     run_status TEXT NOT NULL,     execution_identity_note TEXT NOT NULL )"
corrcore01_catalog,runs/QSB-CORRCORE01/metadata_catalog_update/qsb_metadata_catalog_corrcore01.sqlite,meta_field,0,field_id,TEXT,0,,1,"CREATE TABLE meta_field (     field_id TEXT PRIMARY KEY,     object_id TEXT NOT NULL REFERENCES meta_object(object_id),     canonical_field_name TEXT NOT NULL,     data_type TEXT NOT NULL,     nullable INTEGER NOT NULL CHECK (nullable IN (0, 1)),     key_role TEXT NOT NULL,     derivation_class TEXT NOT NULL CHECK (derivation_class IN (         'direct_copy', 'renamed_copy', 'unit_conversion', 'normalized_value',         'derived_expression', 'constant_with_rule', 'lookup_mapping',         'aggr"
corrcore01_catalog,runs/QSB-CORRCORE01/metadata_catalog_update/qsb_metadata_catalog_corrcore01.sqlite,meta_field,1,object_id,TEXT,1,,0,"CREATE TABLE meta_field (     field_id TEXT PRIMARY KEY,     object_id TEXT NOT NULL REFERENCES meta_object(object_id),     canonical_field_name TEXT NOT NULL,     data_type TEXT NOT NULL,     nullable INTEGER NOT NULL CHECK (nullable IN (0, 1)),     key_role TEXT NOT NULL,     derivation_class TEXT NOT NULL CHECK (derivation_class IN (         'direct_copy', 'renamed_copy', 'unit_conversion', 'normalized_value',         'derived_expression', 'constant_with_rule', 'lookup_mapping',         'aggr"
corrcore01_catalog,runs/QSB-CORRCORE01/metadata_catalog_update/qsb_metadata_catalog_corrcore01.sqlite,meta_field,2,canonical_field_name,TEXT,1,,0,"CREATE TABLE meta_field (     field_id TEXT PRIMARY KEY,     object_id TEXT NOT NULL REFERENCES meta_object(object_id),     canonical_field_name TEXT NOT NULL,     data_type TEXT NOT NULL,     nullable INTEGER NOT NULL CHECK (nullable IN (0, 1)),     key_role TEXT NOT NULL,     derivation_class TEXT NOT NULL CHECK (derivation_class IN (         'direct_copy', 'renamed_copy', 'unit_conversion', 'normalized_value',         'derived_expression', 'constant_with_rule', 'lookup_mapping',         'aggr"
corrcore01_catalog,runs/QSB-CORRCORE01/metadata_catalog_update/qsb_metadata_catalog_corrcore01.sqlite,meta_field,3,data_type,TEXT,1,,0,"CREATE TABLE meta_field (     field_id TEXT PRIMARY KEY,     object_id TEXT NOT NULL REFERENCES meta_object(object_id),     canonical_field_name TEXT NOT NULL,     data_type TEXT NOT NULL,     nullable INTEGER NOT NULL CHECK (nullable IN (0, 1)),     key_role TEXT NOT NULL,     derivation_class TEXT NOT NULL CHECK (derivation_class IN (         'direct_copy', 'renamed_copy', 'unit_conversion', 'normalized_value',         'derived_expression', 'constant_with_rule', 'lookup_mapping',         'aggr"
corrcore01_catalog,runs/QSB-CORRCORE01/metadata_catalog_update/qsb_metadata_catalog_corrcore01.sqlite,meta_field,4,nullable,INTEGER,1,,0,"CREATE TABLE meta_field (     field_id TEXT PRIMARY KEY,     object_id TEXT NOT NULL REFERENCES meta_object(object_id),     canonical_field_name TEXT NOT NULL,     data_type TEXT NOT NULL,     nullable INTEGER NOT NULL CHECK (nullable IN (0, 1)),     key_role TEXT NOT NULL,     derivation_class TEXT NOT NULL CHECK (derivation_class IN (         'direct_copy', 'renamed_copy', 'unit_conversion', 'normalized_value',         'derived_expression', 'constant_with_rule', 'lookup_mapping',         'aggr"
corrcore01_catalog,runs/QSB-CORRCORE01/metadata_catalog_update/qsb_metadata_catalog_corrcore01.sqlite,meta_field,5,key_role,TEXT,1,,0,"CREATE TABLE meta_field (     field_id TEXT PRIMARY KEY,     object_id TEXT NOT NULL REFERENCES meta_object(object_id),     canonical_field_name TEXT NOT NULL,     data_type TEXT NOT NULL,     nullable INTEGER NOT NULL CHECK (nullable IN (0, 1)),     key_role TEXT NOT NULL,     derivation_class TEXT NOT NULL CHECK (derivation_class IN (         'direct_copy', 'renamed_copy', 'unit_conversion', 'normalized_value',         'derived_expression', 'constant_with_rule', 'lookup_mapping',         'aggr"
corrcore01_catalog,runs/QSB-CORRCORE01/metadata_catalog_update/qsb_metadata_catalog_corrcore01.sqlite,meta_field,6,derivation_class,TEXT,1,,0,"CREATE TABLE meta_field (     field_id TEXT PRIMARY KEY,     object_id TEXT NOT NULL REFERENCES meta_object(object_id),     canonical_field_name TEXT NOT NULL,     data_type TEXT NOT NULL,     nullable INTEGER NOT NULL CHECK (nullable IN (0, 1)),     key_role TEXT NOT NULL,     derivation_class TEXT NOT NULL CHECK (derivation_class IN (         'direct_copy', 'renamed_copy', 'unit_conversion', 'normalized_value',         'derived_expression', 'constant_with_rule', 'lookup_mapping',         'aggr"
corrcore01_catalog,runs/QSB-CORRCORE01/metadata_catalog_update/qsb_metadata_catalog_corrcore01.sqlite,meta_field,7,dependency_status,TEXT,1,,0,"CREATE TABLE meta_field (     field_id TEXT PRIMARY KEY,     object_id TEXT NOT NULL REFERENCES meta_object(object_id),     canonical_field_name TEXT NOT NULL,     data_type TEXT NOT NULL,     nullable INTEGER NOT NULL CHECK (nullable IN (0, 1)),     key_role TEXT NOT NULL,     derivation_class TEXT NOT NULL CHECK (derivation_class IN (         'direct_copy', 'renamed_copy', 'unit_conversion', 'normalized_value',         'derived_expression', 'constant_with_rule', 'lookup_mapping',         'aggr"
corrcore01_catalog,runs/QSB-CORRCORE01/metadata_catalog_update/qsb_metadata_catalog_corrcore01.sqlite,meta_field,8,source_object_ids,TEXT,0,,0,"CREATE TABLE meta_field (     field_id TEXT PRIMARY KEY,     object_id TEXT NOT NULL REFERENCES meta_object(object_id),     canonical_field_name TEXT NOT NULL,     data_type TEXT NOT NULL,     nullable INTEGER NOT NULL CHECK (nullable IN (0, 1)),     key_role TEXT NOT NULL,     derivation_class TEXT NOT NULL CHECK (derivation_class IN (         'direct_copy', 'renamed_copy', 'unit_conversion', 'normalized_value',         'derived_expression', 'constant_with_rule', 'lookup_mapping',         'aggr"
corrcore01_catalog,runs/QSB-CORRCORE01/metadata_catalog_update/qsb_metadata_catalog_corrcore01.sqlite,meta_field,9,source_field_ids,TEXT,0,,0,"CREATE TABLE meta_field (     field_id TEXT PRIMARY KEY,     object_id TEXT NOT NULL REFERENCES meta_object(object_id),     canonical_field_name TEXT NOT NULL,     data_type TEXT NOT NULL,     nullable INTEGER NOT NULL CHECK (nullable IN (0, 1)),     key_role TEXT NOT NULL,     derivation_class TEXT NOT NULL CHECK (derivation_class IN (         'direct_copy', 'renamed_copy', 'unit_conversion', 'normalized_value',         'derived_expression', 'constant_with_rule', 'lookup_mapping',         'aggr"
corrcore01_catalog,runs/QSB-CORRCORE01/metadata_catalog_update/qsb_metadata_catalog_corrcore01.sqlite,meta_field,10,transformation_rule_id,TEXT,0,,0,"CREATE TABLE meta_field (     field_id TEXT PRIMARY KEY,     object_id TEXT NOT NULL REFERENCES meta_object(object_id),     canonical_field_name TEXT NOT NULL,     data_type TEXT NOT NULL,     nullable INTEGER NOT NULL CHECK (nullable IN (0, 1)),     key_role TEXT NOT NULL,     derivation_class TEXT NOT NULL CHECK (derivation_class IN (         'direct_copy', 'renamed_copy', 'unit_conversion', 'normalized_value',         'derived_expression', 'constant_with_rule', 'lookup_mapping',         'aggr"
corrcore01_catalog,runs/QSB-CORRCORE01/metadata_catalog_update/qsb_metadata_catalog_corrcore01.sqlite,meta_field,11,quantity_kind_id,TEXT,0,,0,"CREATE TABLE meta_field (     field_id TEXT PRIMARY KEY,     object_id TEXT NOT NULL REFERENCES meta_object(object_id),     canonical_field_name TEXT NOT NULL,     data_type TEXT NOT NULL,     nullable INTEGER NOT NULL CHECK (nullable IN (0, 1)),     key_role TEXT NOT NULL,     derivation_class TEXT NOT NULL CHECK (derivation_class IN (         'direct_copy', 'renamed_copy', 'unit_conversion', 'normalized_value',         'derived_expression', 'constant_with_rule', 'lookup_mapping',         'aggr"
corrcore01_catalog,runs/QSB-CORRCORE01/metadata_catalog_update/qsb_metadata_catalog_corrcore01.sqlite,meta_field,12,unit_original_id,TEXT,0,,0,"CREATE TABLE meta_field (     field_id TEXT PRIMARY KEY,     object_id TEXT NOT NULL REFERENCES meta_object(object_id),     canonical_field_name TEXT NOT NULL,     data_type TEXT NOT NULL,     nullable INTEGER NOT NULL CHECK (nullable IN (0, 1)),     key_role TEXT NOT NULL,     derivation_class TEXT NOT NULL CHECK (derivation_class IN (         'direct_copy', 'renamed_copy', 'unit_conversion', 'normalized_value',         'derived_expression', 'constant_with_rule', 'lookup_mapping',         'aggr"
corrcore01_catalog,runs/QSB-CORRCORE01/metadata_catalog_update/qsb_metadata_catalog_corrcore01.sqlite,meta_field,13,unit_calculation_id,TEXT,0,,0,"CREATE TABLE meta_field (     field_id TEXT PRIMARY KEY,     object_id TEXT NOT NULL REFERENCES meta_object(object_id),     canonical_field_name TEXT NOT NULL,     data_type TEXT NOT NULL,     nullable INTEGER NOT NULL CHECK (nullable IN (0, 1)),     key_role TEXT NOT NULL,     derivation_class TEXT NOT NULL CHECK (derivation_class IN (         'direct_copy', 'renamed_copy', 'unit_conversion', 'normalized_value',         'derived_expression', 'constant_with_rule', 'lookup_mapping',         'aggr"
corrcore01_catalog,runs/QSB-CORRCORE01/metadata_catalog_update/qsb_metadata_catalog_corrcore01.sqlite,meta_field,14,unit_display_id,TEXT,0,,0,"CREATE TABLE meta_field (     field_id TEXT PRIMARY KEY,     object_id TEXT NOT NULL REFERENCES meta_object(object_id),     canonical_field_name TEXT NOT NULL,     data_type TEXT NOT NULL,     nullable INTEGER NOT NULL CHECK (nullable IN (0, 1)),     key_role TEXT NOT NULL,     derivation_class TEXT NOT NULL CHECK (derivation_class IN (         'direct_copy', 'renamed_copy', 'unit_conversion', 'normalized_value',         'derived_expression', 'constant_with_rule', 'lookup_mapping',         'aggr"
corrcore01_catalog,runs/QSB-CORRCORE01/metadata_catalog_update/qsb_metadata_catalog_corrcore01.sqlite,meta_field,15,dimension_vector,TEXT,0,,0,"CREATE TABLE meta_field (     field_id TEXT PRIMARY KEY,     object_id TEXT NOT NULL REFERENCES meta_object(object_id),     canonical_field_name TEXT NOT NULL,     data_type TEXT NOT NULL,     nullable INTEGER NOT NULL CHECK (nullable IN (0, 1)),     key_role TEXT NOT NULL,     derivation_class TEXT NOT NULL CHECK (derivation_class IN (         'direct_copy', 'renamed_copy', 'unit_conversion', 'normalized_value',         'derived_expression', 'constant_with_rule', 'lookup_mapping',         'aggr"
corrcore01_catalog,runs/QSB-CORRCORE01/metadata_catalog_update/qsb_metadata_catalog_corrcore01.sqlite,meta_field,16,unit_status,TEXT,1,,0,"CREATE TABLE meta_field (     field_id TEXT PRIMARY KEY,     object_id TEXT NOT NULL REFERENCES meta_object(object_id),     canonical_field_name TEXT NOT NULL,     data_type TEXT NOT NULL,     nullable INTEGER NOT NULL CHECK (nullable IN (0, 1)),     key_role TEXT NOT NULL,     derivation_class TEXT NOT NULL CHECK (derivation_class IN (         'direct_copy', 'renamed_copy', 'unit_conversion', 'normalized_value',         'derived_expression', 'constant_with_rule', 'lookup_mapping',         'aggr"
corrcore01_catalog,runs/QSB-CORRCORE01/metadata_catalog_update/qsb_metadata_catalog_corrcore01.sqlite,meta_field,17,dimension_status,TEXT,1,,0,"CREATE TABLE meta_field (     field_id TEXT PRIMARY KEY,     object_id TEXT NOT NULL REFERENCES meta_object(object_id),     canonical_field_name TEXT NOT NULL,     data_type TEXT NOT NULL,     nullable INTEGER NOT NULL CHECK (nullable IN (0, 1)),     key_role TEXT NOT NULL,     derivation_class TEXT NOT NULL CHECK (derivation_class IN (         'direct_copy', 'renamed_copy', 'unit_conversion', 'normalized_value',         'derived_expression', 'constant_with_rule', 'lookup_mapping',         'aggr"
corrcore01_catalog,runs/QSB-CORRCORE01/metadata_catalog_update/qsb_metadata_catalog_corrcore01.sqlite,meta_key,0,key_id,TEXT,0,,1,"CREATE TABLE meta_key (     key_id TEXT PRIMARY KEY,     object_id TEXT NOT NULL REFERENCES meta_object(object_id),     key_name TEXT NOT NULL,     key_type TEXT NOT NULL CHECK (key_type IN ('primary', 'foreign', 'unique', 'natural', 'surrogate')),     field_order TEXT NOT NULL,     referenced_object_id TEXT REFERENCES meta_object(object_id),     identity_scope TEXT NOT NULL,     CHECK (key_type <> 'foreign' OR referenced_object_id IS NOT NULL) )"
corrcore01_catalog,runs/QSB-CORRCORE01/metadata_catalog_update/qsb_metadata_catalog_corrcore01.sqlite,meta_key,1,object_id,TEXT,1,,0,"CREATE TABLE meta_key (     key_id TEXT PRIMARY KEY,     object_id TEXT NOT NULL REFERENCES meta_object(object_id),     key_name TEXT NOT NULL,     key_type TEXT NOT NULL CHECK (key_type IN ('primary', 'foreign', 'unique', 'natural', 'surrogate')),     field_order TEXT NOT NULL,     referenced_object_id TEXT REFERENCES meta_object(object_id),     identity_scope TEXT NOT NULL,     CHECK (key_type <> 'foreign' OR referenced_object_id IS NOT NULL) )"
corrcore01_catalog,runs/QSB-CORRCORE01/metadata_catalog_update/qsb_metadata_catalog_corrcore01.sqlite,meta_key,2,key_name,TEXT,1,,0,"CREATE TABLE meta_key (     key_id TEXT PRIMARY KEY,     object_id TEXT NOT NULL REFERENCES meta_object(object_id),     key_name TEXT NOT NULL,     key_type TEXT NOT NULL CHECK (key_type IN ('primary', 'foreign', 'unique', 'natural', 'surrogate')),     field_order TEXT NOT NULL,     referenced_object_id TEXT REFERENCES meta_object(object_id),     identity_scope TEXT NOT NULL,     CHECK (key_type <> 'foreign' OR referenced_object_id IS NOT NULL) )"
corrcore01_catalog,runs/QSB-CORRCORE01/metadata_catalog_update/qsb_metadata_catalog_corrcore01.sqlite,meta_key,3,key_type,TEXT,1,,0,"CREATE TABLE meta_key (     key_id TEXT PRIMARY KEY,     object_id TEXT NOT NULL REFERENCES meta_object(object_id),     key_name TEXT NOT NULL,     key_type TEXT NOT NULL CHECK (key_type IN ('primary', 'foreign', 'unique', 'natural', 'surrogate')),     field_order TEXT NOT NULL,     referenced_object_id TEXT REFERENCES meta_object(object_id),     identity_scope TEXT NOT NULL,     CHECK (key_type <> 'foreign' OR referenced_object_id IS NOT NULL) )"
corrcore01_catalog,runs/QSB-CORRCORE01/metadata_catalog_update/qsb_metadata_catalog_corrcore01.sqlite,meta_key,4,field_order,TEXT,1,,0,"CREATE TABLE meta_key (     key_id TEXT PRIMARY KEY,     object_id TEXT NOT NULL REFERENCES meta_object(object_id),     key_name TEXT NOT NULL,     key_type TEXT NOT NULL CHECK (key_type IN ('primary', 'foreign', 'unique', 'natural', 'surrogate')),     field_order TEXT NOT NULL,     referenced_object_id TEXT REFERENCES meta_object(object_id),     identity_scope TEXT NOT NULL,     CHECK (key_type <> 'foreign' OR referenced_object_id IS NOT NULL) )"
corrcore01_catalog,runs/QSB-CORRCORE01/metadata_catalog_update/qsb_metadata_catalog_corrcore01.sqlite,meta_key,5,referenced_object_id,TEXT,0,,0,"CREATE TABLE meta_key (     key_id TEXT PRIMARY KEY,     object_id TEXT NOT NULL REFERENCES meta_object(object_id),     key_name TEXT NOT NULL,     key_type TEXT NOT NULL CHECK (key_type IN ('primary', 'foreign', 'unique', 'natural', 'surrogate')),     field_order TEXT NOT NULL,     referenced_object_id TEXT REFERENCES meta_object(object_id),     identity_scope TEXT NOT NULL,     CHECK (key_type <> 'foreign' OR referenced_object_id IS NOT NULL) )"
corrcore01_catalog,runs/QSB-CORRCORE01/metadata_catalog_update/qsb_metadata_catalog_corrcore01.sqlite,meta_key,6,identity_scope,TEXT,1,,0,"CREATE TABLE meta_key (     key_id TEXT PRIMARY KEY,     object_id TEXT NOT NULL REFERENCES meta_object(object_id),     key_name TEXT NOT NULL,     key_type TEXT NOT NULL CHECK (key_type IN ('primary', 'foreign', 'unique', 'natural', 'surrogate')),     field_order TEXT NOT NULL,     referenced_object_id TEXT REFERENCES meta_object(object_id),     identity_scope TEXT NOT NULL,     CHECK (key_type <> 'foreign' OR referenced_object_id IS NOT NULL) )"
corrcore01_catalog,runs/QSB-CORRCORE01/metadata_catalog_update/qsb_metadata_catalog_corrcore01.sqlite,meta_lineage,0,lineage_id,TEXT,0,,1,"CREATE TABLE meta_lineage (     lineage_id TEXT PRIMARY KEY,     mart_id TEXT NOT NULL REFERENCES meta_mart(mart_id),     source_object_id TEXT NOT NULL,     target_object_id TEXT NOT NULL REFERENCES meta_object(object_id),     source_field_id TEXT,     target_field_id TEXT REFERENCES meta_field(field_id),     run_id TEXT NOT NULL REFERENCES meta_etl_run(run_id),     transformation_rule_id TEXT REFERENCES meta_transformation_rule(transformation_rule_id),     lineage_scope TEXT NOT NULL CHECK (li"
corrcore01_catalog,runs/QSB-CORRCORE01/metadata_catalog_update/qsb_metadata_catalog_corrcore01.sqlite,meta_lineage,1,mart_id,TEXT,1,,0,"CREATE TABLE meta_lineage (     lineage_id TEXT PRIMARY KEY,     mart_id TEXT NOT NULL REFERENCES meta_mart(mart_id),     source_object_id TEXT NOT NULL,     target_object_id TEXT NOT NULL REFERENCES meta_object(object_id),     source_field_id TEXT,     target_field_id TEXT REFERENCES meta_field(field_id),     run_id TEXT NOT NULL REFERENCES meta_etl_run(run_id),     transformation_rule_id TEXT REFERENCES meta_transformation_rule(transformation_rule_id),     lineage_scope TEXT NOT NULL CHECK (li"
corrcore01_catalog,runs/QSB-CORRCORE01/metadata_catalog_update/qsb_metadata_catalog_corrcore01.sqlite,meta_lineage,2,source_object_id,TEXT,1,,0,"CREATE TABLE meta_lineage (     lineage_id TEXT PRIMARY KEY,     mart_id TEXT NOT NULL REFERENCES meta_mart(mart_id),     source_object_id TEXT NOT NULL,     target_object_id TEXT NOT NULL REFERENCES meta_object(object_id),     source_field_id TEXT,     target_field_id TEXT REFERENCES meta_field(field_id),     run_id TEXT NOT NULL REFERENCES meta_etl_run(run_id),     transformation_rule_id TEXT REFERENCES meta_transformation_rule(transformation_rule_id),     lineage_scope TEXT NOT NULL CHECK (li"
corrcore01_catalog,runs/QSB-CORRCORE01/metadata_catalog_update/qsb_metadata_catalog_corrcore01.sqlite,meta_lineage,3,target_object_id,TEXT,1,,0,"CREATE TABLE meta_lineage (     lineage_id TEXT PRIMARY KEY,     mart_id TEXT NOT NULL REFERENCES meta_mart(mart_id),     source_object_id TEXT NOT NULL,     target_object_id TEXT NOT NULL REFERENCES meta_object(object_id),     source_field_id TEXT,     target_field_id TEXT REFERENCES meta_field(field_id),     run_id TEXT NOT NULL REFERENCES meta_etl_run(run_id),     transformation_rule_id TEXT REFERENCES meta_transformation_rule(transformation_rule_id),     lineage_scope TEXT NOT NULL CHECK (li"
corrcore01_catalog,runs/QSB-CORRCORE01/metadata_catalog_update/qsb_metadata_catalog_corrcore01.sqlite,meta_lineage,4,source_field_id,TEXT,0,,0,"CREATE TABLE meta_lineage (     lineage_id TEXT PRIMARY KEY,     mart_id TEXT NOT NULL REFERENCES meta_mart(mart_id),     source_object_id TEXT NOT NULL,     target_object_id TEXT NOT NULL REFERENCES meta_object(object_id),     source_field_id TEXT,     target_field_id TEXT REFERENCES meta_field(field_id),     run_id TEXT NOT NULL REFERENCES meta_etl_run(run_id),     transformation_rule_id TEXT REFERENCES meta_transformation_rule(transformation_rule_id),     lineage_scope TEXT NOT NULL CHECK (li"
corrcore01_catalog,runs/QSB-CORRCORE01/metadata_catalog_update/qsb_metadata_catalog_corrcore01.sqlite,meta_lineage,5,target_field_id,TEXT,0,,0,"CREATE TABLE meta_lineage (     lineage_id TEXT PRIMARY KEY,     mart_id TEXT NOT NULL REFERENCES meta_mart(mart_id),     source_object_id TEXT NOT NULL,     target_object_id TEXT NOT NULL REFERENCES meta_object(object_id),     source_field_id TEXT,     target_field_id TEXT REFERENCES meta_field(field_id),     run_id TEXT NOT NULL REFERENCES meta_etl_run(run_id),     transformation_rule_id TEXT REFERENCES meta_transformation_rule(transformation_rule_id),     lineage_scope TEXT NOT NULL CHECK (li"
corrcore01_catalog,runs/QSB-CORRCORE01/metadata_catalog_update/qsb_metadata_catalog_corrcore01.sqlite,meta_lineage,6,run_id,TEXT,1,,0,"CREATE TABLE meta_lineage (     lineage_id TEXT PRIMARY KEY,     mart_id TEXT NOT NULL REFERENCES meta_mart(mart_id),     source_object_id TEXT NOT NULL,     target_object_id TEXT NOT NULL REFERENCES meta_object(object_id),     source_field_id TEXT,     target_field_id TEXT REFERENCES meta_field(field_id),     run_id TEXT NOT NULL REFERENCES meta_etl_run(run_id),     transformation_rule_id TEXT REFERENCES meta_transformation_rule(transformation_rule_id),     lineage_scope TEXT NOT NULL CHECK (li"
corrcore01_catalog,runs/QSB-CORRCORE01/metadata_catalog_update/qsb_metadata_catalog_corrcore01.sqlite,meta_lineage,7,transformation_rule_id,TEXT,0,,0,"CREATE TABLE meta_lineage (     lineage_id TEXT PRIMARY KEY,     mart_id TEXT NOT NULL REFERENCES meta_mart(mart_id),     source_object_id TEXT NOT NULL,     target_object_id TEXT NOT NULL REFERENCES meta_object(object_id),     source_field_id TEXT,     target_field_id TEXT REFERENCES meta_field(field_id),     run_id TEXT NOT NULL REFERENCES meta_etl_run(run_id),     transformation_rule_id TEXT REFERENCES meta_transformation_rule(transformation_rule_id),     lineage_scope TEXT NOT NULL CHECK (li"
corrcore01_catalog,runs/QSB-CORRCORE01/metadata_catalog_update/qsb_metadata_catalog_corrcore01.sqlite,meta_lineage,8,lineage_scope,TEXT,1,,0,"CREATE TABLE meta_lineage (     lineage_id TEXT PRIMARY KEY,     mart_id TEXT NOT NULL REFERENCES meta_mart(mart_id),     source_object_id TEXT NOT NULL,     target_object_id TEXT NOT NULL REFERENCES meta_object(object_id),     source_field_id TEXT,     target_field_id TEXT REFERENCES meta_field(field_id),     run_id TEXT NOT NULL REFERENCES meta_etl_run(run_id),     transformation_rule_id TEXT REFERENCES meta_transformation_rule(transformation_rule_id),     lineage_scope TEXT NOT NULL CHECK (li"
corrcore01_catalog,runs/QSB-CORRCORE01/metadata_catalog_update/qsb_metadata_catalog_corrcore01.sqlite,meta_lineage,9,lineage_status,TEXT,1,,0,"CREATE TABLE meta_lineage (     lineage_id TEXT PRIMARY KEY,     mart_id TEXT NOT NULL REFERENCES meta_mart(mart_id),     source_object_id TEXT NOT NULL,     target_object_id TEXT NOT NULL REFERENCES meta_object(object_id),     source_field_id TEXT,     target_field_id TEXT REFERENCES meta_field(field_id),     run_id TEXT NOT NULL REFERENCES meta_etl_run(run_id),     transformation_rule_id TEXT REFERENCES meta_transformation_rule(transformation_rule_id),     lineage_scope TEXT NOT NULL CHECK (li"
corrcore01_catalog,runs/QSB-CORRCORE01/metadata_catalog_update/qsb_metadata_catalog_corrcore01.sqlite,meta_mart,0,mart_id,TEXT,0,,1,"CREATE TABLE meta_mart (     mart_id TEXT PRIMARY KEY,     mart_code TEXT NOT NULL UNIQUE,     canonical_namespace TEXT NOT NULL UNIQUE CHECK (canonical_namespace = lower(canonical_namespace)),     mart_name TEXT NOT NULL,     scope_status TEXT NOT NULL,     schema_version TEXT NOT NULL )"
corrcore01_catalog,runs/QSB-CORRCORE01/metadata_catalog_update/qsb_metadata_catalog_corrcore01.sqlite,meta_mart,1,mart_code,TEXT,1,,0,"CREATE TABLE meta_mart (     mart_id TEXT PRIMARY KEY,     mart_code TEXT NOT NULL UNIQUE,     canonical_namespace TEXT NOT NULL UNIQUE CHECK (canonical_namespace = lower(canonical_namespace)),     mart_name TEXT NOT NULL,     scope_status TEXT NOT NULL,     schema_version TEXT NOT NULL )"
corrcore01_catalog,runs/QSB-CORRCORE01/metadata_catalog_update/qsb_metadata_catalog_corrcore01.sqlite,meta_mart,2,canonical_namespace,TEXT,1,,0,"CREATE TABLE meta_mart (     mart_id TEXT PRIMARY KEY,     mart_code TEXT NOT NULL UNIQUE,     canonical_namespace TEXT NOT NULL UNIQUE CHECK (canonical_namespace = lower(canonical_namespace)),     mart_name TEXT NOT NULL,     scope_status TEXT NOT NULL,     schema_version TEXT NOT NULL )"
corrcore01_catalog,runs/QSB-CORRCORE01/metadata_catalog_update/qsb_metadata_catalog_corrcore01.sqlite,meta_mart,3,mart_name,TEXT,1,,0,"CREATE TABLE meta_mart (     mart_id TEXT PRIMARY KEY,     mart_code TEXT NOT NULL UNIQUE,     canonical_namespace TEXT NOT NULL UNIQUE CHECK (canonical_namespace = lower(canonical_namespace)),     mart_name TEXT NOT NULL,     scope_status TEXT NOT NULL,     schema_version TEXT NOT NULL )"
corrcore01_catalog,runs/QSB-CORRCORE01/metadata_catalog_update/qsb_metadata_catalog_corrcore01.sqlite,meta_mart,4,scope_status,TEXT,1,,0,"CREATE TABLE meta_mart (     mart_id TEXT PRIMARY KEY,     mart_code TEXT NOT NULL UNIQUE,     canonical_namespace TEXT NOT NULL UNIQUE CHECK (canonical_namespace = lower(canonical_namespace)),     mart_name TEXT NOT NULL,     scope_status TEXT NOT NULL,     schema_version TEXT NOT NULL )"
corrcore01_catalog,runs/QSB-CORRCORE01/metadata_catalog_update/qsb_metadata_catalog_corrcore01.sqlite,meta_mart,5,schema_version,TEXT,1,,0,"CREATE TABLE meta_mart (     mart_id TEXT PRIMARY KEY,     mart_code TEXT NOT NULL UNIQUE,     canonical_namespace TEXT NOT NULL UNIQUE CHECK (canonical_namespace = lower(canonical_namespace)),     mart_name TEXT NOT NULL,     scope_status TEXT NOT NULL,     schema_version TEXT NOT NULL )"
corrcore01_catalog,runs/QSB-CORRCORE01/metadata_catalog_update/qsb_metadata_catalog_corrcore01.sqlite,meta_object,0,object_id,TEXT,0,,1,"CREATE TABLE meta_object (     object_id TEXT PRIMARY KEY,     mart_id TEXT NOT NULL REFERENCES meta_mart(mart_id),     work_package_id TEXT REFERENCES meta_work_package(work_package_id),     object_code TEXT NOT NULL,     object_type TEXT NOT NULL,     canonical_name TEXT NOT NULL,     repository_path TEXT,     status TEXT NOT NULL,     UNIQUE (mart_id, object_code) )"
corrcore01_catalog,runs/QSB-CORRCORE01/metadata_catalog_update/qsb_metadata_catalog_corrcore01.sqlite,meta_object,1,mart_id,TEXT,1,,0,"CREATE TABLE meta_object (     object_id TEXT PRIMARY KEY,     mart_id TEXT NOT NULL REFERENCES meta_mart(mart_id),     work_package_id TEXT REFERENCES meta_work_package(work_package_id),     object_code TEXT NOT NULL,     object_type TEXT NOT NULL,     canonical_name TEXT NOT NULL,     repository_path TEXT,     status TEXT NOT NULL,     UNIQUE (mart_id, object_code) )"
corrcore01_catalog,runs/QSB-CORRCORE01/metadata_catalog_update/qsb_metadata_catalog_corrcore01.sqlite,meta_object,2,work_package_id,TEXT,0,,0,"CREATE TABLE meta_object (     object_id TEXT PRIMARY KEY,     mart_id TEXT NOT NULL REFERENCES meta_mart(mart_id),     work_package_id TEXT REFERENCES meta_work_package(work_package_id),     object_code TEXT NOT NULL,     object_type TEXT NOT NULL,     canonical_name TEXT NOT NULL,     repository_path TEXT,     status TEXT NOT NULL,     UNIQUE (mart_id, object_code) )"
corrcore01_catalog,runs/QSB-CORRCORE01/metadata_catalog_update/qsb_metadata_catalog_corrcore01.sqlite,meta_object,3,object_code,TEXT,1,,0,"CREATE TABLE meta_object (     object_id TEXT PRIMARY KEY,     mart_id TEXT NOT NULL REFERENCES meta_mart(mart_id),     work_package_id TEXT REFERENCES meta_work_package(work_package_id),     object_code TEXT NOT NULL,     object_type TEXT NOT NULL,     canonical_name TEXT NOT NULL,     repository_path TEXT,     status TEXT NOT NULL,     UNIQUE (mart_id, object_code) )"
corrcore01_catalog,runs/QSB-CORRCORE01/metadata_catalog_update/qsb_metadata_catalog_corrcore01.sqlite,meta_object,4,object_type,TEXT,1,,0,"CREATE TABLE meta_object (     object_id TEXT PRIMARY KEY,     mart_id TEXT NOT NULL REFERENCES meta_mart(mart_id),     work_package_id TEXT REFERENCES meta_work_package(work_package_id),     object_code TEXT NOT NULL,     object_type TEXT NOT NULL,     canonical_name TEXT NOT NULL,     repository_path TEXT,     status TEXT NOT NULL,     UNIQUE (mart_id, object_code) )"
corrcore01_catalog,runs/QSB-CORRCORE01/metadata_catalog_update/qsb_metadata_catalog_corrcore01.sqlite,meta_object,5,canonical_name,TEXT,1,,0,"CREATE TABLE meta_object (     object_id TEXT PRIMARY KEY,     mart_id TEXT NOT NULL REFERENCES meta_mart(mart_id),     work_package_id TEXT REFERENCES meta_work_package(work_package_id),     object_code TEXT NOT NULL,     object_type TEXT NOT NULL,     canonical_name TEXT NOT NULL,     repository_path TEXT,     status TEXT NOT NULL,     UNIQUE (mart_id, object_code) )"
corrcore01_catalog,runs/QSB-CORRCORE01/metadata_catalog_update/qsb_metadata_catalog_corrcore01.sqlite,meta_object,6,repository_path,TEXT,0,,0,"CREATE TABLE meta_object (     object_id TEXT PRIMARY KEY,     mart_id TEXT NOT NULL REFERENCES meta_mart(mart_id),     work_package_id TEXT REFERENCES meta_work_package(work_package_id),     object_code TEXT NOT NULL,     object_type TEXT NOT NULL,     canonical_name TEXT NOT NULL,     repository_path TEXT,     status TEXT NOT NULL,     UNIQUE (mart_id, object_code) )"
corrcore01_catalog,runs/QSB-CORRCORE01/metadata_catalog_update/qsb_metadata_catalog_corrcore01.sqlite,meta_object,7,status,TEXT,1,,0,"CREATE TABLE meta_object (     object_id TEXT PRIMARY KEY,     mart_id TEXT NOT NULL REFERENCES meta_mart(mart_id),     work_package_id TEXT REFERENCES meta_work_package(work_package_id),     object_code TEXT NOT NULL,     object_type TEXT NOT NULL,     canonical_name TEXT NOT NULL,     repository_path TEXT,     status TEXT NOT NULL,     UNIQUE (mart_id, object_code) )"
corrcore01_catalog,runs/QSB-CORRCORE01/metadata_catalog_update/qsb_metadata_catalog_corrcore01.sqlite,meta_object_version,0,object_version_id,TEXT,0,,1,"CREATE TABLE meta_object_version (     object_version_id TEXT PRIMARY KEY,     object_id TEXT NOT NULL REFERENCES meta_object(object_id),     object_version TEXT NOT NULL,     schema_version TEXT,     content_checksum TEXT,     status TEXT NOT NULL,     UNIQUE (object_id, object_version) )"
corrcore01_catalog,runs/QSB-CORRCORE01/metadata_catalog_update/qsb_metadata_catalog_corrcore01.sqlite,meta_object_version,1,object_id,TEXT,1,,0,"CREATE TABLE meta_object_version (     object_version_id TEXT PRIMARY KEY,     object_id TEXT NOT NULL REFERENCES meta_object(object_id),     object_version TEXT NOT NULL,     schema_version TEXT,     content_checksum TEXT,     status TEXT NOT NULL,     UNIQUE (object_id, object_version) )"
corrcore01_catalog,runs/QSB-CORRCORE01/metadata_catalog_update/qsb_metadata_catalog_corrcore01.sqlite,meta_object_version,2,object_version,TEXT,1,,0,"CREATE TABLE meta_object_version (     object_version_id TEXT PRIMARY KEY,     object_id TEXT NOT NULL REFERENCES meta_object(object_id),     object_version TEXT NOT NULL,     schema_version TEXT,     content_checksum TEXT,     status TEXT NOT NULL,     UNIQUE (object_id, object_version) )"
corrcore01_catalog,runs/QSB-CORRCORE01/metadata_catalog_update/qsb_metadata_catalog_corrcore01.sqlite,meta_object_version,3,schema_version,TEXT,0,,0,"CREATE TABLE meta_object_version (     object_version_id TEXT PRIMARY KEY,     object_id TEXT NOT NULL REFERENCES meta_object(object_id),     object_version TEXT NOT NULL,     schema_version TEXT,     content_checksum TEXT,     status TEXT NOT NULL,     UNIQUE (object_id, object_version) )"
corrcore01_catalog,runs/QSB-CORRCORE01/metadata_catalog_update/qsb_metadata_catalog_corrcore01.sqlite,meta_object_version,4,content_checksum,TEXT,0,,0,"CREATE TABLE meta_object_version (     object_version_id TEXT PRIMARY KEY,     object_id TEXT NOT NULL REFERENCES meta_object(object_id),     object_version TEXT NOT NULL,     schema_version TEXT,     content_checksum TEXT,     status TEXT NOT NULL,     UNIQUE (object_id, object_version) )"
corrcore01_catalog,runs/QSB-CORRCORE01/metadata_catalog_update/qsb_metadata_catalog_corrcore01.sqlite,meta_object_version,5,status,TEXT,1,,0,"CREATE TABLE meta_object_version (     object_version_id TEXT PRIMARY KEY,     object_id TEXT NOT NULL REFERENCES meta_object(object_id),     object_version TEXT NOT NULL,     schema_version TEXT,     content_checksum TEXT,     status TEXT NOT NULL,     UNIQUE (object_id, object_version) )"
corrcore01_catalog,runs/QSB-CORRCORE01/metadata_catalog_update/qsb_metadata_catalog_corrcore01.sqlite,meta_quantity_kind,0,quantity_kind_id,TEXT,0,,1,"CREATE TABLE meta_quantity_kind (     quantity_kind_id TEXT PRIMARY KEY,     quantity_kind TEXT NOT NULL UNIQUE,     german_label TEXT,     dimension_vector TEXT,     dimension_status TEXT NOT NULL,     CHECK (dimension_status <> 'resolved' OR dimension_vector IS NOT NULL) )"
corrcore01_catalog,runs/QSB-CORRCORE01/metadata_catalog_update/qsb_metadata_catalog_corrcore01.sqlite,meta_quantity_kind,1,quantity_kind,TEXT,1,,0,"CREATE TABLE meta_quantity_kind (     quantity_kind_id TEXT PRIMARY KEY,     quantity_kind TEXT NOT NULL UNIQUE,     german_label TEXT,     dimension_vector TEXT,     dimension_status TEXT NOT NULL,     CHECK (dimension_status <> 'resolved' OR dimension_vector IS NOT NULL) )"
corrcore01_catalog,runs/QSB-CORRCORE01/metadata_catalog_update/qsb_metadata_catalog_corrcore01.sqlite,meta_quantity_kind,2,german_label,TEXT,0,,0,"CREATE TABLE meta_quantity_kind (     quantity_kind_id TEXT PRIMARY KEY,     quantity_kind TEXT NOT NULL UNIQUE,     german_label TEXT,     dimension_vector TEXT,     dimension_status TEXT NOT NULL,     CHECK (dimension_status <> 'resolved' OR dimension_vector IS NOT NULL) )"
corrcore01_catalog,runs/QSB-CORRCORE01/metadata_catalog_update/qsb_metadata_catalog_corrcore01.sqlite,meta_quantity_kind,3,dimension_vector,TEXT,0,,0,"CREATE TABLE meta_quantity_kind (     quantity_kind_id TEXT PRIMARY KEY,     quantity_kind TEXT NOT NULL UNIQUE,     german_label TEXT,     dimension_vector TEXT,     dimension_status TEXT NOT NULL,     CHECK (dimension_status <> 'resolved' OR dimension_vector IS NOT NULL) )"
corrcore01_catalog,runs/QSB-CORRCORE01/metadata_catalog_update/qsb_metadata_catalog_corrcore01.sqlite,meta_quantity_kind,4,dimension_status,TEXT,1,,0,"CREATE TABLE meta_quantity_kind (     quantity_kind_id TEXT PRIMARY KEY,     quantity_kind TEXT NOT NULL UNIQUE,     german_label TEXT,     dimension_vector TEXT,     dimension_status TEXT NOT NULL,     CHECK (dimension_status <> 'resolved' OR dimension_vector IS NOT NULL) )"
corrcore01_catalog,runs/QSB-CORRCORE01/metadata_catalog_update/qsb_metadata_catalog_corrcore01.sqlite,meta_record_lineage,0,record_lineage_id,TEXT,0,,1,"CREATE TABLE meta_record_lineage (     record_lineage_id TEXT PRIMARY KEY,     lineage_id TEXT NOT NULL REFERENCES meta_lineage(lineage_id),     lineage_mode TEXT NOT NULL CHECK (lineage_mode IN ('materialized', 'reconstructable', 'aggregate_membership', 'not_applicable')),     source_record_key TEXT,     target_record_key TEXT,     selection_predicate TEXT,     membership_checksum TEXT,     CHECK (lineage_mode <> 'materialized' OR (source_record_key IS NOT NULL AND target_record_key IS NOT NULL"
corrcore01_catalog,runs/QSB-CORRCORE01/metadata_catalog_update/qsb_metadata_catalog_corrcore01.sqlite,meta_record_lineage,1,lineage_id,TEXT,1,,0,"CREATE TABLE meta_record_lineage (     record_lineage_id TEXT PRIMARY KEY,     lineage_id TEXT NOT NULL REFERENCES meta_lineage(lineage_id),     lineage_mode TEXT NOT NULL CHECK (lineage_mode IN ('materialized', 'reconstructable', 'aggregate_membership', 'not_applicable')),     source_record_key TEXT,     target_record_key TEXT,     selection_predicate TEXT,     membership_checksum TEXT,     CHECK (lineage_mode <> 'materialized' OR (source_record_key IS NOT NULL AND target_record_key IS NOT NULL"
corrcore01_catalog,runs/QSB-CORRCORE01/metadata_catalog_update/qsb_metadata_catalog_corrcore01.sqlite,meta_record_lineage,2,lineage_mode,TEXT,1,,0,"CREATE TABLE meta_record_lineage (     record_lineage_id TEXT PRIMARY KEY,     lineage_id TEXT NOT NULL REFERENCES meta_lineage(lineage_id),     lineage_mode TEXT NOT NULL CHECK (lineage_mode IN ('materialized', 'reconstructable', 'aggregate_membership', 'not_applicable')),     source_record_key TEXT,     target_record_key TEXT,     selection_predicate TEXT,     membership_checksum TEXT,     CHECK (lineage_mode <> 'materialized' OR (source_record_key IS NOT NULL AND target_record_key IS NOT NULL"
corrcore01_catalog,runs/QSB-CORRCORE01/metadata_catalog_update/qsb_metadata_catalog_corrcore01.sqlite,meta_record_lineage,3,source_record_key,TEXT,0,,0,"CREATE TABLE meta_record_lineage (     record_lineage_id TEXT PRIMARY KEY,     lineage_id TEXT NOT NULL REFERENCES meta_lineage(lineage_id),     lineage_mode TEXT NOT NULL CHECK (lineage_mode IN ('materialized', 'reconstructable', 'aggregate_membership', 'not_applicable')),     source_record_key TEXT,     target_record_key TEXT,     selection_predicate TEXT,     membership_checksum TEXT,     CHECK (lineage_mode <> 'materialized' OR (source_record_key IS NOT NULL AND target_record_key IS NOT NULL"
corrcore01_catalog,runs/QSB-CORRCORE01/metadata_catalog_update/qsb_metadata_catalog_corrcore01.sqlite,meta_record_lineage,4,target_record_key,TEXT,0,,0,"CREATE TABLE meta_record_lineage (     record_lineage_id TEXT PRIMARY KEY,     lineage_id TEXT NOT NULL REFERENCES meta_lineage(lineage_id),     lineage_mode TEXT NOT NULL CHECK (lineage_mode IN ('materialized', 'reconstructable', 'aggregate_membership', 'not_applicable')),     source_record_key TEXT,     target_record_key TEXT,     selection_predicate TEXT,     membership_checksum TEXT,     CHECK (lineage_mode <> 'materialized' OR (source_record_key IS NOT NULL AND target_record_key IS NOT NULL"
corrcore01_catalog,runs/QSB-CORRCORE01/metadata_catalog_update/qsb_metadata_catalog_corrcore01.sqlite,meta_record_lineage,5,selection_predicate,TEXT,0,,0,"CREATE TABLE meta_record_lineage (     record_lineage_id TEXT PRIMARY KEY,     lineage_id TEXT NOT NULL REFERENCES meta_lineage(lineage_id),     lineage_mode TEXT NOT NULL CHECK (lineage_mode IN ('materialized', 'reconstructable', 'aggregate_membership', 'not_applicable')),     source_record_key TEXT,     target_record_key TEXT,     selection_predicate TEXT,     membership_checksum TEXT,     CHECK (lineage_mode <> 'materialized' OR (source_record_key IS NOT NULL AND target_record_key IS NOT NULL"
corrcore01_catalog,runs/QSB-CORRCORE01/metadata_catalog_update/qsb_metadata_catalog_corrcore01.sqlite,meta_record_lineage,6,membership_checksum,TEXT,0,,0,"CREATE TABLE meta_record_lineage (     record_lineage_id TEXT PRIMARY KEY,     lineage_id TEXT NOT NULL REFERENCES meta_lineage(lineage_id),     lineage_mode TEXT NOT NULL CHECK (lineage_mode IN ('materialized', 'reconstructable', 'aggregate_membership', 'not_applicable')),     source_record_key TEXT,     target_record_key TEXT,     selection_predicate TEXT,     membership_checksum TEXT,     CHECK (lineage_mode <> 'materialized' OR (source_record_key IS NOT NULL AND target_record_key IS NOT NULL"
corrcore01_catalog,runs/QSB-CORRCORE01/metadata_catalog_update/qsb_metadata_catalog_corrcore01.sqlite,meta_result_record,0,result_record_id,TEXT,0,,1,"CREATE TABLE meta_result_record (     result_record_id TEXT PRIMARY KEY,     result_table_id TEXT NOT NULL REFERENCES meta_result_table(result_table_id),     mart_id TEXT NOT NULL REFERENCES meta_mart(mart_id),     source_result_key TEXT NOT NULL,     result_class TEXT NOT NULL CHECK (result_class IN ('supports', 'neutral', 'contradicts', 'inconclusive', 'not_comparable', 'invalidated')),     comparability_status TEXT NOT NULL,     formal_validation_status TEXT NOT NULL,     physical_validation_"
corrcore01_catalog,runs/QSB-CORRCORE01/metadata_catalog_update/qsb_metadata_catalog_corrcore01.sqlite,meta_result_record,1,result_table_id,TEXT,1,,0,"CREATE TABLE meta_result_record (     result_record_id TEXT PRIMARY KEY,     result_table_id TEXT NOT NULL REFERENCES meta_result_table(result_table_id),     mart_id TEXT NOT NULL REFERENCES meta_mart(mart_id),     source_result_key TEXT NOT NULL,     result_class TEXT NOT NULL CHECK (result_class IN ('supports', 'neutral', 'contradicts', 'inconclusive', 'not_comparable', 'invalidated')),     comparability_status TEXT NOT NULL,     formal_validation_status TEXT NOT NULL,     physical_validation_"
corrcore01_catalog,runs/QSB-CORRCORE01/metadata_catalog_update/qsb_metadata_catalog_corrcore01.sqlite,meta_result_record,2,mart_id,TEXT,1,,0,"CREATE TABLE meta_result_record (     result_record_id TEXT PRIMARY KEY,     result_table_id TEXT NOT NULL REFERENCES meta_result_table(result_table_id),     mart_id TEXT NOT NULL REFERENCES meta_mart(mart_id),     source_result_key TEXT NOT NULL,     result_class TEXT NOT NULL CHECK (result_class IN ('supports', 'neutral', 'contradicts', 'inconclusive', 'not_comparable', 'invalidated')),     comparability_status TEXT NOT NULL,     formal_validation_status TEXT NOT NULL,     physical_validation_"
corrcore01_catalog,runs/QSB-CORRCORE01/metadata_catalog_update/qsb_metadata_catalog_corrcore01.sqlite,meta_result_record,3,source_result_key,TEXT,1,,0,"CREATE TABLE meta_result_record (     result_record_id TEXT PRIMARY KEY,     result_table_id TEXT NOT NULL REFERENCES meta_result_table(result_table_id),     mart_id TEXT NOT NULL REFERENCES meta_mart(mart_id),     source_result_key TEXT NOT NULL,     result_class TEXT NOT NULL CHECK (result_class IN ('supports', 'neutral', 'contradicts', 'inconclusive', 'not_comparable', 'invalidated')),     comparability_status TEXT NOT NULL,     formal_validation_status TEXT NOT NULL,     physical_validation_"
corrcore01_catalog,runs/QSB-CORRCORE01/metadata_catalog_update/qsb_metadata_catalog_corrcore01.sqlite,meta_result_record,4,result_class,TEXT,1,,0,"CREATE TABLE meta_result_record (     result_record_id TEXT PRIMARY KEY,     result_table_id TEXT NOT NULL REFERENCES meta_result_table(result_table_id),     mart_id TEXT NOT NULL REFERENCES meta_mart(mart_id),     source_result_key TEXT NOT NULL,     result_class TEXT NOT NULL CHECK (result_class IN ('supports', 'neutral', 'contradicts', 'inconclusive', 'not_comparable', 'invalidated')),     comparability_status TEXT NOT NULL,     formal_validation_status TEXT NOT NULL,     physical_validation_"
corrcore01_catalog,runs/QSB-CORRCORE01/metadata_catalog_update/qsb_metadata_catalog_corrcore01.sqlite,meta_result_record,5,comparability_status,TEXT,1,,0,"CREATE TABLE meta_result_record (     result_record_id TEXT PRIMARY KEY,     result_table_id TEXT NOT NULL REFERENCES meta_result_table(result_table_id),     mart_id TEXT NOT NULL REFERENCES meta_mart(mart_id),     source_result_key TEXT NOT NULL,     result_class TEXT NOT NULL CHECK (result_class IN ('supports', 'neutral', 'contradicts', 'inconclusive', 'not_comparable', 'invalidated')),     comparability_status TEXT NOT NULL,     formal_validation_status TEXT NOT NULL,     physical_validation_"
corrcore01_catalog,runs/QSB-CORRCORE01/metadata_catalog_update/qsb_metadata_catalog_corrcore01.sqlite,meta_result_record,6,formal_validation_status,TEXT,1,,0,"CREATE TABLE meta_result_record (     result_record_id TEXT PRIMARY KEY,     result_table_id TEXT NOT NULL REFERENCES meta_result_table(result_table_id),     mart_id TEXT NOT NULL REFERENCES meta_mart(mart_id),     source_result_key TEXT NOT NULL,     result_class TEXT NOT NULL CHECK (result_class IN ('supports', 'neutral', 'contradicts', 'inconclusive', 'not_comparable', 'invalidated')),     comparability_status TEXT NOT NULL,     formal_validation_status TEXT NOT NULL,     physical_validation_"
corrcore01_catalog,runs/QSB-CORRCORE01/metadata_catalog_update/qsb_metadata_catalog_corrcore01.sqlite,meta_result_record,7,physical_validation_status,TEXT,1,,0,"CREATE TABLE meta_result_record (     result_record_id TEXT PRIMARY KEY,     result_table_id TEXT NOT NULL REFERENCES meta_result_table(result_table_id),     mart_id TEXT NOT NULL REFERENCES meta_mart(mart_id),     source_result_key TEXT NOT NULL,     result_class TEXT NOT NULL CHECK (result_class IN ('supports', 'neutral', 'contradicts', 'inconclusive', 'not_comparable', 'invalidated')),     comparability_status TEXT NOT NULL,     formal_validation_status TEXT NOT NULL,     physical_validation_"
corrcore01_catalog,runs/QSB-CORRCORE01/metadata_catalog_update/qsb_metadata_catalog_corrcore01.sqlite,meta_result_record,8,evidence_class,TEXT,1,,0,"CREATE TABLE meta_result_record (     result_record_id TEXT PRIMARY KEY,     result_table_id TEXT NOT NULL REFERENCES meta_result_table(result_table_id),     mart_id TEXT NOT NULL REFERENCES meta_mart(mart_id),     source_result_key TEXT NOT NULL,     result_class TEXT NOT NULL CHECK (result_class IN ('supports', 'neutral', 'contradicts', 'inconclusive', 'not_comparable', 'invalidated')),     comparability_status TEXT NOT NULL,     formal_validation_status TEXT NOT NULL,     physical_validation_"
corrcore01_catalog,runs/QSB-CORRCORE01/metadata_catalog_update/qsb_metadata_catalog_corrcore01.sqlite,meta_result_table,0,result_table_id,TEXT,0,,1,"CREATE TABLE meta_result_table (     result_table_id TEXT PRIMARY KEY,     mart_id TEXT NOT NULL REFERENCES meta_mart(mart_id),     object_id TEXT NOT NULL REFERENCES meta_object(object_id),     table_role TEXT NOT NULL,     record_lineage_mode TEXT NOT NULL CHECK (record_lineage_mode IN ('materialized', 'reconstructable', 'aggregate_membership', 'not_applicable')),     status TEXT NOT NULL,     CHECK (record_lineage_mode <> 'not_applicable') )"
corrcore01_catalog,runs/QSB-CORRCORE01/metadata_catalog_update/qsb_metadata_catalog_corrcore01.sqlite,meta_result_table,1,mart_id,TEXT,1,,0,"CREATE TABLE meta_result_table (     result_table_id TEXT PRIMARY KEY,     mart_id TEXT NOT NULL REFERENCES meta_mart(mart_id),     object_id TEXT NOT NULL REFERENCES meta_object(object_id),     table_role TEXT NOT NULL,     record_lineage_mode TEXT NOT NULL CHECK (record_lineage_mode IN ('materialized', 'reconstructable', 'aggregate_membership', 'not_applicable')),     status TEXT NOT NULL,     CHECK (record_lineage_mode <> 'not_applicable') )"
corrcore01_catalog,runs/QSB-CORRCORE01/metadata_catalog_update/qsb_metadata_catalog_corrcore01.sqlite,meta_result_table,2,object_id,TEXT,1,,0,"CREATE TABLE meta_result_table (     result_table_id TEXT PRIMARY KEY,     mart_id TEXT NOT NULL REFERENCES meta_mart(mart_id),     object_id TEXT NOT NULL REFERENCES meta_object(object_id),     table_role TEXT NOT NULL,     record_lineage_mode TEXT NOT NULL CHECK (record_lineage_mode IN ('materialized', 'reconstructable', 'aggregate_membership', 'not_applicable')),     status TEXT NOT NULL,     CHECK (record_lineage_mode <> 'not_applicable') )"
corrcore01_catalog,runs/QSB-CORRCORE01/metadata_catalog_update/qsb_metadata_catalog_corrcore01.sqlite,meta_result_table,3,table_role,TEXT,1,,0,"CREATE TABLE meta_result_table (     result_table_id TEXT PRIMARY KEY,     mart_id TEXT NOT NULL REFERENCES meta_mart(mart_id),     object_id TEXT NOT NULL REFERENCES meta_object(object_id),     table_role TEXT NOT NULL,     record_lineage_mode TEXT NOT NULL CHECK (record_lineage_mode IN ('materialized', 'reconstructable', 'aggregate_membership', 'not_applicable')),     status TEXT NOT NULL,     CHECK (record_lineage_mode <> 'not_applicable') )"
corrcore01_catalog,runs/QSB-CORRCORE01/metadata_catalog_update/qsb_metadata_catalog_corrcore01.sqlite,meta_result_table,4,record_lineage_mode,TEXT,1,,0,"CREATE TABLE meta_result_table (     result_table_id TEXT PRIMARY KEY,     mart_id TEXT NOT NULL REFERENCES meta_mart(mart_id),     object_id TEXT NOT NULL REFERENCES meta_object(object_id),     table_role TEXT NOT NULL,     record_lineage_mode TEXT NOT NULL CHECK (record_lineage_mode IN ('materialized', 'reconstructable', 'aggregate_membership', 'not_applicable')),     status TEXT NOT NULL,     CHECK (record_lineage_mode <> 'not_applicable') )"
corrcore01_catalog,runs/QSB-CORRCORE01/metadata_catalog_update/qsb_metadata_catalog_corrcore01.sqlite,meta_result_table,5,status,TEXT,1,,0,"CREATE TABLE meta_result_table (     result_table_id TEXT PRIMARY KEY,     mart_id TEXT NOT NULL REFERENCES meta_mart(mart_id),     object_id TEXT NOT NULL REFERENCES meta_object(object_id),     table_role TEXT NOT NULL,     record_lineage_mode TEXT NOT NULL CHECK (record_lineage_mode IN ('materialized', 'reconstructable', 'aggregate_membership', 'not_applicable')),     status TEXT NOT NULL,     CHECK (record_lineage_mode <> 'not_applicable') )"
corrcore01_catalog,runs/QSB-CORRCORE01/metadata_catalog_update/qsb_metadata_catalog_corrcore01.sqlite,meta_source,0,source_id,TEXT,0,,1,"CREATE TABLE meta_source (     source_id TEXT PRIMARY KEY,     mart_id TEXT NOT NULL REFERENCES meta_mart(mart_id),     source_type TEXT NOT NULL,     source_reference TEXT NOT NULL,     source_record_id_status TEXT NOT NULL )"
corrcore01_catalog,runs/QSB-CORRCORE01/metadata_catalog_update/qsb_metadata_catalog_corrcore01.sqlite,meta_source,1,mart_id,TEXT,1,,0,"CREATE TABLE meta_source (     source_id TEXT PRIMARY KEY,     mart_id TEXT NOT NULL REFERENCES meta_mart(mart_id),     source_type TEXT NOT NULL,     source_reference TEXT NOT NULL,     source_record_id_status TEXT NOT NULL )"
corrcore01_catalog,runs/QSB-CORRCORE01/metadata_catalog_update/qsb_metadata_catalog_corrcore01.sqlite,meta_source,2,source_type,TEXT,1,,0,"CREATE TABLE meta_source (     source_id TEXT PRIMARY KEY,     mart_id TEXT NOT NULL REFERENCES meta_mart(mart_id),     source_type TEXT NOT NULL,     source_reference TEXT NOT NULL,     source_record_id_status TEXT NOT NULL )"
corrcore01_catalog,runs/QSB-CORRCORE01/metadata_catalog_update/qsb_metadata_catalog_corrcore01.sqlite,meta_source,3,source_reference,TEXT,1,,0,"CREATE TABLE meta_source (     source_id TEXT PRIMARY KEY,     mart_id TEXT NOT NULL REFERENCES meta_mart(mart_id),     source_type TEXT NOT NULL,     source_reference TEXT NOT NULL,     source_record_id_status TEXT NOT NULL )"
corrcore01_catalog,runs/QSB-CORRCORE01/metadata_catalog_update/qsb_metadata_catalog_corrcore01.sqlite,meta_source,4,source_record_id_status,TEXT,1,,0,"CREATE TABLE meta_source (     source_id TEXT PRIMARY KEY,     mart_id TEXT NOT NULL REFERENCES meta_mart(mart_id),     source_type TEXT NOT NULL,     source_reference TEXT NOT NULL,     source_record_id_status TEXT NOT NULL )"
corrcore01_catalog,runs/QSB-CORRCORE01/metadata_catalog_update/qsb_metadata_catalog_corrcore01.sqlite,meta_transformation_rule,0,transformation_rule_id,TEXT,0,,1,"CREATE TABLE meta_transformation_rule (     transformation_rule_id TEXT PRIMARY KEY,     rule_name TEXT NOT NULL,     rule_type TEXT NOT NULL,     input_semantics TEXT NOT NULL,     output_semantics TEXT NOT NULL,     expression TEXT,     source_unit_id TEXT,     calculation_unit_id TEXT,     dimension_vector TEXT,     CHECK (rule_type <> 'unit_conversion' OR (source_unit_id IS NOT NULL AND calculation_unit_id IS NOT NULL)) )"
corrcore01_catalog,runs/QSB-CORRCORE01/metadata_catalog_update/qsb_metadata_catalog_corrcore01.sqlite,meta_transformation_rule,1,rule_name,TEXT,1,,0,"CREATE TABLE meta_transformation_rule (     transformation_rule_id TEXT PRIMARY KEY,     rule_name TEXT NOT NULL,     rule_type TEXT NOT NULL,     input_semantics TEXT NOT NULL,     output_semantics TEXT NOT NULL,     expression TEXT,     source_unit_id TEXT,     calculation_unit_id TEXT,     dimension_vector TEXT,     CHECK (rule_type <> 'unit_conversion' OR (source_unit_id IS NOT NULL AND calculation_unit_id IS NOT NULL)) )"
corrcore01_catalog,runs/QSB-CORRCORE01/metadata_catalog_update/qsb_metadata_catalog_corrcore01.sqlite,meta_transformation_rule,2,rule_type,TEXT,1,,0,"CREATE TABLE meta_transformation_rule (     transformation_rule_id TEXT PRIMARY KEY,     rule_name TEXT NOT NULL,     rule_type TEXT NOT NULL,     input_semantics TEXT NOT NULL,     output_semantics TEXT NOT NULL,     expression TEXT,     source_unit_id TEXT,     calculation_unit_id TEXT,     dimension_vector TEXT,     CHECK (rule_type <> 'unit_conversion' OR (source_unit_id IS NOT NULL AND calculation_unit_id IS NOT NULL)) )"
corrcore01_catalog,runs/QSB-CORRCORE01/metadata_catalog_update/qsb_metadata_catalog_corrcore01.sqlite,meta_transformation_rule,3,input_semantics,TEXT,1,,0,"CREATE TABLE meta_transformation_rule (     transformation_rule_id TEXT PRIMARY KEY,     rule_name TEXT NOT NULL,     rule_type TEXT NOT NULL,     input_semantics TEXT NOT NULL,     output_semantics TEXT NOT NULL,     expression TEXT,     source_unit_id TEXT,     calculation_unit_id TEXT,     dimension_vector TEXT,     CHECK (rule_type <> 'unit_conversion' OR (source_unit_id IS NOT NULL AND calculation_unit_id IS NOT NULL)) )"
corrcore01_catalog,runs/QSB-CORRCORE01/metadata_catalog_update/qsb_metadata_catalog_corrcore01.sqlite,meta_transformation_rule,4,output_semantics,TEXT,1,,0,"CREATE TABLE meta_transformation_rule (     transformation_rule_id TEXT PRIMARY KEY,     rule_name TEXT NOT NULL,     rule_type TEXT NOT NULL,     input_semantics TEXT NOT NULL,     output_semantics TEXT NOT NULL,     expression TEXT,     source_unit_id TEXT,     calculation_unit_id TEXT,     dimension_vector TEXT,     CHECK (rule_type <> 'unit_conversion' OR (source_unit_id IS NOT NULL AND calculation_unit_id IS NOT NULL)) )"
corrcore01_catalog,runs/QSB-CORRCORE01/metadata_catalog_update/qsb_metadata_catalog_corrcore01.sqlite,meta_transformation_rule,5,expression,TEXT,0,,0,"CREATE TABLE meta_transformation_rule (     transformation_rule_id TEXT PRIMARY KEY,     rule_name TEXT NOT NULL,     rule_type TEXT NOT NULL,     input_semantics TEXT NOT NULL,     output_semantics TEXT NOT NULL,     expression TEXT,     source_unit_id TEXT,     calculation_unit_id TEXT,     dimension_vector TEXT,     CHECK (rule_type <> 'unit_conversion' OR (source_unit_id IS NOT NULL AND calculation_unit_id IS NOT NULL)) )"
corrcore01_catalog,runs/QSB-CORRCORE01/metadata_catalog_update/qsb_metadata_catalog_corrcore01.sqlite,meta_transformation_rule,6,source_unit_id,TEXT,0,,0,"CREATE TABLE meta_transformation_rule (     transformation_rule_id TEXT PRIMARY KEY,     rule_name TEXT NOT NULL,     rule_type TEXT NOT NULL,     input_semantics TEXT NOT NULL,     output_semantics TEXT NOT NULL,     expression TEXT,     source_unit_id TEXT,     calculation_unit_id TEXT,     dimension_vector TEXT,     CHECK (rule_type <> 'unit_conversion' OR (source_unit_id IS NOT NULL AND calculation_unit_id IS NOT NULL)) )"
corrcore01_catalog,runs/QSB-CORRCORE01/metadata_catalog_update/qsb_metadata_catalog_corrcore01.sqlite,meta_transformation_rule,7,calculation_unit_id,TEXT,0,,0,"CREATE TABLE meta_transformation_rule (     transformation_rule_id TEXT PRIMARY KEY,     rule_name TEXT NOT NULL,     rule_type TEXT NOT NULL,     input_semantics TEXT NOT NULL,     output_semantics TEXT NOT NULL,     expression TEXT,     source_unit_id TEXT,     calculation_unit_id TEXT,     dimension_vector TEXT,     CHECK (rule_type <> 'unit_conversion' OR (source_unit_id IS NOT NULL AND calculation_unit_id IS NOT NULL)) )"
corrcore01_catalog,runs/QSB-CORRCORE01/metadata_catalog_update/qsb_metadata_catalog_corrcore01.sqlite,meta_transformation_rule,8,dimension_vector,TEXT,0,,0,"CREATE TABLE meta_transformation_rule (     transformation_rule_id TEXT PRIMARY KEY,     rule_name TEXT NOT NULL,     rule_type TEXT NOT NULL,     input_semantics TEXT NOT NULL,     output_semantics TEXT NOT NULL,     expression TEXT,     source_unit_id TEXT,     calculation_unit_id TEXT,     dimension_vector TEXT,     CHECK (rule_type <> 'unit_conversion' OR (source_unit_id IS NOT NULL AND calculation_unit_id IS NOT NULL)) )"
corrcore01_catalog,runs/QSB-CORRCORE01/metadata_catalog_update/qsb_metadata_catalog_corrcore01.sqlite,meta_unit,0,unit_id,TEXT,0,,1,"CREATE TABLE meta_unit (     unit_id TEXT PRIMARY KEY,     unit_symbol TEXT NOT NULL,     unit_name TEXT NOT NULL,     unit_system TEXT NOT NULL,     scale_to_coherent_si REAL,     coherent_si_unit_id TEXT,     is_coherent_si INTEGER NOT NULL CHECK (is_coherent_si IN (0, 1)),     unit_status TEXT NOT NULL,     CHECK (unit_status = 'model_unit_unmapped' OR coherent_si_unit_id IS NOT NULL) )"
corrcore01_catalog,runs/QSB-CORRCORE01/metadata_catalog_update/qsb_metadata_catalog_corrcore01.sqlite,meta_unit,1,unit_symbol,TEXT,1,,0,"CREATE TABLE meta_unit (     unit_id TEXT PRIMARY KEY,     unit_symbol TEXT NOT NULL,     unit_name TEXT NOT NULL,     unit_system TEXT NOT NULL,     scale_to_coherent_si REAL,     coherent_si_unit_id TEXT,     is_coherent_si INTEGER NOT NULL CHECK (is_coherent_si IN (0, 1)),     unit_status TEXT NOT NULL,     CHECK (unit_status = 'model_unit_unmapped' OR coherent_si_unit_id IS NOT NULL) )"
corrcore01_catalog,runs/QSB-CORRCORE01/metadata_catalog_update/qsb_metadata_catalog_corrcore01.sqlite,meta_unit,2,unit_name,TEXT,1,,0,"CREATE TABLE meta_unit (     unit_id TEXT PRIMARY KEY,     unit_symbol TEXT NOT NULL,     unit_name TEXT NOT NULL,     unit_system TEXT NOT NULL,     scale_to_coherent_si REAL,     coherent_si_unit_id TEXT,     is_coherent_si INTEGER NOT NULL CHECK (is_coherent_si IN (0, 1)),     unit_status TEXT NOT NULL,     CHECK (unit_status = 'model_unit_unmapped' OR coherent_si_unit_id IS NOT NULL) )"
corrcore01_catalog,runs/QSB-CORRCORE01/metadata_catalog_update/qsb_metadata_catalog_corrcore01.sqlite,meta_unit,3,unit_system,TEXT,1,,0,"CREATE TABLE meta_unit (     unit_id TEXT PRIMARY KEY,     unit_symbol TEXT NOT NULL,     unit_name TEXT NOT NULL,     unit_system TEXT NOT NULL,     scale_to_coherent_si REAL,     coherent_si_unit_id TEXT,     is_coherent_si INTEGER NOT NULL CHECK (is_coherent_si IN (0, 1)),     unit_status TEXT NOT NULL,     CHECK (unit_status = 'model_unit_unmapped' OR coherent_si_unit_id IS NOT NULL) )"
corrcore01_catalog,runs/QSB-CORRCORE01/metadata_catalog_update/qsb_metadata_catalog_corrcore01.sqlite,meta_unit,4,scale_to_coherent_si,REAL,0,,0,"CREATE TABLE meta_unit (     unit_id TEXT PRIMARY KEY,     unit_symbol TEXT NOT NULL,     unit_name TEXT NOT NULL,     unit_system TEXT NOT NULL,     scale_to_coherent_si REAL,     coherent_si_unit_id TEXT,     is_coherent_si INTEGER NOT NULL CHECK (is_coherent_si IN (0, 1)),     unit_status TEXT NOT NULL,     CHECK (unit_status = 'model_unit_unmapped' OR coherent_si_unit_id IS NOT NULL) )"
corrcore01_catalog,runs/QSB-CORRCORE01/metadata_catalog_update/qsb_metadata_catalog_corrcore01.sqlite,meta_unit,5,coherent_si_unit_id,TEXT,0,,0,"CREATE TABLE meta_unit (     unit_id TEXT PRIMARY KEY,     unit_symbol TEXT NOT NULL,     unit_name TEXT NOT NULL,     unit_system TEXT NOT NULL,     scale_to_coherent_si REAL,     coherent_si_unit_id TEXT,     is_coherent_si INTEGER NOT NULL CHECK (is_coherent_si IN (0, 1)),     unit_status TEXT NOT NULL,     CHECK (unit_status = 'model_unit_unmapped' OR coherent_si_unit_id IS NOT NULL) )"
corrcore01_catalog,runs/QSB-CORRCORE01/metadata_catalog_update/qsb_metadata_catalog_corrcore01.sqlite,meta_unit,6,is_coherent_si,INTEGER,1,,0,"CREATE TABLE meta_unit (     unit_id TEXT PRIMARY KEY,     unit_symbol TEXT NOT NULL,     unit_name TEXT NOT NULL,     unit_system TEXT NOT NULL,     scale_to_coherent_si REAL,     coherent_si_unit_id TEXT,     is_coherent_si INTEGER NOT NULL CHECK (is_coherent_si IN (0, 1)),     unit_status TEXT NOT NULL,     CHECK (unit_status = 'model_unit_unmapped' OR coherent_si_unit_id IS NOT NULL) )"
corrcore01_catalog,runs/QSB-CORRCORE01/metadata_catalog_update/qsb_metadata_catalog_corrcore01.sqlite,meta_unit,7,unit_status,TEXT,1,,0,"CREATE TABLE meta_unit (     unit_id TEXT PRIMARY KEY,     unit_symbol TEXT NOT NULL,     unit_name TEXT NOT NULL,     unit_system TEXT NOT NULL,     scale_to_coherent_si REAL,     coherent_si_unit_id TEXT,     is_coherent_si INTEGER NOT NULL CHECK (is_coherent_si IN (0, 1)),     unit_status TEXT NOT NULL,     CHECK (unit_status = 'model_unit_unmapped' OR coherent_si_unit_id IS NOT NULL) )"
corrcore01_catalog,runs/QSB-CORRCORE01/metadata_catalog_update/qsb_metadata_catalog_corrcore01.sqlite,meta_validation_result,0,validation_result_id,TEXT,0,,1,"CREATE TABLE meta_validation_result (     validation_result_id TEXT PRIMARY KEY,     validation_rule_id TEXT NOT NULL REFERENCES meta_validation_rule(validation_rule_id),     run_id TEXT NOT NULL REFERENCES meta_etl_run(run_id),     object_id TEXT NOT NULL REFERENCES meta_object(object_id),     field_id TEXT REFERENCES meta_field(field_id),     record_id TEXT,     status TEXT NOT NULL CHECK (status IN ('passed', 'failed', 'warning', 'not_applicable', 'not_tested', 'requires_human_review')),     "
corrcore01_catalog,runs/QSB-CORRCORE01/metadata_catalog_update/qsb_metadata_catalog_corrcore01.sqlite,meta_validation_result,1,validation_rule_id,TEXT,1,,0,"CREATE TABLE meta_validation_result (     validation_result_id TEXT PRIMARY KEY,     validation_rule_id TEXT NOT NULL REFERENCES meta_validation_rule(validation_rule_id),     run_id TEXT NOT NULL REFERENCES meta_etl_run(run_id),     object_id TEXT NOT NULL REFERENCES meta_object(object_id),     field_id TEXT REFERENCES meta_field(field_id),     record_id TEXT,     status TEXT NOT NULL CHECK (status IN ('passed', 'failed', 'warning', 'not_applicable', 'not_tested', 'requires_human_review')),     "
corrcore01_catalog,runs/QSB-CORRCORE01/metadata_catalog_update/qsb_metadata_catalog_corrcore01.sqlite,meta_validation_result,2,run_id,TEXT,1,,0,"CREATE TABLE meta_validation_result (     validation_result_id TEXT PRIMARY KEY,     validation_rule_id TEXT NOT NULL REFERENCES meta_validation_rule(validation_rule_id),     run_id TEXT NOT NULL REFERENCES meta_etl_run(run_id),     object_id TEXT NOT NULL REFERENCES meta_object(object_id),     field_id TEXT REFERENCES meta_field(field_id),     record_id TEXT,     status TEXT NOT NULL CHECK (status IN ('passed', 'failed', 'warning', 'not_applicable', 'not_tested', 'requires_human_review')),     "
corrcore01_catalog,runs/QSB-CORRCORE01/metadata_catalog_update/qsb_metadata_catalog_corrcore01.sqlite,meta_validation_result,3,object_id,TEXT,1,,0,"CREATE TABLE meta_validation_result (     validation_result_id TEXT PRIMARY KEY,     validation_rule_id TEXT NOT NULL REFERENCES meta_validation_rule(validation_rule_id),     run_id TEXT NOT NULL REFERENCES meta_etl_run(run_id),     object_id TEXT NOT NULL REFERENCES meta_object(object_id),     field_id TEXT REFERENCES meta_field(field_id),     record_id TEXT,     status TEXT NOT NULL CHECK (status IN ('passed', 'failed', 'warning', 'not_applicable', 'not_tested', 'requires_human_review')),     "
corrcore01_catalog,runs/QSB-CORRCORE01/metadata_catalog_update/qsb_metadata_catalog_corrcore01.sqlite,meta_validation_result,4,field_id,TEXT,0,,0,"CREATE TABLE meta_validation_result (     validation_result_id TEXT PRIMARY KEY,     validation_rule_id TEXT NOT NULL REFERENCES meta_validation_rule(validation_rule_id),     run_id TEXT NOT NULL REFERENCES meta_etl_run(run_id),     object_id TEXT NOT NULL REFERENCES meta_object(object_id),     field_id TEXT REFERENCES meta_field(field_id),     record_id TEXT,     status TEXT NOT NULL CHECK (status IN ('passed', 'failed', 'warning', 'not_applicable', 'not_tested', 'requires_human_review')),     "
corrcore01_catalog,runs/QSB-CORRCORE01/metadata_catalog_update/qsb_metadata_catalog_corrcore01.sqlite,meta_validation_result,5,record_id,TEXT,0,,0,"CREATE TABLE meta_validation_result (     validation_result_id TEXT PRIMARY KEY,     validation_rule_id TEXT NOT NULL REFERENCES meta_validation_rule(validation_rule_id),     run_id TEXT NOT NULL REFERENCES meta_etl_run(run_id),     object_id TEXT NOT NULL REFERENCES meta_object(object_id),     field_id TEXT REFERENCES meta_field(field_id),     record_id TEXT,     status TEXT NOT NULL CHECK (status IN ('passed', 'failed', 'warning', 'not_applicable', 'not_tested', 'requires_human_review')),     "
corrcore01_catalog,runs/QSB-CORRCORE01/metadata_catalog_update/qsb_metadata_catalog_corrcore01.sqlite,meta_validation_result,6,status,TEXT,1,,0,"CREATE TABLE meta_validation_result (     validation_result_id TEXT PRIMARY KEY,     validation_rule_id TEXT NOT NULL REFERENCES meta_validation_rule(validation_rule_id),     run_id TEXT NOT NULL REFERENCES meta_etl_run(run_id),     object_id TEXT NOT NULL REFERENCES meta_object(object_id),     field_id TEXT REFERENCES meta_field(field_id),     record_id TEXT,     status TEXT NOT NULL CHECK (status IN ('passed', 'failed', 'warning', 'not_applicable', 'not_tested', 'requires_human_review')),     "
corrcore01_catalog,runs/QSB-CORRCORE01/metadata_catalog_update/qsb_metadata_catalog_corrcore01.sqlite,meta_validation_result,7,observed_value,TEXT,0,,0,"CREATE TABLE meta_validation_result (     validation_result_id TEXT PRIMARY KEY,     validation_rule_id TEXT NOT NULL REFERENCES meta_validation_rule(validation_rule_id),     run_id TEXT NOT NULL REFERENCES meta_etl_run(run_id),     object_id TEXT NOT NULL REFERENCES meta_object(object_id),     field_id TEXT REFERENCES meta_field(field_id),     record_id TEXT,     status TEXT NOT NULL CHECK (status IN ('passed', 'failed', 'warning', 'not_applicable', 'not_tested', 'requires_human_review')),     "
corrcore01_catalog,runs/QSB-CORRCORE01/metadata_catalog_update/qsb_metadata_catalog_corrcore01.sqlite,meta_validation_result,8,expected_value,TEXT,0,,0,"CREATE TABLE meta_validation_result (     validation_result_id TEXT PRIMARY KEY,     validation_rule_id TEXT NOT NULL REFERENCES meta_validation_rule(validation_rule_id),     run_id TEXT NOT NULL REFERENCES meta_etl_run(run_id),     object_id TEXT NOT NULL REFERENCES meta_object(object_id),     field_id TEXT REFERENCES meta_field(field_id),     record_id TEXT,     status TEXT NOT NULL CHECK (status IN ('passed', 'failed', 'warning', 'not_applicable', 'not_tested', 'requires_human_review')),     "
corrcore01_catalog,runs/QSB-CORRCORE01/metadata_catalog_update/qsb_metadata_catalog_corrcore01.sqlite,meta_validation_result,9,severity,TEXT,1,,0,"CREATE TABLE meta_validation_result (     validation_result_id TEXT PRIMARY KEY,     validation_rule_id TEXT NOT NULL REFERENCES meta_validation_rule(validation_rule_id),     run_id TEXT NOT NULL REFERENCES meta_etl_run(run_id),     object_id TEXT NOT NULL REFERENCES meta_object(object_id),     field_id TEXT REFERENCES meta_field(field_id),     record_id TEXT,     status TEXT NOT NULL CHECK (status IN ('passed', 'failed', 'warning', 'not_applicable', 'not_tested', 'requires_human_review')),     "
corrcore01_catalog,runs/QSB-CORRCORE01/metadata_catalog_update/qsb_metadata_catalog_corrcore01.sqlite,meta_validation_result,10,message,TEXT,1,,0,"CREATE TABLE meta_validation_result (     validation_result_id TEXT PRIMARY KEY,     validation_rule_id TEXT NOT NULL REFERENCES meta_validation_rule(validation_rule_id),     run_id TEXT NOT NULL REFERENCES meta_etl_run(run_id),     object_id TEXT NOT NULL REFERENCES meta_object(object_id),     field_id TEXT REFERENCES meta_field(field_id),     record_id TEXT,     status TEXT NOT NULL CHECK (status IN ('passed', 'failed', 'warning', 'not_applicable', 'not_tested', 'requires_human_review')),     "
corrcore01_catalog,runs/QSB-CORRCORE01/metadata_catalog_update/qsb_metadata_catalog_corrcore01.sqlite,meta_validation_result,11,reviewer_type,TEXT,1,,0,"CREATE TABLE meta_validation_result (     validation_result_id TEXT PRIMARY KEY,     validation_rule_id TEXT NOT NULL REFERENCES meta_validation_rule(validation_rule_id),     run_id TEXT NOT NULL REFERENCES meta_etl_run(run_id),     object_id TEXT NOT NULL REFERENCES meta_object(object_id),     field_id TEXT REFERENCES meta_field(field_id),     record_id TEXT,     status TEXT NOT NULL CHECK (status IN ('passed', 'failed', 'warning', 'not_applicable', 'not_tested', 'requires_human_review')),     "
corrcore01_catalog,runs/QSB-CORRCORE01/metadata_catalog_update/qsb_metadata_catalog_corrcore01.sqlite,meta_validation_result,12,human_review_state,TEXT,1,,0,"CREATE TABLE meta_validation_result (     validation_result_id TEXT PRIMARY KEY,     validation_rule_id TEXT NOT NULL REFERENCES meta_validation_rule(validation_rule_id),     run_id TEXT NOT NULL REFERENCES meta_etl_run(run_id),     object_id TEXT NOT NULL REFERENCES meta_object(object_id),     field_id TEXT REFERENCES meta_field(field_id),     record_id TEXT,     status TEXT NOT NULL CHECK (status IN ('passed', 'failed', 'warning', 'not_applicable', 'not_tested', 'requires_human_review')),     "
corrcore01_catalog,runs/QSB-CORRCORE01/metadata_catalog_update/qsb_metadata_catalog_corrcore01.sqlite,meta_validation_rule,0,validation_rule_id,TEXT,0,,1,"CREATE TABLE meta_validation_rule (     validation_rule_id TEXT PRIMARY KEY,     validation_layer TEXT NOT NULL CHECK (validation_layer IN (         'schema', 'syntax', 'referential_integrity', 'unit_conversion',         'unit_algebra', 'dimension', 'formal_mathematics', 'numerical',         'physical_assumption', 'physical_boundary_condition',         'physical_plausibility', 'evidence', 'claim_boundary'     )),     rule_name TEXT NOT NULL,     expected_condition TEXT NOT NULL,     severity TEX"
corrcore01_catalog,runs/QSB-CORRCORE01/metadata_catalog_update/qsb_metadata_catalog_corrcore01.sqlite,meta_validation_rule,1,validation_layer,TEXT,1,,0,"CREATE TABLE meta_validation_rule (     validation_rule_id TEXT PRIMARY KEY,     validation_layer TEXT NOT NULL CHECK (validation_layer IN (         'schema', 'syntax', 'referential_integrity', 'unit_conversion',         'unit_algebra', 'dimension', 'formal_mathematics', 'numerical',         'physical_assumption', 'physical_boundary_condition',         'physical_plausibility', 'evidence', 'claim_boundary'     )),     rule_name TEXT NOT NULL,     expected_condition TEXT NOT NULL,     severity TEX"
corrcore01_catalog,runs/QSB-CORRCORE01/metadata_catalog_update/qsb_metadata_catalog_corrcore01.sqlite,meta_validation_rule,2,rule_name,TEXT,1,,0,"CREATE TABLE meta_validation_rule (     validation_rule_id TEXT PRIMARY KEY,     validation_layer TEXT NOT NULL CHECK (validation_layer IN (         'schema', 'syntax', 'referential_integrity', 'unit_conversion',         'unit_algebra', 'dimension', 'formal_mathematics', 'numerical',         'physical_assumption', 'physical_boundary_condition',         'physical_plausibility', 'evidence', 'claim_boundary'     )),     rule_name TEXT NOT NULL,     expected_condition TEXT NOT NULL,     severity TEX"
corrcore01_catalog,runs/QSB-CORRCORE01/metadata_catalog_update/qsb_metadata_catalog_corrcore01.sqlite,meta_validation_rule,3,expected_condition,TEXT,1,,0,"CREATE TABLE meta_validation_rule (     validation_rule_id TEXT PRIMARY KEY,     validation_layer TEXT NOT NULL CHECK (validation_layer IN (         'schema', 'syntax', 'referential_integrity', 'unit_conversion',         'unit_algebra', 'dimension', 'formal_mathematics', 'numerical',         'physical_assumption', 'physical_boundary_condition',         'physical_plausibility', 'evidence', 'claim_boundary'     )),     rule_name TEXT NOT NULL,     expected_condition TEXT NOT NULL,     severity TEX"
corrcore01_catalog,runs/QSB-CORRCORE01/metadata_catalog_update/qsb_metadata_catalog_corrcore01.sqlite,meta_validation_rule,4,severity,TEXT,1,,0,"CREATE TABLE meta_validation_rule (     validation_rule_id TEXT PRIMARY KEY,     validation_layer TEXT NOT NULL CHECK (validation_layer IN (         'schema', 'syntax', 'referential_integrity', 'unit_conversion',         'unit_algebra', 'dimension', 'formal_mathematics', 'numerical',         'physical_assumption', 'physical_boundary_condition',         'physical_plausibility', 'evidence', 'claim_boundary'     )),     rule_name TEXT NOT NULL,     expected_condition TEXT NOT NULL,     severity TEX"
corrcore01_catalog,runs/QSB-CORRCORE01/metadata_catalog_update/qsb_metadata_catalog_corrcore01.sqlite,meta_vocabulary,0,vocabulary_id,TEXT,0,,1,"CREATE TABLE meta_vocabulary (     vocabulary_id TEXT PRIMARY KEY,     vocabulary_name TEXT NOT NULL UNIQUE,     namespace_owner TEXT NOT NULL,     vocabulary_version TEXT NOT NULL,     status TEXT NOT NULL CHECK (status IN ('draft', 'active', 'deprecated', 'rejected')) )"
corrcore01_catalog,runs/QSB-CORRCORE01/metadata_catalog_update/qsb_metadata_catalog_corrcore01.sqlite,meta_vocabulary,1,vocabulary_name,TEXT,1,,0,"CREATE TABLE meta_vocabulary (     vocabulary_id TEXT PRIMARY KEY,     vocabulary_name TEXT NOT NULL UNIQUE,     namespace_owner TEXT NOT NULL,     vocabulary_version TEXT NOT NULL,     status TEXT NOT NULL CHECK (status IN ('draft', 'active', 'deprecated', 'rejected')) )"
corrcore01_catalog,runs/QSB-CORRCORE01/metadata_catalog_update/qsb_metadata_catalog_corrcore01.sqlite,meta_vocabulary,2,namespace_owner,TEXT,1,,0,"CREATE TABLE meta_vocabulary (     vocabulary_id TEXT PRIMARY KEY,     vocabulary_name TEXT NOT NULL UNIQUE,     namespace_owner TEXT NOT NULL,     vocabulary_version TEXT NOT NULL,     status TEXT NOT NULL CHECK (status IN ('draft', 'active', 'deprecated', 'rejected')) )"
corrcore01_catalog,runs/QSB-CORRCORE01/metadata_catalog_update/qsb_metadata_catalog_corrcore01.sqlite,meta_vocabulary,3,vocabulary_version,TEXT,1,,0,"CREATE TABLE meta_vocabulary (     vocabulary_id TEXT PRIMARY KEY,     vocabulary_name TEXT NOT NULL UNIQUE,     namespace_owner TEXT NOT NULL,     vocabulary_version TEXT NOT NULL,     status TEXT NOT NULL CHECK (status IN ('draft', 'active', 'deprecated', 'rejected')) )"
corrcore01_catalog,runs/QSB-CORRCORE01/metadata_catalog_update/qsb_metadata_catalog_corrcore01.sqlite,meta_vocabulary,4,status,TEXT,1,,0,"CREATE TABLE meta_vocabulary (     vocabulary_id TEXT PRIMARY KEY,     vocabulary_name TEXT NOT NULL UNIQUE,     namespace_owner TEXT NOT NULL,     vocabulary_version TEXT NOT NULL,     status TEXT NOT NULL CHECK (status IN ('draft', 'active', 'deprecated', 'rejected')) )"
corrcore01_catalog,runs/QSB-CORRCORE01/metadata_catalog_update/qsb_metadata_catalog_corrcore01.sqlite,meta_vocabulary_entry,0,vocabulary_entry_id,TEXT,0,,1,"CREATE TABLE meta_vocabulary_entry (     vocabulary_entry_id TEXT PRIMARY KEY,     vocabulary_id TEXT NOT NULL REFERENCES meta_vocabulary(vocabulary_id),     canonical_code TEXT NOT NULL,     english_label TEXT NOT NULL,     german_alias TEXT,     definition TEXT NOT NULL,     entry_status TEXT NOT NULL CHECK (entry_status IN ('draft', 'active', 'deprecated', 'rejected')),     introduced_version TEXT NOT NULL,     deprecated_version TEXT,     replacement_code TEXT,     human_review_status TEXT N"
corrcore01_catalog,runs/QSB-CORRCORE01/metadata_catalog_update/qsb_metadata_catalog_corrcore01.sqlite,meta_vocabulary_entry,1,vocabulary_id,TEXT,1,,0,"CREATE TABLE meta_vocabulary_entry (     vocabulary_entry_id TEXT PRIMARY KEY,     vocabulary_id TEXT NOT NULL REFERENCES meta_vocabulary(vocabulary_id),     canonical_code TEXT NOT NULL,     english_label TEXT NOT NULL,     german_alias TEXT,     definition TEXT NOT NULL,     entry_status TEXT NOT NULL CHECK (entry_status IN ('draft', 'active', 'deprecated', 'rejected')),     introduced_version TEXT NOT NULL,     deprecated_version TEXT,     replacement_code TEXT,     human_review_status TEXT N"
corrcore01_catalog,runs/QSB-CORRCORE01/metadata_catalog_update/qsb_metadata_catalog_corrcore01.sqlite,meta_vocabulary_entry,2,canonical_code,TEXT,1,,0,"CREATE TABLE meta_vocabulary_entry (     vocabulary_entry_id TEXT PRIMARY KEY,     vocabulary_id TEXT NOT NULL REFERENCES meta_vocabulary(vocabulary_id),     canonical_code TEXT NOT NULL,     english_label TEXT NOT NULL,     german_alias TEXT,     definition TEXT NOT NULL,     entry_status TEXT NOT NULL CHECK (entry_status IN ('draft', 'active', 'deprecated', 'rejected')),     introduced_version TEXT NOT NULL,     deprecated_version TEXT,     replacement_code TEXT,     human_review_status TEXT N"
corrcore01_catalog,runs/QSB-CORRCORE01/metadata_catalog_update/qsb_metadata_catalog_corrcore01.sqlite,meta_vocabulary_entry,3,english_label,TEXT,1,,0,"CREATE TABLE meta_vocabulary_entry (     vocabulary_entry_id TEXT PRIMARY KEY,     vocabulary_id TEXT NOT NULL REFERENCES meta_vocabulary(vocabulary_id),     canonical_code TEXT NOT NULL,     english_label TEXT NOT NULL,     german_alias TEXT,     definition TEXT NOT NULL,     entry_status TEXT NOT NULL CHECK (entry_status IN ('draft', 'active', 'deprecated', 'rejected')),     introduced_version TEXT NOT NULL,     deprecated_version TEXT,     replacement_code TEXT,     human_review_status TEXT N"
corrcore01_catalog,runs/QSB-CORRCORE01/metadata_catalog_update/qsb_metadata_catalog_corrcore01.sqlite,meta_vocabulary_entry,4,german_alias,TEXT,0,,0,"CREATE TABLE meta_vocabulary_entry (     vocabulary_entry_id TEXT PRIMARY KEY,     vocabulary_id TEXT NOT NULL REFERENCES meta_vocabulary(vocabulary_id),     canonical_code TEXT NOT NULL,     english_label TEXT NOT NULL,     german_alias TEXT,     definition TEXT NOT NULL,     entry_status TEXT NOT NULL CHECK (entry_status IN ('draft', 'active', 'deprecated', 'rejected')),     introduced_version TEXT NOT NULL,     deprecated_version TEXT,     replacement_code TEXT,     human_review_status TEXT N"
corrcore01_catalog,runs/QSB-CORRCORE01/metadata_catalog_update/qsb_metadata_catalog_corrcore01.sqlite,meta_vocabulary_entry,5,definition,TEXT,1,,0,"CREATE TABLE meta_vocabulary_entry (     vocabulary_entry_id TEXT PRIMARY KEY,     vocabulary_id TEXT NOT NULL REFERENCES meta_vocabulary(vocabulary_id),     canonical_code TEXT NOT NULL,     english_label TEXT NOT NULL,     german_alias TEXT,     definition TEXT NOT NULL,     entry_status TEXT NOT NULL CHECK (entry_status IN ('draft', 'active', 'deprecated', 'rejected')),     introduced_version TEXT NOT NULL,     deprecated_version TEXT,     replacement_code TEXT,     human_review_status TEXT N"
corrcore01_catalog,runs/QSB-CORRCORE01/metadata_catalog_update/qsb_metadata_catalog_corrcore01.sqlite,meta_vocabulary_entry,6,entry_status,TEXT,1,,0,"CREATE TABLE meta_vocabulary_entry (     vocabulary_entry_id TEXT PRIMARY KEY,     vocabulary_id TEXT NOT NULL REFERENCES meta_vocabulary(vocabulary_id),     canonical_code TEXT NOT NULL,     english_label TEXT NOT NULL,     german_alias TEXT,     definition TEXT NOT NULL,     entry_status TEXT NOT NULL CHECK (entry_status IN ('draft', 'active', 'deprecated', 'rejected')),     introduced_version TEXT NOT NULL,     deprecated_version TEXT,     replacement_code TEXT,     human_review_status TEXT N"
corrcore01_catalog,runs/QSB-CORRCORE01/metadata_catalog_update/qsb_metadata_catalog_corrcore01.sqlite,meta_vocabulary_entry,7,introduced_version,TEXT,1,,0,"CREATE TABLE meta_vocabulary_entry (     vocabulary_entry_id TEXT PRIMARY KEY,     vocabulary_id TEXT NOT NULL REFERENCES meta_vocabulary(vocabulary_id),     canonical_code TEXT NOT NULL,     english_label TEXT NOT NULL,     german_alias TEXT,     definition TEXT NOT NULL,     entry_status TEXT NOT NULL CHECK (entry_status IN ('draft', 'active', 'deprecated', 'rejected')),     introduced_version TEXT NOT NULL,     deprecated_version TEXT,     replacement_code TEXT,     human_review_status TEXT N"
corrcore01_catalog,runs/QSB-CORRCORE01/metadata_catalog_update/qsb_metadata_catalog_corrcore01.sqlite,meta_vocabulary_entry,8,deprecated_version,TEXT,0,,0,"CREATE TABLE meta_vocabulary_entry (     vocabulary_entry_id TEXT PRIMARY KEY,     vocabulary_id TEXT NOT NULL REFERENCES meta_vocabulary(vocabulary_id),     canonical_code TEXT NOT NULL,     english_label TEXT NOT NULL,     german_alias TEXT,     definition TEXT NOT NULL,     entry_status TEXT NOT NULL CHECK (entry_status IN ('draft', 'active', 'deprecated', 'rejected')),     introduced_version TEXT NOT NULL,     deprecated_version TEXT,     replacement_code TEXT,     human_review_status TEXT N"
corrcore01_catalog,runs/QSB-CORRCORE01/metadata_catalog_update/qsb_metadata_catalog_corrcore01.sqlite,meta_vocabulary_entry,9,replacement_code,TEXT,0,,0,"CREATE TABLE meta_vocabulary_entry (     vocabulary_entry_id TEXT PRIMARY KEY,     vocabulary_id TEXT NOT NULL REFERENCES meta_vocabulary(vocabulary_id),     canonical_code TEXT NOT NULL,     english_label TEXT NOT NULL,     german_alias TEXT,     definition TEXT NOT NULL,     entry_status TEXT NOT NULL CHECK (entry_status IN ('draft', 'active', 'deprecated', 'rejected')),     introduced_version TEXT NOT NULL,     deprecated_version TEXT,     replacement_code TEXT,     human_review_status TEXT N"
corrcore01_catalog,runs/QSB-CORRCORE01/metadata_catalog_update/qsb_metadata_catalog_corrcore01.sqlite,meta_vocabulary_entry,10,human_review_status,TEXT,1,,0,"CREATE TABLE meta_vocabulary_entry (     vocabulary_entry_id TEXT PRIMARY KEY,     vocabulary_id TEXT NOT NULL REFERENCES meta_vocabulary(vocabulary_id),     canonical_code TEXT NOT NULL,     english_label TEXT NOT NULL,     german_alias TEXT,     definition TEXT NOT NULL,     entry_status TEXT NOT NULL CHECK (entry_status IN ('draft', 'active', 'deprecated', 'rejected')),     introduced_version TEXT NOT NULL,     deprecated_version TEXT,     replacement_code TEXT,     human_review_status TEXT N"
corrcore01_catalog,runs/QSB-CORRCORE01/metadata_catalog_update/qsb_metadata_catalog_corrcore01.sqlite,meta_work_package,0,work_package_id,TEXT,0,,1,"CREATE TABLE meta_work_package (     work_package_id TEXT PRIMARY KEY,     mart_id TEXT NOT NULL REFERENCES meta_mart(mart_id),     work_package_code TEXT NOT NULL UNIQUE,     canonical_namespace TEXT NOT NULL UNIQUE CHECK (canonical_namespace = lower(canonical_namespace)),     work_package_name TEXT NOT NULL,     status TEXT NOT NULL )"
corrcore01_catalog,runs/QSB-CORRCORE01/metadata_catalog_update/qsb_metadata_catalog_corrcore01.sqlite,meta_work_package,1,mart_id,TEXT,1,,0,"CREATE TABLE meta_work_package (     work_package_id TEXT PRIMARY KEY,     mart_id TEXT NOT NULL REFERENCES meta_mart(mart_id),     work_package_code TEXT NOT NULL UNIQUE,     canonical_namespace TEXT NOT NULL UNIQUE CHECK (canonical_namespace = lower(canonical_namespace)),     work_package_name TEXT NOT NULL,     status TEXT NOT NULL )"
corrcore01_catalog,runs/QSB-CORRCORE01/metadata_catalog_update/qsb_metadata_catalog_corrcore01.sqlite,meta_work_package,2,work_package_code,TEXT,1,,0,"CREATE TABLE meta_work_package (     work_package_id TEXT PRIMARY KEY,     mart_id TEXT NOT NULL REFERENCES meta_mart(mart_id),     work_package_code TEXT NOT NULL UNIQUE,     canonical_namespace TEXT NOT NULL UNIQUE CHECK (canonical_namespace = lower(canonical_namespace)),     work_package_name TEXT NOT NULL,     status TEXT NOT NULL )"
corrcore01_catalog,runs/QSB-CORRCORE01/metadata_catalog_update/qsb_metadata_catalog_corrcore01.sqlite,meta_work_package,3,canonical_namespace,TEXT,1,,0,"CREATE TABLE meta_work_package (     work_package_id TEXT PRIMARY KEY,     mart_id TEXT NOT NULL REFERENCES meta_mart(mart_id),     work_package_code TEXT NOT NULL UNIQUE,     canonical_namespace TEXT NOT NULL UNIQUE CHECK (canonical_namespace = lower(canonical_namespace)),     work_package_name TEXT NOT NULL,     status TEXT NOT NULL )"
corrcore01_catalog,runs/QSB-CORRCORE01/metadata_catalog_update/qsb_metadata_catalog_corrcore01.sqlite,meta_work_package,4,work_package_name,TEXT,1,,0,"CREATE TABLE meta_work_package (     work_package_id TEXT PRIMARY KEY,     mart_id TEXT NOT NULL REFERENCES meta_mart(mart_id),     work_package_code TEXT NOT NULL UNIQUE,     canonical_namespace TEXT NOT NULL UNIQUE CHECK (canonical_namespace = lower(canonical_namespace)),     work_package_name TEXT NOT NULL,     status TEXT NOT NULL )"
corrcore01_catalog,runs/QSB-CORRCORE01/metadata_catalog_update/qsb_metadata_catalog_corrcore01.sqlite,meta_work_package,5,status,TEXT,1,,0,"CREATE TABLE meta_work_package (     work_package_id TEXT PRIMARY KEY,     mart_id TEXT NOT NULL REFERENCES meta_mart(mart_id),     work_package_code TEXT NOT NULL UNIQUE,     canonical_namespace TEXT NOT NULL UNIQUE CHECK (canonical_namespace = lower(canonical_namespace)),     work_package_name TEXT NOT NULL,     status TEXT NOT NULL )"
current_dwh_erd,runs/QSB-DB/CURRENT_QSB_RESEARCH_DWH/qsb_research_dwh_current_for_erd.db,claim_boundary_catalog,0,claim_boundary_id,INTEGER,0,,1,"CREATE TABLE claim_boundary_catalog (     claim_boundary_id INTEGER PRIMARY KEY,     object_type TEXT NOT NULL,     object_id TEXT NOT NULL,     claim_level TEXT,     physical_interpretation_allowed INTEGER NOT NULL DEFAULT 0,     residual_analysis_allowed INTEGER NOT NULL DEFAULT 0,     model_fitting_allowed INTEGER NOT NULL DEFAULT 0,     bridge_claim_allowed INTEGER NOT NULL DEFAULT 0,     value_reading_allowed INTEGER NOT NULL DEFAULT 0,     notes TEXT,     created_at TEXT NOT NULL DEFAULT C"
current_dwh_erd,runs/QSB-DB/CURRENT_QSB_RESEARCH_DWH/qsb_research_dwh_current_for_erd.db,claim_boundary_catalog,1,object_type,TEXT,1,,0,"CREATE TABLE claim_boundary_catalog (     claim_boundary_id INTEGER PRIMARY KEY,     object_type TEXT NOT NULL,     object_id TEXT NOT NULL,     claim_level TEXT,     physical_interpretation_allowed INTEGER NOT NULL DEFAULT 0,     residual_analysis_allowed INTEGER NOT NULL DEFAULT 0,     model_fitting_allowed INTEGER NOT NULL DEFAULT 0,     bridge_claim_allowed INTEGER NOT NULL DEFAULT 0,     value_reading_allowed INTEGER NOT NULL DEFAULT 0,     notes TEXT,     created_at TEXT NOT NULL DEFAULT C"
current_dwh_erd,runs/QSB-DB/CURRENT_QSB_RESEARCH_DWH/qsb_research_dwh_current_for_erd.db,claim_boundary_catalog,2,object_id,TEXT,1,,0,"CREATE TABLE claim_boundary_catalog (     claim_boundary_id INTEGER PRIMARY KEY,     object_type TEXT NOT NULL,     object_id TEXT NOT NULL,     claim_level TEXT,     physical_interpretation_allowed INTEGER NOT NULL DEFAULT 0,     residual_analysis_allowed INTEGER NOT NULL DEFAULT 0,     model_fitting_allowed INTEGER NOT NULL DEFAULT 0,     bridge_claim_allowed INTEGER NOT NULL DEFAULT 0,     value_reading_allowed INTEGER NOT NULL DEFAULT 0,     notes TEXT,     created_at TEXT NOT NULL DEFAULT C"
current_dwh_erd,runs/QSB-DB/CURRENT_QSB_RESEARCH_DWH/qsb_research_dwh_current_for_erd.db,claim_boundary_catalog,3,claim_level,TEXT,0,,0,"CREATE TABLE claim_boundary_catalog (     claim_boundary_id INTEGER PRIMARY KEY,     object_type TEXT NOT NULL,     object_id TEXT NOT NULL,     claim_level TEXT,     physical_interpretation_allowed INTEGER NOT NULL DEFAULT 0,     residual_analysis_allowed INTEGER NOT NULL DEFAULT 0,     model_fitting_allowed INTEGER NOT NULL DEFAULT 0,     bridge_claim_allowed INTEGER NOT NULL DEFAULT 0,     value_reading_allowed INTEGER NOT NULL DEFAULT 0,     notes TEXT,     created_at TEXT NOT NULL DEFAULT C"
current_dwh_erd,runs/QSB-DB/CURRENT_QSB_RESEARCH_DWH/qsb_research_dwh_current_for_erd.db,claim_boundary_catalog,4,physical_interpretation_allowed,INTEGER,1,0,0,"CREATE TABLE claim_boundary_catalog (     claim_boundary_id INTEGER PRIMARY KEY,     object_type TEXT NOT NULL,     object_id TEXT NOT NULL,     claim_level TEXT,     physical_interpretation_allowed INTEGER NOT NULL DEFAULT 0,     residual_analysis_allowed INTEGER NOT NULL DEFAULT 0,     model_fitting_allowed INTEGER NOT NULL DEFAULT 0,     bridge_claim_allowed INTEGER NOT NULL DEFAULT 0,     value_reading_allowed INTEGER NOT NULL DEFAULT 0,     notes TEXT,     created_at TEXT NOT NULL DEFAULT C"
current_dwh_erd,runs/QSB-DB/CURRENT_QSB_RESEARCH_DWH/qsb_research_dwh_current_for_erd.db,claim_boundary_catalog,5,residual_analysis_allowed,INTEGER,1,0,0,"CREATE TABLE claim_boundary_catalog (     claim_boundary_id INTEGER PRIMARY KEY,     object_type TEXT NOT NULL,     object_id TEXT NOT NULL,     claim_level TEXT,     physical_interpretation_allowed INTEGER NOT NULL DEFAULT 0,     residual_analysis_allowed INTEGER NOT NULL DEFAULT 0,     model_fitting_allowed INTEGER NOT NULL DEFAULT 0,     bridge_claim_allowed INTEGER NOT NULL DEFAULT 0,     value_reading_allowed INTEGER NOT NULL DEFAULT 0,     notes TEXT,     created_at TEXT NOT NULL DEFAULT C"
current_dwh_erd,runs/QSB-DB/CURRENT_QSB_RESEARCH_DWH/qsb_research_dwh_current_for_erd.db,claim_boundary_catalog,6,model_fitting_allowed,INTEGER,1,0,0,"CREATE TABLE claim_boundary_catalog (     claim_boundary_id INTEGER PRIMARY KEY,     object_type TEXT NOT NULL,     object_id TEXT NOT NULL,     claim_level TEXT,     physical_interpretation_allowed INTEGER NOT NULL DEFAULT 0,     residual_analysis_allowed INTEGER NOT NULL DEFAULT 0,     model_fitting_allowed INTEGER NOT NULL DEFAULT 0,     bridge_claim_allowed INTEGER NOT NULL DEFAULT 0,     value_reading_allowed INTEGER NOT NULL DEFAULT 0,     notes TEXT,     created_at TEXT NOT NULL DEFAULT C"
current_dwh_erd,runs/QSB-DB/CURRENT_QSB_RESEARCH_DWH/qsb_research_dwh_current_for_erd.db,claim_boundary_catalog,7,bridge_claim_allowed,INTEGER,1,0,0,"CREATE TABLE claim_boundary_catalog (     claim_boundary_id INTEGER PRIMARY KEY,     object_type TEXT NOT NULL,     object_id TEXT NOT NULL,     claim_level TEXT,     physical_interpretation_allowed INTEGER NOT NULL DEFAULT 0,     residual_analysis_allowed INTEGER NOT NULL DEFAULT 0,     model_fitting_allowed INTEGER NOT NULL DEFAULT 0,     bridge_claim_allowed INTEGER NOT NULL DEFAULT 0,     value_reading_allowed INTEGER NOT NULL DEFAULT 0,     notes TEXT,     created_at TEXT NOT NULL DEFAULT C"
current_dwh_erd,runs/QSB-DB/CURRENT_QSB_RESEARCH_DWH/qsb_research_dwh_current_for_erd.db,claim_boundary_catalog,8,value_reading_allowed,INTEGER,1,0,0,"CREATE TABLE claim_boundary_catalog (     claim_boundary_id INTEGER PRIMARY KEY,     object_type TEXT NOT NULL,     object_id TEXT NOT NULL,     claim_level TEXT,     physical_interpretation_allowed INTEGER NOT NULL DEFAULT 0,     residual_analysis_allowed INTEGER NOT NULL DEFAULT 0,     model_fitting_allowed INTEGER NOT NULL DEFAULT 0,     bridge_claim_allowed INTEGER NOT NULL DEFAULT 0,     value_reading_allowed INTEGER NOT NULL DEFAULT 0,     notes TEXT,     created_at TEXT NOT NULL DEFAULT C"
current_dwh_erd,runs/QSB-DB/CURRENT_QSB_RESEARCH_DWH/qsb_research_dwh_current_for_erd.db,claim_boundary_catalog,9,notes,TEXT,0,,0,"CREATE TABLE claim_boundary_catalog (     claim_boundary_id INTEGER PRIMARY KEY,     object_type TEXT NOT NULL,     object_id TEXT NOT NULL,     claim_level TEXT,     physical_interpretation_allowed INTEGER NOT NULL DEFAULT 0,     residual_analysis_allowed INTEGER NOT NULL DEFAULT 0,     model_fitting_allowed INTEGER NOT NULL DEFAULT 0,     bridge_claim_allowed INTEGER NOT NULL DEFAULT 0,     value_reading_allowed INTEGER NOT NULL DEFAULT 0,     notes TEXT,     created_at TEXT NOT NULL DEFAULT C"
current_dwh_erd,runs/QSB-DB/CURRENT_QSB_RESEARCH_DWH/qsb_research_dwh_current_for_erd.db,claim_boundary_catalog,10,created_at,TEXT,1,CURRENT_TIMESTAMP,0,"CREATE TABLE claim_boundary_catalog (     claim_boundary_id INTEGER PRIMARY KEY,     object_type TEXT NOT NULL,     object_id TEXT NOT NULL,     claim_level TEXT,     physical_interpretation_allowed INTEGER NOT NULL DEFAULT 0,     residual_analysis_allowed INTEGER NOT NULL DEFAULT 0,     model_fitting_allowed INTEGER NOT NULL DEFAULT 0,     bridge_claim_allowed INTEGER NOT NULL DEFAULT 0,     value_reading_allowed INTEGER NOT NULL DEFAULT 0,     notes TEXT,     created_at TEXT NOT NULL DEFAULT C"
current_dwh_erd,runs/QSB-DB/CURRENT_QSB_RESEARCH_DWH/qsb_research_dwh_current_for_erd.db,claim_boundary_catalog,11,updated_at,TEXT,0,,0,"CREATE TABLE claim_boundary_catalog (     claim_boundary_id INTEGER PRIMARY KEY,     object_type TEXT NOT NULL,     object_id TEXT NOT NULL,     claim_level TEXT,     physical_interpretation_allowed INTEGER NOT NULL DEFAULT 0,     residual_analysis_allowed INTEGER NOT NULL DEFAULT 0,     model_fitting_allowed INTEGER NOT NULL DEFAULT 0,     bridge_claim_allowed INTEGER NOT NULL DEFAULT 0,     value_reading_allowed INTEGER NOT NULL DEFAULT 0,     notes TEXT,     created_at TEXT NOT NULL DEFAULT C"
current_dwh_erd,runs/QSB-DB/CURRENT_QSB_RESEARCH_DWH/qsb_research_dwh_current_for_erd.db,db21_par_tim_source_inventory,0,source_inventory_id,INTEGER,0,,1,"CREATE TABLE db21_par_tim_source_inventory (             source_inventory_id INTEGER PRIMARY KEY,             source_family_label TEXT NOT NULL,             object_label_candidate TEXT,             source_path TEXT NOT NULL,             relative_path TEXT NOT NULL UNIQUE,             source_file_name TEXT NOT NULL,             source_file_extension TEXT NOT NULL,             source_file_size_bytes INTEGER NOT NULL,             source_file_mtime_utc TEXT NOT NULL,             source_file_hash_sha"
current_dwh_erd,runs/QSB-DB/CURRENT_QSB_RESEARCH_DWH/qsb_research_dwh_current_for_erd.db,db21_par_tim_source_inventory,1,source_family_label,TEXT,1,,0,"CREATE TABLE db21_par_tim_source_inventory (             source_inventory_id INTEGER PRIMARY KEY,             source_family_label TEXT NOT NULL,             object_label_candidate TEXT,             source_path TEXT NOT NULL,             relative_path TEXT NOT NULL UNIQUE,             source_file_name TEXT NOT NULL,             source_file_extension TEXT NOT NULL,             source_file_size_bytes INTEGER NOT NULL,             source_file_mtime_utc TEXT NOT NULL,             source_file_hash_sha"
current_dwh_erd,runs/QSB-DB/CURRENT_QSB_RESEARCH_DWH/qsb_research_dwh_current_for_erd.db,db21_par_tim_source_inventory,2,object_label_candidate,TEXT,0,,0,"CREATE TABLE db21_par_tim_source_inventory (             source_inventory_id INTEGER PRIMARY KEY,             source_family_label TEXT NOT NULL,             object_label_candidate TEXT,             source_path TEXT NOT NULL,             relative_path TEXT NOT NULL UNIQUE,             source_file_name TEXT NOT NULL,             source_file_extension TEXT NOT NULL,             source_file_size_bytes INTEGER NOT NULL,             source_file_mtime_utc TEXT NOT NULL,             source_file_hash_sha"
current_dwh_erd,runs/QSB-DB/CURRENT_QSB_RESEARCH_DWH/qsb_research_dwh_current_for_erd.db,db21_par_tim_source_inventory,3,source_path,TEXT,1,,0,"CREATE TABLE db21_par_tim_source_inventory (             source_inventory_id INTEGER PRIMARY KEY,             source_family_label TEXT NOT NULL,             object_label_candidate TEXT,             source_path TEXT NOT NULL,             relative_path TEXT NOT NULL UNIQUE,             source_file_name TEXT NOT NULL,             source_file_extension TEXT NOT NULL,             source_file_size_bytes INTEGER NOT NULL,             source_file_mtime_utc TEXT NOT NULL,             source_file_hash_sha"
current_dwh_erd,runs/QSB-DB/CURRENT_QSB_RESEARCH_DWH/qsb_research_dwh_current_for_erd.db,db21_par_tim_source_inventory,4,relative_path,TEXT,1,,0,"CREATE TABLE db21_par_tim_source_inventory (             source_inventory_id INTEGER PRIMARY KEY,             source_family_label TEXT NOT NULL,             object_label_candidate TEXT,             source_path TEXT NOT NULL,             relative_path TEXT NOT NULL UNIQUE,             source_file_name TEXT NOT NULL,             source_file_extension TEXT NOT NULL,             source_file_size_bytes INTEGER NOT NULL,             source_file_mtime_utc TEXT NOT NULL,             source_file_hash_sha"
current_dwh_erd,runs/QSB-DB/CURRENT_QSB_RESEARCH_DWH/qsb_research_dwh_current_for_erd.db,db21_par_tim_source_inventory,5,source_file_name,TEXT,1,,0,"CREATE TABLE db21_par_tim_source_inventory (             source_inventory_id INTEGER PRIMARY KEY,             source_family_label TEXT NOT NULL,             object_label_candidate TEXT,             source_path TEXT NOT NULL,             relative_path TEXT NOT NULL UNIQUE,             source_file_name TEXT NOT NULL,             source_file_extension TEXT NOT NULL,             source_file_size_bytes INTEGER NOT NULL,             source_file_mtime_utc TEXT NOT NULL,             source_file_hash_sha"
current_dwh_erd,runs/QSB-DB/CURRENT_QSB_RESEARCH_DWH/qsb_research_dwh_current_for_erd.db,db21_par_tim_source_inventory,6,source_file_extension,TEXT,1,,0,"CREATE TABLE db21_par_tim_source_inventory (             source_inventory_id INTEGER PRIMARY KEY,             source_family_label TEXT NOT NULL,             object_label_candidate TEXT,             source_path TEXT NOT NULL,             relative_path TEXT NOT NULL UNIQUE,             source_file_name TEXT NOT NULL,             source_file_extension TEXT NOT NULL,             source_file_size_bytes INTEGER NOT NULL,             source_file_mtime_utc TEXT NOT NULL,             source_file_hash_sha"
current_dwh_erd,runs/QSB-DB/CURRENT_QSB_RESEARCH_DWH/qsb_research_dwh_current_for_erd.db,db21_par_tim_source_inventory,7,source_file_size_bytes,INTEGER,1,,0,"CREATE TABLE db21_par_tim_source_inventory (             source_inventory_id INTEGER PRIMARY KEY,             source_family_label TEXT NOT NULL,             object_label_candidate TEXT,             source_path TEXT NOT NULL,             relative_path TEXT NOT NULL UNIQUE,             source_file_name TEXT NOT NULL,             source_file_extension TEXT NOT NULL,             source_file_size_bytes INTEGER NOT NULL,             source_file_mtime_utc TEXT NOT NULL,             source_file_hash_sha"
current_dwh_erd,runs/QSB-DB/CURRENT_QSB_RESEARCH_DWH/qsb_research_dwh_current_for_erd.db,db21_par_tim_source_inventory,8,source_file_mtime_utc,TEXT,1,,0,"CREATE TABLE db21_par_tim_source_inventory (             source_inventory_id INTEGER PRIMARY KEY,             source_family_label TEXT NOT NULL,             object_label_candidate TEXT,             source_path TEXT NOT NULL,             relative_path TEXT NOT NULL UNIQUE,             source_file_name TEXT NOT NULL,             source_file_extension TEXT NOT NULL,             source_file_size_bytes INTEGER NOT NULL,             source_file_mtime_utc TEXT NOT NULL,             source_file_hash_sha"
current_dwh_erd,runs/QSB-DB/CURRENT_QSB_RESEARCH_DWH/qsb_research_dwh_current_for_erd.db,db21_par_tim_source_inventory,9,source_file_hash_sha256,TEXT,1,,0,"CREATE TABLE db21_par_tim_source_inventory (             source_inventory_id INTEGER PRIMARY KEY,             source_family_label TEXT NOT NULL,             object_label_candidate TEXT,             source_path TEXT NOT NULL,             relative_path TEXT NOT NULL UNIQUE,             source_file_name TEXT NOT NULL,             source_file_extension TEXT NOT NULL,             source_file_size_bytes INTEGER NOT NULL,             source_file_mtime_utc TEXT NOT NULL,             source_file_hash_sha"
current_dwh_erd,runs/QSB-DB/CURRENT_QSB_RESEARCH_DWH/qsb_research_dwh_current_for_erd.db,db21_par_tim_source_inventory,10,source_type,TEXT,1,,0,"CREATE TABLE db21_par_tim_source_inventory (             source_inventory_id INTEGER PRIMARY KEY,             source_family_label TEXT NOT NULL,             object_label_candidate TEXT,             source_path TEXT NOT NULL,             relative_path TEXT NOT NULL UNIQUE,             source_file_name TEXT NOT NULL,             source_file_extension TEXT NOT NULL,             source_file_size_bytes INTEGER NOT NULL,             source_file_mtime_utc TEXT NOT NULL,             source_file_hash_sha"
current_dwh_erd,runs/QSB-DB/CURRENT_QSB_RESEARCH_DWH/qsb_research_dwh_current_for_erd.db,db21_par_tim_source_inventory,11,structure_kind,TEXT,1,,0,"CREATE TABLE db21_par_tim_source_inventory (             source_inventory_id INTEGER PRIMARY KEY,             source_family_label TEXT NOT NULL,             object_label_candidate TEXT,             source_path TEXT NOT NULL,             relative_path TEXT NOT NULL UNIQUE,             source_file_name TEXT NOT NULL,             source_file_extension TEXT NOT NULL,             source_file_size_bytes INTEGER NOT NULL,             source_file_mtime_utc TEXT NOT NULL,             source_file_hash_sha"
current_dwh_erd,runs/QSB-DB/CURRENT_QSB_RESEARCH_DWH/qsb_research_dwh_current_for_erd.db,db21_par_tim_source_inventory,12,readability_status,TEXT,1,,0,"CREATE TABLE db21_par_tim_source_inventory (             source_inventory_id INTEGER PRIMARY KEY,             source_family_label TEXT NOT NULL,             object_label_candidate TEXT,             source_path TEXT NOT NULL,             relative_path TEXT NOT NULL UNIQUE,             source_file_name TEXT NOT NULL,             source_file_extension TEXT NOT NULL,             source_file_size_bytes INTEGER NOT NULL,             source_file_mtime_utc TEXT NOT NULL,             source_file_hash_sha"
current_dwh_erd,runs/QSB-DB/CURRENT_QSB_RESEARCH_DWH/qsb_research_dwh_current_for_erd.db,db21_par_tim_source_inventory,13,line_count,INTEGER,1,,0,"CREATE TABLE db21_par_tim_source_inventory (             source_inventory_id INTEGER PRIMARY KEY,             source_family_label TEXT NOT NULL,             object_label_candidate TEXT,             source_path TEXT NOT NULL,             relative_path TEXT NOT NULL UNIQUE,             source_file_name TEXT NOT NULL,             source_file_extension TEXT NOT NULL,             source_file_size_bytes INTEGER NOT NULL,             source_file_mtime_utc TEXT NOT NULL,             source_file_hash_sha"
current_dwh_erd,runs/QSB-DB/CURRENT_QSB_RESEARCH_DWH/qsb_research_dwh_current_for_erd.db,db21_par_tim_source_inventory,14,blank_line_count,INTEGER,1,,0,"CREATE TABLE db21_par_tim_source_inventory (             source_inventory_id INTEGER PRIMARY KEY,             source_family_label TEXT NOT NULL,             object_label_candidate TEXT,             source_path TEXT NOT NULL,             relative_path TEXT NOT NULL UNIQUE,             source_file_name TEXT NOT NULL,             source_file_extension TEXT NOT NULL,             source_file_size_bytes INTEGER NOT NULL,             source_file_mtime_utc TEXT NOT NULL,             source_file_hash_sha"
current_dwh_erd,runs/QSB-DB/CURRENT_QSB_RESEARCH_DWH/qsb_research_dwh_current_for_erd.db,db21_par_tim_source_inventory,15,nonblank_line_count,INTEGER,1,,0,"CREATE TABLE db21_par_tim_source_inventory (             source_inventory_id INTEGER PRIMARY KEY,             source_family_label TEXT NOT NULL,             object_label_candidate TEXT,             source_path TEXT NOT NULL,             relative_path TEXT NOT NULL UNIQUE,             source_file_name TEXT NOT NULL,             source_file_extension TEXT NOT NULL,             source_file_size_bytes INTEGER NOT NULL,             source_file_mtime_utc TEXT NOT NULL,             source_file_hash_sha"
current_dwh_erd,runs/QSB-DB/CURRENT_QSB_RESEARCH_DWH/qsb_research_dwh_current_for_erd.db,db21_par_tim_source_inventory,16,first_structural_lines,TEXT,0,,0,"CREATE TABLE db21_par_tim_source_inventory (             source_inventory_id INTEGER PRIMARY KEY,             source_family_label TEXT NOT NULL,             object_label_candidate TEXT,             source_path TEXT NOT NULL,             relative_path TEXT NOT NULL UNIQUE,             source_file_name TEXT NOT NULL,             source_file_extension TEXT NOT NULL,             source_file_size_bytes INTEGER NOT NULL,             source_file_mtime_utc TEXT NOT NULL,             source_file_hash_sha"
current_dwh_erd,runs/QSB-DB/CURRENT_QSB_RESEARCH_DWH/qsb_research_dwh_current_for_erd.db,db21_par_tim_source_inventory,17,db20_selected_for_ingest,INTEGER,1,0,0,"CREATE TABLE db21_par_tim_source_inventory (             source_inventory_id INTEGER PRIMARY KEY,             source_family_label TEXT NOT NULL,             object_label_candidate TEXT,             source_path TEXT NOT NULL,             relative_path TEXT NOT NULL UNIQUE,             source_file_name TEXT NOT NULL,             source_file_extension TEXT NOT NULL,             source_file_size_bytes INTEGER NOT NULL,             source_file_mtime_utc TEXT NOT NULL,             source_file_hash_sha"
current_dwh_erd,runs/QSB-DB/CURRENT_QSB_RESEARCH_DWH/qsb_research_dwh_current_for_erd.db,db21_par_tim_source_inventory,18,selected_for_db21_tim_ingest,INTEGER,1,0,0,"CREATE TABLE db21_par_tim_source_inventory (             source_inventory_id INTEGER PRIMARY KEY,             source_family_label TEXT NOT NULL,             object_label_candidate TEXT,             source_path TEXT NOT NULL,             relative_path TEXT NOT NULL UNIQUE,             source_file_name TEXT NOT NULL,             source_file_extension TEXT NOT NULL,             source_file_size_bytes INTEGER NOT NULL,             source_file_mtime_utc TEXT NOT NULL,             source_file_hash_sha"
current_dwh_erd,runs/QSB-DB/CURRENT_QSB_RESEARCH_DWH/qsb_research_dwh_current_for_erd.db,db21_par_tim_source_inventory,19,parse_status,TEXT,1,,0,"CREATE TABLE db21_par_tim_source_inventory (             source_inventory_id INTEGER PRIMARY KEY,             source_family_label TEXT NOT NULL,             object_label_candidate TEXT,             source_path TEXT NOT NULL,             relative_path TEXT NOT NULL UNIQUE,             source_file_name TEXT NOT NULL,             source_file_extension TEXT NOT NULL,             source_file_size_bytes INTEGER NOT NULL,             source_file_mtime_utc TEXT NOT NULL,             source_file_hash_sha"
current_dwh_erd,runs/QSB-DB/CURRENT_QSB_RESEARCH_DWH/qsb_research_dwh_current_for_erd.db,db21_par_tim_source_inventory,20,quality_status,TEXT,1,,0,"CREATE TABLE db21_par_tim_source_inventory (             source_inventory_id INTEGER PRIMARY KEY,             source_family_label TEXT NOT NULL,             object_label_candidate TEXT,             source_path TEXT NOT NULL,             relative_path TEXT NOT NULL UNIQUE,             source_file_name TEXT NOT NULL,             source_file_extension TEXT NOT NULL,             source_file_size_bytes INTEGER NOT NULL,             source_file_mtime_utc TEXT NOT NULL,             source_file_hash_sha"
current_dwh_erd,runs/QSB-DB/CURRENT_QSB_RESEARCH_DWH/qsb_research_dwh_current_for_erd.db,db21_par_tim_source_inventory,21,quarantine_status,TEXT,1,,0,"CREATE TABLE db21_par_tim_source_inventory (             source_inventory_id INTEGER PRIMARY KEY,             source_family_label TEXT NOT NULL,             object_label_candidate TEXT,             source_path TEXT NOT NULL,             relative_path TEXT NOT NULL UNIQUE,             source_file_name TEXT NOT NULL,             source_file_extension TEXT NOT NULL,             source_file_size_bytes INTEGER NOT NULL,             source_file_mtime_utc TEXT NOT NULL,             source_file_hash_sha"
current_dwh_erd,runs/QSB-DB/CURRENT_QSB_RESEARCH_DWH/qsb_research_dwh_current_for_erd.db,db21_par_tim_source_inventory,22,anomaly_status,TEXT,1,,0,"CREATE TABLE db21_par_tim_source_inventory (             source_inventory_id INTEGER PRIMARY KEY,             source_family_label TEXT NOT NULL,             object_label_candidate TEXT,             source_path TEXT NOT NULL,             relative_path TEXT NOT NULL UNIQUE,             source_file_name TEXT NOT NULL,             source_file_extension TEXT NOT NULL,             source_file_size_bytes INTEGER NOT NULL,             source_file_mtime_utc TEXT NOT NULL,             source_file_hash_sha"
current_dwh_erd,runs/QSB-DB/CURRENT_QSB_RESEARCH_DWH/qsb_research_dwh_current_for_erd.db,db21_par_tim_source_inventory,23,lineage_key,TEXT,1,,0,"CREATE TABLE db21_par_tim_source_inventory (             source_inventory_id INTEGER PRIMARY KEY,             source_family_label TEXT NOT NULL,             object_label_candidate TEXT,             source_path TEXT NOT NULL,             relative_path TEXT NOT NULL UNIQUE,             source_file_name TEXT NOT NULL,             source_file_extension TEXT NOT NULL,             source_file_size_bytes INTEGER NOT NULL,             source_file_mtime_utc TEXT NOT NULL,             source_file_hash_sha"
current_dwh_erd,runs/QSB-DB/CURRENT_QSB_RESEARCH_DWH/qsb_research_dwh_current_for_erd.db,db21_par_tim_source_inventory,24,created_at_utc,TEXT,1,,0,"CREATE TABLE db21_par_tim_source_inventory (             source_inventory_id INTEGER PRIMARY KEY,             source_family_label TEXT NOT NULL,             object_label_candidate TEXT,             source_path TEXT NOT NULL,             relative_path TEXT NOT NULL UNIQUE,             source_file_name TEXT NOT NULL,             source_file_extension TEXT NOT NULL,             source_file_size_bytes INTEGER NOT NULL,             source_file_mtime_utc TEXT NOT NULL,             source_file_hash_sha"
current_dwh_erd,runs/QSB-DB/CURRENT_QSB_RESEARCH_DWH/qsb_research_dwh_current_for_erd.db,db25_consolidation_source_db,0,source_db_label,TEXT,0,,1,"CREATE TABLE db25_consolidation_source_db (             source_db_label TEXT PRIMARY KEY,             source_db_path TEXT NOT NULL,             source_role TEXT NOT NULL,             source_file_size_bytes INTEGER NOT NULL,             source_detected_table_count INTEGER NOT NULL,             source_detected_view_count INTEGER NOT NULL,             imported_table_count INTEGER NOT NULL,             imported_view_count INTEGER NOT NULL,             created_at_utc TEXT NOT NULL         )"
current_dwh_erd,runs/QSB-DB/CURRENT_QSB_RESEARCH_DWH/qsb_research_dwh_current_for_erd.db,db25_consolidation_source_db,1,source_db_path,TEXT,1,,0,"CREATE TABLE db25_consolidation_source_db (             source_db_label TEXT PRIMARY KEY,             source_db_path TEXT NOT NULL,             source_role TEXT NOT NULL,             source_file_size_bytes INTEGER NOT NULL,             source_detected_table_count INTEGER NOT NULL,             source_detected_view_count INTEGER NOT NULL,             imported_table_count INTEGER NOT NULL,             imported_view_count INTEGER NOT NULL,             created_at_utc TEXT NOT NULL         )"
current_dwh_erd,runs/QSB-DB/CURRENT_QSB_RESEARCH_DWH/qsb_research_dwh_current_for_erd.db,db25_consolidation_source_db,2,source_role,TEXT,1,,0,"CREATE TABLE db25_consolidation_source_db (             source_db_label TEXT PRIMARY KEY,             source_db_path TEXT NOT NULL,             source_role TEXT NOT NULL,             source_file_size_bytes INTEGER NOT NULL,             source_detected_table_count INTEGER NOT NULL,             source_detected_view_count INTEGER NOT NULL,             imported_table_count INTEGER NOT NULL,             imported_view_count INTEGER NOT NULL,             created_at_utc TEXT NOT NULL         )"
current_dwh_erd,runs/QSB-DB/CURRENT_QSB_RESEARCH_DWH/qsb_research_dwh_current_for_erd.db,db25_consolidation_source_db,3,source_file_size_bytes,INTEGER,1,,0,"CREATE TABLE db25_consolidation_source_db (             source_db_label TEXT PRIMARY KEY,             source_db_path TEXT NOT NULL,             source_role TEXT NOT NULL,             source_file_size_bytes INTEGER NOT NULL,             source_detected_table_count INTEGER NOT NULL,             source_detected_view_count INTEGER NOT NULL,             imported_table_count INTEGER NOT NULL,             imported_view_count INTEGER NOT NULL,             created_at_utc TEXT NOT NULL         )"
current_dwh_erd,runs/QSB-DB/CURRENT_QSB_RESEARCH_DWH/qsb_research_dwh_current_for_erd.db,db25_consolidation_source_db,4,source_detected_table_count,INTEGER,1,,0,"CREATE TABLE db25_consolidation_source_db (             source_db_label TEXT PRIMARY KEY,             source_db_path TEXT NOT NULL,             source_role TEXT NOT NULL,             source_file_size_bytes INTEGER NOT NULL,             source_detected_table_count INTEGER NOT NULL,             source_detected_view_count INTEGER NOT NULL,             imported_table_count INTEGER NOT NULL,             imported_view_count INTEGER NOT NULL,             created_at_utc TEXT NOT NULL         )"
current_dwh_erd,runs/QSB-DB/CURRENT_QSB_RESEARCH_DWH/qsb_research_dwh_current_for_erd.db,db25_consolidation_source_db,5,source_detected_view_count,INTEGER,1,,0,"CREATE TABLE db25_consolidation_source_db (             source_db_label TEXT PRIMARY KEY,             source_db_path TEXT NOT NULL,             source_role TEXT NOT NULL,             source_file_size_bytes INTEGER NOT NULL,             source_detected_table_count INTEGER NOT NULL,             source_detected_view_count INTEGER NOT NULL,             imported_table_count INTEGER NOT NULL,             imported_view_count INTEGER NOT NULL,             created_at_utc TEXT NOT NULL         )"
current_dwh_erd,runs/QSB-DB/CURRENT_QSB_RESEARCH_DWH/qsb_research_dwh_current_for_erd.db,db25_consolidation_source_db,6,imported_table_count,INTEGER,1,,0,"CREATE TABLE db25_consolidation_source_db (             source_db_label TEXT PRIMARY KEY,             source_db_path TEXT NOT NULL,             source_role TEXT NOT NULL,             source_file_size_bytes INTEGER NOT NULL,             source_detected_table_count INTEGER NOT NULL,             source_detected_view_count INTEGER NOT NULL,             imported_table_count INTEGER NOT NULL,             imported_view_count INTEGER NOT NULL,             created_at_utc TEXT NOT NULL         )"
current_dwh_erd,runs/QSB-DB/CURRENT_QSB_RESEARCH_DWH/qsb_research_dwh_current_for_erd.db,db25_consolidation_source_db,7,imported_view_count,INTEGER,1,,0,"CREATE TABLE db25_consolidation_source_db (             source_db_label TEXT PRIMARY KEY,             source_db_path TEXT NOT NULL,             source_role TEXT NOT NULL,             source_file_size_bytes INTEGER NOT NULL,             source_detected_table_count INTEGER NOT NULL,             source_detected_view_count INTEGER NOT NULL,             imported_table_count INTEGER NOT NULL,             imported_view_count INTEGER NOT NULL,             created_at_utc TEXT NOT NULL         )"
current_dwh_erd,runs/QSB-DB/CURRENT_QSB_RESEARCH_DWH/qsb_research_dwh_current_for_erd.db,db25_consolidation_source_db,8,created_at_utc,TEXT,1,,0,"CREATE TABLE db25_consolidation_source_db (             source_db_label TEXT PRIMARY KEY,             source_db_path TEXT NOT NULL,             source_role TEXT NOT NULL,             source_file_size_bytes INTEGER NOT NULL,             source_detected_table_count INTEGER NOT NULL,             source_detected_view_count INTEGER NOT NULL,             imported_table_count INTEGER NOT NULL,             imported_view_count INTEGER NOT NULL,             created_at_utc TEXT NOT NULL         )"
current_dwh_erd,runs/QSB-DB/CURRENT_QSB_RESEARCH_DWH/qsb_research_dwh_current_for_erd.db,db28_external_source_registry,0,source_id,TEXT,0,,1,"CREATE TABLE db28_external_source_registry (             source_id TEXT PRIMARY KEY,             source_name TEXT,             institution TEXT,             source_type TEXT,             official_url TEXT,             access_method TEXT,             relevance_class TEXT,             tier TEXT,             retrieval_status TEXT,             citation_or_license_note TEXT,             created_at_utc TEXT         )"
current_dwh_erd,runs/QSB-DB/CURRENT_QSB_RESEARCH_DWH/qsb_research_dwh_current_for_erd.db,db28_external_source_registry,1,source_name,TEXT,0,,0,"CREATE TABLE db28_external_source_registry (             source_id TEXT PRIMARY KEY,             source_name TEXT,             institution TEXT,             source_type TEXT,             official_url TEXT,             access_method TEXT,             relevance_class TEXT,             tier TEXT,             retrieval_status TEXT,             citation_or_license_note TEXT,             created_at_utc TEXT         )"
current_dwh_erd,runs/QSB-DB/CURRENT_QSB_RESEARCH_DWH/qsb_research_dwh_current_for_erd.db,db28_external_source_registry,2,institution,TEXT,0,,0,"CREATE TABLE db28_external_source_registry (             source_id TEXT PRIMARY KEY,             source_name TEXT,             institution TEXT,             source_type TEXT,             official_url TEXT,             access_method TEXT,             relevance_class TEXT,             tier TEXT,             retrieval_status TEXT,             citation_or_license_note TEXT,             created_at_utc TEXT         )"
current_dwh_erd,runs/QSB-DB/CURRENT_QSB_RESEARCH_DWH/qsb_research_dwh_current_for_erd.db,db28_external_source_registry,3,source_type,TEXT,0,,0,"CREATE TABLE db28_external_source_registry (             source_id TEXT PRIMARY KEY,             source_name TEXT,             institution TEXT,             source_type TEXT,             official_url TEXT,             access_method TEXT,             relevance_class TEXT,             tier TEXT,             retrieval_status TEXT,             citation_or_license_note TEXT,             created_at_utc TEXT         )"
current_dwh_erd,runs/QSB-DB/CURRENT_QSB_RESEARCH_DWH/qsb_research_dwh_current_for_erd.db,db28_external_source_registry,4,official_url,TEXT,0,,0,"CREATE TABLE db28_external_source_registry (             source_id TEXT PRIMARY KEY,             source_name TEXT,             institution TEXT,             source_type TEXT,             official_url TEXT,             access_method TEXT,             relevance_class TEXT,             tier TEXT,             retrieval_status TEXT,             citation_or_license_note TEXT,             created_at_utc TEXT         )"
current_dwh_erd,runs/QSB-DB/CURRENT_QSB_RESEARCH_DWH/qsb_research_dwh_current_for_erd.db,db28_external_source_registry,5,access_method,TEXT,0,,0,"CREATE TABLE db28_external_source_registry (             source_id TEXT PRIMARY KEY,             source_name TEXT,             institution TEXT,             source_type TEXT,             official_url TEXT,             access_method TEXT,             relevance_class TEXT,             tier TEXT,             retrieval_status TEXT,             citation_or_license_note TEXT,             created_at_utc TEXT         )"
current_dwh_erd,runs/QSB-DB/CURRENT_QSB_RESEARCH_DWH/qsb_research_dwh_current_for_erd.db,db28_external_source_registry,6,relevance_class,TEXT,0,,0,"CREATE TABLE db28_external_source_registry (             source_id TEXT PRIMARY KEY,             source_name TEXT,             institution TEXT,             source_type TEXT,             official_url TEXT,             access_method TEXT,             relevance_class TEXT,             tier TEXT,             retrieval_status TEXT,             citation_or_license_note TEXT,             created_at_utc TEXT         )"
current_dwh_erd,runs/QSB-DB/CURRENT_QSB_RESEARCH_DWH/qsb_research_dwh_current_for_erd.db,db28_external_source_registry,7,tier,TEXT,0,,0,"CREATE TABLE db28_external_source_registry (             source_id TEXT PRIMARY KEY,             source_name TEXT,             institution TEXT,             source_type TEXT,             official_url TEXT,             access_method TEXT,             relevance_class TEXT,             tier TEXT,             retrieval_status TEXT,             citation_or_license_note TEXT,             created_at_utc TEXT         )"
current_dwh_erd,runs/QSB-DB/CURRENT_QSB_RESEARCH_DWH/qsb_research_dwh_current_for_erd.db,db28_external_source_registry,8,retrieval_status,TEXT,0,,0,"CREATE TABLE db28_external_source_registry (             source_id TEXT PRIMARY KEY,             source_name TEXT,             institution TEXT,             source_type TEXT,             official_url TEXT,             access_method TEXT,             relevance_class TEXT,             tier TEXT,             retrieval_status TEXT,             citation_or_license_note TEXT,             created_at_utc TEXT         )"
current_dwh_erd,runs/QSB-DB/CURRENT_QSB_RESEARCH_DWH/qsb_research_dwh_current_for_erd.db,db28_external_source_registry,9,citation_or_license_note,TEXT,0,,0,"CREATE TABLE db28_external_source_registry (             source_id TEXT PRIMARY KEY,             source_name TEXT,             institution TEXT,             source_type TEXT,             official_url TEXT,             access_method TEXT,             relevance_class TEXT,             tier TEXT,             retrieval_status TEXT,             citation_or_license_note TEXT,             created_at_utc TEXT         )"
current_dwh_erd,runs/QSB-DB/CURRENT_QSB_RESEARCH_DWH/qsb_research_dwh_current_for_erd.db,db28_external_source_registry,10,created_at_utc,TEXT,0,,0,"CREATE TABLE db28_external_source_registry (             source_id TEXT PRIMARY KEY,             source_name TEXT,             institution TEXT,             source_type TEXT,             official_url TEXT,             access_method TEXT,             relevance_class TEXT,             tier TEXT,             retrieval_status TEXT,             citation_or_license_note TEXT,             created_at_utc TEXT         )"
current_dwh_erd,runs/QSB-DB/CURRENT_QSB_RESEARCH_DWH/qsb_research_dwh_current_for_erd.db,document_catalog,0,document_id,INTEGER,0,,1,"CREATE TABLE document_catalog (     document_id INTEGER PRIMARY KEY,     project_file_id INTEGER NOT NULL,     document_title TEXT,     document_type TEXT,     qsb_block_id TEXT,     upstream_block TEXT,     downstream_block TEXT,     status TEXT,     claim_boundary_level TEXT,     tracking_decision TEXT,     notes TEXT,     created_at TEXT NOT NULL DEFAULT CURRENT_TIMESTAMP,     updated_at TEXT,     FOREIGN KEY (project_file_id) REFERENCES project_file_catalog(project_file_id),     UNIQUE(proje"
current_dwh_erd,runs/QSB-DB/CURRENT_QSB_RESEARCH_DWH/qsb_research_dwh_current_for_erd.db,document_catalog,1,project_file_id,INTEGER,1,,0,"CREATE TABLE document_catalog (     document_id INTEGER PRIMARY KEY,     project_file_id INTEGER NOT NULL,     document_title TEXT,     document_type TEXT,     qsb_block_id TEXT,     upstream_block TEXT,     downstream_block TEXT,     status TEXT,     claim_boundary_level TEXT,     tracking_decision TEXT,     notes TEXT,     created_at TEXT NOT NULL DEFAULT CURRENT_TIMESTAMP,     updated_at TEXT,     FOREIGN KEY (project_file_id) REFERENCES project_file_catalog(project_file_id),     UNIQUE(proje"
current_dwh_erd,runs/QSB-DB/CURRENT_QSB_RESEARCH_DWH/qsb_research_dwh_current_for_erd.db,document_catalog,2,document_title,TEXT,0,,0,"CREATE TABLE document_catalog (     document_id INTEGER PRIMARY KEY,     project_file_id INTEGER NOT NULL,     document_title TEXT,     document_type TEXT,     qsb_block_id TEXT,     upstream_block TEXT,     downstream_block TEXT,     status TEXT,     claim_boundary_level TEXT,     tracking_decision TEXT,     notes TEXT,     created_at TEXT NOT NULL DEFAULT CURRENT_TIMESTAMP,     updated_at TEXT,     FOREIGN KEY (project_file_id) REFERENCES project_file_catalog(project_file_id),     UNIQUE(proje"
current_dwh_erd,runs/QSB-DB/CURRENT_QSB_RESEARCH_DWH/qsb_research_dwh_current_for_erd.db,document_catalog,3,document_type,TEXT,0,,0,"CREATE TABLE document_catalog (     document_id INTEGER PRIMARY KEY,     project_file_id INTEGER NOT NULL,     document_title TEXT,     document_type TEXT,     qsb_block_id TEXT,     upstream_block TEXT,     downstream_block TEXT,     status TEXT,     claim_boundary_level TEXT,     tracking_decision TEXT,     notes TEXT,     created_at TEXT NOT NULL DEFAULT CURRENT_TIMESTAMP,     updated_at TEXT,     FOREIGN KEY (project_file_id) REFERENCES project_file_catalog(project_file_id),     UNIQUE(proje"
current_dwh_erd,runs/QSB-DB/CURRENT_QSB_RESEARCH_DWH/qsb_research_dwh_current_for_erd.db,document_catalog,4,qsb_block_id,TEXT,0,,0,"CREATE TABLE document_catalog (     document_id INTEGER PRIMARY KEY,     project_file_id INTEGER NOT NULL,     document_title TEXT,     document_type TEXT,     qsb_block_id TEXT,     upstream_block TEXT,     downstream_block TEXT,     status TEXT,     claim_boundary_level TEXT,     tracking_decision TEXT,     notes TEXT,     created_at TEXT NOT NULL DEFAULT CURRENT_TIMESTAMP,     updated_at TEXT,     FOREIGN KEY (project_file_id) REFERENCES project_file_catalog(project_file_id),     UNIQUE(proje"
current_dwh_erd,runs/QSB-DB/CURRENT_QSB_RESEARCH_DWH/qsb_research_dwh_current_for_erd.db,document_catalog,5,upstream_block,TEXT,0,,0,"CREATE TABLE document_catalog (     document_id INTEGER PRIMARY KEY,     project_file_id INTEGER NOT NULL,     document_title TEXT,     document_type TEXT,     qsb_block_id TEXT,     upstream_block TEXT,     downstream_block TEXT,     status TEXT,     claim_boundary_level TEXT,     tracking_decision TEXT,     notes TEXT,     created_at TEXT NOT NULL DEFAULT CURRENT_TIMESTAMP,     updated_at TEXT,     FOREIGN KEY (project_file_id) REFERENCES project_file_catalog(project_file_id),     UNIQUE(proje"
current_dwh_erd,runs/QSB-DB/CURRENT_QSB_RESEARCH_DWH/qsb_research_dwh_current_for_erd.db,document_catalog,6,downstream_block,TEXT,0,,0,"CREATE TABLE document_catalog (     document_id INTEGER PRIMARY KEY,     project_file_id INTEGER NOT NULL,     document_title TEXT,     document_type TEXT,     qsb_block_id TEXT,     upstream_block TEXT,     downstream_block TEXT,     status TEXT,     claim_boundary_level TEXT,     tracking_decision TEXT,     notes TEXT,     created_at TEXT NOT NULL DEFAULT CURRENT_TIMESTAMP,     updated_at TEXT,     FOREIGN KEY (project_file_id) REFERENCES project_file_catalog(project_file_id),     UNIQUE(proje"
current_dwh_erd,runs/QSB-DB/CURRENT_QSB_RESEARCH_DWH/qsb_research_dwh_current_for_erd.db,document_catalog,7,status,TEXT,0,,0,"CREATE TABLE document_catalog (     document_id INTEGER PRIMARY KEY,     project_file_id INTEGER NOT NULL,     document_title TEXT,     document_type TEXT,     qsb_block_id TEXT,     upstream_block TEXT,     downstream_block TEXT,     status TEXT,     claim_boundary_level TEXT,     tracking_decision TEXT,     notes TEXT,     created_at TEXT NOT NULL DEFAULT CURRENT_TIMESTAMP,     updated_at TEXT,     FOREIGN KEY (project_file_id) REFERENCES project_file_catalog(project_file_id),     UNIQUE(proje"
current_dwh_erd,runs/QSB-DB/CURRENT_QSB_RESEARCH_DWH/qsb_research_dwh_current_for_erd.db,document_catalog,8,claim_boundary_level,TEXT,0,,0,"CREATE TABLE document_catalog (     document_id INTEGER PRIMARY KEY,     project_file_id INTEGER NOT NULL,     document_title TEXT,     document_type TEXT,     qsb_block_id TEXT,     upstream_block TEXT,     downstream_block TEXT,     status TEXT,     claim_boundary_level TEXT,     tracking_decision TEXT,     notes TEXT,     created_at TEXT NOT NULL DEFAULT CURRENT_TIMESTAMP,     updated_at TEXT,     FOREIGN KEY (project_file_id) REFERENCES project_file_catalog(project_file_id),     UNIQUE(proje"
current_dwh_erd,runs/QSB-DB/CURRENT_QSB_RESEARCH_DWH/qsb_research_dwh_current_for_erd.db,document_catalog,9,tracking_decision,TEXT,0,,0,"CREATE TABLE document_catalog (     document_id INTEGER PRIMARY KEY,     project_file_id INTEGER NOT NULL,     document_title TEXT,     document_type TEXT,     qsb_block_id TEXT,     upstream_block TEXT,     downstream_block TEXT,     status TEXT,     claim_boundary_level TEXT,     tracking_decision TEXT,     notes TEXT,     created_at TEXT NOT NULL DEFAULT CURRENT_TIMESTAMP,     updated_at TEXT,     FOREIGN KEY (project_file_id) REFERENCES project_file_catalog(project_file_id),     UNIQUE(proje"
current_dwh_erd,runs/QSB-DB/CURRENT_QSB_RESEARCH_DWH/qsb_research_dwh_current_for_erd.db,document_catalog,10,notes,TEXT,0,,0,"CREATE TABLE document_catalog (     document_id INTEGER PRIMARY KEY,     project_file_id INTEGER NOT NULL,     document_title TEXT,     document_type TEXT,     qsb_block_id TEXT,     upstream_block TEXT,     downstream_block TEXT,     status TEXT,     claim_boundary_level TEXT,     tracking_decision TEXT,     notes TEXT,     created_at TEXT NOT NULL DEFAULT CURRENT_TIMESTAMP,     updated_at TEXT,     FOREIGN KEY (project_file_id) REFERENCES project_file_catalog(project_file_id),     UNIQUE(proje"
current_dwh_erd,runs/QSB-DB/CURRENT_QSB_RESEARCH_DWH/qsb_research_dwh_current_for_erd.db,document_catalog,11,created_at,TEXT,1,CURRENT_TIMESTAMP,0,"CREATE TABLE document_catalog (     document_id INTEGER PRIMARY KEY,     project_file_id INTEGER NOT NULL,     document_title TEXT,     document_type TEXT,     qsb_block_id TEXT,     upstream_block TEXT,     downstream_block TEXT,     status TEXT,     claim_boundary_level TEXT,     tracking_decision TEXT,     notes TEXT,     created_at TEXT NOT NULL DEFAULT CURRENT_TIMESTAMP,     updated_at TEXT,     FOREIGN KEY (project_file_id) REFERENCES project_file_catalog(project_file_id),     UNIQUE(proje"
current_dwh_erd,runs/QSB-DB/CURRENT_QSB_RESEARCH_DWH/qsb_research_dwh_current_for_erd.db,document_catalog,12,updated_at,TEXT,0,,0,"CREATE TABLE document_catalog (     document_id INTEGER PRIMARY KEY,     project_file_id INTEGER NOT NULL,     document_title TEXT,     document_type TEXT,     qsb_block_id TEXT,     upstream_block TEXT,     downstream_block TEXT,     status TEXT,     claim_boundary_level TEXT,     tracking_decision TEXT,     notes TEXT,     created_at TEXT NOT NULL DEFAULT CURRENT_TIMESTAMP,     updated_at TEXT,     FOREIGN KEY (project_file_id) REFERENCES project_file_catalog(project_file_id),     UNIQUE(proje"
current_dwh_erd,runs/QSB-DB/CURRENT_QSB_RESEARCH_DWH/qsb_research_dwh_current_for_erd.db,raw_data_source,0,raw_data_source_id,INTEGER,0,,1,"CREATE TABLE raw_data_source (     raw_data_source_id INTEGER PRIMARY KEY,     source_name TEXT NOT NULL,     source_type TEXT NOT NULL,     provider_or_project TEXT,     source_url_or_path TEXT,     source_release TEXT,     source_version TEXT,     source_access_date TEXT,     source_download_status TEXT NOT NULL DEFAULT 'not_downloaded',     source_reachability_status TEXT NOT NULL DEFAULT 'unresolved',     source_corruption_status TEXT NOT NULL DEFAULT 'not_checked',     checksum_status TEXT "
current_dwh_erd,runs/QSB-DB/CURRENT_QSB_RESEARCH_DWH/qsb_research_dwh_current_for_erd.db,raw_data_source,1,source_name,TEXT,1,,0,"CREATE TABLE raw_data_source (     raw_data_source_id INTEGER PRIMARY KEY,     source_name TEXT NOT NULL,     source_type TEXT NOT NULL,     provider_or_project TEXT,     source_url_or_path TEXT,     source_release TEXT,     source_version TEXT,     source_access_date TEXT,     source_download_status TEXT NOT NULL DEFAULT 'not_downloaded',     source_reachability_status TEXT NOT NULL DEFAULT 'unresolved',     source_corruption_status TEXT NOT NULL DEFAULT 'not_checked',     checksum_status TEXT "
current_dwh_erd,runs/QSB-DB/CURRENT_QSB_RESEARCH_DWH/qsb_research_dwh_current_for_erd.db,raw_data_source,2,source_type,TEXT,1,,0,"CREATE TABLE raw_data_source (     raw_data_source_id INTEGER PRIMARY KEY,     source_name TEXT NOT NULL,     source_type TEXT NOT NULL,     provider_or_project TEXT,     source_url_or_path TEXT,     source_release TEXT,     source_version TEXT,     source_access_date TEXT,     source_download_status TEXT NOT NULL DEFAULT 'not_downloaded',     source_reachability_status TEXT NOT NULL DEFAULT 'unresolved',     source_corruption_status TEXT NOT NULL DEFAULT 'not_checked',     checksum_status TEXT "
current_dwh_erd,runs/QSB-DB/CURRENT_QSB_RESEARCH_DWH/qsb_research_dwh_current_for_erd.db,raw_data_source,3,provider_or_project,TEXT,0,,0,"CREATE TABLE raw_data_source (     raw_data_source_id INTEGER PRIMARY KEY,     source_name TEXT NOT NULL,     source_type TEXT NOT NULL,     provider_or_project TEXT,     source_url_or_path TEXT,     source_release TEXT,     source_version TEXT,     source_access_date TEXT,     source_download_status TEXT NOT NULL DEFAULT 'not_downloaded',     source_reachability_status TEXT NOT NULL DEFAULT 'unresolved',     source_corruption_status TEXT NOT NULL DEFAULT 'not_checked',     checksum_status TEXT "
current_dwh_erd,runs/QSB-DB/CURRENT_QSB_RESEARCH_DWH/qsb_research_dwh_current_for_erd.db,raw_data_source,4,source_url_or_path,TEXT,0,,0,"CREATE TABLE raw_data_source (     raw_data_source_id INTEGER PRIMARY KEY,     source_name TEXT NOT NULL,     source_type TEXT NOT NULL,     provider_or_project TEXT,     source_url_or_path TEXT,     source_release TEXT,     source_version TEXT,     source_access_date TEXT,     source_download_status TEXT NOT NULL DEFAULT 'not_downloaded',     source_reachability_status TEXT NOT NULL DEFAULT 'unresolved',     source_corruption_status TEXT NOT NULL DEFAULT 'not_checked',     checksum_status TEXT "
current_dwh_erd,runs/QSB-DB/CURRENT_QSB_RESEARCH_DWH/qsb_research_dwh_current_for_erd.db,raw_data_source,5,source_release,TEXT,0,,0,"CREATE TABLE raw_data_source (     raw_data_source_id INTEGER PRIMARY KEY,     source_name TEXT NOT NULL,     source_type TEXT NOT NULL,     provider_or_project TEXT,     source_url_or_path TEXT,     source_release TEXT,     source_version TEXT,     source_access_date TEXT,     source_download_status TEXT NOT NULL DEFAULT 'not_downloaded',     source_reachability_status TEXT NOT NULL DEFAULT 'unresolved',     source_corruption_status TEXT NOT NULL DEFAULT 'not_checked',     checksum_status TEXT "
current_dwh_erd,runs/QSB-DB/CURRENT_QSB_RESEARCH_DWH/qsb_research_dwh_current_for_erd.db,raw_data_source,6,source_version,TEXT,0,,0,"CREATE TABLE raw_data_source (     raw_data_source_id INTEGER PRIMARY KEY,     source_name TEXT NOT NULL,     source_type TEXT NOT NULL,     provider_or_project TEXT,     source_url_or_path TEXT,     source_release TEXT,     source_version TEXT,     source_access_date TEXT,     source_download_status TEXT NOT NULL DEFAULT 'not_downloaded',     source_reachability_status TEXT NOT NULL DEFAULT 'unresolved',     source_corruption_status TEXT NOT NULL DEFAULT 'not_checked',     checksum_status TEXT "
current_dwh_erd,runs/QSB-DB/CURRENT_QSB_RESEARCH_DWH/qsb_research_dwh_current_for_erd.db,raw_data_source,7,source_access_date,TEXT,0,,0,"CREATE TABLE raw_data_source (     raw_data_source_id INTEGER PRIMARY KEY,     source_name TEXT NOT NULL,     source_type TEXT NOT NULL,     provider_or_project TEXT,     source_url_or_path TEXT,     source_release TEXT,     source_version TEXT,     source_access_date TEXT,     source_download_status TEXT NOT NULL DEFAULT 'not_downloaded',     source_reachability_status TEXT NOT NULL DEFAULT 'unresolved',     source_corruption_status TEXT NOT NULL DEFAULT 'not_checked',     checksum_status TEXT "
current_dwh_erd,runs/QSB-DB/CURRENT_QSB_RESEARCH_DWH/qsb_research_dwh_current_for_erd.db,raw_data_source,8,source_download_status,TEXT,1,'not_downloaded',0,"CREATE TABLE raw_data_source (     raw_data_source_id INTEGER PRIMARY KEY,     source_name TEXT NOT NULL,     source_type TEXT NOT NULL,     provider_or_project TEXT,     source_url_or_path TEXT,     source_release TEXT,     source_version TEXT,     source_access_date TEXT,     source_download_status TEXT NOT NULL DEFAULT 'not_downloaded',     source_reachability_status TEXT NOT NULL DEFAULT 'unresolved',     source_corruption_status TEXT NOT NULL DEFAULT 'not_checked',     checksum_status TEXT "
current_dwh_erd,runs/QSB-DB/CURRENT_QSB_RESEARCH_DWH/qsb_research_dwh_current_for_erd.db,raw_data_source,9,source_reachability_status,TEXT,1,'unresolved',0,"CREATE TABLE raw_data_source (     raw_data_source_id INTEGER PRIMARY KEY,     source_name TEXT NOT NULL,     source_type TEXT NOT NULL,     provider_or_project TEXT,     source_url_or_path TEXT,     source_release TEXT,     source_version TEXT,     source_access_date TEXT,     source_download_status TEXT NOT NULL DEFAULT 'not_downloaded',     source_reachability_status TEXT NOT NULL DEFAULT 'unresolved',     source_corruption_status TEXT NOT NULL DEFAULT 'not_checked',     checksum_status TEXT "
current_dwh_erd,runs/QSB-DB/CURRENT_QSB_RESEARCH_DWH/qsb_research_dwh_current_for_erd.db,raw_data_source,10,source_corruption_status,TEXT,1,'not_checked',0,"CREATE TABLE raw_data_source (     raw_data_source_id INTEGER PRIMARY KEY,     source_name TEXT NOT NULL,     source_type TEXT NOT NULL,     provider_or_project TEXT,     source_url_or_path TEXT,     source_release TEXT,     source_version TEXT,     source_access_date TEXT,     source_download_status TEXT NOT NULL DEFAULT 'not_downloaded',     source_reachability_status TEXT NOT NULL DEFAULT 'unresolved',     source_corruption_status TEXT NOT NULL DEFAULT 'not_checked',     checksum_status TEXT "
current_dwh_erd,runs/QSB-DB/CURRENT_QSB_RESEARCH_DWH/qsb_research_dwh_current_for_erd.db,raw_data_source,11,checksum_status,TEXT,1,'not_checked',0,"CREATE TABLE raw_data_source (     raw_data_source_id INTEGER PRIMARY KEY,     source_name TEXT NOT NULL,     source_type TEXT NOT NULL,     provider_or_project TEXT,     source_url_or_path TEXT,     source_release TEXT,     source_version TEXT,     source_access_date TEXT,     source_download_status TEXT NOT NULL DEFAULT 'not_downloaded',     source_reachability_status TEXT NOT NULL DEFAULT 'unresolved',     source_corruption_status TEXT NOT NULL DEFAULT 'not_checked',     checksum_status TEXT "
current_dwh_erd,runs/QSB-DB/CURRENT_QSB_RESEARCH_DWH/qsb_research_dwh_current_for_erd.db,raw_data_source,12,license_or_usage_note,TEXT,0,,0,"CREATE TABLE raw_data_source (     raw_data_source_id INTEGER PRIMARY KEY,     source_name TEXT NOT NULL,     source_type TEXT NOT NULL,     provider_or_project TEXT,     source_url_or_path TEXT,     source_release TEXT,     source_version TEXT,     source_access_date TEXT,     source_download_status TEXT NOT NULL DEFAULT 'not_downloaded',     source_reachability_status TEXT NOT NULL DEFAULT 'unresolved',     source_corruption_status TEXT NOT NULL DEFAULT 'not_checked',     checksum_status TEXT "
current_dwh_erd,runs/QSB-DB/CURRENT_QSB_RESEARCH_DWH/qsb_research_dwh_current_for_erd.db,raw_data_source,13,provenance_confidence,TEXT,1,'unresolved',0,"CREATE TABLE raw_data_source (     raw_data_source_id INTEGER PRIMARY KEY,     source_name TEXT NOT NULL,     source_type TEXT NOT NULL,     provider_or_project TEXT,     source_url_or_path TEXT,     source_release TEXT,     source_version TEXT,     source_access_date TEXT,     source_download_status TEXT NOT NULL DEFAULT 'not_downloaded',     source_reachability_status TEXT NOT NULL DEFAULT 'unresolved',     source_corruption_status TEXT NOT NULL DEFAULT 'not_checked',     checksum_status TEXT "
current_dwh_erd,runs/QSB-DB/CURRENT_QSB_RESEARCH_DWH/qsb_research_dwh_current_for_erd.db,raw_data_source,14,quarantine_status,TEXT,1,'not_quarantined',0,"CREATE TABLE raw_data_source (     raw_data_source_id INTEGER PRIMARY KEY,     source_name TEXT NOT NULL,     source_type TEXT NOT NULL,     provider_or_project TEXT,     source_url_or_path TEXT,     source_release TEXT,     source_version TEXT,     source_access_date TEXT,     source_download_status TEXT NOT NULL DEFAULT 'not_downloaded',     source_reachability_status TEXT NOT NULL DEFAULT 'unresolved',     source_corruption_status TEXT NOT NULL DEFAULT 'not_checked',     checksum_status TEXT "
current_dwh_erd,runs/QSB-DB/CURRENT_QSB_RESEARCH_DWH/qsb_research_dwh_current_for_erd.db,raw_data_source,15,notes,TEXT,0,,0,"CREATE TABLE raw_data_source (     raw_data_source_id INTEGER PRIMARY KEY,     source_name TEXT NOT NULL,     source_type TEXT NOT NULL,     provider_or_project TEXT,     source_url_or_path TEXT,     source_release TEXT,     source_version TEXT,     source_access_date TEXT,     source_download_status TEXT NOT NULL DEFAULT 'not_downloaded',     source_reachability_status TEXT NOT NULL DEFAULT 'unresolved',     source_corruption_status TEXT NOT NULL DEFAULT 'not_checked',     checksum_status TEXT "
current_dwh_erd,runs/QSB-DB/CURRENT_QSB_RESEARCH_DWH/qsb_research_dwh_current_for_erd.db,raw_data_source,16,created_at,TEXT,1,CURRENT_TIMESTAMP,0,"CREATE TABLE raw_data_source (     raw_data_source_id INTEGER PRIMARY KEY,     source_name TEXT NOT NULL,     source_type TEXT NOT NULL,     provider_or_project TEXT,     source_url_or_path TEXT,     source_release TEXT,     source_version TEXT,     source_access_date TEXT,     source_download_status TEXT NOT NULL DEFAULT 'not_downloaded',     source_reachability_status TEXT NOT NULL DEFAULT 'unresolved',     source_corruption_status TEXT NOT NULL DEFAULT 'not_checked',     checksum_status TEXT "
current_dwh_erd,runs/QSB-DB/CURRENT_QSB_RESEARCH_DWH/qsb_research_dwh_current_for_erd.db,raw_data_source,17,updated_at,TEXT,0,,0,"CREATE TABLE raw_data_source (     raw_data_source_id INTEGER PRIMARY KEY,     source_name TEXT NOT NULL,     source_type TEXT NOT NULL,     provider_or_project TEXT,     source_url_or_path TEXT,     source_release TEXT,     source_version TEXT,     source_access_date TEXT,     source_download_status TEXT NOT NULL DEFAULT 'not_downloaded',     source_reachability_status TEXT NOT NULL DEFAULT 'unresolved',     source_corruption_status TEXT NOT NULL DEFAULT 'not_checked',     checksum_status TEXT "
db25_consolidated_snapshot,runs/QSB-DB/QSB_DB25_CONSOLIDATED_RESEARCH_SNAPSHOT/qsb_research_consolidated_snapshot.db,claim_boundary_catalog,0,claim_boundary_id,INTEGER,0,,1,"CREATE TABLE claim_boundary_catalog (     claim_boundary_id INTEGER PRIMARY KEY,     object_type TEXT NOT NULL,     object_id TEXT NOT NULL,     claim_level TEXT,     physical_interpretation_allowed INTEGER NOT NULL DEFAULT 0,     residual_analysis_allowed INTEGER NOT NULL DEFAULT 0,     model_fitting_allowed INTEGER NOT NULL DEFAULT 0,     bridge_claim_allowed INTEGER NOT NULL DEFAULT 0,     value_reading_allowed INTEGER NOT NULL DEFAULT 0,     notes TEXT,     created_at TEXT NOT NULL DEFAULT C"
db25_consolidated_snapshot,runs/QSB-DB/QSB_DB25_CONSOLIDATED_RESEARCH_SNAPSHOT/qsb_research_consolidated_snapshot.db,claim_boundary_catalog,1,object_type,TEXT,1,,0,"CREATE TABLE claim_boundary_catalog (     claim_boundary_id INTEGER PRIMARY KEY,     object_type TEXT NOT NULL,     object_id TEXT NOT NULL,     claim_level TEXT,     physical_interpretation_allowed INTEGER NOT NULL DEFAULT 0,     residual_analysis_allowed INTEGER NOT NULL DEFAULT 0,     model_fitting_allowed INTEGER NOT NULL DEFAULT 0,     bridge_claim_allowed INTEGER NOT NULL DEFAULT 0,     value_reading_allowed INTEGER NOT NULL DEFAULT 0,     notes TEXT,     created_at TEXT NOT NULL DEFAULT C"
db25_consolidated_snapshot,runs/QSB-DB/QSB_DB25_CONSOLIDATED_RESEARCH_SNAPSHOT/qsb_research_consolidated_snapshot.db,claim_boundary_catalog,2,object_id,TEXT,1,,0,"CREATE TABLE claim_boundary_catalog (     claim_boundary_id INTEGER PRIMARY KEY,     object_type TEXT NOT NULL,     object_id TEXT NOT NULL,     claim_level TEXT,     physical_interpretation_allowed INTEGER NOT NULL DEFAULT 0,     residual_analysis_allowed INTEGER NOT NULL DEFAULT 0,     model_fitting_allowed INTEGER NOT NULL DEFAULT 0,     bridge_claim_allowed INTEGER NOT NULL DEFAULT 0,     value_reading_allowed INTEGER NOT NULL DEFAULT 0,     notes TEXT,     created_at TEXT NOT NULL DEFAULT C"
db25_consolidated_snapshot,runs/QSB-DB/QSB_DB25_CONSOLIDATED_RESEARCH_SNAPSHOT/qsb_research_consolidated_snapshot.db,claim_boundary_catalog,3,claim_level,TEXT,0,,0,"CREATE TABLE claim_boundary_catalog (     claim_boundary_id INTEGER PRIMARY KEY,     object_type TEXT NOT NULL,     object_id TEXT NOT NULL,     claim_level TEXT,     physical_interpretation_allowed INTEGER NOT NULL DEFAULT 0,     residual_analysis_allowed INTEGER NOT NULL DEFAULT 0,     model_fitting_allowed INTEGER NOT NULL DEFAULT 0,     bridge_claim_allowed INTEGER NOT NULL DEFAULT 0,     value_reading_allowed INTEGER NOT NULL DEFAULT 0,     notes TEXT,     created_at TEXT NOT NULL DEFAULT C"
db25_consolidated_snapshot,runs/QSB-DB/QSB_DB25_CONSOLIDATED_RESEARCH_SNAPSHOT/qsb_research_consolidated_snapshot.db,claim_boundary_catalog,4,physical_interpretation_allowed,INTEGER,1,0,0,"CREATE TABLE claim_boundary_catalog (     claim_boundary_id INTEGER PRIMARY KEY,     object_type TEXT NOT NULL,     object_id TEXT NOT NULL,     claim_level TEXT,     physical_interpretation_allowed INTEGER NOT NULL DEFAULT 0,     residual_analysis_allowed INTEGER NOT NULL DEFAULT 0,     model_fitting_allowed INTEGER NOT NULL DEFAULT 0,     bridge_claim_allowed INTEGER NOT NULL DEFAULT 0,     value_reading_allowed INTEGER NOT NULL DEFAULT 0,     notes TEXT,     created_at TEXT NOT NULL DEFAULT C"
db25_consolidated_snapshot,runs/QSB-DB/QSB_DB25_CONSOLIDATED_RESEARCH_SNAPSHOT/qsb_research_consolidated_snapshot.db,claim_boundary_catalog,5,residual_analysis_allowed,INTEGER,1,0,0,"CREATE TABLE claim_boundary_catalog (     claim_boundary_id INTEGER PRIMARY KEY,     object_type TEXT NOT NULL,     object_id TEXT NOT NULL,     claim_level TEXT,     physical_interpretation_allowed INTEGER NOT NULL DEFAULT 0,     residual_analysis_allowed INTEGER NOT NULL DEFAULT 0,     model_fitting_allowed INTEGER NOT NULL DEFAULT 0,     bridge_claim_allowed INTEGER NOT NULL DEFAULT 0,     value_reading_allowed INTEGER NOT NULL DEFAULT 0,     notes TEXT,     created_at TEXT NOT NULL DEFAULT C"
db25_consolidated_snapshot,runs/QSB-DB/QSB_DB25_CONSOLIDATED_RESEARCH_SNAPSHOT/qsb_research_consolidated_snapshot.db,claim_boundary_catalog,6,model_fitting_allowed,INTEGER,1,0,0,"CREATE TABLE claim_boundary_catalog (     claim_boundary_id INTEGER PRIMARY KEY,     object_type TEXT NOT NULL,     object_id TEXT NOT NULL,     claim_level TEXT,     physical_interpretation_allowed INTEGER NOT NULL DEFAULT 0,     residual_analysis_allowed INTEGER NOT NULL DEFAULT 0,     model_fitting_allowed INTEGER NOT NULL DEFAULT 0,     bridge_claim_allowed INTEGER NOT NULL DEFAULT 0,     value_reading_allowed INTEGER NOT NULL DEFAULT 0,     notes TEXT,     created_at TEXT NOT NULL DEFAULT C"
db25_consolidated_snapshot,runs/QSB-DB/QSB_DB25_CONSOLIDATED_RESEARCH_SNAPSHOT/qsb_research_consolidated_snapshot.db,claim_boundary_catalog,7,bridge_claim_allowed,INTEGER,1,0,0,"CREATE TABLE claim_boundary_catalog (     claim_boundary_id INTEGER PRIMARY KEY,     object_type TEXT NOT NULL,     object_id TEXT NOT NULL,     claim_level TEXT,     physical_interpretation_allowed INTEGER NOT NULL DEFAULT 0,     residual_analysis_allowed INTEGER NOT NULL DEFAULT 0,     model_fitting_allowed INTEGER NOT NULL DEFAULT 0,     bridge_claim_allowed INTEGER NOT NULL DEFAULT 0,     value_reading_allowed INTEGER NOT NULL DEFAULT 0,     notes TEXT,     created_at TEXT NOT NULL DEFAULT C"
db25_consolidated_snapshot,runs/QSB-DB/QSB_DB25_CONSOLIDATED_RESEARCH_SNAPSHOT/qsb_research_consolidated_snapshot.db,claim_boundary_catalog,8,value_reading_allowed,INTEGER,1,0,0,"CREATE TABLE claim_boundary_catalog (     claim_boundary_id INTEGER PRIMARY KEY,     object_type TEXT NOT NULL,     object_id TEXT NOT NULL,     claim_level TEXT,     physical_interpretation_allowed INTEGER NOT NULL DEFAULT 0,     residual_analysis_allowed INTEGER NOT NULL DEFAULT 0,     model_fitting_allowed INTEGER NOT NULL DEFAULT 0,     bridge_claim_allowed INTEGER NOT NULL DEFAULT 0,     value_reading_allowed INTEGER NOT NULL DEFAULT 0,     notes TEXT,     created_at TEXT NOT NULL DEFAULT C"
db25_consolidated_snapshot,runs/QSB-DB/QSB_DB25_CONSOLIDATED_RESEARCH_SNAPSHOT/qsb_research_consolidated_snapshot.db,claim_boundary_catalog,9,notes,TEXT,0,,0,"CREATE TABLE claim_boundary_catalog (     claim_boundary_id INTEGER PRIMARY KEY,     object_type TEXT NOT NULL,     object_id TEXT NOT NULL,     claim_level TEXT,     physical_interpretation_allowed INTEGER NOT NULL DEFAULT 0,     residual_analysis_allowed INTEGER NOT NULL DEFAULT 0,     model_fitting_allowed INTEGER NOT NULL DEFAULT 0,     bridge_claim_allowed INTEGER NOT NULL DEFAULT 0,     value_reading_allowed INTEGER NOT NULL DEFAULT 0,     notes TEXT,     created_at TEXT NOT NULL DEFAULT C"
db25_consolidated_snapshot,runs/QSB-DB/QSB_DB25_CONSOLIDATED_RESEARCH_SNAPSHOT/qsb_research_consolidated_snapshot.db,claim_boundary_catalog,10,created_at,TEXT,1,CURRENT_TIMESTAMP,0,"CREATE TABLE claim_boundary_catalog (     claim_boundary_id INTEGER PRIMARY KEY,     object_type TEXT NOT NULL,     object_id TEXT NOT NULL,     claim_level TEXT,     physical_interpretation_allowed INTEGER NOT NULL DEFAULT 0,     residual_analysis_allowed INTEGER NOT NULL DEFAULT 0,     model_fitting_allowed INTEGER NOT NULL DEFAULT 0,     bridge_claim_allowed INTEGER NOT NULL DEFAULT 0,     value_reading_allowed INTEGER NOT NULL DEFAULT 0,     notes TEXT,     created_at TEXT NOT NULL DEFAULT C"
db25_consolidated_snapshot,runs/QSB-DB/QSB_DB25_CONSOLIDATED_RESEARCH_SNAPSHOT/qsb_research_consolidated_snapshot.db,claim_boundary_catalog,11,updated_at,TEXT,0,,0,"CREATE TABLE claim_boundary_catalog (     claim_boundary_id INTEGER PRIMARY KEY,     object_type TEXT NOT NULL,     object_id TEXT NOT NULL,     claim_level TEXT,     physical_interpretation_allowed INTEGER NOT NULL DEFAULT 0,     residual_analysis_allowed INTEGER NOT NULL DEFAULT 0,     model_fitting_allowed INTEGER NOT NULL DEFAULT 0,     bridge_claim_allowed INTEGER NOT NULL DEFAULT 0,     value_reading_allowed INTEGER NOT NULL DEFAULT 0,     notes TEXT,     created_at TEXT NOT NULL DEFAULT C"
db25_consolidated_snapshot,runs/QSB-DB/QSB_DB25_CONSOLIDATED_RESEARCH_SNAPSHOT/qsb_research_consolidated_snapshot.db,db21_par_tim_source_inventory,0,source_inventory_id,INTEGER,0,,1,"CREATE TABLE db21_par_tim_source_inventory (             source_inventory_id INTEGER PRIMARY KEY,             source_family_label TEXT NOT NULL,             object_label_candidate TEXT,             source_path TEXT NOT NULL,             relative_path TEXT NOT NULL UNIQUE,             source_file_name TEXT NOT NULL,             source_file_extension TEXT NOT NULL,             source_file_size_bytes INTEGER NOT NULL,             source_file_mtime_utc TEXT NOT NULL,             source_file_hash_sha"
db25_consolidated_snapshot,runs/QSB-DB/QSB_DB25_CONSOLIDATED_RESEARCH_SNAPSHOT/qsb_research_consolidated_snapshot.db,db21_par_tim_source_inventory,1,source_family_label,TEXT,1,,0,"CREATE TABLE db21_par_tim_source_inventory (             source_inventory_id INTEGER PRIMARY KEY,             source_family_label TEXT NOT NULL,             object_label_candidate TEXT,             source_path TEXT NOT NULL,             relative_path TEXT NOT NULL UNIQUE,             source_file_name TEXT NOT NULL,             source_file_extension TEXT NOT NULL,             source_file_size_bytes INTEGER NOT NULL,             source_file_mtime_utc TEXT NOT NULL,             source_file_hash_sha"
db25_consolidated_snapshot,runs/QSB-DB/QSB_DB25_CONSOLIDATED_RESEARCH_SNAPSHOT/qsb_research_consolidated_snapshot.db,db21_par_tim_source_inventory,2,object_label_candidate,TEXT,0,,0,"CREATE TABLE db21_par_tim_source_inventory (             source_inventory_id INTEGER PRIMARY KEY,             source_family_label TEXT NOT NULL,             object_label_candidate TEXT,             source_path TEXT NOT NULL,             relative_path TEXT NOT NULL UNIQUE,             source_file_name TEXT NOT NULL,             source_file_extension TEXT NOT NULL,             source_file_size_bytes INTEGER NOT NULL,             source_file_mtime_utc TEXT NOT NULL,             source_file_hash_sha"
db25_consolidated_snapshot,runs/QSB-DB/QSB_DB25_CONSOLIDATED_RESEARCH_SNAPSHOT/qsb_research_consolidated_snapshot.db,db21_par_tim_source_inventory,3,source_path,TEXT,1,,0,"CREATE TABLE db21_par_tim_source_inventory (             source_inventory_id INTEGER PRIMARY KEY,             source_family_label TEXT NOT NULL,             object_label_candidate TEXT,             source_path TEXT NOT NULL,             relative_path TEXT NOT NULL UNIQUE,             source_file_name TEXT NOT NULL,             source_file_extension TEXT NOT NULL,             source_file_size_bytes INTEGER NOT NULL,             source_file_mtime_utc TEXT NOT NULL,             source_file_hash_sha"
db25_consolidated_snapshot,runs/QSB-DB/QSB_DB25_CONSOLIDATED_RESEARCH_SNAPSHOT/qsb_research_consolidated_snapshot.db,db21_par_tim_source_inventory,4,relative_path,TEXT,1,,0,"CREATE TABLE db21_par_tim_source_inventory (             source_inventory_id INTEGER PRIMARY KEY,             source_family_label TEXT NOT NULL,             object_label_candidate TEXT,             source_path TEXT NOT NULL,             relative_path TEXT NOT NULL UNIQUE,             source_file_name TEXT NOT NULL,             source_file_extension TEXT NOT NULL,             source_file_size_bytes INTEGER NOT NULL,             source_file_mtime_utc TEXT NOT NULL,             source_file_hash_sha"
db25_consolidated_snapshot,runs/QSB-DB/QSB_DB25_CONSOLIDATED_RESEARCH_SNAPSHOT/qsb_research_consolidated_snapshot.db,db21_par_tim_source_inventory,5,source_file_name,TEXT,1,,0,"CREATE TABLE db21_par_tim_source_inventory (             source_inventory_id INTEGER PRIMARY KEY,             source_family_label TEXT NOT NULL,             object_label_candidate TEXT,             source_path TEXT NOT NULL,             relative_path TEXT NOT NULL UNIQUE,             source_file_name TEXT NOT NULL,             source_file_extension TEXT NOT NULL,             source_file_size_bytes INTEGER NOT NULL,             source_file_mtime_utc TEXT NOT NULL,             source_file_hash_sha"
db25_consolidated_snapshot,runs/QSB-DB/QSB_DB25_CONSOLIDATED_RESEARCH_SNAPSHOT/qsb_research_consolidated_snapshot.db,db21_par_tim_source_inventory,6,source_file_extension,TEXT,1,,0,"CREATE TABLE db21_par_tim_source_inventory (             source_inventory_id INTEGER PRIMARY KEY,             source_family_label TEXT NOT NULL,             object_label_candidate TEXT,             source_path TEXT NOT NULL,             relative_path TEXT NOT NULL UNIQUE,             source_file_name TEXT NOT NULL,             source_file_extension TEXT NOT NULL,             source_file_size_bytes INTEGER NOT NULL,             source_file_mtime_utc TEXT NOT NULL,             source_file_hash_sha"
db25_consolidated_snapshot,runs/QSB-DB/QSB_DB25_CONSOLIDATED_RESEARCH_SNAPSHOT/qsb_research_consolidated_snapshot.db,db21_par_tim_source_inventory,7,source_file_size_bytes,INTEGER,1,,0,"CREATE TABLE db21_par_tim_source_inventory (             source_inventory_id INTEGER PRIMARY KEY,             source_family_label TEXT NOT NULL,             object_label_candidate TEXT,             source_path TEXT NOT NULL,             relative_path TEXT NOT NULL UNIQUE,             source_file_name TEXT NOT NULL,             source_file_extension TEXT NOT NULL,             source_file_size_bytes INTEGER NOT NULL,             source_file_mtime_utc TEXT NOT NULL,             source_file_hash_sha"
db25_consolidated_snapshot,runs/QSB-DB/QSB_DB25_CONSOLIDATED_RESEARCH_SNAPSHOT/qsb_research_consolidated_snapshot.db,db21_par_tim_source_inventory,8,source_file_mtime_utc,TEXT,1,,0,"CREATE TABLE db21_par_tim_source_inventory (             source_inventory_id INTEGER PRIMARY KEY,             source_family_label TEXT NOT NULL,             object_label_candidate TEXT,             source_path TEXT NOT NULL,             relative_path TEXT NOT NULL UNIQUE,             source_file_name TEXT NOT NULL,             source_file_extension TEXT NOT NULL,             source_file_size_bytes INTEGER NOT NULL,             source_file_mtime_utc TEXT NOT NULL,             source_file_hash_sha"
db25_consolidated_snapshot,runs/QSB-DB/QSB_DB25_CONSOLIDATED_RESEARCH_SNAPSHOT/qsb_research_consolidated_snapshot.db,db21_par_tim_source_inventory,9,source_file_hash_sha256,TEXT,1,,0,"CREATE TABLE db21_par_tim_source_inventory (             source_inventory_id INTEGER PRIMARY KEY,             source_family_label TEXT NOT NULL,             object_label_candidate TEXT,             source_path TEXT NOT NULL,             relative_path TEXT NOT NULL UNIQUE,             source_file_name TEXT NOT NULL,             source_file_extension TEXT NOT NULL,             source_file_size_bytes INTEGER NOT NULL,             source_file_mtime_utc TEXT NOT NULL,             source_file_hash_sha"
db25_consolidated_snapshot,runs/QSB-DB/QSB_DB25_CONSOLIDATED_RESEARCH_SNAPSHOT/qsb_research_consolidated_snapshot.db,db21_par_tim_source_inventory,10,source_type,TEXT,1,,0,"CREATE TABLE db21_par_tim_source_inventory (             source_inventory_id INTEGER PRIMARY KEY,             source_family_label TEXT NOT NULL,             object_label_candidate TEXT,             source_path TEXT NOT NULL,             relative_path TEXT NOT NULL UNIQUE,             source_file_name TEXT NOT NULL,             source_file_extension TEXT NOT NULL,             source_file_size_bytes INTEGER NOT NULL,             source_file_mtime_utc TEXT NOT NULL,             source_file_hash_sha"
db25_consolidated_snapshot,runs/QSB-DB/QSB_DB25_CONSOLIDATED_RESEARCH_SNAPSHOT/qsb_research_consolidated_snapshot.db,db21_par_tim_source_inventory,11,structure_kind,TEXT,1,,0,"CREATE TABLE db21_par_tim_source_inventory (             source_inventory_id INTEGER PRIMARY KEY,             source_family_label TEXT NOT NULL,             object_label_candidate TEXT,             source_path TEXT NOT NULL,             relative_path TEXT NOT NULL UNIQUE,             source_file_name TEXT NOT NULL,             source_file_extension TEXT NOT NULL,             source_file_size_bytes INTEGER NOT NULL,             source_file_mtime_utc TEXT NOT NULL,             source_file_hash_sha"
db25_consolidated_snapshot,runs/QSB-DB/QSB_DB25_CONSOLIDATED_RESEARCH_SNAPSHOT/qsb_research_consolidated_snapshot.db,db21_par_tim_source_inventory,12,readability_status,TEXT,1,,0,"CREATE TABLE db21_par_tim_source_inventory (             source_inventory_id INTEGER PRIMARY KEY,             source_family_label TEXT NOT NULL,             object_label_candidate TEXT,             source_path TEXT NOT NULL,             relative_path TEXT NOT NULL UNIQUE,             source_file_name TEXT NOT NULL,             source_file_extension TEXT NOT NULL,             source_file_size_bytes INTEGER NOT NULL,             source_file_mtime_utc TEXT NOT NULL,             source_file_hash_sha"
db25_consolidated_snapshot,runs/QSB-DB/QSB_DB25_CONSOLIDATED_RESEARCH_SNAPSHOT/qsb_research_consolidated_snapshot.db,db21_par_tim_source_inventory,13,line_count,INTEGER,1,,0,"CREATE TABLE db21_par_tim_source_inventory (             source_inventory_id INTEGER PRIMARY KEY,             source_family_label TEXT NOT NULL,             object_label_candidate TEXT,             source_path TEXT NOT NULL,             relative_path TEXT NOT NULL UNIQUE,             source_file_name TEXT NOT NULL,             source_file_extension TEXT NOT NULL,             source_file_size_bytes INTEGER NOT NULL,             source_file_mtime_utc TEXT NOT NULL,             source_file_hash_sha"
db25_consolidated_snapshot,runs/QSB-DB/QSB_DB25_CONSOLIDATED_RESEARCH_SNAPSHOT/qsb_research_consolidated_snapshot.db,db21_par_tim_source_inventory,14,blank_line_count,INTEGER,1,,0,"CREATE TABLE db21_par_tim_source_inventory (             source_inventory_id INTEGER PRIMARY KEY,             source_family_label TEXT NOT NULL,             object_label_candidate TEXT,             source_path TEXT NOT NULL,             relative_path TEXT NOT NULL UNIQUE,             source_file_name TEXT NOT NULL,             source_file_extension TEXT NOT NULL,             source_file_size_bytes INTEGER NOT NULL,             source_file_mtime_utc TEXT NOT NULL,             source_file_hash_sha"
db25_consolidated_snapshot,runs/QSB-DB/QSB_DB25_CONSOLIDATED_RESEARCH_SNAPSHOT/qsb_research_consolidated_snapshot.db,db21_par_tim_source_inventory,15,nonblank_line_count,INTEGER,1,,0,"CREATE TABLE db21_par_tim_source_inventory (             source_inventory_id INTEGER PRIMARY KEY,             source_family_label TEXT NOT NULL,             object_label_candidate TEXT,             source_path TEXT NOT NULL,             relative_path TEXT NOT NULL UNIQUE,             source_file_name TEXT NOT NULL,             source_file_extension TEXT NOT NULL,             source_file_size_bytes INTEGER NOT NULL,             source_file_mtime_utc TEXT NOT NULL,             source_file_hash_sha"
db25_consolidated_snapshot,runs/QSB-DB/QSB_DB25_CONSOLIDATED_RESEARCH_SNAPSHOT/qsb_research_consolidated_snapshot.db,db21_par_tim_source_inventory,16,first_structural_lines,TEXT,0,,0,"CREATE TABLE db21_par_tim_source_inventory (             source_inventory_id INTEGER PRIMARY KEY,             source_family_label TEXT NOT NULL,             object_label_candidate TEXT,             source_path TEXT NOT NULL,             relative_path TEXT NOT NULL UNIQUE,             source_file_name TEXT NOT NULL,             source_file_extension TEXT NOT NULL,             source_file_size_bytes INTEGER NOT NULL,             source_file_mtime_utc TEXT NOT NULL,             source_file_hash_sha"
db25_consolidated_snapshot,runs/QSB-DB/QSB_DB25_CONSOLIDATED_RESEARCH_SNAPSHOT/qsb_research_consolidated_snapshot.db,db21_par_tim_source_inventory,17,db20_selected_for_ingest,INTEGER,1,0,0,"CREATE TABLE db21_par_tim_source_inventory (             source_inventory_id INTEGER PRIMARY KEY,             source_family_label TEXT NOT NULL,             object_label_candidate TEXT,             source_path TEXT NOT NULL,             relative_path TEXT NOT NULL UNIQUE,             source_file_name TEXT NOT NULL,             source_file_extension TEXT NOT NULL,             source_file_size_bytes INTEGER NOT NULL,             source_file_mtime_utc TEXT NOT NULL,             source_file_hash_sha"
db25_consolidated_snapshot,runs/QSB-DB/QSB_DB25_CONSOLIDATED_RESEARCH_SNAPSHOT/qsb_research_consolidated_snapshot.db,db21_par_tim_source_inventory,18,selected_for_db21_tim_ingest,INTEGER,1,0,0,"CREATE TABLE db21_par_tim_source_inventory (             source_inventory_id INTEGER PRIMARY KEY,             source_family_label TEXT NOT NULL,             object_label_candidate TEXT,             source_path TEXT NOT NULL,             relative_path TEXT NOT NULL UNIQUE,             source_file_name TEXT NOT NULL,             source_file_extension TEXT NOT NULL,             source_file_size_bytes INTEGER NOT NULL,             source_file_mtime_utc TEXT NOT NULL,             source_file_hash_sha"
db25_consolidated_snapshot,runs/QSB-DB/QSB_DB25_CONSOLIDATED_RESEARCH_SNAPSHOT/qsb_research_consolidated_snapshot.db,db21_par_tim_source_inventory,19,parse_status,TEXT,1,,0,"CREATE TABLE db21_par_tim_source_inventory (             source_inventory_id INTEGER PRIMARY KEY,             source_family_label TEXT NOT NULL,             object_label_candidate TEXT,             source_path TEXT NOT NULL,             relative_path TEXT NOT NULL UNIQUE,             source_file_name TEXT NOT NULL,             source_file_extension TEXT NOT NULL,             source_file_size_bytes INTEGER NOT NULL,             source_file_mtime_utc TEXT NOT NULL,             source_file_hash_sha"
db25_consolidated_snapshot,runs/QSB-DB/QSB_DB25_CONSOLIDATED_RESEARCH_SNAPSHOT/qsb_research_consolidated_snapshot.db,db21_par_tim_source_inventory,20,quality_status,TEXT,1,,0,"CREATE TABLE db21_par_tim_source_inventory (             source_inventory_id INTEGER PRIMARY KEY,             source_family_label TEXT NOT NULL,             object_label_candidate TEXT,             source_path TEXT NOT NULL,             relative_path TEXT NOT NULL UNIQUE,             source_file_name TEXT NOT NULL,             source_file_extension TEXT NOT NULL,             source_file_size_bytes INTEGER NOT NULL,             source_file_mtime_utc TEXT NOT NULL,             source_file_hash_sha"
db25_consolidated_snapshot,runs/QSB-DB/QSB_DB25_CONSOLIDATED_RESEARCH_SNAPSHOT/qsb_research_consolidated_snapshot.db,db21_par_tim_source_inventory,21,quarantine_status,TEXT,1,,0,"CREATE TABLE db21_par_tim_source_inventory (             source_inventory_id INTEGER PRIMARY KEY,             source_family_label TEXT NOT NULL,             object_label_candidate TEXT,             source_path TEXT NOT NULL,             relative_path TEXT NOT NULL UNIQUE,             source_file_name TEXT NOT NULL,             source_file_extension TEXT NOT NULL,             source_file_size_bytes INTEGER NOT NULL,             source_file_mtime_utc TEXT NOT NULL,             source_file_hash_sha"
db25_consolidated_snapshot,runs/QSB-DB/QSB_DB25_CONSOLIDATED_RESEARCH_SNAPSHOT/qsb_research_consolidated_snapshot.db,db21_par_tim_source_inventory,22,anomaly_status,TEXT,1,,0,"CREATE TABLE db21_par_tim_source_inventory (             source_inventory_id INTEGER PRIMARY KEY,             source_family_label TEXT NOT NULL,             object_label_candidate TEXT,             source_path TEXT NOT NULL,             relative_path TEXT NOT NULL UNIQUE,             source_file_name TEXT NOT NULL,             source_file_extension TEXT NOT NULL,             source_file_size_bytes INTEGER NOT NULL,             source_file_mtime_utc TEXT NOT NULL,             source_file_hash_sha"
db25_consolidated_snapshot,runs/QSB-DB/QSB_DB25_CONSOLIDATED_RESEARCH_SNAPSHOT/qsb_research_consolidated_snapshot.db,db21_par_tim_source_inventory,23,lineage_key,TEXT,1,,0,"CREATE TABLE db21_par_tim_source_inventory (             source_inventory_id INTEGER PRIMARY KEY,             source_family_label TEXT NOT NULL,             object_label_candidate TEXT,             source_path TEXT NOT NULL,             relative_path TEXT NOT NULL UNIQUE,             source_file_name TEXT NOT NULL,             source_file_extension TEXT NOT NULL,             source_file_size_bytes INTEGER NOT NULL,             source_file_mtime_utc TEXT NOT NULL,             source_file_hash_sha"
db25_consolidated_snapshot,runs/QSB-DB/QSB_DB25_CONSOLIDATED_RESEARCH_SNAPSHOT/qsb_research_consolidated_snapshot.db,db21_par_tim_source_inventory,24,created_at_utc,TEXT,1,,0,"CREATE TABLE db21_par_tim_source_inventory (             source_inventory_id INTEGER PRIMARY KEY,             source_family_label TEXT NOT NULL,             object_label_candidate TEXT,             source_path TEXT NOT NULL,             relative_path TEXT NOT NULL UNIQUE,             source_file_name TEXT NOT NULL,             source_file_extension TEXT NOT NULL,             source_file_size_bytes INTEGER NOT NULL,             source_file_mtime_utc TEXT NOT NULL,             source_file_hash_sha"
db25_consolidated_snapshot,runs/QSB-DB/QSB_DB25_CONSOLIDATED_RESEARCH_SNAPSHOT/qsb_research_consolidated_snapshot.db,db25_consolidation_source_db,0,source_db_label,TEXT,0,,1,"CREATE TABLE db25_consolidation_source_db (             source_db_label TEXT PRIMARY KEY,             source_db_path TEXT NOT NULL,             source_role TEXT NOT NULL,             source_file_size_bytes INTEGER NOT NULL,             source_detected_table_count INTEGER NOT NULL,             source_detected_view_count INTEGER NOT NULL,             imported_table_count INTEGER NOT NULL,             imported_view_count INTEGER NOT NULL,             created_at_utc TEXT NOT NULL         )"
db25_consolidated_snapshot,runs/QSB-DB/QSB_DB25_CONSOLIDATED_RESEARCH_SNAPSHOT/qsb_research_consolidated_snapshot.db,db25_consolidation_source_db,1,source_db_path,TEXT,1,,0,"CREATE TABLE db25_consolidation_source_db (             source_db_label TEXT PRIMARY KEY,             source_db_path TEXT NOT NULL,             source_role TEXT NOT NULL,             source_file_size_bytes INTEGER NOT NULL,             source_detected_table_count INTEGER NOT NULL,             source_detected_view_count INTEGER NOT NULL,             imported_table_count INTEGER NOT NULL,             imported_view_count INTEGER NOT NULL,             created_at_utc TEXT NOT NULL         )"
db25_consolidated_snapshot,runs/QSB-DB/QSB_DB25_CONSOLIDATED_RESEARCH_SNAPSHOT/qsb_research_consolidated_snapshot.db,db25_consolidation_source_db,2,source_role,TEXT,1,,0,"CREATE TABLE db25_consolidation_source_db (             source_db_label TEXT PRIMARY KEY,             source_db_path TEXT NOT NULL,             source_role TEXT NOT NULL,             source_file_size_bytes INTEGER NOT NULL,             source_detected_table_count INTEGER NOT NULL,             source_detected_view_count INTEGER NOT NULL,             imported_table_count INTEGER NOT NULL,             imported_view_count INTEGER NOT NULL,             created_at_utc TEXT NOT NULL         )"
db25_consolidated_snapshot,runs/QSB-DB/QSB_DB25_CONSOLIDATED_RESEARCH_SNAPSHOT/qsb_research_consolidated_snapshot.db,db25_consolidation_source_db,3,source_file_size_bytes,INTEGER,1,,0,"CREATE TABLE db25_consolidation_source_db (             source_db_label TEXT PRIMARY KEY,             source_db_path TEXT NOT NULL,             source_role TEXT NOT NULL,             source_file_size_bytes INTEGER NOT NULL,             source_detected_table_count INTEGER NOT NULL,             source_detected_view_count INTEGER NOT NULL,             imported_table_count INTEGER NOT NULL,             imported_view_count INTEGER NOT NULL,             created_at_utc TEXT NOT NULL         )"
db25_consolidated_snapshot,runs/QSB-DB/QSB_DB25_CONSOLIDATED_RESEARCH_SNAPSHOT/qsb_research_consolidated_snapshot.db,db25_consolidation_source_db,4,source_detected_table_count,INTEGER,1,,0,"CREATE TABLE db25_consolidation_source_db (             source_db_label TEXT PRIMARY KEY,             source_db_path TEXT NOT NULL,             source_role TEXT NOT NULL,             source_file_size_bytes INTEGER NOT NULL,             source_detected_table_count INTEGER NOT NULL,             source_detected_view_count INTEGER NOT NULL,             imported_table_count INTEGER NOT NULL,             imported_view_count INTEGER NOT NULL,             created_at_utc TEXT NOT NULL         )"
db25_consolidated_snapshot,runs/QSB-DB/QSB_DB25_CONSOLIDATED_RESEARCH_SNAPSHOT/qsb_research_consolidated_snapshot.db,db25_consolidation_source_db,5,source_detected_view_count,INTEGER,1,,0,"CREATE TABLE db25_consolidation_source_db (             source_db_label TEXT PRIMARY KEY,             source_db_path TEXT NOT NULL,             source_role TEXT NOT NULL,             source_file_size_bytes INTEGER NOT NULL,             source_detected_table_count INTEGER NOT NULL,             source_detected_view_count INTEGER NOT NULL,             imported_table_count INTEGER NOT NULL,             imported_view_count INTEGER NOT NULL,             created_at_utc TEXT NOT NULL         )"
db25_consolidated_snapshot,runs/QSB-DB/QSB_DB25_CONSOLIDATED_RESEARCH_SNAPSHOT/qsb_research_consolidated_snapshot.db,db25_consolidation_source_db,6,imported_table_count,INTEGER,1,,0,"CREATE TABLE db25_consolidation_source_db (             source_db_label TEXT PRIMARY KEY,             source_db_path TEXT NOT NULL,             source_role TEXT NOT NULL,             source_file_size_bytes INTEGER NOT NULL,             source_detected_table_count INTEGER NOT NULL,             source_detected_view_count INTEGER NOT NULL,             imported_table_count INTEGER NOT NULL,             imported_view_count INTEGER NOT NULL,             created_at_utc TEXT NOT NULL         )"
db25_consolidated_snapshot,runs/QSB-DB/QSB_DB25_CONSOLIDATED_RESEARCH_SNAPSHOT/qsb_research_consolidated_snapshot.db,db25_consolidation_source_db,7,imported_view_count,INTEGER,1,,0,"CREATE TABLE db25_consolidation_source_db (             source_db_label TEXT PRIMARY KEY,             source_db_path TEXT NOT NULL,             source_role TEXT NOT NULL,             source_file_size_bytes INTEGER NOT NULL,             source_detected_table_count INTEGER NOT NULL,             source_detected_view_count INTEGER NOT NULL,             imported_table_count INTEGER NOT NULL,             imported_view_count INTEGER NOT NULL,             created_at_utc TEXT NOT NULL         )"
db25_consolidated_snapshot,runs/QSB-DB/QSB_DB25_CONSOLIDATED_RESEARCH_SNAPSHOT/qsb_research_consolidated_snapshot.db,db25_consolidation_source_db,8,created_at_utc,TEXT,1,,0,"CREATE TABLE db25_consolidation_source_db (             source_db_label TEXT PRIMARY KEY,             source_db_path TEXT NOT NULL,             source_role TEXT NOT NULL,             source_file_size_bytes INTEGER NOT NULL,             source_detected_table_count INTEGER NOT NULL,             source_detected_view_count INTEGER NOT NULL,             imported_table_count INTEGER NOT NULL,             imported_view_count INTEGER NOT NULL,             created_at_utc TEXT NOT NULL         )"
db25_consolidated_snapshot,runs/QSB-DB/QSB_DB25_CONSOLIDATED_RESEARCH_SNAPSHOT/qsb_research_consolidated_snapshot.db,db28_external_source_registry,0,source_id,TEXT,0,,1,"CREATE TABLE db28_external_source_registry (             source_id TEXT PRIMARY KEY,             source_name TEXT,             institution TEXT,             source_type TEXT,             official_url TEXT,             access_method TEXT,             relevance_class TEXT,             tier TEXT,             retrieval_status TEXT,             citation_or_license_note TEXT,             created_at_utc TEXT         )"
db25_consolidated_snapshot,runs/QSB-DB/QSB_DB25_CONSOLIDATED_RESEARCH_SNAPSHOT/qsb_research_consolidated_snapshot.db,db28_external_source_registry,1,source_name,TEXT,0,,0,"CREATE TABLE db28_external_source_registry (             source_id TEXT PRIMARY KEY,             source_name TEXT,             institution TEXT,             source_type TEXT,             official_url TEXT,             access_method TEXT,             relevance_class TEXT,             tier TEXT,             retrieval_status TEXT,             citation_or_license_note TEXT,             created_at_utc TEXT         )"
db25_consolidated_snapshot,runs/QSB-DB/QSB_DB25_CONSOLIDATED_RESEARCH_SNAPSHOT/qsb_research_consolidated_snapshot.db,db28_external_source_registry,2,institution,TEXT,0,,0,"CREATE TABLE db28_external_source_registry (             source_id TEXT PRIMARY KEY,             source_name TEXT,             institution TEXT,             source_type TEXT,             official_url TEXT,             access_method TEXT,             relevance_class TEXT,             tier TEXT,             retrieval_status TEXT,             citation_or_license_note TEXT,             created_at_utc TEXT         )"
db25_consolidated_snapshot,runs/QSB-DB/QSB_DB25_CONSOLIDATED_RESEARCH_SNAPSHOT/qsb_research_consolidated_snapshot.db,db28_external_source_registry,3,source_type,TEXT,0,,0,"CREATE TABLE db28_external_source_registry (             source_id TEXT PRIMARY KEY,             source_name TEXT,             institution TEXT,             source_type TEXT,             official_url TEXT,             access_method TEXT,             relevance_class TEXT,             tier TEXT,             retrieval_status TEXT,             citation_or_license_note TEXT,             created_at_utc TEXT         )"
db25_consolidated_snapshot,runs/QSB-DB/QSB_DB25_CONSOLIDATED_RESEARCH_SNAPSHOT/qsb_research_consolidated_snapshot.db,db28_external_source_registry,4,official_url,TEXT,0,,0,"CREATE TABLE db28_external_source_registry (             source_id TEXT PRIMARY KEY,             source_name TEXT,             institution TEXT,             source_type TEXT,             official_url TEXT,             access_method TEXT,             relevance_class TEXT,             tier TEXT,             retrieval_status TEXT,             citation_or_license_note TEXT,             created_at_utc TEXT         )"
db25_consolidated_snapshot,runs/QSB-DB/QSB_DB25_CONSOLIDATED_RESEARCH_SNAPSHOT/qsb_research_consolidated_snapshot.db,db28_external_source_registry,5,access_method,TEXT,0,,0,"CREATE TABLE db28_external_source_registry (             source_id TEXT PRIMARY KEY,             source_name TEXT,             institution TEXT,             source_type TEXT,             official_url TEXT,             access_method TEXT,             relevance_class TEXT,             tier TEXT,             retrieval_status TEXT,             citation_or_license_note TEXT,             created_at_utc TEXT         )"
db25_consolidated_snapshot,runs/QSB-DB/QSB_DB25_CONSOLIDATED_RESEARCH_SNAPSHOT/qsb_research_consolidated_snapshot.db,db28_external_source_registry,6,relevance_class,TEXT,0,,0,"CREATE TABLE db28_external_source_registry (             source_id TEXT PRIMARY KEY,             source_name TEXT,             institution TEXT,             source_type TEXT,             official_url TEXT,             access_method TEXT,             relevance_class TEXT,             tier TEXT,             retrieval_status TEXT,             citation_or_license_note TEXT,             created_at_utc TEXT         )"
db25_consolidated_snapshot,runs/QSB-DB/QSB_DB25_CONSOLIDATED_RESEARCH_SNAPSHOT/qsb_research_consolidated_snapshot.db,db28_external_source_registry,7,tier,TEXT,0,,0,"CREATE TABLE db28_external_source_registry (             source_id TEXT PRIMARY KEY,             source_name TEXT,             institution TEXT,             source_type TEXT,             official_url TEXT,             access_method TEXT,             relevance_class TEXT,             tier TEXT,             retrieval_status TEXT,             citation_or_license_note TEXT,             created_at_utc TEXT         )"
db25_consolidated_snapshot,runs/QSB-DB/QSB_DB25_CONSOLIDATED_RESEARCH_SNAPSHOT/qsb_research_consolidated_snapshot.db,db28_external_source_registry,8,retrieval_status,TEXT,0,,0,"CREATE TABLE db28_external_source_registry (             source_id TEXT PRIMARY KEY,             source_name TEXT,             institution TEXT,             source_type TEXT,             official_url TEXT,             access_method TEXT,             relevance_class TEXT,             tier TEXT,             retrieval_status TEXT,             citation_or_license_note TEXT,             created_at_utc TEXT         )"
db25_consolidated_snapshot,runs/QSB-DB/QSB_DB25_CONSOLIDATED_RESEARCH_SNAPSHOT/qsb_research_consolidated_snapshot.db,db28_external_source_registry,9,citation_or_license_note,TEXT,0,,0,"CREATE TABLE db28_external_source_registry (             source_id TEXT PRIMARY KEY,             source_name TEXT,             institution TEXT,             source_type TEXT,             official_url TEXT,             access_method TEXT,             relevance_class TEXT,             tier TEXT,             retrieval_status TEXT,             citation_or_license_note TEXT,             created_at_utc TEXT         )"
db25_consolidated_snapshot,runs/QSB-DB/QSB_DB25_CONSOLIDATED_RESEARCH_SNAPSHOT/qsb_research_consolidated_snapshot.db,db28_external_source_registry,10,created_at_utc,TEXT,0,,0,"CREATE TABLE db28_external_source_registry (             source_id TEXT PRIMARY KEY,             source_name TEXT,             institution TEXT,             source_type TEXT,             official_url TEXT,             access_method TEXT,             relevance_class TEXT,             tier TEXT,             retrieval_status TEXT,             citation_or_license_note TEXT,             created_at_utc TEXT         )"
db25_consolidated_snapshot,runs/QSB-DB/QSB_DB25_CONSOLIDATED_RESEARCH_SNAPSHOT/qsb_research_consolidated_snapshot.db,document_catalog,0,document_id,INTEGER,0,,1,"CREATE TABLE document_catalog (     document_id INTEGER PRIMARY KEY,     project_file_id INTEGER NOT NULL,     document_title TEXT,     document_type TEXT,     qsb_block_id TEXT,     upstream_block TEXT,     downstream_block TEXT,     status TEXT,     claim_boundary_level TEXT,     tracking_decision TEXT,     notes TEXT,     created_at TEXT NOT NULL DEFAULT CURRENT_TIMESTAMP,     updated_at TEXT,     FOREIGN KEY (project_file_id) REFERENCES project_file_catalog(project_file_id),     UNIQUE(proje"
db25_consolidated_snapshot,runs/QSB-DB/QSB_DB25_CONSOLIDATED_RESEARCH_SNAPSHOT/qsb_research_consolidated_snapshot.db,document_catalog,1,project_file_id,INTEGER,1,,0,"CREATE TABLE document_catalog (     document_id INTEGER PRIMARY KEY,     project_file_id INTEGER NOT NULL,     document_title TEXT,     document_type TEXT,     qsb_block_id TEXT,     upstream_block TEXT,     downstream_block TEXT,     status TEXT,     claim_boundary_level TEXT,     tracking_decision TEXT,     notes TEXT,     created_at TEXT NOT NULL DEFAULT CURRENT_TIMESTAMP,     updated_at TEXT,     FOREIGN KEY (project_file_id) REFERENCES project_file_catalog(project_file_id),     UNIQUE(proje"
db25_consolidated_snapshot,runs/QSB-DB/QSB_DB25_CONSOLIDATED_RESEARCH_SNAPSHOT/qsb_research_consolidated_snapshot.db,document_catalog,2,document_title,TEXT,0,,0,"CREATE TABLE document_catalog (     document_id INTEGER PRIMARY KEY,     project_file_id INTEGER NOT NULL,     document_title TEXT,     document_type TEXT,     qsb_block_id TEXT,     upstream_block TEXT,     downstream_block TEXT,     status TEXT,     claim_boundary_level TEXT,     tracking_decision TEXT,     notes TEXT,     created_at TEXT NOT NULL DEFAULT CURRENT_TIMESTAMP,     updated_at TEXT,     FOREIGN KEY (project_file_id) REFERENCES project_file_catalog(project_file_id),     UNIQUE(proje"
db25_consolidated_snapshot,runs/QSB-DB/QSB_DB25_CONSOLIDATED_RESEARCH_SNAPSHOT/qsb_research_consolidated_snapshot.db,document_catalog,3,document_type,TEXT,0,,0,"CREATE TABLE document_catalog (     document_id INTEGER PRIMARY KEY,     project_file_id INTEGER NOT NULL,     document_title TEXT,     document_type TEXT,     qsb_block_id TEXT,     upstream_block TEXT,     downstream_block TEXT,     status TEXT,     claim_boundary_level TEXT,     tracking_decision TEXT,     notes TEXT,     created_at TEXT NOT NULL DEFAULT CURRENT_TIMESTAMP,     updated_at TEXT,     FOREIGN KEY (project_file_id) REFERENCES project_file_catalog(project_file_id),     UNIQUE(proje"
db25_consolidated_snapshot,runs/QSB-DB/QSB_DB25_CONSOLIDATED_RESEARCH_SNAPSHOT/qsb_research_consolidated_snapshot.db,document_catalog,4,qsb_block_id,TEXT,0,,0,"CREATE TABLE document_catalog (     document_id INTEGER PRIMARY KEY,     project_file_id INTEGER NOT NULL,     document_title TEXT,     document_type TEXT,     qsb_block_id TEXT,     upstream_block TEXT,     downstream_block TEXT,     status TEXT,     claim_boundary_level TEXT,     tracking_decision TEXT,     notes TEXT,     created_at TEXT NOT NULL DEFAULT CURRENT_TIMESTAMP,     updated_at TEXT,     FOREIGN KEY (project_file_id) REFERENCES project_file_catalog(project_file_id),     UNIQUE(proje"
db25_consolidated_snapshot,runs/QSB-DB/QSB_DB25_CONSOLIDATED_RESEARCH_SNAPSHOT/qsb_research_consolidated_snapshot.db,document_catalog,5,upstream_block,TEXT,0,,0,"CREATE TABLE document_catalog (     document_id INTEGER PRIMARY KEY,     project_file_id INTEGER NOT NULL,     document_title TEXT,     document_type TEXT,     qsb_block_id TEXT,     upstream_block TEXT,     downstream_block TEXT,     status TEXT,     claim_boundary_level TEXT,     tracking_decision TEXT,     notes TEXT,     created_at TEXT NOT NULL DEFAULT CURRENT_TIMESTAMP,     updated_at TEXT,     FOREIGN KEY (project_file_id) REFERENCES project_file_catalog(project_file_id),     UNIQUE(proje"
db25_consolidated_snapshot,runs/QSB-DB/QSB_DB25_CONSOLIDATED_RESEARCH_SNAPSHOT/qsb_research_consolidated_snapshot.db,document_catalog,6,downstream_block,TEXT,0,,0,"CREATE TABLE document_catalog (     document_id INTEGER PRIMARY KEY,     project_file_id INTEGER NOT NULL,     document_title TEXT,     document_type TEXT,     qsb_block_id TEXT,     upstream_block TEXT,     downstream_block TEXT,     status TEXT,     claim_boundary_level TEXT,     tracking_decision TEXT,     notes TEXT,     created_at TEXT NOT NULL DEFAULT CURRENT_TIMESTAMP,     updated_at TEXT,     FOREIGN KEY (project_file_id) REFERENCES project_file_catalog(project_file_id),     UNIQUE(proje"
db25_consolidated_snapshot,runs/QSB-DB/QSB_DB25_CONSOLIDATED_RESEARCH_SNAPSHOT/qsb_research_consolidated_snapshot.db,document_catalog,7,status,TEXT,0,,0,"CREATE TABLE document_catalog (     document_id INTEGER PRIMARY KEY,     project_file_id INTEGER NOT NULL,     document_title TEXT,     document_type TEXT,     qsb_block_id TEXT,     upstream_block TEXT,     downstream_block TEXT,     status TEXT,     claim_boundary_level TEXT,     tracking_decision TEXT,     notes TEXT,     created_at TEXT NOT NULL DEFAULT CURRENT_TIMESTAMP,     updated_at TEXT,     FOREIGN KEY (project_file_id) REFERENCES project_file_catalog(project_file_id),     UNIQUE(proje"
db25_consolidated_snapshot,runs/QSB-DB/QSB_DB25_CONSOLIDATED_RESEARCH_SNAPSHOT/qsb_research_consolidated_snapshot.db,document_catalog,8,claim_boundary_level,TEXT,0,,0,"CREATE TABLE document_catalog (     document_id INTEGER PRIMARY KEY,     project_file_id INTEGER NOT NULL,     document_title TEXT,     document_type TEXT,     qsb_block_id TEXT,     upstream_block TEXT,     downstream_block TEXT,     status TEXT,     claim_boundary_level TEXT,     tracking_decision TEXT,     notes TEXT,     created_at TEXT NOT NULL DEFAULT CURRENT_TIMESTAMP,     updated_at TEXT,     FOREIGN KEY (project_file_id) REFERENCES project_file_catalog(project_file_id),     UNIQUE(proje"
db25_consolidated_snapshot,runs/QSB-DB/QSB_DB25_CONSOLIDATED_RESEARCH_SNAPSHOT/qsb_research_consolidated_snapshot.db,document_catalog,9,tracking_decision,TEXT,0,,0,"CREATE TABLE document_catalog (     document_id INTEGER PRIMARY KEY,     project_file_id INTEGER NOT NULL,     document_title TEXT,     document_type TEXT,     qsb_block_id TEXT,     upstream_block TEXT,     downstream_block TEXT,     status TEXT,     claim_boundary_level TEXT,     tracking_decision TEXT,     notes TEXT,     created_at TEXT NOT NULL DEFAULT CURRENT_TIMESTAMP,     updated_at TEXT,     FOREIGN KEY (project_file_id) REFERENCES project_file_catalog(project_file_id),     UNIQUE(proje"
db25_consolidated_snapshot,runs/QSB-DB/QSB_DB25_CONSOLIDATED_RESEARCH_SNAPSHOT/qsb_research_consolidated_snapshot.db,document_catalog,10,notes,TEXT,0,,0,"CREATE TABLE document_catalog (     document_id INTEGER PRIMARY KEY,     project_file_id INTEGER NOT NULL,     document_title TEXT,     document_type TEXT,     qsb_block_id TEXT,     upstream_block TEXT,     downstream_block TEXT,     status TEXT,     claim_boundary_level TEXT,     tracking_decision TEXT,     notes TEXT,     created_at TEXT NOT NULL DEFAULT CURRENT_TIMESTAMP,     updated_at TEXT,     FOREIGN KEY (project_file_id) REFERENCES project_file_catalog(project_file_id),     UNIQUE(proje"
db25_consolidated_snapshot,runs/QSB-DB/QSB_DB25_CONSOLIDATED_RESEARCH_SNAPSHOT/qsb_research_consolidated_snapshot.db,document_catalog,11,created_at,TEXT,1,CURRENT_TIMESTAMP,0,"CREATE TABLE document_catalog (     document_id INTEGER PRIMARY KEY,     project_file_id INTEGER NOT NULL,     document_title TEXT,     document_type TEXT,     qsb_block_id TEXT,     upstream_block TEXT,     downstream_block TEXT,     status TEXT,     claim_boundary_level TEXT,     tracking_decision TEXT,     notes TEXT,     created_at TEXT NOT NULL DEFAULT CURRENT_TIMESTAMP,     updated_at TEXT,     FOREIGN KEY (project_file_id) REFERENCES project_file_catalog(project_file_id),     UNIQUE(proje"
db25_consolidated_snapshot,runs/QSB-DB/QSB_DB25_CONSOLIDATED_RESEARCH_SNAPSHOT/qsb_research_consolidated_snapshot.db,document_catalog,12,updated_at,TEXT,0,,0,"CREATE TABLE document_catalog (     document_id INTEGER PRIMARY KEY,     project_file_id INTEGER NOT NULL,     document_title TEXT,     document_type TEXT,     qsb_block_id TEXT,     upstream_block TEXT,     downstream_block TEXT,     status TEXT,     claim_boundary_level TEXT,     tracking_decision TEXT,     notes TEXT,     created_at TEXT NOT NULL DEFAULT CURRENT_TIMESTAMP,     updated_at TEXT,     FOREIGN KEY (project_file_id) REFERENCES project_file_catalog(project_file_id),     UNIQUE(proje"
db25_consolidated_snapshot,runs/QSB-DB/QSB_DB25_CONSOLIDATED_RESEARCH_SNAPSHOT/qsb_research_consolidated_snapshot.db,raw_data_source,0,raw_data_source_id,INTEGER,0,,1,"CREATE TABLE raw_data_source (     raw_data_source_id INTEGER PRIMARY KEY,     source_name TEXT NOT NULL,     source_type TEXT NOT NULL,     provider_or_project TEXT,     source_url_or_path TEXT,     source_release TEXT,     source_version TEXT,     source_access_date TEXT,     source_download_status TEXT NOT NULL DEFAULT 'not_downloaded',     source_reachability_status TEXT NOT NULL DEFAULT 'unresolved',     source_corruption_status TEXT NOT NULL DEFAULT 'not_checked',     checksum_status TEXT "
db25_consolidated_snapshot,runs/QSB-DB/QSB_DB25_CONSOLIDATED_RESEARCH_SNAPSHOT/qsb_research_consolidated_snapshot.db,raw_data_source,1,source_name,TEXT,1,,0,"CREATE TABLE raw_data_source (     raw_data_source_id INTEGER PRIMARY KEY,     source_name TEXT NOT NULL,     source_type TEXT NOT NULL,     provider_or_project TEXT,     source_url_or_path TEXT,     source_release TEXT,     source_version TEXT,     source_access_date TEXT,     source_download_status TEXT NOT NULL DEFAULT 'not_downloaded',     source_reachability_status TEXT NOT NULL DEFAULT 'unresolved',     source_corruption_status TEXT NOT NULL DEFAULT 'not_checked',     checksum_status TEXT "
db25_consolidated_snapshot,runs/QSB-DB/QSB_DB25_CONSOLIDATED_RESEARCH_SNAPSHOT/qsb_research_consolidated_snapshot.db,raw_data_source,2,source_type,TEXT,1,,0,"CREATE TABLE raw_data_source (     raw_data_source_id INTEGER PRIMARY KEY,     source_name TEXT NOT NULL,     source_type TEXT NOT NULL,     provider_or_project TEXT,     source_url_or_path TEXT,     source_release TEXT,     source_version TEXT,     source_access_date TEXT,     source_download_status TEXT NOT NULL DEFAULT 'not_downloaded',     source_reachability_status TEXT NOT NULL DEFAULT 'unresolved',     source_corruption_status TEXT NOT NULL DEFAULT 'not_checked',     checksum_status TEXT "
db25_consolidated_snapshot,runs/QSB-DB/QSB_DB25_CONSOLIDATED_RESEARCH_SNAPSHOT/qsb_research_consolidated_snapshot.db,raw_data_source,3,provider_or_project,TEXT,0,,0,"CREATE TABLE raw_data_source (     raw_data_source_id INTEGER PRIMARY KEY,     source_name TEXT NOT NULL,     source_type TEXT NOT NULL,     provider_or_project TEXT,     source_url_or_path TEXT,     source_release TEXT,     source_version TEXT,     source_access_date TEXT,     source_download_status TEXT NOT NULL DEFAULT 'not_downloaded',     source_reachability_status TEXT NOT NULL DEFAULT 'unresolved',     source_corruption_status TEXT NOT NULL DEFAULT 'not_checked',     checksum_status TEXT "
db25_consolidated_snapshot,runs/QSB-DB/QSB_DB25_CONSOLIDATED_RESEARCH_SNAPSHOT/qsb_research_consolidated_snapshot.db,raw_data_source,4,source_url_or_path,TEXT,0,,0,"CREATE TABLE raw_data_source (     raw_data_source_id INTEGER PRIMARY KEY,     source_name TEXT NOT NULL,     source_type TEXT NOT NULL,     provider_or_project TEXT,     source_url_or_path TEXT,     source_release TEXT,     source_version TEXT,     source_access_date TEXT,     source_download_status TEXT NOT NULL DEFAULT 'not_downloaded',     source_reachability_status TEXT NOT NULL DEFAULT 'unresolved',     source_corruption_status TEXT NOT NULL DEFAULT 'not_checked',     checksum_status TEXT "
db25_consolidated_snapshot,runs/QSB-DB/QSB_DB25_CONSOLIDATED_RESEARCH_SNAPSHOT/qsb_research_consolidated_snapshot.db,raw_data_source,5,source_release,TEXT,0,,0,"CREATE TABLE raw_data_source (     raw_data_source_id INTEGER PRIMARY KEY,     source_name TEXT NOT NULL,     source_type TEXT NOT NULL,     provider_or_project TEXT,     source_url_or_path TEXT,     source_release TEXT,     source_version TEXT,     source_access_date TEXT,     source_download_status TEXT NOT NULL DEFAULT 'not_downloaded',     source_reachability_status TEXT NOT NULL DEFAULT 'unresolved',     source_corruption_status TEXT NOT NULL DEFAULT 'not_checked',     checksum_status TEXT "
db25_consolidated_snapshot,runs/QSB-DB/QSB_DB25_CONSOLIDATED_RESEARCH_SNAPSHOT/qsb_research_consolidated_snapshot.db,raw_data_source,6,source_version,TEXT,0,,0,"CREATE TABLE raw_data_source (     raw_data_source_id INTEGER PRIMARY KEY,     source_name TEXT NOT NULL,     source_type TEXT NOT NULL,     provider_or_project TEXT,     source_url_or_path TEXT,     source_release TEXT,     source_version TEXT,     source_access_date TEXT,     source_download_status TEXT NOT NULL DEFAULT 'not_downloaded',     source_reachability_status TEXT NOT NULL DEFAULT 'unresolved',     source_corruption_status TEXT NOT NULL DEFAULT 'not_checked',     checksum_status TEXT "
db25_consolidated_snapshot,runs/QSB-DB/QSB_DB25_CONSOLIDATED_RESEARCH_SNAPSHOT/qsb_research_consolidated_snapshot.db,raw_data_source,7,source_access_date,TEXT,0,,0,"CREATE TABLE raw_data_source (     raw_data_source_id INTEGER PRIMARY KEY,     source_name TEXT NOT NULL,     source_type TEXT NOT NULL,     provider_or_project TEXT,     source_url_or_path TEXT,     source_release TEXT,     source_version TEXT,     source_access_date TEXT,     source_download_status TEXT NOT NULL DEFAULT 'not_downloaded',     source_reachability_status TEXT NOT NULL DEFAULT 'unresolved',     source_corruption_status TEXT NOT NULL DEFAULT 'not_checked',     checksum_status TEXT "
db25_consolidated_snapshot,runs/QSB-DB/QSB_DB25_CONSOLIDATED_RESEARCH_SNAPSHOT/qsb_research_consolidated_snapshot.db,raw_data_source,8,source_download_status,TEXT,1,'not_downloaded',0,"CREATE TABLE raw_data_source (     raw_data_source_id INTEGER PRIMARY KEY,     source_name TEXT NOT NULL,     source_type TEXT NOT NULL,     provider_or_project TEXT,     source_url_or_path TEXT,     source_release TEXT,     source_version TEXT,     source_access_date TEXT,     source_download_status TEXT NOT NULL DEFAULT 'not_downloaded',     source_reachability_status TEXT NOT NULL DEFAULT 'unresolved',     source_corruption_status TEXT NOT NULL DEFAULT 'not_checked',     checksum_status TEXT "
db25_consolidated_snapshot,runs/QSB-DB/QSB_DB25_CONSOLIDATED_RESEARCH_SNAPSHOT/qsb_research_consolidated_snapshot.db,raw_data_source,9,source_reachability_status,TEXT,1,'unresolved',0,"CREATE TABLE raw_data_source (     raw_data_source_id INTEGER PRIMARY KEY,     source_name TEXT NOT NULL,     source_type TEXT NOT NULL,     provider_or_project TEXT,     source_url_or_path TEXT,     source_release TEXT,     source_version TEXT,     source_access_date TEXT,     source_download_status TEXT NOT NULL DEFAULT 'not_downloaded',     source_reachability_status TEXT NOT NULL DEFAULT 'unresolved',     source_corruption_status TEXT NOT NULL DEFAULT 'not_checked',     checksum_status TEXT "
db25_consolidated_snapshot,runs/QSB-DB/QSB_DB25_CONSOLIDATED_RESEARCH_SNAPSHOT/qsb_research_consolidated_snapshot.db,raw_data_source,10,source_corruption_status,TEXT,1,'not_checked',0,"CREATE TABLE raw_data_source (     raw_data_source_id INTEGER PRIMARY KEY,     source_name TEXT NOT NULL,     source_type TEXT NOT NULL,     provider_or_project TEXT,     source_url_or_path TEXT,     source_release TEXT,     source_version TEXT,     source_access_date TEXT,     source_download_status TEXT NOT NULL DEFAULT 'not_downloaded',     source_reachability_status TEXT NOT NULL DEFAULT 'unresolved',     source_corruption_status TEXT NOT NULL DEFAULT 'not_checked',     checksum_status TEXT "
db25_consolidated_snapshot,runs/QSB-DB/QSB_DB25_CONSOLIDATED_RESEARCH_SNAPSHOT/qsb_research_consolidated_snapshot.db,raw_data_source,11,checksum_status,TEXT,1,'not_checked',0,"CREATE TABLE raw_data_source (     raw_data_source_id INTEGER PRIMARY KEY,     source_name TEXT NOT NULL,     source_type TEXT NOT NULL,     provider_or_project TEXT,     source_url_or_path TEXT,     source_release TEXT,     source_version TEXT,     source_access_date TEXT,     source_download_status TEXT NOT NULL DEFAULT 'not_downloaded',     source_reachability_status TEXT NOT NULL DEFAULT 'unresolved',     source_corruption_status TEXT NOT NULL DEFAULT 'not_checked',     checksum_status TEXT "
db25_consolidated_snapshot,runs/QSB-DB/QSB_DB25_CONSOLIDATED_RESEARCH_SNAPSHOT/qsb_research_consolidated_snapshot.db,raw_data_source,12,license_or_usage_note,TEXT,0,,0,"CREATE TABLE raw_data_source (     raw_data_source_id INTEGER PRIMARY KEY,     source_name TEXT NOT NULL,     source_type TEXT NOT NULL,     provider_or_project TEXT,     source_url_or_path TEXT,     source_release TEXT,     source_version TEXT,     source_access_date TEXT,     source_download_status TEXT NOT NULL DEFAULT 'not_downloaded',     source_reachability_status TEXT NOT NULL DEFAULT 'unresolved',     source_corruption_status TEXT NOT NULL DEFAULT 'not_checked',     checksum_status TEXT "
db25_consolidated_snapshot,runs/QSB-DB/QSB_DB25_CONSOLIDATED_RESEARCH_SNAPSHOT/qsb_research_consolidated_snapshot.db,raw_data_source,13,provenance_confidence,TEXT,1,'unresolved',0,"CREATE TABLE raw_data_source (     raw_data_source_id INTEGER PRIMARY KEY,     source_name TEXT NOT NULL,     source_type TEXT NOT NULL,     provider_or_project TEXT,     source_url_or_path TEXT,     source_release TEXT,     source_version TEXT,     source_access_date TEXT,     source_download_status TEXT NOT NULL DEFAULT 'not_downloaded',     source_reachability_status TEXT NOT NULL DEFAULT 'unresolved',     source_corruption_status TEXT NOT NULL DEFAULT 'not_checked',     checksum_status TEXT "
db25_consolidated_snapshot,runs/QSB-DB/QSB_DB25_CONSOLIDATED_RESEARCH_SNAPSHOT/qsb_research_consolidated_snapshot.db,raw_data_source,14,quarantine_status,TEXT,1,'not_quarantined',0,"CREATE TABLE raw_data_source (     raw_data_source_id INTEGER PRIMARY KEY,     source_name TEXT NOT NULL,     source_type TEXT NOT NULL,     provider_or_project TEXT,     source_url_or_path TEXT,     source_release TEXT,     source_version TEXT,     source_access_date TEXT,     source_download_status TEXT NOT NULL DEFAULT 'not_downloaded',     source_reachability_status TEXT NOT NULL DEFAULT 'unresolved',     source_corruption_status TEXT NOT NULL DEFAULT 'not_checked',     checksum_status TEXT "
db25_consolidated_snapshot,runs/QSB-DB/QSB_DB25_CONSOLIDATED_RESEARCH_SNAPSHOT/qsb_research_consolidated_snapshot.db,raw_data_source,15,notes,TEXT,0,,0,"CREATE TABLE raw_data_source (     raw_data_source_id INTEGER PRIMARY KEY,     source_name TEXT NOT NULL,     source_type TEXT NOT NULL,     provider_or_project TEXT,     source_url_or_path TEXT,     source_release TEXT,     source_version TEXT,     source_access_date TEXT,     source_download_status TEXT NOT NULL DEFAULT 'not_downloaded',     source_reachability_status TEXT NOT NULL DEFAULT 'unresolved',     source_corruption_status TEXT NOT NULL DEFAULT 'not_checked',     checksum_status TEXT "
db25_consolidated_snapshot,runs/QSB-DB/QSB_DB25_CONSOLIDATED_RESEARCH_SNAPSHOT/qsb_research_consolidated_snapshot.db,raw_data_source,16,created_at,TEXT,1,CURRENT_TIMESTAMP,0,"CREATE TABLE raw_data_source (     raw_data_source_id INTEGER PRIMARY KEY,     source_name TEXT NOT NULL,     source_type TEXT NOT NULL,     provider_or_project TEXT,     source_url_or_path TEXT,     source_release TEXT,     source_version TEXT,     source_access_date TEXT,     source_download_status TEXT NOT NULL DEFAULT 'not_downloaded',     source_reachability_status TEXT NOT NULL DEFAULT 'unresolved',     source_corruption_status TEXT NOT NULL DEFAULT 'not_checked',     checksum_status TEXT "
db25_consolidated_snapshot,runs/QSB-DB/QSB_DB25_CONSOLIDATED_RESEARCH_SNAPSHOT/qsb_research_consolidated_snapshot.db,raw_data_source,17,updated_at,TEXT,0,,0,"CREATE TABLE raw_data_source (     raw_data_source_id INTEGER PRIMARY KEY,     source_name TEXT NOT NULL,     source_type TEXT NOT NULL,     provider_or_project TEXT,     source_url_or_path TEXT,     source_release TEXT,     source_version TEXT,     source_access_date TEXT,     source_download_status TEXT NOT NULL DEFAULT 'not_downloaded',     source_reachability_status TEXT NOT NULL DEFAULT 'unresolved',     source_corruption_status TEXT NOT NULL DEFAULT 'not_checked',     checksum_status TEXT "
db13_metadata_seed,runs/QSB-DB/QSB_DB13_METADATA_SEED/qsb_research_metadata_seed.db,claim_boundary_catalog,0,claim_boundary_id,INTEGER,0,,1,"CREATE TABLE claim_boundary_catalog (     claim_boundary_id INTEGER PRIMARY KEY,     object_type TEXT NOT NULL,     object_id TEXT NOT NULL,     claim_level TEXT,     physical_interpretation_allowed INTEGER NOT NULL DEFAULT 0,     residual_analysis_allowed INTEGER NOT NULL DEFAULT 0,     model_fitting_allowed INTEGER NOT NULL DEFAULT 0,     bridge_claim_allowed INTEGER NOT NULL DEFAULT 0,     value_reading_allowed INTEGER NOT NULL DEFAULT 0,     notes TEXT,     created_at TEXT NOT NULL DEFAULT C"
db13_metadata_seed,runs/QSB-DB/QSB_DB13_METADATA_SEED/qsb_research_metadata_seed.db,claim_boundary_catalog,1,object_type,TEXT,1,,0,"CREATE TABLE claim_boundary_catalog (     claim_boundary_id INTEGER PRIMARY KEY,     object_type TEXT NOT NULL,     object_id TEXT NOT NULL,     claim_level TEXT,     physical_interpretation_allowed INTEGER NOT NULL DEFAULT 0,     residual_analysis_allowed INTEGER NOT NULL DEFAULT 0,     model_fitting_allowed INTEGER NOT NULL DEFAULT 0,     bridge_claim_allowed INTEGER NOT NULL DEFAULT 0,     value_reading_allowed INTEGER NOT NULL DEFAULT 0,     notes TEXT,     created_at TEXT NOT NULL DEFAULT C"
db13_metadata_seed,runs/QSB-DB/QSB_DB13_METADATA_SEED/qsb_research_metadata_seed.db,claim_boundary_catalog,2,object_id,TEXT,1,,0,"CREATE TABLE claim_boundary_catalog (     claim_boundary_id INTEGER PRIMARY KEY,     object_type TEXT NOT NULL,     object_id TEXT NOT NULL,     claim_level TEXT,     physical_interpretation_allowed INTEGER NOT NULL DEFAULT 0,     residual_analysis_allowed INTEGER NOT NULL DEFAULT 0,     model_fitting_allowed INTEGER NOT NULL DEFAULT 0,     bridge_claim_allowed INTEGER NOT NULL DEFAULT 0,     value_reading_allowed INTEGER NOT NULL DEFAULT 0,     notes TEXT,     created_at TEXT NOT NULL DEFAULT C"
db13_metadata_seed,runs/QSB-DB/QSB_DB13_METADATA_SEED/qsb_research_metadata_seed.db,claim_boundary_catalog,3,claim_level,TEXT,0,,0,"CREATE TABLE claim_boundary_catalog (     claim_boundary_id INTEGER PRIMARY KEY,     object_type TEXT NOT NULL,     object_id TEXT NOT NULL,     claim_level TEXT,     physical_interpretation_allowed INTEGER NOT NULL DEFAULT 0,     residual_analysis_allowed INTEGER NOT NULL DEFAULT 0,     model_fitting_allowed INTEGER NOT NULL DEFAULT 0,     bridge_claim_allowed INTEGER NOT NULL DEFAULT 0,     value_reading_allowed INTEGER NOT NULL DEFAULT 0,     notes TEXT,     created_at TEXT NOT NULL DEFAULT C"
db13_metadata_seed,runs/QSB-DB/QSB_DB13_METADATA_SEED/qsb_research_metadata_seed.db,claim_boundary_catalog,4,physical_interpretation_allowed,INTEGER,1,0,0,"CREATE TABLE claim_boundary_catalog (     claim_boundary_id INTEGER PRIMARY KEY,     object_type TEXT NOT NULL,     object_id TEXT NOT NULL,     claim_level TEXT,     physical_interpretation_allowed INTEGER NOT NULL DEFAULT 0,     residual_analysis_allowed INTEGER NOT NULL DEFAULT 0,     model_fitting_allowed INTEGER NOT NULL DEFAULT 0,     bridge_claim_allowed INTEGER NOT NULL DEFAULT 0,     value_reading_allowed INTEGER NOT NULL DEFAULT 0,     notes TEXT,     created_at TEXT NOT NULL DEFAULT C"
db13_metadata_seed,runs/QSB-DB/QSB_DB13_METADATA_SEED/qsb_research_metadata_seed.db,claim_boundary_catalog,5,residual_analysis_allowed,INTEGER,1,0,0,"CREATE TABLE claim_boundary_catalog (     claim_boundary_id INTEGER PRIMARY KEY,     object_type TEXT NOT NULL,     object_id TEXT NOT NULL,     claim_level TEXT,     physical_interpretation_allowed INTEGER NOT NULL DEFAULT 0,     residual_analysis_allowed INTEGER NOT NULL DEFAULT 0,     model_fitting_allowed INTEGER NOT NULL DEFAULT 0,     bridge_claim_allowed INTEGER NOT NULL DEFAULT 0,     value_reading_allowed INTEGER NOT NULL DEFAULT 0,     notes TEXT,     created_at TEXT NOT NULL DEFAULT C"
db13_metadata_seed,runs/QSB-DB/QSB_DB13_METADATA_SEED/qsb_research_metadata_seed.db,claim_boundary_catalog,6,model_fitting_allowed,INTEGER,1,0,0,"CREATE TABLE claim_boundary_catalog (     claim_boundary_id INTEGER PRIMARY KEY,     object_type TEXT NOT NULL,     object_id TEXT NOT NULL,     claim_level TEXT,     physical_interpretation_allowed INTEGER NOT NULL DEFAULT 0,     residual_analysis_allowed INTEGER NOT NULL DEFAULT 0,     model_fitting_allowed INTEGER NOT NULL DEFAULT 0,     bridge_claim_allowed INTEGER NOT NULL DEFAULT 0,     value_reading_allowed INTEGER NOT NULL DEFAULT 0,     notes TEXT,     created_at TEXT NOT NULL DEFAULT C"
db13_metadata_seed,runs/QSB-DB/QSB_DB13_METADATA_SEED/qsb_research_metadata_seed.db,claim_boundary_catalog,7,bridge_claim_allowed,INTEGER,1,0,0,"CREATE TABLE claim_boundary_catalog (     claim_boundary_id INTEGER PRIMARY KEY,     object_type TEXT NOT NULL,     object_id TEXT NOT NULL,     claim_level TEXT,     physical_interpretation_allowed INTEGER NOT NULL DEFAULT 0,     residual_analysis_allowed INTEGER NOT NULL DEFAULT 0,     model_fitting_allowed INTEGER NOT NULL DEFAULT 0,     bridge_claim_allowed INTEGER NOT NULL DEFAULT 0,     value_reading_allowed INTEGER NOT NULL DEFAULT 0,     notes TEXT,     created_at TEXT NOT NULL DEFAULT C"
db13_metadata_seed,runs/QSB-DB/QSB_DB13_METADATA_SEED/qsb_research_metadata_seed.db,claim_boundary_catalog,8,value_reading_allowed,INTEGER,1,0,0,"CREATE TABLE claim_boundary_catalog (     claim_boundary_id INTEGER PRIMARY KEY,     object_type TEXT NOT NULL,     object_id TEXT NOT NULL,     claim_level TEXT,     physical_interpretation_allowed INTEGER NOT NULL DEFAULT 0,     residual_analysis_allowed INTEGER NOT NULL DEFAULT 0,     model_fitting_allowed INTEGER NOT NULL DEFAULT 0,     bridge_claim_allowed INTEGER NOT NULL DEFAULT 0,     value_reading_allowed INTEGER NOT NULL DEFAULT 0,     notes TEXT,     created_at TEXT NOT NULL DEFAULT C"
db13_metadata_seed,runs/QSB-DB/QSB_DB13_METADATA_SEED/qsb_research_metadata_seed.db,claim_boundary_catalog,9,notes,TEXT,0,,0,"CREATE TABLE claim_boundary_catalog (     claim_boundary_id INTEGER PRIMARY KEY,     object_type TEXT NOT NULL,     object_id TEXT NOT NULL,     claim_level TEXT,     physical_interpretation_allowed INTEGER NOT NULL DEFAULT 0,     residual_analysis_allowed INTEGER NOT NULL DEFAULT 0,     model_fitting_allowed INTEGER NOT NULL DEFAULT 0,     bridge_claim_allowed INTEGER NOT NULL DEFAULT 0,     value_reading_allowed INTEGER NOT NULL DEFAULT 0,     notes TEXT,     created_at TEXT NOT NULL DEFAULT C"
db13_metadata_seed,runs/QSB-DB/QSB_DB13_METADATA_SEED/qsb_research_metadata_seed.db,claim_boundary_catalog,10,created_at,TEXT,1,CURRENT_TIMESTAMP,0,"CREATE TABLE claim_boundary_catalog (     claim_boundary_id INTEGER PRIMARY KEY,     object_type TEXT NOT NULL,     object_id TEXT NOT NULL,     claim_level TEXT,     physical_interpretation_allowed INTEGER NOT NULL DEFAULT 0,     residual_analysis_allowed INTEGER NOT NULL DEFAULT 0,     model_fitting_allowed INTEGER NOT NULL DEFAULT 0,     bridge_claim_allowed INTEGER NOT NULL DEFAULT 0,     value_reading_allowed INTEGER NOT NULL DEFAULT 0,     notes TEXT,     created_at TEXT NOT NULL DEFAULT C"
db13_metadata_seed,runs/QSB-DB/QSB_DB13_METADATA_SEED/qsb_research_metadata_seed.db,claim_boundary_catalog,11,updated_at,TEXT,0,,0,"CREATE TABLE claim_boundary_catalog (     claim_boundary_id INTEGER PRIMARY KEY,     object_type TEXT NOT NULL,     object_id TEXT NOT NULL,     claim_level TEXT,     physical_interpretation_allowed INTEGER NOT NULL DEFAULT 0,     residual_analysis_allowed INTEGER NOT NULL DEFAULT 0,     model_fitting_allowed INTEGER NOT NULL DEFAULT 0,     bridge_claim_allowed INTEGER NOT NULL DEFAULT 0,     value_reading_allowed INTEGER NOT NULL DEFAULT 0,     notes TEXT,     created_at TEXT NOT NULL DEFAULT C"
db13_metadata_seed,runs/QSB-DB/QSB_DB13_METADATA_SEED/qsb_research_metadata_seed.db,document_catalog,0,document_id,INTEGER,0,,1,"CREATE TABLE document_catalog (     document_id INTEGER PRIMARY KEY,     project_file_id INTEGER NOT NULL,     document_title TEXT,     document_type TEXT,     qsb_block_id TEXT,     upstream_block TEXT,     downstream_block TEXT,     status TEXT,     claim_boundary_level TEXT,     tracking_decision TEXT,     notes TEXT,     created_at TEXT NOT NULL DEFAULT CURRENT_TIMESTAMP,     updated_at TEXT,     FOREIGN KEY (project_file_id) REFERENCES project_file_catalog(project_file_id),     UNIQUE(proje"
db13_metadata_seed,runs/QSB-DB/QSB_DB13_METADATA_SEED/qsb_research_metadata_seed.db,document_catalog,1,project_file_id,INTEGER,1,,0,"CREATE TABLE document_catalog (     document_id INTEGER PRIMARY KEY,     project_file_id INTEGER NOT NULL,     document_title TEXT,     document_type TEXT,     qsb_block_id TEXT,     upstream_block TEXT,     downstream_block TEXT,     status TEXT,     claim_boundary_level TEXT,     tracking_decision TEXT,     notes TEXT,     created_at TEXT NOT NULL DEFAULT CURRENT_TIMESTAMP,     updated_at TEXT,     FOREIGN KEY (project_file_id) REFERENCES project_file_catalog(project_file_id),     UNIQUE(proje"
db13_metadata_seed,runs/QSB-DB/QSB_DB13_METADATA_SEED/qsb_research_metadata_seed.db,document_catalog,2,document_title,TEXT,0,,0,"CREATE TABLE document_catalog (     document_id INTEGER PRIMARY KEY,     project_file_id INTEGER NOT NULL,     document_title TEXT,     document_type TEXT,     qsb_block_id TEXT,     upstream_block TEXT,     downstream_block TEXT,     status TEXT,     claim_boundary_level TEXT,     tracking_decision TEXT,     notes TEXT,     created_at TEXT NOT NULL DEFAULT CURRENT_TIMESTAMP,     updated_at TEXT,     FOREIGN KEY (project_file_id) REFERENCES project_file_catalog(project_file_id),     UNIQUE(proje"
db13_metadata_seed,runs/QSB-DB/QSB_DB13_METADATA_SEED/qsb_research_metadata_seed.db,document_catalog,3,document_type,TEXT,0,,0,"CREATE TABLE document_catalog (     document_id INTEGER PRIMARY KEY,     project_file_id INTEGER NOT NULL,     document_title TEXT,     document_type TEXT,     qsb_block_id TEXT,     upstream_block TEXT,     downstream_block TEXT,     status TEXT,     claim_boundary_level TEXT,     tracking_decision TEXT,     notes TEXT,     created_at TEXT NOT NULL DEFAULT CURRENT_TIMESTAMP,     updated_at TEXT,     FOREIGN KEY (project_file_id) REFERENCES project_file_catalog(project_file_id),     UNIQUE(proje"
db13_metadata_seed,runs/QSB-DB/QSB_DB13_METADATA_SEED/qsb_research_metadata_seed.db,document_catalog,4,qsb_block_id,TEXT,0,,0,"CREATE TABLE document_catalog (     document_id INTEGER PRIMARY KEY,     project_file_id INTEGER NOT NULL,     document_title TEXT,     document_type TEXT,     qsb_block_id TEXT,     upstream_block TEXT,     downstream_block TEXT,     status TEXT,     claim_boundary_level TEXT,     tracking_decision TEXT,     notes TEXT,     created_at TEXT NOT NULL DEFAULT CURRENT_TIMESTAMP,     updated_at TEXT,     FOREIGN KEY (project_file_id) REFERENCES project_file_catalog(project_file_id),     UNIQUE(proje"
db13_metadata_seed,runs/QSB-DB/QSB_DB13_METADATA_SEED/qsb_research_metadata_seed.db,document_catalog,5,upstream_block,TEXT,0,,0,"CREATE TABLE document_catalog (     document_id INTEGER PRIMARY KEY,     project_file_id INTEGER NOT NULL,     document_title TEXT,     document_type TEXT,     qsb_block_id TEXT,     upstream_block TEXT,     downstream_block TEXT,     status TEXT,     claim_boundary_level TEXT,     tracking_decision TEXT,     notes TEXT,     created_at TEXT NOT NULL DEFAULT CURRENT_TIMESTAMP,     updated_at TEXT,     FOREIGN KEY (project_file_id) REFERENCES project_file_catalog(project_file_id),     UNIQUE(proje"
db13_metadata_seed,runs/QSB-DB/QSB_DB13_METADATA_SEED/qsb_research_metadata_seed.db,document_catalog,6,downstream_block,TEXT,0,,0,"CREATE TABLE document_catalog (     document_id INTEGER PRIMARY KEY,     project_file_id INTEGER NOT NULL,     document_title TEXT,     document_type TEXT,     qsb_block_id TEXT,     upstream_block TEXT,     downstream_block TEXT,     status TEXT,     claim_boundary_level TEXT,     tracking_decision TEXT,     notes TEXT,     created_at TEXT NOT NULL DEFAULT CURRENT_TIMESTAMP,     updated_at TEXT,     FOREIGN KEY (project_file_id) REFERENCES project_file_catalog(project_file_id),     UNIQUE(proje"
db13_metadata_seed,runs/QSB-DB/QSB_DB13_METADATA_SEED/qsb_research_metadata_seed.db,document_catalog,7,status,TEXT,0,,0,"CREATE TABLE document_catalog (     document_id INTEGER PRIMARY KEY,     project_file_id INTEGER NOT NULL,     document_title TEXT,     document_type TEXT,     qsb_block_id TEXT,     upstream_block TEXT,     downstream_block TEXT,     status TEXT,     claim_boundary_level TEXT,     tracking_decision TEXT,     notes TEXT,     created_at TEXT NOT NULL DEFAULT CURRENT_TIMESTAMP,     updated_at TEXT,     FOREIGN KEY (project_file_id) REFERENCES project_file_catalog(project_file_id),     UNIQUE(proje"
db13_metadata_seed,runs/QSB-DB/QSB_DB13_METADATA_SEED/qsb_research_metadata_seed.db,document_catalog,8,claim_boundary_level,TEXT,0,,0,"CREATE TABLE document_catalog (     document_id INTEGER PRIMARY KEY,     project_file_id INTEGER NOT NULL,     document_title TEXT,     document_type TEXT,     qsb_block_id TEXT,     upstream_block TEXT,     downstream_block TEXT,     status TEXT,     claim_boundary_level TEXT,     tracking_decision TEXT,     notes TEXT,     created_at TEXT NOT NULL DEFAULT CURRENT_TIMESTAMP,     updated_at TEXT,     FOREIGN KEY (project_file_id) REFERENCES project_file_catalog(project_file_id),     UNIQUE(proje"
db13_metadata_seed,runs/QSB-DB/QSB_DB13_METADATA_SEED/qsb_research_metadata_seed.db,document_catalog,9,tracking_decision,TEXT,0,,0,"CREATE TABLE document_catalog (     document_id INTEGER PRIMARY KEY,     project_file_id INTEGER NOT NULL,     document_title TEXT,     document_type TEXT,     qsb_block_id TEXT,     upstream_block TEXT,     downstream_block TEXT,     status TEXT,     claim_boundary_level TEXT,     tracking_decision TEXT,     notes TEXT,     created_at TEXT NOT NULL DEFAULT CURRENT_TIMESTAMP,     updated_at TEXT,     FOREIGN KEY (project_file_id) REFERENCES project_file_catalog(project_file_id),     UNIQUE(proje"
db13_metadata_seed,runs/QSB-DB/QSB_DB13_METADATA_SEED/qsb_research_metadata_seed.db,document_catalog,10,notes,TEXT,0,,0,"CREATE TABLE document_catalog (     document_id INTEGER PRIMARY KEY,     project_file_id INTEGER NOT NULL,     document_title TEXT,     document_type TEXT,     qsb_block_id TEXT,     upstream_block TEXT,     downstream_block TEXT,     status TEXT,     claim_boundary_level TEXT,     tracking_decision TEXT,     notes TEXT,     created_at TEXT NOT NULL DEFAULT CURRENT_TIMESTAMP,     updated_at TEXT,     FOREIGN KEY (project_file_id) REFERENCES project_file_catalog(project_file_id),     UNIQUE(proje"
db13_metadata_seed,runs/QSB-DB/QSB_DB13_METADATA_SEED/qsb_research_metadata_seed.db,document_catalog,11,created_at,TEXT,1,CURRENT_TIMESTAMP,0,"CREATE TABLE document_catalog (     document_id INTEGER PRIMARY KEY,     project_file_id INTEGER NOT NULL,     document_title TEXT,     document_type TEXT,     qsb_block_id TEXT,     upstream_block TEXT,     downstream_block TEXT,     status TEXT,     claim_boundary_level TEXT,     tracking_decision TEXT,     notes TEXT,     created_at TEXT NOT NULL DEFAULT CURRENT_TIMESTAMP,     updated_at TEXT,     FOREIGN KEY (project_file_id) REFERENCES project_file_catalog(project_file_id),     UNIQUE(proje"
db13_metadata_seed,runs/QSB-DB/QSB_DB13_METADATA_SEED/qsb_research_metadata_seed.db,document_catalog,12,updated_at,TEXT,0,,0,"CREATE TABLE document_catalog (     document_id INTEGER PRIMARY KEY,     project_file_id INTEGER NOT NULL,     document_title TEXT,     document_type TEXT,     qsb_block_id TEXT,     upstream_block TEXT,     downstream_block TEXT,     status TEXT,     claim_boundary_level TEXT,     tracking_decision TEXT,     notes TEXT,     created_at TEXT NOT NULL DEFAULT CURRENT_TIMESTAMP,     updated_at TEXT,     FOREIGN KEY (project_file_id) REFERENCES project_file_catalog(project_file_id),     UNIQUE(proje"
db13_metadata_seed,runs/QSB-DB/QSB_DB13_METADATA_SEED/qsb_research_metadata_seed.db,raw_data_source,0,raw_data_source_id,INTEGER,0,,1,"CREATE TABLE raw_data_source (     raw_data_source_id INTEGER PRIMARY KEY,     source_name TEXT NOT NULL,     source_type TEXT NOT NULL,     provider_or_project TEXT,     source_url_or_path TEXT,     source_release TEXT,     source_version TEXT,     source_access_date TEXT,     source_download_status TEXT NOT NULL DEFAULT 'not_downloaded',     source_reachability_status TEXT NOT NULL DEFAULT 'unresolved',     source_corruption_status TEXT NOT NULL DEFAULT 'not_checked',     checksum_status TEXT "
db13_metadata_seed,runs/QSB-DB/QSB_DB13_METADATA_SEED/qsb_research_metadata_seed.db,raw_data_source,1,source_name,TEXT,1,,0,"CREATE TABLE raw_data_source (     raw_data_source_id INTEGER PRIMARY KEY,     source_name TEXT NOT NULL,     source_type TEXT NOT NULL,     provider_or_project TEXT,     source_url_or_path TEXT,     source_release TEXT,     source_version TEXT,     source_access_date TEXT,     source_download_status TEXT NOT NULL DEFAULT 'not_downloaded',     source_reachability_status TEXT NOT NULL DEFAULT 'unresolved',     source_corruption_status TEXT NOT NULL DEFAULT 'not_checked',     checksum_status TEXT "
db13_metadata_seed,runs/QSB-DB/QSB_DB13_METADATA_SEED/qsb_research_metadata_seed.db,raw_data_source,2,source_type,TEXT,1,,0,"CREATE TABLE raw_data_source (     raw_data_source_id INTEGER PRIMARY KEY,     source_name TEXT NOT NULL,     source_type TEXT NOT NULL,     provider_or_project TEXT,     source_url_or_path TEXT,     source_release TEXT,     source_version TEXT,     source_access_date TEXT,     source_download_status TEXT NOT NULL DEFAULT 'not_downloaded',     source_reachability_status TEXT NOT NULL DEFAULT 'unresolved',     source_corruption_status TEXT NOT NULL DEFAULT 'not_checked',     checksum_status TEXT "
db13_metadata_seed,runs/QSB-DB/QSB_DB13_METADATA_SEED/qsb_research_metadata_seed.db,raw_data_source,3,provider_or_project,TEXT,0,,0,"CREATE TABLE raw_data_source (     raw_data_source_id INTEGER PRIMARY KEY,     source_name TEXT NOT NULL,     source_type TEXT NOT NULL,     provider_or_project TEXT,     source_url_or_path TEXT,     source_release TEXT,     source_version TEXT,     source_access_date TEXT,     source_download_status TEXT NOT NULL DEFAULT 'not_downloaded',     source_reachability_status TEXT NOT NULL DEFAULT 'unresolved',     source_corruption_status TEXT NOT NULL DEFAULT 'not_checked',     checksum_status TEXT "
db13_metadata_seed,runs/QSB-DB/QSB_DB13_METADATA_SEED/qsb_research_metadata_seed.db,raw_data_source,4,source_url_or_path,TEXT,0,,0,"CREATE TABLE raw_data_source (     raw_data_source_id INTEGER PRIMARY KEY,     source_name TEXT NOT NULL,     source_type TEXT NOT NULL,     provider_or_project TEXT,     source_url_or_path TEXT,     source_release TEXT,     source_version TEXT,     source_access_date TEXT,     source_download_status TEXT NOT NULL DEFAULT 'not_downloaded',     source_reachability_status TEXT NOT NULL DEFAULT 'unresolved',     source_corruption_status TEXT NOT NULL DEFAULT 'not_checked',     checksum_status TEXT "
db13_metadata_seed,runs/QSB-DB/QSB_DB13_METADATA_SEED/qsb_research_metadata_seed.db,raw_data_source,5,source_release,TEXT,0,,0,"CREATE TABLE raw_data_source (     raw_data_source_id INTEGER PRIMARY KEY,     source_name TEXT NOT NULL,     source_type TEXT NOT NULL,     provider_or_project TEXT,     source_url_or_path TEXT,     source_release TEXT,     source_version TEXT,     source_access_date TEXT,     source_download_status TEXT NOT NULL DEFAULT 'not_downloaded',     source_reachability_status TEXT NOT NULL DEFAULT 'unresolved',     source_corruption_status TEXT NOT NULL DEFAULT 'not_checked',     checksum_status TEXT "
db13_metadata_seed,runs/QSB-DB/QSB_DB13_METADATA_SEED/qsb_research_metadata_seed.db,raw_data_source,6,source_version,TEXT,0,,0,"CREATE TABLE raw_data_source (     raw_data_source_id INTEGER PRIMARY KEY,     source_name TEXT NOT NULL,     source_type TEXT NOT NULL,     provider_or_project TEXT,     source_url_or_path TEXT,     source_release TEXT,     source_version TEXT,     source_access_date TEXT,     source_download_status TEXT NOT NULL DEFAULT 'not_downloaded',     source_reachability_status TEXT NOT NULL DEFAULT 'unresolved',     source_corruption_status TEXT NOT NULL DEFAULT 'not_checked',     checksum_status TEXT "
db13_metadata_seed,runs/QSB-DB/QSB_DB13_METADATA_SEED/qsb_research_metadata_seed.db,raw_data_source,7,source_access_date,TEXT,0,,0,"CREATE TABLE raw_data_source (     raw_data_source_id INTEGER PRIMARY KEY,     source_name TEXT NOT NULL,     source_type TEXT NOT NULL,     provider_or_project TEXT,     source_url_or_path TEXT,     source_release TEXT,     source_version TEXT,     source_access_date TEXT,     source_download_status TEXT NOT NULL DEFAULT 'not_downloaded',     source_reachability_status TEXT NOT NULL DEFAULT 'unresolved',     source_corruption_status TEXT NOT NULL DEFAULT 'not_checked',     checksum_status TEXT "
db13_metadata_seed,runs/QSB-DB/QSB_DB13_METADATA_SEED/qsb_research_metadata_seed.db,raw_data_source,8,source_download_status,TEXT,1,'not_downloaded',0,"CREATE TABLE raw_data_source (     raw_data_source_id INTEGER PRIMARY KEY,     source_name TEXT NOT NULL,     source_type TEXT NOT NULL,     provider_or_project TEXT,     source_url_or_path TEXT,     source_release TEXT,     source_version TEXT,     source_access_date TEXT,     source_download_status TEXT NOT NULL DEFAULT 'not_downloaded',     source_reachability_status TEXT NOT NULL DEFAULT 'unresolved',     source_corruption_status TEXT NOT NULL DEFAULT 'not_checked',     checksum_status TEXT "
db13_metadata_seed,runs/QSB-DB/QSB_DB13_METADATA_SEED/qsb_research_metadata_seed.db,raw_data_source,9,source_reachability_status,TEXT,1,'unresolved',0,"CREATE TABLE raw_data_source (     raw_data_source_id INTEGER PRIMARY KEY,     source_name TEXT NOT NULL,     source_type TEXT NOT NULL,     provider_or_project TEXT,     source_url_or_path TEXT,     source_release TEXT,     source_version TEXT,     source_access_date TEXT,     source_download_status TEXT NOT NULL DEFAULT 'not_downloaded',     source_reachability_status TEXT NOT NULL DEFAULT 'unresolved',     source_corruption_status TEXT NOT NULL DEFAULT 'not_checked',     checksum_status TEXT "
db13_metadata_seed,runs/QSB-DB/QSB_DB13_METADATA_SEED/qsb_research_metadata_seed.db,raw_data_source,10,source_corruption_status,TEXT,1,'not_checked',0,"CREATE TABLE raw_data_source (     raw_data_source_id INTEGER PRIMARY KEY,     source_name TEXT NOT NULL,     source_type TEXT NOT NULL,     provider_or_project TEXT,     source_url_or_path TEXT,     source_release TEXT,     source_version TEXT,     source_access_date TEXT,     source_download_status TEXT NOT NULL DEFAULT 'not_downloaded',     source_reachability_status TEXT NOT NULL DEFAULT 'unresolved',     source_corruption_status TEXT NOT NULL DEFAULT 'not_checked',     checksum_status TEXT "
db13_metadata_seed,runs/QSB-DB/QSB_DB13_METADATA_SEED/qsb_research_metadata_seed.db,raw_data_source,11,checksum_status,TEXT,1,'not_checked',0,"CREATE TABLE raw_data_source (     raw_data_source_id INTEGER PRIMARY KEY,     source_name TEXT NOT NULL,     source_type TEXT NOT NULL,     provider_or_project TEXT,     source_url_or_path TEXT,     source_release TEXT,     source_version TEXT,     source_access_date TEXT,     source_download_status TEXT NOT NULL DEFAULT 'not_downloaded',     source_reachability_status TEXT NOT NULL DEFAULT 'unresolved',     source_corruption_status TEXT NOT NULL DEFAULT 'not_checked',     checksum_status TEXT "
db13_metadata_seed,runs/QSB-DB/QSB_DB13_METADATA_SEED/qsb_research_metadata_seed.db,raw_data_source,12,license_or_usage_note,TEXT,0,,0,"CREATE TABLE raw_data_source (     raw_data_source_id INTEGER PRIMARY KEY,     source_name TEXT NOT NULL,     source_type TEXT NOT NULL,     provider_or_project TEXT,     source_url_or_path TEXT,     source_release TEXT,     source_version TEXT,     source_access_date TEXT,     source_download_status TEXT NOT NULL DEFAULT 'not_downloaded',     source_reachability_status TEXT NOT NULL DEFAULT 'unresolved',     source_corruption_status TEXT NOT NULL DEFAULT 'not_checked',     checksum_status TEXT "
db13_metadata_seed,runs/QSB-DB/QSB_DB13_METADATA_SEED/qsb_research_metadata_seed.db,raw_data_source,13,provenance_confidence,TEXT,1,'unresolved',0,"CREATE TABLE raw_data_source (     raw_data_source_id INTEGER PRIMARY KEY,     source_name TEXT NOT NULL,     source_type TEXT NOT NULL,     provider_or_project TEXT,     source_url_or_path TEXT,     source_release TEXT,     source_version TEXT,     source_access_date TEXT,     source_download_status TEXT NOT NULL DEFAULT 'not_downloaded',     source_reachability_status TEXT NOT NULL DEFAULT 'unresolved',     source_corruption_status TEXT NOT NULL DEFAULT 'not_checked',     checksum_status TEXT "
db13_metadata_seed,runs/QSB-DB/QSB_DB13_METADATA_SEED/qsb_research_metadata_seed.db,raw_data_source,14,quarantine_status,TEXT,1,'not_quarantined',0,"CREATE TABLE raw_data_source (     raw_data_source_id INTEGER PRIMARY KEY,     source_name TEXT NOT NULL,     source_type TEXT NOT NULL,     provider_or_project TEXT,     source_url_or_path TEXT,     source_release TEXT,     source_version TEXT,     source_access_date TEXT,     source_download_status TEXT NOT NULL DEFAULT 'not_downloaded',     source_reachability_status TEXT NOT NULL DEFAULT 'unresolved',     source_corruption_status TEXT NOT NULL DEFAULT 'not_checked',     checksum_status TEXT "
db13_metadata_seed,runs/QSB-DB/QSB_DB13_METADATA_SEED/qsb_research_metadata_seed.db,raw_data_source,15,notes,TEXT,0,,0,"CREATE TABLE raw_data_source (     raw_data_source_id INTEGER PRIMARY KEY,     source_name TEXT NOT NULL,     source_type TEXT NOT NULL,     provider_or_project TEXT,     source_url_or_path TEXT,     source_release TEXT,     source_version TEXT,     source_access_date TEXT,     source_download_status TEXT NOT NULL DEFAULT 'not_downloaded',     source_reachability_status TEXT NOT NULL DEFAULT 'unresolved',     source_corruption_status TEXT NOT NULL DEFAULT 'not_checked',     checksum_status TEXT "
db13_metadata_seed,runs/QSB-DB/QSB_DB13_METADATA_SEED/qsb_research_metadata_seed.db,raw_data_source,16,created_at,TEXT,1,CURRENT_TIMESTAMP,0,"CREATE TABLE raw_data_source (     raw_data_source_id INTEGER PRIMARY KEY,     source_name TEXT NOT NULL,     source_type TEXT NOT NULL,     provider_or_project TEXT,     source_url_or_path TEXT,     source_release TEXT,     source_version TEXT,     source_access_date TEXT,     source_download_status TEXT NOT NULL DEFAULT 'not_downloaded',     source_reachability_status TEXT NOT NULL DEFAULT 'unresolved',     source_corruption_status TEXT NOT NULL DEFAULT 'not_checked',     checksum_status TEXT "
db13_metadata_seed,runs/QSB-DB/QSB_DB13_METADATA_SEED/qsb_research_metadata_seed.db,raw_data_source,17,updated_at,TEXT,0,,0,"CREATE TABLE raw_data_source (     raw_data_source_id INTEGER PRIMARY KEY,     source_name TEXT NOT NULL,     source_type TEXT NOT NULL,     provider_or_project TEXT,     source_url_or_path TEXT,     source_release TEXT,     source_version TEXT,     source_access_date TEXT,     source_download_status TEXT NOT NULL DEFAULT 'not_downloaded',     source_reachability_status TEXT NOT NULL DEFAULT 'unresolved',     source_corruption_status TEXT NOT NULL DEFAULT 'not_checked',     checksum_status TEXT "
