trial_id,edge_count,component_count,component_sizes_sorted_desc,largest_component_size,triangle_count,connected_triple_count,closed_triple_count,open_wedge_count,global_closure_ratio,semantic_within_block_edge_count,semantic_cross_block_edge_count,all_edges_within_semantic_blocks,all_components_are_cliques,component_sizes_match_observed_pattern,complete_disjoint_clique_blocks_confirmed,matches_exact_semantic_block_edge_set,accepted_swaps
1,161,1,42,42,78,1260,234,1026,0.18571428571428572,43,118,false,false,false,false,false,2814
2,161,1,42,42,101,1260,303,957,0.24047619047619048,42,119,false,false,false,false,false,2845
3,161,1,42,42,91,1260,273,987,0.21666666666666667,41,120,false,false,false,false,false,2909
4,161,1,42,42,81,1260,243,1017,0.19285714285714287,45,116,false,false,false,false,false,2820
5,161,1,42,42,85,1260,255,1005,0.20238095238095238,44,117,false,false,false,false,false,2914
6,161,1,42,42,77,1260,231,1029,0.18333333333333332,33,128,false,false,false,false,false,2851
7,161,1,42,42,91,1260,273,987,0.21666666666666667,48,113,false,false,false,false,false,2821
8,161,1,42,42,85,1260,255,1005,0.20238095238095238,46,115,false,false,false,false,false,2860
9,161,1,42,42,81,1260,243,1017,0.19285714285714287,46,115,false,false,false,false,false,2828
10,161,1,42,42,103,1260,309,951,0.24523809523809523,41,120,false,false,false,false,false,2847
11,161,1,42,42,92,1260,276,984,0.21904761904761905,46,115,false,false,false,false,false,2919
12,161,1,42,42,91,1260,273,987,0.21666666666666667,45,116,false,false,false,false,false,2908
13,161,1,42,42,85,1260,255,1005,0.20238095238095238,37,124,false,false,false,false,false,2888
14,161,1,42,42,95,1260,285,975,0.2261904761904762,36,125,false,false,false,false,false,2855
15,161,1,42,42,81,1260,243,1017,0.19285714285714287,36,125,false,false,false,false,false,2817
16,161,1,42,42,90,1260,270,990,0.21428571428571427,45,116,false,false,false,false,false,2838
17,161,1,42,42,97,1260,291,969,0.23095238095238096,52,109,false,false,false,false,false,2865
18,161,1,42,42,88,1260,264,996,0.20952380952380953,49,112,false,false,false,false,false,2857
19,161,1,42,42,84,1260,252,1008,0.2,37,124,false,false,false,false,false,2839
20,161,1,42,42,79,1260,237,1023,0.1880952380952381,37,124,false,false,false,false,false,2852
21,161,1,42,42,85,1260,255,1005,0.20238095238095238,40,121,false,false,false,false,false,2864
22,161,1,42,42,101,1260,303,957,0.24047619047619048,37,124,false,false,false,false,false,2797
23,161,1,42,42,96,1260,288,972,0.22857142857142856,38,123,false,false,false,false,false,2915
24,161,1,42,42,82,1260,246,1014,0.19523809523809524,48,113,false,false,false,false,false,2879
25,161,1,42,42,85,1260,255,1005,0.20238095238095238,40,121,false,false,false,false,false,2818
26,161,1,42,42,88,1260,264,996,0.20952380952380953,41,120,false,false,false,false,false,2801
27,161,1,42,42,83,1260,249,1011,0.1976190476190476,46,115,false,false,false,false,false,2819
28,161,1,42,42,101,1260,303,957,0.24047619047619048,42,119,false,false,false,false,false,2901
29,161,1,42,42,83,1260,249,1011,0.1976190476190476,46,115,false,false,false,false,false,2838
30,161,1,42,42,93,1260,279,981,0.22142857142857142,43,118,false,false,false,false,false,2915
31,161,1,42,42,85,1260,255,1005,0.20238095238095238,37,124,false,false,false,false,false,2831
32,161,1,42,42,82,1260,246,1014,0.19523809523809524,35,126,false,false,false,false,false,2878
33,161,1,42,42,83,1260,249,1011,0.1976190476190476,43,118,false,false,false,false,false,2802
34,161,1,42,42,89,1260,267,993,0.2119047619047619,43,118,false,false,false,false,false,2931
35,161,1,42,42,87,1260,261,999,0.20714285714285716,42,119,false,false,false,false,false,2833
36,161,1,42,42,84,1260,252,1008,0.2,43,118,false,false,false,false,false,2860
37,161,1,42,42,84,1260,252,1008,0.2,46,115,false,false,false,false,false,2889
38,161,1,42,42,91,1260,273,987,0.21666666666666667,46,115,false,false,false,false,false,2886
39,161,1,42,42,100,1260,300,960,0.23809523809523808,37,124,false,false,false,false,false,2833
40,161,1,42,42,89,1260,267,993,0.2119047619047619,47,114,false,false,false,false,false,2820
41,161,1,42,42,77,1260,231,1029,0.18333333333333332,41,120,false,false,false,false,false,2902
42,161,1,42,42,90,1260,270,990,0.21428571428571427,39,122,false,false,false,false,false,2822
43,161,1,42,42,71,1260,213,1047,0.16904761904761906,43,118,false,false,false,false,false,2895
44,161,1,42,42,83,1260,249,1011,0.1976190476190476,46,115,false,false,false,false,false,2883
45,161,1,42,42,82,1260,246,1014,0.19523809523809524,49,112,false,false,false,false,false,2804
46,161,1,42,42,84,1260,252,1008,0.2,41,120,false,false,false,false,false,2908
47,161,1,42,42,98,1260,294,966,0.23333333333333334,45,116,false,false,false,false,false,2838
48,161,1,42,42,90,1260,270,990,0.21428571428571427,39,122,false,false,false,false,false,2887
49,161,1,42,42,78,1260,234,1026,0.18571428571428572,52,109,false,false,false,false,false,2853
50,161,1,42,42,88,1260,264,996,0.20952380952380953,37,124,false,false,false,false,false,2876
51,161,1,42,42,96,1260,288,972,0.22857142857142856,42,119,false,false,false,false,false,2870
52,161,1,42,42,82,1260,246,1014,0.19523809523809524,45,116,false,false,false,false,false,2805
53,161,1,42,42,88,1260,264,996,0.20952380952380953,41,120,false,false,false,false,false,2849
54,161,1,42,42,81,1260,243,1017,0.19285714285714287,40,121,false,false,false,false,false,2814
55,161,1,42,42,87,1260,261,999,0.20714285714285716,46,115,false,false,false,false,false,2842
56,161,1,42,42,92,1260,276,984,0.21904761904761905,43,118,false,false,false,false,false,2782
57,161,1,42,42,83,1260,249,1011,0.1976190476190476,42,119,false,false,false,false,false,2856
58,161,1,42,42,97,1260,291,969,0.23095238095238096,52,109,false,false,false,false,false,2802
59,161,1,42,42,93,1260,279,981,0.22142857142857142,48,113,false,false,false,false,false,2841
60,161,1,42,42,85,1260,255,1005,0.20238095238095238,46,115,false,false,false,false,false,2851
61,161,1,42,42,86,1260,258,1002,0.20476190476190476,37,124,false,false,false,false,false,2904
62,161,1,42,42,74,1260,222,1038,0.1761904761904762,36,125,false,false,false,false,false,2800
63,161,1,42,42,90,1260,270,990,0.21428571428571427,41,120,false,false,false,false,false,2882
64,161,1,42,42,85,1260,255,1005,0.20238095238095238,43,118,false,false,false,false,false,2839
65,161,1,42,42,86,1260,258,1002,0.20476190476190476,44,117,false,false,false,false,false,2915
66,161,1,42,42,88,1260,264,996,0.20952380952380953,46,115,false,false,false,false,false,2834
67,161,1,42,42,81,1260,243,1017,0.19285714285714287,44,117,false,false,false,false,false,2869
68,161,1,42,42,82,1260,246,1014,0.19523809523809524,36,125,false,false,false,false,false,2877
69,161,1,42,42,87,1260,261,999,0.20714285714285716,37,124,false,false,false,false,false,2824
70,161,1,42,42,94,1260,282,978,0.22380952380952382,51,110,false,false,false,false,false,2793
71,161,1,42,42,80,1260,240,1020,0.19047619047619047,43,118,false,false,false,false,false,2879
72,161,1,42,42,79,1260,237,1023,0.1880952380952381,37,124,false,false,false,false,false,2838
73,161,1,42,42,93,1260,279,981,0.22142857142857142,45,116,false,false,false,false,false,2884
74,161,1,42,42,85,1260,255,1005,0.20238095238095238,50,111,false,false,false,false,false,2878
75,161,1,42,42,101,1260,303,957,0.24047619047619048,44,117,false,false,false,false,false,2891
76,161,1,42,42,98,1260,294,966,0.23333333333333334,54,107,false,false,false,false,false,2883
77,161,1,42,42,79,1260,237,1023,0.1880952380952381,49,112,false,false,false,false,false,2864
78,161,1,42,42,78,1260,234,1026,0.18571428571428572,41,120,false,false,false,false,false,2873
79,161,1,42,42,91,1260,273,987,0.21666666666666667,42,119,false,false,false,false,false,2811
80,161,1,42,42,89,1260,267,993,0.2119047619047619,47,114,false,false,false,false,false,2843
81,161,1,42,42,86,1260,258,1002,0.20476190476190476,47,114,false,false,false,false,false,2878
82,161,1,42,42,74,1260,222,1038,0.1761904761904762,43,118,false,false,false,false,false,2847
83,161,1,42,42,83,1260,249,1011,0.1976190476190476,41,120,false,false,false,false,false,2794
84,161,1,42,42,94,1260,282,978,0.22380952380952382,42,119,false,false,false,false,false,2823
85,161,1,42,42,76,1260,228,1032,0.18095238095238095,43,118,false,false,false,false,false,2821
86,161,1,42,42,88,1260,264,996,0.20952380952380953,46,115,false,false,false,false,false,2804
87,161,1,42,42,90,1260,270,990,0.21428571428571427,39,122,false,false,false,false,false,2833
88,161,1,42,42,81,1260,243,1017,0.19285714285714287,32,129,false,false,false,false,false,2807
89,161,1,42,42,89,1260,267,993,0.2119047619047619,46,115,false,false,false,false,false,2838
90,161,1,42,42,91,1260,273,987,0.21666666666666667,47,114,false,false,false,false,false,2871
91,161,1,42,42,85,1260,255,1005,0.20238095238095238,44,117,false,false,false,false,false,2884
92,161,1,42,42,94,1260,282,978,0.22380952380952382,44,117,false,false,false,false,false,2945
93,161,1,42,42,90,1260,270,990,0.21428571428571427,37,124,false,false,false,false,false,2817
94,161,1,42,42,83,1260,249,1011,0.1976190476190476,40,121,false,false,false,false,false,2900
95,161,2,40;2,40,84,1260,252,1008,0.2,49,112,false,false,false,false,false,2824
96,161,1,42,42,90,1260,270,990,0.21428571428571427,50,111,false,false,false,false,false,2849
97,161,1,42,42,102,1260,306,954,0.24285714285714285,41,120,false,false,false,false,false,2799
98,161,1,42,42,79,1260,237,1023,0.1880952380952381,43,118,false,false,false,false,false,2781
99,161,1,42,42,79,1260,237,1023,0.1880952380952381,40,121,false,false,false,false,false,2924
100,161,1,42,42,92,1260,276,984,0.21904761904761905,45,116,false,false,false,false,false,2866
101,161,1,42,42,94,1260,282,978,0.22380952380952382,41,120,false,false,false,false,false,2802
102,161,1,42,42,105,1260,315,945,0.25,40,121,false,false,false,false,false,2850
103,161,1,42,42,83,1260,249,1011,0.1976190476190476,38,123,false,false,false,false,false,2839
104,161,1,42,42,83,1260,249,1011,0.1976190476190476,39,122,false,false,false,false,false,2887
105,161,1,42,42,94,1260,282,978,0.22380952380952382,52,109,false,false,false,false,false,2833
106,161,1,42,42,88,1260,264,996,0.20952380952380953,42,119,false,false,false,false,false,2838
107,161,1,42,42,85,1260,255,1005,0.20238095238095238,47,114,false,false,false,false,false,2837
108,161,1,42,42,95,1260,285,975,0.2261904761904762,43,118,false,false,false,false,false,2799
109,161,1,42,42,88,1260,264,996,0.20952380952380953,41,120,false,false,false,false,false,2887
110,161,1,42,42,92,1260,276,984,0.21904761904761905,50,111,false,false,false,false,false,2849
111,161,1,42,42,81,1260,243,1017,0.19285714285714287,43,118,false,false,false,false,false,2819
112,161,1,42,42,84,1260,252,1008,0.2,34,127,false,false,false,false,false,2850
113,161,1,42,42,77,1260,231,1029,0.18333333333333332,44,117,false,false,false,false,false,2847
114,161,1,42,42,89,1260,267,993,0.2119047619047619,38,123,false,false,false,false,false,2849
115,161,1,42,42,87,1260,261,999,0.20714285714285716,42,119,false,false,false,false,false,2805
116,161,1,42,42,80,1260,240,1020,0.19047619047619047,43,118,false,false,false,false,false,2915
117,161,1,42,42,84,1260,252,1008,0.2,52,109,false,false,false,false,false,2841
118,161,1,42,42,95,1260,285,975,0.2261904761904762,44,117,false,false,false,false,false,2874
119,161,1,42,42,84,1260,252,1008,0.2,36,125,false,false,false,false,false,2880
120,161,1,42,42,90,1260,270,990,0.21428571428571427,41,120,false,false,false,false,false,2850
121,161,1,42,42,86,1260,258,1002,0.20476190476190476,38,123,false,false,false,false,false,2864
122,161,1,42,42,88,1260,264,996,0.20952380952380953,44,117,false,false,false,false,false,2907
123,161,1,42,42,90,1260,270,990,0.21428571428571427,48,113,false,false,false,false,false,2864
124,161,1,42,42,95,1260,285,975,0.2261904761904762,42,119,false,false,false,false,false,2818
125,161,1,42,42,96,1260,288,972,0.22857142857142856,43,118,false,false,false,false,false,2866
126,161,1,42,42,73,1260,219,1041,0.1738095238095238,45,116,false,false,false,false,false,2772
127,161,1,42,42,92,1260,276,984,0.21904761904761905,44,117,false,false,false,false,false,2835
128,161,1,42,42,93,1260,279,981,0.22142857142857142,52,109,false,false,false,false,false,2865
129,161,1,42,42,87,1260,261,999,0.20714285714285716,42,119,false,false,false,false,false,2837
130,161,1,42,42,82,1260,246,1014,0.19523809523809524,43,118,false,false,false,false,false,2902
131,161,1,42,42,92,1260,276,984,0.21904761904761905,37,124,false,false,false,false,false,2862
132,161,1,42,42,77,1260,231,1029,0.18333333333333332,43,118,false,false,false,false,false,2842
133,161,1,42,42,88,1260,264,996,0.20952380952380953,43,118,false,false,false,false,false,2877
134,161,1,42,42,96,1260,288,972,0.22857142857142856,42,119,false,false,false,false,false,2835
135,161,1,42,42,92,1260,276,984,0.21904761904761905,45,116,false,false,false,false,false,2859
136,161,1,42,42,96,1260,288,972,0.22857142857142856,54,107,false,false,false,false,false,2823
137,161,1,42,42,86,1260,258,1002,0.20476190476190476,39,122,false,false,false,false,false,2882
138,161,1,42,42,85,1260,255,1005,0.20238095238095238,46,115,false,false,false,false,false,2837
139,161,1,42,42,80,1260,240,1020,0.19047619047619047,42,119,false,false,false,false,false,2782
140,161,1,42,42,80,1260,240,1020,0.19047619047619047,39,122,false,false,false,false,false,2821
141,161,1,42,42,78,1260,234,1026,0.18571428571428572,45,116,false,false,false,false,false,2859
142,161,1,42,42,89,1260,267,993,0.2119047619047619,38,123,false,false,false,false,false,2831
143,161,1,42,42,87,1260,261,999,0.20714285714285716,42,119,false,false,false,false,false,2880
144,161,1,42,42,87,1260,261,999,0.20714285714285716,44,117,false,false,false,false,false,2822
145,161,1,42,42,77,1260,231,1029,0.18333333333333332,36,125,false,false,false,false,false,2819
146,161,1,42,42,77,1260,231,1029,0.18333333333333332,39,122,false,false,false,false,false,2900
147,161,1,42,42,104,1260,312,948,0.24761904761904763,42,119,false,false,false,false,false,2832
148,161,1,42,42,78,1260,234,1026,0.18571428571428572,34,127,false,false,false,false,false,2822
149,161,1,42,42,97,1260,291,969,0.23095238095238096,46,115,false,false,false,false,false,2874
150,161,1,42,42,93,1260,279,981,0.22142857142857142,36,125,false,false,false,false,false,2864
151,161,1,42,42,77,1260,231,1029,0.18333333333333332,44,117,false,false,false,false,false,2914
152,161,1,42,42,92,1260,276,984,0.21904761904761905,42,119,false,false,false,false,false,2882
153,161,1,42,42,87,1260,261,999,0.20714285714285716,42,119,false,false,false,false,false,2818
154,161,1,42,42,92,1260,276,984,0.21904761904761905,50,111,false,false,false,false,false,2864
155,161,1,42,42,95,1260,285,975,0.2261904761904762,44,117,false,false,false,false,false,2859
156,161,1,42,42,91,1260,273,987,0.21666666666666667,40,121,false,false,false,false,false,2870
157,161,1,42,42,85,1260,255,1005,0.20238095238095238,45,116,false,false,false,false,false,2766
158,161,1,42,42,93,1260,279,981,0.22142857142857142,36,125,false,false,false,false,false,2831
159,161,1,42,42,85,1260,255,1005,0.20238095238095238,43,118,false,false,false,false,false,2819
160,161,1,42,42,97,1260,291,969,0.23095238095238096,46,115,false,false,false,false,false,2842
161,161,1,42,42,85,1260,255,1005,0.20238095238095238,41,120,false,false,false,false,false,2847
162,161,1,42,42,88,1260,264,996,0.20952380952380953,45,116,false,false,false,false,false,2883
163,161,1,42,42,84,1260,252,1008,0.2,41,120,false,false,false,false,false,2862
164,161,1,42,42,83,1260,249,1011,0.1976190476190476,40,121,false,false,false,false,false,2811
165,161,1,42,42,82,1260,246,1014,0.19523809523809524,53,108,false,false,false,false,false,2838
166,161,1,42,42,88,1260,264,996,0.20952380952380953,38,123,false,false,false,false,false,2847
167,161,1,42,42,89,1260,267,993,0.2119047619047619,37,124,false,false,false,false,false,2909
168,161,1,42,42,87,1260,261,999,0.20714285714285716,37,124,false,false,false,false,false,2898
169,161,1,42,42,93,1260,279,981,0.22142857142857142,44,117,false,false,false,false,false,2823
170,161,1,42,42,93,1260,279,981,0.22142857142857142,41,120,false,false,false,false,false,2846
171,161,1,42,42,101,1260,303,957,0.24047619047619048,39,122,false,false,false,false,false,2815
172,161,1,42,42,82,1260,246,1014,0.19523809523809524,43,118,false,false,false,false,false,2864
173,161,1,42,42,85,1260,255,1005,0.20238095238095238,32,129,false,false,false,false,false,2830
174,161,1,42,42,87,1260,261,999,0.20714285714285716,41,120,false,false,false,false,false,2848
175,161,1,42,42,91,1260,273,987,0.21666666666666667,39,122,false,false,false,false,false,2839
176,161,1,42,42,74,1260,222,1038,0.1761904761904762,47,114,false,false,false,false,false,2859
177,161,1,42,42,86,1260,258,1002,0.20476190476190476,51,110,false,false,false,false,false,2859
178,161,1,42,42,77,1260,231,1029,0.18333333333333332,40,121,false,false,false,false,false,2834
179,161,1,42,42,82,1260,246,1014,0.19523809523809524,42,119,false,false,false,false,false,2858
180,161,1,42,42,95,1260,285,975,0.2261904761904762,44,117,false,false,false,false,false,2913
181,161,1,42,42,81,1260,243,1017,0.19285714285714287,41,120,false,false,false,false,false,2870
182,161,1,42,42,99,1260,297,963,0.2357142857142857,41,120,false,false,false,false,false,2883
183,161,1,42,42,92,1260,276,984,0.21904761904761905,36,125,false,false,false,false,false,2886
184,161,1,42,42,78,1260,234,1026,0.18571428571428572,39,122,false,false,false,false,false,2756
185,161,1,42,42,84,1260,252,1008,0.2,43,118,false,false,false,false,false,2932
186,161,1,42,42,84,1260,252,1008,0.2,41,120,false,false,false,false,false,2873
187,161,1,42,42,98,1260,294,966,0.23333333333333334,45,116,false,false,false,false,false,2896
188,161,1,42,42,88,1260,264,996,0.20952380952380953,37,124,false,false,false,false,false,2878
189,161,1,42,42,81,1260,243,1017,0.19285714285714287,39,122,false,false,false,false,false,2780
190,161,1,42,42,90,1260,270,990,0.21428571428571427,42,119,false,false,false,false,false,2902
191,161,1,42,42,85,1260,255,1005,0.20238095238095238,44,117,false,false,false,false,false,2879
192,161,1,42,42,90,1260,270,990,0.21428571428571427,38,123,false,false,false,false,false,2846
193,161,1,42,42,81,1260,243,1017,0.19285714285714287,42,119,false,false,false,false,false,2836
194,161,1,42,42,84,1260,252,1008,0.2,33,128,false,false,false,false,false,2776
195,161,1,42,42,92,1260,276,984,0.21904761904761905,40,121,false,false,false,false,false,2874
196,161,1,42,42,92,1260,276,984,0.21904761904761905,43,118,false,false,false,false,false,2815
197,161,1,42,42,92,1260,276,984,0.21904761904761905,43,118,false,false,false,false,false,2930
198,161,1,42,42,83,1260,249,1011,0.1976190476190476,40,121,false,false,false,false,false,2900
199,161,1,42,42,97,1260,291,969,0.23095238095238096,40,121,false,false,false,false,false,2876
200,161,1,42,42,91,1260,273,987,0.21666666666666667,39,122,false,false,false,false,false,2863
201,161,1,42,42,93,1260,279,981,0.22142857142857142,42,119,false,false,false,false,false,2855
202,161,1,42,42,88,1260,264,996,0.20952380952380953,47,114,false,false,false,false,false,2864
203,161,1,42,42,81,1260,243,1017,0.19285714285714287,37,124,false,false,false,false,false,2801
204,161,1,42,42,85,1260,255,1005,0.20238095238095238,44,117,false,false,false,false,false,2846
205,161,1,42,42,82,1260,246,1014,0.19523809523809524,46,115,false,false,false,false,false,2835
206,161,1,42,42,83,1260,249,1011,0.1976190476190476,41,120,false,false,false,false,false,2882
207,161,1,42,42,80,1260,240,1020,0.19047619047619047,35,126,false,false,false,false,false,2819
208,161,1,42,42,98,1260,294,966,0.23333333333333334,43,118,false,false,false,false,false,2805
209,161,1,42,42,83,1260,249,1011,0.1976190476190476,48,113,false,false,false,false,false,2876
210,161,1,42,42,80,1260,240,1020,0.19047619047619047,48,113,false,false,false,false,false,2859
211,161,1,42,42,91,1260,273,987,0.21666666666666667,43,118,false,false,false,false,false,2850
212,161,1,42,42,87,1260,261,999,0.20714285714285716,36,125,false,false,false,false,false,2786
213,161,1,42,42,84,1260,252,1008,0.2,37,124,false,false,false,false,false,2839
214,161,1,42,42,97,1260,291,969,0.23095238095238096,47,114,false,false,false,false,false,2849
215,161,1,42,42,89,1260,267,993,0.2119047619047619,40,121,false,false,false,false,false,2856
216,161,1,42,42,85,1260,255,1005,0.20238095238095238,46,115,false,false,false,false,false,2912
217,161,1,42,42,87,1260,261,999,0.20714285714285716,36,125,false,false,false,false,false,2861
218,161,1,42,42,95,1260,285,975,0.2261904761904762,42,119,false,false,false,false,false,2806
219,161,1,42,42,93,1260,279,981,0.22142857142857142,43,118,false,false,false,false,false,2905
220,161,1,42,42,87,1260,261,999,0.20714285714285716,39,122,false,false,false,false,false,2846
221,161,1,42,42,83,1260,249,1011,0.1976190476190476,42,119,false,false,false,false,false,2835
222,161,1,42,42,83,1260,249,1011,0.1976190476190476,38,123,false,false,false,false,false,2817
223,161,1,42,42,90,1260,270,990,0.21428571428571427,42,119,false,false,false,false,false,2866
224,161,1,42,42,88,1260,264,996,0.20952380952380953,44,117,false,false,false,false,false,2906
225,161,1,42,42,92,1260,276,984,0.21904761904761905,43,118,false,false,false,false,false,2844
226,161,1,42,42,97,1260,291,969,0.23095238095238096,45,116,false,false,false,false,false,2871
227,161,1,42,42,87,1260,261,999,0.20714285714285716,51,110,false,false,false,false,false,2802
228,161,1,42,42,87,1260,261,999,0.20714285714285716,49,112,false,false,false,false,false,2873
229,161,1,42,42,73,1260,219,1041,0.1738095238095238,47,114,false,false,false,false,false,2908
230,161,1,42,42,92,1260,276,984,0.21904761904761905,41,120,false,false,false,false,false,2796
231,161,1,42,42,74,1260,222,1038,0.1761904761904762,37,124,false,false,false,false,false,2879
232,161,1,42,42,98,1260,294,966,0.23333333333333334,42,119,false,false,false,false,false,2859
233,161,1,42,42,91,1260,273,987,0.21666666666666667,41,120,false,false,false,false,false,2813
234,161,1,42,42,89,1260,267,993,0.2119047619047619,42,119,false,false,false,false,false,2814
235,161,1,42,42,82,1260,246,1014,0.19523809523809524,39,122,false,false,false,false,false,2832
236,161,1,42,42,82,1260,246,1014,0.19523809523809524,42,119,false,false,false,false,false,2821
237,161,1,42,42,85,1260,255,1005,0.20238095238095238,45,116,false,false,false,false,false,2864
238,161,1,42,42,103,1260,309,951,0.24523809523809523,43,118,false,false,false,false,false,2888
239,161,1,42,42,87,1260,261,999,0.20714285714285716,39,122,false,false,false,false,false,2885
240,161,1,42,42,89,1260,267,993,0.2119047619047619,50,111,false,false,false,false,false,2934
241,161,1,42,42,91,1260,273,987,0.21666666666666667,42,119,false,false,false,false,false,2820
242,161,1,42,42,82,1260,246,1014,0.19523809523809524,50,111,false,false,false,false,false,2850
243,161,1,42,42,91,1260,273,987,0.21666666666666667,44,117,false,false,false,false,false,2830
244,161,1,42,42,93,1260,279,981,0.22142857142857142,41,120,false,false,false,false,false,2859
245,161,1,42,42,92,1260,276,984,0.21904761904761905,41,120,false,false,false,false,false,2886
246,161,1,42,42,83,1260,249,1011,0.1976190476190476,39,122,false,false,false,false,false,2797
247,161,1,42,42,71,1260,213,1047,0.16904761904761906,43,118,false,false,false,false,false,2880
248,161,1,42,42,82,1260,246,1014,0.19523809523809524,41,120,false,false,false,false,false,2896
249,161,1,42,42,86,1260,258,1002,0.20476190476190476,37,124,false,false,false,false,false,2869
250,161,1,42,42,85,1260,255,1005,0.20238095238095238,44,117,false,false,false,false,false,2854
251,161,1,42,42,81,1260,243,1017,0.19285714285714287,35,126,false,false,false,false,false,2809
252,161,1,42,42,81,1260,243,1017,0.19285714285714287,37,124,false,false,false,false,false,2827
253,161,1,42,42,80,1260,240,1020,0.19047619047619047,48,113,false,false,false,false,false,2879
254,161,1,42,42,85,1260,255,1005,0.20238095238095238,41,120,false,false,false,false,false,2886
255,161,1,42,42,86,1260,258,1002,0.20476190476190476,46,115,false,false,false,false,false,2900
256,161,1,42,42,91,1260,273,987,0.21666666666666667,52,109,false,false,false,false,false,2847
257,161,1,42,42,87,1260,261,999,0.20714285714285716,41,120,false,false,false,false,false,2894
258,161,1,42,42,93,1260,279,981,0.22142857142857142,42,119,false,false,false,false,false,2836
259,161,1,42,42,86,1260,258,1002,0.20476190476190476,40,121,false,false,false,false,false,2825
260,161,1,42,42,79,1260,237,1023,0.1880952380952381,43,118,false,false,false,false,false,2855
261,161,1,42,42,88,1260,264,996,0.20952380952380953,38,123,false,false,false,false,false,2816
262,161,1,42,42,83,1260,249,1011,0.1976190476190476,48,113,false,false,false,false,false,2893
263,161,1,42,42,94,1260,282,978,0.22380952380952382,43,118,false,false,false,false,false,2859
264,161,1,42,42,83,1260,249,1011,0.1976190476190476,49,112,false,false,false,false,false,2821
265,161,1,42,42,83,1260,249,1011,0.1976190476190476,36,125,false,false,false,false,false,2872
266,161,1,42,42,98,1260,294,966,0.23333333333333334,49,112,false,false,false,false,false,2856
267,161,1,42,42,94,1260,282,978,0.22380952380952382,43,118,false,false,false,false,false,2781
268,161,1,42,42,82,1260,246,1014,0.19523809523809524,40,121,false,false,false,false,false,2813
269,161,1,42,42,84,1260,252,1008,0.2,43,118,false,false,false,false,false,2876
270,161,1,42,42,97,1260,291,969,0.23095238095238096,49,112,false,false,false,false,false,2837
271,161,1,42,42,82,1260,246,1014,0.19523809523809524,53,108,false,false,false,false,false,2880
272,161,1,42,42,83,1260,249,1011,0.1976190476190476,42,119,false,false,false,false,false,2866
273,161,1,42,42,95,1260,285,975,0.2261904761904762,46,115,false,false,false,false,false,2803
274,161,1,42,42,84,1260,252,1008,0.2,42,119,false,false,false,false,false,2871
275,161,1,42,42,74,1260,222,1038,0.1761904761904762,41,120,false,false,false,false,false,2841
276,161,1,42,42,84,1260,252,1008,0.2,38,123,false,false,false,false,false,2847
277,161,1,42,42,96,1260,288,972,0.22857142857142856,48,113,false,false,false,false,false,2809
278,161,1,42,42,90,1260,270,990,0.21428571428571427,38,123,false,false,false,false,false,2846
279,161,1,42,42,81,1260,243,1017,0.19285714285714287,36,125,false,false,false,false,false,2845
280,161,1,42,42,86,1260,258,1002,0.20476190476190476,41,120,false,false,false,false,false,2897
281,161,1,42,42,77,1260,231,1029,0.18333333333333332,45,116,false,false,false,false,false,2871
282,161,1,42,42,95,1260,285,975,0.2261904761904762,46,115,false,false,false,false,false,2861
283,161,1,42,42,87,1260,261,999,0.20714285714285716,40,121,false,false,false,false,false,2876
284,161,1,42,42,91,1260,273,987,0.21666666666666667,48,113,false,false,false,false,false,2790
285,161,1,42,42,78,1260,234,1026,0.18571428571428572,39,122,false,false,false,false,false,2756
286,161,1,42,42,84,1260,252,1008,0.2,46,115,false,false,false,false,false,2901
287,161,1,42,42,94,1260,282,978,0.22380952380952382,43,118,false,false,false,false,false,2883
288,161,1,42,42,93,1260,279,981,0.22142857142857142,38,123,false,false,false,false,false,2878
289,161,1,42,42,97,1260,291,969,0.23095238095238096,42,119,false,false,false,false,false,2855
290,161,1,42,42,82,1260,246,1014,0.19523809523809524,41,120,false,false,false,false,false,2829
291,161,1,42,42,81,1260,243,1017,0.19285714285714287,46,115,false,false,false,false,false,2923
292,161,1,42,42,84,1260,252,1008,0.2,42,119,false,false,false,false,false,2869
293,161,1,42,42,88,1260,264,996,0.20952380952380953,34,127,false,false,false,false,false,2898
294,161,1,42,42,79,1260,237,1023,0.1880952380952381,42,119,false,false,false,false,false,2881
295,161,1,42,42,85,1260,255,1005,0.20238095238095238,41,120,false,false,false,false,false,2872
296,161,1,42,42,84,1260,252,1008,0.2,46,115,false,false,false,false,false,2861
297,161,1,42,42,80,1260,240,1020,0.19047619047619047,46,115,false,false,false,false,false,2852
298,161,1,42,42,85,1260,255,1005,0.20238095238095238,39,122,false,false,false,false,false,2837
299,161,1,42,42,85,1260,255,1005,0.20238095238095238,37,124,false,false,false,false,false,2880
300,161,1,42,42,90,1260,270,990,0.21428571428571427,41,120,false,false,false,false,false,2749
301,161,1,42,42,81,1260,243,1017,0.19285714285714287,47,114,false,false,false,false,false,2851
302,161,1,42,42,91,1260,273,987,0.21666666666666667,42,119,false,false,false,false,false,2839
303,161,1,42,42,89,1260,267,993,0.2119047619047619,41,120,false,false,false,false,false,2785
304,161,1,42,42,86,1260,258,1002,0.20476190476190476,38,123,false,false,false,false,false,2900
305,161,1,42,42,93,1260,279,981,0.22142857142857142,35,126,false,false,false,false,false,2826
306,161,1,42,42,91,1260,273,987,0.21666666666666667,45,116,false,false,false,false,false,2855
307,161,1,42,42,99,1260,297,963,0.2357142857142857,34,127,false,false,false,false,false,2872
308,161,1,42,42,96,1260,288,972,0.22857142857142856,47,114,false,false,false,false,false,2814
309,161,1,42,42,84,1260,252,1008,0.2,40,121,false,false,false,false,false,2820
310,161,1,42,42,91,1260,273,987,0.21666666666666667,44,117,false,false,false,false,false,2877
311,161,1,42,42,68,1260,204,1056,0.1619047619047619,36,125,false,false,false,false,false,2871
312,161,1,42,42,81,1260,243,1017,0.19285714285714287,35,126,false,false,false,false,false,2827
313,161,1,42,42,92,1260,276,984,0.21904761904761905,45,116,false,false,false,false,false,2844
314,161,1,42,42,88,1260,264,996,0.20952380952380953,49,112,false,false,false,false,false,2846
315,161,1,42,42,91,1260,273,987,0.21666666666666667,46,115,false,false,false,false,false,2826
316,161,1,42,42,71,1260,213,1047,0.16904761904761906,40,121,false,false,false,false,false,2894
317,161,1,42,42,87,1260,261,999,0.20714285714285716,42,119,false,false,false,false,false,2828
318,161,1,42,42,83,1260,249,1011,0.1976190476190476,39,122,false,false,false,false,false,2909
319,161,1,42,42,79,1260,237,1023,0.1880952380952381,42,119,false,false,false,false,false,2831
320,161,1,42,42,104,1260,312,948,0.24761904761904763,39,122,false,false,false,false,false,2807
321,161,1,42,42,83,1260,249,1011,0.1976190476190476,49,112,false,false,false,false,false,2910
322,161,1,42,42,79,1260,237,1023,0.1880952380952381,37,124,false,false,false,false,false,2889
323,161,1,42,42,87,1260,261,999,0.20714285714285716,33,128,false,false,false,false,false,2851
324,161,1,42,42,85,1260,255,1005,0.20238095238095238,46,115,false,false,false,false,false,2881
325,161,1,42,42,96,1260,288,972,0.22857142857142856,43,118,false,false,false,false,false,2868
326,161,1,42,42,99,1260,297,963,0.2357142857142857,43,118,false,false,false,false,false,2802
327,161,1,42,42,87,1260,261,999,0.20714285714285716,50,111,false,false,false,false,false,2899
328,161,1,42,42,83,1260,249,1011,0.1976190476190476,50,111,false,false,false,false,false,2845
329,161,1,42,42,83,1260,249,1011,0.1976190476190476,42,119,false,false,false,false,false,2844
330,161,1,42,42,86,1260,258,1002,0.20476190476190476,44,117,false,false,false,false,false,2842
331,161,1,42,42,75,1260,225,1035,0.17857142857142858,41,120,false,false,false,false,false,2853
332,161,1,42,42,75,1260,225,1035,0.17857142857142858,37,124,false,false,false,false,false,2846
333,161,1,42,42,79,1260,237,1023,0.1880952380952381,42,119,false,false,false,false,false,2901
334,161,1,42,42,87,1260,261,999,0.20714285714285716,40,121,false,false,false,false,false,2822
335,161,1,42,42,86,1260,258,1002,0.20476190476190476,47,114,false,false,false,false,false,2862
336,161,1,42,42,86,1260,258,1002,0.20476190476190476,42,119,false,false,false,false,false,2861
337,161,1,42,42,89,1260,267,993,0.2119047619047619,43,118,false,false,false,false,false,2844
338,161,1,42,42,92,1260,276,984,0.21904761904761905,44,117,false,false,false,false,false,2883
339,161,1,42,42,86,1260,258,1002,0.20476190476190476,43,118,false,false,false,false,false,2857
340,161,1,42,42,97,1260,291,969,0.23095238095238096,36,125,false,false,false,false,false,2845
341,161,1,42,42,81,1260,243,1017,0.19285714285714287,42,119,false,false,false,false,false,2818
342,161,1,42,42,91,1260,273,987,0.21666666666666667,44,117,false,false,false,false,false,2803
343,161,1,42,42,92,1260,276,984,0.21904761904761905,51,110,false,false,false,false,false,2936
344,161,1,42,42,68,1260,204,1056,0.1619047619047619,45,116,false,false,false,false,false,2856
345,161,1,42,42,86,1260,258,1002,0.20476190476190476,48,113,false,false,false,false,false,2858
346,161,1,42,42,92,1260,276,984,0.21904761904761905,43,118,false,false,false,false,false,2883
347,161,1,42,42,91,1260,273,987,0.21666666666666667,38,123,false,false,false,false,false,2829
348,161,1,42,42,88,1260,264,996,0.20952380952380953,49,112,false,false,false,false,false,2816
349,161,1,42,42,88,1260,264,996,0.20952380952380953,39,122,false,false,false,false,false,2835
350,161,1,42,42,91,1260,273,987,0.21666666666666667,47,114,false,false,false,false,false,2767
351,161,1,42,42,77,1260,231,1029,0.18333333333333332,36,125,false,false,false,false,false,2812
352,161,1,42,42,94,1260,282,978,0.22380952380952382,48,113,false,false,false,false,false,2822
353,161,1,42,42,87,1260,261,999,0.20714285714285716,36,125,false,false,false,false,false,2809
354,161,1,42,42,90,1260,270,990,0.21428571428571427,50,111,false,false,false,false,false,2838
355,161,1,42,42,90,1260,270,990,0.21428571428571427,41,120,false,false,false,false,false,2868
356,161,1,42,42,77,1260,231,1029,0.18333333333333332,44,117,false,false,false,false,false,2867
357,161,1,42,42,91,1260,273,987,0.21666666666666667,44,117,false,false,false,false,false,2814
358,161,1,42,42,110,1260,330,930,0.2619047619047619,49,112,false,false,false,false,false,2861
359,161,1,42,42,84,1260,252,1008,0.2,42,119,false,false,false,false,false,2840
360,161,1,42,42,85,1260,255,1005,0.20238095238095238,45,116,false,false,false,false,false,2863
361,161,1,42,42,97,1260,291,969,0.23095238095238096,39,122,false,false,false,false,false,2871
362,161,1,42,42,83,1260,249,1011,0.1976190476190476,43,118,false,false,false,false,false,2882
363,161,1,42,42,86,1260,258,1002,0.20476190476190476,38,123,false,false,false,false,false,2887
364,161,1,42,42,80,1260,240,1020,0.19047619047619047,42,119,false,false,false,false,false,2879
365,161,1,42,42,83,1260,249,1011,0.1976190476190476,33,128,false,false,false,false,false,2862
366,161,1,42,42,94,1260,282,978,0.22380952380952382,52,109,false,false,false,false,false,2864
367,161,1,42,42,79,1260,237,1023,0.1880952380952381,48,113,false,false,false,false,false,2840
368,161,1,42,42,91,1260,273,987,0.21666666666666667,43,118,false,false,false,false,false,2780
369,161,1,42,42,93,1260,279,981,0.22142857142857142,48,113,false,false,false,false,false,2800
370,161,1,42,42,88,1260,264,996,0.20952380952380953,50,111,false,false,false,false,false,2863
371,161,1,42,42,92,1260,276,984,0.21904761904761905,45,116,false,false,false,false,false,2848
372,161,1,42,42,91,1260,273,987,0.21666666666666667,53,108,false,false,false,false,false,2846
373,161,1,42,42,82,1260,246,1014,0.19523809523809524,40,121,false,false,false,false,false,2863
374,161,1,42,42,76,1260,228,1032,0.18095238095238095,31,130,false,false,false,false,false,2855
375,161,1,42,42,90,1260,270,990,0.21428571428571427,40,121,false,false,false,false,false,2865
376,161,1,42,42,95,1260,285,975,0.2261904761904762,40,121,false,false,false,false,false,2868
377,161,1,42,42,86,1260,258,1002,0.20476190476190476,46,115,false,false,false,false,false,2891
378,161,1,42,42,87,1260,261,999,0.20714285714285716,45,116,false,false,false,false,false,2852
379,161,1,42,42,91,1260,273,987,0.21666666666666667,47,114,false,false,false,false,false,2878
380,161,1,42,42,91,1260,273,987,0.21666666666666667,48,113,false,false,false,false,false,2880
381,161,1,42,42,83,1260,249,1011,0.1976190476190476,37,124,false,false,false,false,false,2874
382,161,1,42,42,90,1260,270,990,0.21428571428571427,49,112,false,false,false,false,false,2864
383,161,1,42,42,87,1260,261,999,0.20714285714285716,40,121,false,false,false,false,false,2851
384,161,1,42,42,79,1260,237,1023,0.1880952380952381,34,127,false,false,false,false,false,2820
385,161,1,42,42,84,1260,252,1008,0.2,39,122,false,false,false,false,false,2828
386,161,1,42,42,102,1260,306,954,0.24285714285714285,37,124,false,false,false,false,false,2800
387,161,1,42,42,78,1260,234,1026,0.18571428571428572,40,121,false,false,false,false,false,2904
388,161,1,42,42,87,1260,261,999,0.20714285714285716,37,124,false,false,false,false,false,2811
389,161,1,42,42,86,1260,258,1002,0.20476190476190476,46,115,false,false,false,false,false,2882
390,161,1,42,42,91,1260,273,987,0.21666666666666667,42,119,false,false,false,false,false,2814
391,161,1,42,42,85,1260,255,1005,0.20238095238095238,40,121,false,false,false,false,false,2886
392,161,1,42,42,86,1260,258,1002,0.20476190476190476,42,119,false,false,false,false,false,2879
393,161,1,42,42,84,1260,252,1008,0.2,41,120,false,false,false,false,false,2900
394,161,1,42,42,87,1260,261,999,0.20714285714285716,46,115,false,false,false,false,false,2844
395,161,1,42,42,89,1260,267,993,0.2119047619047619,44,117,false,false,false,false,false,2874
396,161,1,42,42,85,1260,255,1005,0.20238095238095238,38,123,false,false,false,false,false,2849
397,161,1,42,42,86,1260,258,1002,0.20476190476190476,46,115,false,false,false,false,false,2832
398,161,1,42,42,98,1260,294,966,0.23333333333333334,46,115,false,false,false,false,false,2876
399,161,1,42,42,96,1260,288,972,0.22857142857142856,49,112,false,false,false,false,false,2875
400,161,1,42,42,95,1260,285,975,0.2261904761904762,45,116,false,false,false,false,false,2865
401,161,1,42,42,79,1260,237,1023,0.1880952380952381,42,119,false,false,false,false,false,2882
402,161,1,42,42,90,1260,270,990,0.21428571428571427,52,109,false,false,false,false,false,2843
403,161,1,42,42,85,1260,255,1005,0.20238095238095238,31,130,false,false,false,false,false,2823
404,161,1,42,42,82,1260,246,1014,0.19523809523809524,39,122,false,false,false,false,false,2825
405,161,1,42,42,72,1260,216,1044,0.17142857142857143,49,112,false,false,false,false,false,2815
406,161,1,42,42,91,1260,273,987,0.21666666666666667,48,113,false,false,false,false,false,2869
407,161,1,42,42,89,1260,267,993,0.2119047619047619,43,118,false,false,false,false,false,2872
408,161,1,42,42,74,1260,222,1038,0.1761904761904762,44,117,false,false,false,false,false,2864
409,161,1,42,42,85,1260,255,1005,0.20238095238095238,39,122,false,false,false,false,false,2803
410,161,1,42,42,98,1260,294,966,0.23333333333333334,39,122,false,false,false,false,false,2845
411,161,1,42,42,93,1260,279,981,0.22142857142857142,39,122,false,false,false,false,false,2845
412,161,1,42,42,96,1260,288,972,0.22857142857142856,49,112,false,false,false,false,false,2795
413,161,1,42,42,83,1260,249,1011,0.1976190476190476,38,123,false,false,false,false,false,2903
414,161,1,42,42,78,1260,234,1026,0.18571428571428572,42,119,false,false,false,false,false,2913
415,161,1,42,42,81,1260,243,1017,0.19285714285714287,44,117,false,false,false,false,false,2922
416,161,1,42,42,85,1260,255,1005,0.20238095238095238,43,118,false,false,false,false,false,2850
417,161,1,42,42,99,1260,297,963,0.2357142857142857,44,117,false,false,false,false,false,2855
418,161,1,42,42,88,1260,264,996,0.20952380952380953,47,114,false,false,false,false,false,2855
419,161,1,42,42,103,1260,309,951,0.24523809523809523,41,120,false,false,false,false,false,2850
420,161,1,42,42,83,1260,249,1011,0.1976190476190476,47,114,false,false,false,false,false,2817
421,161,1,42,42,80,1260,240,1020,0.19047619047619047,39,122,false,false,false,false,false,2802
422,161,1,42,42,76,1260,228,1032,0.18095238095238095,44,117,false,false,false,false,false,2815
423,161,1,42,42,81,1260,243,1017,0.19285714285714287,45,116,false,false,false,false,false,2790
424,161,1,42,42,98,1260,294,966,0.23333333333333334,41,120,false,false,false,false,false,2926
425,161,1,42,42,96,1260,288,972,0.22857142857142856,46,115,false,false,false,false,false,2898
426,161,1,42,42,89,1260,267,993,0.2119047619047619,44,117,false,false,false,false,false,2825
427,161,1,42,42,93,1260,279,981,0.22142857142857142,41,120,false,false,false,false,false,2817
428,161,1,42,42,77,1260,231,1029,0.18333333333333332,49,112,false,false,false,false,false,2864
429,161,1,42,42,80,1260,240,1020,0.19047619047619047,41,120,false,false,false,false,false,2793
430,161,1,42,42,100,1260,300,960,0.23809523809523808,47,114,false,false,false,false,false,2893
431,161,1,42,42,87,1260,261,999,0.20714285714285716,39,122,false,false,false,false,false,2876
432,161,1,42,42,89,1260,267,993,0.2119047619047619,42,119,false,false,false,false,false,2811
433,161,1,42,42,91,1260,273,987,0.21666666666666667,49,112,false,false,false,false,false,2862
434,161,1,42,42,97,1260,291,969,0.23095238095238096,43,118,false,false,false,false,false,2845
435,161,1,42,42,89,1260,267,993,0.2119047619047619,42,119,false,false,false,false,false,2855
436,161,1,42,42,97,1260,291,969,0.23095238095238096,43,118,false,false,false,false,false,2865
437,161,1,42,42,86,1260,258,1002,0.20476190476190476,40,121,false,false,false,false,false,2843
438,161,1,42,42,88,1260,264,996,0.20952380952380953,43,118,false,false,false,false,false,2831
439,161,1,42,42,85,1260,255,1005,0.20238095238095238,34,127,false,false,false,false,false,2811
440,161,1,42,42,90,1260,270,990,0.21428571428571427,39,122,false,false,false,false,false,2874
441,161,1,42,42,100,1260,300,960,0.23809523809523808,42,119,false,false,false,false,false,2808
442,161,1,42,42,87,1260,261,999,0.20714285714285716,40,121,false,false,false,false,false,2905
443,161,1,42,42,80,1260,240,1020,0.19047619047619047,36,125,false,false,false,false,false,2833
444,161,1,42,42,97,1260,291,969,0.23095238095238096,51,110,false,false,false,false,false,2832
445,161,1,42,42,91,1260,273,987,0.21666666666666667,37,124,false,false,false,false,false,2822
446,161,1,42,42,92,1260,276,984,0.21904761904761905,46,115,false,false,false,false,false,2853
447,161,1,42,42,96,1260,288,972,0.22857142857142856,39,122,false,false,false,false,false,2870
448,161,1,42,42,78,1260,234,1026,0.18571428571428572,45,116,false,false,false,false,false,2864
449,161,1,42,42,84,1260,252,1008,0.2,53,108,false,false,false,false,false,2851
450,161,1,42,42,83,1260,249,1011,0.1976190476190476,45,116,false,false,false,false,false,2887
451,161,1,42,42,90,1260,270,990,0.21428571428571427,51,110,false,false,false,false,false,2882
452,161,1,42,42,88,1260,264,996,0.20952380952380953,39,122,false,false,false,false,false,2843
453,161,1,42,42,92,1260,276,984,0.21904761904761905,41,120,false,false,false,false,false,2789
454,161,1,42,42,86,1260,258,1002,0.20476190476190476,52,109,false,false,false,false,false,2872
455,161,1,42,42,91,1260,273,987,0.21666666666666667,47,114,false,false,false,false,false,2836
456,161,1,42,42,79,1260,237,1023,0.1880952380952381,45,116,false,false,false,false,false,2852
457,161,1,42,42,87,1260,261,999,0.20714285714285716,49,112,false,false,false,false,false,2759
458,161,1,42,42,90,1260,270,990,0.21428571428571427,36,125,false,false,false,false,false,2852
459,161,1,42,42,87,1260,261,999,0.20714285714285716,43,118,false,false,false,false,false,2819
460,161,1,42,42,100,1260,300,960,0.23809523809523808,48,113,false,false,false,false,false,2875
461,161,1,42,42,86,1260,258,1002,0.20476190476190476,36,125,false,false,false,false,false,2903
462,161,1,42,42,85,1260,255,1005,0.20238095238095238,46,115,false,false,false,false,false,2845
463,161,1,42,42,82,1260,246,1014,0.19523809523809524,35,126,false,false,false,false,false,2841
464,161,1,42,42,93,1260,279,981,0.22142857142857142,40,121,false,false,false,false,false,2886
465,161,1,42,42,84,1260,252,1008,0.2,38,123,false,false,false,false,false,2842
466,161,1,42,42,83,1260,249,1011,0.1976190476190476,41,120,false,false,false,false,false,2863
467,161,1,42,42,76,1260,228,1032,0.18095238095238095,42,119,false,false,false,false,false,2823
468,161,1,42,42,88,1260,264,996,0.20952380952380953,40,121,false,false,false,false,false,2844
469,161,1,42,42,85,1260,255,1005,0.20238095238095238,35,126,false,false,false,false,false,2871
470,161,1,42,42,76,1260,228,1032,0.18095238095238095,33,128,false,false,false,false,false,2830
471,161,1,42,42,83,1260,249,1011,0.1976190476190476,46,115,false,false,false,false,false,2817
472,161,1,42,42,82,1260,246,1014,0.19523809523809524,38,123,false,false,false,false,false,2862
473,161,1,42,42,82,1260,246,1014,0.19523809523809524,40,121,false,false,false,false,false,2819
474,161,1,42,42,93,1260,279,981,0.22142857142857142,40,121,false,false,false,false,false,2822
475,161,1,42,42,79,1260,237,1023,0.1880952380952381,36,125,false,false,false,false,false,2863
476,161,1,42,42,96,1260,288,972,0.22857142857142856,37,124,false,false,false,false,false,2825
477,161,1,42,42,74,1260,222,1038,0.1761904761904762,40,121,false,false,false,false,false,2838
478,161,1,42,42,77,1260,231,1029,0.18333333333333332,47,114,false,false,false,false,false,2873
479,161,1,42,42,88,1260,264,996,0.20952380952380953,34,127,false,false,false,false,false,2837
480,161,1,42,42,91,1260,273,987,0.21666666666666667,39,122,false,false,false,false,false,2849
481,161,1,42,42,88,1260,264,996,0.20952380952380953,45,116,false,false,false,false,false,2852
482,161,1,42,42,83,1260,249,1011,0.1976190476190476,41,120,false,false,false,false,false,2853
483,161,1,42,42,80,1260,240,1020,0.19047619047619047,45,116,false,false,false,false,false,2857
484,161,1,42,42,90,1260,270,990,0.21428571428571427,44,117,false,false,false,false,false,2892
485,161,1,42,42,90,1260,270,990,0.21428571428571427,46,115,false,false,false,false,false,2880
486,161,1,42,42,82,1260,246,1014,0.19523809523809524,44,117,false,false,false,false,false,2843
487,161,1,42,42,96,1260,288,972,0.22857142857142856,36,125,false,false,false,false,false,2837
488,161,1,42,42,81,1260,243,1017,0.19285714285714287,41,120,false,false,false,false,false,2851
489,161,1,42,42,93,1260,279,981,0.22142857142857142,37,124,false,false,false,false,false,2799
490,161,1,42,42,86,1260,258,1002,0.20476190476190476,45,116,false,false,false,false,false,2891
491,161,1,42,42,91,1260,273,987,0.21666666666666667,48,113,false,false,false,false,false,2822
492,161,1,42,42,79,1260,237,1023,0.1880952380952381,45,116,false,false,false,false,false,2780
493,161,1,42,42,86,1260,258,1002,0.20476190476190476,37,124,false,false,false,false,false,2879
494,161,1,42,42,91,1260,273,987,0.21666666666666667,46,115,false,false,false,false,false,2838
495,161,1,42,42,96,1260,288,972,0.22857142857142856,43,118,false,false,false,false,false,2826
496,161,1,42,42,87,1260,261,999,0.20714285714285716,36,125,false,false,false,false,false,2848
497,161,1,42,42,86,1260,258,1002,0.20476190476190476,42,119,false,false,false,false,false,2829
498,161,1,42,42,87,1260,261,999,0.20714285714285716,49,112,false,false,false,false,false,2814
499,161,1,42,42,96,1260,288,972,0.22857142857142856,54,107,false,false,false,false,false,2802
500,161,1,42,42,89,1260,267,993,0.2119047619047619,45,116,false,false,false,false,false,2845
501,161,1,42,42,88,1260,264,996,0.20952380952380953,47,114,false,false,false,false,false,2803
502,161,1,42,42,81,1260,243,1017,0.19285714285714287,42,119,false,false,false,false,false,2865
503,161,1,42,42,84,1260,252,1008,0.2,42,119,false,false,false,false,false,2889
504,161,1,42,42,93,1260,279,981,0.22142857142857142,39,122,false,false,false,false,false,2837
505,161,1,42,42,100,1260,300,960,0.23809523809523808,42,119,false,false,false,false,false,2803
506,161,1,42,42,99,1260,297,963,0.2357142857142857,38,123,false,false,false,false,false,2879
507,161,1,42,42,78,1260,234,1026,0.18571428571428572,44,117,false,false,false,false,false,2842
508,161,1,42,42,85,1260,255,1005,0.20238095238095238,48,113,false,false,false,false,false,2872
509,161,1,42,42,92,1260,276,984,0.21904761904761905,38,123,false,false,false,false,false,2801
510,161,1,42,42,85,1260,255,1005,0.20238095238095238,47,114,false,false,false,false,false,2804
511,161,1,42,42,89,1260,267,993,0.2119047619047619,43,118,false,false,false,false,false,2845
512,161,1,42,42,93,1260,279,981,0.22142857142857142,39,122,false,false,false,false,false,2877
513,161,1,42,42,92,1260,276,984,0.21904761904761905,51,110,false,false,false,false,false,2867
514,161,1,42,42,85,1260,255,1005,0.20238095238095238,41,120,false,false,false,false,false,2815
515,161,1,42,42,78,1260,234,1026,0.18571428571428572,36,125,false,false,false,false,false,2894
516,161,1,42,42,84,1260,252,1008,0.2,43,118,false,false,false,false,false,2828
517,161,1,42,42,77,1260,231,1029,0.18333333333333332,41,120,false,false,false,false,false,2805
518,161,1,42,42,81,1260,243,1017,0.19285714285714287,44,117,false,false,false,false,false,2895
519,161,1,42,42,86,1260,258,1002,0.20476190476190476,50,111,false,false,false,false,false,2894
520,161,1,42,42,81,1260,243,1017,0.19285714285714287,49,112,false,false,false,false,false,2855
521,161,1,42,42,90,1260,270,990,0.21428571428571427,39,122,false,false,false,false,false,2836
522,161,1,42,42,94,1260,282,978,0.22380952380952382,42,119,false,false,false,false,false,2849
523,161,1,42,42,82,1260,246,1014,0.19523809523809524,42,119,false,false,false,false,false,2823
524,161,1,42,42,91,1260,273,987,0.21666666666666667,44,117,false,false,false,false,false,2883
525,161,1,42,42,77,1260,231,1029,0.18333333333333332,45,116,false,false,false,false,false,2883
526,161,1,42,42,82,1260,246,1014,0.19523809523809524,33,128,false,false,false,false,false,2919
527,161,1,42,42,85,1260,255,1005,0.20238095238095238,42,119,false,false,false,false,false,2779
528,161,1,42,42,78,1260,234,1026,0.18571428571428572,40,121,false,false,false,false,false,2874
529,161,1,42,42,80,1260,240,1020,0.19047619047619047,39,122,false,false,false,false,false,2841
530,161,1,42,42,97,1260,291,969,0.23095238095238096,39,122,false,false,false,false,false,2855
531,161,1,42,42,98,1260,294,966,0.23333333333333334,42,119,false,false,false,false,false,2871
532,161,1,42,42,84,1260,252,1008,0.2,41,120,false,false,false,false,false,2801
533,161,1,42,42,98,1260,294,966,0.23333333333333334,45,116,false,false,false,false,false,2857
534,161,1,42,42,86,1260,258,1002,0.20476190476190476,42,119,false,false,false,false,false,2855
535,161,1,42,42,82,1260,246,1014,0.19523809523809524,42,119,false,false,false,false,false,2858
536,161,1,42,42,93,1260,279,981,0.22142857142857142,44,117,false,false,false,false,false,2806
537,161,1,42,42,97,1260,291,969,0.23095238095238096,38,123,false,false,false,false,false,2861
538,161,1,42,42,92,1260,276,984,0.21904761904761905,43,118,false,false,false,false,false,2847
539,161,1,42,42,83,1260,249,1011,0.1976190476190476,41,120,false,false,false,false,false,2842
540,161,1,42,42,84,1260,252,1008,0.2,41,120,false,false,false,false,false,2919
541,161,1,42,42,93,1260,279,981,0.22142857142857142,44,117,false,false,false,false,false,2851
542,161,1,42,42,89,1260,267,993,0.2119047619047619,41,120,false,false,false,false,false,2876
543,161,1,42,42,89,1260,267,993,0.2119047619047619,45,116,false,false,false,false,false,2869
544,161,1,42,42,88,1260,264,996,0.20952380952380953,46,115,false,false,false,false,false,2833
545,161,1,42,42,82,1260,246,1014,0.19523809523809524,47,114,false,false,false,false,false,2902
546,161,1,42,42,83,1260,249,1011,0.1976190476190476,46,115,false,false,false,false,false,2889
547,161,1,42,42,74,1260,222,1038,0.1761904761904762,40,121,false,false,false,false,false,2820
548,161,1,42,42,96,1260,288,972,0.22857142857142856,40,121,false,false,false,false,false,2831
549,161,1,42,42,92,1260,276,984,0.21904761904761905,45,116,false,false,false,false,false,2910
550,161,1,42,42,89,1260,267,993,0.2119047619047619,46,115,false,false,false,false,false,2764
551,161,1,42,42,86,1260,258,1002,0.20476190476190476,38,123,false,false,false,false,false,2869
552,161,1,42,42,96,1260,288,972,0.22857142857142856,42,119,false,false,false,false,false,2836
553,161,1,42,42,83,1260,249,1011,0.1976190476190476,44,117,false,false,false,false,false,2882
554,161,1,42,42,81,1260,243,1017,0.19285714285714287,42,119,false,false,false,false,false,2859
555,161,1,42,42,76,1260,228,1032,0.18095238095238095,42,119,false,false,false,false,false,2854
556,161,1,42,42,85,1260,255,1005,0.20238095238095238,36,125,false,false,false,false,false,2807
557,161,1,42,42,86,1260,258,1002,0.20476190476190476,44,117,false,false,false,false,false,2826
558,161,1,42,42,95,1260,285,975,0.2261904761904762,47,114,false,false,false,false,false,2853
559,161,1,42,42,87,1260,261,999,0.20714285714285716,42,119,false,false,false,false,false,2832
560,161,1,42,42,83,1260,249,1011,0.1976190476190476,50,111,false,false,false,false,false,2850
561,161,1,42,42,87,1260,261,999,0.20714285714285716,46,115,false,false,false,false,false,2802
562,161,1,42,42,92,1260,276,984,0.21904761904761905,51,110,false,false,false,false,false,2871
563,161,1,42,42,90,1260,270,990,0.21428571428571427,46,115,false,false,false,false,false,2849
564,161,1,42,42,95,1260,285,975,0.2261904761904762,39,122,false,false,false,false,false,2882
565,161,1,42,42,77,1260,231,1029,0.18333333333333332,37,124,false,false,false,false,false,2863
566,161,1,42,42,96,1260,288,972,0.22857142857142856,42,119,false,false,false,false,false,2853
567,161,1,42,42,102,1260,306,954,0.24285714285714285,39,122,false,false,false,false,false,2884
568,161,1,42,42,87,1260,261,999,0.20714285714285716,42,119,false,false,false,false,false,2868
569,161,1,42,42,86,1260,258,1002,0.20476190476190476,43,118,false,false,false,false,false,2834
570,161,1,42,42,88,1260,264,996,0.20952380952380953,54,107,false,false,false,false,false,2837
571,161,1,42,42,95,1260,285,975,0.2261904761904762,43,118,false,false,false,false,false,2918
572,161,1,42,42,92,1260,276,984,0.21904761904761905,34,127,false,false,false,false,false,2891
573,161,1,42,42,82,1260,246,1014,0.19523809523809524,39,122,false,false,false,false,false,2877
574,161,1,42,42,83,1260,249,1011,0.1976190476190476,49,112,false,false,false,false,false,2864
575,161,1,42,42,98,1260,294,966,0.23333333333333334,44,117,false,false,false,false,false,2878
576,161,1,42,42,86,1260,258,1002,0.20476190476190476,52,109,false,false,false,false,false,2830
577,161,1,42,42,84,1260,252,1008,0.2,43,118,false,false,false,false,false,2875
578,161,1,42,42,82,1260,246,1014,0.19523809523809524,52,109,false,false,false,false,false,2806
579,161,1,42,42,73,1260,219,1041,0.1738095238095238,36,125,false,false,false,false,false,2882
580,161,1,42,42,86,1260,258,1002,0.20476190476190476,39,122,false,false,false,false,false,2858
581,161,1,42,42,83,1260,249,1011,0.1976190476190476,52,109,false,false,false,false,false,2875
582,161,1,42,42,76,1260,228,1032,0.18095238095238095,40,121,false,false,false,false,false,2877
583,161,1,42,42,95,1260,285,975,0.2261904761904762,39,122,false,false,false,false,false,2814
584,161,1,42,42,90,1260,270,990,0.21428571428571427,48,113,false,false,false,false,false,2837
585,161,1,42,42,78,1260,234,1026,0.18571428571428572,37,124,false,false,false,false,false,2854
586,161,1,42,42,83,1260,249,1011,0.1976190476190476,42,119,false,false,false,false,false,2854
587,161,1,42,42,96,1260,288,972,0.22857142857142856,44,117,false,false,false,false,false,2852
588,161,1,42,42,88,1260,264,996,0.20952380952380953,42,119,false,false,false,false,false,2850
589,161,1,42,42,76,1260,228,1032,0.18095238095238095,34,127,false,false,false,false,false,2818
590,161,1,42,42,99,1260,297,963,0.2357142857142857,52,109,false,false,false,false,false,2853
591,161,1,42,42,83,1260,249,1011,0.1976190476190476,36,125,false,false,false,false,false,2890
592,161,1,42,42,89,1260,267,993,0.2119047619047619,49,112,false,false,false,false,false,2772
593,161,1,42,42,86,1260,258,1002,0.20476190476190476,43,118,false,false,false,false,false,2852
594,161,1,42,42,87,1260,261,999,0.20714285714285716,39,122,false,false,false,false,false,2887
595,161,1,42,42,86,1260,258,1002,0.20476190476190476,38,123,false,false,false,false,false,2823
596,161,1,42,42,93,1260,279,981,0.22142857142857142,44,117,false,false,false,false,false,2809
597,161,1,42,42,81,1260,243,1017,0.19285714285714287,52,109,false,false,false,false,false,2817
598,161,1,42,42,87,1260,261,999,0.20714285714285716,40,121,false,false,false,false,false,2870
599,161,1,42,42,82,1260,246,1014,0.19523809523809524,41,120,false,false,false,false,false,2890
600,161,1,42,42,94,1260,282,978,0.22380952380952382,39,122,false,false,false,false,false,2770
601,161,1,42,42,89,1260,267,993,0.2119047619047619,37,124,false,false,false,false,false,2785
602,161,1,42,42,93,1260,279,981,0.22142857142857142,43,118,false,false,false,false,false,2876
603,161,1,42,42,85,1260,255,1005,0.20238095238095238,42,119,false,false,false,false,false,2820
604,161,1,42,42,78,1260,234,1026,0.18571428571428572,45,116,false,false,false,false,false,2813
605,161,1,42,42,76,1260,228,1032,0.18095238095238095,36,125,false,false,false,false,false,2871
606,161,1,42,42,66,1260,198,1062,0.15714285714285714,47,114,false,false,false,false,false,2852
607,161,1,42,42,82,1260,246,1014,0.19523809523809524,48,113,false,false,false,false,false,2824
608,161,1,42,42,92,1260,276,984,0.21904761904761905,34,127,false,false,false,false,false,2914
609,161,1,42,42,97,1260,291,969,0.23095238095238096,40,121,false,false,false,false,false,2833
610,161,1,42,42,89,1260,267,993,0.2119047619047619,45,116,false,false,false,false,false,2875
611,161,1,42,42,85,1260,255,1005,0.20238095238095238,35,126,false,false,false,false,false,2835
612,161,1,42,42,89,1260,267,993,0.2119047619047619,42,119,false,false,false,false,false,2816
613,161,1,42,42,72,1260,216,1044,0.17142857142857143,37,124,false,false,false,false,false,2853
614,161,1,42,42,87,1260,261,999,0.20714285714285716,41,120,false,false,false,false,false,2894
615,161,1,42,42,94,1260,282,978,0.22380952380952382,43,118,false,false,false,false,false,2811
616,161,1,42,42,91,1260,273,987,0.21666666666666667,41,120,false,false,false,false,false,2797
617,161,1,42,42,76,1260,228,1032,0.18095238095238095,47,114,false,false,false,false,false,2892
618,161,1,42,42,94,1260,282,978,0.22380952380952382,44,117,false,false,false,false,false,2893
619,161,1,42,42,93,1260,279,981,0.22142857142857142,48,113,false,false,false,false,false,2872
620,161,1,42,42,88,1260,264,996,0.20952380952380953,42,119,false,false,false,false,false,2829
621,161,1,42,42,74,1260,222,1038,0.1761904761904762,35,126,false,false,false,false,false,2855
622,161,1,42,42,94,1260,282,978,0.22380952380952382,42,119,false,false,false,false,false,2874
623,161,1,42,42,86,1260,258,1002,0.20476190476190476,34,127,false,false,false,false,false,2854
624,161,1,42,42,81,1260,243,1017,0.19285714285714287,40,121,false,false,false,false,false,2870
625,161,1,42,42,89,1260,267,993,0.2119047619047619,39,122,false,false,false,false,false,2849
626,161,1,42,42,87,1260,261,999,0.20714285714285716,41,120,false,false,false,false,false,2801
627,161,1,42,42,79,1260,237,1023,0.1880952380952381,33,128,false,false,false,false,false,2890
628,161,1,42,42,90,1260,270,990,0.21428571428571427,42,119,false,false,false,false,false,2851
629,161,1,42,42,93,1260,279,981,0.22142857142857142,42,119,false,false,false,false,false,2839
630,161,1,42,42,86,1260,258,1002,0.20476190476190476,34,127,false,false,false,false,false,2814
631,161,1,42,42,94,1260,282,978,0.22380952380952382,33,128,false,false,false,false,false,2817
632,161,1,42,42,86,1260,258,1002,0.20476190476190476,47,114,false,false,false,false,false,2881
633,161,1,42,42,76,1260,228,1032,0.18095238095238095,35,126,false,false,false,false,false,2834
634,161,1,42,42,79,1260,237,1023,0.1880952380952381,41,120,false,false,false,false,false,2865
635,161,1,42,42,85,1260,255,1005,0.20238095238095238,44,117,false,false,false,false,false,2838
636,161,1,42,42,88,1260,264,996,0.20952380952380953,46,115,false,false,false,false,false,2869
637,161,1,42,42,85,1260,255,1005,0.20238095238095238,41,120,false,false,false,false,false,2809
638,161,1,42,42,89,1260,267,993,0.2119047619047619,51,110,false,false,false,false,false,2841
639,161,1,42,42,89,1260,267,993,0.2119047619047619,46,115,false,false,false,false,false,2816
640,161,1,42,42,94,1260,282,978,0.22380952380952382,51,110,false,false,false,false,false,2893
641,161,1,42,42,87,1260,261,999,0.20714285714285716,40,121,false,false,false,false,false,2848
642,161,1,42,42,82,1260,246,1014,0.19523809523809524,48,113,false,false,false,false,false,2852
643,161,1,42,42,90,1260,270,990,0.21428571428571427,42,119,false,false,false,false,false,2890
644,161,1,42,42,81,1260,243,1017,0.19285714285714287,38,123,false,false,false,false,false,2837
645,161,1,42,42,87,1260,261,999,0.20714285714285716,43,118,false,false,false,false,false,2844
646,161,1,42,42,93,1260,279,981,0.22142857142857142,45,116,false,false,false,false,false,2913
647,161,1,42,42,85,1260,255,1005,0.20238095238095238,43,118,false,false,false,false,false,2885
648,161,1,42,42,88,1260,264,996,0.20952380952380953,36,125,false,false,false,false,false,2839
649,161,1,42,42,96,1260,288,972,0.22857142857142856,48,113,false,false,false,false,false,2816
650,161,1,42,42,90,1260,270,990,0.21428571428571427,43,118,false,false,false,false,false,2886
651,161,1,42,42,93,1260,279,981,0.22142857142857142,43,118,false,false,false,false,false,2863
652,161,1,42,42,77,1260,231,1029,0.18333333333333332,42,119,false,false,false,false,false,2881
653,161,1,42,42,85,1260,255,1005,0.20238095238095238,40,121,false,false,false,false,false,2859
654,161,1,42,42,79,1260,237,1023,0.1880952380952381,42,119,false,false,false,false,false,2783
655,161,1,42,42,83,1260,249,1011,0.1976190476190476,39,122,false,false,false,false,false,2859
656,161,1,42,42,91,1260,273,987,0.21666666666666667,48,113,false,false,false,false,false,2820
657,161,1,42,42,83,1260,249,1011,0.1976190476190476,39,122,false,false,false,false,false,2911
658,161,1,42,42,88,1260,264,996,0.20952380952380953,42,119,false,false,false,false,false,2801
659,161,1,42,42,82,1260,246,1014,0.19523809523809524,47,114,false,false,false,false,false,2878
660,161,1,42,42,87,1260,261,999,0.20714285714285716,39,122,false,false,false,false,false,2915
661,161,1,42,42,93,1260,279,981,0.22142857142857142,39,122,false,false,false,false,false,2842
662,161,1,42,42,85,1260,255,1005,0.20238095238095238,39,122,false,false,false,false,false,2875
663,161,1,42,42,90,1260,270,990,0.21428571428571427,48,113,false,false,false,false,false,2868
664,161,1,42,42,85,1260,255,1005,0.20238095238095238,40,121,false,false,false,false,false,2820
665,161,1,42,42,87,1260,261,999,0.20714285714285716,42,119,false,false,false,false,false,2891
666,161,1,42,42,82,1260,246,1014,0.19523809523809524,37,124,false,false,false,false,false,2889
667,161,1,42,42,84,1260,252,1008,0.2,43,118,false,false,false,false,false,2828
668,161,1,42,42,90,1260,270,990,0.21428571428571427,42,119,false,false,false,false,false,2890
669,161,1,42,42,75,1260,225,1035,0.17857142857142858,46,115,false,false,false,false,false,2849
670,161,1,42,42,68,1260,204,1056,0.1619047619047619,50,111,false,false,false,false,false,2854
671,161,1,42,42,88,1260,264,996,0.20952380952380953,45,116,false,false,false,false,false,2799
672,161,1,42,42,92,1260,276,984,0.21904761904761905,45,116,false,false,false,false,false,2824
673,161,1,42,42,77,1260,231,1029,0.18333333333333332,37,124,false,false,false,false,false,2813
674,161,1,42,42,84,1260,252,1008,0.2,43,118,false,false,false,false,false,2838
675,161,1,42,42,81,1260,243,1017,0.19285714285714287,43,118,false,false,false,false,false,2861
676,161,1,42,42,94,1260,282,978,0.22380952380952382,41,120,false,false,false,false,false,2890
677,161,1,42,42,87,1260,261,999,0.20714285714285716,41,120,false,false,false,false,false,2838
678,161,1,42,42,91,1260,273,987,0.21666666666666667,49,112,false,false,false,false,false,2831
679,161,1,42,42,87,1260,261,999,0.20714285714285716,42,119,false,false,false,false,false,2903
680,161,1,42,42,86,1260,258,1002,0.20476190476190476,46,115,false,false,false,false,false,2873
681,161,1,42,42,85,1260,255,1005,0.20238095238095238,42,119,false,false,false,false,false,2833
682,161,1,42,42,82,1260,246,1014,0.19523809523809524,38,123,false,false,false,false,false,2847
683,161,1,42,42,84,1260,252,1008,0.2,42,119,false,false,false,false,false,2806
684,161,1,42,42,83,1260,249,1011,0.1976190476190476,47,114,false,false,false,false,false,2857
685,161,1,42,42,81,1260,243,1017,0.19285714285714287,41,120,false,false,false,false,false,2828
686,161,1,42,42,89,1260,267,993,0.2119047619047619,43,118,false,false,false,false,false,2823
687,161,1,42,42,90,1260,270,990,0.21428571428571427,44,117,false,false,false,false,false,2810
688,161,1,42,42,81,1260,243,1017,0.19285714285714287,48,113,false,false,false,false,false,2821
689,161,1,42,42,90,1260,270,990,0.21428571428571427,36,125,false,false,false,false,false,2793
690,161,1,42,42,77,1260,231,1029,0.18333333333333332,42,119,false,false,false,false,false,2900
691,161,1,42,42,95,1260,285,975,0.2261904761904762,43,118,false,false,false,false,false,2788
692,161,1,42,42,76,1260,228,1032,0.18095238095238095,36,125,false,false,false,false,false,2872
693,161,1,42,42,77,1260,231,1029,0.18333333333333332,46,115,false,false,false,false,false,2862
694,161,1,42,42,72,1260,216,1044,0.17142857142857143,41,120,false,false,false,false,false,2803
695,161,1,42,42,90,1260,270,990,0.21428571428571427,40,121,false,false,false,false,false,2933
696,161,1,42,42,85,1260,255,1005,0.20238095238095238,44,117,false,false,false,false,false,2799
697,161,1,42,42,89,1260,267,993,0.2119047619047619,48,113,false,false,false,false,false,2900
698,161,1,42,42,89,1260,267,993,0.2119047619047619,43,118,false,false,false,false,false,2889
699,161,1,42,42,94,1260,282,978,0.22380952380952382,43,118,false,false,false,false,false,2826
700,161,1,42,42,90,1260,270,990,0.21428571428571427,47,114,false,false,false,false,false,2871
701,161,1,42,42,86,1260,258,1002,0.20476190476190476,42,119,false,false,false,false,false,2836
702,161,1,42,42,87,1260,261,999,0.20714285714285716,38,123,false,false,false,false,false,2862
703,161,1,42,42,87,1260,261,999,0.20714285714285716,39,122,false,false,false,false,false,2812
704,161,1,42,42,78,1260,234,1026,0.18571428571428572,45,116,false,false,false,false,false,2873
705,161,1,42,42,102,1260,306,954,0.24285714285714285,46,115,false,false,false,false,false,2814
706,161,1,42,42,86,1260,258,1002,0.20476190476190476,38,123,false,false,false,false,false,2840
707,161,1,42,42,71,1260,213,1047,0.16904761904761906,36,125,false,false,false,false,false,2867
708,161,1,42,42,84,1260,252,1008,0.2,40,121,false,false,false,false,false,2862
709,161,1,42,42,81,1260,243,1017,0.19285714285714287,36,125,false,false,false,false,false,2878
710,161,1,42,42,83,1260,249,1011,0.1976190476190476,41,120,false,false,false,false,false,2888
711,161,1,42,42,89,1260,267,993,0.2119047619047619,39,122,false,false,false,false,false,2826
712,161,1,42,42,77,1260,231,1029,0.18333333333333332,47,114,false,false,false,false,false,2850
713,161,1,42,42,82,1260,246,1014,0.19523809523809524,38,123,false,false,false,false,false,2849
714,161,1,42,42,85,1260,255,1005,0.20238095238095238,45,116,false,false,false,false,false,2863
715,161,1,42,42,94,1260,282,978,0.22380952380952382,37,124,false,false,false,false,false,2844
716,161,1,42,42,85,1260,255,1005,0.20238095238095238,51,110,false,false,false,false,false,2890
717,161,1,42,42,73,1260,219,1041,0.1738095238095238,45,116,false,false,false,false,false,2851
718,161,1,42,42,83,1260,249,1011,0.1976190476190476,41,120,false,false,false,false,false,2787
719,161,1,42,42,92,1260,276,984,0.21904761904761905,42,119,false,false,false,false,false,2860
720,161,1,42,42,77,1260,231,1029,0.18333333333333332,36,125,false,false,false,false,false,2880
721,161,1,42,42,78,1260,234,1026,0.18571428571428572,50,111,false,false,false,false,false,2837
722,161,1,42,42,87,1260,261,999,0.20714285714285716,48,113,false,false,false,false,false,2882
723,161,1,42,42,95,1260,285,975,0.2261904761904762,42,119,false,false,false,false,false,2831
724,161,1,42,42,85,1260,255,1005,0.20238095238095238,44,117,false,false,false,false,false,2840
725,161,1,42,42,78,1260,234,1026,0.18571428571428572,40,121,false,false,false,false,false,2818
726,161,1,42,42,81,1260,243,1017,0.19285714285714287,35,126,false,false,false,false,false,2839
727,161,1,42,42,79,1260,237,1023,0.1880952380952381,37,124,false,false,false,false,false,2790
728,161,1,42,42,86,1260,258,1002,0.20476190476190476,36,125,false,false,false,false,false,2889
729,161,1,42,42,86,1260,258,1002,0.20476190476190476,31,130,false,false,false,false,false,2776
730,161,1,42,42,81,1260,243,1017,0.19285714285714287,38,123,false,false,false,false,false,2820
731,161,1,42,42,84,1260,252,1008,0.2,42,119,false,false,false,false,false,2905
732,161,1,42,42,94,1260,282,978,0.22380952380952382,49,112,false,false,false,false,false,2803
733,161,1,42,42,93,1260,279,981,0.22142857142857142,45,116,false,false,false,false,false,2886
734,161,1,42,42,84,1260,252,1008,0.2,48,113,false,false,false,false,false,2865
735,161,1,42,42,94,1260,282,978,0.22380952380952382,41,120,false,false,false,false,false,2825
736,161,1,42,42,88,1260,264,996,0.20952380952380953,41,120,false,false,false,false,false,2846
737,161,1,42,42,81,1260,243,1017,0.19285714285714287,47,114,false,false,false,false,false,2874
738,161,1,42,42,76,1260,228,1032,0.18095238095238095,42,119,false,false,false,false,false,2824
739,161,1,42,42,89,1260,267,993,0.2119047619047619,41,120,false,false,false,false,false,2805
740,161,1,42,42,92,1260,276,984,0.21904761904761905,40,121,false,false,false,false,false,2826
741,161,1,42,42,80,1260,240,1020,0.19047619047619047,51,110,false,false,false,false,false,2853
742,161,1,42,42,72,1260,216,1044,0.17142857142857143,37,124,false,false,false,false,false,2838
743,161,1,42,42,83,1260,249,1011,0.1976190476190476,46,115,false,false,false,false,false,2850
744,161,1,42,42,93,1260,279,981,0.22142857142857142,53,108,false,false,false,false,false,2894
745,161,1,42,42,95,1260,285,975,0.2261904761904762,45,116,false,false,false,false,false,2869
746,161,1,42,42,86,1260,258,1002,0.20476190476190476,43,118,false,false,false,false,false,2901
747,161,1,42,42,81,1260,243,1017,0.19285714285714287,58,103,false,false,false,false,false,2816
748,161,1,42,42,87,1260,261,999,0.20714285714285716,45,116,false,false,false,false,false,2872
749,161,1,42,42,94,1260,282,978,0.22380952380952382,43,118,false,false,false,false,false,2774
750,161,1,42,42,97,1260,291,969,0.23095238095238096,43,118,false,false,false,false,false,2904
751,161,1,42,42,91,1260,273,987,0.21666666666666667,40,121,false,false,false,false,false,2878
752,161,1,42,42,83,1260,249,1011,0.1976190476190476,48,113,false,false,false,false,false,2812
753,161,1,42,42,85,1260,255,1005,0.20238095238095238,42,119,false,false,false,false,false,2874
754,161,1,42,42,87,1260,261,999,0.20714285714285716,40,121,false,false,false,false,false,2879
755,161,1,42,42,88,1260,264,996,0.20952380952380953,49,112,false,false,false,false,false,2811
756,161,1,42,42,83,1260,249,1011,0.1976190476190476,36,125,false,false,false,false,false,2861
757,161,1,42,42,106,1260,318,942,0.2523809523809524,51,110,false,false,false,false,false,2872
758,161,1,42,42,83,1260,249,1011,0.1976190476190476,43,118,false,false,false,false,false,2771
759,161,1,42,42,78,1260,234,1026,0.18571428571428572,36,125,false,false,false,false,false,2833
760,161,1,42,42,79,1260,237,1023,0.1880952380952381,40,121,false,false,false,false,false,2886
761,161,1,42,42,93,1260,279,981,0.22142857142857142,48,113,false,false,false,false,false,2821
762,161,1,42,42,92,1260,276,984,0.21904761904761905,49,112,false,false,false,false,false,2837
763,161,1,42,42,89,1260,267,993,0.2119047619047619,42,119,false,false,false,false,false,2855
764,161,1,42,42,90,1260,270,990,0.21428571428571427,39,122,false,false,false,false,false,2860
765,161,1,42,42,83,1260,249,1011,0.1976190476190476,47,114,false,false,false,false,false,2854
766,161,1,42,42,76,1260,228,1032,0.18095238095238095,51,110,false,false,false,false,false,2816
767,161,1,42,42,102,1260,306,954,0.24285714285714285,35,126,false,false,false,false,false,2845
768,161,1,42,42,85,1260,255,1005,0.20238095238095238,49,112,false,false,false,false,false,2858
769,161,1,42,42,88,1260,264,996,0.20952380952380953,50,111,false,false,false,false,false,2811
770,161,1,42,42,83,1260,249,1011,0.1976190476190476,47,114,false,false,false,false,false,2787
771,161,1,42,42,78,1260,234,1026,0.18571428571428572,42,119,false,false,false,false,false,2790
772,161,1,42,42,81,1260,243,1017,0.19285714285714287,39,122,false,false,false,false,false,2855
773,161,1,42,42,87,1260,261,999,0.20714285714285716,49,112,false,false,false,false,false,2843
774,161,1,42,42,96,1260,288,972,0.22857142857142856,42,119,false,false,false,false,false,2799
775,161,1,42,42,83,1260,249,1011,0.1976190476190476,32,129,false,false,false,false,false,2871
776,161,1,42,42,91,1260,273,987,0.21666666666666667,40,121,false,false,false,false,false,2831
777,161,1,42,42,72,1260,216,1044,0.17142857142857143,38,123,false,false,false,false,false,2806
778,161,1,42,42,88,1260,264,996,0.20952380952380953,44,117,false,false,false,false,false,2800
779,161,1,42,42,88,1260,264,996,0.20952380952380953,34,127,false,false,false,false,false,2878
780,161,1,42,42,84,1260,252,1008,0.2,49,112,false,false,false,false,false,2809
781,161,1,42,42,92,1260,276,984,0.21904761904761905,53,108,false,false,false,false,false,2891
782,161,1,42,42,76,1260,228,1032,0.18095238095238095,45,116,false,false,false,false,false,2838
783,161,1,42,42,87,1260,261,999,0.20714285714285716,41,120,false,false,false,false,false,2860
784,161,1,42,42,91,1260,273,987,0.21666666666666667,40,121,false,false,false,false,false,2892
785,161,1,42,42,89,1260,267,993,0.2119047619047619,42,119,false,false,false,false,false,2814
786,161,1,42,42,91,1260,273,987,0.21666666666666667,47,114,false,false,false,false,false,2865
787,161,1,42,42,96,1260,288,972,0.22857142857142856,45,116,false,false,false,false,false,2863
788,161,1,42,42,82,1260,246,1014,0.19523809523809524,45,116,false,false,false,false,false,2848
789,161,1,42,42,83,1260,249,1011,0.1976190476190476,44,117,false,false,false,false,false,2827
790,161,1,42,42,81,1260,243,1017,0.19285714285714287,39,122,false,false,false,false,false,2847
791,161,1,42,42,89,1260,267,993,0.2119047619047619,33,128,false,false,false,false,false,2862
792,161,1,42,42,96,1260,288,972,0.22857142857142856,45,116,false,false,false,false,false,2859
793,161,1,42,42,84,1260,252,1008,0.2,39,122,false,false,false,false,false,2857
794,161,1,42,42,75,1260,225,1035,0.17857142857142858,47,114,false,false,false,false,false,2872
795,161,1,42,42,87,1260,261,999,0.20714285714285716,47,114,false,false,false,false,false,2846
796,161,1,42,42,79,1260,237,1023,0.1880952380952381,47,114,false,false,false,false,false,2787
797,161,1,42,42,95,1260,285,975,0.2261904761904762,37,124,false,false,false,false,false,2840
798,161,1,42,42,82,1260,246,1014,0.19523809523809524,39,122,false,false,false,false,false,2884
799,161,1,42,42,90,1260,270,990,0.21428571428571427,46,115,false,false,false,false,false,2858
800,161,1,42,42,89,1260,267,993,0.2119047619047619,51,110,false,false,false,false,false,2848
801,161,1,42,42,94,1260,282,978,0.22380952380952382,41,120,false,false,false,false,false,2805
802,161,1,42,42,88,1260,264,996,0.20952380952380953,41,120,false,false,false,false,false,2884
803,161,1,42,42,85,1260,255,1005,0.20238095238095238,48,113,false,false,false,false,false,2878
804,161,1,42,42,81,1260,243,1017,0.19285714285714287,37,124,false,false,false,false,false,2816
805,161,1,42,42,89,1260,267,993,0.2119047619047619,44,117,false,false,false,false,false,2853
806,161,1,42,42,75,1260,225,1035,0.17857142857142858,43,118,false,false,false,false,false,2794
807,161,1,42,42,81,1260,243,1017,0.19285714285714287,37,124,false,false,false,false,false,2830
808,161,1,42,42,88,1260,264,996,0.20952380952380953,41,120,false,false,false,false,false,2868
809,161,1,42,42,76,1260,228,1032,0.18095238095238095,36,125,false,false,false,false,false,2845
810,161,1,42,42,87,1260,261,999,0.20714285714285716,37,124,false,false,false,false,false,2838
811,161,1,42,42,90,1260,270,990,0.21428571428571427,45,116,false,false,false,false,false,2873
812,161,1,42,42,79,1260,237,1023,0.1880952380952381,37,124,false,false,false,false,false,2822
813,161,1,42,42,80,1260,240,1020,0.19047619047619047,43,118,false,false,false,false,false,2853
814,161,1,42,42,93,1260,279,981,0.22142857142857142,42,119,false,false,false,false,false,2841
815,161,1,42,42,72,1260,216,1044,0.17142857142857143,37,124,false,false,false,false,false,2859
816,161,1,42,42,83,1260,249,1011,0.1976190476190476,46,115,false,false,false,false,false,2820
817,161,1,42,42,85,1260,255,1005,0.20238095238095238,43,118,false,false,false,false,false,2820
818,161,1,42,42,87,1260,261,999,0.20714285714285716,48,113,false,false,false,false,false,2798
819,161,1,42,42,93,1260,279,981,0.22142857142857142,44,117,false,false,false,false,false,2882
820,161,1,42,42,90,1260,270,990,0.21428571428571427,48,113,false,false,false,false,false,2810
821,161,1,42,42,83,1260,249,1011,0.1976190476190476,41,120,false,false,false,false,false,2880
822,161,1,42,42,78,1260,234,1026,0.18571428571428572,42,119,false,false,false,false,false,2716
823,161,1,42,42,81,1260,243,1017,0.19285714285714287,36,125,false,false,false,false,false,2821
824,161,1,42,42,102,1260,306,954,0.24285714285714285,34,127,false,false,false,false,false,2833
825,161,1,42,42,81,1260,243,1017,0.19285714285714287,45,116,false,false,false,false,false,2788
826,161,1,42,42,89,1260,267,993,0.2119047619047619,40,121,false,false,false,false,false,2896
827,161,1,42,42,88,1260,264,996,0.20952380952380953,39,122,false,false,false,false,false,2767
828,161,1,42,42,86,1260,258,1002,0.20476190476190476,40,121,false,false,false,false,false,2878
829,161,1,42,42,95,1260,285,975,0.2261904761904762,49,112,false,false,false,false,false,2883
830,161,1,42,42,81,1260,243,1017,0.19285714285714287,34,127,false,false,false,false,false,2813
831,161,1,42,42,85,1260,255,1005,0.20238095238095238,42,119,false,false,false,false,false,2755
832,161,1,42,42,88,1260,264,996,0.20952380952380953,47,114,false,false,false,false,false,2854
833,161,1,42,42,102,1260,306,954,0.24285714285714285,47,114,false,false,false,false,false,2832
834,161,1,42,42,95,1260,285,975,0.2261904761904762,56,105,false,false,false,false,false,2877
835,161,1,42,42,86,1260,258,1002,0.20476190476190476,46,115,false,false,false,false,false,2830
836,161,1,42,42,84,1260,252,1008,0.2,48,113,false,false,false,false,false,2895
837,161,1,42,42,77,1260,231,1029,0.18333333333333332,34,127,false,false,false,false,false,2814
838,161,1,42,42,85,1260,255,1005,0.20238095238095238,40,121,false,false,false,false,false,2843
839,161,1,42,42,87,1260,261,999,0.20714285714285716,44,117,false,false,false,false,false,2842
840,161,1,42,42,81,1260,243,1017,0.19285714285714287,42,119,false,false,false,false,false,2854
841,161,1,42,42,85,1260,255,1005,0.20238095238095238,40,121,false,false,false,false,false,2841
842,161,1,42,42,84,1260,252,1008,0.2,42,119,false,false,false,false,false,2821
843,161,1,42,42,76,1260,228,1032,0.18095238095238095,43,118,false,false,false,false,false,2779
844,161,1,42,42,87,1260,261,999,0.20714285714285716,43,118,false,false,false,false,false,2890
845,161,1,42,42,83,1260,249,1011,0.1976190476190476,41,120,false,false,false,false,false,2892
846,161,1,42,42,93,1260,279,981,0.22142857142857142,42,119,false,false,false,false,false,2817
847,161,1,42,42,91,1260,273,987,0.21666666666666667,40,121,false,false,false,false,false,2844
848,161,1,42,42,86,1260,258,1002,0.20476190476190476,44,117,false,false,false,false,false,2802
849,161,1,42,42,78,1260,234,1026,0.18571428571428572,36,125,false,false,false,false,false,2886
850,161,1,42,42,88,1260,264,996,0.20952380952380953,40,121,false,false,false,false,false,2814
851,161,1,42,42,81,1260,243,1017,0.19285714285714287,45,116,false,false,false,false,false,2845
852,161,1,42,42,83,1260,249,1011,0.1976190476190476,34,127,false,false,false,false,false,2891
853,161,1,42,42,79,1260,237,1023,0.1880952380952381,38,123,false,false,false,false,false,2817
854,161,1,42,42,84,1260,252,1008,0.2,48,113,false,false,false,false,false,2840
855,161,1,42,42,90,1260,270,990,0.21428571428571427,40,121,false,false,false,false,false,2882
856,161,1,42,42,83,1260,249,1011,0.1976190476190476,44,117,false,false,false,false,false,2859
857,161,1,42,42,92,1260,276,984,0.21904761904761905,45,116,false,false,false,false,false,2843
858,161,1,42,42,85,1260,255,1005,0.20238095238095238,40,121,false,false,false,false,false,2820
859,161,1,42,42,86,1260,258,1002,0.20476190476190476,40,121,false,false,false,false,false,2846
860,161,1,42,42,92,1260,276,984,0.21904761904761905,46,115,false,false,false,false,false,2812
861,161,1,42,42,95,1260,285,975,0.2261904761904762,37,124,false,false,false,false,false,2919
862,161,1,42,42,91,1260,273,987,0.21666666666666667,43,118,false,false,false,false,false,2878
863,161,1,42,42,84,1260,252,1008,0.2,41,120,false,false,false,false,false,2830
864,161,1,42,42,96,1260,288,972,0.22857142857142856,50,111,false,false,false,false,false,2853
865,161,1,42,42,87,1260,261,999,0.20714285714285716,43,118,false,false,false,false,false,2833
866,161,1,42,42,92,1260,276,984,0.21904761904761905,46,115,false,false,false,false,false,2818
867,161,1,42,42,89,1260,267,993,0.2119047619047619,49,112,false,false,false,false,false,2864
868,161,1,42,42,86,1260,258,1002,0.20476190476190476,38,123,false,false,false,false,false,2835
869,161,1,42,42,90,1260,270,990,0.21428571428571427,45,116,false,false,false,false,false,2823
870,161,1,42,42,94,1260,282,978,0.22380952380952382,43,118,false,false,false,false,false,2783
871,161,1,42,42,86,1260,258,1002,0.20476190476190476,48,113,false,false,false,false,false,2807
872,161,1,42,42,78,1260,234,1026,0.18571428571428572,40,121,false,false,false,false,false,2850
873,161,1,42,42,102,1260,306,954,0.24285714285714285,42,119,false,false,false,false,false,2871
874,161,1,42,42,107,1260,321,939,0.25476190476190474,42,119,false,false,false,false,false,2876
875,161,1,42,42,86,1260,258,1002,0.20476190476190476,46,115,false,false,false,false,false,2842
876,161,1,42,42,82,1260,246,1014,0.19523809523809524,44,117,false,false,false,false,false,2859
877,161,1,42,42,83,1260,249,1011,0.1976190476190476,40,121,false,false,false,false,false,2883
878,161,1,42,42,73,1260,219,1041,0.1738095238095238,41,120,false,false,false,false,false,2835
879,161,1,42,42,89,1260,267,993,0.2119047619047619,40,121,false,false,false,false,false,2847
880,161,1,42,42,86,1260,258,1002,0.20476190476190476,41,120,false,false,false,false,false,2850
881,161,1,42,42,88,1260,264,996,0.20952380952380953,41,120,false,false,false,false,false,2908
882,161,1,42,42,78,1260,234,1026,0.18571428571428572,36,125,false,false,false,false,false,2882
883,161,1,42,42,88,1260,264,996,0.20952380952380953,38,123,false,false,false,false,false,2853
884,161,1,42,42,89,1260,267,993,0.2119047619047619,45,116,false,false,false,false,false,2927
885,161,1,42,42,72,1260,216,1044,0.17142857142857143,56,105,false,false,false,false,false,2799
886,161,1,42,42,94,1260,282,978,0.22380952380952382,47,114,false,false,false,false,false,2772
887,161,1,42,42,99,1260,297,963,0.2357142857142857,41,120,false,false,false,false,false,2866
888,161,1,42,42,92,1260,276,984,0.21904761904761905,43,118,false,false,false,false,false,2860
889,161,1,42,42,88,1260,264,996,0.20952380952380953,40,121,false,false,false,false,false,2888
890,161,1,42,42,89,1260,267,993,0.2119047619047619,39,122,false,false,false,false,false,2824
891,161,1,42,42,85,1260,255,1005,0.20238095238095238,44,117,false,false,false,false,false,2827
892,161,1,42,42,84,1260,252,1008,0.2,50,111,false,false,false,false,false,2913
893,161,1,42,42,83,1260,249,1011,0.1976190476190476,40,121,false,false,false,false,false,2821
894,161,1,42,42,84,1260,252,1008,0.2,39,122,false,false,false,false,false,2833
895,161,1,42,42,77,1260,231,1029,0.18333333333333332,40,121,false,false,false,false,false,2862
896,161,1,42,42,89,1260,267,993,0.2119047619047619,34,127,false,false,false,false,false,2913
897,161,1,42,42,92,1260,276,984,0.21904761904761905,51,110,false,false,false,false,false,2830
898,161,1,42,42,75,1260,225,1035,0.17857142857142858,34,127,false,false,false,false,false,2834
899,161,1,42,42,92,1260,276,984,0.21904761904761905,52,109,false,false,false,false,false,2865
900,161,1,42,42,87,1260,261,999,0.20714285714285716,36,125,false,false,false,false,false,2819
901,161,1,42,42,83,1260,249,1011,0.1976190476190476,40,121,false,false,false,false,false,2860
902,161,1,42,42,91,1260,273,987,0.21666666666666667,39,122,false,false,false,false,false,2872
903,161,1,42,42,99,1260,297,963,0.2357142857142857,39,122,false,false,false,false,false,2877
904,161,1,42,42,94,1260,282,978,0.22380952380952382,43,118,false,false,false,false,false,2835
905,161,1,42,42,96,1260,288,972,0.22857142857142856,34,127,false,false,false,false,false,2873
906,161,1,42,42,93,1260,279,981,0.22142857142857142,42,119,false,false,false,false,false,2826
907,161,1,42,42,85,1260,255,1005,0.20238095238095238,41,120,false,false,false,false,false,2883
908,161,1,42,42,86,1260,258,1002,0.20476190476190476,45,116,false,false,false,false,false,2861
909,161,1,42,42,83,1260,249,1011,0.1976190476190476,38,123,false,false,false,false,false,2862
910,161,1,42,42,91,1260,273,987,0.21666666666666667,43,118,false,false,false,false,false,2847
911,161,1,42,42,89,1260,267,993,0.2119047619047619,38,123,false,false,false,false,false,2833
912,161,1,42,42,83,1260,249,1011,0.1976190476190476,48,113,false,false,false,false,false,2846
913,161,1,42,42,77,1260,231,1029,0.18333333333333332,41,120,false,false,false,false,false,2870
914,161,1,42,42,84,1260,252,1008,0.2,40,121,false,false,false,false,false,2810
915,161,1,42,42,90,1260,270,990,0.21428571428571427,46,115,false,false,false,false,false,2872
916,161,1,42,42,84,1260,252,1008,0.2,47,114,false,false,false,false,false,2859
917,161,1,42,42,93,1260,279,981,0.22142857142857142,44,117,false,false,false,false,false,2897
918,161,1,42,42,85,1260,255,1005,0.20238095238095238,45,116,false,false,false,false,false,2799
919,161,1,42,42,94,1260,282,978,0.22380952380952382,49,112,false,false,false,false,false,2868
920,161,1,42,42,71,1260,213,1047,0.16904761904761906,43,118,false,false,false,false,false,2842
921,161,1,42,42,79,1260,237,1023,0.1880952380952381,44,117,false,false,false,false,false,2799
922,161,1,42,42,87,1260,261,999,0.20714285714285716,46,115,false,false,false,false,false,2878
923,161,1,42,42,84,1260,252,1008,0.2,36,125,false,false,false,false,false,2866
924,161,1,42,42,89,1260,267,993,0.2119047619047619,43,118,false,false,false,false,false,2798
925,161,1,42,42,95,1260,285,975,0.2261904761904762,40,121,false,false,false,false,false,2820
926,161,1,42,42,93,1260,279,981,0.22142857142857142,44,117,false,false,false,false,false,2879
927,161,1,42,42,94,1260,282,978,0.22380952380952382,39,122,false,false,false,false,false,2929
928,161,1,42,42,81,1260,243,1017,0.19285714285714287,36,125,false,false,false,false,false,2785
929,161,1,42,42,77,1260,231,1029,0.18333333333333332,46,115,false,false,false,false,false,2834
930,161,1,42,42,89,1260,267,993,0.2119047619047619,47,114,false,false,false,false,false,2844
931,161,1,42,42,90,1260,270,990,0.21428571428571427,42,119,false,false,false,false,false,2848
932,161,1,42,42,95,1260,285,975,0.2261904761904762,49,112,false,false,false,false,false,2830
933,161,1,42,42,86,1260,258,1002,0.20476190476190476,48,113,false,false,false,false,false,2892
934,161,1,42,42,77,1260,231,1029,0.18333333333333332,42,119,false,false,false,false,false,2794
935,161,1,42,42,87,1260,261,999,0.20714285714285716,38,123,false,false,false,false,false,2799
936,161,1,42,42,85,1260,255,1005,0.20238095238095238,47,114,false,false,false,false,false,2871
937,161,1,42,42,87,1260,261,999,0.20714285714285716,36,125,false,false,false,false,false,2866
938,161,1,42,42,86,1260,258,1002,0.20476190476190476,33,128,false,false,false,false,false,2846
939,161,1,42,42,87,1260,261,999,0.20714285714285716,34,127,false,false,false,false,false,2880
940,161,1,42,42,87,1260,261,999,0.20714285714285716,43,118,false,false,false,false,false,2879
941,161,1,42,42,92,1260,276,984,0.21904761904761905,42,119,false,false,false,false,false,2766
942,161,1,42,42,98,1260,294,966,0.23333333333333334,41,120,false,false,false,false,false,2848
943,161,2,40;2,40,88,1260,264,996,0.20952380952380953,54,107,false,false,false,false,false,2861
944,161,1,42,42,88,1260,264,996,0.20952380952380953,49,112,false,false,false,false,false,2804
945,161,1,42,42,69,1260,207,1053,0.16428571428571428,42,119,false,false,false,false,false,2846
946,161,1,42,42,101,1260,303,957,0.24047619047619048,43,118,false,false,false,false,false,2893
947,161,1,42,42,85,1260,255,1005,0.20238095238095238,37,124,false,false,false,false,false,2844
948,161,1,42,42,76,1260,228,1032,0.18095238095238095,35,126,false,false,false,false,false,2844
949,161,1,42,42,83,1260,249,1011,0.1976190476190476,42,119,false,false,false,false,false,2853
950,161,1,42,42,96,1260,288,972,0.22857142857142856,44,117,false,false,false,false,false,2896
951,161,1,42,42,89,1260,267,993,0.2119047619047619,43,118,false,false,false,false,false,2864
952,161,1,42,42,108,1260,324,936,0.2571428571428571,39,122,false,false,false,false,false,2868
953,161,1,42,42,90,1260,270,990,0.21428571428571427,47,114,false,false,false,false,false,2840
954,161,1,42,42,82,1260,246,1014,0.19523809523809524,45,116,false,false,false,false,false,2850
955,161,1,42,42,82,1260,246,1014,0.19523809523809524,37,124,false,false,false,false,false,2875
956,161,1,42,42,78,1260,234,1026,0.18571428571428572,44,117,false,false,false,false,false,2881
957,161,1,42,42,83,1260,249,1011,0.1976190476190476,44,117,false,false,false,false,false,2871
958,161,1,42,42,102,1260,306,954,0.24285714285714285,40,121,false,false,false,false,false,2869
959,161,1,42,42,86,1260,258,1002,0.20476190476190476,44,117,false,false,false,false,false,2854
960,161,1,42,42,87,1260,261,999,0.20714285714285716,51,110,false,false,false,false,false,2847
961,161,1,42,42,91,1260,273,987,0.21666666666666667,31,130,false,false,false,false,false,2841
962,161,1,42,42,93,1260,279,981,0.22142857142857142,37,124,false,false,false,false,false,2906
963,161,1,42,42,92,1260,276,984,0.21904761904761905,43,118,false,false,false,false,false,2858
964,161,1,42,42,85,1260,255,1005,0.20238095238095238,45,116,false,false,false,false,false,2941
965,161,1,42,42,94,1260,282,978,0.22380952380952382,39,122,false,false,false,false,false,2807
966,161,1,42,42,87,1260,261,999,0.20714285714285716,49,112,false,false,false,false,false,2910
967,161,1,42,42,85,1260,255,1005,0.20238095238095238,44,117,false,false,false,false,false,2819
968,161,1,42,42,94,1260,282,978,0.22380952380952382,42,119,false,false,false,false,false,2832
969,161,1,42,42,85,1260,255,1005,0.20238095238095238,42,119,false,false,false,false,false,2853
970,161,1,42,42,84,1260,252,1008,0.2,34,127,false,false,false,false,false,2830
971,161,1,42,42,92,1260,276,984,0.21904761904761905,39,122,false,false,false,false,false,2874
972,161,1,42,42,90,1260,270,990,0.21428571428571427,42,119,false,false,false,false,false,2847
973,161,1,42,42,89,1260,267,993,0.2119047619047619,41,120,false,false,false,false,false,2857
974,161,1,42,42,96,1260,288,972,0.22857142857142856,42,119,false,false,false,false,false,2861
975,161,1,42,42,88,1260,264,996,0.20952380952380953,36,125,false,false,false,false,false,2845
976,161,1,42,42,89,1260,267,993,0.2119047619047619,48,113,false,false,false,false,false,2896
977,161,1,42,42,90,1260,270,990,0.21428571428571427,44,117,false,false,false,false,false,2849
978,161,1,42,42,75,1260,225,1035,0.17857142857142858,46,115,false,false,false,false,false,2851
979,161,1,42,42,91,1260,273,987,0.21666666666666667,41,120,false,false,false,false,false,2902
980,161,1,42,42,90,1260,270,990,0.21428571428571427,49,112,false,false,false,false,false,2810
981,161,1,42,42,76,1260,228,1032,0.18095238095238095,43,118,false,false,false,false,false,2893
982,161,1,42,42,89,1260,267,993,0.2119047619047619,41,120,false,false,false,false,false,2868
983,161,1,42,42,92,1260,276,984,0.21904761904761905,42,119,false,false,false,false,false,2831
984,161,1,42,42,80,1260,240,1020,0.19047619047619047,40,121,false,false,false,false,false,2837
985,161,1,42,42,84,1260,252,1008,0.2,45,116,false,false,false,false,false,2843
986,161,1,42,42,99,1260,297,963,0.2357142857142857,41,120,false,false,false,false,false,2921
987,161,1,42,42,78,1260,234,1026,0.18571428571428572,42,119,false,false,false,false,false,2820
988,161,1,42,42,85,1260,255,1005,0.20238095238095238,48,113,false,false,false,false,false,2831
989,161,1,42,42,92,1260,276,984,0.21904761904761905,47,114,false,false,false,false,false,2925
990,161,1,42,42,89,1260,267,993,0.2119047619047619,43,118,false,false,false,false,false,2820
991,161,1,42,42,72,1260,216,1044,0.17142857142857143,46,115,false,false,false,false,false,2873
992,161,1,42,42,85,1260,255,1005,0.20238095238095238,43,118,false,false,false,false,false,2965
993,161,1,42,42,75,1260,225,1035,0.17857142857142858,48,113,false,false,false,false,false,2886
994,161,1,42,42,83,1260,249,1011,0.1976190476190476,42,119,false,false,false,false,false,2797
995,161,1,42,42,89,1260,267,993,0.2119047619047619,48,113,false,false,false,false,false,2788
996,161,1,42,42,92,1260,276,984,0.21904761904761905,46,115,false,false,false,false,false,2841
997,161,1,42,42,81,1260,243,1017,0.19285714285714287,40,121,false,false,false,false,false,2844
998,161,1,42,42,89,1260,267,993,0.2119047619047619,45,116,false,false,false,false,false,2843
999,161,1,42,42,88,1260,264,996,0.20952380952380953,45,116,false,false,false,false,false,2864
1000,161,1,42,42,93,1260,279,981,0.22142857142857142,45,116,false,false,false,false,false,2800
1001,161,1,42,42,93,1260,279,981,0.22142857142857142,45,116,false,false,false,false,false,2856
1002,161,1,42,42,86,1260,258,1002,0.20476190476190476,38,123,false,false,false,false,false,2868
1003,161,1,42,42,77,1260,231,1029,0.18333333333333332,35,126,false,false,false,false,false,2846
1004,161,1,42,42,79,1260,237,1023,0.1880952380952381,36,125,false,false,false,false,false,2857
1005,161,1,42,42,87,1260,261,999,0.20714285714285716,39,122,false,false,false,false,false,2861
1006,161,1,42,42,92,1260,276,984,0.21904761904761905,47,114,false,false,false,false,false,2860
1007,161,1,42,42,85,1260,255,1005,0.20238095238095238,40,121,false,false,false,false,false,2887
1008,161,1,42,42,83,1260,249,1011,0.1976190476190476,41,120,false,false,false,false,false,2827
1009,161,1,42,42,90,1260,270,990,0.21428571428571427,51,110,false,false,false,false,false,2830
1010,161,1,42,42,88,1260,264,996,0.20952380952380953,37,124,false,false,false,false,false,2803
1011,161,1,42,42,83,1260,249,1011,0.1976190476190476,41,120,false,false,false,false,false,2857
1012,161,1,42,42,93,1260,279,981,0.22142857142857142,45,116,false,false,false,false,false,2872
1013,161,1,42,42,91,1260,273,987,0.21666666666666667,42,119,false,false,false,false,false,2794
1014,161,1,42,42,90,1260,270,990,0.21428571428571427,39,122,false,false,false,false,false,2880
1015,161,1,42,42,86,1260,258,1002,0.20476190476190476,43,118,false,false,false,false,false,2873
1016,161,1,42,42,86,1260,258,1002,0.20476190476190476,39,122,false,false,false,false,false,2845
1017,161,1,42,42,80,1260,240,1020,0.19047619047619047,43,118,false,false,false,false,false,2878
1018,161,1,42,42,84,1260,252,1008,0.2,50,111,false,false,false,false,false,2830
1019,161,1,42,42,84,1260,252,1008,0.2,43,118,false,false,false,false,false,2856
1020,161,1,42,42,83,1260,249,1011,0.1976190476190476,35,126,false,false,false,false,false,2787
1021,161,1,42,42,82,1260,246,1014,0.19523809523809524,35,126,false,false,false,false,false,2866
1022,161,1,42,42,100,1260,300,960,0.23809523809523808,43,118,false,false,false,false,false,2859
1023,161,1,42,42,88,1260,264,996,0.20952380952380953,50,111,false,false,false,false,false,2870
1024,161,1,42,42,80,1260,240,1020,0.19047619047619047,45,116,false,false,false,false,false,2861
1025,161,1,42,42,85,1260,255,1005,0.20238095238095238,46,115,false,false,false,false,false,2839
1026,161,1,42,42,75,1260,225,1035,0.17857142857142858,47,114,false,false,false,false,false,2887
1027,161,1,42,42,90,1260,270,990,0.21428571428571427,42,119,false,false,false,false,false,2820
1028,161,1,42,42,80,1260,240,1020,0.19047619047619047,45,116,false,false,false,false,false,2860
1029,161,1,42,42,87,1260,261,999,0.20714285714285716,38,123,false,false,false,false,false,2828
1030,161,1,42,42,91,1260,273,987,0.21666666666666667,45,116,false,false,false,false,false,2860
1031,161,1,42,42,85,1260,255,1005,0.20238095238095238,42,119,false,false,false,false,false,2777
1032,161,1,42,42,86,1260,258,1002,0.20476190476190476,38,123,false,false,false,false,false,2810
1033,161,1,42,42,92,1260,276,984,0.21904761904761905,44,117,false,false,false,false,false,2891
1034,161,1,42,42,87,1260,261,999,0.20714285714285716,46,115,false,false,false,false,false,2810
1035,161,1,42,42,95,1260,285,975,0.2261904761904762,44,117,false,false,false,false,false,2867
1036,161,1,42,42,83,1260,249,1011,0.1976190476190476,38,123,false,false,false,false,false,2750
1037,161,1,42,42,98,1260,294,966,0.23333333333333334,49,112,false,false,false,false,false,2804
1038,161,1,42,42,83,1260,249,1011,0.1976190476190476,42,119,false,false,false,false,false,2870
1039,161,1,42,42,87,1260,261,999,0.20714285714285716,44,117,false,false,false,false,false,2819
1040,161,1,42,42,94,1260,282,978,0.22380952380952382,48,113,false,false,false,false,false,2819
1041,161,1,42,42,89,1260,267,993,0.2119047619047619,54,107,false,false,false,false,false,2849
1042,161,1,42,42,88,1260,264,996,0.20952380952380953,50,111,false,false,false,false,false,2842
1043,161,1,42,42,87,1260,261,999,0.20714285714285716,46,115,false,false,false,false,false,2875
1044,161,1,42,42,95,1260,285,975,0.2261904761904762,48,113,false,false,false,false,false,2834
1045,161,1,42,42,89,1260,267,993,0.2119047619047619,46,115,false,false,false,false,false,2839
1046,161,1,42,42,84,1260,252,1008,0.2,44,117,false,false,false,false,false,2844
1047,161,1,42,42,75,1260,225,1035,0.17857142857142858,43,118,false,false,false,false,false,2837
1048,161,1,42,42,81,1260,243,1017,0.19285714285714287,41,120,false,false,false,false,false,2832
1049,161,1,42,42,99,1260,297,963,0.2357142857142857,44,117,false,false,false,false,false,2832
1050,161,1,42,42,74,1260,222,1038,0.1761904761904762,46,115,false,false,false,false,false,2815
1051,161,1,42,42,87,1260,261,999,0.20714285714285716,47,114,false,false,false,false,false,2835
1052,161,1,42,42,80,1260,240,1020,0.19047619047619047,44,117,false,false,false,false,false,2901
1053,161,1,42,42,86,1260,258,1002,0.20476190476190476,51,110,false,false,false,false,false,2767
1054,161,1,42,42,90,1260,270,990,0.21428571428571427,46,115,false,false,false,false,false,2831
1055,161,1,42,42,95,1260,285,975,0.2261904761904762,48,113,false,false,false,false,false,2835
1056,161,1,42,42,91,1260,273,987,0.21666666666666667,43,118,false,false,false,false,false,2904
1057,161,1,42,42,102,1260,306,954,0.24285714285714285,43,118,false,false,false,false,false,2867
1058,161,1,42,42,92,1260,276,984,0.21904761904761905,48,113,false,false,false,false,false,2883
1059,161,1,42,42,75,1260,225,1035,0.17857142857142858,28,133,false,false,false,false,false,2887
1060,161,1,42,42,84,1260,252,1008,0.2,37,124,false,false,false,false,false,2930
1061,161,1,42,42,90,1260,270,990,0.21428571428571427,32,129,false,false,false,false,false,2888
1062,161,1,42,42,91,1260,273,987,0.21666666666666667,47,114,false,false,false,false,false,2844
1063,161,1,42,42,95,1260,285,975,0.2261904761904762,42,119,false,false,false,false,false,2883
1064,161,1,42,42,85,1260,255,1005,0.20238095238095238,44,117,false,false,false,false,false,2890
1065,161,1,42,42,99,1260,297,963,0.2357142857142857,37,124,false,false,false,false,false,2866
1066,161,1,42,42,97,1260,291,969,0.23095238095238096,36,125,false,false,false,false,false,2846
1067,161,1,42,42,83,1260,249,1011,0.1976190476190476,43,118,false,false,false,false,false,2824
1068,161,1,42,42,86,1260,258,1002,0.20476190476190476,50,111,false,false,false,false,false,2825
1069,161,1,42,42,83,1260,249,1011,0.1976190476190476,44,117,false,false,false,false,false,2874
1070,161,1,42,42,80,1260,240,1020,0.19047619047619047,46,115,false,false,false,false,false,2858
1071,161,1,42,42,82,1260,246,1014,0.19523809523809524,50,111,false,false,false,false,false,2876
1072,161,1,42,42,90,1260,270,990,0.21428571428571427,49,112,false,false,false,false,false,2866
1073,161,1,42,42,85,1260,255,1005,0.20238095238095238,39,122,false,false,false,false,false,2838
1074,161,1,42,42,89,1260,267,993,0.2119047619047619,37,124,false,false,false,false,false,2903
1075,161,1,42,42,93,1260,279,981,0.22142857142857142,49,112,false,false,false,false,false,2829
1076,161,1,42,42,94,1260,282,978,0.22380952380952382,51,110,false,false,false,false,false,2906
1077,161,1,42,42,84,1260,252,1008,0.2,40,121,false,false,false,false,false,2804
1078,161,1,42,42,104,1260,312,948,0.24761904761904763,47,114,false,false,false,false,false,2829
1079,161,1,42,42,86,1260,258,1002,0.20476190476190476,48,113,false,false,false,false,false,2876
1080,161,1,42,42,91,1260,273,987,0.21666666666666667,43,118,false,false,false,false,false,2789
1081,161,1,42,42,86,1260,258,1002,0.20476190476190476,41,120,false,false,false,false,false,2869
1082,161,1,42,42,82,1260,246,1014,0.19523809523809524,38,123,false,false,false,false,false,2791
1083,161,1,42,42,89,1260,267,993,0.2119047619047619,48,113,false,false,false,false,false,2766
1084,161,1,42,42,83,1260,249,1011,0.1976190476190476,45,116,false,false,false,false,false,2903
1085,161,1,42,42,90,1260,270,990,0.21428571428571427,44,117,false,false,false,false,false,2821
1086,161,1,42,42,85,1260,255,1005,0.20238095238095238,41,120,false,false,false,false,false,2844
1087,161,1,42,42,84,1260,252,1008,0.2,49,112,false,false,false,false,false,2809
1088,161,1,42,42,78,1260,234,1026,0.18571428571428572,49,112,false,false,false,false,false,2837
1089,161,1,42,42,89,1260,267,993,0.2119047619047619,39,122,false,false,false,false,false,2843
1090,161,1,42,42,75,1260,225,1035,0.17857142857142858,34,127,false,false,false,false,false,2855
1091,161,2,40;2,40,91,1260,273,987,0.21666666666666667,46,115,false,false,false,false,false,2810
1092,161,1,42,42,83,1260,249,1011,0.1976190476190476,48,113,false,false,false,false,false,2886
1093,161,1,42,42,82,1260,246,1014,0.19523809523809524,50,111,false,false,false,false,false,2813
1094,161,1,42,42,78,1260,234,1026,0.18571428571428572,39,122,false,false,false,false,false,2838
1095,161,1,42,42,98,1260,294,966,0.23333333333333334,48,113,false,false,false,false,false,2849
1096,161,1,42,42,86,1260,258,1002,0.20476190476190476,40,121,false,false,false,false,false,2849
1097,161,1,42,42,90,1260,270,990,0.21428571428571427,43,118,false,false,false,false,false,2888
1098,161,1,42,42,82,1260,246,1014,0.19523809523809524,41,120,false,false,false,false,false,2822
1099,161,1,42,42,82,1260,246,1014,0.19523809523809524,41,120,false,false,false,false,false,2866
1100,161,1,42,42,90,1260,270,990,0.21428571428571427,44,117,false,false,false,false,false,2831
1101,161,1,42,42,82,1260,246,1014,0.19523809523809524,44,117,false,false,false,false,false,2863
1102,161,1,42,42,89,1260,267,993,0.2119047619047619,38,123,false,false,false,false,false,2802
1103,161,1,42,42,77,1260,231,1029,0.18333333333333332,43,118,false,false,false,false,false,2871
1104,161,1,42,42,86,1260,258,1002,0.20476190476190476,49,112,false,false,false,false,false,2859
1105,161,1,42,42,87,1260,261,999,0.20714285714285716,48,113,false,false,false,false,false,2828
1106,161,1,42,42,82,1260,246,1014,0.19523809523809524,44,117,false,false,false,false,false,2829
1107,161,1,42,42,88,1260,264,996,0.20952380952380953,49,112,false,false,false,false,false,2838
1108,161,1,42,42,90,1260,270,990,0.21428571428571427,36,125,false,false,false,false,false,2861
1109,161,1,42,42,93,1260,279,981,0.22142857142857142,43,118,false,false,false,false,false,2817
1110,161,1,42,42,81,1260,243,1017,0.19285714285714287,40,121,false,false,false,false,false,2887
1111,161,1,42,42,86,1260,258,1002,0.20476190476190476,45,116,false,false,false,false,false,2796
1112,161,1,42,42,83,1260,249,1011,0.1976190476190476,42,119,false,false,false,false,false,2882
1113,161,1,42,42,83,1260,249,1011,0.1976190476190476,35,126,false,false,false,false,false,2933
1114,161,1,42,42,95,1260,285,975,0.2261904761904762,48,113,false,false,false,false,false,2825
1115,161,1,42,42,83,1260,249,1011,0.1976190476190476,39,122,false,false,false,false,false,2871
1116,161,1,42,42,81,1260,243,1017,0.19285714285714287,36,125,false,false,false,false,false,2929
1117,161,1,42,42,89,1260,267,993,0.2119047619047619,38,123,false,false,false,false,false,2845
1118,161,1,42,42,93,1260,279,981,0.22142857142857142,38,123,false,false,false,false,false,2870
1119,161,1,42,42,86,1260,258,1002,0.20476190476190476,50,111,false,false,false,false,false,2841
1120,161,1,42,42,91,1260,273,987,0.21666666666666667,37,124,false,false,false,false,false,2842
1121,161,1,42,42,104,1260,312,948,0.24761904761904763,48,113,false,false,false,false,false,2841
1122,161,1,42,42,85,1260,255,1005,0.20238095238095238,43,118,false,false,false,false,false,2808
1123,161,1,42,42,82,1260,246,1014,0.19523809523809524,45,116,false,false,false,false,false,2808
1124,161,1,42,42,79,1260,237,1023,0.1880952380952381,43,118,false,false,false,false,false,2831
1125,161,1,42,42,92,1260,276,984,0.21904761904761905,44,117,false,false,false,false,false,2793
1126,161,1,42,42,101,1260,303,957,0.24047619047619048,53,108,false,false,false,false,false,2890
1127,161,1,42,42,91,1260,273,987,0.21666666666666667,37,124,false,false,false,false,false,2878
1128,161,1,42,42,92,1260,276,984,0.21904761904761905,48,113,false,false,false,false,false,2848
1129,161,1,42,42,93,1260,279,981,0.22142857142857142,46,115,false,false,false,false,false,2799
1130,161,1,42,42,91,1260,273,987,0.21666666666666667,47,114,false,false,false,false,false,2824
1131,161,2,40;2,40,87,1260,261,999,0.20714285714285716,36,125,false,false,false,false,false,2833
1132,161,1,42,42,79,1260,237,1023,0.1880952380952381,38,123,false,false,false,false,false,2881
1133,161,1,42,42,88,1260,264,996,0.20952380952380953,36,125,false,false,false,false,false,2858
1134,161,1,42,42,76,1260,228,1032,0.18095238095238095,54,107,false,false,false,false,false,2833
1135,161,1,42,42,85,1260,255,1005,0.20238095238095238,46,115,false,false,false,false,false,2866
1136,161,1,42,42,79,1260,237,1023,0.1880952380952381,43,118,false,false,false,false,false,2896
1137,161,1,42,42,83,1260,249,1011,0.1976190476190476,39,122,false,false,false,false,false,2887
1138,161,1,42,42,87,1260,261,999,0.20714285714285716,42,119,false,false,false,false,false,2902
1139,161,1,42,42,93,1260,279,981,0.22142857142857142,41,120,false,false,false,false,false,2845
1140,161,1,42,42,92,1260,276,984,0.21904761904761905,42,119,false,false,false,false,false,2814
1141,161,1,42,42,96,1260,288,972,0.22857142857142856,38,123,false,false,false,false,false,2875
1142,161,1,42,42,85,1260,255,1005,0.20238095238095238,38,123,false,false,false,false,false,2800
1143,161,1,42,42,72,1260,216,1044,0.17142857142857143,43,118,false,false,false,false,false,2806
1144,161,1,42,42,80,1260,240,1020,0.19047619047619047,45,116,false,false,false,false,false,2846
1145,161,1,42,42,90,1260,270,990,0.21428571428571427,45,116,false,false,false,false,false,2839
1146,161,1,42,42,96,1260,288,972,0.22857142857142856,52,109,false,false,false,false,false,2875
1147,161,1,42,42,99,1260,297,963,0.2357142857142857,35,126,false,false,false,false,false,2865
1148,161,1,42,42,78,1260,234,1026,0.18571428571428572,37,124,false,false,false,false,false,2874
1149,161,1,42,42,86,1260,258,1002,0.20476190476190476,36,125,false,false,false,false,false,2852
1150,161,1,42,42,86,1260,258,1002,0.20476190476190476,36,125,false,false,false,false,false,2850
1151,161,1,42,42,98,1260,294,966,0.23333333333333334,46,115,false,false,false,false,false,2903
1152,161,1,42,42,94,1260,282,978,0.22380952380952382,46,115,false,false,false,false,false,2935
1153,161,1,42,42,91,1260,273,987,0.21666666666666667,34,127,false,false,false,false,false,2847
1154,161,1,42,42,78,1260,234,1026,0.18571428571428572,36,125,false,false,false,false,false,2843
1155,161,1,42,42,77,1260,231,1029,0.18333333333333332,49,112,false,false,false,false,false,2854
1156,161,1,42,42,83,1260,249,1011,0.1976190476190476,40,121,false,false,false,false,false,2831
1157,161,1,42,42,92,1260,276,984,0.21904761904761905,41,120,false,false,false,false,false,2790
1158,161,1,42,42,82,1260,246,1014,0.19523809523809524,37,124,false,false,false,false,false,2864
1159,161,1,42,42,92,1260,276,984,0.21904761904761905,47,114,false,false,false,false,false,2811
1160,161,1,42,42,85,1260,255,1005,0.20238095238095238,49,112,false,false,false,false,false,2865
1161,161,1,42,42,86,1260,258,1002,0.20476190476190476,46,115,false,false,false,false,false,2834
1162,161,1,42,42,98,1260,294,966,0.23333333333333334,42,119,false,false,false,false,false,2888
1163,161,1,42,42,90,1260,270,990,0.21428571428571427,39,122,false,false,false,false,false,2841
1164,161,1,42,42,93,1260,279,981,0.22142857142857142,48,113,false,false,false,false,false,2898
1165,161,1,42,42,101,1260,303,957,0.24047619047619048,45,116,false,false,false,false,false,2829
1166,161,1,42,42,96,1260,288,972,0.22857142857142856,49,112,false,false,false,false,false,2849
1167,161,1,42,42,92,1260,276,984,0.21904761904761905,38,123,false,false,false,false,false,2858
1168,161,1,42,42,88,1260,264,996,0.20952380952380953,38,123,false,false,false,false,false,2793
1169,161,1,42,42,78,1260,234,1026,0.18571428571428572,42,119,false,false,false,false,false,2823
1170,161,1,42,42,88,1260,264,996,0.20952380952380953,49,112,false,false,false,false,false,2811
1171,161,1,42,42,82,1260,246,1014,0.19523809523809524,37,124,false,false,false,false,false,2823
1172,161,1,42,42,93,1260,279,981,0.22142857142857142,44,117,false,false,false,false,false,2815
1173,161,1,42,42,101,1260,303,957,0.24047619047619048,45,116,false,false,false,false,false,2855
1174,161,1,42,42,90,1260,270,990,0.21428571428571427,45,116,false,false,false,false,false,2894
1175,161,1,42,42,84,1260,252,1008,0.2,49,112,false,false,false,false,false,2803
1176,161,1,42,42,85,1260,255,1005,0.20238095238095238,41,120,false,false,false,false,false,2867
1177,161,1,42,42,98,1260,294,966,0.23333333333333334,39,122,false,false,false,false,false,2786
1178,161,1,42,42,85,1260,255,1005,0.20238095238095238,44,117,false,false,false,false,false,2893
1179,161,1,42,42,92,1260,276,984,0.21904761904761905,44,117,false,false,false,false,false,2845
1180,161,1,42,42,78,1260,234,1026,0.18571428571428572,44,117,false,false,false,false,false,2915
1181,161,1,42,42,87,1260,261,999,0.20714285714285716,43,118,false,false,false,false,false,2863
1182,161,1,42,42,91,1260,273,987,0.21666666666666667,39,122,false,false,false,false,false,2897
1183,161,1,42,42,77,1260,231,1029,0.18333333333333332,35,126,false,false,false,false,false,2881
1184,161,1,42,42,83,1260,249,1011,0.1976190476190476,41,120,false,false,false,false,false,2843
1185,161,1,42,42,93,1260,279,981,0.22142857142857142,47,114,false,false,false,false,false,2857
1186,161,1,42,42,94,1260,282,978,0.22380952380952382,42,119,false,false,false,false,false,2844
1187,161,1,42,42,86,1260,258,1002,0.20476190476190476,41,120,false,false,false,false,false,2885
1188,161,1,42,42,98,1260,294,966,0.23333333333333334,44,117,false,false,false,false,false,2800
1189,161,1,42,42,83,1260,249,1011,0.1976190476190476,44,117,false,false,false,false,false,2836
1190,161,1,42,42,89,1260,267,993,0.2119047619047619,39,122,false,false,false,false,false,2812
1191,161,1,42,42,92,1260,276,984,0.21904761904761905,45,116,false,false,false,false,false,2859
1192,161,1,42,42,89,1260,267,993,0.2119047619047619,51,110,false,false,false,false,false,2888
1193,161,1,42,42,104,1260,312,948,0.24761904761904763,40,121,false,false,false,false,false,2839
1194,161,1,42,42,89,1260,267,993,0.2119047619047619,41,120,false,false,false,false,false,2881
1195,161,1,42,42,85,1260,255,1005,0.20238095238095238,41,120,false,false,false,false,false,2863
1196,161,1,42,42,84,1260,252,1008,0.2,47,114,false,false,false,false,false,2884
1197,161,1,42,42,67,1260,201,1059,0.1595238095238095,42,119,false,false,false,false,false,2824
1198,161,1,42,42,83,1260,249,1011,0.1976190476190476,48,113,false,false,false,false,false,2856
1199,161,1,42,42,92,1260,276,984,0.21904761904761905,40,121,false,false,false,false,false,2877
1200,161,1,42,42,86,1260,258,1002,0.20476190476190476,42,119,false,false,false,false,false,2822
1201,161,1,42,42,92,1260,276,984,0.21904761904761905,37,124,false,false,false,false,false,2854
1202,161,1,42,42,93,1260,279,981,0.22142857142857142,36,125,false,false,false,false,false,2892
1203,161,1,42,42,78,1260,234,1026,0.18571428571428572,42,119,false,false,false,false,false,2850
1204,161,1,42,42,86,1260,258,1002,0.20476190476190476,50,111,false,false,false,false,false,2861
1205,161,1,42,42,86,1260,258,1002,0.20476190476190476,37,124,false,false,false,false,false,2845
1206,161,1,42,42,87,1260,261,999,0.20714285714285716,43,118,false,false,false,false,false,2852
1207,161,1,42,42,90,1260,270,990,0.21428571428571427,37,124,false,false,false,false,false,2835
1208,161,1,42,42,87,1260,261,999,0.20714285714285716,49,112,false,false,false,false,false,2830
1209,161,1,42,42,80,1260,240,1020,0.19047619047619047,48,113,false,false,false,false,false,2810
1210,161,1,42,42,73,1260,219,1041,0.1738095238095238,37,124,false,false,false,false,false,2906
1211,161,1,42,42,83,1260,249,1011,0.1976190476190476,40,121,false,false,false,false,false,2778
1212,161,1,42,42,94,1260,282,978,0.22380952380952382,49,112,false,false,false,false,false,2881
1213,161,1,42,42,89,1260,267,993,0.2119047619047619,39,122,false,false,false,false,false,2871
1214,161,1,42,42,68,1260,204,1056,0.1619047619047619,38,123,false,false,false,false,false,2850
1215,161,1,42,42,84,1260,252,1008,0.2,43,118,false,false,false,false,false,2849
1216,161,1,42,42,83,1260,249,1011,0.1976190476190476,44,117,false,false,false,false,false,2887
1217,161,1,42,42,84,1260,252,1008,0.2,38,123,false,false,false,false,false,2861
1218,161,1,42,42,100,1260,300,960,0.23809523809523808,44,117,false,false,false,false,false,2834
1219,161,1,42,42,85,1260,255,1005,0.20238095238095238,40,121,false,false,false,false,false,2892
1220,161,1,42,42,85,1260,255,1005,0.20238095238095238,45,116,false,false,false,false,false,2837
1221,161,1,42,42,77,1260,231,1029,0.18333333333333332,37,124,false,false,false,false,false,2856
1222,161,1,42,42,92,1260,276,984,0.21904761904761905,53,108,false,false,false,false,false,2830
1223,161,1,42,42,87,1260,261,999,0.20714285714285716,48,113,false,false,false,false,false,2851
1224,161,1,42,42,86,1260,258,1002,0.20476190476190476,44,117,false,false,false,false,false,2915
1225,161,1,42,42,90,1260,270,990,0.21428571428571427,45,116,false,false,false,false,false,2865
1226,161,1,42,42,76,1260,228,1032,0.18095238095238095,43,118,false,false,false,false,false,2831
1227,161,1,42,42,75,1260,225,1035,0.17857142857142858,43,118,false,false,false,false,false,2863
1228,161,1,42,42,91,1260,273,987,0.21666666666666667,42,119,false,false,false,false,false,2920
1229,161,1,42,42,88,1260,264,996,0.20952380952380953,35,126,false,false,false,false,false,2808
1230,161,1,42,42,87,1260,261,999,0.20714285714285716,44,117,false,false,false,false,false,2857
1231,161,1,42,42,87,1260,261,999,0.20714285714285716,42,119,false,false,false,false,false,2793
1232,161,1,42,42,94,1260,282,978,0.22380952380952382,40,121,false,false,false,false,false,2840
1233,161,1,42,42,94,1260,282,978,0.22380952380952382,42,119,false,false,false,false,false,2846
1234,161,1,42,42,88,1260,264,996,0.20952380952380953,46,115,false,false,false,false,false,2847
1235,161,1,42,42,95,1260,285,975,0.2261904761904762,39,122,false,false,false,false,false,2832
1236,161,1,42,42,83,1260,249,1011,0.1976190476190476,48,113,false,false,false,false,false,2768
1237,161,1,42,42,74,1260,222,1038,0.1761904761904762,44,117,false,false,false,false,false,2862
1238,161,1,42,42,86,1260,258,1002,0.20476190476190476,41,120,false,false,false,false,false,2878
1239,161,1,42,42,73,1260,219,1041,0.1738095238095238,59,102,false,false,false,false,false,2812
1240,161,1,42,42,93,1260,279,981,0.22142857142857142,42,119,false,false,false,false,false,2833
1241,161,1,42,42,92,1260,276,984,0.21904761904761905,39,122,false,false,false,false,false,2840
1242,161,1,42,42,86,1260,258,1002,0.20476190476190476,48,113,false,false,false,false,false,2901
1243,161,1,42,42,107,1260,321,939,0.25476190476190474,43,118,false,false,false,false,false,2808
1244,161,1,42,42,83,1260,249,1011,0.1976190476190476,36,125,false,false,false,false,false,2883
1245,161,1,42,42,86,1260,258,1002,0.20476190476190476,43,118,false,false,false,false,false,2903
1246,161,1,42,42,85,1260,255,1005,0.20238095238095238,47,114,false,false,false,false,false,2842
1247,161,1,42,42,85,1260,255,1005,0.20238095238095238,47,114,false,false,false,false,false,2851
1248,161,1,42,42,79,1260,237,1023,0.1880952380952381,37,124,false,false,false,false,false,2867
1249,161,1,42,42,79,1260,237,1023,0.1880952380952381,40,121,false,false,false,false,false,2855
1250,161,1,42,42,81,1260,243,1017,0.19285714285714287,41,120,false,false,false,false,false,2894
1251,161,1,42,42,91,1260,273,987,0.21666666666666667,42,119,false,false,false,false,false,2832
1252,161,1,42,42,86,1260,258,1002,0.20476190476190476,43,118,false,false,false,false,false,2860
1253,161,1,42,42,88,1260,264,996,0.20952380952380953,50,111,false,false,false,false,false,2774
1254,161,1,42,42,82,1260,246,1014,0.19523809523809524,40,121,false,false,false,false,false,2830
1255,161,1,42,42,88,1260,264,996,0.20952380952380953,43,118,false,false,false,false,false,2807
1256,161,1,42,42,92,1260,276,984,0.21904761904761905,45,116,false,false,false,false,false,2847
1257,161,1,42,42,78,1260,234,1026,0.18571428571428572,39,122,false,false,false,false,false,2847
1258,161,1,42,42,89,1260,267,993,0.2119047619047619,35,126,false,false,false,false,false,2825
1259,161,1,42,42,85,1260,255,1005,0.20238095238095238,34,127,false,false,false,false,false,2870
1260,161,1,42,42,92,1260,276,984,0.21904761904761905,38,123,false,false,false,false,false,2872
1261,161,1,42,42,88,1260,264,996,0.20952380952380953,44,117,false,false,false,false,false,2864
1262,161,1,42,42,82,1260,246,1014,0.19523809523809524,49,112,false,false,false,false,false,2854
1263,161,1,42,42,90,1260,270,990,0.21428571428571427,42,119,false,false,false,false,false,2835
1264,161,1,42,42,101,1260,303,957,0.24047619047619048,46,115,false,false,false,false,false,2837
1265,161,1,42,42,90,1260,270,990,0.21428571428571427,44,117,false,false,false,false,false,2804
1266,161,1,42,42,85,1260,255,1005,0.20238095238095238,53,108,false,false,false,false,false,2784
1267,161,1,42,42,80,1260,240,1020,0.19047619047619047,47,114,false,false,false,false,false,2806
1268,161,1,42,42,86,1260,258,1002,0.20476190476190476,43,118,false,false,false,false,false,2870
1269,161,1,42,42,84,1260,252,1008,0.2,40,121,false,false,false,false,false,2851
1270,161,1,42,42,88,1260,264,996,0.20952380952380953,37,124,false,false,false,false,false,2846
1271,161,1,42,42,83,1260,249,1011,0.1976190476190476,42,119,false,false,false,false,false,2872
1272,161,1,42,42,73,1260,219,1041,0.1738095238095238,46,115,false,false,false,false,false,2809
1273,161,1,42,42,84,1260,252,1008,0.2,35,126,false,false,false,false,false,2758
1274,161,1,42,42,99,1260,297,963,0.2357142857142857,45,116,false,false,false,false,false,2884
1275,161,1,42,42,85,1260,255,1005,0.20238095238095238,49,112,false,false,false,false,false,2853
1276,161,1,42,42,88,1260,264,996,0.20952380952380953,41,120,false,false,false,false,false,2890
1277,161,1,42,42,72,1260,216,1044,0.17142857142857143,29,132,false,false,false,false,false,2795
1278,161,1,42,42,92,1260,276,984,0.21904761904761905,46,115,false,false,false,false,false,2785
1279,161,1,42,42,86,1260,258,1002,0.20476190476190476,43,118,false,false,false,false,false,2861
1280,161,1,42,42,87,1260,261,999,0.20714285714285716,36,125,false,false,false,false,false,2941
1281,161,1,42,42,87,1260,261,999,0.20714285714285716,42,119,false,false,false,false,false,2823
1282,161,1,42,42,80,1260,240,1020,0.19047619047619047,43,118,false,false,false,false,false,2850
1283,161,1,42,42,81,1260,243,1017,0.19285714285714287,42,119,false,false,false,false,false,2878
1284,161,1,42,42,94,1260,282,978,0.22380952380952382,52,109,false,false,false,false,false,2892
1285,161,1,42,42,92,1260,276,984,0.21904761904761905,44,117,false,false,false,false,false,2858
1286,161,1,42,42,81,1260,243,1017,0.19285714285714287,43,118,false,false,false,false,false,2799
1287,161,1,42,42,87,1260,261,999,0.20714285714285716,48,113,false,false,false,false,false,2831
1288,161,1,42,42,93,1260,279,981,0.22142857142857142,47,114,false,false,false,false,false,2801
1289,161,1,42,42,87,1260,261,999,0.20714285714285716,51,110,false,false,false,false,false,2791
1290,161,1,42,42,82,1260,246,1014,0.19523809523809524,40,121,false,false,false,false,false,2862
1291,161,1,42,42,81,1260,243,1017,0.19285714285714287,46,115,false,false,false,false,false,2866
1292,161,1,42,42,80,1260,240,1020,0.19047619047619047,40,121,false,false,false,false,false,2873
1293,161,1,42,42,73,1260,219,1041,0.1738095238095238,47,114,false,false,false,false,false,2840
1294,161,1,42,42,79,1260,237,1023,0.1880952380952381,36,125,false,false,false,false,false,2897
1295,161,1,42,42,86,1260,258,1002,0.20476190476190476,46,115,false,false,false,false,false,2816
1296,161,1,42,42,89,1260,267,993,0.2119047619047619,45,116,false,false,false,false,false,2890
1297,161,1,42,42,94,1260,282,978,0.22380952380952382,40,121,false,false,false,false,false,2847
1298,161,1,42,42,89,1260,267,993,0.2119047619047619,45,116,false,false,false,false,false,2847
1299,161,1,42,42,96,1260,288,972,0.22857142857142856,41,120,false,false,false,false,false,2759
1300,161,1,42,42,82,1260,246,1014,0.19523809523809524,35,126,false,false,false,false,false,2835
1301,161,1,42,42,88,1260,264,996,0.20952380952380953,44,117,false,false,false,false,false,2776
1302,161,1,42,42,88,1260,264,996,0.20952380952380953,54,107,false,false,false,false,false,2871
1303,161,1,42,42,85,1260,255,1005,0.20238095238095238,42,119,false,false,false,false,false,2897
1304,161,1,42,42,84,1260,252,1008,0.2,42,119,false,false,false,false,false,2825
1305,161,1,42,42,88,1260,264,996,0.20952380952380953,35,126,false,false,false,false,false,2860
1306,161,1,42,42,78,1260,234,1026,0.18571428571428572,40,121,false,false,false,false,false,2798
1307,161,1,42,42,87,1260,261,999,0.20714285714285716,38,123,false,false,false,false,false,2800
1308,161,1,42,42,84,1260,252,1008,0.2,41,120,false,false,false,false,false,2796
1309,161,1,42,42,90,1260,270,990,0.21428571428571427,33,128,false,false,false,false,false,2792
1310,161,1,42,42,87,1260,261,999,0.20714285714285716,37,124,false,false,false,false,false,2870
1311,161,1,42,42,72,1260,216,1044,0.17142857142857143,35,126,false,false,false,false,false,2896
1312,161,1,42,42,84,1260,252,1008,0.2,45,116,false,false,false,false,false,2832
1313,161,1,42,42,95,1260,285,975,0.2261904761904762,47,114,false,false,false,false,false,2858
1314,161,1,42,42,102,1260,306,954,0.24285714285714285,41,120,false,false,false,false,false,2869
1315,161,1,42,42,91,1260,273,987,0.21666666666666667,49,112,false,false,false,false,false,2767
1316,161,1,42,42,81,1260,243,1017,0.19285714285714287,50,111,false,false,false,false,false,2884
1317,161,1,42,42,91,1260,273,987,0.21666666666666667,53,108,false,false,false,false,false,2849
1318,161,1,42,42,86,1260,258,1002,0.20476190476190476,34,127,false,false,false,false,false,2878
1319,161,1,42,42,90,1260,270,990,0.21428571428571427,43,118,false,false,false,false,false,2895
1320,161,1,42,42,85,1260,255,1005,0.20238095238095238,40,121,false,false,false,false,false,2810
1321,161,1,42,42,91,1260,273,987,0.21666666666666667,44,117,false,false,false,false,false,2828
1322,161,1,42,42,92,1260,276,984,0.21904761904761905,44,117,false,false,false,false,false,2867
1323,161,1,42,42,94,1260,282,978,0.22380952380952382,46,115,false,false,false,false,false,2837
1324,161,1,42,42,85,1260,255,1005,0.20238095238095238,35,126,false,false,false,false,false,2791
1325,161,1,42,42,90,1260,270,990,0.21428571428571427,40,121,false,false,false,false,false,2850
1326,161,1,42,42,91,1260,273,987,0.21666666666666667,38,123,false,false,false,false,false,2778
1327,161,1,42,42,85,1260,255,1005,0.20238095238095238,40,121,false,false,false,false,false,2759
1328,161,1,42,42,80,1260,240,1020,0.19047619047619047,40,121,false,false,false,false,false,2863
1329,161,1,42,42,90,1260,270,990,0.21428571428571427,39,122,false,false,false,false,false,2834
1330,161,1,42,42,91,1260,273,987,0.21666666666666667,43,118,false,false,false,false,false,2857
1331,161,1,42,42,93,1260,279,981,0.22142857142857142,41,120,false,false,false,false,false,2797
1332,161,1,42,42,84,1260,252,1008,0.2,37,124,false,false,false,false,false,2868
1333,161,1,42,42,87,1260,261,999,0.20714285714285716,43,118,false,false,false,false,false,2915
1334,161,1,42,42,87,1260,261,999,0.20714285714285716,35,126,false,false,false,false,false,2782
1335,161,1,42,42,86,1260,258,1002,0.20476190476190476,44,117,false,false,false,false,false,2834
1336,161,1,42,42,80,1260,240,1020,0.19047619047619047,47,114,false,false,false,false,false,2897
1337,161,1,42,42,88,1260,264,996,0.20952380952380953,43,118,false,false,false,false,false,2859
1338,161,1,42,42,92,1260,276,984,0.21904761904761905,36,125,false,false,false,false,false,2880
1339,161,1,42,42,83,1260,249,1011,0.1976190476190476,44,117,false,false,false,false,false,2776
1340,161,1,42,42,95,1260,285,975,0.2261904761904762,42,119,false,false,false,false,false,2933
1341,161,1,42,42,81,1260,243,1017,0.19285714285714287,41,120,false,false,false,false,false,2864
1342,161,1,42,42,82,1260,246,1014,0.19523809523809524,46,115,false,false,false,false,false,2893
1343,161,1,42,42,90,1260,270,990,0.21428571428571427,43,118,false,false,false,false,false,2863
1344,161,1,42,42,87,1260,261,999,0.20714285714285716,40,121,false,false,false,false,false,2856
1345,161,1,42,42,86,1260,258,1002,0.20476190476190476,49,112,false,false,false,false,false,2878
1346,161,1,42,42,77,1260,231,1029,0.18333333333333332,48,113,false,false,false,false,false,2858
1347,161,1,42,42,85,1260,255,1005,0.20238095238095238,46,115,false,false,false,false,false,2903
1348,161,1,42,42,89,1260,267,993,0.2119047619047619,38,123,false,false,false,false,false,2848
1349,161,1,42,42,87,1260,261,999,0.20714285714285716,46,115,false,false,false,false,false,2843
1350,161,1,42,42,96,1260,288,972,0.22857142857142856,39,122,false,false,false,false,false,2806
1351,161,1,42,42,84,1260,252,1008,0.2,40,121,false,false,false,false,false,2874
1352,161,1,42,42,85,1260,255,1005,0.20238095238095238,48,113,false,false,false,false,false,2875
1353,161,1,42,42,85,1260,255,1005,0.20238095238095238,40,121,false,false,false,false,false,2806
1354,161,1,42,42,91,1260,273,987,0.21666666666666667,43,118,false,false,false,false,false,2818
1355,161,1,42,42,85,1260,255,1005,0.20238095238095238,40,121,false,false,false,false,false,2830
1356,161,1,42,42,80,1260,240,1020,0.19047619047619047,46,115,false,false,false,false,false,2857
1357,161,1,42,42,85,1260,255,1005,0.20238095238095238,37,124,false,false,false,false,false,2870
1358,161,1,42,42,87,1260,261,999,0.20714285714285716,43,118,false,false,false,false,false,2942
1359,161,1,42,42,90,1260,270,990,0.21428571428571427,38,123,false,false,false,false,false,2795
1360,161,1,42,42,74,1260,222,1038,0.1761904761904762,36,125,false,false,false,false,false,2901
1361,161,1,42,42,91,1260,273,987,0.21666666666666667,36,125,false,false,false,false,false,2851
1362,161,1,42,42,87,1260,261,999,0.20714285714285716,39,122,false,false,false,false,false,2846
1363,161,1,42,42,86,1260,258,1002,0.20476190476190476,38,123,false,false,false,false,false,2885
1364,161,1,42,42,93,1260,279,981,0.22142857142857142,38,123,false,false,false,false,false,2823
1365,161,1,42,42,73,1260,219,1041,0.1738095238095238,47,114,false,false,false,false,false,2802
1366,161,1,42,42,90,1260,270,990,0.21428571428571427,40,121,false,false,false,false,false,2905
1367,161,1,42,42,87,1260,261,999,0.20714285714285716,44,117,false,false,false,false,false,2876
1368,161,1,42,42,91,1260,273,987,0.21666666666666667,49,112,false,false,false,false,false,2899
1369,161,1,42,42,90,1260,270,990,0.21428571428571427,43,118,false,false,false,false,false,2896
1370,161,1,42,42,75,1260,225,1035,0.17857142857142858,48,113,false,false,false,false,false,2901
1371,161,1,42,42,91,1260,273,987,0.21666666666666667,42,119,false,false,false,false,false,2920
1372,161,1,42,42,85,1260,255,1005,0.20238095238095238,38,123,false,false,false,false,false,2868
1373,161,1,42,42,85,1260,255,1005,0.20238095238095238,39,122,false,false,false,false,false,2875
1374,161,1,42,42,91,1260,273,987,0.21666666666666667,44,117,false,false,false,false,false,2810
1375,161,1,42,42,89,1260,267,993,0.2119047619047619,37,124,false,false,false,false,false,2847
1376,161,1,42,42,86,1260,258,1002,0.20476190476190476,42,119,false,false,false,false,false,2818
1377,161,1,42,42,91,1260,273,987,0.21666666666666667,44,117,false,false,false,false,false,2846
1378,161,1,42,42,89,1260,267,993,0.2119047619047619,47,114,false,false,false,false,false,2829
1379,161,1,42,42,86,1260,258,1002,0.20476190476190476,41,120,false,false,false,false,false,2897
1380,161,1,42,42,96,1260,288,972,0.22857142857142856,45,116,false,false,false,false,false,2841
1381,161,1,42,42,93,1260,279,981,0.22142857142857142,36,125,false,false,false,false,false,2852
1382,161,1,42,42,89,1260,267,993,0.2119047619047619,44,117,false,false,false,false,false,2818
1383,161,1,42,42,88,1260,264,996,0.20952380952380953,48,113,false,false,false,false,false,2877
1384,161,1,42,42,84,1260,252,1008,0.2,39,122,false,false,false,false,false,2798
1385,161,1,42,42,76,1260,228,1032,0.18095238095238095,41,120,false,false,false,false,false,2861
1386,161,1,42,42,86,1260,258,1002,0.20476190476190476,44,117,false,false,false,false,false,2860
1387,161,1,42,42,80,1260,240,1020,0.19047619047619047,37,124,false,false,false,false,false,2843
1388,161,1,42,42,99,1260,297,963,0.2357142857142857,46,115,false,false,false,false,false,2845
1389,161,1,42,42,88,1260,264,996,0.20952380952380953,47,114,false,false,false,false,false,2821
1390,161,1,42,42,90,1260,270,990,0.21428571428571427,43,118,false,false,false,false,false,2836
1391,161,1,42,42,70,1260,210,1050,0.16666666666666666,48,113,false,false,false,false,false,2839
1392,161,1,42,42,88,1260,264,996,0.20952380952380953,39,122,false,false,false,false,false,2867
1393,161,1,42,42,88,1260,264,996,0.20952380952380953,46,115,false,false,false,false,false,2878
1394,161,1,42,42,88,1260,264,996,0.20952380952380953,39,122,false,false,false,false,false,2892
1395,161,1,42,42,87,1260,261,999,0.20714285714285716,39,122,false,false,false,false,false,2936
1396,161,1,42,42,78,1260,234,1026,0.18571428571428572,43,118,false,false,false,false,false,2871
1397,161,1,42,42,93,1260,279,981,0.22142857142857142,49,112,false,false,false,false,false,2904
1398,161,1,42,42,95,1260,285,975,0.2261904761904762,44,117,false,false,false,false,false,2804
1399,161,1,42,42,81,1260,243,1017,0.19285714285714287,41,120,false,false,false,false,false,2812
1400,161,1,42,42,75,1260,225,1035,0.17857142857142858,40,121,false,false,false,false,false,2890
1401,161,1,42,42,83,1260,249,1011,0.1976190476190476,50,111,false,false,false,false,false,2844
1402,161,1,42,42,87,1260,261,999,0.20714285714285716,39,122,false,false,false,false,false,2872
1403,161,1,42,42,88,1260,264,996,0.20952380952380953,43,118,false,false,false,false,false,2806
1404,161,1,42,42,88,1260,264,996,0.20952380952380953,40,121,false,false,false,false,false,2895
1405,161,1,42,42,85,1260,255,1005,0.20238095238095238,45,116,false,false,false,false,false,2870
1406,161,1,42,42,80,1260,240,1020,0.19047619047619047,35,126,false,false,false,false,false,2835
1407,161,1,42,42,86,1260,258,1002,0.20476190476190476,43,118,false,false,false,false,false,2797
1408,161,1,42,42,87,1260,261,999,0.20714285714285716,47,114,false,false,false,false,false,2868
1409,161,1,42,42,80,1260,240,1020,0.19047619047619047,39,122,false,false,false,false,false,2852
1410,161,1,42,42,88,1260,264,996,0.20952380952380953,45,116,false,false,false,false,false,2851
1411,161,1,42,42,94,1260,282,978,0.22380952380952382,53,108,false,false,false,false,false,2868
1412,161,1,42,42,91,1260,273,987,0.21666666666666667,37,124,false,false,false,false,false,2861
1413,161,1,42,42,83,1260,249,1011,0.1976190476190476,46,115,false,false,false,false,false,2855
1414,161,1,42,42,95,1260,285,975,0.2261904761904762,42,119,false,false,false,false,false,2794
1415,161,1,42,42,90,1260,270,990,0.21428571428571427,45,116,false,false,false,false,false,2871
1416,161,1,42,42,87,1260,261,999,0.20714285714285716,42,119,false,false,false,false,false,2825
1417,161,1,42,42,77,1260,231,1029,0.18333333333333332,34,127,false,false,false,false,false,2880
1418,161,1,42,42,92,1260,276,984,0.21904761904761905,44,117,false,false,false,false,false,2813
1419,161,1,42,42,76,1260,228,1032,0.18095238095238095,45,116,false,false,false,false,false,2803
1420,161,1,42,42,95,1260,285,975,0.2261904761904762,42,119,false,false,false,false,false,2819
1421,161,1,42,42,80,1260,240,1020,0.19047619047619047,36,125,false,false,false,false,false,2839
1422,161,1,42,42,72,1260,216,1044,0.17142857142857143,46,115,false,false,false,false,false,2878
1423,161,1,42,42,86,1260,258,1002,0.20476190476190476,43,118,false,false,false,false,false,2879
1424,161,1,42,42,87,1260,261,999,0.20714285714285716,48,113,false,false,false,false,false,2858
1425,161,1,42,42,77,1260,231,1029,0.18333333333333332,50,111,false,false,false,false,false,2873
1426,161,1,42,42,87,1260,261,999,0.20714285714285716,42,119,false,false,false,false,false,2878
1427,161,1,42,42,83,1260,249,1011,0.1976190476190476,44,117,false,false,false,false,false,2864
1428,161,1,42,42,92,1260,276,984,0.21904761904761905,50,111,false,false,false,false,false,2862
1429,161,1,42,42,85,1260,255,1005,0.20238095238095238,44,117,false,false,false,false,false,2871
1430,161,1,42,42,81,1260,243,1017,0.19285714285714287,40,121,false,false,false,false,false,2813
1431,161,1,42,42,81,1260,243,1017,0.19285714285714287,44,117,false,false,false,false,false,2831
1432,161,1,42,42,86,1260,258,1002,0.20476190476190476,44,117,false,false,false,false,false,2897
1433,161,1,42,42,74,1260,222,1038,0.1761904761904762,36,125,false,false,false,false,false,2841
1434,161,1,42,42,80,1260,240,1020,0.19047619047619047,52,109,false,false,false,false,false,2835
1435,161,1,42,42,80,1260,240,1020,0.19047619047619047,46,115,false,false,false,false,false,2867
1436,161,1,42,42,78,1260,234,1026,0.18571428571428572,46,115,false,false,false,false,false,2956
1437,161,1,42,42,69,1260,207,1053,0.16428571428571428,49,112,false,false,false,false,false,2835
1438,161,1,42,42,89,1260,267,993,0.2119047619047619,37,124,false,false,false,false,false,2823
1439,161,1,42,42,89,1260,267,993,0.2119047619047619,57,104,false,false,false,false,false,2849
1440,161,1,42,42,72,1260,216,1044,0.17142857142857143,45,116,false,false,false,false,false,2833
1441,161,1,42,42,90,1260,270,990,0.21428571428571427,42,119,false,false,false,false,false,2872
1442,161,1,42,42,86,1260,258,1002,0.20476190476190476,40,121,false,false,false,false,false,2860
1443,161,1,42,42,91,1260,273,987,0.21666666666666667,43,118,false,false,false,false,false,2859
1444,161,1,42,42,94,1260,282,978,0.22380952380952382,51,110,false,false,false,false,false,2776
1445,161,1,42,42,89,1260,267,993,0.2119047619047619,38,123,false,false,false,false,false,2846
1446,161,1,42,42,90,1260,270,990,0.21428571428571427,39,122,false,false,false,false,false,2807
1447,161,1,42,42,96,1260,288,972,0.22857142857142856,44,117,false,false,false,false,false,2871
1448,161,1,42,42,78,1260,234,1026,0.18571428571428572,53,108,false,false,false,false,false,2794
1449,161,1,42,42,78,1260,234,1026,0.18571428571428572,42,119,false,false,false,false,false,2799
1450,161,1,42,42,84,1260,252,1008,0.2,47,114,false,false,false,false,false,2817
1451,161,1,42,42,91,1260,273,987,0.21666666666666667,49,112,false,false,false,false,false,2843
1452,161,1,42,42,87,1260,261,999,0.20714285714285716,48,113,false,false,false,false,false,2901
1453,161,1,42,42,78,1260,234,1026,0.18571428571428572,43,118,false,false,false,false,false,2845
1454,161,1,42,42,81,1260,243,1017,0.19285714285714287,37,124,false,false,false,false,false,2851
1455,161,1,42,42,89,1260,267,993,0.2119047619047619,38,123,false,false,false,false,false,2871
1456,161,1,42,42,93,1260,279,981,0.22142857142857142,48,113,false,false,false,false,false,2840
1457,161,1,42,42,84,1260,252,1008,0.2,42,119,false,false,false,false,false,2867
1458,161,1,42,42,91,1260,273,987,0.21666666666666667,44,117,false,false,false,false,false,2832
1459,161,1,42,42,90,1260,270,990,0.21428571428571427,41,120,false,false,false,false,false,2775
1460,161,1,42,42,92,1260,276,984,0.21904761904761905,40,121,false,false,false,false,false,2852
1461,161,1,42,42,90,1260,270,990,0.21428571428571427,39,122,false,false,false,false,false,2879
1462,161,1,42,42,81,1260,243,1017,0.19285714285714287,43,118,false,false,false,false,false,2881
1463,161,1,42,42,82,1260,246,1014,0.19523809523809524,36,125,false,false,false,false,false,2795
1464,161,1,42,42,90,1260,270,990,0.21428571428571427,42,119,false,false,false,false,false,2869
1465,161,1,42,42,78,1260,234,1026,0.18571428571428572,38,123,false,false,false,false,false,2799
1466,161,1,42,42,90,1260,270,990,0.21428571428571427,39,122,false,false,false,false,false,2856
1467,161,1,42,42,91,1260,273,987,0.21666666666666667,52,109,false,false,false,false,false,2896
1468,161,1,42,42,86,1260,258,1002,0.20476190476190476,39,122,false,false,false,false,false,2838
1469,161,1,42,42,98,1260,294,966,0.23333333333333334,49,112,false,false,false,false,false,2835
1470,161,1,42,42,96,1260,288,972,0.22857142857142856,40,121,false,false,false,false,false,2896
1471,161,1,42,42,82,1260,246,1014,0.19523809523809524,36,125,false,false,false,false,false,2869
1472,161,1,42,42,76,1260,228,1032,0.18095238095238095,35,126,false,false,false,false,false,2831
1473,161,1,42,42,83,1260,249,1011,0.1976190476190476,41,120,false,false,false,false,false,2836
1474,161,1,42,42,83,1260,249,1011,0.1976190476190476,48,113,false,false,false,false,false,2884
1475,161,1,42,42,84,1260,252,1008,0.2,36,125,false,false,false,false,false,2872
1476,161,1,42,42,91,1260,273,987,0.21666666666666667,48,113,false,false,false,false,false,2860
1477,161,1,42,42,81,1260,243,1017,0.19285714285714287,43,118,false,false,false,false,false,2827
1478,161,1,42,42,84,1260,252,1008,0.2,51,110,false,false,false,false,false,2897
1479,161,1,42,42,84,1260,252,1008,0.2,48,113,false,false,false,false,false,2856
1480,161,1,42,42,97,1260,291,969,0.23095238095238096,43,118,false,false,false,false,false,2836
1481,161,1,42,42,79,1260,237,1023,0.1880952380952381,45,116,false,false,false,false,false,2854
1482,161,1,42,42,81,1260,243,1017,0.19285714285714287,44,117,false,false,false,false,false,2821
1483,161,1,42,42,87,1260,261,999,0.20714285714285716,39,122,false,false,false,false,false,2860
1484,161,1,42,42,84,1260,252,1008,0.2,40,121,false,false,false,false,false,2872
1485,161,1,42,42,94,1260,282,978,0.22380952380952382,42,119,false,false,false,false,false,2851
1486,161,1,42,42,67,1260,201,1059,0.1595238095238095,40,121,false,false,false,false,false,2849
1487,161,1,42,42,93,1260,279,981,0.22142857142857142,45,116,false,false,false,false,false,2841
1488,161,1,42,42,96,1260,288,972,0.22857142857142856,37,124,false,false,false,false,false,2871
1489,161,1,42,42,80,1260,240,1020,0.19047619047619047,43,118,false,false,false,false,false,2833
1490,161,1,42,42,89,1260,267,993,0.2119047619047619,40,121,false,false,false,false,false,2843
1491,161,1,42,42,89,1260,267,993,0.2119047619047619,51,110,false,false,false,false,false,2879
1492,161,1,42,42,89,1260,267,993,0.2119047619047619,36,125,false,false,false,false,false,2892
1493,161,1,42,42,87,1260,261,999,0.20714285714285716,33,128,false,false,false,false,false,2896
1494,161,1,42,42,91,1260,273,987,0.21666666666666667,34,127,false,false,false,false,false,2881
1495,161,1,42,42,76,1260,228,1032,0.18095238095238095,40,121,false,false,false,false,false,2838
1496,161,1,42,42,76,1260,228,1032,0.18095238095238095,34,127,false,false,false,false,false,2920
1497,161,1,42,42,75,1260,225,1035,0.17857142857142858,42,119,false,false,false,false,false,2846
1498,161,1,42,42,98,1260,294,966,0.23333333333333334,39,122,false,false,false,false,false,2966
1499,161,1,42,42,84,1260,252,1008,0.2,33,128,false,false,false,false,false,2912
1500,161,1,42,42,82,1260,246,1014,0.19523809523809524,43,118,false,false,false,false,false,2864
1501,161,1,42,42,75,1260,225,1035,0.17857142857142858,44,117,false,false,false,false,false,2829
1502,161,1,42,42,94,1260,282,978,0.22380952380952382,40,121,false,false,false,false,false,2811
1503,161,1,42,42,78,1260,234,1026,0.18571428571428572,47,114,false,false,false,false,false,2837
1504,161,1,42,42,79,1260,237,1023,0.1880952380952381,47,114,false,false,false,false,false,2857
1505,161,1,42,42,85,1260,255,1005,0.20238095238095238,50,111,false,false,false,false,false,2855
1506,161,1,42,42,79,1260,237,1023,0.1880952380952381,45,116,false,false,false,false,false,2866
1507,161,1,42,42,77,1260,231,1029,0.18333333333333332,38,123,false,false,false,false,false,2828
1508,161,1,42,42,79,1260,237,1023,0.1880952380952381,49,112,false,false,false,false,false,2828
1509,161,1,42,42,81,1260,243,1017,0.19285714285714287,40,121,false,false,false,false,false,2854
1510,161,1,42,42,94,1260,282,978,0.22380952380952382,49,112,false,false,false,false,false,2883
1511,161,1,42,42,95,1260,285,975,0.2261904761904762,40,121,false,false,false,false,false,2835
1512,161,1,42,42,83,1260,249,1011,0.1976190476190476,48,113,false,false,false,false,false,2856
1513,161,1,42,42,81,1260,243,1017,0.19285714285714287,31,130,false,false,false,false,false,2841
1514,161,1,42,42,84,1260,252,1008,0.2,48,113,false,false,false,false,false,2887
1515,161,1,42,42,83,1260,249,1011,0.1976190476190476,42,119,false,false,false,false,false,2860
1516,161,1,42,42,86,1260,258,1002,0.20476190476190476,47,114,false,false,false,false,false,2803
1517,161,1,42,42,96,1260,288,972,0.22857142857142856,35,126,false,false,false,false,false,2818
1518,161,1,42,42,89,1260,267,993,0.2119047619047619,39,122,false,false,false,false,false,2821
1519,161,1,42,42,89,1260,267,993,0.2119047619047619,42,119,false,false,false,false,false,2920
1520,161,1,42,42,77,1260,231,1029,0.18333333333333332,40,121,false,false,false,false,false,2817
1521,161,1,42,42,87,1260,261,999,0.20714285714285716,42,119,false,false,false,false,false,2832
1522,161,1,42,42,82,1260,246,1014,0.19523809523809524,42,119,false,false,false,false,false,2865
1523,161,1,42,42,83,1260,249,1011,0.1976190476190476,45,116,false,false,false,false,false,2828
1524,161,1,42,42,78,1260,234,1026,0.18571428571428572,52,109,false,false,false,false,false,2876
1525,161,1,42,42,86,1260,258,1002,0.20476190476190476,46,115,false,false,false,false,false,2913
1526,161,1,42,42,93,1260,279,981,0.22142857142857142,40,121,false,false,false,false,false,2825
1527,161,1,42,42,88,1260,264,996,0.20952380952380953,41,120,false,false,false,false,false,2861
1528,161,1,42,42,74,1260,222,1038,0.1761904761904762,43,118,false,false,false,false,false,2887
1529,161,1,42,42,74,1260,222,1038,0.1761904761904762,39,122,false,false,false,false,false,2869
1530,161,1,42,42,82,1260,246,1014,0.19523809523809524,41,120,false,false,false,false,false,2893
1531,161,1,42,42,79,1260,237,1023,0.1880952380952381,39,122,false,false,false,false,false,2870
1532,161,1,42,42,85,1260,255,1005,0.20238095238095238,47,114,false,false,false,false,false,2892
1533,161,1,42,42,83,1260,249,1011,0.1976190476190476,49,112,false,false,false,false,false,2820
1534,161,1,42,42,78,1260,234,1026,0.18571428571428572,40,121,false,false,false,false,false,2820
1535,161,1,42,42,89,1260,267,993,0.2119047619047619,45,116,false,false,false,false,false,2892
1536,161,1,42,42,87,1260,261,999,0.20714285714285716,38,123,false,false,false,false,false,2883
1537,161,1,42,42,93,1260,279,981,0.22142857142857142,42,119,false,false,false,false,false,2886
1538,161,1,42,42,83,1260,249,1011,0.1976190476190476,42,119,false,false,false,false,false,2807
1539,161,1,42,42,93,1260,279,981,0.22142857142857142,44,117,false,false,false,false,false,2864
1540,161,1,42,42,85,1260,255,1005,0.20238095238095238,44,117,false,false,false,false,false,2793
1541,161,1,42,42,83,1260,249,1011,0.1976190476190476,35,126,false,false,false,false,false,2823
1542,161,1,42,42,76,1260,228,1032,0.18095238095238095,37,124,false,false,false,false,false,2856
1543,161,1,42,42,97,1260,291,969,0.23095238095238096,40,121,false,false,false,false,false,2835
1544,161,1,42,42,87,1260,261,999,0.20714285714285716,48,113,false,false,false,false,false,2827
1545,161,1,42,42,81,1260,243,1017,0.19285714285714287,45,116,false,false,false,false,false,2856
1546,161,1,42,42,94,1260,282,978,0.22380952380952382,43,118,false,false,false,false,false,2887
1547,161,1,42,42,89,1260,267,993,0.2119047619047619,45,116,false,false,false,false,false,2867
1548,161,1,42,42,72,1260,216,1044,0.17142857142857143,39,122,false,false,false,false,false,2816
1549,161,1,42,42,93,1260,279,981,0.22142857142857142,42,119,false,false,false,false,false,2837
1550,161,1,42,42,93,1260,279,981,0.22142857142857142,42,119,false,false,false,false,false,2899
1551,161,1,42,42,91,1260,273,987,0.21666666666666667,46,115,false,false,false,false,false,2858
1552,161,1,42,42,87,1260,261,999,0.20714285714285716,34,127,false,false,false,false,false,2832
1553,161,1,42,42,88,1260,264,996,0.20952380952380953,39,122,false,false,false,false,false,2793
1554,161,1,42,42,89,1260,267,993,0.2119047619047619,46,115,false,false,false,false,false,2859
1555,161,1,42,42,76,1260,228,1032,0.18095238095238095,43,118,false,false,false,false,false,2861
1556,161,1,42,42,86,1260,258,1002,0.20476190476190476,37,124,false,false,false,false,false,2836
1557,161,1,42,42,88,1260,264,996,0.20952380952380953,40,121,false,false,false,false,false,2853
1558,161,1,42,42,81,1260,243,1017,0.19285714285714287,42,119,false,false,false,false,false,2856
1559,161,1,42,42,80,1260,240,1020,0.19047619047619047,37,124,false,false,false,false,false,2869
1560,161,1,42,42,102,1260,306,954,0.24285714285714285,47,114,false,false,false,false,false,2903
1561,161,1,42,42,95,1260,285,975,0.2261904761904762,43,118,false,false,false,false,false,2814
1562,161,1,42,42,90,1260,270,990,0.21428571428571427,51,110,false,false,false,false,false,2841
1563,161,1,42,42,72,1260,216,1044,0.17142857142857143,40,121,false,false,false,false,false,2834
1564,161,1,42,42,83,1260,249,1011,0.1976190476190476,47,114,false,false,false,false,false,2831
1565,161,1,42,42,86,1260,258,1002,0.20476190476190476,38,123,false,false,false,false,false,2799
1566,161,1,42,42,94,1260,282,978,0.22380952380952382,38,123,false,false,false,false,false,2820
1567,161,1,42,42,87,1260,261,999,0.20714285714285716,32,129,false,false,false,false,false,2828
1568,161,1,42,42,95,1260,285,975,0.2261904761904762,48,113,false,false,false,false,false,2871
1569,161,1,42,42,90,1260,270,990,0.21428571428571427,40,121,false,false,false,false,false,2810
1570,161,1,42,42,77,1260,231,1029,0.18333333333333332,38,123,false,false,false,false,false,2762
1571,161,1,42,42,87,1260,261,999,0.20714285714285716,43,118,false,false,false,false,false,2881
1572,161,1,42,42,86,1260,258,1002,0.20476190476190476,42,119,false,false,false,false,false,2871
1573,161,1,42,42,89,1260,267,993,0.2119047619047619,46,115,false,false,false,false,false,2912
1574,161,1,42,42,89,1260,267,993,0.2119047619047619,44,117,false,false,false,false,false,2929
1575,161,1,42,42,83,1260,249,1011,0.1976190476190476,45,116,false,false,false,false,false,2911
1576,161,1,42,42,98,1260,294,966,0.23333333333333334,39,122,false,false,false,false,false,2872
1577,161,1,42,42,85,1260,255,1005,0.20238095238095238,46,115,false,false,false,false,false,2784
1578,161,1,42,42,82,1260,246,1014,0.19523809523809524,41,120,false,false,false,false,false,2830
1579,161,1,42,42,83,1260,249,1011,0.1976190476190476,39,122,false,false,false,false,false,2866
1580,161,1,42,42,86,1260,258,1002,0.20476190476190476,33,128,false,false,false,false,false,2816
1581,161,1,42,42,80,1260,240,1020,0.19047619047619047,42,119,false,false,false,false,false,2819
1582,161,1,42,42,76,1260,228,1032,0.18095238095238095,42,119,false,false,false,false,false,2759
1583,161,1,42,42,78,1260,234,1026,0.18571428571428572,40,121,false,false,false,false,false,2821
1584,161,1,42,42,87,1260,261,999,0.20714285714285716,40,121,false,false,false,false,false,2809
1585,161,1,42,42,75,1260,225,1035,0.17857142857142858,41,120,false,false,false,false,false,2858
1586,161,1,42,42,96,1260,288,972,0.22857142857142856,40,121,false,false,false,false,false,2852
1587,161,1,42,42,85,1260,255,1005,0.20238095238095238,50,111,false,false,false,false,false,2937
1588,161,1,42,42,85,1260,255,1005,0.20238095238095238,42,119,false,false,false,false,false,2813
1589,161,1,42,42,86,1260,258,1002,0.20476190476190476,33,128,false,false,false,false,false,2837
1590,161,1,42,42,83,1260,249,1011,0.1976190476190476,47,114,false,false,false,false,false,2855
1591,161,1,42,42,87,1260,261,999,0.20714285714285716,42,119,false,false,false,false,false,2832
1592,161,1,42,42,80,1260,240,1020,0.19047619047619047,42,119,false,false,false,false,false,2802
1593,161,1,42,42,78,1260,234,1026,0.18571428571428572,35,126,false,false,false,false,false,2875
1594,161,1,42,42,90,1260,270,990,0.21428571428571427,40,121,false,false,false,false,false,2820
1595,161,1,42,42,82,1260,246,1014,0.19523809523809524,42,119,false,false,false,false,false,2892
1596,161,1,42,42,88,1260,264,996,0.20952380952380953,41,120,false,false,false,false,false,2826
1597,161,1,42,42,95,1260,285,975,0.2261904761904762,46,115,false,false,false,false,false,2796
1598,161,1,42,42,87,1260,261,999,0.20714285714285716,43,118,false,false,false,false,false,2847
1599,161,1,42,42,90,1260,270,990,0.21428571428571427,41,120,false,false,false,false,false,2861
1600,161,1,42,42,87,1260,261,999,0.20714285714285716,42,119,false,false,false,false,false,2790
1601,161,1,42,42,81,1260,243,1017,0.19285714285714287,45,116,false,false,false,false,false,2780
1602,161,1,42,42,88,1260,264,996,0.20952380952380953,41,120,false,false,false,false,false,2836
1603,161,1,42,42,95,1260,285,975,0.2261904761904762,40,121,false,false,false,false,false,2823
1604,161,1,42,42,85,1260,255,1005,0.20238095238095238,43,118,false,false,false,false,false,2859
1605,161,1,42,42,81,1260,243,1017,0.19285714285714287,34,127,false,false,false,false,false,2846
1606,161,1,42,42,88,1260,264,996,0.20952380952380953,46,115,false,false,false,false,false,2885
1607,161,1,42,42,86,1260,258,1002,0.20476190476190476,42,119,false,false,false,false,false,2898
1608,161,1,42,42,88,1260,264,996,0.20952380952380953,36,125,false,false,false,false,false,2887
1609,161,1,42,42,90,1260,270,990,0.21428571428571427,46,115,false,false,false,false,false,2801
1610,161,1,42,42,89,1260,267,993,0.2119047619047619,43,118,false,false,false,false,false,2846
1611,161,1,42,42,101,1260,303,957,0.24047619047619048,46,115,false,false,false,false,false,2758
1612,161,1,42,42,88,1260,264,996,0.20952380952380953,42,119,false,false,false,false,false,2865
1613,161,1,42,42,90,1260,270,990,0.21428571428571427,38,123,false,false,false,false,false,2810
1614,161,1,42,42,91,1260,273,987,0.21666666666666667,44,117,false,false,false,false,false,2830
1615,161,1,42,42,80,1260,240,1020,0.19047619047619047,38,123,false,false,false,false,false,2872
1616,161,1,42,42,90,1260,270,990,0.21428571428571427,44,117,false,false,false,false,false,2879
1617,161,1,42,42,99,1260,297,963,0.2357142857142857,41,120,false,false,false,false,false,2857
1618,161,1,42,42,90,1260,270,990,0.21428571428571427,36,125,false,false,false,false,false,2836
1619,161,1,42,42,77,1260,231,1029,0.18333333333333332,43,118,false,false,false,false,false,2919
1620,161,1,42,42,96,1260,288,972,0.22857142857142856,48,113,false,false,false,false,false,2850
1621,161,1,42,42,80,1260,240,1020,0.19047619047619047,49,112,false,false,false,false,false,2876
1622,161,1,42,42,73,1260,219,1041,0.1738095238095238,33,128,false,false,false,false,false,2878
1623,161,1,42,42,92,1260,276,984,0.21904761904761905,36,125,false,false,false,false,false,2796
1624,161,1,42,42,89,1260,267,993,0.2119047619047619,42,119,false,false,false,false,false,2835
1625,161,1,42,42,84,1260,252,1008,0.2,40,121,false,false,false,false,false,2815
1626,161,1,42,42,70,1260,210,1050,0.16666666666666666,34,127,false,false,false,false,false,2857
1627,161,1,42,42,77,1260,231,1029,0.18333333333333332,41,120,false,false,false,false,false,2815
1628,161,1,42,42,94,1260,282,978,0.22380952380952382,42,119,false,false,false,false,false,2897
1629,161,1,42,42,90,1260,270,990,0.21428571428571427,43,118,false,false,false,false,false,2864
1630,161,1,42,42,85,1260,255,1005,0.20238095238095238,44,117,false,false,false,false,false,2817
1631,161,1,42,42,81,1260,243,1017,0.19285714285714287,44,117,false,false,false,false,false,2848
1632,161,1,42,42,84,1260,252,1008,0.2,41,120,false,false,false,false,false,2793
1633,161,1,42,42,97,1260,291,969,0.23095238095238096,45,116,false,false,false,false,false,2844
1634,161,1,42,42,78,1260,234,1026,0.18571428571428572,45,116,false,false,false,false,false,2825
1635,161,1,42,42,89,1260,267,993,0.2119047619047619,49,112,false,false,false,false,false,2893
1636,161,1,42,42,97,1260,291,969,0.23095238095238096,42,119,false,false,false,false,false,2843
1637,161,1,42,42,89,1260,267,993,0.2119047619047619,44,117,false,false,false,false,false,2880
1638,161,1,42,42,83,1260,249,1011,0.1976190476190476,41,120,false,false,false,false,false,2872
1639,161,1,42,42,87,1260,261,999,0.20714285714285716,47,114,false,false,false,false,false,2867
1640,161,1,42,42,87,1260,261,999,0.20714285714285716,41,120,false,false,false,false,false,2848
1641,161,1,42,42,85,1260,255,1005,0.20238095238095238,44,117,false,false,false,false,false,2804
1642,161,1,42,42,95,1260,285,975,0.2261904761904762,46,115,false,false,false,false,false,2814
1643,161,1,42,42,106,1260,318,942,0.2523809523809524,40,121,false,false,false,false,false,2855
1644,161,1,42,42,84,1260,252,1008,0.2,47,114,false,false,false,false,false,2863
1645,161,1,42,42,86,1260,258,1002,0.20476190476190476,50,111,false,false,false,false,false,2839
1646,161,1,42,42,100,1260,300,960,0.23809523809523808,51,110,false,false,false,false,false,2887
1647,161,1,42,42,86,1260,258,1002,0.20476190476190476,43,118,false,false,false,false,false,2844
1648,161,1,42,42,90,1260,270,990,0.21428571428571427,40,121,false,false,false,false,false,2842
1649,161,1,42,42,96,1260,288,972,0.22857142857142856,52,109,false,false,false,false,false,2877
1650,161,1,42,42,87,1260,261,999,0.20714285714285716,50,111,false,false,false,false,false,2845
1651,161,1,42,42,86,1260,258,1002,0.20476190476190476,43,118,false,false,false,false,false,2819
1652,161,1,42,42,84,1260,252,1008,0.2,36,125,false,false,false,false,false,2840
1653,161,1,42,42,85,1260,255,1005,0.20238095238095238,43,118,false,false,false,false,false,2820
1654,161,1,42,42,91,1260,273,987,0.21666666666666667,40,121,false,false,false,false,false,2752
1655,161,1,42,42,94,1260,282,978,0.22380952380952382,35,126,false,false,false,false,false,2883
1656,161,1,42,42,92,1260,276,984,0.21904761904761905,37,124,false,false,false,false,false,2814
1657,161,1,42,42,85,1260,255,1005,0.20238095238095238,45,116,false,false,false,false,false,2884
1658,161,1,42,42,95,1260,285,975,0.2261904761904762,51,110,false,false,false,false,false,2823
1659,161,1,42,42,78,1260,234,1026,0.18571428571428572,42,119,false,false,false,false,false,2839
1660,161,1,42,42,86,1260,258,1002,0.20476190476190476,47,114,false,false,false,false,false,2849
1661,161,1,42,42,81,1260,243,1017,0.19285714285714287,39,122,false,false,false,false,false,2879
1662,161,1,42,42,85,1260,255,1005,0.20238095238095238,31,130,false,false,false,false,false,2844
1663,161,1,42,42,77,1260,231,1029,0.18333333333333332,41,120,false,false,false,false,false,2897
1664,161,1,42,42,89,1260,267,993,0.2119047619047619,36,125,false,false,false,false,false,2865
1665,161,1,42,42,92,1260,276,984,0.21904761904761905,44,117,false,false,false,false,false,2858
1666,161,1,42,42,97,1260,291,969,0.23095238095238096,38,123,false,false,false,false,false,2827
1667,161,1,42,42,75,1260,225,1035,0.17857142857142858,44,117,false,false,false,false,false,2846
1668,161,1,42,42,82,1260,246,1014,0.19523809523809524,40,121,false,false,false,false,false,2805
1669,161,1,42,42,96,1260,288,972,0.22857142857142856,45,116,false,false,false,false,false,2890
1670,161,1,42,42,87,1260,261,999,0.20714285714285716,37,124,false,false,false,false,false,2836
1671,161,1,42,42,88,1260,264,996,0.20952380952380953,43,118,false,false,false,false,false,2846
1672,161,1,42,42,96,1260,288,972,0.22857142857142856,45,116,false,false,false,false,false,2870
1673,161,1,42,42,91,1260,273,987,0.21666666666666667,40,121,false,false,false,false,false,2823
1674,161,1,42,42,85,1260,255,1005,0.20238095238095238,43,118,false,false,false,false,false,2835
1675,161,1,42,42,86,1260,258,1002,0.20476190476190476,42,119,false,false,false,false,false,2858
1676,161,1,42,42,95,1260,285,975,0.2261904761904762,54,107,false,false,false,false,false,2820
1677,161,1,42,42,104,1260,312,948,0.24761904761904763,45,116,false,false,false,false,false,2885
1678,161,1,42,42,94,1260,282,978,0.22380952380952382,48,113,false,false,false,false,false,2812
1679,161,1,42,42,93,1260,279,981,0.22142857142857142,41,120,false,false,false,false,false,2902
1680,161,1,42,42,86,1260,258,1002,0.20476190476190476,42,119,false,false,false,false,false,2892
1681,161,1,42,42,91,1260,273,987,0.21666666666666667,39,122,false,false,false,false,false,2917
1682,161,1,42,42,80,1260,240,1020,0.19047619047619047,41,120,false,false,false,false,false,2871
1683,161,1,42,42,86,1260,258,1002,0.20476190476190476,42,119,false,false,false,false,false,2856
1684,161,1,42,42,76,1260,228,1032,0.18095238095238095,42,119,false,false,false,false,false,2864
1685,161,1,42,42,80,1260,240,1020,0.19047619047619047,42,119,false,false,false,false,false,2843
1686,161,1,42,42,78,1260,234,1026,0.18571428571428572,49,112,false,false,false,false,false,2882
1687,161,1,42,42,82,1260,246,1014,0.19523809523809524,43,118,false,false,false,false,false,2884
1688,161,1,42,42,78,1260,234,1026,0.18571428571428572,32,129,false,false,false,false,false,2830
1689,161,1,42,42,80,1260,240,1020,0.19047619047619047,34,127,false,false,false,false,false,2805
1690,161,1,42,42,90,1260,270,990,0.21428571428571427,45,116,false,false,false,false,false,2842
1691,161,1,42,42,77,1260,231,1029,0.18333333333333332,45,116,false,false,false,false,false,2900
1692,161,1,42,42,92,1260,276,984,0.21904761904761905,44,117,false,false,false,false,false,2805
1693,161,1,42,42,77,1260,231,1029,0.18333333333333332,37,124,false,false,false,false,false,2888
1694,161,1,42,42,96,1260,288,972,0.22857142857142856,46,115,false,false,false,false,false,2848
1695,161,1,42,42,81,1260,243,1017,0.19285714285714287,35,126,false,false,false,false,false,2826
1696,161,1,42,42,87,1260,261,999,0.20714285714285716,48,113,false,false,false,false,false,2870
1697,161,1,42,42,88,1260,264,996,0.20952380952380953,43,118,false,false,false,false,false,2841
1698,161,1,42,42,87,1260,261,999,0.20714285714285716,45,116,false,false,false,false,false,2844
1699,161,1,42,42,93,1260,279,981,0.22142857142857142,44,117,false,false,false,false,false,2836
1700,161,1,42,42,87,1260,261,999,0.20714285714285716,41,120,false,false,false,false,false,2917
1701,161,1,42,42,86,1260,258,1002,0.20476190476190476,47,114,false,false,false,false,false,2845
1702,161,1,42,42,81,1260,243,1017,0.19285714285714287,45,116,false,false,false,false,false,2777
1703,161,1,42,42,88,1260,264,996,0.20952380952380953,33,128,false,false,false,false,false,2822
1704,161,1,42,42,84,1260,252,1008,0.2,46,115,false,false,false,false,false,2802
1705,161,1,42,42,85,1260,255,1005,0.20238095238095238,36,125,false,false,false,false,false,2867
1706,161,1,42,42,92,1260,276,984,0.21904761904761905,46,115,false,false,false,false,false,2839
1707,161,1,42,42,91,1260,273,987,0.21666666666666667,40,121,false,false,false,false,false,2873
1708,161,1,42,42,74,1260,222,1038,0.1761904761904762,44,117,false,false,false,false,false,2876
1709,161,1,42,42,88,1260,264,996,0.20952380952380953,46,115,false,false,false,false,false,2841
1710,161,1,42,42,88,1260,264,996,0.20952380952380953,44,117,false,false,false,false,false,2872
1711,161,1,42,42,87,1260,261,999,0.20714285714285716,47,114,false,false,false,false,false,2848
1712,161,1,42,42,96,1260,288,972,0.22857142857142856,40,121,false,false,false,false,false,2814
1713,161,1,42,42,99,1260,297,963,0.2357142857142857,45,116,false,false,false,false,false,2823
1714,161,1,42,42,92,1260,276,984,0.21904761904761905,49,112,false,false,false,false,false,2766
1715,161,1,42,42,79,1260,237,1023,0.1880952380952381,38,123,false,false,false,false,false,2823
1716,161,1,42,42,92,1260,276,984,0.21904761904761905,35,126,false,false,false,false,false,2932
1717,161,1,42,42,82,1260,246,1014,0.19523809523809524,47,114,false,false,false,false,false,2904
1718,161,1,42,42,85,1260,255,1005,0.20238095238095238,43,118,false,false,false,false,false,2829
1719,161,1,42,42,91,1260,273,987,0.21666666666666667,35,126,false,false,false,false,false,2838
1720,161,1,42,42,78,1260,234,1026,0.18571428571428572,38,123,false,false,false,false,false,2871
1721,161,1,42,42,94,1260,282,978,0.22380952380952382,43,118,false,false,false,false,false,2832
1722,161,1,42,42,90,1260,270,990,0.21428571428571427,44,117,false,false,false,false,false,2875
1723,161,1,42,42,102,1260,306,954,0.24285714285714285,45,116,false,false,false,false,false,2870
1724,161,1,42,42,92,1260,276,984,0.21904761904761905,44,117,false,false,false,false,false,2860
1725,161,1,42,42,89,1260,267,993,0.2119047619047619,54,107,false,false,false,false,false,2836
1726,161,1,42,42,96,1260,288,972,0.22857142857142856,39,122,false,false,false,false,false,2855
1727,161,1,42,42,81,1260,243,1017,0.19285714285714287,39,122,false,false,false,false,false,2871
1728,161,1,42,42,85,1260,255,1005,0.20238095238095238,48,113,false,false,false,false,false,2833
1729,161,1,42,42,89,1260,267,993,0.2119047619047619,40,121,false,false,false,false,false,2816
1730,161,1,42,42,76,1260,228,1032,0.18095238095238095,32,129,false,false,false,false,false,2870
1731,161,1,42,42,88,1260,264,996,0.20952380952380953,43,118,false,false,false,false,false,2868
1732,161,1,42,42,92,1260,276,984,0.21904761904761905,43,118,false,false,false,false,false,2872
1733,161,1,42,42,92,1260,276,984,0.21904761904761905,44,117,false,false,false,false,false,2873
1734,161,1,42,42,84,1260,252,1008,0.2,41,120,false,false,false,false,false,2826
1735,161,1,42,42,75,1260,225,1035,0.17857142857142858,48,113,false,false,false,false,false,2835
1736,161,1,42,42,87,1260,261,999,0.20714285714285716,44,117,false,false,false,false,false,2853
1737,161,1,42,42,84,1260,252,1008,0.2,39,122,false,false,false,false,false,2897
1738,161,1,42,42,91,1260,273,987,0.21666666666666667,45,116,false,false,false,false,false,2847
1739,161,1,42,42,94,1260,282,978,0.22380952380952382,47,114,false,false,false,false,false,2858
1740,161,1,42,42,84,1260,252,1008,0.2,36,125,false,false,false,false,false,2836
1741,161,1,42,42,87,1260,261,999,0.20714285714285716,50,111,false,false,false,false,false,2860
1742,161,1,42,42,90,1260,270,990,0.21428571428571427,47,114,false,false,false,false,false,2797
1743,161,1,42,42,80,1260,240,1020,0.19047619047619047,46,115,false,false,false,false,false,2821
1744,161,1,42,42,86,1260,258,1002,0.20476190476190476,50,111,false,false,false,false,false,2897
1745,161,1,42,42,97,1260,291,969,0.23095238095238096,37,124,false,false,false,false,false,2873
1746,161,1,42,42,79,1260,237,1023,0.1880952380952381,39,122,false,false,false,false,false,2787
1747,161,1,42,42,89,1260,267,993,0.2119047619047619,41,120,false,false,false,false,false,2861
1748,161,1,42,42,88,1260,264,996,0.20952380952380953,42,119,false,false,false,false,false,2842
1749,161,1,42,42,81,1260,243,1017,0.19285714285714287,43,118,false,false,false,false,false,2821
1750,161,1,42,42,91,1260,273,987,0.21666666666666667,45,116,false,false,false,false,false,2859
1751,161,1,42,42,80,1260,240,1020,0.19047619047619047,42,119,false,false,false,false,false,2892
1752,161,1,42,42,87,1260,261,999,0.20714285714285716,38,123,false,false,false,false,false,2848
1753,161,1,42,42,85,1260,255,1005,0.20238095238095238,48,113,false,false,false,false,false,2892
1754,161,1,42,42,92,1260,276,984,0.21904761904761905,40,121,false,false,false,false,false,2856
1755,161,1,42,42,91,1260,273,987,0.21666666666666667,40,121,false,false,false,false,false,2865
1756,161,1,42,42,83,1260,249,1011,0.1976190476190476,47,114,false,false,false,false,false,2920
1757,161,1,42,42,84,1260,252,1008,0.2,48,113,false,false,false,false,false,2840
1758,161,1,42,42,87,1260,261,999,0.20714285714285716,39,122,false,false,false,false,false,2875
1759,161,1,42,42,92,1260,276,984,0.21904761904761905,47,114,false,false,false,false,false,2838
1760,161,1,42,42,92,1260,276,984,0.21904761904761905,43,118,false,false,false,false,false,2785
1761,161,1,42,42,89,1260,267,993,0.2119047619047619,44,117,false,false,false,false,false,2884
1762,161,1,42,42,72,1260,216,1044,0.17142857142857143,42,119,false,false,false,false,false,2863
1763,161,1,42,42,81,1260,243,1017,0.19285714285714287,37,124,false,false,false,false,false,2876
1764,161,1,42,42,77,1260,231,1029,0.18333333333333332,39,122,false,false,false,false,false,2822
1765,161,1,42,42,92,1260,276,984,0.21904761904761905,40,121,false,false,false,false,false,2848
1766,161,1,42,42,90,1260,270,990,0.21428571428571427,42,119,false,false,false,false,false,2832
1767,161,1,42,42,90,1260,270,990,0.21428571428571427,58,103,false,false,false,false,false,2742
1768,161,1,42,42,80,1260,240,1020,0.19047619047619047,54,107,false,false,false,false,false,2872
1769,161,1,42,42,86,1260,258,1002,0.20476190476190476,42,119,false,false,false,false,false,2847
1770,161,1,42,42,81,1260,243,1017,0.19285714285714287,50,111,false,false,false,false,false,2872
1771,161,1,42,42,89,1260,267,993,0.2119047619047619,46,115,false,false,false,false,false,2825
1772,161,1,42,42,88,1260,264,996,0.20952380952380953,38,123,false,false,false,false,false,2860
1773,161,1,42,42,89,1260,267,993,0.2119047619047619,49,112,false,false,false,false,false,2878
1774,161,1,42,42,87,1260,261,999,0.20714285714285716,41,120,false,false,false,false,false,2842
1775,161,1,42,42,89,1260,267,993,0.2119047619047619,44,117,false,false,false,false,false,2884
1776,161,1,42,42,82,1260,246,1014,0.19523809523809524,48,113,false,false,false,false,false,2879
1777,161,1,42,42,96,1260,288,972,0.22857142857142856,49,112,false,false,false,false,false,2866
1778,161,1,42,42,83,1260,249,1011,0.1976190476190476,39,122,false,false,false,false,false,2816
1779,161,1,42,42,90,1260,270,990,0.21428571428571427,36,125,false,false,false,false,false,2888
1780,161,1,42,42,87,1260,261,999,0.20714285714285716,39,122,false,false,false,false,false,2856
1781,161,1,42,42,75,1260,225,1035,0.17857142857142858,40,121,false,false,false,false,false,2887
1782,161,1,42,42,89,1260,267,993,0.2119047619047619,49,112,false,false,false,false,false,2849
1783,161,1,42,42,83,1260,249,1011,0.1976190476190476,39,122,false,false,false,false,false,2866
1784,161,1,42,42,87,1260,261,999,0.20714285714285716,39,122,false,false,false,false,false,2839
1785,161,1,42,42,88,1260,264,996,0.20952380952380953,44,117,false,false,false,false,false,2835
1786,161,1,42,42,85,1260,255,1005,0.20238095238095238,42,119,false,false,false,false,false,2916
1787,161,1,42,42,86,1260,258,1002,0.20476190476190476,39,122,false,false,false,false,false,2812
1788,161,1,42,42,87,1260,261,999,0.20714285714285716,46,115,false,false,false,false,false,2862
1789,161,1,42,42,84,1260,252,1008,0.2,36,125,false,false,false,false,false,2813
1790,161,1,42,42,77,1260,231,1029,0.18333333333333332,45,116,false,false,false,false,false,2848
1791,161,1,42,42,84,1260,252,1008,0.2,35,126,false,false,false,false,false,2853
1792,161,1,42,42,79,1260,237,1023,0.1880952380952381,41,120,false,false,false,false,false,2879
1793,161,1,42,42,79,1260,237,1023,0.1880952380952381,42,119,false,false,false,false,false,2862
1794,161,1,42,42,88,1260,264,996,0.20952380952380953,36,125,false,false,false,false,false,2877
1795,161,1,42,42,78,1260,234,1026,0.18571428571428572,35,126,false,false,false,false,false,2849
1796,161,1,42,42,100,1260,300,960,0.23809523809523808,45,116,false,false,false,false,false,2884
1797,161,1,42,42,83,1260,249,1011,0.1976190476190476,35,126,false,false,false,false,false,2841
1798,161,1,42,42,87,1260,261,999,0.20714285714285716,43,118,false,false,false,false,false,2830
1799,161,1,42,42,83,1260,249,1011,0.1976190476190476,37,124,false,false,false,false,false,2907
1800,161,1,42,42,78,1260,234,1026,0.18571428571428572,39,122,false,false,false,false,false,2879
1801,161,1,42,42,89,1260,267,993,0.2119047619047619,41,120,false,false,false,false,false,2814
1802,161,1,42,42,94,1260,282,978,0.22380952380952382,49,112,false,false,false,false,false,2831
1803,161,1,42,42,89,1260,267,993,0.2119047619047619,38,123,false,false,false,false,false,2848
1804,161,1,42,42,81,1260,243,1017,0.19285714285714287,39,122,false,false,false,false,false,2800
1805,161,1,42,42,93,1260,279,981,0.22142857142857142,41,120,false,false,false,false,false,2873
1806,161,1,42,42,77,1260,231,1029,0.18333333333333332,37,124,false,false,false,false,false,2843
1807,161,1,42,42,84,1260,252,1008,0.2,46,115,false,false,false,false,false,2814
1808,161,1,42,42,83,1260,249,1011,0.1976190476190476,48,113,false,false,false,false,false,2903
1809,161,1,42,42,85,1260,255,1005,0.20238095238095238,41,120,false,false,false,false,false,2910
1810,161,1,42,42,102,1260,306,954,0.24285714285714285,41,120,false,false,false,false,false,2814
1811,161,1,42,42,88,1260,264,996,0.20952380952380953,46,115,false,false,false,false,false,2826
1812,161,1,42,42,89,1260,267,993,0.2119047619047619,44,117,false,false,false,false,false,2811
1813,161,1,42,42,83,1260,249,1011,0.1976190476190476,46,115,false,false,false,false,false,2870
1814,161,1,42,42,82,1260,246,1014,0.19523809523809524,46,115,false,false,false,false,false,2909
1815,161,1,42,42,85,1260,255,1005,0.20238095238095238,41,120,false,false,false,false,false,2874
1816,161,1,42,42,93,1260,279,981,0.22142857142857142,41,120,false,false,false,false,false,2869
1817,161,1,42,42,89,1260,267,993,0.2119047619047619,38,123,false,false,false,false,false,2870
1818,161,1,42,42,85,1260,255,1005,0.20238095238095238,40,121,false,false,false,false,false,2886
1819,161,1,42,42,89,1260,267,993,0.2119047619047619,41,120,false,false,false,false,false,2863
1820,161,1,42,42,98,1260,294,966,0.23333333333333334,43,118,false,false,false,false,false,2823
1821,161,1,42,42,87,1260,261,999,0.20714285714285716,38,123,false,false,false,false,false,2830
1822,161,1,42,42,78,1260,234,1026,0.18571428571428572,33,128,false,false,false,false,false,2873
1823,161,1,42,42,94,1260,282,978,0.22380952380952382,33,128,false,false,false,false,false,2833
1824,161,1,42,42,81,1260,243,1017,0.19285714285714287,45,116,false,false,false,false,false,2871
1825,161,1,42,42,84,1260,252,1008,0.2,31,130,false,false,false,false,false,2843
1826,161,1,42,42,84,1260,252,1008,0.2,43,118,false,false,false,false,false,2816
1827,161,1,42,42,88,1260,264,996,0.20952380952380953,38,123,false,false,false,false,false,2914
1828,161,1,42,42,94,1260,282,978,0.22380952380952382,41,120,false,false,false,false,false,2892
1829,161,1,42,42,96,1260,288,972,0.22857142857142856,45,116,false,false,false,false,false,2887
1830,161,1,42,42,105,1260,315,945,0.25,44,117,false,false,false,false,false,2797
1831,161,1,42,42,81,1260,243,1017,0.19285714285714287,37,124,false,false,false,false,false,2809
1832,161,1,42,42,96,1260,288,972,0.22857142857142856,42,119,false,false,false,false,false,2836
1833,161,1,42,42,92,1260,276,984,0.21904761904761905,41,120,false,false,false,false,false,2843
1834,161,1,42,42,94,1260,282,978,0.22380952380952382,37,124,false,false,false,false,false,2813
1835,161,1,42,42,102,1260,306,954,0.24285714285714285,48,113,false,false,false,false,false,2840
1836,161,1,42,42,89,1260,267,993,0.2119047619047619,35,126,false,false,false,false,false,2873
1837,161,1,42,42,91,1260,273,987,0.21666666666666667,43,118,false,false,false,false,false,2860
1838,161,1,42,42,93,1260,279,981,0.22142857142857142,48,113,false,false,false,false,false,2813
1839,161,1,42,42,81,1260,243,1017,0.19285714285714287,42,119,false,false,false,false,false,2862
1840,161,1,42,42,94,1260,282,978,0.22380952380952382,45,116,false,false,false,false,false,2820
1841,161,1,42,42,81,1260,243,1017,0.19285714285714287,40,121,false,false,false,false,false,2853
1842,161,1,42,42,84,1260,252,1008,0.2,47,114,false,false,false,false,false,2886
1843,161,1,42,42,86,1260,258,1002,0.20476190476190476,34,127,false,false,false,false,false,2831
1844,161,1,42,42,93,1260,279,981,0.22142857142857142,43,118,false,false,false,false,false,2844
1845,161,1,42,42,77,1260,231,1029,0.18333333333333332,47,114,false,false,false,false,false,2874
1846,161,1,42,42,84,1260,252,1008,0.2,43,118,false,false,false,false,false,2848
1847,161,1,42,42,91,1260,273,987,0.21666666666666667,46,115,false,false,false,false,false,2894
1848,161,1,42,42,85,1260,255,1005,0.20238095238095238,40,121,false,false,false,false,false,2894
1849,161,1,42,42,86,1260,258,1002,0.20476190476190476,34,127,false,false,false,false,false,2758
1850,161,1,42,42,106,1260,318,942,0.2523809523809524,48,113,false,false,false,false,false,2840
1851,161,1,42,42,86,1260,258,1002,0.20476190476190476,46,115,false,false,false,false,false,2848
1852,161,1,42,42,85,1260,255,1005,0.20238095238095238,38,123,false,false,false,false,false,2854
1853,161,1,42,42,83,1260,249,1011,0.1976190476190476,42,119,false,false,false,false,false,2859
1854,161,1,42,42,74,1260,222,1038,0.1761904761904762,46,115,false,false,false,false,false,2809
1855,161,1,42,42,89,1260,267,993,0.2119047619047619,45,116,false,false,false,false,false,2871
1856,161,1,42,42,92,1260,276,984,0.21904761904761905,41,120,false,false,false,false,false,2841
1857,161,1,42,42,80,1260,240,1020,0.19047619047619047,41,120,false,false,false,false,false,2825
1858,161,1,42,42,80,1260,240,1020,0.19047619047619047,43,118,false,false,false,false,false,2790
1859,161,1,42,42,89,1260,267,993,0.2119047619047619,37,124,false,false,false,false,false,2803
1860,161,1,42,42,84,1260,252,1008,0.2,43,118,false,false,false,false,false,2849
1861,161,1,42,42,89,1260,267,993,0.2119047619047619,47,114,false,false,false,false,false,2825
1862,161,1,42,42,79,1260,237,1023,0.1880952380952381,42,119,false,false,false,false,false,2841
1863,161,1,42,42,79,1260,237,1023,0.1880952380952381,46,115,false,false,false,false,false,2869
1864,161,1,42,42,94,1260,282,978,0.22380952380952382,46,115,false,false,false,false,false,2832
1865,161,1,42,42,94,1260,282,978,0.22380952380952382,44,117,false,false,false,false,false,2808
1866,161,1,42,42,75,1260,225,1035,0.17857142857142858,44,117,false,false,false,false,false,2813
1867,161,1,42,42,86,1260,258,1002,0.20476190476190476,36,125,false,false,false,false,false,2856
1868,161,1,42,42,84,1260,252,1008,0.2,28,133,false,false,false,false,false,2909
1869,161,1,42,42,78,1260,234,1026,0.18571428571428572,42,119,false,false,false,false,false,2849
1870,161,1,42,42,94,1260,282,978,0.22380952380952382,39,122,false,false,false,false,false,2847
1871,161,1,42,42,91,1260,273,987,0.21666666666666667,42,119,false,false,false,false,false,2766
1872,161,1,42,42,86,1260,258,1002,0.20476190476190476,39,122,false,false,false,false,false,2860
1873,161,1,42,42,92,1260,276,984,0.21904761904761905,48,113,false,false,false,false,false,2840
1874,161,1,42,42,83,1260,249,1011,0.1976190476190476,43,118,false,false,false,false,false,2888
1875,161,1,42,42,82,1260,246,1014,0.19523809523809524,47,114,false,false,false,false,false,2817
1876,161,1,42,42,82,1260,246,1014,0.19523809523809524,49,112,false,false,false,false,false,2917
1877,161,1,42,42,91,1260,273,987,0.21666666666666667,33,128,false,false,false,false,false,2813
1878,161,1,42,42,84,1260,252,1008,0.2,36,125,false,false,false,false,false,2881
1879,161,1,42,42,89,1260,267,993,0.2119047619047619,44,117,false,false,false,false,false,2852
1880,161,1,42,42,87,1260,261,999,0.20714285714285716,41,120,false,false,false,false,false,2871
1881,161,1,42,42,90,1260,270,990,0.21428571428571427,40,121,false,false,false,false,false,2859
1882,161,1,42,42,91,1260,273,987,0.21666666666666667,40,121,false,false,false,false,false,2873
1883,161,1,42,42,81,1260,243,1017,0.19285714285714287,44,117,false,false,false,false,false,2857
1884,161,1,42,42,81,1260,243,1017,0.19285714285714287,39,122,false,false,false,false,false,2885
1885,161,1,42,42,71,1260,213,1047,0.16904761904761906,35,126,false,false,false,false,false,2826
1886,161,1,42,42,83,1260,249,1011,0.1976190476190476,42,119,false,false,false,false,false,2830
1887,161,1,42,42,91,1260,273,987,0.21666666666666667,41,120,false,false,false,false,false,2899
1888,161,1,42,42,98,1260,294,966,0.23333333333333334,52,109,false,false,false,false,false,2852
1889,161,1,42,42,85,1260,255,1005,0.20238095238095238,38,123,false,false,false,false,false,2806
1890,161,1,42,42,84,1260,252,1008,0.2,44,117,false,false,false,false,false,2910
1891,161,1,42,42,88,1260,264,996,0.20952380952380953,39,122,false,false,false,false,false,2830
1892,161,1,42,42,77,1260,231,1029,0.18333333333333332,41,120,false,false,false,false,false,2818
1893,161,1,42,42,85,1260,255,1005,0.20238095238095238,43,118,false,false,false,false,false,2856
1894,161,1,42,42,81,1260,243,1017,0.19285714285714287,32,129,false,false,false,false,false,2812
1895,161,1,42,42,82,1260,246,1014,0.19523809523809524,44,117,false,false,false,false,false,2840
1896,161,1,42,42,88,1260,264,996,0.20952380952380953,35,126,false,false,false,false,false,2783
1897,161,1,42,42,69,1260,207,1053,0.16428571428571428,42,119,false,false,false,false,false,2856
1898,161,1,42,42,97,1260,291,969,0.23095238095238096,45,116,false,false,false,false,false,2828
1899,161,1,42,42,93,1260,279,981,0.22142857142857142,42,119,false,false,false,false,false,2833
1900,161,1,42,42,86,1260,258,1002,0.20476190476190476,42,119,false,false,false,false,false,2865
1901,161,1,42,42,85,1260,255,1005,0.20238095238095238,47,114,false,false,false,false,false,2844
1902,161,1,42,42,102,1260,306,954,0.24285714285714285,49,112,false,false,false,false,false,2833
1903,161,1,42,42,87,1260,261,999,0.20714285714285716,40,121,false,false,false,false,false,2869
1904,161,1,42,42,77,1260,231,1029,0.18333333333333332,36,125,false,false,false,false,false,2844
1905,161,1,42,42,91,1260,273,987,0.21666666666666667,48,113,false,false,false,false,false,2855
1906,161,1,42,42,81,1260,243,1017,0.19285714285714287,46,115,false,false,false,false,false,2873
1907,161,1,42,42,86,1260,258,1002,0.20476190476190476,36,125,false,false,false,false,false,2893
1908,161,1,42,42,88,1260,264,996,0.20952380952380953,39,122,false,false,false,false,false,2849
1909,161,1,42,42,90,1260,270,990,0.21428571428571427,48,113,false,false,false,false,false,2829
1910,161,1,42,42,94,1260,282,978,0.22380952380952382,44,117,false,false,false,false,false,2860
1911,161,1,42,42,85,1260,255,1005,0.20238095238095238,33,128,false,false,false,false,false,2850
1912,161,1,42,42,90,1260,270,990,0.21428571428571427,44,117,false,false,false,false,false,2805
1913,161,1,42,42,89,1260,267,993,0.2119047619047619,45,116,false,false,false,false,false,2882
1914,161,1,42,42,87,1260,261,999,0.20714285714285716,42,119,false,false,false,false,false,2887
1915,161,1,42,42,86,1260,258,1002,0.20476190476190476,53,108,false,false,false,false,false,2816
1916,161,1,42,42,80,1260,240,1020,0.19047619047619047,38,123,false,false,false,false,false,2870
1917,161,1,42,42,79,1260,237,1023,0.1880952380952381,42,119,false,false,false,false,false,2838
1918,161,1,42,42,101,1260,303,957,0.24047619047619048,36,125,false,false,false,false,false,2853
1919,161,1,42,42,91,1260,273,987,0.21666666666666667,44,117,false,false,false,false,false,2865
1920,161,1,42,42,73,1260,219,1041,0.1738095238095238,50,111,false,false,false,false,false,2833
1921,161,1,42,42,86,1260,258,1002,0.20476190476190476,46,115,false,false,false,false,false,2822
1922,161,1,42,42,87,1260,261,999,0.20714285714285716,42,119,false,false,false,false,false,2883
1923,161,1,42,42,89,1260,267,993,0.2119047619047619,35,126,false,false,false,false,false,2808
1924,161,1,42,42,79,1260,237,1023,0.1880952380952381,43,118,false,false,false,false,false,2770
1925,161,1,42,42,92,1260,276,984,0.21904761904761905,47,114,false,false,false,false,false,2879
1926,161,1,42,42,68,1260,204,1056,0.1619047619047619,38,123,false,false,false,false,false,2885
1927,161,1,42,42,93,1260,279,981,0.22142857142857142,43,118,false,false,false,false,false,2896
1928,161,1,42,42,81,1260,243,1017,0.19285714285714287,50,111,false,false,false,false,false,2790
1929,161,1,42,42,86,1260,258,1002,0.20476190476190476,44,117,false,false,false,false,false,2860
1930,161,1,42,42,80,1260,240,1020,0.19047619047619047,47,114,false,false,false,false,false,2850
1931,161,1,42,42,98,1260,294,966,0.23333333333333334,40,121,false,false,false,false,false,2841
1932,161,1,42,42,93,1260,279,981,0.22142857142857142,48,113,false,false,false,false,false,2828
1933,161,1,42,42,88,1260,264,996,0.20952380952380953,44,117,false,false,false,false,false,2818
1934,161,1,42,42,87,1260,261,999,0.20714285714285716,44,117,false,false,false,false,false,2836
1935,161,1,42,42,75,1260,225,1035,0.17857142857142858,38,123,false,false,false,false,false,2819
1936,161,1,42,42,95,1260,285,975,0.2261904761904762,42,119,false,false,false,false,false,2851
1937,161,1,42,42,82,1260,246,1014,0.19523809523809524,49,112,false,false,false,false,false,2858
1938,161,1,42,42,89,1260,267,993,0.2119047619047619,40,121,false,false,false,false,false,2818
1939,161,1,42,42,93,1260,279,981,0.22142857142857142,47,114,false,false,false,false,false,2800
1940,161,1,42,42,98,1260,294,966,0.23333333333333334,47,114,false,false,false,false,false,2853
1941,161,1,42,42,84,1260,252,1008,0.2,45,116,false,false,false,false,false,2880
1942,161,1,42,42,93,1260,279,981,0.22142857142857142,39,122,false,false,false,false,false,2831
1943,161,1,42,42,103,1260,309,951,0.24523809523809523,39,122,false,false,false,false,false,2808
1944,161,1,42,42,80,1260,240,1020,0.19047619047619047,39,122,false,false,false,false,false,2820
1945,161,1,42,42,83,1260,249,1011,0.1976190476190476,46,115,false,false,false,false,false,2871
1946,161,1,42,42,77,1260,231,1029,0.18333333333333332,40,121,false,false,false,false,false,2781
1947,161,1,42,42,87,1260,261,999,0.20714285714285716,45,116,false,false,false,false,false,2830
1948,161,1,42,42,83,1260,249,1011,0.1976190476190476,41,120,false,false,false,false,false,2802
1949,161,1,42,42,94,1260,282,978,0.22380952380952382,38,123,false,false,false,false,false,2924
1950,161,1,42,42,97,1260,291,969,0.23095238095238096,36,125,false,false,false,false,false,2856
1951,161,1,42,42,93,1260,279,981,0.22142857142857142,45,116,false,false,false,false,false,2817
1952,161,1,42,42,71,1260,213,1047,0.16904761904761906,41,120,false,false,false,false,false,2792
1953,161,1,42,42,85,1260,255,1005,0.20238095238095238,36,125,false,false,false,false,false,2872
1954,161,1,42,42,90,1260,270,990,0.21428571428571427,45,116,false,false,false,false,false,2779
1955,161,1,42,42,82,1260,246,1014,0.19523809523809524,49,112,false,false,false,false,false,2854
1956,161,1,42,42,94,1260,282,978,0.22380952380952382,42,119,false,false,false,false,false,2799
1957,161,1,42,42,86,1260,258,1002,0.20476190476190476,50,111,false,false,false,false,false,2885
1958,161,1,42,42,69,1260,207,1053,0.16428571428571428,42,119,false,false,false,false,false,2898
1959,161,1,42,42,88,1260,264,996,0.20952380952380953,40,121,false,false,false,false,false,2764
1960,161,1,42,42,92,1260,276,984,0.21904761904761905,44,117,false,false,false,false,false,2854
1961,161,1,42,42,86,1260,258,1002,0.20476190476190476,42,119,false,false,false,false,false,2851
1962,161,1,42,42,82,1260,246,1014,0.19523809523809524,40,121,false,false,false,false,false,2826
1963,161,1,42,42,87,1260,261,999,0.20714285714285716,40,121,false,false,false,false,false,2797
1964,161,1,42,42,98,1260,294,966,0.23333333333333334,40,121,false,false,false,false,false,2828
1965,161,1,42,42,85,1260,255,1005,0.20238095238095238,44,117,false,false,false,false,false,2864
1966,161,1,42,42,75,1260,225,1035,0.17857142857142858,38,123,false,false,false,false,false,2859
1967,161,1,42,42,86,1260,258,1002,0.20476190476190476,47,114,false,false,false,false,false,2796
1968,161,1,42,42,86,1260,258,1002,0.20476190476190476,38,123,false,false,false,false,false,2834
1969,161,1,42,42,84,1260,252,1008,0.2,44,117,false,false,false,false,false,2901
1970,161,1,42,42,89,1260,267,993,0.2119047619047619,39,122,false,false,false,false,false,2859
1971,161,1,42,42,85,1260,255,1005,0.20238095238095238,50,111,false,false,false,false,false,2868
1972,161,1,42,42,90,1260,270,990,0.21428571428571427,43,118,false,false,false,false,false,2830
1973,161,1,42,42,82,1260,246,1014,0.19523809523809524,39,122,false,false,false,false,false,2831
1974,161,1,42,42,89,1260,267,993,0.2119047619047619,40,121,false,false,false,false,false,2843
1975,161,1,42,42,91,1260,273,987,0.21666666666666667,49,112,false,false,false,false,false,2834
1976,161,1,42,42,81,1260,243,1017,0.19285714285714287,41,120,false,false,false,false,false,2846
1977,161,1,42,42,88,1260,264,996,0.20952380952380953,42,119,false,false,false,false,false,2850
1978,161,1,42,42,76,1260,228,1032,0.18095238095238095,37,124,false,false,false,false,false,2818
1979,161,1,42,42,88,1260,264,996,0.20952380952380953,40,121,false,false,false,false,false,2867
1980,161,1,42,42,86,1260,258,1002,0.20476190476190476,50,111,false,false,false,false,false,2839
1981,161,1,42,42,83,1260,249,1011,0.1976190476190476,43,118,false,false,false,false,false,2851
1982,161,1,42,42,76,1260,228,1032,0.18095238095238095,41,120,false,false,false,false,false,2782
1983,161,1,42,42,81,1260,243,1017,0.19285714285714287,38,123,false,false,false,false,false,2780
1984,161,1,42,42,90,1260,270,990,0.21428571428571427,52,109,false,false,false,false,false,2782
1985,161,1,42,42,91,1260,273,987,0.21666666666666667,40,121,false,false,false,false,false,2856
1986,161,1,42,42,86,1260,258,1002,0.20476190476190476,47,114,false,false,false,false,false,2825
1987,161,1,42,42,80,1260,240,1020,0.19047619047619047,52,109,false,false,false,false,false,2821
1988,161,1,42,42,92,1260,276,984,0.21904761904761905,42,119,false,false,false,false,false,2844
1989,161,1,42,42,86,1260,258,1002,0.20476190476190476,36,125,false,false,false,false,false,2862
1990,161,1,42,42,79,1260,237,1023,0.1880952380952381,41,120,false,false,false,false,false,2857
1991,161,1,42,42,96,1260,288,972,0.22857142857142856,44,117,false,false,false,false,false,2793
1992,161,1,42,42,83,1260,249,1011,0.1976190476190476,51,110,false,false,false,false,false,2849
1993,161,1,42,42,79,1260,237,1023,0.1880952380952381,49,112,false,false,false,false,false,2864
1994,161,1,42,42,81,1260,243,1017,0.19285714285714287,47,114,false,false,false,false,false,2791
1995,161,1,42,42,89,1260,267,993,0.2119047619047619,40,121,false,false,false,false,false,2842
1996,161,1,42,42,93,1260,279,981,0.22142857142857142,47,114,false,false,false,false,false,2827
1997,161,1,42,42,82,1260,246,1014,0.19523809523809524,42,119,false,false,false,false,false,2836
1998,161,1,42,42,83,1260,249,1011,0.1976190476190476,41,120,false,false,false,false,false,2830
1999,161,1,42,42,83,1260,249,1011,0.1976190476190476,44,117,false,false,false,false,false,2854
2000,161,1,42,42,88,1260,264,996,0.20952380952380953,48,113,false,false,false,false,false,2845
