file_path,source_path_absolute,cluster_id,associated_run_id,file_role,file_type,size_bytes,hash_available,hash_value,note
bridge_carrier_block_c_v1/BRIDGE_CARRIER_BLOCK_C_RESULTS.md,/home/ralf-kemmann/Downloads/_duplicate_quarantine/run_20260429_091132/files/deBroglie_Kaster_Theorie/debroglie-phase-bridge/debroglie-phase-bridge/typ_b_analysis/results/bridge_carrier_block_c_v1/BRIDGE_CARRIER_BLOCK_C_RESULTS.md,bridge_carrier_block_c_v1,bridge_carrier_block_c_v1,markdown_other,md,1469,true,0cf5ca103b334de2637f5bc6cdb39db6fab3451692c20298c74d28add5570462,
bridge_carrier_block_c_v1/bridge_carrier_block_c.csv,/home/ralf-kemmann/Downloads/_duplicate_quarantine/run_20260429_091132/files/deBroglie_Kaster_Theorie/debroglie-phase-bridge/debroglie-phase-bridge/typ_b_analysis/results/bridge_carrier_block_c_v1/bridge_carrier_block_c.csv,bridge_carrier_block_c_v1,bridge_carrier_block_c_v1,csv_other,csv,2681,true,bb0ca39fa4a4bcee1c779cac4bc9a39f2f848d1d12552b810c2c4ac171648f79,
bridge_carrier_block_c_v1/summary.json,/home/ralf-kemmann/Downloads/_duplicate_quarantine/run_20260429_091132/files/deBroglie_Kaster_Theorie/debroglie-phase-bridge/debroglie-phase-bridge/typ_b_analysis/results/bridge_carrier_block_c_v1/summary.json,bridge_carrier_block_c_v1,bridge_carrier_block_c_v1,summary,json,8355,true,64319daa7748067e1c9ab26104ffe8e09e84669c4fa969e57305fa1b0cf28a1f,
bridge_carrier_block_c_v1/variant_reports/full.json,/home/ralf-kemmann/Downloads/_duplicate_quarantine/run_20260429_091132/files/deBroglie_Kaster_Theorie/debroglie-phase-bridge/debroglie-phase-bridge/typ_b_analysis/results/bridge_carrier_block_c_v1/variant_reports/full.json,bridge_carrier_block_c_v1,bridge_carrier_block_c_v1/variant_reports/full,variant_report,json,525,true,c2d12032d6c339fa3ea0096ed2d5fb88f978c17b6fa6e1d10d2b732834d29dd8,
bridge_carrier_block_c_v1/variant_reports/single_distance.json,/home/ralf-kemmann/Downloads/_duplicate_quarantine/run_20260429_091132/files/deBroglie_Kaster_Theorie/debroglie-phase-bridge/debroglie-phase-bridge/typ_b_analysis/results/bridge_carrier_block_c_v1/variant_reports/single_distance.json,bridge_carrier_block_c_v1,bridge_carrier_block_c_v1/variant_reports/single_distance,variant_report,json,461,true,46123cc846ac3098dee981f5f8218e58d3871b134864a0cfd158e9ba5eea0cb5,
bridge_carrier_block_c_v1/variant_reports/single_grid.json,/home/ralf-kemmann/Downloads/_duplicate_quarantine/run_20260429_091132/files/deBroglie_Kaster_Theorie/debroglie-phase-bridge/debroglie-phase-bridge/typ_b_analysis/results/bridge_carrier_block_c_v1/variant_reports/single_grid.json,bridge_carrier_block_c_v1,bridge_carrier_block_c_v1/variant_reports/single_grid,variant_report,json,452,true,06ced58739f680562edf3bbaaf07693bec90aab688d4c3b70754e6f32e9e2496,
bridge_carrier_block_c_v1/variant_reports/single_rigidity.json,/home/ralf-kemmann/Downloads/_duplicate_quarantine/run_20260429_091132/files/deBroglie_Kaster_Theorie/debroglie-phase-bridge/debroglie-phase-bridge/typ_b_analysis/results/bridge_carrier_block_c_v1/variant_reports/single_rigidity.json,bridge_carrier_block_c_v1,bridge_carrier_block_c_v1/variant_reports/single_rigidity,variant_report,json,460,true,b8cb5fc68b50c691ab857e51ba17069811c412b62b90990853ef90d04efd8503,
bridge_carrier_block_c_v1/variant_reports/single_spacing.json,/home/ralf-kemmann/Downloads/_duplicate_quarantine/run_20260429_091132/files/deBroglie_Kaster_Theorie/debroglie-phase-bridge/debroglie-phase-bridge/typ_b_analysis/results/bridge_carrier_block_c_v1/variant_reports/single_spacing.json,bridge_carrier_block_c_v1,bridge_carrier_block_c_v1/variant_reports/single_spacing,variant_report,json,450,true,b501d989cd61665e29471e7269d850a7f5918e02f1b4afe016cb7fb192c43f54,
bridge_carrier_block_c_v1/variant_reports/triple_without_distance.json,/home/ralf-kemmann/Downloads/_duplicate_quarantine/run_20260429_091132/files/deBroglie_Kaster_Theorie/debroglie-phase-bridge/debroglie-phase-bridge/typ_b_analysis/results/bridge_carrier_block_c_v1/variant_reports/triple_without_distance.json,bridge_carrier_block_c_v1,bridge_carrier_block_c_v1/variant_reports/triple_without_distance,variant_report,json,516,true,3ed29c06ae8b57b51cef23da8573462759a9b28f005e1975273f0f58c53a804e,
bridge_carrier_block_c_v1/variant_reports/triple_without_grid.json,/home/ralf-kemmann/Downloads/_duplicate_quarantine/run_20260429_091132/files/deBroglie_Kaster_Theorie/debroglie-phase-bridge/debroglie-phase-bridge/typ_b_analysis/results/bridge_carrier_block_c_v1/variant_reports/triple_without_grid.json,bridge_carrier_block_c_v1,bridge_carrier_block_c_v1/variant_reports/triple_without_grid,variant_report,json,511,true,bc8fa37cfa9345fbcbd6bf31c5d56d681a73ac97042bdc484391e27d9cefbf86,
bridge_carrier_block_c_v1/variant_reports/triple_without_rigidity.json,/home/ralf-kemmann/Downloads/_duplicate_quarantine/run_20260429_091132/files/deBroglie_Kaster_Theorie/debroglie-phase-bridge/debroglie-phase-bridge/typ_b_analysis/results/bridge_carrier_block_c_v1/variant_reports/triple_without_rigidity.json,bridge_carrier_block_c_v1,bridge_carrier_block_c_v1/variant_reports/triple_without_rigidity,variant_report,json,508,true,0f635728ef557911ba0cef71d42cc20d3865608826d59b108cfe60c692dda8dc,
bridge_carrier_block_c_v1/variant_reports/triple_without_spacing.json,/home/ralf-kemmann/Downloads/_duplicate_quarantine/run_20260429_091132/files/deBroglie_Kaster_Theorie/debroglie-phase-bridge/debroglie-phase-bridge/typ_b_analysis/results/bridge_carrier_block_c_v1/variant_reports/triple_without_spacing.json,bridge_carrier_block_c_v1,bridge_carrier_block_c_v1/variant_reports/triple_without_spacing,variant_report,json,525,true,dea76ea6924f502d2fc9405e7c81b714e530c542fe61ffc633cfbb1f502abe3a,
bridge_carrier_block_d_v1/BRIDGE_CARRIER_BLOCK_D_RESULTS.md,/home/ralf-kemmann/Downloads/_duplicate_quarantine/run_20260429_091132/files/deBroglie_Kaster_Theorie/debroglie-phase-bridge/debroglie-phase-bridge/typ_b_analysis/results/bridge_carrier_block_d_v1/BRIDGE_CARRIER_BLOCK_D_RESULTS.md,bridge_carrier_block_d_v1,bridge_carrier_block_d_v1,markdown_other,md,722,true,1d819800f01d8e834fca86c960544acea9aced71fd51da84eef786bd2b4b23a2,
bridge_carrier_block_d_v1/bridge_carrier_block_d.csv,/home/ralf-kemmann/Downloads/_duplicate_quarantine/run_20260429_091132/files/deBroglie_Kaster_Theorie/debroglie-phase-bridge/debroglie-phase-bridge/typ_b_analysis/results/bridge_carrier_block_d_v1/bridge_carrier_block_d.csv,bridge_carrier_block_d_v1,bridge_carrier_block_d_v1,csv_other,csv,1454,true,6e07b8a501fd5406aa2ea1efa561978adec02aae450d435dd6143f4e263c3e49,
bridge_carrier_block_d_v1/summary.json,/home/ralf-kemmann/Downloads/_duplicate_quarantine/run_20260429_091132/files/deBroglie_Kaster_Theorie/debroglie-phase-bridge/debroglie-phase-bridge/typ_b_analysis/results/bridge_carrier_block_d_v1/summary.json,bridge_carrier_block_d_v1,bridge_carrier_block_d_v1,summary,json,4742,true,4297855532e60a098e4902da19e17a2d94c527f58aeaa1a2b57e46b8209f97be,
bridge_carrier_block_d_v1/variant_reports/full.json,/home/ralf-kemmann/Downloads/_duplicate_quarantine/run_20260429_091132/files/deBroglie_Kaster_Theorie/debroglie-phase-bridge/debroglie-phase-bridge/typ_b_analysis/results/bridge_carrier_block_d_v1/variant_reports/full.json,bridge_carrier_block_d_v1,bridge_carrier_block_d_v1/variant_reports/full,variant_report,json,615,true,8ae00de4f1be75203c3954310d0e07ab976ff64c453f27d3bf6eb71affa553c1,
bridge_carrier_block_d_v1/variant_reports/pair_rigidity_grid.json,/home/ralf-kemmann/Downloads/_duplicate_quarantine/run_20260429_091132/files/deBroglie_Kaster_Theorie/debroglie-phase-bridge/debroglie-phase-bridge/typ_b_analysis/results/bridge_carrier_block_d_v1/variant_reports/pair_rigidity_grid.json,bridge_carrier_block_d_v1,bridge_carrier_block_d_v1/variant_reports/pair_rigidity_grid,variant_report,json,553,true,dda9fffe947a9d7a5165c59d2c756c3dbc49bfaa906cf3d4a8f022f2cd0e89cb,
bridge_carrier_block_d_v1/variant_reports/single_rigidity.json,/home/ralf-kemmann/Downloads/_duplicate_quarantine/run_20260429_091132/files/deBroglie_Kaster_Theorie/debroglie-phase-bridge/debroglie-phase-bridge/typ_b_analysis/results/bridge_carrier_block_d_v1/variant_reports/single_rigidity.json,bridge_carrier_block_d_v1,bridge_carrier_block_d_v1/variant_reports/single_rigidity,variant_report,json,536,true,d747e66febe648814274864d37113256246e2805c7cb68bf9bacd889751ceb52,
bridge_carrier_block_d_v1/variant_reports/triple_without_distance.json,/home/ralf-kemmann/Downloads/_duplicate_quarantine/run_20260429_091132/files/deBroglie_Kaster_Theorie/debroglie-phase-bridge/debroglie-phase-bridge/typ_b_analysis/results/bridge_carrier_block_d_v1/variant_reports/triple_without_distance.json,bridge_carrier_block_d_v1,bridge_carrier_block_d_v1/variant_reports/triple_without_distance,variant_report,json,591,true,abaf382dcfbf1f87428a098d27fa12e42d404912cdcdc74cd9f16bbc35c53683,
bridge_carrier_block_d_v1/variant_reports/triple_without_spacing.json,/home/ralf-kemmann/Downloads/_duplicate_quarantine/run_20260429_091132/files/deBroglie_Kaster_Theorie/debroglie-phase-bridge/debroglie-phase-bridge/typ_b_analysis/results/bridge_carrier_block_d_v1/variant_reports/triple_without_spacing.json,bridge_carrier_block_d_v1,bridge_carrier_block_d_v1/variant_reports/triple_without_spacing,variant_report,json,617,true,8b294ec11ca2d40fc646d30f15f9f2652a443e760a788506e20b2d18bc8b9d77,
bridge_carrier_block_e_v1/BRIDGE_CARRIER_BLOCK_E_RESULTS.md,/home/ralf-kemmann/Downloads/_duplicate_quarantine/run_20260429_091132/files/deBroglie_Kaster_Theorie/debroglie-phase-bridge/debroglie-phase-bridge/typ_b_analysis/results/bridge_carrier_block_e_v1/BRIDGE_CARRIER_BLOCK_E_RESULTS.md,bridge_carrier_block_e_v1,bridge_carrier_block_e_v1,markdown_other,md,1718,true,eb36a513a255c6bc60a9ba3d151b8092357a455def22826ded6e211d949dfa0b,
bridge_carrier_block_e_v1/bridge_carrier_block_e.csv,/home/ralf-kemmann/Downloads/_duplicate_quarantine/run_20260429_091132/files/deBroglie_Kaster_Theorie/debroglie-phase-bridge/debroglie-phase-bridge/typ_b_analysis/results/bridge_carrier_block_e_v1/bridge_carrier_block_e.csv,bridge_carrier_block_e_v1,bridge_carrier_block_e_v1,csv_other,csv,1826,true,ba07f26848f54a74380aebc26c8f7773ffbabf118d41fc5f41202c99453be872,
bridge_carrier_block_e_v1/summary.json,/home/ralf-kemmann/Downloads/_duplicate_quarantine/run_20260429_091132/files/deBroglie_Kaster_Theorie/debroglie-phase-bridge/debroglie-phase-bridge/typ_b_analysis/results/bridge_carrier_block_e_v1/summary.json,bridge_carrier_block_e_v1,bridge_carrier_block_e_v1,summary,json,5713,true,9c0ac19f1936efff8fdb76d3b5dd51f4fd2e05698064f0bb2aca03dd5ec47d5f,
bridge_carrier_block_e_v1/variant_reports/full_reference.json,/home/ralf-kemmann/Downloads/_duplicate_quarantine/run_20260429_091132/files/deBroglie_Kaster_Theorie/debroglie-phase-bridge/debroglie-phase-bridge/typ_b_analysis/results/bridge_carrier_block_e_v1/variant_reports/full_reference.json,bridge_carrier_block_e_v1,bridge_carrier_block_e_v1/variant_reports/full_reference,variant_report,json,748,true,e8597c27196e7819d73efc4fcbe0277cf7049363f3b6d511da3b23b4bc44af11,
bridge_carrier_block_e_v1/variant_reports/proxy_rigidity_only.json,/home/ralf-kemmann/Downloads/_duplicate_quarantine/run_20260429_091132/files/deBroglie_Kaster_Theorie/debroglie-phase-bridge/debroglie-phase-bridge/typ_b_analysis/results/bridge_carrier_block_e_v1/variant_reports/proxy_rigidity_only.json,bridge_carrier_block_e_v1,bridge_carrier_block_e_v1/variant_reports/proxy_rigidity_only,variant_report,json,737,true,6180dd16364f8aa5b3698a1339230b896c1c650b9edd110f66301de811905ac5,
bridge_carrier_block_e_v1/variant_reports/proxy_rigidity_plus_distance.json,/home/ralf-kemmann/Downloads/_duplicate_quarantine/run_20260429_091132/files/deBroglie_Kaster_Theorie/debroglie-phase-bridge/debroglie-phase-bridge/typ_b_analysis/results/bridge_carrier_block_e_v1/variant_reports/proxy_rigidity_plus_distance.json,bridge_carrier_block_e_v1,bridge_carrier_block_e_v1/variant_reports/proxy_rigidity_plus_distance,variant_report,json,733,true,9b33aca6ce3db2cca5fcceab9abe74b7de539330f6b17ae253f10418d6c41670,
bridge_carrier_block_e_v1/variant_reports/proxy_rigidity_plus_grid.json,/home/ralf-kemmann/Downloads/_duplicate_quarantine/run_20260429_091132/files/deBroglie_Kaster_Theorie/debroglie-phase-bridge/debroglie-phase-bridge/typ_b_analysis/results/bridge_carrier_block_e_v1/variant_reports/proxy_rigidity_plus_grid.json,bridge_carrier_block_e_v1,bridge_carrier_block_e_v1/variant_reports/proxy_rigidity_plus_grid,variant_report,json,758,true,b2783b717622457450d8eb81c4c145ef0aae032fb9f141e728895f2a91a0443a,
bridge_carrier_block_e_v1/variant_reports/proxy_rigidity_plus_grid_plus_distance.json,/home/ralf-kemmann/Downloads/_duplicate_quarantine/run_20260429_091132/files/deBroglie_Kaster_Theorie/debroglie-phase-bridge/debroglie-phase-bridge/typ_b_analysis/results/bridge_carrier_block_e_v1/variant_reports/proxy_rigidity_plus_grid_plus_distance.json,bridge_carrier_block_e_v1,bridge_carrier_block_e_v1/variant_reports/proxy_rigidity_plus_grid_plus_distance,variant_report,json,772,true,0face08b47d22a9aab8f6ea58d04c9efe4e33045f935084acc656e829ace2ada,
bridge_carrier_block_e_v1/variant_reports/proxy_rigidity_plus_spacing.json,/home/ralf-kemmann/Downloads/_duplicate_quarantine/run_20260429_091132/files/deBroglie_Kaster_Theorie/debroglie-phase-bridge/debroglie-phase-bridge/typ_b_analysis/results/bridge_carrier_block_e_v1/variant_reports/proxy_rigidity_plus_spacing.json,bridge_carrier_block_e_v1,bridge_carrier_block_e_v1/variant_reports/proxy_rigidity_plus_spacing,variant_report,json,725,true,f43e6d296e6dc38f77f3efb4a14ee4b56d902a0b8241f9035379cae3b6a84862,
bridge_carrier_leave_one_out_v1/BRIDGE_CARRIER_ISOLATION_RESULTS.md,/home/ralf-kemmann/Downloads/_duplicate_quarantine/run_20260429_091132/files/deBroglie_Kaster_Theorie/debroglie-phase-bridge/debroglie-phase-bridge/typ_b_analysis/results/bridge_carrier_leave_one_out_v1/BRIDGE_CARRIER_ISOLATION_RESULTS.md,bridge_carrier_leave_one_out_v1,bridge_carrier_leave_one_out_v1,markdown_other,md,1306,true,174818d407be0c89121b67cfa8e2eefd712a6b859bdcceef21db5a89db5db72a,
bridge_carrier_leave_one_out_v1/bridge_carrier_leave_one_out.csv,/home/ralf-kemmann/Downloads/_duplicate_quarantine/run_20260429_091132/files/deBroglie_Kaster_Theorie/debroglie-phase-bridge/debroglie-phase-bridge/typ_b_analysis/results/bridge_carrier_leave_one_out_v1/bridge_carrier_leave_one_out.csv,bridge_carrier_leave_one_out_v1,bridge_carrier_leave_one_out_v1,csv_other,csv,1829,true,4495206b1bc91902e56b18799e486e87f83c7189a52e932546a782354629b468,
bridge_carrier_leave_one_out_v1/summary.json,/home/ralf-kemmann/Downloads/_duplicate_quarantine/run_20260429_091132/files/deBroglie_Kaster_Theorie/debroglie-phase-bridge/debroglie-phase-bridge/typ_b_analysis/results/bridge_carrier_leave_one_out_v1/summary.json,bridge_carrier_leave_one_out_v1,bridge_carrier_leave_one_out_v1,summary,json,5097,true,b4ec7af14d49bf14949ae95b79e9f95e94293e6b4958c45caebc56e7dc93f304,
bridge_carrier_leave_one_out_v1/variant_reports/full.json,/home/ralf-kemmann/Downloads/_duplicate_quarantine/run_20260429_091132/files/deBroglie_Kaster_Theorie/debroglie-phase-bridge/debroglie-phase-bridge/typ_b_analysis/results/bridge_carrier_leave_one_out_v1/variant_reports/full.json,bridge_carrier_leave_one_out_v1,bridge_carrier_leave_one_out_v1/variant_reports/full,variant_report,json,553,true,1827baf12e881b21d2095333b63389d9f0a6cfcdd59d8e7ab3b7139b51710bd5,
bridge_carrier_leave_one_out_v1/variant_reports/minus_distance_to_type_D.json,/home/ralf-kemmann/Downloads/_duplicate_quarantine/run_20260429_091132/files/deBroglie_Kaster_Theorie/debroglie-phase-bridge/debroglie-phase-bridge/typ_b_analysis/results/bridge_carrier_leave_one_out_v1/variant_reports/minus_distance_to_type_D.json,bridge_carrier_leave_one_out_v1,bridge_carrier_leave_one_out_v1/variant_reports/minus_distance_to_type_D,variant_report,json,561,true,fb8143007d2964f4bb7fb585f647d370789116d5eb1c1e6ae4bde1e50b8e9e56,
bridge_carrier_leave_one_out_v1/variant_reports/minus_grid_deviation_score.json,/home/ralf-kemmann/Downloads/_duplicate_quarantine/run_20260429_091132/files/deBroglie_Kaster_Theorie/debroglie-phase-bridge/debroglie-phase-bridge/typ_b_analysis/results/bridge_carrier_leave_one_out_v1/variant_reports/minus_grid_deviation_score.json,bridge_carrier_leave_one_out_v1,bridge_carrier_leave_one_out_v1/variant_reports/minus_grid_deviation_score,variant_report,json,564,true,854e055018757a2e6ea6d1e8480bfd85b08e81d4f71eeab4707dd34eb69a379c,
bridge_carrier_leave_one_out_v1/variant_reports/minus_simple_rigidity_surrogate.json,/home/ralf-kemmann/Downloads/_duplicate_quarantine/run_20260429_091132/files/deBroglie_Kaster_Theorie/debroglie-phase-bridge/debroglie-phase-bridge/typ_b_analysis/results/bridge_carrier_leave_one_out_v1/variant_reports/minus_simple_rigidity_surrogate.json,bridge_carrier_leave_one_out_v1,bridge_carrier_leave_one_out_v1/variant_reports/minus_simple_rigidity_surrogate,variant_report,json,567,true,b983153d2f569b2cf18897b2246f746a17b9ae34fd06e07fcf11f4e166f2ffdf,
bridge_carrier_leave_one_out_v1/variant_reports/minus_spacing_cv.json,/home/ralf-kemmann/Downloads/_duplicate_quarantine/run_20260429_091132/files/deBroglie_Kaster_Theorie/debroglie-phase-bridge/debroglie-phase-bridge/typ_b_analysis/results/bridge_carrier_leave_one_out_v1/variant_reports/minus_spacing_cv.json,bridge_carrier_leave_one_out_v1,bridge_carrier_leave_one_out_v1/variant_reports/minus_spacing_cv,variant_report,json,555,true,7589b95743dd9bbae79b020fe0b8ec031c9f26a4f9f5d1c53b56421734c6d64d,
bridge_carrier_minimal_set_block_b_v1/BRIDGE_CARRIER_MINIMAL_SET_RESULTS.md,/home/ralf-kemmann/Downloads/_duplicate_quarantine/run_20260429_091132/files/deBroglie_Kaster_Theorie/debroglie-phase-bridge/debroglie-phase-bridge/typ_b_analysis/results/bridge_carrier_minimal_set_block_b_v1/BRIDGE_CARRIER_MINIMAL_SET_RESULTS.md,bridge_carrier_minimal_set_block_b_v1,bridge_carrier_minimal_set_block_b_v1,markdown_other,md,1747,true,bc0d9324a85b95c4bcf88ca5251a5f9bfa5b40c8bd466e02e1352e9320d8e877,
bridge_carrier_minimal_set_block_b_v1/bridge_carrier_minimal_set_block_b.csv,/home/ralf-kemmann/Downloads/_duplicate_quarantine/run_20260429_091132/files/deBroglie_Kaster_Theorie/debroglie-phase-bridge/debroglie-phase-bridge/typ_b_analysis/results/bridge_carrier_minimal_set_block_b_v1/bridge_carrier_minimal_set_block_b.csv,bridge_carrier_minimal_set_block_b_v1,bridge_carrier_minimal_set_block_b_v1,csv_other,csv,1905,true,bdb27819c72945abe3f3f7e48718d1436b486a78cfbb18183e06f7e3c5264c4a,
bridge_carrier_minimal_set_block_b_v1/summary.json,/home/ralf-kemmann/Downloads/_duplicate_quarantine/run_20260429_091132/files/deBroglie_Kaster_Theorie/debroglie-phase-bridge/debroglie-phase-bridge/typ_b_analysis/results/bridge_carrier_minimal_set_block_b_v1/summary.json,bridge_carrier_minimal_set_block_b_v1,bridge_carrier_minimal_set_block_b_v1,summary,json,5760,true,85dbadfd143b4535ebe644609efe9e5562a1f47ff3c68b05f1209668e865626e,
bridge_carrier_minimal_set_block_b_v1/variant_reports/full.json,/home/ralf-kemmann/Downloads/_duplicate_quarantine/run_20260429_091132/files/deBroglie_Kaster_Theorie/debroglie-phase-bridge/debroglie-phase-bridge/typ_b_analysis/results/bridge_carrier_minimal_set_block_b_v1/variant_reports/full.json,bridge_carrier_minimal_set_block_b_v1,bridge_carrier_minimal_set_block_b_v1/variant_reports/full,variant_report,json,525,true,c2d12032d6c339fa3ea0096ed2d5fb88f978c17b6fa6e1d10d2b732834d29dd8,
bridge_carrier_minimal_set_block_b_v1/variant_reports/pair_grid_distance.json,/home/ralf-kemmann/Downloads/_duplicate_quarantine/run_20260429_091132/files/deBroglie_Kaster_Theorie/debroglie-phase-bridge/debroglie-phase-bridge/typ_b_analysis/results/bridge_carrier_minimal_set_block_b_v1/variant_reports/pair_grid_distance.json,bridge_carrier_minimal_set_block_b_v1,bridge_carrier_minimal_set_block_b_v1/variant_reports/pair_grid_distance,variant_report,json,489,true,15bd0586c45ea560fd15c77214fffe25785264d0e21599f4fcd94e891f4df2a0,
bridge_carrier_minimal_set_block_b_v1/variant_reports/pair_grid_spacing.json,/home/ralf-kemmann/Downloads/_duplicate_quarantine/run_20260429_091132/files/deBroglie_Kaster_Theorie/debroglie-phase-bridge/debroglie-phase-bridge/typ_b_analysis/results/bridge_carrier_minimal_set_block_b_v1/variant_reports/pair_grid_spacing.json,bridge_carrier_minimal_set_block_b_v1,bridge_carrier_minimal_set_block_b_v1/variant_reports/pair_grid_spacing,variant_report,json,476,true,1a02b7a070bff46cc5916bc620aa5c9923bc4311e68c7f8d0c12744911a1a8df,
bridge_carrier_minimal_set_block_b_v1/variant_reports/pair_rigidity_distance.json,/home/ralf-kemmann/Downloads/_duplicate_quarantine/run_20260429_091132/files/deBroglie_Kaster_Theorie/debroglie-phase-bridge/debroglie-phase-bridge/typ_b_analysis/results/bridge_carrier_minimal_set_block_b_v1/variant_reports/pair_rigidity_distance.json,bridge_carrier_minimal_set_block_b_v1,bridge_carrier_minimal_set_block_b_v1/variant_reports/pair_rigidity_distance,variant_report,json,497,true,baa3a830e033c2fefcd4a88cf0e6724aa2ed79507b11c6cf67ef2ed41bdc3ece,
bridge_carrier_minimal_set_block_b_v1/variant_reports/pair_rigidity_grid.json,/home/ralf-kemmann/Downloads/_duplicate_quarantine/run_20260429_091132/files/deBroglie_Kaster_Theorie/debroglie-phase-bridge/debroglie-phase-bridge/typ_b_analysis/results/bridge_carrier_minimal_set_block_b_v1/variant_reports/pair_rigidity_grid.json,bridge_carrier_minimal_set_block_b_v1,bridge_carrier_minimal_set_block_b_v1/variant_reports/pair_rigidity_grid,variant_report,json,476,true,65c3985c1999eff5e8c0cdb946f38d9271123ea150883e6af4a7552f7831b6f5,
bridge_carrier_minimal_set_block_b_v1/variant_reports/pair_rigidity_spacing.json,/home/ralf-kemmann/Downloads/_duplicate_quarantine/run_20260429_091132/files/deBroglie_Kaster_Theorie/debroglie-phase-bridge/debroglie-phase-bridge/typ_b_analysis/results/bridge_carrier_minimal_set_block_b_v1/variant_reports/pair_rigidity_spacing.json,bridge_carrier_minimal_set_block_b_v1,bridge_carrier_minimal_set_block_b_v1/variant_reports/pair_rigidity_spacing,variant_report,json,486,true,80def67ff8c7ada8342ca7183b80264059ef88513cb64691ccfaf7de22117dfa,
bridge_minimal_model_v1/bridge_minimal_model_claims.json,/home/ralf-kemmann/Downloads/_duplicate_quarantine/run_20260429_091132/files/deBroglie_Kaster_Theorie/debroglie-phase-bridge/debroglie-phase-bridge/typ_b_analysis/results/bridge_minimal_model_v1/bridge_minimal_model_claims.json,bridge_minimal_model_v1,bridge_minimal_model_v1,claims,json,5909,true,cfd82ccef45349b8045db9d74df4fd80e800c56c7fa5df5c9b46ea8214b3b469,
bridge_minimal_model_v1/bridge_minimal_model_readout.md,/home/ralf-kemmann/Downloads/_duplicate_quarantine/run_20260429_091132/files/deBroglie_Kaster_Theorie/debroglie-phase-bridge/debroglie-phase-bridge/typ_b_analysis/results/bridge_minimal_model_v1/bridge_minimal_model_readout.md,bridge_minimal_model_v1,bridge_minimal_model_v1,readout,md,1151,true,05301556c9c4e1ef335fad086d346f81eb40661d83d120c6321f55cee7813fdf,
bridge_minimal_model_v1/bridge_minimal_model_state.json,/home/ralf-kemmann/Downloads/_duplicate_quarantine/run_20260429_091132/files/deBroglie_Kaster_Theorie/debroglie-phase-bridge/debroglie-phase-bridge/typ_b_analysis/results/bridge_minimal_model_v1/bridge_minimal_model_state.json,bridge_minimal_model_v1,bridge_minimal_model_v1,state,json,22485,true,3788b5d750f466f277a4d595d9e7d8447034dd79861c7399d5036fa19a002059,
bridge_minimal_model_v1/k0/abs/bridge_minimal_model_claims.json,/home/ralf-kemmann/Downloads/_duplicate_quarantine/run_20260429_091132/files/deBroglie_Kaster_Theorie/debroglie-phase-bridge/debroglie-phase-bridge/typ_b_analysis/results/bridge_minimal_model_v1/k0/abs/bridge_minimal_model_claims.json,bridge_minimal_model_v1,k0/abs,claims,json,595,true,a44ee3981f694ee4f6d962da75d85e9980803568145a1d9ed4ce97e2260a626c,
bridge_minimal_model_v1/k0/abs/bridge_minimal_model_readout.md,/home/ralf-kemmann/Downloads/_duplicate_quarantine/run_20260429_091132/files/deBroglie_Kaster_Theorie/debroglie-phase-bridge/debroglie-phase-bridge/typ_b_analysis/results/bridge_minimal_model_v1/k0/abs/bridge_minimal_model_readout.md,bridge_minimal_model_v1,k0/abs,readout,md,1002,true,7bc9582720ce20de39109b53b77a7ef9d60aea4c541edafed2b458fff32dcf84,
bridge_minimal_model_v1/k0/abs/bridge_minimal_model_state.json,/home/ralf-kemmann/Downloads/_duplicate_quarantine/run_20260429_091132/files/deBroglie_Kaster_Theorie/debroglie-phase-bridge/debroglie-phase-bridge/typ_b_analysis/results/bridge_minimal_model_v1/k0/abs/bridge_minimal_model_state.json,bridge_minimal_model_v1,k0/abs,state,json,2261,true,9d2f36934ea3ce526a94aa29f3ce6dbfe1e22efb1471601ea7ef89424c1c5c60,
bridge_minimal_model_v1/k0/negative/bridge_minimal_model_claims.json,/home/ralf-kemmann/Downloads/_duplicate_quarantine/run_20260429_091132/files/deBroglie_Kaster_Theorie/debroglie-phase-bridge/debroglie-phase-bridge/typ_b_analysis/results/bridge_minimal_model_v1/k0/negative/bridge_minimal_model_claims.json,bridge_minimal_model_v1,k0/negative,claims,json,595,true,a44ee3981f694ee4f6d962da75d85e9980803568145a1d9ed4ce97e2260a626c,
bridge_minimal_model_v1/k0/negative/bridge_minimal_model_readout.md,/home/ralf-kemmann/Downloads/_duplicate_quarantine/run_20260429_091132/files/deBroglie_Kaster_Theorie/debroglie-phase-bridge/debroglie-phase-bridge/typ_b_analysis/results/bridge_minimal_model_v1/k0/negative/bridge_minimal_model_readout.md,bridge_minimal_model_v1,k0/negative,readout,md,1002,true,1bb5857c514ea37c03fff511fa6a0a2ec6824760a3d5561aef143c31932ae0d6,
bridge_minimal_model_v1/k0/negative/bridge_minimal_model_state.json,/home/ralf-kemmann/Downloads/_duplicate_quarantine/run_20260429_091132/files/deBroglie_Kaster_Theorie/debroglie-phase-bridge/debroglie-phase-bridge/typ_b_analysis/results/bridge_minimal_model_v1/k0/negative/bridge_minimal_model_state.json,bridge_minimal_model_v1,k0/negative,state,json,2267,true,dc3d54685e6ebdcccad7eef30c1a9320556cc75d568d05deb863a0ecf0d73de6,
bridge_minimal_model_v1/k0/positive/bridge_minimal_model_claims.json,/home/ralf-kemmann/Downloads/_duplicate_quarantine/run_20260429_091132/files/deBroglie_Kaster_Theorie/debroglie-phase-bridge/debroglie-phase-bridge/typ_b_analysis/results/bridge_minimal_model_v1/k0/positive/bridge_minimal_model_claims.json,bridge_minimal_model_v1,k0/positive,claims,json,595,true,a44ee3981f694ee4f6d962da75d85e9980803568145a1d9ed4ce97e2260a626c,
bridge_minimal_model_v1/k0/positive/bridge_minimal_model_readout.md,/home/ralf-kemmann/Downloads/_duplicate_quarantine/run_20260429_091132/files/deBroglie_Kaster_Theorie/debroglie-phase-bridge/debroglie-phase-bridge/typ_b_analysis/results/bridge_minimal_model_v1/k0/positive/bridge_minimal_model_readout.md,bridge_minimal_model_v1,k0/positive,readout,md,986,true,3ee9863a8a7c0c404f7c6572606ebe43d119a6457b48cb250f71449c3f681ee6,
bridge_minimal_model_v1/k0/positive/bridge_minimal_model_state.json,/home/ralf-kemmann/Downloads/_duplicate_quarantine/run_20260429_091132/files/deBroglie_Kaster_Theorie/debroglie-phase-bridge/debroglie-phase-bridge/typ_b_analysis/results/bridge_minimal_model_v1/k0/positive/bridge_minimal_model_state.json,bridge_minimal_model_v1,k0/positive,state,json,2095,true,a301c4e1553724501b4160f89b3de5fa246fdb1f6c201245cdbed8bd985d2d1a,
bridge_minimal_model_v1/n1a_alpha/abs/bridge_minimal_model_claims.json,/home/ralf-kemmann/Downloads/_duplicate_quarantine/run_20260429_091132/files/deBroglie_Kaster_Theorie/debroglie-phase-bridge/debroglie-phase-bridge/typ_b_analysis/results/bridge_minimal_model_v1/n1a_alpha/abs/bridge_minimal_model_claims.json,bridge_minimal_model_v1,n1a_alpha/abs,claims,json,595,true,a44ee3981f694ee4f6d962da75d85e9980803568145a1d9ed4ce97e2260a626c,
bridge_minimal_model_v1/n1a_alpha/abs/bridge_minimal_model_readout.md,/home/ralf-kemmann/Downloads/_duplicate_quarantine/run_20260429_091132/files/deBroglie_Kaster_Theorie/debroglie-phase-bridge/debroglie-phase-bridge/typ_b_analysis/results/bridge_minimal_model_v1/n1a_alpha/abs/bridge_minimal_model_readout.md,bridge_minimal_model_v1,n1a_alpha/abs,readout,md,1010,true,e8243e0eaeed6ef448dda13770dea47df16de4d91b79e7043960e9bb7ee84354,
bridge_minimal_model_v1/n1a_alpha/abs/bridge_minimal_model_state.json,/home/ralf-kemmann/Downloads/_duplicate_quarantine/run_20260429_091132/files/deBroglie_Kaster_Theorie/debroglie-phase-bridge/debroglie-phase-bridge/typ_b_analysis/results/bridge_minimal_model_v1/n1a_alpha/abs/bridge_minimal_model_state.json,bridge_minimal_model_v1,n1a_alpha/abs,state,json,2283,true,2a9acf92f77a1d92b2468d276adf0e306c8bb8bf29901b25f75f6cf2cea33363,
bridge_minimal_model_v1/n1a_alpha/negative/bridge_minimal_model_claims.json,/home/ralf-kemmann/Downloads/_duplicate_quarantine/run_20260429_091132/files/deBroglie_Kaster_Theorie/debroglie-phase-bridge/debroglie-phase-bridge/typ_b_analysis/results/bridge_minimal_model_v1/n1a_alpha/negative/bridge_minimal_model_claims.json,bridge_minimal_model_v1,n1a_alpha/negative,claims,json,595,true,a44ee3981f694ee4f6d962da75d85e9980803568145a1d9ed4ce97e2260a626c,
bridge_minimal_model_v1/n1a_alpha/negative/bridge_minimal_model_readout.md,/home/ralf-kemmann/Downloads/_duplicate_quarantine/run_20260429_091132/files/deBroglie_Kaster_Theorie/debroglie-phase-bridge/debroglie-phase-bridge/typ_b_analysis/results/bridge_minimal_model_v1/n1a_alpha/negative/bridge_minimal_model_readout.md,bridge_minimal_model_v1,n1a_alpha/negative,readout,md,1009,true,741adb7ad1724cbd53c90a43d7b5f6346d2defacb24d6f004b6df84a16cbf5d1,
bridge_minimal_model_v1/n1a_alpha/negative/bridge_minimal_model_state.json,/home/ralf-kemmann/Downloads/_duplicate_quarantine/run_20260429_091132/files/deBroglie_Kaster_Theorie/debroglie-phase-bridge/debroglie-phase-bridge/typ_b_analysis/results/bridge_minimal_model_v1/n1a_alpha/negative/bridge_minimal_model_state.json,bridge_minimal_model_v1,n1a_alpha/negative,state,json,2288,true,30d2ea787200c6705fd4b37ce5ee53cfef1f2f20d27bbe86185b290f4af88b9d,
bridge_minimal_model_v1/n1a_alpha/positive/bridge_minimal_model_claims.json,/home/ralf-kemmann/Downloads/_duplicate_quarantine/run_20260429_091132/files/deBroglie_Kaster_Theorie/debroglie-phase-bridge/debroglie-phase-bridge/typ_b_analysis/results/bridge_minimal_model_v1/n1a_alpha/positive/bridge_minimal_model_claims.json,bridge_minimal_model_v1,n1a_alpha/positive,claims,json,595,true,a44ee3981f694ee4f6d962da75d85e9980803568145a1d9ed4ce97e2260a626c,
bridge_minimal_model_v1/n1a_alpha/positive/bridge_minimal_model_readout.md,/home/ralf-kemmann/Downloads/_duplicate_quarantine/run_20260429_091132/files/deBroglie_Kaster_Theorie/debroglie-phase-bridge/debroglie-phase-bridge/typ_b_analysis/results/bridge_minimal_model_v1/n1a_alpha/positive/bridge_minimal_model_readout.md,bridge_minimal_model_v1,n1a_alpha/positive,readout,md,993,true,a064a149e59d751a9f09349beed3b10e9776267cc588022cffb7606767146d6e,
bridge_minimal_model_v1/n1a_alpha/positive/bridge_minimal_model_state.json,/home/ralf-kemmann/Downloads/_duplicate_quarantine/run_20260429_091132/files/deBroglie_Kaster_Theorie/debroglie-phase-bridge/debroglie-phase-bridge/typ_b_analysis/results/bridge_minimal_model_v1/n1a_alpha/positive/bridge_minimal_model_state.json,bridge_minimal_model_v1,n1a_alpha/positive,state,json,2116,true,c9a548bfd3ada2021c68a0b0ab01d0505f4429bc1b8f8b20b24a555462bb3af5,
bridge_minimal_model_v1/theta_0.03/abs/bridge_minimal_model_claims.json,/home/ralf-kemmann/Downloads/_duplicate_quarantine/run_20260429_091132/files/deBroglie_Kaster_Theorie/debroglie-phase-bridge/debroglie-phase-bridge/typ_b_analysis/results/bridge_minimal_model_v1/theta_0.03/abs/bridge_minimal_model_claims.json,bridge_minimal_model_v1,theta_0.03/abs,claims,json,595,true,a44ee3981f694ee4f6d962da75d85e9980803568145a1d9ed4ce97e2260a626c,
bridge_minimal_model_v1/theta_0.03/abs/bridge_minimal_model_readout.md,/home/ralf-kemmann/Downloads/_duplicate_quarantine/run_20260429_091132/files/deBroglie_Kaster_Theorie/debroglie-phase-bridge/debroglie-phase-bridge/typ_b_analysis/results/bridge_minimal_model_v1/theta_0.03/abs/bridge_minimal_model_readout.md,bridge_minimal_model_v1,theta_0.03/abs,readout,md,1010,true,32e4974d1f084884961f0704e93f3ed541368004c4fb13a9d3c4a5bef09dbbe5,
bridge_minimal_model_v1/theta_0.03/abs/bridge_minimal_model_state.json,/home/ralf-kemmann/Downloads/_duplicate_quarantine/run_20260429_091132/files/deBroglie_Kaster_Theorie/debroglie-phase-bridge/debroglie-phase-bridge/typ_b_analysis/results/bridge_minimal_model_v1/theta_0.03/abs/bridge_minimal_model_state.json,bridge_minimal_model_v1,theta_0.03/abs,state,json,2299,true,9a32b00b547f88223b6e43d2a74733727dc44ab38131da120dfc82cb34a4dc29,
bridge_minimal_model_v1/theta_0.03/negative/bridge_minimal_model_claims.json,/home/ralf-kemmann/Downloads/_duplicate_quarantine/run_20260429_091132/files/deBroglie_Kaster_Theorie/debroglie-phase-bridge/debroglie-phase-bridge/typ_b_analysis/results/bridge_minimal_model_v1/theta_0.03/negative/bridge_minimal_model_claims.json,bridge_minimal_model_v1,theta_0.03/negative,claims,json,595,true,a44ee3981f694ee4f6d962da75d85e9980803568145a1d9ed4ce97e2260a626c,
bridge_minimal_model_v1/theta_0.03/negative/bridge_minimal_model_readout.md,/home/ralf-kemmann/Downloads/_duplicate_quarantine/run_20260429_091132/files/deBroglie_Kaster_Theorie/debroglie-phase-bridge/debroglie-phase-bridge/typ_b_analysis/results/bridge_minimal_model_v1/theta_0.03/negative/bridge_minimal_model_readout.md,bridge_minimal_model_v1,theta_0.03/negative,readout,md,1010,true,bfc0d8d6da729d31e2b0daff32ebd9daf0022fb478ebed5cc07c7d856702e8f8,
bridge_minimal_model_v1/theta_0.03/negative/bridge_minimal_model_state.json,/home/ralf-kemmann/Downloads/_duplicate_quarantine/run_20260429_091132/files/deBroglie_Kaster_Theorie/debroglie-phase-bridge/debroglie-phase-bridge/typ_b_analysis/results/bridge_minimal_model_v1/theta_0.03/negative/bridge_minimal_model_state.json,bridge_minimal_model_v1,theta_0.03/negative,state,json,2305,true,95f60eef4b922966fe7fb5893d91079811c7c0af0891e16f362ccec7c5072b60,
bridge_minimal_model_v1/theta_0.03/positive/bridge_minimal_model_claims.json,/home/ralf-kemmann/Downloads/_duplicate_quarantine/run_20260429_091132/files/deBroglie_Kaster_Theorie/debroglie-phase-bridge/debroglie-phase-bridge/typ_b_analysis/results/bridge_minimal_model_v1/theta_0.03/positive/bridge_minimal_model_claims.json,bridge_minimal_model_v1,theta_0.03/positive,claims,json,595,true,a44ee3981f694ee4f6d962da75d85e9980803568145a1d9ed4ce97e2260a626c,
bridge_minimal_model_v1/theta_0.03/positive/bridge_minimal_model_readout.md,/home/ralf-kemmann/Downloads/_duplicate_quarantine/run_20260429_091132/files/deBroglie_Kaster_Theorie/debroglie-phase-bridge/debroglie-phase-bridge/typ_b_analysis/results/bridge_minimal_model_v1/theta_0.03/positive/bridge_minimal_model_readout.md,bridge_minimal_model_v1,theta_0.03/positive,readout,md,994,true,d0e5d6346cd0ce528e191329a233d1be2e480fc9d26113881bdee808a6d9b30d,
bridge_minimal_model_v1/theta_0.03/positive/bridge_minimal_model_state.json,/home/ralf-kemmann/Downloads/_duplicate_quarantine/run_20260429_091132/files/deBroglie_Kaster_Theorie/debroglie-phase-bridge/debroglie-phase-bridge/typ_b_analysis/results/bridge_minimal_model_v1/theta_0.03/positive/bridge_minimal_model_state.json,bridge_minimal_model_v1,theta_0.03/positive,state,json,2133,true,acac62e69368db5926e8ae718742b8b4c7b65cb8dbe5e82a63f62bc5748c047e,
debroglie_matter_signature/debroglie_matter_signature_run_a/debroglie_matter_signature_claims.json,/home/ralf-kemmann/Downloads/_duplicate_quarantine/run_20260429_091132/files/deBroglie_Kaster_Theorie/debroglie-phase-bridge/debroglie-phase-bridge/typ_b_analysis/results/debroglie_matter_signature/debroglie_matter_signature_run_a/debroglie_matter_signature_claims.json,debroglie_matter_signature,debroglie_matter_signature_run_a,claims,json,454,true,8c3450d2f4fdeb7b37e5fa9784ef1aec4df6a2cc7fbbfadaa5b3d5e2c71b7c01,
debroglie_matter_signature/debroglie_matter_signature_run_a/debroglie_matter_signature_readout.md,/home/ralf-kemmann/Downloads/_duplicate_quarantine/run_20260429_091132/files/deBroglie_Kaster_Theorie/debroglie-phase-bridge/debroglie-phase-bridge/typ_b_analysis/results/debroglie_matter_signature/debroglie_matter_signature_run_a/debroglie_matter_signature_readout.md,debroglie_matter_signature,debroglie_matter_signature_run_a,readout,md,3474,true,60e251320db1d3f41b62e9e994ed6d0f0d26d33c563d23aa1c12397640db41b0,
debroglie_matter_signature/debroglie_matter_signature_run_a/debroglie_matter_signature_scan.csv,/home/ralf-kemmann/Downloads/_duplicate_quarantine/run_20260429_091132/files/deBroglie_Kaster_Theorie/debroglie-phase-bridge/debroglie-phase-bridge/typ_b_analysis/results/debroglie_matter_signature/debroglie_matter_signature_run_a/debroglie_matter_signature_scan.csv,debroglie_matter_signature,debroglie_matter_signature_run_a,scan,csv,7386,true,181858ba5be35788b381d2ca0e5ed147e54736acea7b0d5700859f90612cae64,
debroglie_matter_signature/debroglie_matter_signature_run_a/debroglie_matter_signature_state.json,/home/ralf-kemmann/Downloads/_duplicate_quarantine/run_20260429_091132/files/deBroglie_Kaster_Theorie/debroglie-phase-bridge/debroglie-phase-bridge/typ_b_analysis/results/debroglie_matter_signature/debroglie_matter_signature_run_a/debroglie_matter_signature_state.json,debroglie_matter_signature,debroglie_matter_signature_run_a,state,json,9891,true,6968e389d3554c4f68911a465f47137e6848a7bee1a8a61313ac927715f4cda6,
debroglie_matter_signature/debroglie_matter_signature_run_a/debroglie_matter_signature_tau_response.csv,/home/ralf-kemmann/Downloads/_duplicate_quarantine/run_20260429_091132/files/deBroglie_Kaster_Theorie/debroglie-phase-bridge/debroglie-phase-bridge/typ_b_analysis/results/debroglie_matter_signature/debroglie_matter_signature_run_a/debroglie_matter_signature_tau_response.csv,debroglie_matter_signature,debroglie_matter_signature_run_a,tau_response,csv,6867,true,d84054e22700cf971ea8f006d92744a18183db034f7b4710ae76ed83beed4057,
debroglie_matter_signature/debroglie_matter_signature_run_b/debroglie_matter_signature_claims.json,/home/ralf-kemmann/Downloads/_duplicate_quarantine/run_20260429_091132/files/deBroglie_Kaster_Theorie/debroglie-phase-bridge/debroglie-phase-bridge/typ_b_analysis/results/debroglie_matter_signature/debroglie_matter_signature_run_b/debroglie_matter_signature_claims.json,debroglie_matter_signature,debroglie_matter_signature_run_b,claims,json,454,true,8c3450d2f4fdeb7b37e5fa9784ef1aec4df6a2cc7fbbfadaa5b3d5e2c71b7c01,
debroglie_matter_signature/debroglie_matter_signature_run_b/debroglie_matter_signature_readout.md,/home/ralf-kemmann/Downloads/_duplicate_quarantine/run_20260429_091132/files/deBroglie_Kaster_Theorie/debroglie-phase-bridge/debroglie-phase-bridge/typ_b_analysis/results/debroglie_matter_signature/debroglie_matter_signature_run_b/debroglie_matter_signature_readout.md,debroglie_matter_signature,debroglie_matter_signature_run_b,readout,md,3475,true,a9a79544d44d0fb333cfe90a13842c0b39a01efbc2e10d2ec8ee4326c6a30d0f,
debroglie_matter_signature/debroglie_matter_signature_run_b/debroglie_matter_signature_scan.csv,/home/ralf-kemmann/Downloads/_duplicate_quarantine/run_20260429_091132/files/deBroglie_Kaster_Theorie/debroglie-phase-bridge/debroglie-phase-bridge/typ_b_analysis/results/debroglie_matter_signature/debroglie_matter_signature_run_b/debroglie_matter_signature_scan.csv,debroglie_matter_signature,debroglie_matter_signature_run_b,scan,csv,7402,true,19f3e9e9097ee0f6b7f09d7d09b7291c0568aea8d62adb85d4aa40e1f7bcadd4,
debroglie_matter_signature/debroglie_matter_signature_run_b/debroglie_matter_signature_state.json,/home/ralf-kemmann/Downloads/_duplicate_quarantine/run_20260429_091132/files/deBroglie_Kaster_Theorie/debroglie-phase-bridge/debroglie-phase-bridge/typ_b_analysis/results/debroglie_matter_signature/debroglie_matter_signature_run_b/debroglie_matter_signature_state.json,debroglie_matter_signature,debroglie_matter_signature_run_b,state,json,9895,true,ad434ede7b44824c63aae888efede212cf5f9ee3e7d035ae1c29010c43151656,
debroglie_matter_signature/debroglie_matter_signature_run_b/debroglie_matter_signature_tau_response.csv,/home/ralf-kemmann/Downloads/_duplicate_quarantine/run_20260429_091132/files/deBroglie_Kaster_Theorie/debroglie-phase-bridge/debroglie-phase-bridge/typ_b_analysis/results/debroglie_matter_signature/debroglie_matter_signature_run_b/debroglie_matter_signature_tau_response.csv,debroglie_matter_signature,debroglie_matter_signature_run_b,tau_response,csv,6883,true,1a8d963e53224445c17b03dd2cc8dcb942d9af03db9e7d07e0198bb871c12ee5,
debroglie_matter_signature/debroglie_matter_signature_run_c/debroglie_matter_signature_claims.json,/home/ralf-kemmann/Downloads/_duplicate_quarantine/run_20260429_091132/files/deBroglie_Kaster_Theorie/debroglie-phase-bridge/debroglie-phase-bridge/typ_b_analysis/results/debroglie_matter_signature/debroglie_matter_signature_run_c/debroglie_matter_signature_claims.json,debroglie_matter_signature,debroglie_matter_signature_run_c,claims,json,454,true,8c3450d2f4fdeb7b37e5fa9784ef1aec4df6a2cc7fbbfadaa5b3d5e2c71b7c01,
debroglie_matter_signature/debroglie_matter_signature_run_c/debroglie_matter_signature_readout.md,/home/ralf-kemmann/Downloads/_duplicate_quarantine/run_20260429_091132/files/deBroglie_Kaster_Theorie/debroglie-phase-bridge/debroglie-phase-bridge/typ_b_analysis/results/debroglie_matter_signature/debroglie_matter_signature_run_c/debroglie_matter_signature_readout.md,debroglie_matter_signature,debroglie_matter_signature_run_c,readout,md,3478,true,81c1283ff20bdfd13ad15b799855211af23e1873d51b6418d1497c31a22ca775,
debroglie_matter_signature/debroglie_matter_signature_run_c/debroglie_matter_signature_scan.csv,/home/ralf-kemmann/Downloads/_duplicate_quarantine/run_20260429_091132/files/deBroglie_Kaster_Theorie/debroglie-phase-bridge/debroglie-phase-bridge/typ_b_analysis/results/debroglie_matter_signature/debroglie_matter_signature_run_c/debroglie_matter_signature_scan.csv,debroglie_matter_signature,debroglie_matter_signature_run_c,scan,csv,7498,true,e066589f50eac971f8d415251625e8a01379c8f51c9c2ab53c2984a9f2bfda98,
debroglie_matter_signature/debroglie_matter_signature_run_c/debroglie_matter_signature_state.json,/home/ralf-kemmann/Downloads/_duplicate_quarantine/run_20260429_091132/files/deBroglie_Kaster_Theorie/debroglie-phase-bridge/debroglie-phase-bridge/typ_b_analysis/results/debroglie_matter_signature/debroglie_matter_signature_run_c/debroglie_matter_signature_state.json,debroglie_matter_signature,debroglie_matter_signature_run_c,state,json,9903,true,8c4b1ed3d99d69575e4523a73427aea9e57d57b2d1d44512973dd16e9fa33b61,
debroglie_matter_signature/debroglie_matter_signature_run_c/debroglie_matter_signature_tau_response.csv,/home/ralf-kemmann/Downloads/_duplicate_quarantine/run_20260429_091132/files/deBroglie_Kaster_Theorie/debroglie-phase-bridge/debroglie-phase-bridge/typ_b_analysis/results/debroglie_matter_signature/debroglie_matter_signature_run_c/debroglie_matter_signature_tau_response.csv,debroglie_matter_signature,debroglie_matter_signature_run_c,tau_response,csv,6979,true,7ccc8cab6295e4db3beca1b0d029e27c0012d8e16a8b92d3611d66078dad8912,
debroglie_matter_signature/debroglie_matter_signature_run_d/debroglie_matter_signature_claims.json,/home/ralf-kemmann/Downloads/_duplicate_quarantine/run_20260429_091132/files/deBroglie_Kaster_Theorie/debroglie-phase-bridge/debroglie-phase-bridge/typ_b_analysis/results/debroglie_matter_signature/debroglie_matter_signature_run_d/debroglie_matter_signature_claims.json,debroglie_matter_signature,debroglie_matter_signature_run_d,claims,json,315,true,edcb10f0cbd76d7509a2eaa02c7b57b45a3d70b10989eb637aa040065eb0f7cb,
debroglie_matter_signature/debroglie_matter_signature_run_d/debroglie_matter_signature_readout.md,/home/ralf-kemmann/Downloads/_duplicate_quarantine/run_20260429_091132/files/deBroglie_Kaster_Theorie/debroglie-phase-bridge/debroglie-phase-bridge/typ_b_analysis/results/debroglie_matter_signature/debroglie_matter_signature_run_d/debroglie_matter_signature_readout.md,debroglie_matter_signature,debroglie_matter_signature_run_d,readout,md,3818,true,1ceeeaebf1412ff264391a787535bc469deee49d2ff7c6f9fc5bea7150c1371e,
debroglie_matter_signature/debroglie_matter_signature_run_d/debroglie_matter_signature_scan.csv,/home/ralf-kemmann/Downloads/_duplicate_quarantine/run_20260429_091132/files/deBroglie_Kaster_Theorie/debroglie-phase-bridge/debroglie-phase-bridge/typ_b_analysis/results/debroglie_matter_signature/debroglie_matter_signature_run_d/debroglie_matter_signature_scan.csv,debroglie_matter_signature,debroglie_matter_signature_run_d,scan,csv,7502,true,78ee56b354b83f16dfa9d0a01ff99ec9ab6ee7de6c6a9bcec25e0f1fcab8ec65,
debroglie_matter_signature/debroglie_matter_signature_run_d/debroglie_matter_signature_state.json,/home/ralf-kemmann/Downloads/_duplicate_quarantine/run_20260429_091132/files/deBroglie_Kaster_Theorie/debroglie-phase-bridge/debroglie-phase-bridge/typ_b_analysis/results/debroglie_matter_signature/debroglie_matter_signature_run_d/debroglie_matter_signature_state.json,debroglie_matter_signature,debroglie_matter_signature_run_d,state,json,10068,true,c2763f650bce2e5642bccb52588e4b25823d8374ec6321e4d80d64976286587f,
debroglie_matter_signature/debroglie_matter_signature_run_d/debroglie_matter_signature_tau_response.csv,/home/ralf-kemmann/Downloads/_duplicate_quarantine/run_20260429_091132/files/deBroglie_Kaster_Theorie/debroglie-phase-bridge/debroglie-phase-bridge/typ_b_analysis/results/debroglie_matter_signature/debroglie_matter_signature_run_d/debroglie_matter_signature_tau_response.csv,debroglie_matter_signature,debroglie_matter_signature_run_d,tau_response,csv,6983,true,f6b49f4056aace253bc6a1a71099ba1fe5717898771ce26e06d1118f48c0b383,
debroglie_matter_signature_isotope/debroglie_matter_signature_isotope_run_a/debroglie_matter_signature_isotope_claims.json,/home/ralf-kemmann/Downloads/_duplicate_quarantine/run_20260429_091132/files/deBroglie_Kaster_Theorie/debroglie-phase-bridge/debroglie-phase-bridge/typ_b_analysis/results/debroglie_matter_signature_isotope/debroglie_matter_signature_isotope_run_a/debroglie_matter_signature_isotope_claims.json,debroglie_matter_signature_isotope,debroglie_matter_signature_isotope_run_a,claims,json,215,true,dfe27d78fc6c574f0813c309f72aebbcc8b4b5c02c0fad0bc05ea56226e6ecb4,
debroglie_matter_signature_isotope/debroglie_matter_signature_isotope_run_a/debroglie_matter_signature_isotope_readout.md,/home/ralf-kemmann/Downloads/_duplicate_quarantine/run_20260429_091132/files/deBroglie_Kaster_Theorie/debroglie-phase-bridge/debroglie-phase-bridge/typ_b_analysis/results/debroglie_matter_signature_isotope/debroglie_matter_signature_isotope_run_a/debroglie_matter_signature_isotope_readout.md,debroglie_matter_signature_isotope,debroglie_matter_signature_isotope_run_a,readout,md,761,true,c4a6986ef529921215f00204e32be777459363b296cfdb7752f069845630040b,
debroglie_matter_signature_isotope/debroglie_matter_signature_isotope_run_a/debroglie_matter_signature_isotope_scan.csv,/home/ralf-kemmann/Downloads/_duplicate_quarantine/run_20260429_091132/files/deBroglie_Kaster_Theorie/debroglie-phase-bridge/debroglie-phase-bridge/typ_b_analysis/results/debroglie_matter_signature_isotope/debroglie_matter_signature_isotope_run_a/debroglie_matter_signature_isotope_scan.csv,debroglie_matter_signature_isotope,debroglie_matter_signature_isotope_run_a,scan,csv,831,true,2a62eaf63a3c00e27088f5d84ee8ac43c4919d82364f928444a5cff7523f70d6,
debroglie_matter_signature_isotope/debroglie_matter_signature_isotope_run_a/debroglie_matter_signature_isotope_state.json,/home/ralf-kemmann/Downloads/_duplicate_quarantine/run_20260429_091132/files/deBroglie_Kaster_Theorie/debroglie-phase-bridge/debroglie-phase-bridge/typ_b_analysis/results/debroglie_matter_signature_isotope/debroglie_matter_signature_isotope_run_a/debroglie_matter_signature_isotope_state.json,debroglie_matter_signature_isotope,debroglie_matter_signature_isotope_run_a,state,json,2782,true,87ebf4543b2862b869640272b7e100b2240fe494fee9224df8094f483fc4c65f,
debroglie_matter_signature_isotope/debroglie_matter_signature_isotope_run_b/debroglie_matter_signature_isotope_claims.json,/home/ralf-kemmann/Downloads/_duplicate_quarantine/run_20260429_091132/files/deBroglie_Kaster_Theorie/debroglie-phase-bridge/debroglie-phase-bridge/typ_b_analysis/results/debroglie_matter_signature_isotope/debroglie_matter_signature_isotope_run_b/debroglie_matter_signature_isotope_claims.json,debroglie_matter_signature_isotope,debroglie_matter_signature_isotope_run_b,claims,json,215,true,dfe27d78fc6c574f0813c309f72aebbcc8b4b5c02c0fad0bc05ea56226e6ecb4,
debroglie_matter_signature_isotope/debroglie_matter_signature_isotope_run_b/debroglie_matter_signature_isotope_readout.md,/home/ralf-kemmann/Downloads/_duplicate_quarantine/run_20260429_091132/files/deBroglie_Kaster_Theorie/debroglie-phase-bridge/debroglie-phase-bridge/typ_b_analysis/results/debroglie_matter_signature_isotope/debroglie_matter_signature_isotope_run_b/debroglie_matter_signature_isotope_readout.md,debroglie_matter_signature_isotope,debroglie_matter_signature_isotope_run_b,readout,md,769,true,2286eb812ba4df6f5310053998c02c7e2b1581a258f6d08844486ef5548f9d92,
debroglie_matter_signature_isotope/debroglie_matter_signature_isotope_run_b/debroglie_matter_signature_isotope_scan.csv,/home/ralf-kemmann/Downloads/_duplicate_quarantine/run_20260429_091132/files/deBroglie_Kaster_Theorie/debroglie-phase-bridge/debroglie-phase-bridge/typ_b_analysis/results/debroglie_matter_signature_isotope/debroglie_matter_signature_isotope_run_b/debroglie_matter_signature_isotope_scan.csv,debroglie_matter_signature_isotope,debroglie_matter_signature_isotope_run_b,scan,csv,834,true,96b3b40406e94289e0c5b7baa7a4ec4f5714957b19b2e92890085875cf98a23f,
debroglie_matter_signature_isotope/debroglie_matter_signature_isotope_run_b/debroglie_matter_signature_isotope_state.json,/home/ralf-kemmann/Downloads/_duplicate_quarantine/run_20260429_091132/files/deBroglie_Kaster_Theorie/debroglie-phase-bridge/debroglie-phase-bridge/typ_b_analysis/results/debroglie_matter_signature_isotope/debroglie_matter_signature_isotope_run_b/debroglie_matter_signature_isotope_state.json,debroglie_matter_signature_isotope,debroglie_matter_signature_isotope_run_b,state,json,2793,true,048e5915cb5e4bc2d5d0b198b970e85587a2c7a7453f22f6201822b95a97d730,
debroglie_matter_signature_isotope/debroglie_matter_signature_isotope_run_c/debroglie_matter_signature_isotope_claims.json,/home/ralf-kemmann/Downloads/_duplicate_quarantine/run_20260429_091132/files/deBroglie_Kaster_Theorie/debroglie-phase-bridge/debroglie-phase-bridge/typ_b_analysis/results/debroglie_matter_signature_isotope/debroglie_matter_signature_isotope_run_c/debroglie_matter_signature_isotope_claims.json,debroglie_matter_signature_isotope,debroglie_matter_signature_isotope_run_c,claims,json,215,true,dfe27d78fc6c574f0813c309f72aebbcc8b4b5c02c0fad0bc05ea56226e6ecb4,
debroglie_matter_signature_isotope/debroglie_matter_signature_isotope_run_c/debroglie_matter_signature_isotope_readout.md,/home/ralf-kemmann/Downloads/_duplicate_quarantine/run_20260429_091132/files/deBroglie_Kaster_Theorie/debroglie-phase-bridge/debroglie-phase-bridge/typ_b_analysis/results/debroglie_matter_signature_isotope/debroglie_matter_signature_isotope_run_c/debroglie_matter_signature_isotope_readout.md,debroglie_matter_signature_isotope,debroglie_matter_signature_isotope_run_c,readout,md,782,true,fc439f1183b6657529a77336119538238c1f5aac088cf298b099835962e87ef8,
debroglie_matter_signature_isotope/debroglie_matter_signature_isotope_run_c/debroglie_matter_signature_isotope_scan.csv,/home/ralf-kemmann/Downloads/_duplicate_quarantine/run_20260429_091132/files/deBroglie_Kaster_Theorie/debroglie-phase-bridge/debroglie-phase-bridge/typ_b_analysis/results/debroglie_matter_signature_isotope/debroglie_matter_signature_isotope_run_c/debroglie_matter_signature_isotope_scan.csv,debroglie_matter_signature_isotope,debroglie_matter_signature_isotope_run_c,scan,csv,834,true,7e6e7a40cb447cf97cbcf9b3eae994c81e8b110913b449080fd1d1cf165d8278,
debroglie_matter_signature_isotope/debroglie_matter_signature_isotope_run_c/debroglie_matter_signature_isotope_state.json,/home/ralf-kemmann/Downloads/_duplicate_quarantine/run_20260429_091132/files/deBroglie_Kaster_Theorie/debroglie-phase-bridge/debroglie-phase-bridge/typ_b_analysis/results/debroglie_matter_signature_isotope/debroglie_matter_signature_isotope_run_c/debroglie_matter_signature_isotope_state.json,debroglie_matter_signature_isotope,debroglie_matter_signature_isotope_run_c,state,json,2806,true,c4b0b61b85efe3a49ade34666e4ad76e2e1aa5eca2ceead059e6faddec35dab7,
debroglie_matter_signature_isotope_carbon/debroglie_matter_signature_isotope_carbon_run_a/debroglie_matter_signature_isotope_carbon_claims.json,/home/ralf-kemmann/Downloads/_duplicate_quarantine/run_20260429_091132/files/deBroglie_Kaster_Theorie/debroglie-phase-bridge/debroglie-phase-bridge/typ_b_analysis/results/debroglie_matter_signature_isotope_carbon/debroglie_matter_signature_isotope_carbon_run_a/debroglie_matter_signature_isotope_carbon_claims.json,debroglie_matter_signature_isotope_carbon,debroglie_matter_signature_isotope_carbon_run_a,claims,json,220,true,a4fd002226f4a7d87d9315312e0d1ff3fe00dee48ffe5aedfc1de073853b044a,
debroglie_matter_signature_isotope_carbon/debroglie_matter_signature_isotope_carbon_run_a/debroglie_matter_signature_isotope_carbon_readout.md,/home/ralf-kemmann/Downloads/_duplicate_quarantine/run_20260429_091132/files/deBroglie_Kaster_Theorie/debroglie-phase-bridge/debroglie-phase-bridge/typ_b_analysis/results/debroglie_matter_signature_isotope_carbon/debroglie_matter_signature_isotope_carbon_run_a/debroglie_matter_signature_isotope_carbon_readout.md,debroglie_matter_signature_isotope_carbon,debroglie_matter_signature_isotope_carbon_run_a,readout,md,779,true,9d0413757a3d0b6a1cbaa6df54dba806dc4cfb53c1e5e9a1e1c485823e560f29,
debroglie_matter_signature_isotope_carbon/debroglie_matter_signature_isotope_carbon_run_a/debroglie_matter_signature_isotope_carbon_scan.csv,/home/ralf-kemmann/Downloads/_duplicate_quarantine/run_20260429_091132/files/deBroglie_Kaster_Theorie/debroglie-phase-bridge/debroglie-phase-bridge/typ_b_analysis/results/debroglie_matter_signature_isotope_carbon/debroglie_matter_signature_isotope_carbon_run_a/debroglie_matter_signature_isotope_carbon_scan.csv,debroglie_matter_signature_isotope_carbon,debroglie_matter_signature_isotope_carbon_run_a,scan,csv,650,true,df810bd42b247112c8f96315dfe458e1e47b19b4108ce1bfc07026b440ef497c,
debroglie_matter_signature_isotope_carbon/debroglie_matter_signature_isotope_carbon_run_a/debroglie_matter_signature_isotope_carbon_state.json,/home/ralf-kemmann/Downloads/_duplicate_quarantine/run_20260429_091132/files/deBroglie_Kaster_Theorie/debroglie-phase-bridge/debroglie-phase-bridge/typ_b_analysis/results/debroglie_matter_signature_isotope_carbon/debroglie_matter_signature_isotope_carbon_run_a/debroglie_matter_signature_isotope_carbon_state.json,debroglie_matter_signature_isotope_carbon,debroglie_matter_signature_isotope_carbon_run_a,state,json,2176,true,492b5c3fb26da1085c88d4d88cb7e273f7146ee7bac842b39f93cf792c4ef838,
debroglie_matter_signature_isotope_carbon/debroglie_matter_signature_isotope_carbon_run_b/debroglie_matter_signature_isotope_carbon_claims.json,/home/ralf-kemmann/Downloads/_duplicate_quarantine/run_20260429_091132/files/deBroglie_Kaster_Theorie/debroglie-phase-bridge/debroglie-phase-bridge/typ_b_analysis/results/debroglie_matter_signature_isotope_carbon/debroglie_matter_signature_isotope_carbon_run_b/debroglie_matter_signature_isotope_carbon_claims.json,debroglie_matter_signature_isotope_carbon,debroglie_matter_signature_isotope_carbon_run_b,claims,json,220,true,a4fd002226f4a7d87d9315312e0d1ff3fe00dee48ffe5aedfc1de073853b044a,
debroglie_matter_signature_isotope_carbon/debroglie_matter_signature_isotope_carbon_run_b/debroglie_matter_signature_isotope_carbon_readout.md,/home/ralf-kemmann/Downloads/_duplicate_quarantine/run_20260429_091132/files/deBroglie_Kaster_Theorie/debroglie-phase-bridge/debroglie-phase-bridge/typ_b_analysis/results/debroglie_matter_signature_isotope_carbon/debroglie_matter_signature_isotope_carbon_run_b/debroglie_matter_signature_isotope_carbon_readout.md,debroglie_matter_signature_isotope_carbon,debroglie_matter_signature_isotope_carbon_run_b,readout,md,787,true,dd237d32895d9e2c925467c63c625c0e93d863da99531d1dc16778d4e3892cf2,
debroglie_matter_signature_isotope_carbon/debroglie_matter_signature_isotope_carbon_run_b/debroglie_matter_signature_isotope_carbon_scan.csv,/home/ralf-kemmann/Downloads/_duplicate_quarantine/run_20260429_091132/files/deBroglie_Kaster_Theorie/debroglie-phase-bridge/debroglie-phase-bridge/typ_b_analysis/results/debroglie_matter_signature_isotope_carbon/debroglie_matter_signature_isotope_carbon_run_b/debroglie_matter_signature_isotope_carbon_scan.csv,debroglie_matter_signature_isotope_carbon,debroglie_matter_signature_isotope_carbon_run_b,scan,csv,651,true,41b08d747f5b91939e295eb65198353316284a9bdacf78463324971cd06e4fe7,
debroglie_matter_signature_isotope_carbon/debroglie_matter_signature_isotope_carbon_run_b/debroglie_matter_signature_isotope_carbon_state.json,/home/ralf-kemmann/Downloads/_duplicate_quarantine/run_20260429_091132/files/deBroglie_Kaster_Theorie/debroglie-phase-bridge/debroglie-phase-bridge/typ_b_analysis/results/debroglie_matter_signature_isotope_carbon/debroglie_matter_signature_isotope_carbon_run_b/debroglie_matter_signature_isotope_carbon_state.json,debroglie_matter_signature_isotope_carbon,debroglie_matter_signature_isotope_carbon_run_b,state,json,2185,true,35eae35e4c31fd3f87d103f5e8f0db2a8abc7a1ebdd34ae25ce4beacd2ed2f8c,
debroglie_matter_signature_isotope_carbon/debroglie_matter_signature_isotope_carbon_run_c/debroglie_matter_signature_isotope_carbon_claims.json,/home/ralf-kemmann/Downloads/_duplicate_quarantine/run_20260429_091132/files/deBroglie_Kaster_Theorie/debroglie-phase-bridge/debroglie-phase-bridge/typ_b_analysis/results/debroglie_matter_signature_isotope_carbon/debroglie_matter_signature_isotope_carbon_run_c/debroglie_matter_signature_isotope_carbon_claims.json,debroglie_matter_signature_isotope_carbon,debroglie_matter_signature_isotope_carbon_run_c,claims,json,220,true,a4fd002226f4a7d87d9315312e0d1ff3fe00dee48ffe5aedfc1de073853b044a,
debroglie_matter_signature_isotope_carbon/debroglie_matter_signature_isotope_carbon_run_c/debroglie_matter_signature_isotope_carbon_readout.md,/home/ralf-kemmann/Downloads/_duplicate_quarantine/run_20260429_091132/files/deBroglie_Kaster_Theorie/debroglie-phase-bridge/debroglie-phase-bridge/typ_b_analysis/results/debroglie_matter_signature_isotope_carbon/debroglie_matter_signature_isotope_carbon_run_c/debroglie_matter_signature_isotope_carbon_readout.md,debroglie_matter_signature_isotope_carbon,debroglie_matter_signature_isotope_carbon_run_c,readout,md,800,true,aedd12a37f7d595f551584bbfbd4f703d0fef3f1d6ede081a8747036c2bffce7,
debroglie_matter_signature_isotope_carbon/debroglie_matter_signature_isotope_carbon_run_c/debroglie_matter_signature_isotope_carbon_scan.csv,/home/ralf-kemmann/Downloads/_duplicate_quarantine/run_20260429_091132/files/deBroglie_Kaster_Theorie/debroglie-phase-bridge/debroglie-phase-bridge/typ_b_analysis/results/debroglie_matter_signature_isotope_carbon/debroglie_matter_signature_isotope_carbon_run_c/debroglie_matter_signature_isotope_carbon_scan.csv,debroglie_matter_signature_isotope_carbon,debroglie_matter_signature_isotope_carbon_run_c,scan,csv,652,true,b540f954e60d4d5ba426e8a8e64b51ec21c0f69e869f3774283b112d88b964d6,
debroglie_matter_signature_isotope_carbon/debroglie_matter_signature_isotope_carbon_run_c/debroglie_matter_signature_isotope_carbon_state.json,/home/ralf-kemmann/Downloads/_duplicate_quarantine/run_20260429_091132/files/deBroglie_Kaster_Theorie/debroglie-phase-bridge/debroglie-phase-bridge/typ_b_analysis/results/debroglie_matter_signature_isotope_carbon/debroglie_matter_signature_isotope_carbon_run_c/debroglie_matter_signature_isotope_carbon_state.json,debroglie_matter_signature_isotope_carbon,debroglie_matter_signature_isotope_carbon_run_c,state,json,2199,true,89a83c91d5ba4d2ca5461acd390a763c9f2cc16b238ef46820eca7a2c1e9c3b0,
debroglie_matter_signature_isotope_strontium/debroglie_matter_signature_isotope_strontium_run_a/debroglie_matter_signature_isotope_strontium_claims.json,/home/ralf-kemmann/Downloads/_duplicate_quarantine/run_20260429_091132/files/deBroglie_Kaster_Theorie/debroglie-phase-bridge/debroglie-phase-bridge/typ_b_analysis/results/debroglie_matter_signature_isotope_strontium/debroglie_matter_signature_isotope_strontium_run_a/debroglie_matter_signature_isotope_strontium_claims.json,debroglie_matter_signature_isotope_strontium,debroglie_matter_signature_isotope_strontium_run_a,claims,json,146,true,10d77a5cb503bded8ee2832c3f5d18f2c99c987e66eae63e06fe124b1aad72ee,
debroglie_matter_signature_isotope_strontium/debroglie_matter_signature_isotope_strontium_run_a/debroglie_matter_signature_isotope_strontium_readout.md,/home/ralf-kemmann/Downloads/_duplicate_quarantine/run_20260429_091132/files/deBroglie_Kaster_Theorie/debroglie-phase-bridge/debroglie-phase-bridge/typ_b_analysis/results/debroglie_matter_signature_isotope_strontium/debroglie_matter_signature_isotope_strontium_run_a/debroglie_matter_signature_isotope_strontium_readout.md,debroglie_matter_signature_isotope_strontium,debroglie_matter_signature_isotope_strontium_run_a,readout,md,892,true,74ffcfd4e0173260752fc54b2c633bb2df896415bc0c63c2daa077669791d673,
debroglie_matter_signature_isotope_strontium/debroglie_matter_signature_isotope_strontium_run_a/debroglie_matter_signature_isotope_strontium_scan.csv,/home/ralf-kemmann/Downloads/_duplicate_quarantine/run_20260429_091132/files/deBroglie_Kaster_Theorie/debroglie-phase-bridge/debroglie-phase-bridge/typ_b_analysis/results/debroglie_matter_signature_isotope_strontium/debroglie_matter_signature_isotope_strontium_run_a/debroglie_matter_signature_isotope_strontium_scan.csv,debroglie_matter_signature_isotope_strontium,debroglie_matter_signature_isotope_strontium_run_a,scan,csv,1040,true,2fa89f72a2d51416678f6bcbb6c2b50d99f1d6ddc57434e97a54afe8bde786b2,
debroglie_matter_signature_isotope_strontium/debroglie_matter_signature_isotope_strontium_run_a/debroglie_matter_signature_isotope_strontium_state.json,/home/ralf-kemmann/Downloads/_duplicate_quarantine/run_20260429_091132/files/deBroglie_Kaster_Theorie/debroglie-phase-bridge/debroglie-phase-bridge/typ_b_analysis/results/debroglie_matter_signature_isotope_strontium/debroglie_matter_signature_isotope_strontium_run_a/debroglie_matter_signature_isotope_strontium_state.json,debroglie_matter_signature_isotope_strontium,debroglie_matter_signature_isotope_strontium_run_a,state,json,3505,true,d76b9ecdf692c74ba38ce03626b8c1d272390a84fb95645364309b5ee001fb67,
debroglie_matter_signature_isotope_strontium/debroglie_matter_signature_isotope_strontium_run_b/debroglie_matter_signature_isotope_strontium_claims.json,/home/ralf-kemmann/Downloads/_duplicate_quarantine/run_20260429_091132/files/deBroglie_Kaster_Theorie/debroglie-phase-bridge/debroglie-phase-bridge/typ_b_analysis/results/debroglie_matter_signature_isotope_strontium/debroglie_matter_signature_isotope_strontium_run_b/debroglie_matter_signature_isotope_strontium_claims.json,debroglie_matter_signature_isotope_strontium,debroglie_matter_signature_isotope_strontium_run_b,claims,json,146,true,10d77a5cb503bded8ee2832c3f5d18f2c99c987e66eae63e06fe124b1aad72ee,
debroglie_matter_signature_isotope_strontium/debroglie_matter_signature_isotope_strontium_run_b/debroglie_matter_signature_isotope_strontium_readout.md,/home/ralf-kemmann/Downloads/_duplicate_quarantine/run_20260429_091132/files/deBroglie_Kaster_Theorie/debroglie-phase-bridge/debroglie-phase-bridge/typ_b_analysis/results/debroglie_matter_signature_isotope_strontium/debroglie_matter_signature_isotope_strontium_run_b/debroglie_matter_signature_isotope_strontium_readout.md,debroglie_matter_signature_isotope_strontium,debroglie_matter_signature_isotope_strontium_run_b,readout,md,900,true,0a4a18032368033df8c1335b4c6aeaeb9a2b809b5f2c351e1b44b5dc045ae1dd,
debroglie_matter_signature_isotope_strontium/debroglie_matter_signature_isotope_strontium_run_b/debroglie_matter_signature_isotope_strontium_scan.csv,/home/ralf-kemmann/Downloads/_duplicate_quarantine/run_20260429_091132/files/deBroglie_Kaster_Theorie/debroglie-phase-bridge/debroglie-phase-bridge/typ_b_analysis/results/debroglie_matter_signature_isotope_strontium/debroglie_matter_signature_isotope_strontium_run_b/debroglie_matter_signature_isotope_strontium_scan.csv,debroglie_matter_signature_isotope_strontium,debroglie_matter_signature_isotope_strontium_run_b,scan,csv,1040,true,a17f6a9f8b740a50c6defc58e725fef4ccc60175874453c453d4ed1363e0af1f,
debroglie_matter_signature_isotope_strontium/debroglie_matter_signature_isotope_strontium_run_b/debroglie_matter_signature_isotope_strontium_state.json,/home/ralf-kemmann/Downloads/_duplicate_quarantine/run_20260429_091132/files/deBroglie_Kaster_Theorie/debroglie-phase-bridge/debroglie-phase-bridge/typ_b_analysis/results/debroglie_matter_signature_isotope_strontium/debroglie_matter_signature_isotope_strontium_run_b/debroglie_matter_signature_isotope_strontium_state.json,debroglie_matter_signature_isotope_strontium,debroglie_matter_signature_isotope_strontium_run_b,state,json,3513,true,d7239da45fcc2020e56c36a37d9145af4691db378b4aa3c5123652f247ba3fac,
debroglie_matter_signature_isotope_strontium/debroglie_matter_signature_isotope_strontium_run_c/debroglie_matter_signature_isotope_strontium_claims.json,/home/ralf-kemmann/Downloads/_duplicate_quarantine/run_20260429_091132/files/deBroglie_Kaster_Theorie/debroglie-phase-bridge/debroglie-phase-bridge/typ_b_analysis/results/debroglie_matter_signature_isotope_strontium/debroglie_matter_signature_isotope_strontium_run_c/debroglie_matter_signature_isotope_strontium_claims.json,debroglie_matter_signature_isotope_strontium,debroglie_matter_signature_isotope_strontium_run_c,claims,json,146,true,10d77a5cb503bded8ee2832c3f5d18f2c99c987e66eae63e06fe124b1aad72ee,
debroglie_matter_signature_isotope_strontium/debroglie_matter_signature_isotope_strontium_run_c/debroglie_matter_signature_isotope_strontium_readout.md,/home/ralf-kemmann/Downloads/_duplicate_quarantine/run_20260429_091132/files/deBroglie_Kaster_Theorie/debroglie-phase-bridge/debroglie-phase-bridge/typ_b_analysis/results/debroglie_matter_signature_isotope_strontium/debroglie_matter_signature_isotope_strontium_run_c/debroglie_matter_signature_isotope_strontium_readout.md,debroglie_matter_signature_isotope_strontium,debroglie_matter_signature_isotope_strontium_run_c,readout,md,913,true,5914aaee11b2c1d4aca7fd26bf655973643a03e63337085ff28b308ac60673a4,
debroglie_matter_signature_isotope_strontium/debroglie_matter_signature_isotope_strontium_run_c/debroglie_matter_signature_isotope_strontium_scan.csv,/home/ralf-kemmann/Downloads/_duplicate_quarantine/run_20260429_091132/files/deBroglie_Kaster_Theorie/debroglie-phase-bridge/debroglie-phase-bridge/typ_b_analysis/results/debroglie_matter_signature_isotope_strontium/debroglie_matter_signature_isotope_strontium_run_c/debroglie_matter_signature_isotope_strontium_scan.csv,debroglie_matter_signature_isotope_strontium,debroglie_matter_signature_isotope_strontium_run_c,scan,csv,1043,true,4ea90912f8e2ba7169b0b49ad67b219856158b4e0e4916e0923b7325ddd1c8fc,
debroglie_matter_signature_isotope_strontium/debroglie_matter_signature_isotope_strontium_run_c/debroglie_matter_signature_isotope_strontium_state.json,/home/ralf-kemmann/Downloads/_duplicate_quarantine/run_20260429_091132/files/deBroglie_Kaster_Theorie/debroglie-phase-bridge/debroglie-phase-bridge/typ_b_analysis/results/debroglie_matter_signature_isotope_strontium/debroglie_matter_signature_isotope_strontium_run_c/debroglie_matter_signature_isotope_strontium_state.json,debroglie_matter_signature_isotope_strontium,debroglie_matter_signature_isotope_strontium_run_c,state,json,3529,true,00608edfcf91fca387eaa8ec9e5cd0a9426d821684a9fa0cfcf5353e70ceefe1,
debroglie_matter_signature_qc/debroglie_matter_signature_qc_run_a/debroglie_matter_signature_qc_claims.json,/home/ralf-kemmann/Downloads/_duplicate_quarantine/run_20260429_091132/files/deBroglie_Kaster_Theorie/debroglie-phase-bridge/debroglie-phase-bridge/typ_b_analysis/results/debroglie_matter_signature_qc/debroglie_matter_signature_qc_run_a/debroglie_matter_signature_qc_claims.json,debroglie_matter_signature_qc,debroglie_matter_signature_qc_run_a,claims,json,140,true,0af67fe327a1083f5fd3a605a25ae743989d902cb571d879793f0858daea448b,
debroglie_matter_signature_qc/debroglie_matter_signature_qc_run_a/debroglie_matter_signature_qc_readout.md,/home/ralf-kemmann/Downloads/_duplicate_quarantine/run_20260429_091132/files/deBroglie_Kaster_Theorie/debroglie-phase-bridge/debroglie-phase-bridge/typ_b_analysis/results/debroglie_matter_signature_qc/debroglie_matter_signature_qc_run_a/debroglie_matter_signature_qc_readout.md,debroglie_matter_signature_qc,debroglie_matter_signature_qc_run_a,readout,md,674,true,fd0a81c01a8b1f87ae7e0568ecbf2f08a7037e70e5195022ed1a5427e8dca309,
debroglie_matter_signature_qc/debroglie_matter_signature_qc_run_a/debroglie_matter_signature_qc_scan.csv,/home/ralf-kemmann/Downloads/_duplicate_quarantine/run_20260429_091132/files/deBroglie_Kaster_Theorie/debroglie-phase-bridge/debroglie-phase-bridge/typ_b_analysis/results/debroglie_matter_signature_qc/debroglie_matter_signature_qc_run_a/debroglie_matter_signature_qc_scan.csv,debroglie_matter_signature_qc,debroglie_matter_signature_qc_run_a,scan,csv,1275,true,353722b7f4ee38bdb66fdcb6cfb2e1d0939f98daacf30dc93aecbde7b19996bc,
debroglie_matter_signature_qc/debroglie_matter_signature_qc_run_a/debroglie_matter_signature_qc_state.json,/home/ralf-kemmann/Downloads/_duplicate_quarantine/run_20260429_091132/files/deBroglie_Kaster_Theorie/debroglie-phase-bridge/debroglie-phase-bridge/typ_b_analysis/results/debroglie_matter_signature_qc/debroglie_matter_signature_qc_run_a/debroglie_matter_signature_qc_state.json,debroglie_matter_signature_qc,debroglie_matter_signature_qc_run_a,state,json,4054,true,c4b261b8d5d0f627d18c20e23ee27abca5b8466120ac5fac9f94e92fee0ea905,
debroglie_matter_signature_qc_shell/debroglie_matter_signature_qc_shell_run_a/debroglie_matter_signature_qc_shell_claims.json,/home/ralf-kemmann/Downloads/_duplicate_quarantine/run_20260429_091132/files/deBroglie_Kaster_Theorie/debroglie-phase-bridge/debroglie-phase-bridge/typ_b_analysis/results/debroglie_matter_signature_qc_shell/debroglie_matter_signature_qc_shell_run_a/debroglie_matter_signature_qc_shell_claims.json,debroglie_matter_signature_qc_shell,debroglie_matter_signature_qc_shell_run_a,claims,json,143,true,dea9572f49e7d0fd1c6e188ac88ecdc197153280e565c99bf1e024a651599d1d,
debroglie_matter_signature_qc_shell/debroglie_matter_signature_qc_shell_run_a/debroglie_matter_signature_qc_shell_readout.md,/home/ralf-kemmann/Downloads/_duplicate_quarantine/run_20260429_091132/files/deBroglie_Kaster_Theorie/debroglie-phase-bridge/debroglie-phase-bridge/typ_b_analysis/results/debroglie_matter_signature_qc_shell/debroglie_matter_signature_qc_shell_run_a/debroglie_matter_signature_qc_shell_readout.md,debroglie_matter_signature_qc_shell,debroglie_matter_signature_qc_shell_run_a,readout,md,707,true,d92b2eed4c70699dbe735a04ee154ae68c6fbbeaf26bcdc91b615b8401c35d44,
debroglie_matter_signature_qc_shell/debroglie_matter_signature_qc_shell_run_a/debroglie_matter_signature_qc_shell_scan.csv,/home/ralf-kemmann/Downloads/_duplicate_quarantine/run_20260429_091132/files/deBroglie_Kaster_Theorie/debroglie-phase-bridge/debroglie-phase-bridge/typ_b_analysis/results/debroglie_matter_signature_qc_shell/debroglie_matter_signature_qc_shell_run_a/debroglie_matter_signature_qc_shell_scan.csv,debroglie_matter_signature_qc_shell,debroglie_matter_signature_qc_shell_run_a,scan,csv,1299,true,5cef8b2a679a924baffcd504d8f93f74a3138cb992548f150d981faee8a7f8ea,
debroglie_matter_signature_qc_shell/debroglie_matter_signature_qc_shell_run_a/debroglie_matter_signature_qc_shell_state.json,/home/ralf-kemmann/Downloads/_duplicate_quarantine/run_20260429_091132/files/deBroglie_Kaster_Theorie/debroglie-phase-bridge/debroglie-phase-bridge/typ_b_analysis/results/debroglie_matter_signature_qc_shell/debroglie_matter_signature_qc_shell_run_a/debroglie_matter_signature_qc_shell_state.json,debroglie_matter_signature_qc_shell,debroglie_matter_signature_qc_shell_run_a,state,json,4386,true,39b5f1edeb9ffa960397168cc01801cf764576900419d19f81d2ad4bc5cfd7ff,
debroglie_matter_signature_qc_valence/debroglie_matter_signature_qc_valence_run_a/debroglie_matter_signature_qc_valence_claims.json,/home/ralf-kemmann/Downloads/_duplicate_quarantine/run_20260429_091132/files/deBroglie_Kaster_Theorie/debroglie-phase-bridge/debroglie-phase-bridge/typ_b_analysis/results/debroglie_matter_signature_qc_valence/debroglie_matter_signature_qc_valence_run_a/debroglie_matter_signature_qc_valence_claims.json,debroglie_matter_signature_qc_valence,debroglie_matter_signature_qc_valence_run_a,claims,json,215,true,fafd0b1ca366feaacd2e9f817b8d25cfc21fca5d79bc549862b13e21367745c1,
debroglie_matter_signature_qc_valence/debroglie_matter_signature_qc_valence_run_a/debroglie_matter_signature_qc_valence_readout.md,/home/ralf-kemmann/Downloads/_duplicate_quarantine/run_20260429_091132/files/deBroglie_Kaster_Theorie/debroglie-phase-bridge/debroglie-phase-bridge/typ_b_analysis/results/debroglie_matter_signature_qc_valence/debroglie_matter_signature_qc_valence_run_a/debroglie_matter_signature_qc_valence_readout.md,debroglie_matter_signature_qc_valence,debroglie_matter_signature_qc_valence_run_a,readout,md,698,true,986caa8c6500dea1c5eb575ac06d3f7a16df776497ccb2c45822775a212bbd0d,
debroglie_matter_signature_qc_valence/debroglie_matter_signature_qc_valence_run_a/debroglie_matter_signature_qc_valence_scan.csv,/home/ralf-kemmann/Downloads/_duplicate_quarantine/run_20260429_091132/files/deBroglie_Kaster_Theorie/debroglie-phase-bridge/debroglie-phase-bridge/typ_b_analysis/results/debroglie_matter_signature_qc_valence/debroglie_matter_signature_qc_valence_run_a/debroglie_matter_signature_qc_valence_scan.csv,debroglie_matter_signature_qc_valence,debroglie_matter_signature_qc_valence_run_a,scan,csv,1252,true,1e544ee2540ba3ed25d85ff8fa0c73470a09db4320dcd8988baf37fa28654415,
debroglie_matter_signature_qc_valence/debroglie_matter_signature_qc_valence_run_a/debroglie_matter_signature_qc_valence_state.json,/home/ralf-kemmann/Downloads/_duplicate_quarantine/run_20260429_091132/files/deBroglie_Kaster_Theorie/debroglie-phase-bridge/debroglie-phase-bridge/typ_b_analysis/results/debroglie_matter_signature_qc_valence/debroglie_matter_signature_qc_valence_run_a/debroglie_matter_signature_qc_valence_state.json,debroglie_matter_signature_qc_valence,debroglie_matter_signature_qc_valence_run_a,state,json,4234,true,57224b402a10c555b5eca1889efad0538f08f1289eb2fe1c7896cf73c675879d,
debroglie_matter_signature_vdw/debroglie_matter_signature_vdw_run_a/debroglie_matter_signature_vdw_claims.json,/home/ralf-kemmann/Downloads/_duplicate_quarantine/run_20260429_091132/files/deBroglie_Kaster_Theorie/debroglie-phase-bridge/debroglie-phase-bridge/typ_b_analysis/results/debroglie_matter_signature_vdw/debroglie_matter_signature_vdw_run_a/debroglie_matter_signature_vdw_claims.json,debroglie_matter_signature_vdw,debroglie_matter_signature_vdw_run_a,claims,json,325,true,b4b1004b1ff6034dd4c2b597def4962f24698990e9f71d97060ec003c195182e,
debroglie_matter_signature_vdw/debroglie_matter_signature_vdw_run_a/debroglie_matter_signature_vdw_readout.md,/home/ralf-kemmann/Downloads/_duplicate_quarantine/run_20260429_091132/files/deBroglie_Kaster_Theorie/debroglie-phase-bridge/debroglie-phase-bridge/typ_b_analysis/results/debroglie_matter_signature_vdw/debroglie_matter_signature_vdw_run_a/debroglie_matter_signature_vdw_readout.md,debroglie_matter_signature_vdw,debroglie_matter_signature_vdw_run_a,readout,md,2821,true,6f850d7bbd18ab9ea6357d9fa58fcef37a6ba2faa72d43be67c9dac0b77794aa,
debroglie_matter_signature_vdw/debroglie_matter_signature_vdw_run_a/debroglie_matter_signature_vdw_scan.csv,/home/ralf-kemmann/Downloads/_duplicate_quarantine/run_20260429_091132/files/deBroglie_Kaster_Theorie/debroglie-phase-bridge/debroglie-phase-bridge/typ_b_analysis/results/debroglie_matter_signature_vdw/debroglie_matter_signature_vdw_run_a/debroglie_matter_signature_vdw_scan.csv,debroglie_matter_signature_vdw,debroglie_matter_signature_vdw_run_a,scan,csv,4778,true,26c7335ff02ad079cb614b1cc817dd265b440a45b01d8719eabd815b61560615,
debroglie_matter_signature_vdw/debroglie_matter_signature_vdw_run_a/debroglie_matter_signature_vdw_state.json,/home/ralf-kemmann/Downloads/_duplicate_quarantine/run_20260429_091132/files/deBroglie_Kaster_Theorie/debroglie-phase-bridge/debroglie-phase-bridge/typ_b_analysis/results/debroglie_matter_signature_vdw/debroglie_matter_signature_vdw_run_a/debroglie_matter_signature_vdw_state.json,debroglie_matter_signature_vdw,debroglie_matter_signature_vdw_run_a,state,json,11395,true,ff2ab31441262cd2501c48f2b1f206b3fbc8d404444404be4c8aa1919cea26be,
debroglie_matter_signature_vdw/debroglie_matter_signature_vdw_run_a/debroglie_matter_signature_vdw_tau_response.csv,/home/ralf-kemmann/Downloads/_duplicate_quarantine/run_20260429_091132/files/deBroglie_Kaster_Theorie/debroglie-phase-bridge/debroglie-phase-bridge/typ_b_analysis/results/debroglie_matter_signature_vdw/debroglie_matter_signature_vdw_run_a/debroglie_matter_signature_vdw_tau_response.csv,debroglie_matter_signature_vdw,debroglie_matter_signature_vdw_run_a,tau_response,csv,4778,true,26c7335ff02ad079cb614b1cc817dd265b440a45b01d8719eabd815b61560615,
debroglie_matter_signature_vdw/debroglie_matter_signature_vdw_run_b/debroglie_matter_signature_vdw_claims.json,/home/ralf-kemmann/Downloads/_duplicate_quarantine/run_20260429_091132/files/deBroglie_Kaster_Theorie/debroglie-phase-bridge/debroglie-phase-bridge/typ_b_analysis/results/debroglie_matter_signature_vdw/debroglie_matter_signature_vdw_run_b/debroglie_matter_signature_vdw_claims.json,debroglie_matter_signature_vdw,debroglie_matter_signature_vdw_run_b,claims,json,297,true,4ff029f83944bb86e08a5e185ff4e864235374887bc898fa67227be08e73254f,
debroglie_matter_signature_vdw/debroglie_matter_signature_vdw_run_b/debroglie_matter_signature_vdw_readout.md,/home/ralf-kemmann/Downloads/_duplicate_quarantine/run_20260429_091132/files/deBroglie_Kaster_Theorie/debroglie-phase-bridge/debroglie-phase-bridge/typ_b_analysis/results/debroglie_matter_signature_vdw/debroglie_matter_signature_vdw_run_b/debroglie_matter_signature_vdw_readout.md,debroglie_matter_signature_vdw,debroglie_matter_signature_vdw_run_b,readout,md,4411,true,9de1fa2b0ec8d0fc57ea994f3267c31137ba532fe3b8d6b8705b99210dd07619,
debroglie_matter_signature_vdw/debroglie_matter_signature_vdw_run_b/debroglie_matter_signature_vdw_scan.csv,/home/ralf-kemmann/Downloads/_duplicate_quarantine/run_20260429_091132/files/deBroglie_Kaster_Theorie/debroglie-phase-bridge/debroglie-phase-bridge/typ_b_analysis/results/debroglie_matter_signature_vdw/debroglie_matter_signature_vdw_run_b/debroglie_matter_signature_vdw_scan.csv,debroglie_matter_signature_vdw,debroglie_matter_signature_vdw_run_b,scan,csv,6138,true,411e39f0066e63cdaa9902c37af04183a30ae26f04bf0fa429c0c59ab83e2689,
debroglie_matter_signature_vdw/debroglie_matter_signature_vdw_run_b/debroglie_matter_signature_vdw_state.json,/home/ralf-kemmann/Downloads/_duplicate_quarantine/run_20260429_091132/files/deBroglie_Kaster_Theorie/debroglie-phase-bridge/debroglie-phase-bridge/typ_b_analysis/results/debroglie_matter_signature_vdw/debroglie_matter_signature_vdw_run_b/debroglie_matter_signature_vdw_state.json,debroglie_matter_signature_vdw,debroglie_matter_signature_vdw_run_b,state,json,13564,true,b0a435443b9610add7758ca02ab2efb017f0c86feb093389b7a5435c3243ddf7,
debroglie_matter_signature_vdw/debroglie_matter_signature_vdw_run_b/debroglie_matter_signature_vdw_tau_response.csv,/home/ralf-kemmann/Downloads/_duplicate_quarantine/run_20260429_091132/files/deBroglie_Kaster_Theorie/debroglie-phase-bridge/debroglie-phase-bridge/typ_b_analysis/results/debroglie_matter_signature_vdw/debroglie_matter_signature_vdw_run_b/debroglie_matter_signature_vdw_tau_response.csv,debroglie_matter_signature_vdw,debroglie_matter_signature_vdw_run_b,tau_response,csv,6138,true,411e39f0066e63cdaa9902c37af04183a30ae26f04bf0fa429c0c59ab83e2689,
debroglie_matter_signature_vdw/debroglie_matter_signature_vdw_run_c/debroglie_matter_signature_vdw_claims.json,/home/ralf-kemmann/Downloads/_duplicate_quarantine/run_20260429_091132/files/deBroglie_Kaster_Theorie/debroglie-phase-bridge/debroglie-phase-bridge/typ_b_analysis/results/debroglie_matter_signature_vdw/debroglie_matter_signature_vdw_run_c/debroglie_matter_signature_vdw_claims.json,debroglie_matter_signature_vdw,debroglie_matter_signature_vdw_run_c,claims,json,297,true,4ff029f83944bb86e08a5e185ff4e864235374887bc898fa67227be08e73254f,
debroglie_matter_signature_vdw/debroglie_matter_signature_vdw_run_c/debroglie_matter_signature_vdw_readout.md,/home/ralf-kemmann/Downloads/_duplicate_quarantine/run_20260429_091132/files/deBroglie_Kaster_Theorie/debroglie-phase-bridge/debroglie-phase-bridge/typ_b_analysis/results/debroglie_matter_signature_vdw/debroglie_matter_signature_vdw_run_c/debroglie_matter_signature_vdw_readout.md,debroglie_matter_signature_vdw,debroglie_matter_signature_vdw_run_c,readout,md,4411,true,df6d5596b8677b3f4cb2489f78136b216937258d59bb3afe6332294f91b20c10,
debroglie_matter_signature_vdw/debroglie_matter_signature_vdw_run_c/debroglie_matter_signature_vdw_scan.csv,/home/ralf-kemmann/Downloads/_duplicate_quarantine/run_20260429_091132/files/deBroglie_Kaster_Theorie/debroglie-phase-bridge/debroglie-phase-bridge/typ_b_analysis/results/debroglie_matter_signature_vdw/debroglie_matter_signature_vdw_run_c/debroglie_matter_signature_vdw_scan.csv,debroglie_matter_signature_vdw,debroglie_matter_signature_vdw_run_c,scan,csv,6138,true,7c25ebcd0476f3c404d9e1dbef7315882fc0f523956a50f63418bd82778ca2da,
debroglie_matter_signature_vdw/debroglie_matter_signature_vdw_run_c/debroglie_matter_signature_vdw_state.json,/home/ralf-kemmann/Downloads/_duplicate_quarantine/run_20260429_091132/files/deBroglie_Kaster_Theorie/debroglie-phase-bridge/debroglie-phase-bridge/typ_b_analysis/results/debroglie_matter_signature_vdw/debroglie_matter_signature_vdw_run_c/debroglie_matter_signature_vdw_state.json,debroglie_matter_signature_vdw,debroglie_matter_signature_vdw_run_c,state,json,13565,true,cb7c5986b72ea04af05c81b5d24275d6b1e52f4f97889f06e5472421adce6105,
debroglie_matter_signature_vdw/debroglie_matter_signature_vdw_run_c/debroglie_matter_signature_vdw_tau_response.csv,/home/ralf-kemmann/Downloads/_duplicate_quarantine/run_20260429_091132/files/deBroglie_Kaster_Theorie/debroglie-phase-bridge/debroglie-phase-bridge/typ_b_analysis/results/debroglie_matter_signature_vdw/debroglie_matter_signature_vdw_run_c/debroglie_matter_signature_vdw_tau_response.csv,debroglie_matter_signature_vdw,debroglie_matter_signature_vdw_run_c,tau_response,csv,6138,true,7c25ebcd0476f3c404d9e1dbef7315882fc0f523956a50f63418bd82778ca2da,
n1_a1_b1_decoupling_v1/a1_b1_decoupling_comparison.csv,/home/ralf-kemmann/Downloads/_duplicate_quarantine/run_20260429_091132/files/deBroglie_Kaster_Theorie/debroglie-phase-bridge/debroglie-phase-bridge/typ_b_analysis/results/n1_a1_b1_decoupling_v1/a1_b1_decoupling_comparison.csv,n1_a1_b1_decoupling_v1,n1_a1_b1_decoupling_v1,csv_other,csv,1094,true,c0044f9199a054a444b010f700346f95dec19472f80cae61a65e6c664c01d52b,
n1_a1_b1_decoupling_v1/a1_b1_decoupling_per_class.csv,/home/ralf-kemmann/Downloads/_duplicate_quarantine/run_20260429_091132/files/deBroglie_Kaster_Theorie/debroglie-phase-bridge/debroglie-phase-bridge/typ_b_analysis/results/n1_a1_b1_decoupling_v1/a1_b1_decoupling_per_class.csv,n1_a1_b1_decoupling_v1,n1_a1_b1_decoupling_v1,csv_other,csv,1189,true,dcfdc0c0672fdf6b047eefe502b3a8be96e78cd17d29863c4b4bba3f2993c01e,
n1_a1_b1_decoupling_v1/block_readout.md,/home/ralf-kemmann/Downloads/_duplicate_quarantine/run_20260429_091132/files/deBroglie_Kaster_Theorie/debroglie-phase-bridge/debroglie-phase-bridge/typ_b_analysis/results/n1_a1_b1_decoupling_v1/block_readout.md,n1_a1_b1_decoupling_v1,n1_a1_b1_decoupling_v1,readout,md,1135,true,e59ca57a47b1d995071a636e8744bd3107766c9f1387b35c2bce2fa0976f7075,
n1_a1_b1_decoupling_v1/run_metadata.json,/home/ralf-kemmann/Downloads/_duplicate_quarantine/run_20260429_091132/files/deBroglie_Kaster_Theorie/debroglie-phase-bridge/debroglie-phase-bridge/typ_b_analysis/results/n1_a1_b1_decoupling_v1/run_metadata.json,n1_a1_b1_decoupling_v1,n1_a1_b1_decoupling_v1,run_metadata,json,449,true,34d5624d5eb3b2238b78d56fe2e1614da7cde29023b3c2d8a0f6c3e283db2252,
n1_a1_b1_decoupling_v1/summary.json,/home/ralf-kemmann/Downloads/_duplicate_quarantine/run_20260429_091132/files/deBroglie_Kaster_Theorie/debroglie-phase-bridge/debroglie-phase-bridge/typ_b_analysis/results/n1_a1_b1_decoupling_v1/summary.json,n1_a1_b1_decoupling_v1,n1_a1_b1_decoupling_v1,summary,json,8323,true,2c09c52e23209ac6c6daf7e03b743b7b171ef301fce13f8c630b5fb142870365,
n1_a1_b1_decoupling_v1_k0.summary.json,/home/ralf-kemmann/Downloads/_duplicate_quarantine/run_20260429_091132/files/deBroglie_Kaster_Theorie/debroglie-phase-bridge/debroglie-phase-bridge/typ_b_analysis/results/n1_a1_b1_decoupling_v1_k0.summary.json,n1_a1_b1_decoupling_v1_k0.summary.json,n1_a1_b1_decoupling_v1_k0.summary,summary,json,8308,true,66f7605b3f08cf25383803633239dfb8a20235ff10ca06e02897352280bf60cc,
n1_a1_b1_decoupling_v1_n1a_alpha.summary.json,/home/ralf-kemmann/Downloads/_duplicate_quarantine/run_20260429_091132/files/deBroglie_Kaster_Theorie/debroglie-phase-bridge/debroglie-phase-bridge/typ_b_analysis/results/n1_a1_b1_decoupling_v1_n1a_alpha.summary.json,n1_a1_b1_decoupling_v1_n1a_alpha.summary.json,n1_a1_b1_decoupling_v1_n1a_alpha.summary,summary,json,8335,true,e2e6d349bcd7fbc573ea12d42424956028778903da4eebcd78dcba55a465ad9b,
n1_a1_b1_decoupling_v1_theta_003.summary.json,/home/ralf-kemmann/Downloads/_duplicate_quarantine/run_20260429_091132/files/deBroglie_Kaster_Theorie/debroglie-phase-bridge/debroglie-phase-bridge/typ_b_analysis/results/n1_a1_b1_decoupling_v1_theta_003.summary.json,n1_a1_b1_decoupling_v1_theta_003.summary.json,n1_a1_b1_decoupling_v1_theta_003.summary,summary,json,8323,true,2c09c52e23209ac6c6daf7e03b743b7b171ef301fce13f8c630b5fb142870365,
n1_alt_neighborhood_v1/alternative_status_table.csv,/home/ralf-kemmann/Downloads/_duplicate_quarantine/run_20260429_091132/files/deBroglie_Kaster_Theorie/debroglie-phase-bridge/debroglie-phase-bridge/typ_b_analysis/results/n1_alt_neighborhood_v1/alternative_status_table.csv,n1_alt_neighborhood_v1,n1_alt_neighborhood_v1,csv_other,csv,604,true,65182d39a0b242371d08472325f2b50829904ae80029133cdac5602286330ed5,
n1_alt_neighborhood_v1/baseline_status_table.csv,/home/ralf-kemmann/Downloads/_duplicate_quarantine/run_20260429_091132/files/deBroglie_Kaster_Theorie/debroglie-phase-bridge/debroglie-phase-bridge/typ_b_analysis/results/n1_alt_neighborhood_v1/baseline_status_table.csv,n1_alt_neighborhood_v1,n1_alt_neighborhood_v1,csv_other,csv,601,true,2a10575f24b76b514d0b2a738ee565399810e00edcb4337887caf44dc750d825,
n1_alt_neighborhood_v1/block_readout.md,/home/ralf-kemmann/Downloads/_duplicate_quarantine/run_20260429_091132/files/deBroglie_Kaster_Theorie/debroglie-phase-bridge/debroglie-phase-bridge/typ_b_analysis/results/n1_alt_neighborhood_v1/block_readout.md,n1_alt_neighborhood_v1,n1_alt_neighborhood_v1,readout,md,1296,true,cda1ba7131157917a590f317f4853f3498562184feed94361689f38337b5539d,
n1_alt_neighborhood_v1/class_comparison.csv,/home/ralf-kemmann/Downloads/_duplicate_quarantine/run_20260429_091132/files/deBroglie_Kaster_Theorie/debroglie-phase-bridge/debroglie-phase-bridge/typ_b_analysis/results/n1_alt_neighborhood_v1/class_comparison.csv,n1_alt_neighborhood_v1,n1_alt_neighborhood_v1,csv_other,csv,1157,true,df704dbdc63ce68ea2b392b14f2dd104aeb759d663ade2e9ebd4253305a4cd49,
n1_alt_neighborhood_v1/neighbor_stats.csv,/home/ralf-kemmann/Downloads/_duplicate_quarantine/run_20260429_091132/files/deBroglie_Kaster_Theorie/debroglie-phase-bridge/debroglie-phase-bridge/typ_b_analysis/results/n1_alt_neighborhood_v1/neighbor_stats.csv,n1_alt_neighborhood_v1,n1_alt_neighborhood_v1,csv_other,csv,538,true,4ab3501ab8b508b9a42ee3e553e1898437ad00561a396ce819c75636ce009674,
n1_alt_neighborhood_v1/run_metadata.json,/home/ralf-kemmann/Downloads/_duplicate_quarantine/run_20260429_091132/files/deBroglie_Kaster_Theorie/debroglie-phase-bridge/debroglie-phase-bridge/typ_b_analysis/results/n1_alt_neighborhood_v1/run_metadata.json,n1_alt_neighborhood_v1,n1_alt_neighborhood_v1,run_metadata,json,449,true,20612c5bc3fc9a16bcca22930f2305b5be267f6e74b6d122ab5bd3518dca73a0,
n1_alt_neighborhood_v1/shell_stats.csv,/home/ralf-kemmann/Downloads/_duplicate_quarantine/run_20260429_091132/files/deBroglie_Kaster_Theorie/debroglie-phase-bridge/debroglie-phase-bridge/typ_b_analysis/results/n1_alt_neighborhood_v1/shell_stats.csv,n1_alt_neighborhood_v1,n1_alt_neighborhood_v1,csv_other,csv,474,true,155b2dc1eb961ad16c298ee860f92890bbf67574f26363d3dd5bf20ab4680270,
n1_alt_neighborhood_v1/summary.json,/home/ralf-kemmann/Downloads/_duplicate_quarantine/run_20260429_091132/files/deBroglie_Kaster_Theorie/debroglie-phase-bridge/debroglie-phase-bridge/typ_b_analysis/results/n1_alt_neighborhood_v1/summary.json,n1_alt_neighborhood_v1,n1_alt_neighborhood_v1,summary,json,6675,true,9f7efaf1dac7f58cdaa2beee7e402516307928d919a7b1869c232b150f01fcbf,
n1_alt_neighborhood_v2/alternative_status_table.csv,/home/ralf-kemmann/Downloads/_duplicate_quarantine/run_20260429_091132/files/deBroglie_Kaster_Theorie/debroglie-phase-bridge/debroglie-phase-bridge/typ_b_analysis/results/n1_alt_neighborhood_v2/alternative_status_table.csv,n1_alt_neighborhood_v2,n1_alt_neighborhood_v2,csv_other,csv,608,true,ada4fa8f10fe1b2017cbb6d424cea925f8e7390f2edc2232a02b8661515142cd,
n1_alt_neighborhood_v2/baseline_status_table.csv,/home/ralf-kemmann/Downloads/_duplicate_quarantine/run_20260429_091132/files/deBroglie_Kaster_Theorie/debroglie-phase-bridge/debroglie-phase-bridge/typ_b_analysis/results/n1_alt_neighborhood_v2/baseline_status_table.csv,n1_alt_neighborhood_v2,n1_alt_neighborhood_v2,csv_other,csv,605,true,6b178817c6d78eb4d43f6d5d0d0682c80d1f50e317f2a97aadca9a8d99be843a,
n1_alt_neighborhood_v2/block_readout.md,/home/ralf-kemmann/Downloads/_duplicate_quarantine/run_20260429_091132/files/deBroglie_Kaster_Theorie/debroglie-phase-bridge/debroglie-phase-bridge/typ_b_analysis/results/n1_alt_neighborhood_v2/block_readout.md,n1_alt_neighborhood_v2,n1_alt_neighborhood_v2,readout,md,1296,true,cda1ba7131157917a590f317f4853f3498562184feed94361689f38337b5539d,
n1_alt_neighborhood_v2/class_comparison.csv,/home/ralf-kemmann/Downloads/_duplicate_quarantine/run_20260429_091132/files/deBroglie_Kaster_Theorie/debroglie-phase-bridge/debroglie-phase-bridge/typ_b_analysis/results/n1_alt_neighborhood_v2/class_comparison.csv,n1_alt_neighborhood_v2,n1_alt_neighborhood_v2,csv_other,csv,1157,true,df704dbdc63ce68ea2b392b14f2dd104aeb759d663ade2e9ebd4253305a4cd49,
n1_alt_neighborhood_v2/neighbor_stats.csv,/home/ralf-kemmann/Downloads/_duplicate_quarantine/run_20260429_091132/files/deBroglie_Kaster_Theorie/debroglie-phase-bridge/debroglie-phase-bridge/typ_b_analysis/results/n1_alt_neighborhood_v2/neighbor_stats.csv,n1_alt_neighborhood_v2,n1_alt_neighborhood_v2,csv_other,csv,538,true,588de9b038936556506578f53cee604534f0436869c6f45398a1ac008d1c89d4,
n1_alt_neighborhood_v2/run_metadata.json,/home/ralf-kemmann/Downloads/_duplicate_quarantine/run_20260429_091132/files/deBroglie_Kaster_Theorie/debroglie-phase-bridge/debroglie-phase-bridge/typ_b_analysis/results/n1_alt_neighborhood_v2/run_metadata.json,n1_alt_neighborhood_v2,n1_alt_neighborhood_v2,run_metadata,json,449,true,cf980d627459f63cf64bfde8b3405b00b97f0474ec5a6eb685a15b87fc6fe26a,
n1_alt_neighborhood_v2/shell_stats.csv,/home/ralf-kemmann/Downloads/_duplicate_quarantine/run_20260429_091132/files/deBroglie_Kaster_Theorie/debroglie-phase-bridge/debroglie-phase-bridge/typ_b_analysis/results/n1_alt_neighborhood_v2/shell_stats.csv,n1_alt_neighborhood_v2,n1_alt_neighborhood_v2,csv_other,csv,474,true,62fee0723f360d6a25cab94afa4fc656003f1cb099d664d167edb0b9629c4d0f,
n1_alt_neighborhood_v2/summary.json,/home/ralf-kemmann/Downloads/_duplicate_quarantine/run_20260429_091132/files/deBroglie_Kaster_Theorie/debroglie-phase-bridge/debroglie-phase-bridge/typ_b_analysis/results/n1_alt_neighborhood_v2/summary.json,n1_alt_neighborhood_v2,n1_alt_neighborhood_v2,summary,json,6667,true,782c2467bfe8cc8d9217d32be6301fbe4a284a5572a7aab6ef2832b862bdda10,
n1_alt_neighborhood_v22/alternative_status_table.csv,/home/ralf-kemmann/Downloads/_duplicate_quarantine/run_20260429_091132/files/deBroglie_Kaster_Theorie/debroglie-phase-bridge/debroglie-phase-bridge/typ_b_analysis/results/n1_alt_neighborhood_v22/alternative_status_table.csv,n1_alt_neighborhood_v22,n1_alt_neighborhood_v22,csv_other,csv,604,true,65182d39a0b242371d08472325f2b50829904ae80029133cdac5602286330ed5,
n1_alt_neighborhood_v22/baseline_status_table.csv,/home/ralf-kemmann/Downloads/_duplicate_quarantine/run_20260429_091132/files/deBroglie_Kaster_Theorie/debroglie-phase-bridge/debroglie-phase-bridge/typ_b_analysis/results/n1_alt_neighborhood_v22/baseline_status_table.csv,n1_alt_neighborhood_v22,n1_alt_neighborhood_v22,csv_other,csv,601,true,2a10575f24b76b514d0b2a738ee565399810e00edcb4337887caf44dc750d825,
n1_alt_neighborhood_v22/block_readout.md,/home/ralf-kemmann/Downloads/_duplicate_quarantine/run_20260429_091132/files/deBroglie_Kaster_Theorie/debroglie-phase-bridge/debroglie-phase-bridge/typ_b_analysis/results/n1_alt_neighborhood_v22/block_readout.md,n1_alt_neighborhood_v22,n1_alt_neighborhood_v22,readout,md,1296,true,cda1ba7131157917a590f317f4853f3498562184feed94361689f38337b5539d,
n1_alt_neighborhood_v22/class_comparison.csv,/home/ralf-kemmann/Downloads/_duplicate_quarantine/run_20260429_091132/files/deBroglie_Kaster_Theorie/debroglie-phase-bridge/debroglie-phase-bridge/typ_b_analysis/results/n1_alt_neighborhood_v22/class_comparison.csv,n1_alt_neighborhood_v22,n1_alt_neighborhood_v22,csv_other,csv,1157,true,df704dbdc63ce68ea2b392b14f2dd104aeb759d663ade2e9ebd4253305a4cd49,
n1_alt_neighborhood_v22/neighbor_stats.csv,/home/ralf-kemmann/Downloads/_duplicate_quarantine/run_20260429_091132/files/deBroglie_Kaster_Theorie/debroglie-phase-bridge/debroglie-phase-bridge/typ_b_analysis/results/n1_alt_neighborhood_v22/neighbor_stats.csv,n1_alt_neighborhood_v22,n1_alt_neighborhood_v22,csv_other,csv,538,true,4ab3501ab8b508b9a42ee3e553e1898437ad00561a396ce819c75636ce009674,
n1_alt_neighborhood_v22/run_metadata.json,/home/ralf-kemmann/Downloads/_duplicate_quarantine/run_20260429_091132/files/deBroglie_Kaster_Theorie/debroglie-phase-bridge/debroglie-phase-bridge/typ_b_analysis/results/n1_alt_neighborhood_v22/run_metadata.json,n1_alt_neighborhood_v22,n1_alt_neighborhood_v22,run_metadata,json,452,true,bad2314eeb718327e403587a6a041303167033b587da8365135ddecab49ba8de,
n1_alt_neighborhood_v22/shell_stats.csv,/home/ralf-kemmann/Downloads/_duplicate_quarantine/run_20260429_091132/files/deBroglie_Kaster_Theorie/debroglie-phase-bridge/debroglie-phase-bridge/typ_b_analysis/results/n1_alt_neighborhood_v22/shell_stats.csv,n1_alt_neighborhood_v22,n1_alt_neighborhood_v22,csv_other,csv,474,true,155b2dc1eb961ad16c298ee860f92890bbf67574f26363d3dd5bf20ab4680270,
n1_alt_neighborhood_v22/summary.json,/home/ralf-kemmann/Downloads/_duplicate_quarantine/run_20260429_091132/files/deBroglie_Kaster_Theorie/debroglie-phase-bridge/debroglie-phase-bridge/typ_b_analysis/results/n1_alt_neighborhood_v22/summary.json,n1_alt_neighborhood_v22,n1_alt_neighborhood_v22,summary,json,6668,true,6597d0fff8771b7d1e7f572877d1efcd445073b5250d8dd4a199e8fd20b0906a,
n1_alt_neighborhood_v22_summary_k0.json,/home/ralf-kemmann/Downloads/_duplicate_quarantine/run_20260429_091132/files/deBroglie_Kaster_Theorie/debroglie-phase-bridge/debroglie-phase-bridge/typ_b_analysis/results/n1_alt_neighborhood_v22_summary_k0.json,n1_alt_neighborhood_v22_summary_k0.json,n1_alt_neighborhood_v22_summary_k0,summary,json,6523,true,797cf5d211527d8764d7fe5b0d43c475619648efabc8cb6b10fadecb806c5fae,
n1_alt_neighborhood_v22_summary_n1a_alpha.json,/home/ralf-kemmann/Downloads/_duplicate_quarantine/run_20260429_091132/files/deBroglie_Kaster_Theorie/debroglie-phase-bridge/debroglie-phase-bridge/typ_b_analysis/results/n1_alt_neighborhood_v22_summary_n1a_alpha.json,n1_alt_neighborhood_v22_summary_n1a_alpha.json,n1_alt_neighborhood_v22_summary_n1a_alpha,summary,json,6668,true,5ca1c971f2dbad0afd96264904cc1c5fbb8c6d07785eda75a22d1bf7671bc1ec,
n1_exportclass_nullmodel_v1/block_readout.md,/home/ralf-kemmann/Downloads/_duplicate_quarantine/run_20260429_091132/files/deBroglie_Kaster_Theorie/debroglie-phase-bridge/debroglie-phase-bridge/typ_b_analysis/results/n1_exportclass_nullmodel_v1/block_readout.md,n1_exportclass_nullmodel_v1,n1_exportclass_nullmodel_v1,readout,md,1116,true,fedbc8ddc719fd846e45d5db186e3a157588a6f569f8dd855f36bbfd453fdd94,
n1_exportclass_nullmodel_v1/exportclass_nullmodel_ordering_table.csv,/home/ralf-kemmann/Downloads/_duplicate_quarantine/run_20260429_091132/files/deBroglie_Kaster_Theorie/debroglie-phase-bridge/debroglie-phase-bridge/typ_b_analysis/results/n1_exportclass_nullmodel_v1/exportclass_nullmodel_ordering_table.csv,n1_exportclass_nullmodel_v1,n1_exportclass_nullmodel_v1,csv_other,csv,5884,true,31a6de7ff3145960c3b92524cd47c573c7402052220209eb21916a2b5f4187cb,
n1_exportclass_nullmodel_v1/exportclass_nullmodel_runs.csv,/home/ralf-kemmann/Downloads/_duplicate_quarantine/run_20260429_091132/files/deBroglie_Kaster_Theorie/debroglie-phase-bridge/debroglie-phase-bridge/typ_b_analysis/results/n1_exportclass_nullmodel_v1/exportclass_nullmodel_runs.csv,n1_exportclass_nullmodel_v1,n1_exportclass_nullmodel_v1,csv_other,csv,9031,true,164896fc2a39509c82288d9622f7927376593a77cdca536c63221dad725e93fe,
n1_exportclass_nullmodel_v1/run_metadata.json,/home/ralf-kemmann/Downloads/_duplicate_quarantine/run_20260429_091132/files/deBroglie_Kaster_Theorie/debroglie-phase-bridge/debroglie-phase-bridge/typ_b_analysis/results/n1_exportclass_nullmodel_v1/run_metadata.json,n1_exportclass_nullmodel_v1,n1_exportclass_nullmodel_v1,run_metadata,json,464,true,219a46aa832aee510c15ba1dba1907873fe7ae9e06b924684f017ee8b047943f,
n1_exportclass_nullmodel_v1/summary.json,/home/ralf-kemmann/Downloads/_duplicate_quarantine/run_20260429_091132/files/deBroglie_Kaster_Theorie/debroglie-phase-bridge/debroglie-phase-bridge/typ_b_analysis/results/n1_exportclass_nullmodel_v1/summary.json,n1_exportclass_nullmodel_v1,n1_exportclass_nullmodel_v1,summary,json,9393,true,fad8bf7b86ca8225ea309813aae59bd0b55211f09cdefba5c03ebb6e8a91f6b4,
n1_negative_vs_abs_markers_v1/negative_vs_abs_marker_metrics.csv,/home/ralf-kemmann/Downloads/_duplicate_quarantine/run_20260429_091132/files/deBroglie_Kaster_Theorie/debroglie-phase-bridge/debroglie-phase-bridge/typ_b_analysis/results/n1_negative_vs_abs_markers_v1/negative_vs_abs_marker_metrics.csv,n1_negative_vs_abs_markers_v1,n1_negative_vs_abs_markers_v1,csv_other,csv,17075,true,2ffe330193c722f67127ab0a3b9aed3b193453624173cb4d75baa73c7d30e07a,
n1_negative_vs_abs_markers_v1/negative_vs_abs_marker_per_dataset.csv,/home/ralf-kemmann/Downloads/_duplicate_quarantine/run_20260429_091132/files/deBroglie_Kaster_Theorie/debroglie-phase-bridge/debroglie-phase-bridge/typ_b_analysis/results/n1_negative_vs_abs_markers_v1/negative_vs_abs_marker_per_dataset.csv,n1_negative_vs_abs_markers_v1,n1_negative_vs_abs_markers_v1,csv_other,csv,1305,true,ec40041fb16790d7c35fccb991e8201bba387a2abc1a248a9820a38217cc7e7d,
n1_negative_vs_abs_markers_v1/negative_vs_abs_marker_readout.md,/home/ralf-kemmann/Downloads/_duplicate_quarantine/run_20260429_091132/files/deBroglie_Kaster_Theorie/debroglie-phase-bridge/debroglie-phase-bridge/typ_b_analysis/results/n1_negative_vs_abs_markers_v1/negative_vs_abs_marker_readout.md,n1_negative_vs_abs_markers_v1,n1_negative_vs_abs_markers_v1,readout,md,995,true,03cfc862e8539e98749805f382c35f4d0cb751d092bd11a21692fa9b7add5c45,
n1_negative_vs_abs_markers_v1/run_metadata.json,/home/ralf-kemmann/Downloads/_duplicate_quarantine/run_20260429_091132/files/deBroglie_Kaster_Theorie/debroglie-phase-bridge/debroglie-phase-bridge/typ_b_analysis/results/n1_negative_vs_abs_markers_v1/run_metadata.json,n1_negative_vs_abs_markers_v1,n1_negative_vs_abs_markers_v1,run_metadata,json,470,true,bf245d54eb3234ec864c9d3533889a889e8c643c2962dc75a2437d8e9ed05bb6,
n1_negative_vs_abs_markers_v1/summary.json,/home/ralf-kemmann/Downloads/_duplicate_quarantine/run_20260429_091132/files/deBroglie_Kaster_Theorie/debroglie-phase-bridge/debroglie-phase-bridge/typ_b_analysis/results/n1_negative_vs_abs_markers_v1/summary.json,n1_negative_vs_abs_markers_v1,n1_negative_vs_abs_markers_v1,summary,json,5270,true,72e0dfbe0049b5238254ec552ef581cab4aa97cd03122dee8679716adf4ac00d,
n1_negative_vs_abs_v1/negative_vs_abs_metrics.csv,/home/ralf-kemmann/Downloads/_duplicate_quarantine/run_20260429_091132/files/deBroglie_Kaster_Theorie/debroglie-phase-bridge/debroglie-phase-bridge/typ_b_analysis/results/n1_negative_vs_abs_v1/negative_vs_abs_metrics.csv,n1_negative_vs_abs_v1,n1_negative_vs_abs_v1,csv_other,csv,8504,true,7c2e6438c32c8dcf46ba569f2725290fc3ad68123da08c2770d38f8bccc276cc,
n1_negative_vs_abs_v1/negative_vs_abs_per_dataset.csv,/home/ralf-kemmann/Downloads/_duplicate_quarantine/run_20260429_091132/files/deBroglie_Kaster_Theorie/debroglie-phase-bridge/debroglie-phase-bridge/typ_b_analysis/results/n1_negative_vs_abs_v1/negative_vs_abs_per_dataset.csv,n1_negative_vs_abs_v1,n1_negative_vs_abs_v1,csv_other,csv,2079,true,b29be25f957332f7c94ffc866c7600c68e1a57823066a0a494dbc42c1480bc84,
n1_negative_vs_abs_v1/negative_vs_abs_readout.md,/home/ralf-kemmann/Downloads/_duplicate_quarantine/run_20260429_091132/files/deBroglie_Kaster_Theorie/debroglie-phase-bridge/debroglie-phase-bridge/typ_b_analysis/results/n1_negative_vs_abs_v1/negative_vs_abs_readout.md,n1_negative_vs_abs_v1,n1_negative_vs_abs_v1,readout,md,1070,true,5e7197b4a183e150243b028bba75d34546b7d077009f1889d322331003442ab2,
n1_negative_vs_abs_v1/run_metadata.json,/home/ralf-kemmann/Downloads/_duplicate_quarantine/run_20260429_091132/files/deBroglie_Kaster_Theorie/debroglie-phase-bridge/debroglie-phase-bridge/typ_b_analysis/results/n1_negative_vs_abs_v1/run_metadata.json,n1_negative_vs_abs_v1,n1_negative_vs_abs_v1,run_metadata,json,446,true,f02c9d1f13eefaded21f88fa5def20fdd893a24e6c6bb264dbf4b0412397a0e3,
n1_negative_vs_abs_v1/summary.json,/home/ralf-kemmann/Downloads/_duplicate_quarantine/run_20260429_091132/files/deBroglie_Kaster_Theorie/debroglie-phase-bridge/debroglie-phase-bridge/typ_b_analysis/results/n1_negative_vs_abs_v1/summary.json,n1_negative_vs_abs_v1,n1_negative_vs_abs_v1,summary,json,3681,true,9a3378e5e8a2f6a34009ad4ac8cdb6317e491eef9bf15e4d957290f631bb7f1c,
n1a_alpha_tau_0.02.summary.json,/home/ralf-kemmann/Downloads/_duplicate_quarantine/run_20260429_091132/files/deBroglie_Kaster_Theorie/debroglie-phase-bridge/debroglie-phase-bridge/typ_b_analysis/results/n1a_alpha_tau_0.02.summary.json,n1a_alpha_tau_0.02.summary.json,n1a_alpha_tau_0.02.summary,summary,json,6587,true,8c1c0817efd86016ea698dbc992a0c5e1fecfa7d2567cf4b0897c567439648d3,
n1a_alpha_tau_0.0225.summary.json,/home/ralf-kemmann/Downloads/_duplicate_quarantine/run_20260429_091132/files/deBroglie_Kaster_Theorie/debroglie-phase-bridge/debroglie-phase-bridge/typ_b_analysis/results/n1a_alpha_tau_0.0225.summary.json,n1a_alpha_tau_0.0225.summary.json,n1a_alpha_tau_0.0225.summary,summary,json,6587,true,3281e298c4ed0a63bc9dbb798bdbe82cae0856a22a12c34f6f6b4860ca6fdb29,
n1a_alpha_tau_0.025.summary.json,/home/ralf-kemmann/Downloads/_duplicate_quarantine/run_20260429_091132/files/deBroglie_Kaster_Theorie/debroglie-phase-bridge/debroglie-phase-bridge/typ_b_analysis/results/n1a_alpha_tau_0.025.summary.json,n1a_alpha_tau_0.025.summary.json,n1a_alpha_tau_0.025.summary,summary,json,6668,true,6597d0fff8771b7d1e7f572877d1efcd445073b5250d8dd4a199e8fd20b0906a,
n1a_alpha_tau_0.0275.summary.json,/home/ralf-kemmann/Downloads/_duplicate_quarantine/run_20260429_091132/files/deBroglie_Kaster_Theorie/debroglie-phase-bridge/debroglie-phase-bridge/typ_b_analysis/results/n1a_alpha_tau_0.0275.summary.json,n1a_alpha_tau_0.0275.summary.json,n1a_alpha_tau_0.0275.summary,summary,json,6668,true,6597d0fff8771b7d1e7f572877d1efcd445073b5250d8dd4a199e8fd20b0906a,
n1a_alpha_tau_0.03.summary.json,/home/ralf-kemmann/Downloads/_duplicate_quarantine/run_20260429_091132/files/deBroglie_Kaster_Theorie/debroglie-phase-bridge/debroglie-phase-bridge/typ_b_analysis/results/n1a_alpha_tau_0.03.summary.json,n1a_alpha_tau_0.03.summary.json,n1a_alpha_tau_0.03.summary,summary,json,6668,true,6597d0fff8771b7d1e7f572877d1efcd445073b5250d8dd4a199e8fd20b0906a,
