{
  "final_label": "B2",
  "dominant_branch": null,
  "frac_B1": 0.31666666666666665,
  "frac_B2": 0.4,
  "frac_B3": 0.18333333333333332,
  "branch_entropy": 1.041668763778305,
  "adjacent_jumps": 22,
  "nonlocal_jumps": 11,
  "source_link_frac": 0.18333333333333332
}