{
  "case": "a20",
  "theta_ref": 0.03,
  "theta_upper": 0.06,
  "theta_crit": [
    0.018995963901552,
    0.022639266431147,
    0.032934387469762,
    0.054402111088937
  ],
  "intervals": [
    {
      "theta_min": 0.0,
      "theta_max": 0.018995963901552,
      "theta_rep": 0.009497981950776,
      "window_width_decades": null,
      "theta": 0.009497981950776,
      "theta_crit": [
        0.018995963901552,
        0.022639266431147,
        0.032934387469762,
        0.054402111088937
      ],
      "n_edges": 6,
      "n_components": 1,
      "largest_component_size": 4,
      "graph_diameter": 1.0,
      "connected_pairs": [
        [
          0,
          1
        ],
        [
          0,
          2
        ],
        [
          0,
          3
        ],
        [
          1,
          2
        ],
        [
          1,
          3
        ],
        [
          2,
          3
        ]
      ],
      "disconnected_pairs": [],
      "defined_pair_count": 3,
      "defined_pair_fraction": 1.0,
      "standard_pairs": {
        "d03_minus_d01": -0.3748314724056623,
        "d03_minus_d12": 0.5018856361262463,
        "d02_minus_d13": 0.0
      },
      "topology_label": "cc1_e6_diam1.0"
    },
    {
      "theta_min": 0.018995963901552,
      "theta_max": 0.022639266431147,
      "theta_rep": 0.020737759953372167,
      "window_width_decades": 0.07620101490542674,
      "theta": 0.020737759953372167,
      "theta_crit": [
        0.018995963901552,
        0.022639266431147,
        0.032934387469762,
        0.054402111088937
      ],
      "n_edges": 6,
      "n_components": 1,
      "largest_component_size": 4,
      "graph_diameter": 2.0,
      "connected_pairs": [
        [
          0,
          1
        ],
        [
          0,
          2
        ],
        [
          0,
          3
        ],
        [
          1,
          2
        ],
        [
          1,
          3
        ],
        [
          2,
          3
        ]
      ],
      "disconnected_pairs": [],
      "defined_pair_count": 3,
      "defined_pair_fraction": 1.0,
      "standard_pairs": {
        "d03_minus_d01": -0.3748314724056623,
        "d03_minus_d12": 0.5018856361262463,
        "d02_minus_d13": 0.0
      },
      "topology_label": "cc1_e6_diam2.0"
    },
    {
      "theta_min": 0.022639266431147,
      "theta_max": 0.032934387469762,
      "theta_rep": 0.027305867000968334,
      "window_width_decades": 0.16278724010945583,
      "theta": 0.027305867000968334,
      "theta_crit": [
        0.018995963901552,
        0.022639266431147,
        0.032934387469762,
        0.054402111088937
      ],
      "n_edges": 2,
      "n_components": 2,
      "largest_component_size": 2,
      "graph_diameter": 1.0,
      "connected_pairs": [
        [
          0,
          3
        ],
        [
          1,
          2
        ]
      ],
      "disconnected_pairs": [
        [
          0,
          1
        ],
        [
          0,
          2
        ],
        [
          1,
          3
        ],
        [
          2,
          3
        ]
      ],
      "defined_pair_count": 1,
      "defined_pair_fraction": 0.3333333333333333,
      "standard_pairs": {
        "d03_minus_d01": null,
        "d03_minus_d12": 0.5018856361262463,
        "d02_minus_d13": null
      },
      "topology_label": "cc2_e2_diam1.0"
    },
    {
      "theta_min": 0.032934387469762,
      "theta_max": 0.054402111088937,
      "theta_rep": 0.04232847984249006,
      "window_width_decades": 0.2179661623161329,
      "theta": 0.04232847984249006,
      "theta_crit": [
        0.018995963901552,
        0.022639266431147,
        0.032934387469762,
        0.054402111088937
      ],
      "n_edges": 1,
      "n_components": 3,
      "largest_component_size": 2,
      "graph_diameter": 1.0,
      "connected_pairs": [
        [
          1,
          2
        ]
      ],
      "disconnected_pairs": [
        [
          0,
          1
        ],
        [
          0,
          2
        ],
        [
          0,
          3
        ],
        [
          1,
          3
        ],
        [
          2,
          3
        ]
      ],
      "defined_pair_count": 0,
      "defined_pair_fraction": 0.0,
      "standard_pairs": {
        "d03_minus_d01": null,
        "d03_minus_d12": null,
        "d02_minus_d13": null
      },
      "topology_label": "cc3_e1_diam1.0"
    },
    {
      "theta_min": 0.054402111088937,
      "theta_max": 0.06,
      "theta_rep": 0.05713253596101104,
      "window_width_decades": 0.042535497441219004,
      "theta": 0.05713253596101104,
      "theta_crit": [
        0.018995963901552,
        0.022639266431147,
        0.032934387469762,
        0.054402111088937
      ],
      "n_edges": 0,
      "n_components": 4,
      "largest_component_size": 1,
      "graph_diameter": null,
      "connected_pairs": [],
      "disconnected_pairs": [
        [
          0,
          1
        ],
        [
          0,
          2
        ],
        [
          0,
          3
        ],
        [
          1,
          2
        ],
        [
          1,
          3
        ],
        [
          2,
          3
        ]
      ],
      "defined_pair_count": 0,
      "defined_pair_fraction": 0.0,
      "standard_pairs": {
        "d03_minus_d01": null,
        "d03_minus_d12": null,
        "d02_minus_d13": null
      },
      "topology_label": "cc4_e0_diamNone"
    }
  ]
}