control_id,control_family_id,source_system_id,global_node_id,source_global_node_id,node_id,atom_label,hybridization_label,hydrogen_count_metadata,saturation_label,pi_system_label,sigma_framework_label,topology_class,x_ref,y_ref,z_ref,control_transform_note,claim_role
hybridization_label_shuffle_control__adamantane,hybridization_label_shuffle_control,adamantane,hybridization_label_shuffle_control__adamantane:Ada_00,adamantane:Ada_00,Ada_00,C,sp2,1,saturated,none,diamondoid_sigma_cage,saturated_sp3_diamondoid_cage,1.0,1.0,1.0,hybridization labels drawn from deterministic global shuffle,synthetic_control_only
hybridization_label_shuffle_control__adamantane,hybridization_label_shuffle_control,adamantane,hybridization_label_shuffle_control__adamantane:Ada_01,adamantane:Ada_01,Ada_01,C,sp2,1,saturated,none,diamondoid_sigma_cage,saturated_sp3_diamondoid_cage,1.0,-1.0,-1.0,hybridization labels drawn from deterministic global shuffle,synthetic_control_only
hybridization_label_shuffle_control__adamantane,hybridization_label_shuffle_control,adamantane,hybridization_label_shuffle_control__adamantane:Ada_02,adamantane:Ada_02,Ada_02,C,sp2,1,saturated,none,diamondoid_sigma_cage,saturated_sp3_diamondoid_cage,-1.0,1.0,-1.0,hybridization labels drawn from deterministic global shuffle,synthetic_control_only
hybridization_label_shuffle_control__adamantane,hybridization_label_shuffle_control,adamantane,hybridization_label_shuffle_control__adamantane:Ada_03,adamantane:Ada_03,Ada_03,C,sp2,1,saturated,none,diamondoid_sigma_cage,saturated_sp3_diamondoid_cage,-1.0,-1.0,1.0,hybridization labels drawn from deterministic global shuffle,synthetic_control_only
hybridization_label_shuffle_control__adamantane,hybridization_label_shuffle_control,adamantane,hybridization_label_shuffle_control__adamantane:Ada_04,adamantane:Ada_04,Ada_04,C,sp2,2,saturated,none,diamondoid_sigma_cage,saturated_sp3_diamondoid_cage,1.0,0.0,0.0,hybridization labels drawn from deterministic global shuffle,synthetic_control_only
hybridization_label_shuffle_control__adamantane,hybridization_label_shuffle_control,adamantane,hybridization_label_shuffle_control__adamantane:Ada_05,adamantane:Ada_05,Ada_05,C,sp2,2,saturated,none,diamondoid_sigma_cage,saturated_sp3_diamondoid_cage,0.0,1.0,0.0,hybridization labels drawn from deterministic global shuffle,synthetic_control_only
hybridization_label_shuffle_control__adamantane,hybridization_label_shuffle_control,adamantane,hybridization_label_shuffle_control__adamantane:Ada_06,adamantane:Ada_06,Ada_06,C,sp2,2,saturated,none,diamondoid_sigma_cage,saturated_sp3_diamondoid_cage,0.0,0.0,1.0,hybridization labels drawn from deterministic global shuffle,synthetic_control_only
hybridization_label_shuffle_control__adamantane,hybridization_label_shuffle_control,adamantane,hybridization_label_shuffle_control__adamantane:Ada_07,adamantane:Ada_07,Ada_07,C,sp2,2,saturated,none,diamondoid_sigma_cage,saturated_sp3_diamondoid_cage,0.0,0.0,-1.0,hybridization labels drawn from deterministic global shuffle,synthetic_control_only
hybridization_label_shuffle_control__adamantane,hybridization_label_shuffle_control,adamantane,hybridization_label_shuffle_control__adamantane:Ada_08,adamantane:Ada_08,Ada_08,C,sp2,2,saturated,none,diamondoid_sigma_cage,saturated_sp3_diamondoid_cage,0.0,-1.0,0.0,hybridization labels drawn from deterministic global shuffle,synthetic_control_only
hybridization_label_shuffle_control__adamantane,hybridization_label_shuffle_control,adamantane,hybridization_label_shuffle_control__adamantane:Ada_09,adamantane:Ada_09,Ada_09,C,sp2,2,saturated,none,diamondoid_sigma_cage,saturated_sp3_diamondoid_cage,-1.0,0.0,0.0,hybridization labels drawn from deterministic global shuffle,synthetic_control_only
hybridization_label_shuffle_control__benzene,hybridization_label_shuffle_control,benzene,hybridization_label_shuffle_control__benzene:Bz_00,benzene:Bz_00,Bz_00,C,sp2,1,aromatic_unsaturated,planar_aromatic_pi_ring,planar_ring_sigma_framework,planar_aromatic_ring,1.0,0.0,0.0,hybridization labels drawn from deterministic global shuffle,synthetic_control_only
hybridization_label_shuffle_control__benzene,hybridization_label_shuffle_control,benzene,hybridization_label_shuffle_control__benzene:Bz_01,benzene:Bz_01,Bz_01,C,sp3,1,aromatic_unsaturated,planar_aromatic_pi_ring,planar_ring_sigma_framework,planar_aromatic_ring,0.5,0.866025403784,0.0,hybridization labels drawn from deterministic global shuffle,synthetic_control_only
hybridization_label_shuffle_control__benzene,hybridization_label_shuffle_control,benzene,hybridization_label_shuffle_control__benzene:Bz_02,benzene:Bz_02,Bz_02,C,sp2,1,aromatic_unsaturated,planar_aromatic_pi_ring,planar_ring_sigma_framework,planar_aromatic_ring,-0.5,0.866025403784,0.0,hybridization labels drawn from deterministic global shuffle,synthetic_control_only
hybridization_label_shuffle_control__benzene,hybridization_label_shuffle_control,benzene,hybridization_label_shuffle_control__benzene:Bz_03,benzene:Bz_03,Bz_03,C,sp2,1,aromatic_unsaturated,planar_aromatic_pi_ring,planar_ring_sigma_framework,planar_aromatic_ring,-1.0,0.0,0.0,hybridization labels drawn from deterministic global shuffle,synthetic_control_only
hybridization_label_shuffle_control__benzene,hybridization_label_shuffle_control,benzene,hybridization_label_shuffle_control__benzene:Bz_04,benzene:Bz_04,Bz_04,C,sp2,1,aromatic_unsaturated,planar_aromatic_pi_ring,planar_ring_sigma_framework,planar_aromatic_ring,-0.5,-0.866025403784,0.0,hybridization labels drawn from deterministic global shuffle,synthetic_control_only
hybridization_label_shuffle_control__benzene,hybridization_label_shuffle_control,benzene,hybridization_label_shuffle_control__benzene:Bz_05,benzene:Bz_05,Bz_05,C,sp2,1,aromatic_unsaturated,planar_aromatic_pi_ring,planar_ring_sigma_framework,planar_aromatic_ring,0.5,-0.866025403784,0.0,hybridization labels drawn from deterministic global shuffle,synthetic_control_only
hybridization_label_shuffle_control__c60,hybridization_label_shuffle_control,c60,hybridization_label_shuffle_control__c60:C60_00,c60:C60_00,C60_00,C,sp2,0,unsaturated_fullerene_sp2,curved_fullerene_pi_network,curved_fullerene_sigma_cage,curved_fullerene_cage,-0.201774106168,0.979432085486,0.0,hybridization labels drawn from deterministic global shuffle,synthetic_control_only
hybridization_label_shuffle_control__c60,hybridization_label_shuffle_control,c60,hybridization_label_shuffle_control__c60:C60_01,c60:C60_01,C60_01,C,sp2,0,unsaturated_fullerene_sp2,curved_fullerene_pi_network,curved_fullerene_sigma_cage,curved_fullerene_cage,-0.403548212335,0.854728829825,0.326477361829,hybridization labels drawn from deterministic global shuffle,synthetic_control_only
hybridization_label_shuffle_control__c60,hybridization_label_shuffle_control,c60,hybridization_label_shuffle_control__c60:C60_02,c60:C60_02,C60_02,C,sp2,0,unsaturated_fullerene_sp2,curved_fullerene_pi_network,curved_fullerene_sigma_cage,curved_fullerene_cage,-0.403548212335,0.854728829825,-0.326477361829,hybridization labels drawn from deterministic global shuffle,synthetic_control_only
hybridization_label_shuffle_control__c60,hybridization_label_shuffle_control,c60,hybridization_label_shuffle_control__c60:C60_03,c60:C60_03,C60_03,C,sp2,0,unsaturated_fullerene_sp2,curved_fullerene_pi_network,curved_fullerene_sigma_cage,curved_fullerene_cage,-0.730025574164,0.652954723658,-0.201774106168,hybridization labels drawn from deterministic global shuffle,synthetic_control_only
hybridization_label_shuffle_control__c60,hybridization_label_shuffle_control,c60,hybridization_label_shuffle_control__c60:C60_04,c60:C60_04,C60_04,C,sp2,0,unsaturated_fullerene_sp2,curved_fullerene_pi_network,curved_fullerene_sigma_cage,curved_fullerene_cage,-0.730025574164,0.652954723658,0.201774106168,hybridization labels drawn from deterministic global shuffle,synthetic_control_only
hybridization_label_shuffle_control__c60,hybridization_label_shuffle_control,c60,hybridization_label_shuffle_control__c60:C60_05,c60:C60_05,C60_05,C,sp3,0,unsaturated_fullerene_sp2,curved_fullerene_pi_network,curved_fullerene_sigma_cage,curved_fullerene_cage,0.201774106168,0.979432085486,0.0,hybridization labels drawn from deterministic global shuffle,synthetic_control_only
hybridization_label_shuffle_control__c60,hybridization_label_shuffle_control,c60,hybridization_label_shuffle_control__c60:C60_06,c60:C60_06,C60_06,C,sp2,0,unsaturated_fullerene_sp2,curved_fullerene_pi_network,curved_fullerene_sigma_cage,curved_fullerene_cage,0.403548212335,0.854728829825,0.326477361829,hybridization labels drawn from deterministic global shuffle,synthetic_control_only
hybridization_label_shuffle_control__c60,hybridization_label_shuffle_control,c60,hybridization_label_shuffle_control__c60:C60_07,c60:C60_07,C60_07,C,sp2,0,unsaturated_fullerene_sp2,curved_fullerene_pi_network,curved_fullerene_sigma_cage,curved_fullerene_cage,0.403548212335,0.854728829825,-0.326477361829,hybridization labels drawn from deterministic global shuffle,synthetic_control_only
hybridization_label_shuffle_control__c60,hybridization_label_shuffle_control,c60,hybridization_label_shuffle_control__c60:C60_08,c60:C60_08,C60_08,C,sp2,0,unsaturated_fullerene_sp2,curved_fullerene_pi_network,curved_fullerene_sigma_cage,curved_fullerene_cage,0.730025574164,0.652954723658,-0.201774106168,hybridization labels drawn from deterministic global shuffle,synthetic_control_only
hybridization_label_shuffle_control__c60,hybridization_label_shuffle_control,c60,hybridization_label_shuffle_control__c60:C60_09,c60:C60_09,C60_09,C,sp2,0,unsaturated_fullerene_sp2,curved_fullerene_pi_network,curved_fullerene_sigma_cage,curved_fullerene_cage,0.730025574164,0.652954723658,0.201774106168,hybridization labels drawn from deterministic global shuffle,synthetic_control_only
hybridization_label_shuffle_control__c60,hybridization_label_shuffle_control,c60,hybridization_label_shuffle_control__c60:C60_10,c60:C60_10,C60_10,C,sp2,0,unsaturated_fullerene_sp2,curved_fullerene_pi_network,curved_fullerene_sigma_cage,curved_fullerene_cage,-0.201774106168,-0.979432085486,0.0,hybridization labels drawn from deterministic global shuffle,synthetic_control_only
hybridization_label_shuffle_control__c60,hybridization_label_shuffle_control,c60,hybridization_label_shuffle_control__c60:C60_11,c60:C60_11,C60_11,C,sp2,0,unsaturated_fullerene_sp2,curved_fullerene_pi_network,curved_fullerene_sigma_cage,curved_fullerene_cage,-0.403548212335,-0.854728829825,0.326477361829,hybridization labels drawn from deterministic global shuffle,synthetic_control_only
hybridization_label_shuffle_control__c60,hybridization_label_shuffle_control,c60,hybridization_label_shuffle_control__c60:C60_12,c60:C60_12,C60_12,C,sp2,0,unsaturated_fullerene_sp2,curved_fullerene_pi_network,curved_fullerene_sigma_cage,curved_fullerene_cage,-0.403548212335,-0.854728829825,-0.326477361829,hybridization labels drawn from deterministic global shuffle,synthetic_control_only
hybridization_label_shuffle_control__c60,hybridization_label_shuffle_control,c60,hybridization_label_shuffle_control__c60:C60_13,c60:C60_13,C60_13,C,sp2,0,unsaturated_fullerene_sp2,curved_fullerene_pi_network,curved_fullerene_sigma_cage,curved_fullerene_cage,-0.730025574164,-0.652954723658,-0.201774106168,hybridization labels drawn from deterministic global shuffle,synthetic_control_only
hybridization_label_shuffle_control__c60,hybridization_label_shuffle_control,c60,hybridization_label_shuffle_control__c60:C60_14,c60:C60_14,C60_14,C,sp2,0,unsaturated_fullerene_sp2,curved_fullerene_pi_network,curved_fullerene_sigma_cage,curved_fullerene_cage,-0.730025574164,-0.652954723658,0.201774106168,hybridization labels drawn from deterministic global shuffle,synthetic_control_only
hybridization_label_shuffle_control__c60,hybridization_label_shuffle_control,c60,hybridization_label_shuffle_control__c60:C60_15,c60:C60_15,C60_15,C,sp2,0,unsaturated_fullerene_sp2,curved_fullerene_pi_network,curved_fullerene_sigma_cage,curved_fullerene_cage,0.201774106168,-0.979432085486,0.0,hybridization labels drawn from deterministic global shuffle,synthetic_control_only
hybridization_label_shuffle_control__c60,hybridization_label_shuffle_control,c60,hybridization_label_shuffle_control__c60:C60_16,c60:C60_16,C60_16,C,sp2,0,unsaturated_fullerene_sp2,curved_fullerene_pi_network,curved_fullerene_sigma_cage,curved_fullerene_cage,0.403548212335,-0.854728829825,0.326477361829,hybridization labels drawn from deterministic global shuffle,synthetic_control_only
hybridization_label_shuffle_control__c60,hybridization_label_shuffle_control,c60,hybridization_label_shuffle_control__c60:C60_17,c60:C60_17,C60_17,C,sp3,0,unsaturated_fullerene_sp2,curved_fullerene_pi_network,curved_fullerene_sigma_cage,curved_fullerene_cage,0.403548212335,-0.854728829825,-0.326477361829,hybridization labels drawn from deterministic global shuffle,synthetic_control_only
hybridization_label_shuffle_control__c60,hybridization_label_shuffle_control,c60,hybridization_label_shuffle_control__c60:C60_18,c60:C60_18,C60_18,C,sp2,0,unsaturated_fullerene_sp2,curved_fullerene_pi_network,curved_fullerene_sigma_cage,curved_fullerene_cage,0.730025574164,-0.652954723658,-0.201774106168,hybridization labels drawn from deterministic global shuffle,synthetic_control_only
hybridization_label_shuffle_control__c60,hybridization_label_shuffle_control,c60,hybridization_label_shuffle_control__c60:C60_19,c60:C60_19,C60_19,C,sp2,0,unsaturated_fullerene_sp2,curved_fullerene_pi_network,curved_fullerene_sigma_cage,curved_fullerene_cage,0.730025574164,-0.652954723658,0.201774106168,hybridization labels drawn from deterministic global shuffle,synthetic_control_only
hybridization_label_shuffle_control__c60,hybridization_label_shuffle_control,c60,hybridization_label_shuffle_control__c60:C60_20,c60:C60_20,C60_20,C,sp3,0,unsaturated_fullerene_sp2,curved_fullerene_pi_network,curved_fullerene_sigma_cage,curved_fullerene_cage,-0.201774106168,-0.730025574164,0.652954723658,hybridization labels drawn from deterministic global shuffle,synthetic_control_only
hybridization_label_shuffle_control__c60,hybridization_label_shuffle_control,c60,hybridization_label_shuffle_control__c60:C60_21,c60:C60_21,C60_21,C,sp2,0,unsaturated_fullerene_sp2,curved_fullerene_pi_network,curved_fullerene_sigma_cage,curved_fullerene_cage,0.201774106168,-0.730025574164,0.652954723658,hybridization labels drawn from deterministic global shuffle,synthetic_control_only
hybridization_label_shuffle_control__c60,hybridization_label_shuffle_control,c60,hybridization_label_shuffle_control__c60:C60_22,c60:C60_22,C60_22,C,sp2,0,unsaturated_fullerene_sp2,curved_fullerene_pi_network,curved_fullerene_sigma_cage,curved_fullerene_cage,0.0,-0.201774106168,0.979432085486,hybridization labels drawn from deterministic global shuffle,synthetic_control_only
hybridization_label_shuffle_control__c60,hybridization_label_shuffle_control,c60,hybridization_label_shuffle_control__c60:C60_23,c60:C60_23,C60_23,C,sp,0,unsaturated_fullerene_sp2,curved_fullerene_pi_network,curved_fullerene_sigma_cage,curved_fullerene_cage,0.326477361829,-0.403548212335,0.854728829825,hybridization labels drawn from deterministic global shuffle,synthetic_control_only
hybridization_label_shuffle_control__c60,hybridization_label_shuffle_control,c60,hybridization_label_shuffle_control__c60:C60_24,c60:C60_24,C60_24,C,sp2,0,unsaturated_fullerene_sp2,curved_fullerene_pi_network,curved_fullerene_sigma_cage,curved_fullerene_cage,-0.326477361829,-0.403548212335,0.854728829825,hybridization labels drawn from deterministic global shuffle,synthetic_control_only
hybridization_label_shuffle_control__c60,hybridization_label_shuffle_control,c60,hybridization_label_shuffle_control__c60:C60_25,c60:C60_25,C60_25,C,sp2,0,unsaturated_fullerene_sp2,curved_fullerene_pi_network,curved_fullerene_sigma_cage,curved_fullerene_cage,-0.201774106168,0.730025574164,0.652954723658,hybridization labels drawn from deterministic global shuffle,synthetic_control_only
hybridization_label_shuffle_control__c60,hybridization_label_shuffle_control,c60,hybridization_label_shuffle_control__c60:C60_26,c60:C60_26,C60_26,C,sp2,0,unsaturated_fullerene_sp2,curved_fullerene_pi_network,curved_fullerene_sigma_cage,curved_fullerene_cage,0.201774106168,0.730025574164,0.652954723658,hybridization labels drawn from deterministic global shuffle,synthetic_control_only
hybridization_label_shuffle_control__c60,hybridization_label_shuffle_control,c60,hybridization_label_shuffle_control__c60:C60_27,c60:C60_27,C60_27,C,sp2,0,unsaturated_fullerene_sp2,curved_fullerene_pi_network,curved_fullerene_sigma_cage,curved_fullerene_cage,0.0,0.201774106168,0.979432085486,hybridization labels drawn from deterministic global shuffle,synthetic_control_only
hybridization_label_shuffle_control__c60,hybridization_label_shuffle_control,c60,hybridization_label_shuffle_control__c60:C60_28,c60:C60_28,C60_28,C,sp3,0,unsaturated_fullerene_sp2,curved_fullerene_pi_network,curved_fullerene_sigma_cage,curved_fullerene_cage,0.326477361829,0.403548212335,0.854728829825,hybridization labels drawn from deterministic global shuffle,synthetic_control_only
hybridization_label_shuffle_control__c60,hybridization_label_shuffle_control,c60,hybridization_label_shuffle_control__c60:C60_29,c60:C60_29,C60_29,C,sp,0,unsaturated_fullerene_sp2,curved_fullerene_pi_network,curved_fullerene_sigma_cage,curved_fullerene_cage,-0.326477361829,0.403548212335,0.854728829825,hybridization labels drawn from deterministic global shuffle,synthetic_control_only
hybridization_label_shuffle_control__c60,hybridization_label_shuffle_control,c60,hybridization_label_shuffle_control__c60:C60_30,c60:C60_30,C60_30,C,sp2,0,unsaturated_fullerene_sp2,curved_fullerene_pi_network,curved_fullerene_sigma_cage,curved_fullerene_cage,-0.201774106168,-0.730025574164,-0.652954723658,hybridization labels drawn from deterministic global shuffle,synthetic_control_only
hybridization_label_shuffle_control__c60,hybridization_label_shuffle_control,c60,hybridization_label_shuffle_control__c60:C60_31,c60:C60_31,C60_31,C,sp2,0,unsaturated_fullerene_sp2,curved_fullerene_pi_network,curved_fullerene_sigma_cage,curved_fullerene_cage,0.201774106168,-0.730025574164,-0.652954723658,hybridization labels drawn from deterministic global shuffle,synthetic_control_only
hybridization_label_shuffle_control__c60,hybridization_label_shuffle_control,c60,hybridization_label_shuffle_control__c60:C60_32,c60:C60_32,C60_32,C,sp3,0,unsaturated_fullerene_sp2,curved_fullerene_pi_network,curved_fullerene_sigma_cage,curved_fullerene_cage,0.0,-0.201774106168,-0.979432085486,hybridization labels drawn from deterministic global shuffle,synthetic_control_only
hybridization_label_shuffle_control__c60,hybridization_label_shuffle_control,c60,hybridization_label_shuffle_control__c60:C60_33,c60:C60_33,C60_33,C,sp2,0,unsaturated_fullerene_sp2,curved_fullerene_pi_network,curved_fullerene_sigma_cage,curved_fullerene_cage,0.326477361829,-0.403548212335,-0.854728829825,hybridization labels drawn from deterministic global shuffle,synthetic_control_only
hybridization_label_shuffle_control__c60,hybridization_label_shuffle_control,c60,hybridization_label_shuffle_control__c60:C60_34,c60:C60_34,C60_34,C,sp3,0,unsaturated_fullerene_sp2,curved_fullerene_pi_network,curved_fullerene_sigma_cage,curved_fullerene_cage,-0.326477361829,-0.403548212335,-0.854728829825,hybridization labels drawn from deterministic global shuffle,synthetic_control_only
hybridization_label_shuffle_control__c60,hybridization_label_shuffle_control,c60,hybridization_label_shuffle_control__c60:C60_35,c60:C60_35,C60_35,C,sp2,0,unsaturated_fullerene_sp2,curved_fullerene_pi_network,curved_fullerene_sigma_cage,curved_fullerene_cage,-0.201774106168,0.730025574164,-0.652954723658,hybridization labels drawn from deterministic global shuffle,synthetic_control_only
hybridization_label_shuffle_control__c60,hybridization_label_shuffle_control,c60,hybridization_label_shuffle_control__c60:C60_36,c60:C60_36,C60_36,C,sp3,0,unsaturated_fullerene_sp2,curved_fullerene_pi_network,curved_fullerene_sigma_cage,curved_fullerene_cage,0.201774106168,0.730025574164,-0.652954723658,hybridization labels drawn from deterministic global shuffle,synthetic_control_only
hybridization_label_shuffle_control__c60,hybridization_label_shuffle_control,c60,hybridization_label_shuffle_control__c60:C60_37,c60:C60_37,C60_37,C,sp2,0,unsaturated_fullerene_sp2,curved_fullerene_pi_network,curved_fullerene_sigma_cage,curved_fullerene_cage,0.0,0.201774106168,-0.979432085486,hybridization labels drawn from deterministic global shuffle,synthetic_control_only
hybridization_label_shuffle_control__c60,hybridization_label_shuffle_control,c60,hybridization_label_shuffle_control__c60:C60_38,c60:C60_38,C60_38,C,sp3,0,unsaturated_fullerene_sp2,curved_fullerene_pi_network,curved_fullerene_sigma_cage,curved_fullerene_cage,0.326477361829,0.403548212335,-0.854728829825,hybridization labels drawn from deterministic global shuffle,synthetic_control_only
hybridization_label_shuffle_control__c60,hybridization_label_shuffle_control,c60,hybridization_label_shuffle_control__c60:C60_39,c60:C60_39,C60_39,C,sp2,0,unsaturated_fullerene_sp2,curved_fullerene_pi_network,curved_fullerene_sigma_cage,curved_fullerene_cage,-0.326477361829,0.403548212335,-0.854728829825,hybridization labels drawn from deterministic global shuffle,synthetic_control_only
hybridization_label_shuffle_control__c60,hybridization_label_shuffle_control,c60,hybridization_label_shuffle_control__c60:C60_40,c60:C60_40,C60_40,C,sp2,0,unsaturated_fullerene_sp2,curved_fullerene_pi_network,curved_fullerene_sigma_cage,curved_fullerene_cage,0.854728829825,0.326477361829,-0.403548212335,hybridization labels drawn from deterministic global shuffle,synthetic_control_only
hybridization_label_shuffle_control__c60,hybridization_label_shuffle_control,c60,hybridization_label_shuffle_control__c60:C60_41,c60:C60_41,C60_41,C,sp2,0,unsaturated_fullerene_sp2,curved_fullerene_pi_network,curved_fullerene_sigma_cage,curved_fullerene_cage,0.854728829825,-0.326477361829,-0.403548212335,hybridization labels drawn from deterministic global shuffle,synthetic_control_only
hybridization_label_shuffle_control__c60,hybridization_label_shuffle_control,c60,hybridization_label_shuffle_control__c60:C60_42,c60:C60_42,C60_42,C,sp2,0,unsaturated_fullerene_sp2,curved_fullerene_pi_network,curved_fullerene_sigma_cage,curved_fullerene_cage,0.652954723658,-0.201774106168,-0.730025574164,hybridization labels drawn from deterministic global shuffle,synthetic_control_only
hybridization_label_shuffle_control__c60,hybridization_label_shuffle_control,c60,hybridization_label_shuffle_control__c60:C60_43,c60:C60_43,C60_43,C,sp2,0,unsaturated_fullerene_sp2,curved_fullerene_pi_network,curved_fullerene_sigma_cage,curved_fullerene_cage,0.652954723658,0.201774106168,-0.730025574164,hybridization labels drawn from deterministic global shuffle,synthetic_control_only
hybridization_label_shuffle_control__c60,hybridization_label_shuffle_control,c60,hybridization_label_shuffle_control__c60:C60_44,c60:C60_44,C60_44,C,sp2,0,unsaturated_fullerene_sp2,curved_fullerene_pi_network,curved_fullerene_sigma_cage,curved_fullerene_cage,0.979432085486,0.0,-0.201774106168,hybridization labels drawn from deterministic global shuffle,synthetic_control_only
hybridization_label_shuffle_control__c60,hybridization_label_shuffle_control,c60,hybridization_label_shuffle_control__c60:C60_45,c60:C60_45,C60_45,C,sp2,0,unsaturated_fullerene_sp2,curved_fullerene_pi_network,curved_fullerene_sigma_cage,curved_fullerene_cage,0.854728829825,0.326477361829,0.403548212335,hybridization labels drawn from deterministic global shuffle,synthetic_control_only
hybridization_label_shuffle_control__c60,hybridization_label_shuffle_control,c60,hybridization_label_shuffle_control__c60:C60_46,c60:C60_46,C60_46,C,sp2,0,unsaturated_fullerene_sp2,curved_fullerene_pi_network,curved_fullerene_sigma_cage,curved_fullerene_cage,0.854728829825,-0.326477361829,0.403548212335,hybridization labels drawn from deterministic global shuffle,synthetic_control_only
hybridization_label_shuffle_control__c60,hybridization_label_shuffle_control,c60,hybridization_label_shuffle_control__c60:C60_47,c60:C60_47,C60_47,C,sp2,0,unsaturated_fullerene_sp2,curved_fullerene_pi_network,curved_fullerene_sigma_cage,curved_fullerene_cage,0.652954723658,-0.201774106168,0.730025574164,hybridization labels drawn from deterministic global shuffle,synthetic_control_only
hybridization_label_shuffle_control__c60,hybridization_label_shuffle_control,c60,hybridization_label_shuffle_control__c60:C60_48,c60:C60_48,C60_48,C,sp2,0,unsaturated_fullerene_sp2,curved_fullerene_pi_network,curved_fullerene_sigma_cage,curved_fullerene_cage,0.652954723658,0.201774106168,0.730025574164,hybridization labels drawn from deterministic global shuffle,synthetic_control_only
hybridization_label_shuffle_control__c60,hybridization_label_shuffle_control,c60,hybridization_label_shuffle_control__c60:C60_49,c60:C60_49,C60_49,C,sp2,0,unsaturated_fullerene_sp2,curved_fullerene_pi_network,curved_fullerene_sigma_cage,curved_fullerene_cage,0.979432085486,0.0,0.201774106168,hybridization labels drawn from deterministic global shuffle,synthetic_control_only
hybridization_label_shuffle_control__c60,hybridization_label_shuffle_control,c60,hybridization_label_shuffle_control__c60:C60_50,c60:C60_50,C60_50,C,sp2,0,unsaturated_fullerene_sp2,curved_fullerene_pi_network,curved_fullerene_sigma_cage,curved_fullerene_cage,-0.854728829825,0.326477361829,-0.403548212335,hybridization labels drawn from deterministic global shuffle,synthetic_control_only
hybridization_label_shuffle_control__c60,hybridization_label_shuffle_control,c60,hybridization_label_shuffle_control__c60:C60_51,c60:C60_51,C60_51,C,sp2,0,unsaturated_fullerene_sp2,curved_fullerene_pi_network,curved_fullerene_sigma_cage,curved_fullerene_cage,-0.854728829825,-0.326477361829,-0.403548212335,hybridization labels drawn from deterministic global shuffle,synthetic_control_only
hybridization_label_shuffle_control__c60,hybridization_label_shuffle_control,c60,hybridization_label_shuffle_control__c60:C60_52,c60:C60_52,C60_52,C,sp2,0,unsaturated_fullerene_sp2,curved_fullerene_pi_network,curved_fullerene_sigma_cage,curved_fullerene_cage,-0.652954723658,-0.201774106168,-0.730025574164,hybridization labels drawn from deterministic global shuffle,synthetic_control_only
hybridization_label_shuffle_control__c60,hybridization_label_shuffle_control,c60,hybridization_label_shuffle_control__c60:C60_53,c60:C60_53,C60_53,C,sp2,0,unsaturated_fullerene_sp2,curved_fullerene_pi_network,curved_fullerene_sigma_cage,curved_fullerene_cage,-0.652954723658,0.201774106168,-0.730025574164,hybridization labels drawn from deterministic global shuffle,synthetic_control_only
hybridization_label_shuffle_control__c60,hybridization_label_shuffle_control,c60,hybridization_label_shuffle_control__c60:C60_54,c60:C60_54,C60_54,C,sp2,0,unsaturated_fullerene_sp2,curved_fullerene_pi_network,curved_fullerene_sigma_cage,curved_fullerene_cage,-0.979432085486,0.0,-0.201774106168,hybridization labels drawn from deterministic global shuffle,synthetic_control_only
hybridization_label_shuffle_control__c60,hybridization_label_shuffle_control,c60,hybridization_label_shuffle_control__c60:C60_55,c60:C60_55,C60_55,C,sp2,0,unsaturated_fullerene_sp2,curved_fullerene_pi_network,curved_fullerene_sigma_cage,curved_fullerene_cage,-0.854728829825,0.326477361829,0.403548212335,hybridization labels drawn from deterministic global shuffle,synthetic_control_only
hybridization_label_shuffle_control__c60,hybridization_label_shuffle_control,c60,hybridization_label_shuffle_control__c60:C60_56,c60:C60_56,C60_56,C,sp3,0,unsaturated_fullerene_sp2,curved_fullerene_pi_network,curved_fullerene_sigma_cage,curved_fullerene_cage,-0.854728829825,-0.326477361829,0.403548212335,hybridization labels drawn from deterministic global shuffle,synthetic_control_only
hybridization_label_shuffle_control__c60,hybridization_label_shuffle_control,c60,hybridization_label_shuffle_control__c60:C60_57,c60:C60_57,C60_57,C,sp2,0,unsaturated_fullerene_sp2,curved_fullerene_pi_network,curved_fullerene_sigma_cage,curved_fullerene_cage,-0.652954723658,-0.201774106168,0.730025574164,hybridization labels drawn from deterministic global shuffle,synthetic_control_only
hybridization_label_shuffle_control__c60,hybridization_label_shuffle_control,c60,hybridization_label_shuffle_control__c60:C60_58,c60:C60_58,C60_58,C,sp2,0,unsaturated_fullerene_sp2,curved_fullerene_pi_network,curved_fullerene_sigma_cage,curved_fullerene_cage,-0.652954723658,0.201774106168,0.730025574164,hybridization labels drawn from deterministic global shuffle,synthetic_control_only
hybridization_label_shuffle_control__c60,hybridization_label_shuffle_control,c60,hybridization_label_shuffle_control__c60:C60_59,c60:C60_59,C60_59,C,sp2,0,unsaturated_fullerene_sp2,curved_fullerene_pi_network,curved_fullerene_sigma_cage,curved_fullerene_cage,-0.979432085486,0.0,0.201774106168,hybridization labels drawn from deterministic global shuffle,synthetic_control_only
hybridization_label_shuffle_control__ethyne,hybridization_label_shuffle_control,ethyne,hybridization_label_shuffle_control__ethyne:Eth_00,ethyne:Eth_00,Eth_00,C,sp2,1,unsaturated,linear_triple_bond_pi_pair,linear_sigma_axis,linear_sp_carbon_wire,-0.5,0.0,0.0,hybridization labels drawn from deterministic global shuffle,synthetic_control_only
hybridization_label_shuffle_control__ethyne,hybridization_label_shuffle_control,ethyne,hybridization_label_shuffle_control__ethyne:Eth_01,ethyne:Eth_01,Eth_01,C,sp3,1,unsaturated,linear_triple_bond_pi_pair,linear_sigma_axis,linear_sp_carbon_wire,0.5,0.0,0.0,hybridization labels drawn from deterministic global shuffle,synthetic_control_only
bond_order_shuffle_control__adamantane,bond_order_shuffle_control,adamantane,bond_order_shuffle_control__adamantane:Ada_00,adamantane:Ada_00,Ada_00,C,sp3,1,saturated,none,diamondoid_sigma_cage,saturated_sp3_diamondoid_cage,1.0,1.0,1.0,source scaffold copied before control transform,synthetic_control_only
bond_order_shuffle_control__adamantane,bond_order_shuffle_control,adamantane,bond_order_shuffle_control__adamantane:Ada_01,adamantane:Ada_01,Ada_01,C,sp3,1,saturated,none,diamondoid_sigma_cage,saturated_sp3_diamondoid_cage,1.0,-1.0,-1.0,source scaffold copied before control transform,synthetic_control_only
bond_order_shuffle_control__adamantane,bond_order_shuffle_control,adamantane,bond_order_shuffle_control__adamantane:Ada_02,adamantane:Ada_02,Ada_02,C,sp3,1,saturated,none,diamondoid_sigma_cage,saturated_sp3_diamondoid_cage,-1.0,1.0,-1.0,source scaffold copied before control transform,synthetic_control_only
bond_order_shuffle_control__adamantane,bond_order_shuffle_control,adamantane,bond_order_shuffle_control__adamantane:Ada_03,adamantane:Ada_03,Ada_03,C,sp3,1,saturated,none,diamondoid_sigma_cage,saturated_sp3_diamondoid_cage,-1.0,-1.0,1.0,source scaffold copied before control transform,synthetic_control_only
bond_order_shuffle_control__adamantane,bond_order_shuffle_control,adamantane,bond_order_shuffle_control__adamantane:Ada_04,adamantane:Ada_04,Ada_04,C,sp3,2,saturated,none,diamondoid_sigma_cage,saturated_sp3_diamondoid_cage,1.0,0.0,0.0,source scaffold copied before control transform,synthetic_control_only
bond_order_shuffle_control__adamantane,bond_order_shuffle_control,adamantane,bond_order_shuffle_control__adamantane:Ada_05,adamantane:Ada_05,Ada_05,C,sp3,2,saturated,none,diamondoid_sigma_cage,saturated_sp3_diamondoid_cage,0.0,1.0,0.0,source scaffold copied before control transform,synthetic_control_only
bond_order_shuffle_control__adamantane,bond_order_shuffle_control,adamantane,bond_order_shuffle_control__adamantane:Ada_06,adamantane:Ada_06,Ada_06,C,sp3,2,saturated,none,diamondoid_sigma_cage,saturated_sp3_diamondoid_cage,0.0,0.0,1.0,source scaffold copied before control transform,synthetic_control_only
bond_order_shuffle_control__adamantane,bond_order_shuffle_control,adamantane,bond_order_shuffle_control__adamantane:Ada_07,adamantane:Ada_07,Ada_07,C,sp3,2,saturated,none,diamondoid_sigma_cage,saturated_sp3_diamondoid_cage,0.0,0.0,-1.0,source scaffold copied before control transform,synthetic_control_only
bond_order_shuffle_control__adamantane,bond_order_shuffle_control,adamantane,bond_order_shuffle_control__adamantane:Ada_08,adamantane:Ada_08,Ada_08,C,sp3,2,saturated,none,diamondoid_sigma_cage,saturated_sp3_diamondoid_cage,0.0,-1.0,0.0,source scaffold copied before control transform,synthetic_control_only
bond_order_shuffle_control__adamantane,bond_order_shuffle_control,adamantane,bond_order_shuffle_control__adamantane:Ada_09,adamantane:Ada_09,Ada_09,C,sp3,2,saturated,none,diamondoid_sigma_cage,saturated_sp3_diamondoid_cage,-1.0,0.0,0.0,source scaffold copied before control transform,synthetic_control_only
bond_order_shuffle_control__benzene,bond_order_shuffle_control,benzene,bond_order_shuffle_control__benzene:Bz_00,benzene:Bz_00,Bz_00,C,sp2,1,aromatic_unsaturated,planar_aromatic_pi_ring,planar_ring_sigma_framework,planar_aromatic_ring,1.0,0.0,0.0,source scaffold copied before control transform,synthetic_control_only
bond_order_shuffle_control__benzene,bond_order_shuffle_control,benzene,bond_order_shuffle_control__benzene:Bz_01,benzene:Bz_01,Bz_01,C,sp2,1,aromatic_unsaturated,planar_aromatic_pi_ring,planar_ring_sigma_framework,planar_aromatic_ring,0.5,0.866025403784,0.0,source scaffold copied before control transform,synthetic_control_only
bond_order_shuffle_control__benzene,bond_order_shuffle_control,benzene,bond_order_shuffle_control__benzene:Bz_02,benzene:Bz_02,Bz_02,C,sp2,1,aromatic_unsaturated,planar_aromatic_pi_ring,planar_ring_sigma_framework,planar_aromatic_ring,-0.5,0.866025403784,0.0,source scaffold copied before control transform,synthetic_control_only
bond_order_shuffle_control__benzene,bond_order_shuffle_control,benzene,bond_order_shuffle_control__benzene:Bz_03,benzene:Bz_03,Bz_03,C,sp2,1,aromatic_unsaturated,planar_aromatic_pi_ring,planar_ring_sigma_framework,planar_aromatic_ring,-1.0,0.0,0.0,source scaffold copied before control transform,synthetic_control_only
bond_order_shuffle_control__benzene,bond_order_shuffle_control,benzene,bond_order_shuffle_control__benzene:Bz_04,benzene:Bz_04,Bz_04,C,sp2,1,aromatic_unsaturated,planar_aromatic_pi_ring,planar_ring_sigma_framework,planar_aromatic_ring,-0.5,-0.866025403784,0.0,source scaffold copied before control transform,synthetic_control_only
bond_order_shuffle_control__benzene,bond_order_shuffle_control,benzene,bond_order_shuffle_control__benzene:Bz_05,benzene:Bz_05,Bz_05,C,sp2,1,aromatic_unsaturated,planar_aromatic_pi_ring,planar_ring_sigma_framework,planar_aromatic_ring,0.5,-0.866025403784,0.0,source scaffold copied before control transform,synthetic_control_only
bond_order_shuffle_control__c60,bond_order_shuffle_control,c60,bond_order_shuffle_control__c60:C60_00,c60:C60_00,C60_00,C,sp2,0,unsaturated_fullerene_sp2,curved_fullerene_pi_network,curved_fullerene_sigma_cage,curved_fullerene_cage,-0.201774106168,0.979432085486,0.0,source scaffold copied before control transform,synthetic_control_only
bond_order_shuffle_control__c60,bond_order_shuffle_control,c60,bond_order_shuffle_control__c60:C60_01,c60:C60_01,C60_01,C,sp2,0,unsaturated_fullerene_sp2,curved_fullerene_pi_network,curved_fullerene_sigma_cage,curved_fullerene_cage,-0.403548212335,0.854728829825,0.326477361829,source scaffold copied before control transform,synthetic_control_only
bond_order_shuffle_control__c60,bond_order_shuffle_control,c60,bond_order_shuffle_control__c60:C60_02,c60:C60_02,C60_02,C,sp2,0,unsaturated_fullerene_sp2,curved_fullerene_pi_network,curved_fullerene_sigma_cage,curved_fullerene_cage,-0.403548212335,0.854728829825,-0.326477361829,source scaffold copied before control transform,synthetic_control_only
bond_order_shuffle_control__c60,bond_order_shuffle_control,c60,bond_order_shuffle_control__c60:C60_03,c60:C60_03,C60_03,C,sp2,0,unsaturated_fullerene_sp2,curved_fullerene_pi_network,curved_fullerene_sigma_cage,curved_fullerene_cage,-0.730025574164,0.652954723658,-0.201774106168,source scaffold copied before control transform,synthetic_control_only
bond_order_shuffle_control__c60,bond_order_shuffle_control,c60,bond_order_shuffle_control__c60:C60_04,c60:C60_04,C60_04,C,sp2,0,unsaturated_fullerene_sp2,curved_fullerene_pi_network,curved_fullerene_sigma_cage,curved_fullerene_cage,-0.730025574164,0.652954723658,0.201774106168,source scaffold copied before control transform,synthetic_control_only
bond_order_shuffle_control__c60,bond_order_shuffle_control,c60,bond_order_shuffle_control__c60:C60_05,c60:C60_05,C60_05,C,sp2,0,unsaturated_fullerene_sp2,curved_fullerene_pi_network,curved_fullerene_sigma_cage,curved_fullerene_cage,0.201774106168,0.979432085486,0.0,source scaffold copied before control transform,synthetic_control_only
bond_order_shuffle_control__c60,bond_order_shuffle_control,c60,bond_order_shuffle_control__c60:C60_06,c60:C60_06,C60_06,C,sp2,0,unsaturated_fullerene_sp2,curved_fullerene_pi_network,curved_fullerene_sigma_cage,curved_fullerene_cage,0.403548212335,0.854728829825,0.326477361829,source scaffold copied before control transform,synthetic_control_only
bond_order_shuffle_control__c60,bond_order_shuffle_control,c60,bond_order_shuffle_control__c60:C60_07,c60:C60_07,C60_07,C,sp2,0,unsaturated_fullerene_sp2,curved_fullerene_pi_network,curved_fullerene_sigma_cage,curved_fullerene_cage,0.403548212335,0.854728829825,-0.326477361829,source scaffold copied before control transform,synthetic_control_only
bond_order_shuffle_control__c60,bond_order_shuffle_control,c60,bond_order_shuffle_control__c60:C60_08,c60:C60_08,C60_08,C,sp2,0,unsaturated_fullerene_sp2,curved_fullerene_pi_network,curved_fullerene_sigma_cage,curved_fullerene_cage,0.730025574164,0.652954723658,-0.201774106168,source scaffold copied before control transform,synthetic_control_only
bond_order_shuffle_control__c60,bond_order_shuffle_control,c60,bond_order_shuffle_control__c60:C60_09,c60:C60_09,C60_09,C,sp2,0,unsaturated_fullerene_sp2,curved_fullerene_pi_network,curved_fullerene_sigma_cage,curved_fullerene_cage,0.730025574164,0.652954723658,0.201774106168,source scaffold copied before control transform,synthetic_control_only
bond_order_shuffle_control__c60,bond_order_shuffle_control,c60,bond_order_shuffle_control__c60:C60_10,c60:C60_10,C60_10,C,sp2,0,unsaturated_fullerene_sp2,curved_fullerene_pi_network,curved_fullerene_sigma_cage,curved_fullerene_cage,-0.201774106168,-0.979432085486,0.0,source scaffold copied before control transform,synthetic_control_only
bond_order_shuffle_control__c60,bond_order_shuffle_control,c60,bond_order_shuffle_control__c60:C60_11,c60:C60_11,C60_11,C,sp2,0,unsaturated_fullerene_sp2,curved_fullerene_pi_network,curved_fullerene_sigma_cage,curved_fullerene_cage,-0.403548212335,-0.854728829825,0.326477361829,source scaffold copied before control transform,synthetic_control_only
bond_order_shuffle_control__c60,bond_order_shuffle_control,c60,bond_order_shuffle_control__c60:C60_12,c60:C60_12,C60_12,C,sp2,0,unsaturated_fullerene_sp2,curved_fullerene_pi_network,curved_fullerene_sigma_cage,curved_fullerene_cage,-0.403548212335,-0.854728829825,-0.326477361829,source scaffold copied before control transform,synthetic_control_only
bond_order_shuffle_control__c60,bond_order_shuffle_control,c60,bond_order_shuffle_control__c60:C60_13,c60:C60_13,C60_13,C,sp2,0,unsaturated_fullerene_sp2,curved_fullerene_pi_network,curved_fullerene_sigma_cage,curved_fullerene_cage,-0.730025574164,-0.652954723658,-0.201774106168,source scaffold copied before control transform,synthetic_control_only
bond_order_shuffle_control__c60,bond_order_shuffle_control,c60,bond_order_shuffle_control__c60:C60_14,c60:C60_14,C60_14,C,sp2,0,unsaturated_fullerene_sp2,curved_fullerene_pi_network,curved_fullerene_sigma_cage,curved_fullerene_cage,-0.730025574164,-0.652954723658,0.201774106168,source scaffold copied before control transform,synthetic_control_only
bond_order_shuffle_control__c60,bond_order_shuffle_control,c60,bond_order_shuffle_control__c60:C60_15,c60:C60_15,C60_15,C,sp2,0,unsaturated_fullerene_sp2,curved_fullerene_pi_network,curved_fullerene_sigma_cage,curved_fullerene_cage,0.201774106168,-0.979432085486,0.0,source scaffold copied before control transform,synthetic_control_only
bond_order_shuffle_control__c60,bond_order_shuffle_control,c60,bond_order_shuffle_control__c60:C60_16,c60:C60_16,C60_16,C,sp2,0,unsaturated_fullerene_sp2,curved_fullerene_pi_network,curved_fullerene_sigma_cage,curved_fullerene_cage,0.403548212335,-0.854728829825,0.326477361829,source scaffold copied before control transform,synthetic_control_only
bond_order_shuffle_control__c60,bond_order_shuffle_control,c60,bond_order_shuffle_control__c60:C60_17,c60:C60_17,C60_17,C,sp2,0,unsaturated_fullerene_sp2,curved_fullerene_pi_network,curved_fullerene_sigma_cage,curved_fullerene_cage,0.403548212335,-0.854728829825,-0.326477361829,source scaffold copied before control transform,synthetic_control_only
bond_order_shuffle_control__c60,bond_order_shuffle_control,c60,bond_order_shuffle_control__c60:C60_18,c60:C60_18,C60_18,C,sp2,0,unsaturated_fullerene_sp2,curved_fullerene_pi_network,curved_fullerene_sigma_cage,curved_fullerene_cage,0.730025574164,-0.652954723658,-0.201774106168,source scaffold copied before control transform,synthetic_control_only
bond_order_shuffle_control__c60,bond_order_shuffle_control,c60,bond_order_shuffle_control__c60:C60_19,c60:C60_19,C60_19,C,sp2,0,unsaturated_fullerene_sp2,curved_fullerene_pi_network,curved_fullerene_sigma_cage,curved_fullerene_cage,0.730025574164,-0.652954723658,0.201774106168,source scaffold copied before control transform,synthetic_control_only
bond_order_shuffle_control__c60,bond_order_shuffle_control,c60,bond_order_shuffle_control__c60:C60_20,c60:C60_20,C60_20,C,sp2,0,unsaturated_fullerene_sp2,curved_fullerene_pi_network,curved_fullerene_sigma_cage,curved_fullerene_cage,-0.201774106168,-0.730025574164,0.652954723658,source scaffold copied before control transform,synthetic_control_only
bond_order_shuffle_control__c60,bond_order_shuffle_control,c60,bond_order_shuffle_control__c60:C60_21,c60:C60_21,C60_21,C,sp2,0,unsaturated_fullerene_sp2,curved_fullerene_pi_network,curved_fullerene_sigma_cage,curved_fullerene_cage,0.201774106168,-0.730025574164,0.652954723658,source scaffold copied before control transform,synthetic_control_only
bond_order_shuffle_control__c60,bond_order_shuffle_control,c60,bond_order_shuffle_control__c60:C60_22,c60:C60_22,C60_22,C,sp2,0,unsaturated_fullerene_sp2,curved_fullerene_pi_network,curved_fullerene_sigma_cage,curved_fullerene_cage,0.0,-0.201774106168,0.979432085486,source scaffold copied before control transform,synthetic_control_only
bond_order_shuffle_control__c60,bond_order_shuffle_control,c60,bond_order_shuffle_control__c60:C60_23,c60:C60_23,C60_23,C,sp2,0,unsaturated_fullerene_sp2,curved_fullerene_pi_network,curved_fullerene_sigma_cage,curved_fullerene_cage,0.326477361829,-0.403548212335,0.854728829825,source scaffold copied before control transform,synthetic_control_only
bond_order_shuffle_control__c60,bond_order_shuffle_control,c60,bond_order_shuffle_control__c60:C60_24,c60:C60_24,C60_24,C,sp2,0,unsaturated_fullerene_sp2,curved_fullerene_pi_network,curved_fullerene_sigma_cage,curved_fullerene_cage,-0.326477361829,-0.403548212335,0.854728829825,source scaffold copied before control transform,synthetic_control_only
bond_order_shuffle_control__c60,bond_order_shuffle_control,c60,bond_order_shuffle_control__c60:C60_25,c60:C60_25,C60_25,C,sp2,0,unsaturated_fullerene_sp2,curved_fullerene_pi_network,curved_fullerene_sigma_cage,curved_fullerene_cage,-0.201774106168,0.730025574164,0.652954723658,source scaffold copied before control transform,synthetic_control_only
bond_order_shuffle_control__c60,bond_order_shuffle_control,c60,bond_order_shuffle_control__c60:C60_26,c60:C60_26,C60_26,C,sp2,0,unsaturated_fullerene_sp2,curved_fullerene_pi_network,curved_fullerene_sigma_cage,curved_fullerene_cage,0.201774106168,0.730025574164,0.652954723658,source scaffold copied before control transform,synthetic_control_only
bond_order_shuffle_control__c60,bond_order_shuffle_control,c60,bond_order_shuffle_control__c60:C60_27,c60:C60_27,C60_27,C,sp2,0,unsaturated_fullerene_sp2,curved_fullerene_pi_network,curved_fullerene_sigma_cage,curved_fullerene_cage,0.0,0.201774106168,0.979432085486,source scaffold copied before control transform,synthetic_control_only
bond_order_shuffle_control__c60,bond_order_shuffle_control,c60,bond_order_shuffle_control__c60:C60_28,c60:C60_28,C60_28,C,sp2,0,unsaturated_fullerene_sp2,curved_fullerene_pi_network,curved_fullerene_sigma_cage,curved_fullerene_cage,0.326477361829,0.403548212335,0.854728829825,source scaffold copied before control transform,synthetic_control_only
bond_order_shuffle_control__c60,bond_order_shuffle_control,c60,bond_order_shuffle_control__c60:C60_29,c60:C60_29,C60_29,C,sp2,0,unsaturated_fullerene_sp2,curved_fullerene_pi_network,curved_fullerene_sigma_cage,curved_fullerene_cage,-0.326477361829,0.403548212335,0.854728829825,source scaffold copied before control transform,synthetic_control_only
bond_order_shuffle_control__c60,bond_order_shuffle_control,c60,bond_order_shuffle_control__c60:C60_30,c60:C60_30,C60_30,C,sp2,0,unsaturated_fullerene_sp2,curved_fullerene_pi_network,curved_fullerene_sigma_cage,curved_fullerene_cage,-0.201774106168,-0.730025574164,-0.652954723658,source scaffold copied before control transform,synthetic_control_only
bond_order_shuffle_control__c60,bond_order_shuffle_control,c60,bond_order_shuffle_control__c60:C60_31,c60:C60_31,C60_31,C,sp2,0,unsaturated_fullerene_sp2,curved_fullerene_pi_network,curved_fullerene_sigma_cage,curved_fullerene_cage,0.201774106168,-0.730025574164,-0.652954723658,source scaffold copied before control transform,synthetic_control_only
bond_order_shuffle_control__c60,bond_order_shuffle_control,c60,bond_order_shuffle_control__c60:C60_32,c60:C60_32,C60_32,C,sp2,0,unsaturated_fullerene_sp2,curved_fullerene_pi_network,curved_fullerene_sigma_cage,curved_fullerene_cage,0.0,-0.201774106168,-0.979432085486,source scaffold copied before control transform,synthetic_control_only
bond_order_shuffle_control__c60,bond_order_shuffle_control,c60,bond_order_shuffle_control__c60:C60_33,c60:C60_33,C60_33,C,sp2,0,unsaturated_fullerene_sp2,curved_fullerene_pi_network,curved_fullerene_sigma_cage,curved_fullerene_cage,0.326477361829,-0.403548212335,-0.854728829825,source scaffold copied before control transform,synthetic_control_only
bond_order_shuffle_control__c60,bond_order_shuffle_control,c60,bond_order_shuffle_control__c60:C60_34,c60:C60_34,C60_34,C,sp2,0,unsaturated_fullerene_sp2,curved_fullerene_pi_network,curved_fullerene_sigma_cage,curved_fullerene_cage,-0.326477361829,-0.403548212335,-0.854728829825,source scaffold copied before control transform,synthetic_control_only
bond_order_shuffle_control__c60,bond_order_shuffle_control,c60,bond_order_shuffle_control__c60:C60_35,c60:C60_35,C60_35,C,sp2,0,unsaturated_fullerene_sp2,curved_fullerene_pi_network,curved_fullerene_sigma_cage,curved_fullerene_cage,-0.201774106168,0.730025574164,-0.652954723658,source scaffold copied before control transform,synthetic_control_only
bond_order_shuffle_control__c60,bond_order_shuffle_control,c60,bond_order_shuffle_control__c60:C60_36,c60:C60_36,C60_36,C,sp2,0,unsaturated_fullerene_sp2,curved_fullerene_pi_network,curved_fullerene_sigma_cage,curved_fullerene_cage,0.201774106168,0.730025574164,-0.652954723658,source scaffold copied before control transform,synthetic_control_only
bond_order_shuffle_control__c60,bond_order_shuffle_control,c60,bond_order_shuffle_control__c60:C60_37,c60:C60_37,C60_37,C,sp2,0,unsaturated_fullerene_sp2,curved_fullerene_pi_network,curved_fullerene_sigma_cage,curved_fullerene_cage,0.0,0.201774106168,-0.979432085486,source scaffold copied before control transform,synthetic_control_only
bond_order_shuffle_control__c60,bond_order_shuffle_control,c60,bond_order_shuffle_control__c60:C60_38,c60:C60_38,C60_38,C,sp2,0,unsaturated_fullerene_sp2,curved_fullerene_pi_network,curved_fullerene_sigma_cage,curved_fullerene_cage,0.326477361829,0.403548212335,-0.854728829825,source scaffold copied before control transform,synthetic_control_only
bond_order_shuffle_control__c60,bond_order_shuffle_control,c60,bond_order_shuffle_control__c60:C60_39,c60:C60_39,C60_39,C,sp2,0,unsaturated_fullerene_sp2,curved_fullerene_pi_network,curved_fullerene_sigma_cage,curved_fullerene_cage,-0.326477361829,0.403548212335,-0.854728829825,source scaffold copied before control transform,synthetic_control_only
bond_order_shuffle_control__c60,bond_order_shuffle_control,c60,bond_order_shuffle_control__c60:C60_40,c60:C60_40,C60_40,C,sp2,0,unsaturated_fullerene_sp2,curved_fullerene_pi_network,curved_fullerene_sigma_cage,curved_fullerene_cage,0.854728829825,0.326477361829,-0.403548212335,source scaffold copied before control transform,synthetic_control_only
bond_order_shuffle_control__c60,bond_order_shuffle_control,c60,bond_order_shuffle_control__c60:C60_41,c60:C60_41,C60_41,C,sp2,0,unsaturated_fullerene_sp2,curved_fullerene_pi_network,curved_fullerene_sigma_cage,curved_fullerene_cage,0.854728829825,-0.326477361829,-0.403548212335,source scaffold copied before control transform,synthetic_control_only
bond_order_shuffle_control__c60,bond_order_shuffle_control,c60,bond_order_shuffle_control__c60:C60_42,c60:C60_42,C60_42,C,sp2,0,unsaturated_fullerene_sp2,curved_fullerene_pi_network,curved_fullerene_sigma_cage,curved_fullerene_cage,0.652954723658,-0.201774106168,-0.730025574164,source scaffold copied before control transform,synthetic_control_only
bond_order_shuffle_control__c60,bond_order_shuffle_control,c60,bond_order_shuffle_control__c60:C60_43,c60:C60_43,C60_43,C,sp2,0,unsaturated_fullerene_sp2,curved_fullerene_pi_network,curved_fullerene_sigma_cage,curved_fullerene_cage,0.652954723658,0.201774106168,-0.730025574164,source scaffold copied before control transform,synthetic_control_only
bond_order_shuffle_control__c60,bond_order_shuffle_control,c60,bond_order_shuffle_control__c60:C60_44,c60:C60_44,C60_44,C,sp2,0,unsaturated_fullerene_sp2,curved_fullerene_pi_network,curved_fullerene_sigma_cage,curved_fullerene_cage,0.979432085486,0.0,-0.201774106168,source scaffold copied before control transform,synthetic_control_only
bond_order_shuffle_control__c60,bond_order_shuffle_control,c60,bond_order_shuffle_control__c60:C60_45,c60:C60_45,C60_45,C,sp2,0,unsaturated_fullerene_sp2,curved_fullerene_pi_network,curved_fullerene_sigma_cage,curved_fullerene_cage,0.854728829825,0.326477361829,0.403548212335,source scaffold copied before control transform,synthetic_control_only
bond_order_shuffle_control__c60,bond_order_shuffle_control,c60,bond_order_shuffle_control__c60:C60_46,c60:C60_46,C60_46,C,sp2,0,unsaturated_fullerene_sp2,curved_fullerene_pi_network,curved_fullerene_sigma_cage,curved_fullerene_cage,0.854728829825,-0.326477361829,0.403548212335,source scaffold copied before control transform,synthetic_control_only
bond_order_shuffle_control__c60,bond_order_shuffle_control,c60,bond_order_shuffle_control__c60:C60_47,c60:C60_47,C60_47,C,sp2,0,unsaturated_fullerene_sp2,curved_fullerene_pi_network,curved_fullerene_sigma_cage,curved_fullerene_cage,0.652954723658,-0.201774106168,0.730025574164,source scaffold copied before control transform,synthetic_control_only
bond_order_shuffle_control__c60,bond_order_shuffle_control,c60,bond_order_shuffle_control__c60:C60_48,c60:C60_48,C60_48,C,sp2,0,unsaturated_fullerene_sp2,curved_fullerene_pi_network,curved_fullerene_sigma_cage,curved_fullerene_cage,0.652954723658,0.201774106168,0.730025574164,source scaffold copied before control transform,synthetic_control_only
bond_order_shuffle_control__c60,bond_order_shuffle_control,c60,bond_order_shuffle_control__c60:C60_49,c60:C60_49,C60_49,C,sp2,0,unsaturated_fullerene_sp2,curved_fullerene_pi_network,curved_fullerene_sigma_cage,curved_fullerene_cage,0.979432085486,0.0,0.201774106168,source scaffold copied before control transform,synthetic_control_only
bond_order_shuffle_control__c60,bond_order_shuffle_control,c60,bond_order_shuffle_control__c60:C60_50,c60:C60_50,C60_50,C,sp2,0,unsaturated_fullerene_sp2,curved_fullerene_pi_network,curved_fullerene_sigma_cage,curved_fullerene_cage,-0.854728829825,0.326477361829,-0.403548212335,source scaffold copied before control transform,synthetic_control_only
bond_order_shuffle_control__c60,bond_order_shuffle_control,c60,bond_order_shuffle_control__c60:C60_51,c60:C60_51,C60_51,C,sp2,0,unsaturated_fullerene_sp2,curved_fullerene_pi_network,curved_fullerene_sigma_cage,curved_fullerene_cage,-0.854728829825,-0.326477361829,-0.403548212335,source scaffold copied before control transform,synthetic_control_only
bond_order_shuffle_control__c60,bond_order_shuffle_control,c60,bond_order_shuffle_control__c60:C60_52,c60:C60_52,C60_52,C,sp2,0,unsaturated_fullerene_sp2,curved_fullerene_pi_network,curved_fullerene_sigma_cage,curved_fullerene_cage,-0.652954723658,-0.201774106168,-0.730025574164,source scaffold copied before control transform,synthetic_control_only
bond_order_shuffle_control__c60,bond_order_shuffle_control,c60,bond_order_shuffle_control__c60:C60_53,c60:C60_53,C60_53,C,sp2,0,unsaturated_fullerene_sp2,curved_fullerene_pi_network,curved_fullerene_sigma_cage,curved_fullerene_cage,-0.652954723658,0.201774106168,-0.730025574164,source scaffold copied before control transform,synthetic_control_only
bond_order_shuffle_control__c60,bond_order_shuffle_control,c60,bond_order_shuffle_control__c60:C60_54,c60:C60_54,C60_54,C,sp2,0,unsaturated_fullerene_sp2,curved_fullerene_pi_network,curved_fullerene_sigma_cage,curved_fullerene_cage,-0.979432085486,0.0,-0.201774106168,source scaffold copied before control transform,synthetic_control_only
bond_order_shuffle_control__c60,bond_order_shuffle_control,c60,bond_order_shuffle_control__c60:C60_55,c60:C60_55,C60_55,C,sp2,0,unsaturated_fullerene_sp2,curved_fullerene_pi_network,curved_fullerene_sigma_cage,curved_fullerene_cage,-0.854728829825,0.326477361829,0.403548212335,source scaffold copied before control transform,synthetic_control_only
bond_order_shuffle_control__c60,bond_order_shuffle_control,c60,bond_order_shuffle_control__c60:C60_56,c60:C60_56,C60_56,C,sp2,0,unsaturated_fullerene_sp2,curved_fullerene_pi_network,curved_fullerene_sigma_cage,curved_fullerene_cage,-0.854728829825,-0.326477361829,0.403548212335,source scaffold copied before control transform,synthetic_control_only
bond_order_shuffle_control__c60,bond_order_shuffle_control,c60,bond_order_shuffle_control__c60:C60_57,c60:C60_57,C60_57,C,sp2,0,unsaturated_fullerene_sp2,curved_fullerene_pi_network,curved_fullerene_sigma_cage,curved_fullerene_cage,-0.652954723658,-0.201774106168,0.730025574164,source scaffold copied before control transform,synthetic_control_only
bond_order_shuffle_control__c60,bond_order_shuffle_control,c60,bond_order_shuffle_control__c60:C60_58,c60:C60_58,C60_58,C,sp2,0,unsaturated_fullerene_sp2,curved_fullerene_pi_network,curved_fullerene_sigma_cage,curved_fullerene_cage,-0.652954723658,0.201774106168,0.730025574164,source scaffold copied before control transform,synthetic_control_only
bond_order_shuffle_control__c60,bond_order_shuffle_control,c60,bond_order_shuffle_control__c60:C60_59,c60:C60_59,C60_59,C,sp2,0,unsaturated_fullerene_sp2,curved_fullerene_pi_network,curved_fullerene_sigma_cage,curved_fullerene_cage,-0.979432085486,0.0,0.201774106168,source scaffold copied before control transform,synthetic_control_only
bond_order_shuffle_control__ethyne,bond_order_shuffle_control,ethyne,bond_order_shuffle_control__ethyne:Eth_00,ethyne:Eth_00,Eth_00,C,sp,1,unsaturated,linear_triple_bond_pi_pair,linear_sigma_axis,linear_sp_carbon_wire,-0.5,0.0,0.0,source scaffold copied before control transform,synthetic_control_only
bond_order_shuffle_control__ethyne,bond_order_shuffle_control,ethyne,bond_order_shuffle_control__ethyne:Eth_01,ethyne:Eth_01,Eth_01,C,sp,1,unsaturated,linear_triple_bond_pi_pair,linear_sigma_axis,linear_sp_carbon_wire,0.5,0.0,0.0,source scaffold copied before control transform,synthetic_control_only
sigma_pi_label_shuffle_control__adamantane,sigma_pi_label_shuffle_control,adamantane,sigma_pi_label_shuffle_control__adamantane:Ada_00,adamantane:Ada_00,Ada_00,C,sp3,1,saturated,linear_triple_bond_pi_pair,curved_fullerene_sigma_cage,saturated_sp3_diamondoid_cage,1.0,1.0,1.0,sigma/pi node labels drawn from deterministic global shuffle,synthetic_control_only
sigma_pi_label_shuffle_control__adamantane,sigma_pi_label_shuffle_control,adamantane,sigma_pi_label_shuffle_control__adamantane:Ada_01,adamantane:Ada_01,Ada_01,C,sp3,1,saturated,curved_fullerene_pi_network,curved_fullerene_sigma_cage,saturated_sp3_diamondoid_cage,1.0,-1.0,-1.0,sigma/pi node labels drawn from deterministic global shuffle,synthetic_control_only
sigma_pi_label_shuffle_control__adamantane,sigma_pi_label_shuffle_control,adamantane,sigma_pi_label_shuffle_control__adamantane:Ada_02,adamantane:Ada_02,Ada_02,C,sp3,1,saturated,none,curved_fullerene_sigma_cage,saturated_sp3_diamondoid_cage,-1.0,1.0,-1.0,sigma/pi node labels drawn from deterministic global shuffle,synthetic_control_only
sigma_pi_label_shuffle_control__adamantane,sigma_pi_label_shuffle_control,adamantane,sigma_pi_label_shuffle_control__adamantane:Ada_03,adamantane:Ada_03,Ada_03,C,sp3,1,saturated,none,planar_ring_sigma_framework,saturated_sp3_diamondoid_cage,-1.0,-1.0,1.0,sigma/pi node labels drawn from deterministic global shuffle,synthetic_control_only
sigma_pi_label_shuffle_control__adamantane,sigma_pi_label_shuffle_control,adamantane,sigma_pi_label_shuffle_control__adamantane:Ada_04,adamantane:Ada_04,Ada_04,C,sp3,2,saturated,curved_fullerene_pi_network,curved_fullerene_sigma_cage,saturated_sp3_diamondoid_cage,1.0,0.0,0.0,sigma/pi node labels drawn from deterministic global shuffle,synthetic_control_only
sigma_pi_label_shuffle_control__adamantane,sigma_pi_label_shuffle_control,adamantane,sigma_pi_label_shuffle_control__adamantane:Ada_05,adamantane:Ada_05,Ada_05,C,sp3,2,saturated,planar_aromatic_pi_ring,curved_fullerene_sigma_cage,saturated_sp3_diamondoid_cage,0.0,1.0,0.0,sigma/pi node labels drawn from deterministic global shuffle,synthetic_control_only
sigma_pi_label_shuffle_control__adamantane,sigma_pi_label_shuffle_control,adamantane,sigma_pi_label_shuffle_control__adamantane:Ada_06,adamantane:Ada_06,Ada_06,C,sp3,2,saturated,curved_fullerene_pi_network,curved_fullerene_sigma_cage,saturated_sp3_diamondoid_cage,0.0,0.0,1.0,sigma/pi node labels drawn from deterministic global shuffle,synthetic_control_only
sigma_pi_label_shuffle_control__adamantane,sigma_pi_label_shuffle_control,adamantane,sigma_pi_label_shuffle_control__adamantane:Ada_07,adamantane:Ada_07,Ada_07,C,sp3,2,saturated,curved_fullerene_pi_network,curved_fullerene_sigma_cage,saturated_sp3_diamondoid_cage,0.0,0.0,-1.0,sigma/pi node labels drawn from deterministic global shuffle,synthetic_control_only
sigma_pi_label_shuffle_control__adamantane,sigma_pi_label_shuffle_control,adamantane,sigma_pi_label_shuffle_control__adamantane:Ada_08,adamantane:Ada_08,Ada_08,C,sp3,2,saturated,curved_fullerene_pi_network,curved_fullerene_sigma_cage,saturated_sp3_diamondoid_cage,0.0,-1.0,0.0,sigma/pi node labels drawn from deterministic global shuffle,synthetic_control_only
sigma_pi_label_shuffle_control__adamantane,sigma_pi_label_shuffle_control,adamantane,sigma_pi_label_shuffle_control__adamantane:Ada_09,adamantane:Ada_09,Ada_09,C,sp3,2,saturated,curved_fullerene_pi_network,curved_fullerene_sigma_cage,saturated_sp3_diamondoid_cage,-1.0,0.0,0.0,sigma/pi node labels drawn from deterministic global shuffle,synthetic_control_only
sigma_pi_label_shuffle_control__benzene,sigma_pi_label_shuffle_control,benzene,sigma_pi_label_shuffle_control__benzene:Bz_00,benzene:Bz_00,Bz_00,C,sp2,1,aromatic_unsaturated,curved_fullerene_pi_network,curved_fullerene_sigma_cage,planar_aromatic_ring,1.0,0.0,0.0,sigma/pi node labels drawn from deterministic global shuffle,synthetic_control_only
sigma_pi_label_shuffle_control__benzene,sigma_pi_label_shuffle_control,benzene,sigma_pi_label_shuffle_control__benzene:Bz_01,benzene:Bz_01,Bz_01,C,sp2,1,aromatic_unsaturated,curved_fullerene_pi_network,curved_fullerene_sigma_cage,planar_aromatic_ring,0.5,0.866025403784,0.0,sigma/pi node labels drawn from deterministic global shuffle,synthetic_control_only
sigma_pi_label_shuffle_control__benzene,sigma_pi_label_shuffle_control,benzene,sigma_pi_label_shuffle_control__benzene:Bz_02,benzene:Bz_02,Bz_02,C,sp2,1,aromatic_unsaturated,none,diamondoid_sigma_cage,planar_aromatic_ring,-0.5,0.866025403784,0.0,sigma/pi node labels drawn from deterministic global shuffle,synthetic_control_only
sigma_pi_label_shuffle_control__benzene,sigma_pi_label_shuffle_control,benzene,sigma_pi_label_shuffle_control__benzene:Bz_03,benzene:Bz_03,Bz_03,C,sp2,1,aromatic_unsaturated,curved_fullerene_pi_network,curved_fullerene_sigma_cage,planar_aromatic_ring,-1.0,0.0,0.0,sigma/pi node labels drawn from deterministic global shuffle,synthetic_control_only
sigma_pi_label_shuffle_control__benzene,sigma_pi_label_shuffle_control,benzene,sigma_pi_label_shuffle_control__benzene:Bz_04,benzene:Bz_04,Bz_04,C,sp2,1,aromatic_unsaturated,curved_fullerene_pi_network,curved_fullerene_sigma_cage,planar_aromatic_ring,-0.5,-0.866025403784,0.0,sigma/pi node labels drawn from deterministic global shuffle,synthetic_control_only
sigma_pi_label_shuffle_control__benzene,sigma_pi_label_shuffle_control,benzene,sigma_pi_label_shuffle_control__benzene:Bz_05,benzene:Bz_05,Bz_05,C,sp2,1,aromatic_unsaturated,none,curved_fullerene_sigma_cage,planar_aromatic_ring,0.5,-0.866025403784,0.0,sigma/pi node labels drawn from deterministic global shuffle,synthetic_control_only
sigma_pi_label_shuffle_control__c60,sigma_pi_label_shuffle_control,c60,sigma_pi_label_shuffle_control__c60:C60_00,c60:C60_00,C60_00,C,sp2,0,unsaturated_fullerene_sp2,curved_fullerene_pi_network,curved_fullerene_sigma_cage,curved_fullerene_cage,-0.201774106168,0.979432085486,0.0,sigma/pi node labels drawn from deterministic global shuffle,synthetic_control_only
sigma_pi_label_shuffle_control__c60,sigma_pi_label_shuffle_control,c60,sigma_pi_label_shuffle_control__c60:C60_01,c60:C60_01,C60_01,C,sp2,0,unsaturated_fullerene_sp2,curved_fullerene_pi_network,curved_fullerene_sigma_cage,curved_fullerene_cage,-0.403548212335,0.854728829825,0.326477361829,sigma/pi node labels drawn from deterministic global shuffle,synthetic_control_only
sigma_pi_label_shuffle_control__c60,sigma_pi_label_shuffle_control,c60,sigma_pi_label_shuffle_control__c60:C60_02,c60:C60_02,C60_02,C,sp2,0,unsaturated_fullerene_sp2,curved_fullerene_pi_network,curved_fullerene_sigma_cage,curved_fullerene_cage,-0.403548212335,0.854728829825,-0.326477361829,sigma/pi node labels drawn from deterministic global shuffle,synthetic_control_only
sigma_pi_label_shuffle_control__c60,sigma_pi_label_shuffle_control,c60,sigma_pi_label_shuffle_control__c60:C60_03,c60:C60_03,C60_03,C,sp2,0,unsaturated_fullerene_sp2,linear_triple_bond_pi_pair,curved_fullerene_sigma_cage,curved_fullerene_cage,-0.730025574164,0.652954723658,-0.201774106168,sigma/pi node labels drawn from deterministic global shuffle,synthetic_control_only
sigma_pi_label_shuffle_control__c60,sigma_pi_label_shuffle_control,c60,sigma_pi_label_shuffle_control__c60:C60_04,c60:C60_04,C60_04,C,sp2,0,unsaturated_fullerene_sp2,curved_fullerene_pi_network,curved_fullerene_sigma_cage,curved_fullerene_cage,-0.730025574164,0.652954723658,0.201774106168,sigma/pi node labels drawn from deterministic global shuffle,synthetic_control_only
sigma_pi_label_shuffle_control__c60,sigma_pi_label_shuffle_control,c60,sigma_pi_label_shuffle_control__c60:C60_05,c60:C60_05,C60_05,C,sp2,0,unsaturated_fullerene_sp2,curved_fullerene_pi_network,curved_fullerene_sigma_cage,curved_fullerene_cage,0.201774106168,0.979432085486,0.0,sigma/pi node labels drawn from deterministic global shuffle,synthetic_control_only
sigma_pi_label_shuffle_control__c60,sigma_pi_label_shuffle_control,c60,sigma_pi_label_shuffle_control__c60:C60_06,c60:C60_06,C60_06,C,sp2,0,unsaturated_fullerene_sp2,curved_fullerene_pi_network,diamondoid_sigma_cage,curved_fullerene_cage,0.403548212335,0.854728829825,0.326477361829,sigma/pi node labels drawn from deterministic global shuffle,synthetic_control_only
sigma_pi_label_shuffle_control__c60,sigma_pi_label_shuffle_control,c60,sigma_pi_label_shuffle_control__c60:C60_07,c60:C60_07,C60_07,C,sp2,0,unsaturated_fullerene_sp2,curved_fullerene_pi_network,diamondoid_sigma_cage,curved_fullerene_cage,0.403548212335,0.854728829825,-0.326477361829,sigma/pi node labels drawn from deterministic global shuffle,synthetic_control_only
sigma_pi_label_shuffle_control__c60,sigma_pi_label_shuffle_control,c60,sigma_pi_label_shuffle_control__c60:C60_08,c60:C60_08,C60_08,C,sp2,0,unsaturated_fullerene_sp2,none,curved_fullerene_sigma_cage,curved_fullerene_cage,0.730025574164,0.652954723658,-0.201774106168,sigma/pi node labels drawn from deterministic global shuffle,synthetic_control_only
sigma_pi_label_shuffle_control__c60,sigma_pi_label_shuffle_control,c60,sigma_pi_label_shuffle_control__c60:C60_09,c60:C60_09,C60_09,C,sp2,0,unsaturated_fullerene_sp2,curved_fullerene_pi_network,curved_fullerene_sigma_cage,curved_fullerene_cage,0.730025574164,0.652954723658,0.201774106168,sigma/pi node labels drawn from deterministic global shuffle,synthetic_control_only
sigma_pi_label_shuffle_control__c60,sigma_pi_label_shuffle_control,c60,sigma_pi_label_shuffle_control__c60:C60_10,c60:C60_10,C60_10,C,sp2,0,unsaturated_fullerene_sp2,curved_fullerene_pi_network,curved_fullerene_sigma_cage,curved_fullerene_cage,-0.201774106168,-0.979432085486,0.0,sigma/pi node labels drawn from deterministic global shuffle,synthetic_control_only
sigma_pi_label_shuffle_control__c60,sigma_pi_label_shuffle_control,c60,sigma_pi_label_shuffle_control__c60:C60_11,c60:C60_11,C60_11,C,sp2,0,unsaturated_fullerene_sp2,none,curved_fullerene_sigma_cage,curved_fullerene_cage,-0.403548212335,-0.854728829825,0.326477361829,sigma/pi node labels drawn from deterministic global shuffle,synthetic_control_only
sigma_pi_label_shuffle_control__c60,sigma_pi_label_shuffle_control,c60,sigma_pi_label_shuffle_control__c60:C60_12,c60:C60_12,C60_12,C,sp2,0,unsaturated_fullerene_sp2,curved_fullerene_pi_network,diamondoid_sigma_cage,curved_fullerene_cage,-0.403548212335,-0.854728829825,-0.326477361829,sigma/pi node labels drawn from deterministic global shuffle,synthetic_control_only
sigma_pi_label_shuffle_control__c60,sigma_pi_label_shuffle_control,c60,sigma_pi_label_shuffle_control__c60:C60_13,c60:C60_13,C60_13,C,sp2,0,unsaturated_fullerene_sp2,curved_fullerene_pi_network,diamondoid_sigma_cage,curved_fullerene_cage,-0.730025574164,-0.652954723658,-0.201774106168,sigma/pi node labels drawn from deterministic global shuffle,synthetic_control_only
sigma_pi_label_shuffle_control__c60,sigma_pi_label_shuffle_control,c60,sigma_pi_label_shuffle_control__c60:C60_14,c60:C60_14,C60_14,C,sp2,0,unsaturated_fullerene_sp2,curved_fullerene_pi_network,curved_fullerene_sigma_cage,curved_fullerene_cage,-0.730025574164,-0.652954723658,0.201774106168,sigma/pi node labels drawn from deterministic global shuffle,synthetic_control_only
sigma_pi_label_shuffle_control__c60,sigma_pi_label_shuffle_control,c60,sigma_pi_label_shuffle_control__c60:C60_15,c60:C60_15,C60_15,C,sp2,0,unsaturated_fullerene_sp2,planar_aromatic_pi_ring,curved_fullerene_sigma_cage,curved_fullerene_cage,0.201774106168,-0.979432085486,0.0,sigma/pi node labels drawn from deterministic global shuffle,synthetic_control_only
sigma_pi_label_shuffle_control__c60,sigma_pi_label_shuffle_control,c60,sigma_pi_label_shuffle_control__c60:C60_16,c60:C60_16,C60_16,C,sp2,0,unsaturated_fullerene_sp2,none,curved_fullerene_sigma_cage,curved_fullerene_cage,0.403548212335,-0.854728829825,0.326477361829,sigma/pi node labels drawn from deterministic global shuffle,synthetic_control_only
sigma_pi_label_shuffle_control__c60,sigma_pi_label_shuffle_control,c60,sigma_pi_label_shuffle_control__c60:C60_17,c60:C60_17,C60_17,C,sp2,0,unsaturated_fullerene_sp2,curved_fullerene_pi_network,curved_fullerene_sigma_cage,curved_fullerene_cage,0.403548212335,-0.854728829825,-0.326477361829,sigma/pi node labels drawn from deterministic global shuffle,synthetic_control_only
sigma_pi_label_shuffle_control__c60,sigma_pi_label_shuffle_control,c60,sigma_pi_label_shuffle_control__c60:C60_18,c60:C60_18,C60_18,C,sp2,0,unsaturated_fullerene_sp2,none,curved_fullerene_sigma_cage,curved_fullerene_cage,0.730025574164,-0.652954723658,-0.201774106168,sigma/pi node labels drawn from deterministic global shuffle,synthetic_control_only
sigma_pi_label_shuffle_control__c60,sigma_pi_label_shuffle_control,c60,sigma_pi_label_shuffle_control__c60:C60_19,c60:C60_19,C60_19,C,sp2,0,unsaturated_fullerene_sp2,none,curved_fullerene_sigma_cage,curved_fullerene_cage,0.730025574164,-0.652954723658,0.201774106168,sigma/pi node labels drawn from deterministic global shuffle,synthetic_control_only
sigma_pi_label_shuffle_control__c60,sigma_pi_label_shuffle_control,c60,sigma_pi_label_shuffle_control__c60:C60_20,c60:C60_20,C60_20,C,sp2,0,unsaturated_fullerene_sp2,curved_fullerene_pi_network,planar_ring_sigma_framework,curved_fullerene_cage,-0.201774106168,-0.730025574164,0.652954723658,sigma/pi node labels drawn from deterministic global shuffle,synthetic_control_only
sigma_pi_label_shuffle_control__c60,sigma_pi_label_shuffle_control,c60,sigma_pi_label_shuffle_control__c60:C60_21,c60:C60_21,C60_21,C,sp2,0,unsaturated_fullerene_sp2,curved_fullerene_pi_network,curved_fullerene_sigma_cage,curved_fullerene_cage,0.201774106168,-0.730025574164,0.652954723658,sigma/pi node labels drawn from deterministic global shuffle,synthetic_control_only
sigma_pi_label_shuffle_control__c60,sigma_pi_label_shuffle_control,c60,sigma_pi_label_shuffle_control__c60:C60_22,c60:C60_22,C60_22,C,sp2,0,unsaturated_fullerene_sp2,curved_fullerene_pi_network,curved_fullerene_sigma_cage,curved_fullerene_cage,0.0,-0.201774106168,0.979432085486,sigma/pi node labels drawn from deterministic global shuffle,synthetic_control_only
sigma_pi_label_shuffle_control__c60,sigma_pi_label_shuffle_control,c60,sigma_pi_label_shuffle_control__c60:C60_23,c60:C60_23,C60_23,C,sp2,0,unsaturated_fullerene_sp2,curved_fullerene_pi_network,diamondoid_sigma_cage,curved_fullerene_cage,0.326477361829,-0.403548212335,0.854728829825,sigma/pi node labels drawn from deterministic global shuffle,synthetic_control_only
sigma_pi_label_shuffle_control__c60,sigma_pi_label_shuffle_control,c60,sigma_pi_label_shuffle_control__c60:C60_24,c60:C60_24,C60_24,C,sp2,0,unsaturated_fullerene_sp2,curved_fullerene_pi_network,curved_fullerene_sigma_cage,curved_fullerene_cage,-0.326477361829,-0.403548212335,0.854728829825,sigma/pi node labels drawn from deterministic global shuffle,synthetic_control_only
sigma_pi_label_shuffle_control__c60,sigma_pi_label_shuffle_control,c60,sigma_pi_label_shuffle_control__c60:C60_25,c60:C60_25,C60_25,C,sp2,0,unsaturated_fullerene_sp2,planar_aromatic_pi_ring,curved_fullerene_sigma_cage,curved_fullerene_cage,-0.201774106168,0.730025574164,0.652954723658,sigma/pi node labels drawn from deterministic global shuffle,synthetic_control_only
sigma_pi_label_shuffle_control__c60,sigma_pi_label_shuffle_control,c60,sigma_pi_label_shuffle_control__c60:C60_26,c60:C60_26,C60_26,C,sp2,0,unsaturated_fullerene_sp2,curved_fullerene_pi_network,curved_fullerene_sigma_cage,curved_fullerene_cage,0.201774106168,0.730025574164,0.652954723658,sigma/pi node labels drawn from deterministic global shuffle,synthetic_control_only
sigma_pi_label_shuffle_control__c60,sigma_pi_label_shuffle_control,c60,sigma_pi_label_shuffle_control__c60:C60_27,c60:C60_27,C60_27,C,sp2,0,unsaturated_fullerene_sp2,curved_fullerene_pi_network,curved_fullerene_sigma_cage,curved_fullerene_cage,0.0,0.201774106168,0.979432085486,sigma/pi node labels drawn from deterministic global shuffle,synthetic_control_only
sigma_pi_label_shuffle_control__c60,sigma_pi_label_shuffle_control,c60,sigma_pi_label_shuffle_control__c60:C60_28,c60:C60_28,C60_28,C,sp2,0,unsaturated_fullerene_sp2,curved_fullerene_pi_network,curved_fullerene_sigma_cage,curved_fullerene_cage,0.326477361829,0.403548212335,0.854728829825,sigma/pi node labels drawn from deterministic global shuffle,synthetic_control_only
sigma_pi_label_shuffle_control__c60,sigma_pi_label_shuffle_control,c60,sigma_pi_label_shuffle_control__c60:C60_29,c60:C60_29,C60_29,C,sp2,0,unsaturated_fullerene_sp2,none,curved_fullerene_sigma_cage,curved_fullerene_cage,-0.326477361829,0.403548212335,0.854728829825,sigma/pi node labels drawn from deterministic global shuffle,synthetic_control_only
sigma_pi_label_shuffle_control__c60,sigma_pi_label_shuffle_control,c60,sigma_pi_label_shuffle_control__c60:C60_30,c60:C60_30,C60_30,C,sp2,0,unsaturated_fullerene_sp2,curved_fullerene_pi_network,curved_fullerene_sigma_cage,curved_fullerene_cage,-0.201774106168,-0.730025574164,-0.652954723658,sigma/pi node labels drawn from deterministic global shuffle,synthetic_control_only
sigma_pi_label_shuffle_control__c60,sigma_pi_label_shuffle_control,c60,sigma_pi_label_shuffle_control__c60:C60_31,c60:C60_31,C60_31,C,sp2,0,unsaturated_fullerene_sp2,curved_fullerene_pi_network,curved_fullerene_sigma_cage,curved_fullerene_cage,0.201774106168,-0.730025574164,-0.652954723658,sigma/pi node labels drawn from deterministic global shuffle,synthetic_control_only
sigma_pi_label_shuffle_control__c60,sigma_pi_label_shuffle_control,c60,sigma_pi_label_shuffle_control__c60:C60_32,c60:C60_32,C60_32,C,sp2,0,unsaturated_fullerene_sp2,curved_fullerene_pi_network,curved_fullerene_sigma_cage,curved_fullerene_cage,0.0,-0.201774106168,-0.979432085486,sigma/pi node labels drawn from deterministic global shuffle,synthetic_control_only
sigma_pi_label_shuffle_control__c60,sigma_pi_label_shuffle_control,c60,sigma_pi_label_shuffle_control__c60:C60_33,c60:C60_33,C60_33,C,sp2,0,unsaturated_fullerene_sp2,curved_fullerene_pi_network,curved_fullerene_sigma_cage,curved_fullerene_cage,0.326477361829,-0.403548212335,-0.854728829825,sigma/pi node labels drawn from deterministic global shuffle,synthetic_control_only
sigma_pi_label_shuffle_control__c60,sigma_pi_label_shuffle_control,c60,sigma_pi_label_shuffle_control__c60:C60_34,c60:C60_34,C60_34,C,sp2,0,unsaturated_fullerene_sp2,linear_triple_bond_pi_pair,curved_fullerene_sigma_cage,curved_fullerene_cage,-0.326477361829,-0.403548212335,-0.854728829825,sigma/pi node labels drawn from deterministic global shuffle,synthetic_control_only
sigma_pi_label_shuffle_control__c60,sigma_pi_label_shuffle_control,c60,sigma_pi_label_shuffle_control__c60:C60_35,c60:C60_35,C60_35,C,sp2,0,unsaturated_fullerene_sp2,curved_fullerene_pi_network,planar_ring_sigma_framework,curved_fullerene_cage,-0.201774106168,0.730025574164,-0.652954723658,sigma/pi node labels drawn from deterministic global shuffle,synthetic_control_only
sigma_pi_label_shuffle_control__c60,sigma_pi_label_shuffle_control,c60,sigma_pi_label_shuffle_control__c60:C60_36,c60:C60_36,C60_36,C,sp2,0,unsaturated_fullerene_sp2,curved_fullerene_pi_network,curved_fullerene_sigma_cage,curved_fullerene_cage,0.201774106168,0.730025574164,-0.652954723658,sigma/pi node labels drawn from deterministic global shuffle,synthetic_control_only
sigma_pi_label_shuffle_control__c60,sigma_pi_label_shuffle_control,c60,sigma_pi_label_shuffle_control__c60:C60_37,c60:C60_37,C60_37,C,sp2,0,unsaturated_fullerene_sp2,curved_fullerene_pi_network,curved_fullerene_sigma_cage,curved_fullerene_cage,0.0,0.201774106168,-0.979432085486,sigma/pi node labels drawn from deterministic global shuffle,synthetic_control_only
sigma_pi_label_shuffle_control__c60,sigma_pi_label_shuffle_control,c60,sigma_pi_label_shuffle_control__c60:C60_38,c60:C60_38,C60_38,C,sp2,0,unsaturated_fullerene_sp2,curved_fullerene_pi_network,curved_fullerene_sigma_cage,curved_fullerene_cage,0.326477361829,0.403548212335,-0.854728829825,sigma/pi node labels drawn from deterministic global shuffle,synthetic_control_only
sigma_pi_label_shuffle_control__c60,sigma_pi_label_shuffle_control,c60,sigma_pi_label_shuffle_control__c60:C60_39,c60:C60_39,C60_39,C,sp2,0,unsaturated_fullerene_sp2,curved_fullerene_pi_network,curved_fullerene_sigma_cage,curved_fullerene_cage,-0.326477361829,0.403548212335,-0.854728829825,sigma/pi node labels drawn from deterministic global shuffle,synthetic_control_only
sigma_pi_label_shuffle_control__c60,sigma_pi_label_shuffle_control,c60,sigma_pi_label_shuffle_control__c60:C60_40,c60:C60_40,C60_40,C,sp2,0,unsaturated_fullerene_sp2,curved_fullerene_pi_network,diamondoid_sigma_cage,curved_fullerene_cage,0.854728829825,0.326477361829,-0.403548212335,sigma/pi node labels drawn from deterministic global shuffle,synthetic_control_only
sigma_pi_label_shuffle_control__c60,sigma_pi_label_shuffle_control,c60,sigma_pi_label_shuffle_control__c60:C60_41,c60:C60_41,C60_41,C,sp2,0,unsaturated_fullerene_sp2,curved_fullerene_pi_network,diamondoid_sigma_cage,curved_fullerene_cage,0.854728829825,-0.326477361829,-0.403548212335,sigma/pi node labels drawn from deterministic global shuffle,synthetic_control_only
sigma_pi_label_shuffle_control__c60,sigma_pi_label_shuffle_control,c60,sigma_pi_label_shuffle_control__c60:C60_42,c60:C60_42,C60_42,C,sp2,0,unsaturated_fullerene_sp2,planar_aromatic_pi_ring,planar_ring_sigma_framework,curved_fullerene_cage,0.652954723658,-0.201774106168,-0.730025574164,sigma/pi node labels drawn from deterministic global shuffle,synthetic_control_only
sigma_pi_label_shuffle_control__c60,sigma_pi_label_shuffle_control,c60,sigma_pi_label_shuffle_control__c60:C60_43,c60:C60_43,C60_43,C,sp2,0,unsaturated_fullerene_sp2,curved_fullerene_pi_network,curved_fullerene_sigma_cage,curved_fullerene_cage,0.652954723658,0.201774106168,-0.730025574164,sigma/pi node labels drawn from deterministic global shuffle,synthetic_control_only
sigma_pi_label_shuffle_control__c60,sigma_pi_label_shuffle_control,c60,sigma_pi_label_shuffle_control__c60:C60_44,c60:C60_44,C60_44,C,sp2,0,unsaturated_fullerene_sp2,curved_fullerene_pi_network,curved_fullerene_sigma_cage,curved_fullerene_cage,0.979432085486,0.0,-0.201774106168,sigma/pi node labels drawn from deterministic global shuffle,synthetic_control_only
sigma_pi_label_shuffle_control__c60,sigma_pi_label_shuffle_control,c60,sigma_pi_label_shuffle_control__c60:C60_45,c60:C60_45,C60_45,C,sp2,0,unsaturated_fullerene_sp2,curved_fullerene_pi_network,planar_ring_sigma_framework,curved_fullerene_cage,0.854728829825,0.326477361829,0.403548212335,sigma/pi node labels drawn from deterministic global shuffle,synthetic_control_only
sigma_pi_label_shuffle_control__c60,sigma_pi_label_shuffle_control,c60,sigma_pi_label_shuffle_control__c60:C60_46,c60:C60_46,C60_46,C,sp2,0,unsaturated_fullerene_sp2,curved_fullerene_pi_network,planar_ring_sigma_framework,curved_fullerene_cage,0.854728829825,-0.326477361829,0.403548212335,sigma/pi node labels drawn from deterministic global shuffle,synthetic_control_only
sigma_pi_label_shuffle_control__c60,sigma_pi_label_shuffle_control,c60,sigma_pi_label_shuffle_control__c60:C60_47,c60:C60_47,C60_47,C,sp2,0,unsaturated_fullerene_sp2,curved_fullerene_pi_network,curved_fullerene_sigma_cage,curved_fullerene_cage,0.652954723658,-0.201774106168,0.730025574164,sigma/pi node labels drawn from deterministic global shuffle,synthetic_control_only
sigma_pi_label_shuffle_control__c60,sigma_pi_label_shuffle_control,c60,sigma_pi_label_shuffle_control__c60:C60_48,c60:C60_48,C60_48,C,sp2,0,unsaturated_fullerene_sp2,none,diamondoid_sigma_cage,curved_fullerene_cage,0.652954723658,0.201774106168,0.730025574164,sigma/pi node labels drawn from deterministic global shuffle,synthetic_control_only
sigma_pi_label_shuffle_control__c60,sigma_pi_label_shuffle_control,c60,sigma_pi_label_shuffle_control__c60:C60_49,c60:C60_49,C60_49,C,sp2,0,unsaturated_fullerene_sp2,curved_fullerene_pi_network,curved_fullerene_sigma_cage,curved_fullerene_cage,0.979432085486,0.0,0.201774106168,sigma/pi node labels drawn from deterministic global shuffle,synthetic_control_only
sigma_pi_label_shuffle_control__c60,sigma_pi_label_shuffle_control,c60,sigma_pi_label_shuffle_control__c60:C60_50,c60:C60_50,C60_50,C,sp2,0,unsaturated_fullerene_sp2,curved_fullerene_pi_network,curved_fullerene_sigma_cage,curved_fullerene_cage,-0.854728829825,0.326477361829,-0.403548212335,sigma/pi node labels drawn from deterministic global shuffle,synthetic_control_only
sigma_pi_label_shuffle_control__c60,sigma_pi_label_shuffle_control,c60,sigma_pi_label_shuffle_control__c60:C60_51,c60:C60_51,C60_51,C,sp2,0,unsaturated_fullerene_sp2,curved_fullerene_pi_network,diamondoid_sigma_cage,curved_fullerene_cage,-0.854728829825,-0.326477361829,-0.403548212335,sigma/pi node labels drawn from deterministic global shuffle,synthetic_control_only
sigma_pi_label_shuffle_control__c60,sigma_pi_label_shuffle_control,c60,sigma_pi_label_shuffle_control__c60:C60_52,c60:C60_52,C60_52,C,sp2,0,unsaturated_fullerene_sp2,curved_fullerene_pi_network,curved_fullerene_sigma_cage,curved_fullerene_cage,-0.652954723658,-0.201774106168,-0.730025574164,sigma/pi node labels drawn from deterministic global shuffle,synthetic_control_only
sigma_pi_label_shuffle_control__c60,sigma_pi_label_shuffle_control,c60,sigma_pi_label_shuffle_control__c60:C60_53,c60:C60_53,C60_53,C,sp2,0,unsaturated_fullerene_sp2,curved_fullerene_pi_network,curved_fullerene_sigma_cage,curved_fullerene_cage,-0.652954723658,0.201774106168,-0.730025574164,sigma/pi node labels drawn from deterministic global shuffle,synthetic_control_only
sigma_pi_label_shuffle_control__c60,sigma_pi_label_shuffle_control,c60,sigma_pi_label_shuffle_control__c60:C60_54,c60:C60_54,C60_54,C,sp2,0,unsaturated_fullerene_sp2,curved_fullerene_pi_network,curved_fullerene_sigma_cage,curved_fullerene_cage,-0.979432085486,0.0,-0.201774106168,sigma/pi node labels drawn from deterministic global shuffle,synthetic_control_only
sigma_pi_label_shuffle_control__c60,sigma_pi_label_shuffle_control,c60,sigma_pi_label_shuffle_control__c60:C60_55,c60:C60_55,C60_55,C,sp2,0,unsaturated_fullerene_sp2,curved_fullerene_pi_network,curved_fullerene_sigma_cage,curved_fullerene_cage,-0.854728829825,0.326477361829,0.403548212335,sigma/pi node labels drawn from deterministic global shuffle,synthetic_control_only
sigma_pi_label_shuffle_control__c60,sigma_pi_label_shuffle_control,c60,sigma_pi_label_shuffle_control__c60:C60_56,c60:C60_56,C60_56,C,sp2,0,unsaturated_fullerene_sp2,curved_fullerene_pi_network,curved_fullerene_sigma_cage,curved_fullerene_cage,-0.854728829825,-0.326477361829,0.403548212335,sigma/pi node labels drawn from deterministic global shuffle,synthetic_control_only
sigma_pi_label_shuffle_control__c60,sigma_pi_label_shuffle_control,c60,sigma_pi_label_shuffle_control__c60:C60_57,c60:C60_57,C60_57,C,sp2,0,unsaturated_fullerene_sp2,curved_fullerene_pi_network,curved_fullerene_sigma_cage,curved_fullerene_cage,-0.652954723658,-0.201774106168,0.730025574164,sigma/pi node labels drawn from deterministic global shuffle,synthetic_control_only
sigma_pi_label_shuffle_control__c60,sigma_pi_label_shuffle_control,c60,sigma_pi_label_shuffle_control__c60:C60_58,c60:C60_58,C60_58,C,sp2,0,unsaturated_fullerene_sp2,planar_aromatic_pi_ring,curved_fullerene_sigma_cage,curved_fullerene_cage,-0.652954723658,0.201774106168,0.730025574164,sigma/pi node labels drawn from deterministic global shuffle,synthetic_control_only
sigma_pi_label_shuffle_control__c60,sigma_pi_label_shuffle_control,c60,sigma_pi_label_shuffle_control__c60:C60_59,c60:C60_59,C60_59,C,sp2,0,unsaturated_fullerene_sp2,curved_fullerene_pi_network,curved_fullerene_sigma_cage,curved_fullerene_cage,-0.979432085486,0.0,0.201774106168,sigma/pi node labels drawn from deterministic global shuffle,synthetic_control_only
sigma_pi_label_shuffle_control__ethyne,sigma_pi_label_shuffle_control,ethyne,sigma_pi_label_shuffle_control__ethyne:Eth_00,ethyne:Eth_00,Eth_00,C,sp,1,unsaturated,curved_fullerene_pi_network,curved_fullerene_sigma_cage,linear_sp_carbon_wire,-0.5,0.0,0.0,sigma/pi node labels drawn from deterministic global shuffle,synthetic_control_only
sigma_pi_label_shuffle_control__ethyne,sigma_pi_label_shuffle_control,ethyne,sigma_pi_label_shuffle_control__ethyne:Eth_01,ethyne:Eth_01,Eth_01,C,sp,1,unsaturated,curved_fullerene_pi_network,curved_fullerene_sigma_cage,linear_sp_carbon_wire,0.5,0.0,0.0,sigma/pi node labels drawn from deterministic global shuffle,synthetic_control_only
topology_matched_random_control__adamantane,topology_matched_random_control,adamantane,topology_matched_random_control__adamantane:Ada_00,adamantane:Ada_00,Ada_00,C,sp3,1,saturated,none,diamondoid_sigma_cage,topology_matched_random_control,1.0,1.0,1.0,node labels retained but topology class marked randomized,synthetic_control_only
topology_matched_random_control__adamantane,topology_matched_random_control,adamantane,topology_matched_random_control__adamantane:Ada_01,adamantane:Ada_01,Ada_01,C,sp3,1,saturated,none,diamondoid_sigma_cage,topology_matched_random_control,1.0,-1.0,-1.0,node labels retained but topology class marked randomized,synthetic_control_only
topology_matched_random_control__adamantane,topology_matched_random_control,adamantane,topology_matched_random_control__adamantane:Ada_02,adamantane:Ada_02,Ada_02,C,sp3,1,saturated,none,diamondoid_sigma_cage,topology_matched_random_control,-1.0,1.0,-1.0,node labels retained but topology class marked randomized,synthetic_control_only
topology_matched_random_control__adamantane,topology_matched_random_control,adamantane,topology_matched_random_control__adamantane:Ada_03,adamantane:Ada_03,Ada_03,C,sp3,1,saturated,none,diamondoid_sigma_cage,topology_matched_random_control,-1.0,-1.0,1.0,node labels retained but topology class marked randomized,synthetic_control_only
topology_matched_random_control__adamantane,topology_matched_random_control,adamantane,topology_matched_random_control__adamantane:Ada_04,adamantane:Ada_04,Ada_04,C,sp3,2,saturated,none,diamondoid_sigma_cage,topology_matched_random_control,1.0,0.0,0.0,node labels retained but topology class marked randomized,synthetic_control_only
topology_matched_random_control__adamantane,topology_matched_random_control,adamantane,topology_matched_random_control__adamantane:Ada_05,adamantane:Ada_05,Ada_05,C,sp3,2,saturated,none,diamondoid_sigma_cage,topology_matched_random_control,0.0,1.0,0.0,node labels retained but topology class marked randomized,synthetic_control_only
topology_matched_random_control__adamantane,topology_matched_random_control,adamantane,topology_matched_random_control__adamantane:Ada_06,adamantane:Ada_06,Ada_06,C,sp3,2,saturated,none,diamondoid_sigma_cage,topology_matched_random_control,0.0,0.0,1.0,node labels retained but topology class marked randomized,synthetic_control_only
topology_matched_random_control__adamantane,topology_matched_random_control,adamantane,topology_matched_random_control__adamantane:Ada_07,adamantane:Ada_07,Ada_07,C,sp3,2,saturated,none,diamondoid_sigma_cage,topology_matched_random_control,0.0,0.0,-1.0,node labels retained but topology class marked randomized,synthetic_control_only
topology_matched_random_control__adamantane,topology_matched_random_control,adamantane,topology_matched_random_control__adamantane:Ada_08,adamantane:Ada_08,Ada_08,C,sp3,2,saturated,none,diamondoid_sigma_cage,topology_matched_random_control,0.0,-1.0,0.0,node labels retained but topology class marked randomized,synthetic_control_only
topology_matched_random_control__adamantane,topology_matched_random_control,adamantane,topology_matched_random_control__adamantane:Ada_09,adamantane:Ada_09,Ada_09,C,sp3,2,saturated,none,diamondoid_sigma_cage,topology_matched_random_control,-1.0,0.0,0.0,node labels retained but topology class marked randomized,synthetic_control_only
topology_matched_random_control__benzene,topology_matched_random_control,benzene,topology_matched_random_control__benzene:Bz_00,benzene:Bz_00,Bz_00,C,sp2,1,aromatic_unsaturated,planar_aromatic_pi_ring,planar_ring_sigma_framework,topology_matched_random_control,1.0,0.0,0.0,node labels retained but topology class marked randomized,synthetic_control_only
topology_matched_random_control__benzene,topology_matched_random_control,benzene,topology_matched_random_control__benzene:Bz_01,benzene:Bz_01,Bz_01,C,sp2,1,aromatic_unsaturated,planar_aromatic_pi_ring,planar_ring_sigma_framework,topology_matched_random_control,0.5,0.866025403784,0.0,node labels retained but topology class marked randomized,synthetic_control_only
topology_matched_random_control__benzene,topology_matched_random_control,benzene,topology_matched_random_control__benzene:Bz_02,benzene:Bz_02,Bz_02,C,sp2,1,aromatic_unsaturated,planar_aromatic_pi_ring,planar_ring_sigma_framework,topology_matched_random_control,-0.5,0.866025403784,0.0,node labels retained but topology class marked randomized,synthetic_control_only
topology_matched_random_control__benzene,topology_matched_random_control,benzene,topology_matched_random_control__benzene:Bz_03,benzene:Bz_03,Bz_03,C,sp2,1,aromatic_unsaturated,planar_aromatic_pi_ring,planar_ring_sigma_framework,topology_matched_random_control,-1.0,0.0,0.0,node labels retained but topology class marked randomized,synthetic_control_only
topology_matched_random_control__benzene,topology_matched_random_control,benzene,topology_matched_random_control__benzene:Bz_04,benzene:Bz_04,Bz_04,C,sp2,1,aromatic_unsaturated,planar_aromatic_pi_ring,planar_ring_sigma_framework,topology_matched_random_control,-0.5,-0.866025403784,0.0,node labels retained but topology class marked randomized,synthetic_control_only
topology_matched_random_control__benzene,topology_matched_random_control,benzene,topology_matched_random_control__benzene:Bz_05,benzene:Bz_05,Bz_05,C,sp2,1,aromatic_unsaturated,planar_aromatic_pi_ring,planar_ring_sigma_framework,topology_matched_random_control,0.5,-0.866025403784,0.0,node labels retained but topology class marked randomized,synthetic_control_only
topology_matched_random_control__c60,topology_matched_random_control,c60,topology_matched_random_control__c60:C60_00,c60:C60_00,C60_00,C,sp2,0,unsaturated_fullerene_sp2,curved_fullerene_pi_network,curved_fullerene_sigma_cage,topology_matched_random_control,-0.201774106168,0.979432085486,0.0,node labels retained but topology class marked randomized,synthetic_control_only
topology_matched_random_control__c60,topology_matched_random_control,c60,topology_matched_random_control__c60:C60_01,c60:C60_01,C60_01,C,sp2,0,unsaturated_fullerene_sp2,curved_fullerene_pi_network,curved_fullerene_sigma_cage,topology_matched_random_control,-0.403548212335,0.854728829825,0.326477361829,node labels retained but topology class marked randomized,synthetic_control_only
topology_matched_random_control__c60,topology_matched_random_control,c60,topology_matched_random_control__c60:C60_02,c60:C60_02,C60_02,C,sp2,0,unsaturated_fullerene_sp2,curved_fullerene_pi_network,curved_fullerene_sigma_cage,topology_matched_random_control,-0.403548212335,0.854728829825,-0.326477361829,node labels retained but topology class marked randomized,synthetic_control_only
topology_matched_random_control__c60,topology_matched_random_control,c60,topology_matched_random_control__c60:C60_03,c60:C60_03,C60_03,C,sp2,0,unsaturated_fullerene_sp2,curved_fullerene_pi_network,curved_fullerene_sigma_cage,topology_matched_random_control,-0.730025574164,0.652954723658,-0.201774106168,node labels retained but topology class marked randomized,synthetic_control_only
topology_matched_random_control__c60,topology_matched_random_control,c60,topology_matched_random_control__c60:C60_04,c60:C60_04,C60_04,C,sp2,0,unsaturated_fullerene_sp2,curved_fullerene_pi_network,curved_fullerene_sigma_cage,topology_matched_random_control,-0.730025574164,0.652954723658,0.201774106168,node labels retained but topology class marked randomized,synthetic_control_only
topology_matched_random_control__c60,topology_matched_random_control,c60,topology_matched_random_control__c60:C60_05,c60:C60_05,C60_05,C,sp2,0,unsaturated_fullerene_sp2,curved_fullerene_pi_network,curved_fullerene_sigma_cage,topology_matched_random_control,0.201774106168,0.979432085486,0.0,node labels retained but topology class marked randomized,synthetic_control_only
topology_matched_random_control__c60,topology_matched_random_control,c60,topology_matched_random_control__c60:C60_06,c60:C60_06,C60_06,C,sp2,0,unsaturated_fullerene_sp2,curved_fullerene_pi_network,curved_fullerene_sigma_cage,topology_matched_random_control,0.403548212335,0.854728829825,0.326477361829,node labels retained but topology class marked randomized,synthetic_control_only
topology_matched_random_control__c60,topology_matched_random_control,c60,topology_matched_random_control__c60:C60_07,c60:C60_07,C60_07,C,sp2,0,unsaturated_fullerene_sp2,curved_fullerene_pi_network,curved_fullerene_sigma_cage,topology_matched_random_control,0.403548212335,0.854728829825,-0.326477361829,node labels retained but topology class marked randomized,synthetic_control_only
topology_matched_random_control__c60,topology_matched_random_control,c60,topology_matched_random_control__c60:C60_08,c60:C60_08,C60_08,C,sp2,0,unsaturated_fullerene_sp2,curved_fullerene_pi_network,curved_fullerene_sigma_cage,topology_matched_random_control,0.730025574164,0.652954723658,-0.201774106168,node labels retained but topology class marked randomized,synthetic_control_only
topology_matched_random_control__c60,topology_matched_random_control,c60,topology_matched_random_control__c60:C60_09,c60:C60_09,C60_09,C,sp2,0,unsaturated_fullerene_sp2,curved_fullerene_pi_network,curved_fullerene_sigma_cage,topology_matched_random_control,0.730025574164,0.652954723658,0.201774106168,node labels retained but topology class marked randomized,synthetic_control_only
topology_matched_random_control__c60,topology_matched_random_control,c60,topology_matched_random_control__c60:C60_10,c60:C60_10,C60_10,C,sp2,0,unsaturated_fullerene_sp2,curved_fullerene_pi_network,curved_fullerene_sigma_cage,topology_matched_random_control,-0.201774106168,-0.979432085486,0.0,node labels retained but topology class marked randomized,synthetic_control_only
topology_matched_random_control__c60,topology_matched_random_control,c60,topology_matched_random_control__c60:C60_11,c60:C60_11,C60_11,C,sp2,0,unsaturated_fullerene_sp2,curved_fullerene_pi_network,curved_fullerene_sigma_cage,topology_matched_random_control,-0.403548212335,-0.854728829825,0.326477361829,node labels retained but topology class marked randomized,synthetic_control_only
topology_matched_random_control__c60,topology_matched_random_control,c60,topology_matched_random_control__c60:C60_12,c60:C60_12,C60_12,C,sp2,0,unsaturated_fullerene_sp2,curved_fullerene_pi_network,curved_fullerene_sigma_cage,topology_matched_random_control,-0.403548212335,-0.854728829825,-0.326477361829,node labels retained but topology class marked randomized,synthetic_control_only
topology_matched_random_control__c60,topology_matched_random_control,c60,topology_matched_random_control__c60:C60_13,c60:C60_13,C60_13,C,sp2,0,unsaturated_fullerene_sp2,curved_fullerene_pi_network,curved_fullerene_sigma_cage,topology_matched_random_control,-0.730025574164,-0.652954723658,-0.201774106168,node labels retained but topology class marked randomized,synthetic_control_only
topology_matched_random_control__c60,topology_matched_random_control,c60,topology_matched_random_control__c60:C60_14,c60:C60_14,C60_14,C,sp2,0,unsaturated_fullerene_sp2,curved_fullerene_pi_network,curved_fullerene_sigma_cage,topology_matched_random_control,-0.730025574164,-0.652954723658,0.201774106168,node labels retained but topology class marked randomized,synthetic_control_only
topology_matched_random_control__c60,topology_matched_random_control,c60,topology_matched_random_control__c60:C60_15,c60:C60_15,C60_15,C,sp2,0,unsaturated_fullerene_sp2,curved_fullerene_pi_network,curved_fullerene_sigma_cage,topology_matched_random_control,0.201774106168,-0.979432085486,0.0,node labels retained but topology class marked randomized,synthetic_control_only
topology_matched_random_control__c60,topology_matched_random_control,c60,topology_matched_random_control__c60:C60_16,c60:C60_16,C60_16,C,sp2,0,unsaturated_fullerene_sp2,curved_fullerene_pi_network,curved_fullerene_sigma_cage,topology_matched_random_control,0.403548212335,-0.854728829825,0.326477361829,node labels retained but topology class marked randomized,synthetic_control_only
topology_matched_random_control__c60,topology_matched_random_control,c60,topology_matched_random_control__c60:C60_17,c60:C60_17,C60_17,C,sp2,0,unsaturated_fullerene_sp2,curved_fullerene_pi_network,curved_fullerene_sigma_cage,topology_matched_random_control,0.403548212335,-0.854728829825,-0.326477361829,node labels retained but topology class marked randomized,synthetic_control_only
topology_matched_random_control__c60,topology_matched_random_control,c60,topology_matched_random_control__c60:C60_18,c60:C60_18,C60_18,C,sp2,0,unsaturated_fullerene_sp2,curved_fullerene_pi_network,curved_fullerene_sigma_cage,topology_matched_random_control,0.730025574164,-0.652954723658,-0.201774106168,node labels retained but topology class marked randomized,synthetic_control_only
topology_matched_random_control__c60,topology_matched_random_control,c60,topology_matched_random_control__c60:C60_19,c60:C60_19,C60_19,C,sp2,0,unsaturated_fullerene_sp2,curved_fullerene_pi_network,curved_fullerene_sigma_cage,topology_matched_random_control,0.730025574164,-0.652954723658,0.201774106168,node labels retained but topology class marked randomized,synthetic_control_only
topology_matched_random_control__c60,topology_matched_random_control,c60,topology_matched_random_control__c60:C60_20,c60:C60_20,C60_20,C,sp2,0,unsaturated_fullerene_sp2,curved_fullerene_pi_network,curved_fullerene_sigma_cage,topology_matched_random_control,-0.201774106168,-0.730025574164,0.652954723658,node labels retained but topology class marked randomized,synthetic_control_only
topology_matched_random_control__c60,topology_matched_random_control,c60,topology_matched_random_control__c60:C60_21,c60:C60_21,C60_21,C,sp2,0,unsaturated_fullerene_sp2,curved_fullerene_pi_network,curved_fullerene_sigma_cage,topology_matched_random_control,0.201774106168,-0.730025574164,0.652954723658,node labels retained but topology class marked randomized,synthetic_control_only
topology_matched_random_control__c60,topology_matched_random_control,c60,topology_matched_random_control__c60:C60_22,c60:C60_22,C60_22,C,sp2,0,unsaturated_fullerene_sp2,curved_fullerene_pi_network,curved_fullerene_sigma_cage,topology_matched_random_control,0.0,-0.201774106168,0.979432085486,node labels retained but topology class marked randomized,synthetic_control_only
topology_matched_random_control__c60,topology_matched_random_control,c60,topology_matched_random_control__c60:C60_23,c60:C60_23,C60_23,C,sp2,0,unsaturated_fullerene_sp2,curved_fullerene_pi_network,curved_fullerene_sigma_cage,topology_matched_random_control,0.326477361829,-0.403548212335,0.854728829825,node labels retained but topology class marked randomized,synthetic_control_only
topology_matched_random_control__c60,topology_matched_random_control,c60,topology_matched_random_control__c60:C60_24,c60:C60_24,C60_24,C,sp2,0,unsaturated_fullerene_sp2,curved_fullerene_pi_network,curved_fullerene_sigma_cage,topology_matched_random_control,-0.326477361829,-0.403548212335,0.854728829825,node labels retained but topology class marked randomized,synthetic_control_only
topology_matched_random_control__c60,topology_matched_random_control,c60,topology_matched_random_control__c60:C60_25,c60:C60_25,C60_25,C,sp2,0,unsaturated_fullerene_sp2,curved_fullerene_pi_network,curved_fullerene_sigma_cage,topology_matched_random_control,-0.201774106168,0.730025574164,0.652954723658,node labels retained but topology class marked randomized,synthetic_control_only
topology_matched_random_control__c60,topology_matched_random_control,c60,topology_matched_random_control__c60:C60_26,c60:C60_26,C60_26,C,sp2,0,unsaturated_fullerene_sp2,curved_fullerene_pi_network,curved_fullerene_sigma_cage,topology_matched_random_control,0.201774106168,0.730025574164,0.652954723658,node labels retained but topology class marked randomized,synthetic_control_only
topology_matched_random_control__c60,topology_matched_random_control,c60,topology_matched_random_control__c60:C60_27,c60:C60_27,C60_27,C,sp2,0,unsaturated_fullerene_sp2,curved_fullerene_pi_network,curved_fullerene_sigma_cage,topology_matched_random_control,0.0,0.201774106168,0.979432085486,node labels retained but topology class marked randomized,synthetic_control_only
topology_matched_random_control__c60,topology_matched_random_control,c60,topology_matched_random_control__c60:C60_28,c60:C60_28,C60_28,C,sp2,0,unsaturated_fullerene_sp2,curved_fullerene_pi_network,curved_fullerene_sigma_cage,topology_matched_random_control,0.326477361829,0.403548212335,0.854728829825,node labels retained but topology class marked randomized,synthetic_control_only
topology_matched_random_control__c60,topology_matched_random_control,c60,topology_matched_random_control__c60:C60_29,c60:C60_29,C60_29,C,sp2,0,unsaturated_fullerene_sp2,curved_fullerene_pi_network,curved_fullerene_sigma_cage,topology_matched_random_control,-0.326477361829,0.403548212335,0.854728829825,node labels retained but topology class marked randomized,synthetic_control_only
topology_matched_random_control__c60,topology_matched_random_control,c60,topology_matched_random_control__c60:C60_30,c60:C60_30,C60_30,C,sp2,0,unsaturated_fullerene_sp2,curved_fullerene_pi_network,curved_fullerene_sigma_cage,topology_matched_random_control,-0.201774106168,-0.730025574164,-0.652954723658,node labels retained but topology class marked randomized,synthetic_control_only
topology_matched_random_control__c60,topology_matched_random_control,c60,topology_matched_random_control__c60:C60_31,c60:C60_31,C60_31,C,sp2,0,unsaturated_fullerene_sp2,curved_fullerene_pi_network,curved_fullerene_sigma_cage,topology_matched_random_control,0.201774106168,-0.730025574164,-0.652954723658,node labels retained but topology class marked randomized,synthetic_control_only
topology_matched_random_control__c60,topology_matched_random_control,c60,topology_matched_random_control__c60:C60_32,c60:C60_32,C60_32,C,sp2,0,unsaturated_fullerene_sp2,curved_fullerene_pi_network,curved_fullerene_sigma_cage,topology_matched_random_control,0.0,-0.201774106168,-0.979432085486,node labels retained but topology class marked randomized,synthetic_control_only
topology_matched_random_control__c60,topology_matched_random_control,c60,topology_matched_random_control__c60:C60_33,c60:C60_33,C60_33,C,sp2,0,unsaturated_fullerene_sp2,curved_fullerene_pi_network,curved_fullerene_sigma_cage,topology_matched_random_control,0.326477361829,-0.403548212335,-0.854728829825,node labels retained but topology class marked randomized,synthetic_control_only
topology_matched_random_control__c60,topology_matched_random_control,c60,topology_matched_random_control__c60:C60_34,c60:C60_34,C60_34,C,sp2,0,unsaturated_fullerene_sp2,curved_fullerene_pi_network,curved_fullerene_sigma_cage,topology_matched_random_control,-0.326477361829,-0.403548212335,-0.854728829825,node labels retained but topology class marked randomized,synthetic_control_only
topology_matched_random_control__c60,topology_matched_random_control,c60,topology_matched_random_control__c60:C60_35,c60:C60_35,C60_35,C,sp2,0,unsaturated_fullerene_sp2,curved_fullerene_pi_network,curved_fullerene_sigma_cage,topology_matched_random_control,-0.201774106168,0.730025574164,-0.652954723658,node labels retained but topology class marked randomized,synthetic_control_only
topology_matched_random_control__c60,topology_matched_random_control,c60,topology_matched_random_control__c60:C60_36,c60:C60_36,C60_36,C,sp2,0,unsaturated_fullerene_sp2,curved_fullerene_pi_network,curved_fullerene_sigma_cage,topology_matched_random_control,0.201774106168,0.730025574164,-0.652954723658,node labels retained but topology class marked randomized,synthetic_control_only
topology_matched_random_control__c60,topology_matched_random_control,c60,topology_matched_random_control__c60:C60_37,c60:C60_37,C60_37,C,sp2,0,unsaturated_fullerene_sp2,curved_fullerene_pi_network,curved_fullerene_sigma_cage,topology_matched_random_control,0.0,0.201774106168,-0.979432085486,node labels retained but topology class marked randomized,synthetic_control_only
topology_matched_random_control__c60,topology_matched_random_control,c60,topology_matched_random_control__c60:C60_38,c60:C60_38,C60_38,C,sp2,0,unsaturated_fullerene_sp2,curved_fullerene_pi_network,curved_fullerene_sigma_cage,topology_matched_random_control,0.326477361829,0.403548212335,-0.854728829825,node labels retained but topology class marked randomized,synthetic_control_only
topology_matched_random_control__c60,topology_matched_random_control,c60,topology_matched_random_control__c60:C60_39,c60:C60_39,C60_39,C,sp2,0,unsaturated_fullerene_sp2,curved_fullerene_pi_network,curved_fullerene_sigma_cage,topology_matched_random_control,-0.326477361829,0.403548212335,-0.854728829825,node labels retained but topology class marked randomized,synthetic_control_only
topology_matched_random_control__c60,topology_matched_random_control,c60,topology_matched_random_control__c60:C60_40,c60:C60_40,C60_40,C,sp2,0,unsaturated_fullerene_sp2,curved_fullerene_pi_network,curved_fullerene_sigma_cage,topology_matched_random_control,0.854728829825,0.326477361829,-0.403548212335,node labels retained but topology class marked randomized,synthetic_control_only
topology_matched_random_control__c60,topology_matched_random_control,c60,topology_matched_random_control__c60:C60_41,c60:C60_41,C60_41,C,sp2,0,unsaturated_fullerene_sp2,curved_fullerene_pi_network,curved_fullerene_sigma_cage,topology_matched_random_control,0.854728829825,-0.326477361829,-0.403548212335,node labels retained but topology class marked randomized,synthetic_control_only
topology_matched_random_control__c60,topology_matched_random_control,c60,topology_matched_random_control__c60:C60_42,c60:C60_42,C60_42,C,sp2,0,unsaturated_fullerene_sp2,curved_fullerene_pi_network,curved_fullerene_sigma_cage,topology_matched_random_control,0.652954723658,-0.201774106168,-0.730025574164,node labels retained but topology class marked randomized,synthetic_control_only
topology_matched_random_control__c60,topology_matched_random_control,c60,topology_matched_random_control__c60:C60_43,c60:C60_43,C60_43,C,sp2,0,unsaturated_fullerene_sp2,curved_fullerene_pi_network,curved_fullerene_sigma_cage,topology_matched_random_control,0.652954723658,0.201774106168,-0.730025574164,node labels retained but topology class marked randomized,synthetic_control_only
topology_matched_random_control__c60,topology_matched_random_control,c60,topology_matched_random_control__c60:C60_44,c60:C60_44,C60_44,C,sp2,0,unsaturated_fullerene_sp2,curved_fullerene_pi_network,curved_fullerene_sigma_cage,topology_matched_random_control,0.979432085486,0.0,-0.201774106168,node labels retained but topology class marked randomized,synthetic_control_only
topology_matched_random_control__c60,topology_matched_random_control,c60,topology_matched_random_control__c60:C60_45,c60:C60_45,C60_45,C,sp2,0,unsaturated_fullerene_sp2,curved_fullerene_pi_network,curved_fullerene_sigma_cage,topology_matched_random_control,0.854728829825,0.326477361829,0.403548212335,node labels retained but topology class marked randomized,synthetic_control_only
topology_matched_random_control__c60,topology_matched_random_control,c60,topology_matched_random_control__c60:C60_46,c60:C60_46,C60_46,C,sp2,0,unsaturated_fullerene_sp2,curved_fullerene_pi_network,curved_fullerene_sigma_cage,topology_matched_random_control,0.854728829825,-0.326477361829,0.403548212335,node labels retained but topology class marked randomized,synthetic_control_only
topology_matched_random_control__c60,topology_matched_random_control,c60,topology_matched_random_control__c60:C60_47,c60:C60_47,C60_47,C,sp2,0,unsaturated_fullerene_sp2,curved_fullerene_pi_network,curved_fullerene_sigma_cage,topology_matched_random_control,0.652954723658,-0.201774106168,0.730025574164,node labels retained but topology class marked randomized,synthetic_control_only
topology_matched_random_control__c60,topology_matched_random_control,c60,topology_matched_random_control__c60:C60_48,c60:C60_48,C60_48,C,sp2,0,unsaturated_fullerene_sp2,curved_fullerene_pi_network,curved_fullerene_sigma_cage,topology_matched_random_control,0.652954723658,0.201774106168,0.730025574164,node labels retained but topology class marked randomized,synthetic_control_only
topology_matched_random_control__c60,topology_matched_random_control,c60,topology_matched_random_control__c60:C60_49,c60:C60_49,C60_49,C,sp2,0,unsaturated_fullerene_sp2,curved_fullerene_pi_network,curved_fullerene_sigma_cage,topology_matched_random_control,0.979432085486,0.0,0.201774106168,node labels retained but topology class marked randomized,synthetic_control_only
topology_matched_random_control__c60,topology_matched_random_control,c60,topology_matched_random_control__c60:C60_50,c60:C60_50,C60_50,C,sp2,0,unsaturated_fullerene_sp2,curved_fullerene_pi_network,curved_fullerene_sigma_cage,topology_matched_random_control,-0.854728829825,0.326477361829,-0.403548212335,node labels retained but topology class marked randomized,synthetic_control_only
topology_matched_random_control__c60,topology_matched_random_control,c60,topology_matched_random_control__c60:C60_51,c60:C60_51,C60_51,C,sp2,0,unsaturated_fullerene_sp2,curved_fullerene_pi_network,curved_fullerene_sigma_cage,topology_matched_random_control,-0.854728829825,-0.326477361829,-0.403548212335,node labels retained but topology class marked randomized,synthetic_control_only
topology_matched_random_control__c60,topology_matched_random_control,c60,topology_matched_random_control__c60:C60_52,c60:C60_52,C60_52,C,sp2,0,unsaturated_fullerene_sp2,curved_fullerene_pi_network,curved_fullerene_sigma_cage,topology_matched_random_control,-0.652954723658,-0.201774106168,-0.730025574164,node labels retained but topology class marked randomized,synthetic_control_only
topology_matched_random_control__c60,topology_matched_random_control,c60,topology_matched_random_control__c60:C60_53,c60:C60_53,C60_53,C,sp2,0,unsaturated_fullerene_sp2,curved_fullerene_pi_network,curved_fullerene_sigma_cage,topology_matched_random_control,-0.652954723658,0.201774106168,-0.730025574164,node labels retained but topology class marked randomized,synthetic_control_only
topology_matched_random_control__c60,topology_matched_random_control,c60,topology_matched_random_control__c60:C60_54,c60:C60_54,C60_54,C,sp2,0,unsaturated_fullerene_sp2,curved_fullerene_pi_network,curved_fullerene_sigma_cage,topology_matched_random_control,-0.979432085486,0.0,-0.201774106168,node labels retained but topology class marked randomized,synthetic_control_only
topology_matched_random_control__c60,topology_matched_random_control,c60,topology_matched_random_control__c60:C60_55,c60:C60_55,C60_55,C,sp2,0,unsaturated_fullerene_sp2,curved_fullerene_pi_network,curved_fullerene_sigma_cage,topology_matched_random_control,-0.854728829825,0.326477361829,0.403548212335,node labels retained but topology class marked randomized,synthetic_control_only
topology_matched_random_control__c60,topology_matched_random_control,c60,topology_matched_random_control__c60:C60_56,c60:C60_56,C60_56,C,sp2,0,unsaturated_fullerene_sp2,curved_fullerene_pi_network,curved_fullerene_sigma_cage,topology_matched_random_control,-0.854728829825,-0.326477361829,0.403548212335,node labels retained but topology class marked randomized,synthetic_control_only
topology_matched_random_control__c60,topology_matched_random_control,c60,topology_matched_random_control__c60:C60_57,c60:C60_57,C60_57,C,sp2,0,unsaturated_fullerene_sp2,curved_fullerene_pi_network,curved_fullerene_sigma_cage,topology_matched_random_control,-0.652954723658,-0.201774106168,0.730025574164,node labels retained but topology class marked randomized,synthetic_control_only
topology_matched_random_control__c60,topology_matched_random_control,c60,topology_matched_random_control__c60:C60_58,c60:C60_58,C60_58,C,sp2,0,unsaturated_fullerene_sp2,curved_fullerene_pi_network,curved_fullerene_sigma_cage,topology_matched_random_control,-0.652954723658,0.201774106168,0.730025574164,node labels retained but topology class marked randomized,synthetic_control_only
topology_matched_random_control__c60,topology_matched_random_control,c60,topology_matched_random_control__c60:C60_59,c60:C60_59,C60_59,C,sp2,0,unsaturated_fullerene_sp2,curved_fullerene_pi_network,curved_fullerene_sigma_cage,topology_matched_random_control,-0.979432085486,0.0,0.201774106168,node labels retained but topology class marked randomized,synthetic_control_only
topology_matched_random_control__ethyne,topology_matched_random_control,ethyne,topology_matched_random_control__ethyne:Eth_00,ethyne:Eth_00,Eth_00,C,sp,1,unsaturated,linear_triple_bond_pi_pair,linear_sigma_axis,topology_matched_random_control,-0.5,0.0,0.0,node labels retained but topology class marked randomized,synthetic_control_only
topology_matched_random_control__ethyne,topology_matched_random_control,ethyne,topology_matched_random_control__ethyne:Eth_01,ethyne:Eth_01,Eth_01,C,sp,1,unsaturated,linear_triple_bond_pi_pair,linear_sigma_axis,topology_matched_random_control,0.5,0.0,0.0,node labels retained but topology class marked randomized,synthetic_control_only
carbon_skeleton_degree_control__adamantane,carbon_skeleton_degree_control,adamantane,carbon_skeleton_degree_control__adamantane:Ada_00,adamantane:Ada_00,Ada_00,C,sp3,1,saturated,none,diamondoid_sigma_cage,degree_preserving_randomized_topology,1.0,1.0,1.0,degree sequence target preserved; topology class marked randomized,synthetic_control_only
carbon_skeleton_degree_control__adamantane,carbon_skeleton_degree_control,adamantane,carbon_skeleton_degree_control__adamantane:Ada_01,adamantane:Ada_01,Ada_01,C,sp3,1,saturated,none,diamondoid_sigma_cage,degree_preserving_randomized_topology,1.0,-1.0,-1.0,degree sequence target preserved; topology class marked randomized,synthetic_control_only
carbon_skeleton_degree_control__adamantane,carbon_skeleton_degree_control,adamantane,carbon_skeleton_degree_control__adamantane:Ada_02,adamantane:Ada_02,Ada_02,C,sp3,1,saturated,none,diamondoid_sigma_cage,degree_preserving_randomized_topology,-1.0,1.0,-1.0,degree sequence target preserved; topology class marked randomized,synthetic_control_only
carbon_skeleton_degree_control__adamantane,carbon_skeleton_degree_control,adamantane,carbon_skeleton_degree_control__adamantane:Ada_03,adamantane:Ada_03,Ada_03,C,sp3,1,saturated,none,diamondoid_sigma_cage,degree_preserving_randomized_topology,-1.0,-1.0,1.0,degree sequence target preserved; topology class marked randomized,synthetic_control_only
carbon_skeleton_degree_control__adamantane,carbon_skeleton_degree_control,adamantane,carbon_skeleton_degree_control__adamantane:Ada_04,adamantane:Ada_04,Ada_04,C,sp3,2,saturated,none,diamondoid_sigma_cage,degree_preserving_randomized_topology,1.0,0.0,0.0,degree sequence target preserved; topology class marked randomized,synthetic_control_only
carbon_skeleton_degree_control__adamantane,carbon_skeleton_degree_control,adamantane,carbon_skeleton_degree_control__adamantane:Ada_05,adamantane:Ada_05,Ada_05,C,sp3,2,saturated,none,diamondoid_sigma_cage,degree_preserving_randomized_topology,0.0,1.0,0.0,degree sequence target preserved; topology class marked randomized,synthetic_control_only
carbon_skeleton_degree_control__adamantane,carbon_skeleton_degree_control,adamantane,carbon_skeleton_degree_control__adamantane:Ada_06,adamantane:Ada_06,Ada_06,C,sp3,2,saturated,none,diamondoid_sigma_cage,degree_preserving_randomized_topology,0.0,0.0,1.0,degree sequence target preserved; topology class marked randomized,synthetic_control_only
carbon_skeleton_degree_control__adamantane,carbon_skeleton_degree_control,adamantane,carbon_skeleton_degree_control__adamantane:Ada_07,adamantane:Ada_07,Ada_07,C,sp3,2,saturated,none,diamondoid_sigma_cage,degree_preserving_randomized_topology,0.0,0.0,-1.0,degree sequence target preserved; topology class marked randomized,synthetic_control_only
carbon_skeleton_degree_control__adamantane,carbon_skeleton_degree_control,adamantane,carbon_skeleton_degree_control__adamantane:Ada_08,adamantane:Ada_08,Ada_08,C,sp3,2,saturated,none,diamondoid_sigma_cage,degree_preserving_randomized_topology,0.0,-1.0,0.0,degree sequence target preserved; topology class marked randomized,synthetic_control_only
carbon_skeleton_degree_control__adamantane,carbon_skeleton_degree_control,adamantane,carbon_skeleton_degree_control__adamantane:Ada_09,adamantane:Ada_09,Ada_09,C,sp3,2,saturated,none,diamondoid_sigma_cage,degree_preserving_randomized_topology,-1.0,0.0,0.0,degree sequence target preserved; topology class marked randomized,synthetic_control_only
carbon_skeleton_degree_control__benzene,carbon_skeleton_degree_control,benzene,carbon_skeleton_degree_control__benzene:Bz_00,benzene:Bz_00,Bz_00,C,sp2,1,aromatic_unsaturated,planar_aromatic_pi_ring,planar_ring_sigma_framework,degree_preserving_randomized_topology,1.0,0.0,0.0,degree sequence target preserved; topology class marked randomized,synthetic_control_only
carbon_skeleton_degree_control__benzene,carbon_skeleton_degree_control,benzene,carbon_skeleton_degree_control__benzene:Bz_01,benzene:Bz_01,Bz_01,C,sp2,1,aromatic_unsaturated,planar_aromatic_pi_ring,planar_ring_sigma_framework,degree_preserving_randomized_topology,0.5,0.866025403784,0.0,degree sequence target preserved; topology class marked randomized,synthetic_control_only
carbon_skeleton_degree_control__benzene,carbon_skeleton_degree_control,benzene,carbon_skeleton_degree_control__benzene:Bz_02,benzene:Bz_02,Bz_02,C,sp2,1,aromatic_unsaturated,planar_aromatic_pi_ring,planar_ring_sigma_framework,degree_preserving_randomized_topology,-0.5,0.866025403784,0.0,degree sequence target preserved; topology class marked randomized,synthetic_control_only
carbon_skeleton_degree_control__benzene,carbon_skeleton_degree_control,benzene,carbon_skeleton_degree_control__benzene:Bz_03,benzene:Bz_03,Bz_03,C,sp2,1,aromatic_unsaturated,planar_aromatic_pi_ring,planar_ring_sigma_framework,degree_preserving_randomized_topology,-1.0,0.0,0.0,degree sequence target preserved; topology class marked randomized,synthetic_control_only
carbon_skeleton_degree_control__benzene,carbon_skeleton_degree_control,benzene,carbon_skeleton_degree_control__benzene:Bz_04,benzene:Bz_04,Bz_04,C,sp2,1,aromatic_unsaturated,planar_aromatic_pi_ring,planar_ring_sigma_framework,degree_preserving_randomized_topology,-0.5,-0.866025403784,0.0,degree sequence target preserved; topology class marked randomized,synthetic_control_only
carbon_skeleton_degree_control__benzene,carbon_skeleton_degree_control,benzene,carbon_skeleton_degree_control__benzene:Bz_05,benzene:Bz_05,Bz_05,C,sp2,1,aromatic_unsaturated,planar_aromatic_pi_ring,planar_ring_sigma_framework,degree_preserving_randomized_topology,0.5,-0.866025403784,0.0,degree sequence target preserved; topology class marked randomized,synthetic_control_only
carbon_skeleton_degree_control__c60,carbon_skeleton_degree_control,c60,carbon_skeleton_degree_control__c60:C60_00,c60:C60_00,C60_00,C,sp2,0,unsaturated_fullerene_sp2,curved_fullerene_pi_network,curved_fullerene_sigma_cage,degree_preserving_randomized_topology,-0.201774106168,0.979432085486,0.0,degree sequence target preserved; topology class marked randomized,synthetic_control_only
carbon_skeleton_degree_control__c60,carbon_skeleton_degree_control,c60,carbon_skeleton_degree_control__c60:C60_01,c60:C60_01,C60_01,C,sp2,0,unsaturated_fullerene_sp2,curved_fullerene_pi_network,curved_fullerene_sigma_cage,degree_preserving_randomized_topology,-0.403548212335,0.854728829825,0.326477361829,degree sequence target preserved; topology class marked randomized,synthetic_control_only
carbon_skeleton_degree_control__c60,carbon_skeleton_degree_control,c60,carbon_skeleton_degree_control__c60:C60_02,c60:C60_02,C60_02,C,sp2,0,unsaturated_fullerene_sp2,curved_fullerene_pi_network,curved_fullerene_sigma_cage,degree_preserving_randomized_topology,-0.403548212335,0.854728829825,-0.326477361829,degree sequence target preserved; topology class marked randomized,synthetic_control_only
carbon_skeleton_degree_control__c60,carbon_skeleton_degree_control,c60,carbon_skeleton_degree_control__c60:C60_03,c60:C60_03,C60_03,C,sp2,0,unsaturated_fullerene_sp2,curved_fullerene_pi_network,curved_fullerene_sigma_cage,degree_preserving_randomized_topology,-0.730025574164,0.652954723658,-0.201774106168,degree sequence target preserved; topology class marked randomized,synthetic_control_only
carbon_skeleton_degree_control__c60,carbon_skeleton_degree_control,c60,carbon_skeleton_degree_control__c60:C60_04,c60:C60_04,C60_04,C,sp2,0,unsaturated_fullerene_sp2,curved_fullerene_pi_network,curved_fullerene_sigma_cage,degree_preserving_randomized_topology,-0.730025574164,0.652954723658,0.201774106168,degree sequence target preserved; topology class marked randomized,synthetic_control_only
carbon_skeleton_degree_control__c60,carbon_skeleton_degree_control,c60,carbon_skeleton_degree_control__c60:C60_05,c60:C60_05,C60_05,C,sp2,0,unsaturated_fullerene_sp2,curved_fullerene_pi_network,curved_fullerene_sigma_cage,degree_preserving_randomized_topology,0.201774106168,0.979432085486,0.0,degree sequence target preserved; topology class marked randomized,synthetic_control_only
carbon_skeleton_degree_control__c60,carbon_skeleton_degree_control,c60,carbon_skeleton_degree_control__c60:C60_06,c60:C60_06,C60_06,C,sp2,0,unsaturated_fullerene_sp2,curved_fullerene_pi_network,curved_fullerene_sigma_cage,degree_preserving_randomized_topology,0.403548212335,0.854728829825,0.326477361829,degree sequence target preserved; topology class marked randomized,synthetic_control_only
carbon_skeleton_degree_control__c60,carbon_skeleton_degree_control,c60,carbon_skeleton_degree_control__c60:C60_07,c60:C60_07,C60_07,C,sp2,0,unsaturated_fullerene_sp2,curved_fullerene_pi_network,curved_fullerene_sigma_cage,degree_preserving_randomized_topology,0.403548212335,0.854728829825,-0.326477361829,degree sequence target preserved; topology class marked randomized,synthetic_control_only
carbon_skeleton_degree_control__c60,carbon_skeleton_degree_control,c60,carbon_skeleton_degree_control__c60:C60_08,c60:C60_08,C60_08,C,sp2,0,unsaturated_fullerene_sp2,curved_fullerene_pi_network,curved_fullerene_sigma_cage,degree_preserving_randomized_topology,0.730025574164,0.652954723658,-0.201774106168,degree sequence target preserved; topology class marked randomized,synthetic_control_only
carbon_skeleton_degree_control__c60,carbon_skeleton_degree_control,c60,carbon_skeleton_degree_control__c60:C60_09,c60:C60_09,C60_09,C,sp2,0,unsaturated_fullerene_sp2,curved_fullerene_pi_network,curved_fullerene_sigma_cage,degree_preserving_randomized_topology,0.730025574164,0.652954723658,0.201774106168,degree sequence target preserved; topology class marked randomized,synthetic_control_only
carbon_skeleton_degree_control__c60,carbon_skeleton_degree_control,c60,carbon_skeleton_degree_control__c60:C60_10,c60:C60_10,C60_10,C,sp2,0,unsaturated_fullerene_sp2,curved_fullerene_pi_network,curved_fullerene_sigma_cage,degree_preserving_randomized_topology,-0.201774106168,-0.979432085486,0.0,degree sequence target preserved; topology class marked randomized,synthetic_control_only
carbon_skeleton_degree_control__c60,carbon_skeleton_degree_control,c60,carbon_skeleton_degree_control__c60:C60_11,c60:C60_11,C60_11,C,sp2,0,unsaturated_fullerene_sp2,curved_fullerene_pi_network,curved_fullerene_sigma_cage,degree_preserving_randomized_topology,-0.403548212335,-0.854728829825,0.326477361829,degree sequence target preserved; topology class marked randomized,synthetic_control_only
carbon_skeleton_degree_control__c60,carbon_skeleton_degree_control,c60,carbon_skeleton_degree_control__c60:C60_12,c60:C60_12,C60_12,C,sp2,0,unsaturated_fullerene_sp2,curved_fullerene_pi_network,curved_fullerene_sigma_cage,degree_preserving_randomized_topology,-0.403548212335,-0.854728829825,-0.326477361829,degree sequence target preserved; topology class marked randomized,synthetic_control_only
carbon_skeleton_degree_control__c60,carbon_skeleton_degree_control,c60,carbon_skeleton_degree_control__c60:C60_13,c60:C60_13,C60_13,C,sp2,0,unsaturated_fullerene_sp2,curved_fullerene_pi_network,curved_fullerene_sigma_cage,degree_preserving_randomized_topology,-0.730025574164,-0.652954723658,-0.201774106168,degree sequence target preserved; topology class marked randomized,synthetic_control_only
carbon_skeleton_degree_control__c60,carbon_skeleton_degree_control,c60,carbon_skeleton_degree_control__c60:C60_14,c60:C60_14,C60_14,C,sp2,0,unsaturated_fullerene_sp2,curved_fullerene_pi_network,curved_fullerene_sigma_cage,degree_preserving_randomized_topology,-0.730025574164,-0.652954723658,0.201774106168,degree sequence target preserved; topology class marked randomized,synthetic_control_only
carbon_skeleton_degree_control__c60,carbon_skeleton_degree_control,c60,carbon_skeleton_degree_control__c60:C60_15,c60:C60_15,C60_15,C,sp2,0,unsaturated_fullerene_sp2,curved_fullerene_pi_network,curved_fullerene_sigma_cage,degree_preserving_randomized_topology,0.201774106168,-0.979432085486,0.0,degree sequence target preserved; topology class marked randomized,synthetic_control_only
carbon_skeleton_degree_control__c60,carbon_skeleton_degree_control,c60,carbon_skeleton_degree_control__c60:C60_16,c60:C60_16,C60_16,C,sp2,0,unsaturated_fullerene_sp2,curved_fullerene_pi_network,curved_fullerene_sigma_cage,degree_preserving_randomized_topology,0.403548212335,-0.854728829825,0.326477361829,degree sequence target preserved; topology class marked randomized,synthetic_control_only
carbon_skeleton_degree_control__c60,carbon_skeleton_degree_control,c60,carbon_skeleton_degree_control__c60:C60_17,c60:C60_17,C60_17,C,sp2,0,unsaturated_fullerene_sp2,curved_fullerene_pi_network,curved_fullerene_sigma_cage,degree_preserving_randomized_topology,0.403548212335,-0.854728829825,-0.326477361829,degree sequence target preserved; topology class marked randomized,synthetic_control_only
carbon_skeleton_degree_control__c60,carbon_skeleton_degree_control,c60,carbon_skeleton_degree_control__c60:C60_18,c60:C60_18,C60_18,C,sp2,0,unsaturated_fullerene_sp2,curved_fullerene_pi_network,curved_fullerene_sigma_cage,degree_preserving_randomized_topology,0.730025574164,-0.652954723658,-0.201774106168,degree sequence target preserved; topology class marked randomized,synthetic_control_only
carbon_skeleton_degree_control__c60,carbon_skeleton_degree_control,c60,carbon_skeleton_degree_control__c60:C60_19,c60:C60_19,C60_19,C,sp2,0,unsaturated_fullerene_sp2,curved_fullerene_pi_network,curved_fullerene_sigma_cage,degree_preserving_randomized_topology,0.730025574164,-0.652954723658,0.201774106168,degree sequence target preserved; topology class marked randomized,synthetic_control_only
carbon_skeleton_degree_control__c60,carbon_skeleton_degree_control,c60,carbon_skeleton_degree_control__c60:C60_20,c60:C60_20,C60_20,C,sp2,0,unsaturated_fullerene_sp2,curved_fullerene_pi_network,curved_fullerene_sigma_cage,degree_preserving_randomized_topology,-0.201774106168,-0.730025574164,0.652954723658,degree sequence target preserved; topology class marked randomized,synthetic_control_only
carbon_skeleton_degree_control__c60,carbon_skeleton_degree_control,c60,carbon_skeleton_degree_control__c60:C60_21,c60:C60_21,C60_21,C,sp2,0,unsaturated_fullerene_sp2,curved_fullerene_pi_network,curved_fullerene_sigma_cage,degree_preserving_randomized_topology,0.201774106168,-0.730025574164,0.652954723658,degree sequence target preserved; topology class marked randomized,synthetic_control_only
carbon_skeleton_degree_control__c60,carbon_skeleton_degree_control,c60,carbon_skeleton_degree_control__c60:C60_22,c60:C60_22,C60_22,C,sp2,0,unsaturated_fullerene_sp2,curved_fullerene_pi_network,curved_fullerene_sigma_cage,degree_preserving_randomized_topology,0.0,-0.201774106168,0.979432085486,degree sequence target preserved; topology class marked randomized,synthetic_control_only
carbon_skeleton_degree_control__c60,carbon_skeleton_degree_control,c60,carbon_skeleton_degree_control__c60:C60_23,c60:C60_23,C60_23,C,sp2,0,unsaturated_fullerene_sp2,curved_fullerene_pi_network,curved_fullerene_sigma_cage,degree_preserving_randomized_topology,0.326477361829,-0.403548212335,0.854728829825,degree sequence target preserved; topology class marked randomized,synthetic_control_only
carbon_skeleton_degree_control__c60,carbon_skeleton_degree_control,c60,carbon_skeleton_degree_control__c60:C60_24,c60:C60_24,C60_24,C,sp2,0,unsaturated_fullerene_sp2,curved_fullerene_pi_network,curved_fullerene_sigma_cage,degree_preserving_randomized_topology,-0.326477361829,-0.403548212335,0.854728829825,degree sequence target preserved; topology class marked randomized,synthetic_control_only
carbon_skeleton_degree_control__c60,carbon_skeleton_degree_control,c60,carbon_skeleton_degree_control__c60:C60_25,c60:C60_25,C60_25,C,sp2,0,unsaturated_fullerene_sp2,curved_fullerene_pi_network,curved_fullerene_sigma_cage,degree_preserving_randomized_topology,-0.201774106168,0.730025574164,0.652954723658,degree sequence target preserved; topology class marked randomized,synthetic_control_only
carbon_skeleton_degree_control__c60,carbon_skeleton_degree_control,c60,carbon_skeleton_degree_control__c60:C60_26,c60:C60_26,C60_26,C,sp2,0,unsaturated_fullerene_sp2,curved_fullerene_pi_network,curved_fullerene_sigma_cage,degree_preserving_randomized_topology,0.201774106168,0.730025574164,0.652954723658,degree sequence target preserved; topology class marked randomized,synthetic_control_only
carbon_skeleton_degree_control__c60,carbon_skeleton_degree_control,c60,carbon_skeleton_degree_control__c60:C60_27,c60:C60_27,C60_27,C,sp2,0,unsaturated_fullerene_sp2,curved_fullerene_pi_network,curved_fullerene_sigma_cage,degree_preserving_randomized_topology,0.0,0.201774106168,0.979432085486,degree sequence target preserved; topology class marked randomized,synthetic_control_only
carbon_skeleton_degree_control__c60,carbon_skeleton_degree_control,c60,carbon_skeleton_degree_control__c60:C60_28,c60:C60_28,C60_28,C,sp2,0,unsaturated_fullerene_sp2,curved_fullerene_pi_network,curved_fullerene_sigma_cage,degree_preserving_randomized_topology,0.326477361829,0.403548212335,0.854728829825,degree sequence target preserved; topology class marked randomized,synthetic_control_only
carbon_skeleton_degree_control__c60,carbon_skeleton_degree_control,c60,carbon_skeleton_degree_control__c60:C60_29,c60:C60_29,C60_29,C,sp2,0,unsaturated_fullerene_sp2,curved_fullerene_pi_network,curved_fullerene_sigma_cage,degree_preserving_randomized_topology,-0.326477361829,0.403548212335,0.854728829825,degree sequence target preserved; topology class marked randomized,synthetic_control_only
carbon_skeleton_degree_control__c60,carbon_skeleton_degree_control,c60,carbon_skeleton_degree_control__c60:C60_30,c60:C60_30,C60_30,C,sp2,0,unsaturated_fullerene_sp2,curved_fullerene_pi_network,curved_fullerene_sigma_cage,degree_preserving_randomized_topology,-0.201774106168,-0.730025574164,-0.652954723658,degree sequence target preserved; topology class marked randomized,synthetic_control_only
carbon_skeleton_degree_control__c60,carbon_skeleton_degree_control,c60,carbon_skeleton_degree_control__c60:C60_31,c60:C60_31,C60_31,C,sp2,0,unsaturated_fullerene_sp2,curved_fullerene_pi_network,curved_fullerene_sigma_cage,degree_preserving_randomized_topology,0.201774106168,-0.730025574164,-0.652954723658,degree sequence target preserved; topology class marked randomized,synthetic_control_only
carbon_skeleton_degree_control__c60,carbon_skeleton_degree_control,c60,carbon_skeleton_degree_control__c60:C60_32,c60:C60_32,C60_32,C,sp2,0,unsaturated_fullerene_sp2,curved_fullerene_pi_network,curved_fullerene_sigma_cage,degree_preserving_randomized_topology,0.0,-0.201774106168,-0.979432085486,degree sequence target preserved; topology class marked randomized,synthetic_control_only
carbon_skeleton_degree_control__c60,carbon_skeleton_degree_control,c60,carbon_skeleton_degree_control__c60:C60_33,c60:C60_33,C60_33,C,sp2,0,unsaturated_fullerene_sp2,curved_fullerene_pi_network,curved_fullerene_sigma_cage,degree_preserving_randomized_topology,0.326477361829,-0.403548212335,-0.854728829825,degree sequence target preserved; topology class marked randomized,synthetic_control_only
carbon_skeleton_degree_control__c60,carbon_skeleton_degree_control,c60,carbon_skeleton_degree_control__c60:C60_34,c60:C60_34,C60_34,C,sp2,0,unsaturated_fullerene_sp2,curved_fullerene_pi_network,curved_fullerene_sigma_cage,degree_preserving_randomized_topology,-0.326477361829,-0.403548212335,-0.854728829825,degree sequence target preserved; topology class marked randomized,synthetic_control_only
carbon_skeleton_degree_control__c60,carbon_skeleton_degree_control,c60,carbon_skeleton_degree_control__c60:C60_35,c60:C60_35,C60_35,C,sp2,0,unsaturated_fullerene_sp2,curved_fullerene_pi_network,curved_fullerene_sigma_cage,degree_preserving_randomized_topology,-0.201774106168,0.730025574164,-0.652954723658,degree sequence target preserved; topology class marked randomized,synthetic_control_only
carbon_skeleton_degree_control__c60,carbon_skeleton_degree_control,c60,carbon_skeleton_degree_control__c60:C60_36,c60:C60_36,C60_36,C,sp2,0,unsaturated_fullerene_sp2,curved_fullerene_pi_network,curved_fullerene_sigma_cage,degree_preserving_randomized_topology,0.201774106168,0.730025574164,-0.652954723658,degree sequence target preserved; topology class marked randomized,synthetic_control_only
carbon_skeleton_degree_control__c60,carbon_skeleton_degree_control,c60,carbon_skeleton_degree_control__c60:C60_37,c60:C60_37,C60_37,C,sp2,0,unsaturated_fullerene_sp2,curved_fullerene_pi_network,curved_fullerene_sigma_cage,degree_preserving_randomized_topology,0.0,0.201774106168,-0.979432085486,degree sequence target preserved; topology class marked randomized,synthetic_control_only
carbon_skeleton_degree_control__c60,carbon_skeleton_degree_control,c60,carbon_skeleton_degree_control__c60:C60_38,c60:C60_38,C60_38,C,sp2,0,unsaturated_fullerene_sp2,curved_fullerene_pi_network,curved_fullerene_sigma_cage,degree_preserving_randomized_topology,0.326477361829,0.403548212335,-0.854728829825,degree sequence target preserved; topology class marked randomized,synthetic_control_only
carbon_skeleton_degree_control__c60,carbon_skeleton_degree_control,c60,carbon_skeleton_degree_control__c60:C60_39,c60:C60_39,C60_39,C,sp2,0,unsaturated_fullerene_sp2,curved_fullerene_pi_network,curved_fullerene_sigma_cage,degree_preserving_randomized_topology,-0.326477361829,0.403548212335,-0.854728829825,degree sequence target preserved; topology class marked randomized,synthetic_control_only
carbon_skeleton_degree_control__c60,carbon_skeleton_degree_control,c60,carbon_skeleton_degree_control__c60:C60_40,c60:C60_40,C60_40,C,sp2,0,unsaturated_fullerene_sp2,curved_fullerene_pi_network,curved_fullerene_sigma_cage,degree_preserving_randomized_topology,0.854728829825,0.326477361829,-0.403548212335,degree sequence target preserved; topology class marked randomized,synthetic_control_only
carbon_skeleton_degree_control__c60,carbon_skeleton_degree_control,c60,carbon_skeleton_degree_control__c60:C60_41,c60:C60_41,C60_41,C,sp2,0,unsaturated_fullerene_sp2,curved_fullerene_pi_network,curved_fullerene_sigma_cage,degree_preserving_randomized_topology,0.854728829825,-0.326477361829,-0.403548212335,degree sequence target preserved; topology class marked randomized,synthetic_control_only
carbon_skeleton_degree_control__c60,carbon_skeleton_degree_control,c60,carbon_skeleton_degree_control__c60:C60_42,c60:C60_42,C60_42,C,sp2,0,unsaturated_fullerene_sp2,curved_fullerene_pi_network,curved_fullerene_sigma_cage,degree_preserving_randomized_topology,0.652954723658,-0.201774106168,-0.730025574164,degree sequence target preserved; topology class marked randomized,synthetic_control_only
carbon_skeleton_degree_control__c60,carbon_skeleton_degree_control,c60,carbon_skeleton_degree_control__c60:C60_43,c60:C60_43,C60_43,C,sp2,0,unsaturated_fullerene_sp2,curved_fullerene_pi_network,curved_fullerene_sigma_cage,degree_preserving_randomized_topology,0.652954723658,0.201774106168,-0.730025574164,degree sequence target preserved; topology class marked randomized,synthetic_control_only
carbon_skeleton_degree_control__c60,carbon_skeleton_degree_control,c60,carbon_skeleton_degree_control__c60:C60_44,c60:C60_44,C60_44,C,sp2,0,unsaturated_fullerene_sp2,curved_fullerene_pi_network,curved_fullerene_sigma_cage,degree_preserving_randomized_topology,0.979432085486,0.0,-0.201774106168,degree sequence target preserved; topology class marked randomized,synthetic_control_only
carbon_skeleton_degree_control__c60,carbon_skeleton_degree_control,c60,carbon_skeleton_degree_control__c60:C60_45,c60:C60_45,C60_45,C,sp2,0,unsaturated_fullerene_sp2,curved_fullerene_pi_network,curved_fullerene_sigma_cage,degree_preserving_randomized_topology,0.854728829825,0.326477361829,0.403548212335,degree sequence target preserved; topology class marked randomized,synthetic_control_only
carbon_skeleton_degree_control__c60,carbon_skeleton_degree_control,c60,carbon_skeleton_degree_control__c60:C60_46,c60:C60_46,C60_46,C,sp2,0,unsaturated_fullerene_sp2,curved_fullerene_pi_network,curved_fullerene_sigma_cage,degree_preserving_randomized_topology,0.854728829825,-0.326477361829,0.403548212335,degree sequence target preserved; topology class marked randomized,synthetic_control_only
carbon_skeleton_degree_control__c60,carbon_skeleton_degree_control,c60,carbon_skeleton_degree_control__c60:C60_47,c60:C60_47,C60_47,C,sp2,0,unsaturated_fullerene_sp2,curved_fullerene_pi_network,curved_fullerene_sigma_cage,degree_preserving_randomized_topology,0.652954723658,-0.201774106168,0.730025574164,degree sequence target preserved; topology class marked randomized,synthetic_control_only
carbon_skeleton_degree_control__c60,carbon_skeleton_degree_control,c60,carbon_skeleton_degree_control__c60:C60_48,c60:C60_48,C60_48,C,sp2,0,unsaturated_fullerene_sp2,curved_fullerene_pi_network,curved_fullerene_sigma_cage,degree_preserving_randomized_topology,0.652954723658,0.201774106168,0.730025574164,degree sequence target preserved; topology class marked randomized,synthetic_control_only
carbon_skeleton_degree_control__c60,carbon_skeleton_degree_control,c60,carbon_skeleton_degree_control__c60:C60_49,c60:C60_49,C60_49,C,sp2,0,unsaturated_fullerene_sp2,curved_fullerene_pi_network,curved_fullerene_sigma_cage,degree_preserving_randomized_topology,0.979432085486,0.0,0.201774106168,degree sequence target preserved; topology class marked randomized,synthetic_control_only
carbon_skeleton_degree_control__c60,carbon_skeleton_degree_control,c60,carbon_skeleton_degree_control__c60:C60_50,c60:C60_50,C60_50,C,sp2,0,unsaturated_fullerene_sp2,curved_fullerene_pi_network,curved_fullerene_sigma_cage,degree_preserving_randomized_topology,-0.854728829825,0.326477361829,-0.403548212335,degree sequence target preserved; topology class marked randomized,synthetic_control_only
carbon_skeleton_degree_control__c60,carbon_skeleton_degree_control,c60,carbon_skeleton_degree_control__c60:C60_51,c60:C60_51,C60_51,C,sp2,0,unsaturated_fullerene_sp2,curved_fullerene_pi_network,curved_fullerene_sigma_cage,degree_preserving_randomized_topology,-0.854728829825,-0.326477361829,-0.403548212335,degree sequence target preserved; topology class marked randomized,synthetic_control_only
carbon_skeleton_degree_control__c60,carbon_skeleton_degree_control,c60,carbon_skeleton_degree_control__c60:C60_52,c60:C60_52,C60_52,C,sp2,0,unsaturated_fullerene_sp2,curved_fullerene_pi_network,curved_fullerene_sigma_cage,degree_preserving_randomized_topology,-0.652954723658,-0.201774106168,-0.730025574164,degree sequence target preserved; topology class marked randomized,synthetic_control_only
carbon_skeleton_degree_control__c60,carbon_skeleton_degree_control,c60,carbon_skeleton_degree_control__c60:C60_53,c60:C60_53,C60_53,C,sp2,0,unsaturated_fullerene_sp2,curved_fullerene_pi_network,curved_fullerene_sigma_cage,degree_preserving_randomized_topology,-0.652954723658,0.201774106168,-0.730025574164,degree sequence target preserved; topology class marked randomized,synthetic_control_only
carbon_skeleton_degree_control__c60,carbon_skeleton_degree_control,c60,carbon_skeleton_degree_control__c60:C60_54,c60:C60_54,C60_54,C,sp2,0,unsaturated_fullerene_sp2,curved_fullerene_pi_network,curved_fullerene_sigma_cage,degree_preserving_randomized_topology,-0.979432085486,0.0,-0.201774106168,degree sequence target preserved; topology class marked randomized,synthetic_control_only
carbon_skeleton_degree_control__c60,carbon_skeleton_degree_control,c60,carbon_skeleton_degree_control__c60:C60_55,c60:C60_55,C60_55,C,sp2,0,unsaturated_fullerene_sp2,curved_fullerene_pi_network,curved_fullerene_sigma_cage,degree_preserving_randomized_topology,-0.854728829825,0.326477361829,0.403548212335,degree sequence target preserved; topology class marked randomized,synthetic_control_only
carbon_skeleton_degree_control__c60,carbon_skeleton_degree_control,c60,carbon_skeleton_degree_control__c60:C60_56,c60:C60_56,C60_56,C,sp2,0,unsaturated_fullerene_sp2,curved_fullerene_pi_network,curved_fullerene_sigma_cage,degree_preserving_randomized_topology,-0.854728829825,-0.326477361829,0.403548212335,degree sequence target preserved; topology class marked randomized,synthetic_control_only
carbon_skeleton_degree_control__c60,carbon_skeleton_degree_control,c60,carbon_skeleton_degree_control__c60:C60_57,c60:C60_57,C60_57,C,sp2,0,unsaturated_fullerene_sp2,curved_fullerene_pi_network,curved_fullerene_sigma_cage,degree_preserving_randomized_topology,-0.652954723658,-0.201774106168,0.730025574164,degree sequence target preserved; topology class marked randomized,synthetic_control_only
carbon_skeleton_degree_control__c60,carbon_skeleton_degree_control,c60,carbon_skeleton_degree_control__c60:C60_58,c60:C60_58,C60_58,C,sp2,0,unsaturated_fullerene_sp2,curved_fullerene_pi_network,curved_fullerene_sigma_cage,degree_preserving_randomized_topology,-0.652954723658,0.201774106168,0.730025574164,degree sequence target preserved; topology class marked randomized,synthetic_control_only
carbon_skeleton_degree_control__c60,carbon_skeleton_degree_control,c60,carbon_skeleton_degree_control__c60:C60_59,c60:C60_59,C60_59,C,sp2,0,unsaturated_fullerene_sp2,curved_fullerene_pi_network,curved_fullerene_sigma_cage,degree_preserving_randomized_topology,-0.979432085486,0.0,0.201774106168,degree sequence target preserved; topology class marked randomized,synthetic_control_only
carbon_skeleton_degree_control__ethyne,carbon_skeleton_degree_control,ethyne,carbon_skeleton_degree_control__ethyne:Eth_00,ethyne:Eth_00,Eth_00,C,sp,1,unsaturated,linear_triple_bond_pi_pair,linear_sigma_axis,degree_preserving_randomized_topology,-0.5,0.0,0.0,degree sequence target preserved; topology class marked randomized,synthetic_control_only
carbon_skeleton_degree_control__ethyne,carbon_skeleton_degree_control,ethyne,carbon_skeleton_degree_control__ethyne:Eth_01,ethyne:Eth_01,Eth_01,C,sp,1,unsaturated,linear_triple_bond_pi_pair,linear_sigma_axis,degree_preserving_randomized_topology,0.5,0.0,0.0,degree sequence target preserved; topology class marked randomized,synthetic_control_only
within_system_label_shuffle__adamantane,within_system_label_shuffle,adamantane,within_system_label_shuffle__adamantane:Ada_00,adamantane:Ada_00,Ada_00,C,sp3,1,saturated,none,diamondoid_sigma_cage,saturated_sp3_diamondoid_cage,1.0,1.0,1.0,within-system node labels shuffled,synthetic_control_only
within_system_label_shuffle__adamantane,within_system_label_shuffle,adamantane,within_system_label_shuffle__adamantane:Ada_01,adamantane:Ada_01,Ada_01,C,sp3,1,saturated,none,diamondoid_sigma_cage,saturated_sp3_diamondoid_cage,1.0,-1.0,-1.0,within-system node labels shuffled,synthetic_control_only
within_system_label_shuffle__adamantane,within_system_label_shuffle,adamantane,within_system_label_shuffle__adamantane:Ada_02,adamantane:Ada_02,Ada_02,C,sp3,1,saturated,none,diamondoid_sigma_cage,saturated_sp3_diamondoid_cage,-1.0,1.0,-1.0,within-system node labels shuffled,synthetic_control_only
within_system_label_shuffle__adamantane,within_system_label_shuffle,adamantane,within_system_label_shuffle__adamantane:Ada_03,adamantane:Ada_03,Ada_03,C,sp3,1,saturated,none,diamondoid_sigma_cage,saturated_sp3_diamondoid_cage,-1.0,-1.0,1.0,within-system node labels shuffled,synthetic_control_only
within_system_label_shuffle__adamantane,within_system_label_shuffle,adamantane,within_system_label_shuffle__adamantane:Ada_04,adamantane:Ada_04,Ada_04,C,sp3,2,saturated,none,diamondoid_sigma_cage,saturated_sp3_diamondoid_cage,1.0,0.0,0.0,within-system node labels shuffled,synthetic_control_only
within_system_label_shuffle__adamantane,within_system_label_shuffle,adamantane,within_system_label_shuffle__adamantane:Ada_05,adamantane:Ada_05,Ada_05,C,sp3,2,saturated,none,diamondoid_sigma_cage,saturated_sp3_diamondoid_cage,0.0,1.0,0.0,within-system node labels shuffled,synthetic_control_only
within_system_label_shuffle__adamantane,within_system_label_shuffle,adamantane,within_system_label_shuffle__adamantane:Ada_06,adamantane:Ada_06,Ada_06,C,sp3,2,saturated,none,diamondoid_sigma_cage,saturated_sp3_diamondoid_cage,0.0,0.0,1.0,within-system node labels shuffled,synthetic_control_only
within_system_label_shuffle__adamantane,within_system_label_shuffle,adamantane,within_system_label_shuffle__adamantane:Ada_07,adamantane:Ada_07,Ada_07,C,sp3,2,saturated,none,diamondoid_sigma_cage,saturated_sp3_diamondoid_cage,0.0,0.0,-1.0,within-system node labels shuffled,synthetic_control_only
within_system_label_shuffle__adamantane,within_system_label_shuffle,adamantane,within_system_label_shuffle__adamantane:Ada_08,adamantane:Ada_08,Ada_08,C,sp3,2,saturated,none,diamondoid_sigma_cage,saturated_sp3_diamondoid_cage,0.0,-1.0,0.0,within-system node labels shuffled,synthetic_control_only
within_system_label_shuffle__adamantane,within_system_label_shuffle,adamantane,within_system_label_shuffle__adamantane:Ada_09,adamantane:Ada_09,Ada_09,C,sp3,2,saturated,none,diamondoid_sigma_cage,saturated_sp3_diamondoid_cage,-1.0,0.0,0.0,within-system node labels shuffled,synthetic_control_only
within_system_label_shuffle__benzene,within_system_label_shuffle,benzene,within_system_label_shuffle__benzene:Bz_00,benzene:Bz_00,Bz_00,C,sp2,1,aromatic_unsaturated,planar_aromatic_pi_ring,planar_ring_sigma_framework,planar_aromatic_ring,1.0,0.0,0.0,within-system node labels shuffled,synthetic_control_only
within_system_label_shuffle__benzene,within_system_label_shuffle,benzene,within_system_label_shuffle__benzene:Bz_01,benzene:Bz_01,Bz_01,C,sp2,1,aromatic_unsaturated,planar_aromatic_pi_ring,planar_ring_sigma_framework,planar_aromatic_ring,0.5,0.866025403784,0.0,within-system node labels shuffled,synthetic_control_only
within_system_label_shuffle__benzene,within_system_label_shuffle,benzene,within_system_label_shuffle__benzene:Bz_02,benzene:Bz_02,Bz_02,C,sp2,1,aromatic_unsaturated,planar_aromatic_pi_ring,planar_ring_sigma_framework,planar_aromatic_ring,-0.5,0.866025403784,0.0,within-system node labels shuffled,synthetic_control_only
within_system_label_shuffle__benzene,within_system_label_shuffle,benzene,within_system_label_shuffle__benzene:Bz_03,benzene:Bz_03,Bz_03,C,sp2,1,aromatic_unsaturated,planar_aromatic_pi_ring,planar_ring_sigma_framework,planar_aromatic_ring,-1.0,0.0,0.0,within-system node labels shuffled,synthetic_control_only
within_system_label_shuffle__benzene,within_system_label_shuffle,benzene,within_system_label_shuffle__benzene:Bz_04,benzene:Bz_04,Bz_04,C,sp2,1,aromatic_unsaturated,planar_aromatic_pi_ring,planar_ring_sigma_framework,planar_aromatic_ring,-0.5,-0.866025403784,0.0,within-system node labels shuffled,synthetic_control_only
within_system_label_shuffle__benzene,within_system_label_shuffle,benzene,within_system_label_shuffle__benzene:Bz_05,benzene:Bz_05,Bz_05,C,sp2,1,aromatic_unsaturated,planar_aromatic_pi_ring,planar_ring_sigma_framework,planar_aromatic_ring,0.5,-0.866025403784,0.0,within-system node labels shuffled,synthetic_control_only
within_system_label_shuffle__c60,within_system_label_shuffle,c60,within_system_label_shuffle__c60:C60_00,c60:C60_00,C60_00,C,sp2,0,unsaturated_fullerene_sp2,curved_fullerene_pi_network,curved_fullerene_sigma_cage,curved_fullerene_cage,-0.201774106168,0.979432085486,0.0,within-system node labels shuffled,synthetic_control_only
within_system_label_shuffle__c60,within_system_label_shuffle,c60,within_system_label_shuffle__c60:C60_01,c60:C60_01,C60_01,C,sp2,0,unsaturated_fullerene_sp2,curved_fullerene_pi_network,curved_fullerene_sigma_cage,curved_fullerene_cage,-0.403548212335,0.854728829825,0.326477361829,within-system node labels shuffled,synthetic_control_only
within_system_label_shuffle__c60,within_system_label_shuffle,c60,within_system_label_shuffle__c60:C60_02,c60:C60_02,C60_02,C,sp2,0,unsaturated_fullerene_sp2,curved_fullerene_pi_network,curved_fullerene_sigma_cage,curved_fullerene_cage,-0.403548212335,0.854728829825,-0.326477361829,within-system node labels shuffled,synthetic_control_only
within_system_label_shuffle__c60,within_system_label_shuffle,c60,within_system_label_shuffle__c60:C60_03,c60:C60_03,C60_03,C,sp2,0,unsaturated_fullerene_sp2,curved_fullerene_pi_network,curved_fullerene_sigma_cage,curved_fullerene_cage,-0.730025574164,0.652954723658,-0.201774106168,within-system node labels shuffled,synthetic_control_only
within_system_label_shuffle__c60,within_system_label_shuffle,c60,within_system_label_shuffle__c60:C60_04,c60:C60_04,C60_04,C,sp2,0,unsaturated_fullerene_sp2,curved_fullerene_pi_network,curved_fullerene_sigma_cage,curved_fullerene_cage,-0.730025574164,0.652954723658,0.201774106168,within-system node labels shuffled,synthetic_control_only
within_system_label_shuffle__c60,within_system_label_shuffle,c60,within_system_label_shuffle__c60:C60_05,c60:C60_05,C60_05,C,sp2,0,unsaturated_fullerene_sp2,curved_fullerene_pi_network,curved_fullerene_sigma_cage,curved_fullerene_cage,0.201774106168,0.979432085486,0.0,within-system node labels shuffled,synthetic_control_only
within_system_label_shuffle__c60,within_system_label_shuffle,c60,within_system_label_shuffle__c60:C60_06,c60:C60_06,C60_06,C,sp2,0,unsaturated_fullerene_sp2,curved_fullerene_pi_network,curved_fullerene_sigma_cage,curved_fullerene_cage,0.403548212335,0.854728829825,0.326477361829,within-system node labels shuffled,synthetic_control_only
within_system_label_shuffle__c60,within_system_label_shuffle,c60,within_system_label_shuffle__c60:C60_07,c60:C60_07,C60_07,C,sp2,0,unsaturated_fullerene_sp2,curved_fullerene_pi_network,curved_fullerene_sigma_cage,curved_fullerene_cage,0.403548212335,0.854728829825,-0.326477361829,within-system node labels shuffled,synthetic_control_only
within_system_label_shuffle__c60,within_system_label_shuffle,c60,within_system_label_shuffle__c60:C60_08,c60:C60_08,C60_08,C,sp2,0,unsaturated_fullerene_sp2,curved_fullerene_pi_network,curved_fullerene_sigma_cage,curved_fullerene_cage,0.730025574164,0.652954723658,-0.201774106168,within-system node labels shuffled,synthetic_control_only
within_system_label_shuffle__c60,within_system_label_shuffle,c60,within_system_label_shuffle__c60:C60_09,c60:C60_09,C60_09,C,sp2,0,unsaturated_fullerene_sp2,curved_fullerene_pi_network,curved_fullerene_sigma_cage,curved_fullerene_cage,0.730025574164,0.652954723658,0.201774106168,within-system node labels shuffled,synthetic_control_only
within_system_label_shuffle__c60,within_system_label_shuffle,c60,within_system_label_shuffle__c60:C60_10,c60:C60_10,C60_10,C,sp2,0,unsaturated_fullerene_sp2,curved_fullerene_pi_network,curved_fullerene_sigma_cage,curved_fullerene_cage,-0.201774106168,-0.979432085486,0.0,within-system node labels shuffled,synthetic_control_only
within_system_label_shuffle__c60,within_system_label_shuffle,c60,within_system_label_shuffle__c60:C60_11,c60:C60_11,C60_11,C,sp2,0,unsaturated_fullerene_sp2,curved_fullerene_pi_network,curved_fullerene_sigma_cage,curved_fullerene_cage,-0.403548212335,-0.854728829825,0.326477361829,within-system node labels shuffled,synthetic_control_only
within_system_label_shuffle__c60,within_system_label_shuffle,c60,within_system_label_shuffle__c60:C60_12,c60:C60_12,C60_12,C,sp2,0,unsaturated_fullerene_sp2,curved_fullerene_pi_network,curved_fullerene_sigma_cage,curved_fullerene_cage,-0.403548212335,-0.854728829825,-0.326477361829,within-system node labels shuffled,synthetic_control_only
within_system_label_shuffle__c60,within_system_label_shuffle,c60,within_system_label_shuffle__c60:C60_13,c60:C60_13,C60_13,C,sp2,0,unsaturated_fullerene_sp2,curved_fullerene_pi_network,curved_fullerene_sigma_cage,curved_fullerene_cage,-0.730025574164,-0.652954723658,-0.201774106168,within-system node labels shuffled,synthetic_control_only
within_system_label_shuffle__c60,within_system_label_shuffle,c60,within_system_label_shuffle__c60:C60_14,c60:C60_14,C60_14,C,sp2,0,unsaturated_fullerene_sp2,curved_fullerene_pi_network,curved_fullerene_sigma_cage,curved_fullerene_cage,-0.730025574164,-0.652954723658,0.201774106168,within-system node labels shuffled,synthetic_control_only
within_system_label_shuffle__c60,within_system_label_shuffle,c60,within_system_label_shuffle__c60:C60_15,c60:C60_15,C60_15,C,sp2,0,unsaturated_fullerene_sp2,curved_fullerene_pi_network,curved_fullerene_sigma_cage,curved_fullerene_cage,0.201774106168,-0.979432085486,0.0,within-system node labels shuffled,synthetic_control_only
within_system_label_shuffle__c60,within_system_label_shuffle,c60,within_system_label_shuffle__c60:C60_16,c60:C60_16,C60_16,C,sp2,0,unsaturated_fullerene_sp2,curved_fullerene_pi_network,curved_fullerene_sigma_cage,curved_fullerene_cage,0.403548212335,-0.854728829825,0.326477361829,within-system node labels shuffled,synthetic_control_only
within_system_label_shuffle__c60,within_system_label_shuffle,c60,within_system_label_shuffle__c60:C60_17,c60:C60_17,C60_17,C,sp2,0,unsaturated_fullerene_sp2,curved_fullerene_pi_network,curved_fullerene_sigma_cage,curved_fullerene_cage,0.403548212335,-0.854728829825,-0.326477361829,within-system node labels shuffled,synthetic_control_only
within_system_label_shuffle__c60,within_system_label_shuffle,c60,within_system_label_shuffle__c60:C60_18,c60:C60_18,C60_18,C,sp2,0,unsaturated_fullerene_sp2,curved_fullerene_pi_network,curved_fullerene_sigma_cage,curved_fullerene_cage,0.730025574164,-0.652954723658,-0.201774106168,within-system node labels shuffled,synthetic_control_only
within_system_label_shuffle__c60,within_system_label_shuffle,c60,within_system_label_shuffle__c60:C60_19,c60:C60_19,C60_19,C,sp2,0,unsaturated_fullerene_sp2,curved_fullerene_pi_network,curved_fullerene_sigma_cage,curved_fullerene_cage,0.730025574164,-0.652954723658,0.201774106168,within-system node labels shuffled,synthetic_control_only
within_system_label_shuffle__c60,within_system_label_shuffle,c60,within_system_label_shuffle__c60:C60_20,c60:C60_20,C60_20,C,sp2,0,unsaturated_fullerene_sp2,curved_fullerene_pi_network,curved_fullerene_sigma_cage,curved_fullerene_cage,-0.201774106168,-0.730025574164,0.652954723658,within-system node labels shuffled,synthetic_control_only
within_system_label_shuffle__c60,within_system_label_shuffle,c60,within_system_label_shuffle__c60:C60_21,c60:C60_21,C60_21,C,sp2,0,unsaturated_fullerene_sp2,curved_fullerene_pi_network,curved_fullerene_sigma_cage,curved_fullerene_cage,0.201774106168,-0.730025574164,0.652954723658,within-system node labels shuffled,synthetic_control_only
within_system_label_shuffle__c60,within_system_label_shuffle,c60,within_system_label_shuffle__c60:C60_22,c60:C60_22,C60_22,C,sp2,0,unsaturated_fullerene_sp2,curved_fullerene_pi_network,curved_fullerene_sigma_cage,curved_fullerene_cage,0.0,-0.201774106168,0.979432085486,within-system node labels shuffled,synthetic_control_only
within_system_label_shuffle__c60,within_system_label_shuffle,c60,within_system_label_shuffle__c60:C60_23,c60:C60_23,C60_23,C,sp2,0,unsaturated_fullerene_sp2,curved_fullerene_pi_network,curved_fullerene_sigma_cage,curved_fullerene_cage,0.326477361829,-0.403548212335,0.854728829825,within-system node labels shuffled,synthetic_control_only
within_system_label_shuffle__c60,within_system_label_shuffle,c60,within_system_label_shuffle__c60:C60_24,c60:C60_24,C60_24,C,sp2,0,unsaturated_fullerene_sp2,curved_fullerene_pi_network,curved_fullerene_sigma_cage,curved_fullerene_cage,-0.326477361829,-0.403548212335,0.854728829825,within-system node labels shuffled,synthetic_control_only
within_system_label_shuffle__c60,within_system_label_shuffle,c60,within_system_label_shuffle__c60:C60_25,c60:C60_25,C60_25,C,sp2,0,unsaturated_fullerene_sp2,curved_fullerene_pi_network,curved_fullerene_sigma_cage,curved_fullerene_cage,-0.201774106168,0.730025574164,0.652954723658,within-system node labels shuffled,synthetic_control_only
within_system_label_shuffle__c60,within_system_label_shuffle,c60,within_system_label_shuffle__c60:C60_26,c60:C60_26,C60_26,C,sp2,0,unsaturated_fullerene_sp2,curved_fullerene_pi_network,curved_fullerene_sigma_cage,curved_fullerene_cage,0.201774106168,0.730025574164,0.652954723658,within-system node labels shuffled,synthetic_control_only
within_system_label_shuffle__c60,within_system_label_shuffle,c60,within_system_label_shuffle__c60:C60_27,c60:C60_27,C60_27,C,sp2,0,unsaturated_fullerene_sp2,curved_fullerene_pi_network,curved_fullerene_sigma_cage,curved_fullerene_cage,0.0,0.201774106168,0.979432085486,within-system node labels shuffled,synthetic_control_only
within_system_label_shuffle__c60,within_system_label_shuffle,c60,within_system_label_shuffle__c60:C60_28,c60:C60_28,C60_28,C,sp2,0,unsaturated_fullerene_sp2,curved_fullerene_pi_network,curved_fullerene_sigma_cage,curved_fullerene_cage,0.326477361829,0.403548212335,0.854728829825,within-system node labels shuffled,synthetic_control_only
within_system_label_shuffle__c60,within_system_label_shuffle,c60,within_system_label_shuffle__c60:C60_29,c60:C60_29,C60_29,C,sp2,0,unsaturated_fullerene_sp2,curved_fullerene_pi_network,curved_fullerene_sigma_cage,curved_fullerene_cage,-0.326477361829,0.403548212335,0.854728829825,within-system node labels shuffled,synthetic_control_only
within_system_label_shuffle__c60,within_system_label_shuffle,c60,within_system_label_shuffle__c60:C60_30,c60:C60_30,C60_30,C,sp2,0,unsaturated_fullerene_sp2,curved_fullerene_pi_network,curved_fullerene_sigma_cage,curved_fullerene_cage,-0.201774106168,-0.730025574164,-0.652954723658,within-system node labels shuffled,synthetic_control_only
within_system_label_shuffle__c60,within_system_label_shuffle,c60,within_system_label_shuffle__c60:C60_31,c60:C60_31,C60_31,C,sp2,0,unsaturated_fullerene_sp2,curved_fullerene_pi_network,curved_fullerene_sigma_cage,curved_fullerene_cage,0.201774106168,-0.730025574164,-0.652954723658,within-system node labels shuffled,synthetic_control_only
within_system_label_shuffle__c60,within_system_label_shuffle,c60,within_system_label_shuffle__c60:C60_32,c60:C60_32,C60_32,C,sp2,0,unsaturated_fullerene_sp2,curved_fullerene_pi_network,curved_fullerene_sigma_cage,curved_fullerene_cage,0.0,-0.201774106168,-0.979432085486,within-system node labels shuffled,synthetic_control_only
within_system_label_shuffle__c60,within_system_label_shuffle,c60,within_system_label_shuffle__c60:C60_33,c60:C60_33,C60_33,C,sp2,0,unsaturated_fullerene_sp2,curved_fullerene_pi_network,curved_fullerene_sigma_cage,curved_fullerene_cage,0.326477361829,-0.403548212335,-0.854728829825,within-system node labels shuffled,synthetic_control_only
within_system_label_shuffle__c60,within_system_label_shuffle,c60,within_system_label_shuffle__c60:C60_34,c60:C60_34,C60_34,C,sp2,0,unsaturated_fullerene_sp2,curved_fullerene_pi_network,curved_fullerene_sigma_cage,curved_fullerene_cage,-0.326477361829,-0.403548212335,-0.854728829825,within-system node labels shuffled,synthetic_control_only
within_system_label_shuffle__c60,within_system_label_shuffle,c60,within_system_label_shuffle__c60:C60_35,c60:C60_35,C60_35,C,sp2,0,unsaturated_fullerene_sp2,curved_fullerene_pi_network,curved_fullerene_sigma_cage,curved_fullerene_cage,-0.201774106168,0.730025574164,-0.652954723658,within-system node labels shuffled,synthetic_control_only
within_system_label_shuffle__c60,within_system_label_shuffle,c60,within_system_label_shuffle__c60:C60_36,c60:C60_36,C60_36,C,sp2,0,unsaturated_fullerene_sp2,curved_fullerene_pi_network,curved_fullerene_sigma_cage,curved_fullerene_cage,0.201774106168,0.730025574164,-0.652954723658,within-system node labels shuffled,synthetic_control_only
within_system_label_shuffle__c60,within_system_label_shuffle,c60,within_system_label_shuffle__c60:C60_37,c60:C60_37,C60_37,C,sp2,0,unsaturated_fullerene_sp2,curved_fullerene_pi_network,curved_fullerene_sigma_cage,curved_fullerene_cage,0.0,0.201774106168,-0.979432085486,within-system node labels shuffled,synthetic_control_only
within_system_label_shuffle__c60,within_system_label_shuffle,c60,within_system_label_shuffle__c60:C60_38,c60:C60_38,C60_38,C,sp2,0,unsaturated_fullerene_sp2,curved_fullerene_pi_network,curved_fullerene_sigma_cage,curved_fullerene_cage,0.326477361829,0.403548212335,-0.854728829825,within-system node labels shuffled,synthetic_control_only
within_system_label_shuffle__c60,within_system_label_shuffle,c60,within_system_label_shuffle__c60:C60_39,c60:C60_39,C60_39,C,sp2,0,unsaturated_fullerene_sp2,curved_fullerene_pi_network,curved_fullerene_sigma_cage,curved_fullerene_cage,-0.326477361829,0.403548212335,-0.854728829825,within-system node labels shuffled,synthetic_control_only
within_system_label_shuffle__c60,within_system_label_shuffle,c60,within_system_label_shuffle__c60:C60_40,c60:C60_40,C60_40,C,sp2,0,unsaturated_fullerene_sp2,curved_fullerene_pi_network,curved_fullerene_sigma_cage,curved_fullerene_cage,0.854728829825,0.326477361829,-0.403548212335,within-system node labels shuffled,synthetic_control_only
within_system_label_shuffle__c60,within_system_label_shuffle,c60,within_system_label_shuffle__c60:C60_41,c60:C60_41,C60_41,C,sp2,0,unsaturated_fullerene_sp2,curved_fullerene_pi_network,curved_fullerene_sigma_cage,curved_fullerene_cage,0.854728829825,-0.326477361829,-0.403548212335,within-system node labels shuffled,synthetic_control_only
within_system_label_shuffle__c60,within_system_label_shuffle,c60,within_system_label_shuffle__c60:C60_42,c60:C60_42,C60_42,C,sp2,0,unsaturated_fullerene_sp2,curved_fullerene_pi_network,curved_fullerene_sigma_cage,curved_fullerene_cage,0.652954723658,-0.201774106168,-0.730025574164,within-system node labels shuffled,synthetic_control_only
within_system_label_shuffle__c60,within_system_label_shuffle,c60,within_system_label_shuffle__c60:C60_43,c60:C60_43,C60_43,C,sp2,0,unsaturated_fullerene_sp2,curved_fullerene_pi_network,curved_fullerene_sigma_cage,curved_fullerene_cage,0.652954723658,0.201774106168,-0.730025574164,within-system node labels shuffled,synthetic_control_only
within_system_label_shuffle__c60,within_system_label_shuffle,c60,within_system_label_shuffle__c60:C60_44,c60:C60_44,C60_44,C,sp2,0,unsaturated_fullerene_sp2,curved_fullerene_pi_network,curved_fullerene_sigma_cage,curved_fullerene_cage,0.979432085486,0.0,-0.201774106168,within-system node labels shuffled,synthetic_control_only
within_system_label_shuffle__c60,within_system_label_shuffle,c60,within_system_label_shuffle__c60:C60_45,c60:C60_45,C60_45,C,sp2,0,unsaturated_fullerene_sp2,curved_fullerene_pi_network,curved_fullerene_sigma_cage,curved_fullerene_cage,0.854728829825,0.326477361829,0.403548212335,within-system node labels shuffled,synthetic_control_only
within_system_label_shuffle__c60,within_system_label_shuffle,c60,within_system_label_shuffle__c60:C60_46,c60:C60_46,C60_46,C,sp2,0,unsaturated_fullerene_sp2,curved_fullerene_pi_network,curved_fullerene_sigma_cage,curved_fullerene_cage,0.854728829825,-0.326477361829,0.403548212335,within-system node labels shuffled,synthetic_control_only
within_system_label_shuffle__c60,within_system_label_shuffle,c60,within_system_label_shuffle__c60:C60_47,c60:C60_47,C60_47,C,sp2,0,unsaturated_fullerene_sp2,curved_fullerene_pi_network,curved_fullerene_sigma_cage,curved_fullerene_cage,0.652954723658,-0.201774106168,0.730025574164,within-system node labels shuffled,synthetic_control_only
within_system_label_shuffle__c60,within_system_label_shuffle,c60,within_system_label_shuffle__c60:C60_48,c60:C60_48,C60_48,C,sp2,0,unsaturated_fullerene_sp2,curved_fullerene_pi_network,curved_fullerene_sigma_cage,curved_fullerene_cage,0.652954723658,0.201774106168,0.730025574164,within-system node labels shuffled,synthetic_control_only
within_system_label_shuffle__c60,within_system_label_shuffle,c60,within_system_label_shuffle__c60:C60_49,c60:C60_49,C60_49,C,sp2,0,unsaturated_fullerene_sp2,curved_fullerene_pi_network,curved_fullerene_sigma_cage,curved_fullerene_cage,0.979432085486,0.0,0.201774106168,within-system node labels shuffled,synthetic_control_only
within_system_label_shuffle__c60,within_system_label_shuffle,c60,within_system_label_shuffle__c60:C60_50,c60:C60_50,C60_50,C,sp2,0,unsaturated_fullerene_sp2,curved_fullerene_pi_network,curved_fullerene_sigma_cage,curved_fullerene_cage,-0.854728829825,0.326477361829,-0.403548212335,within-system node labels shuffled,synthetic_control_only
within_system_label_shuffle__c60,within_system_label_shuffle,c60,within_system_label_shuffle__c60:C60_51,c60:C60_51,C60_51,C,sp2,0,unsaturated_fullerene_sp2,curved_fullerene_pi_network,curved_fullerene_sigma_cage,curved_fullerene_cage,-0.854728829825,-0.326477361829,-0.403548212335,within-system node labels shuffled,synthetic_control_only
within_system_label_shuffle__c60,within_system_label_shuffle,c60,within_system_label_shuffle__c60:C60_52,c60:C60_52,C60_52,C,sp2,0,unsaturated_fullerene_sp2,curved_fullerene_pi_network,curved_fullerene_sigma_cage,curved_fullerene_cage,-0.652954723658,-0.201774106168,-0.730025574164,within-system node labels shuffled,synthetic_control_only
within_system_label_shuffle__c60,within_system_label_shuffle,c60,within_system_label_shuffle__c60:C60_53,c60:C60_53,C60_53,C,sp2,0,unsaturated_fullerene_sp2,curved_fullerene_pi_network,curved_fullerene_sigma_cage,curved_fullerene_cage,-0.652954723658,0.201774106168,-0.730025574164,within-system node labels shuffled,synthetic_control_only
within_system_label_shuffle__c60,within_system_label_shuffle,c60,within_system_label_shuffle__c60:C60_54,c60:C60_54,C60_54,C,sp2,0,unsaturated_fullerene_sp2,curved_fullerene_pi_network,curved_fullerene_sigma_cage,curved_fullerene_cage,-0.979432085486,0.0,-0.201774106168,within-system node labels shuffled,synthetic_control_only
within_system_label_shuffle__c60,within_system_label_shuffle,c60,within_system_label_shuffle__c60:C60_55,c60:C60_55,C60_55,C,sp2,0,unsaturated_fullerene_sp2,curved_fullerene_pi_network,curved_fullerene_sigma_cage,curved_fullerene_cage,-0.854728829825,0.326477361829,0.403548212335,within-system node labels shuffled,synthetic_control_only
within_system_label_shuffle__c60,within_system_label_shuffle,c60,within_system_label_shuffle__c60:C60_56,c60:C60_56,C60_56,C,sp2,0,unsaturated_fullerene_sp2,curved_fullerene_pi_network,curved_fullerene_sigma_cage,curved_fullerene_cage,-0.854728829825,-0.326477361829,0.403548212335,within-system node labels shuffled,synthetic_control_only
within_system_label_shuffle__c60,within_system_label_shuffle,c60,within_system_label_shuffle__c60:C60_57,c60:C60_57,C60_57,C,sp2,0,unsaturated_fullerene_sp2,curved_fullerene_pi_network,curved_fullerene_sigma_cage,curved_fullerene_cage,-0.652954723658,-0.201774106168,0.730025574164,within-system node labels shuffled,synthetic_control_only
within_system_label_shuffle__c60,within_system_label_shuffle,c60,within_system_label_shuffle__c60:C60_58,c60:C60_58,C60_58,C,sp2,0,unsaturated_fullerene_sp2,curved_fullerene_pi_network,curved_fullerene_sigma_cage,curved_fullerene_cage,-0.652954723658,0.201774106168,0.730025574164,within-system node labels shuffled,synthetic_control_only
within_system_label_shuffle__c60,within_system_label_shuffle,c60,within_system_label_shuffle__c60:C60_59,c60:C60_59,C60_59,C,sp2,0,unsaturated_fullerene_sp2,curved_fullerene_pi_network,curved_fullerene_sigma_cage,curved_fullerene_cage,-0.979432085486,0.0,0.201774106168,within-system node labels shuffled,synthetic_control_only
within_system_label_shuffle__ethyne,within_system_label_shuffle,ethyne,within_system_label_shuffle__ethyne:Eth_00,ethyne:Eth_00,Eth_00,C,sp,1,unsaturated,linear_triple_bond_pi_pair,linear_sigma_axis,linear_sp_carbon_wire,-0.5,0.0,0.0,within-system node labels shuffled,synthetic_control_only
within_system_label_shuffle__ethyne,within_system_label_shuffle,ethyne,within_system_label_shuffle__ethyne:Eth_01,ethyne:Eth_01,Eth_01,C,sp,1,unsaturated,linear_triple_bond_pi_pair,linear_sigma_axis,linear_sp_carbon_wire,0.5,0.0,0.0,within-system node labels shuffled,synthetic_control_only
cross_system_label_swap__adamantane,cross_system_label_swap,adamantane,cross_system_label_swap__adamantane:Ada_00,adamantane:Ada_00,Ada_00,C,sp2,1,aromatic_unsaturated,planar_aromatic_pi_ring,planar_ring_sigma_framework,saturated_sp3_diamondoid_cage,1.0,1.0,1.0,node labels swapped from next source system,synthetic_control_only
cross_system_label_swap__adamantane,cross_system_label_swap,adamantane,cross_system_label_swap__adamantane:Ada_01,adamantane:Ada_01,Ada_01,C,sp2,1,aromatic_unsaturated,planar_aromatic_pi_ring,planar_ring_sigma_framework,saturated_sp3_diamondoid_cage,1.0,-1.0,-1.0,node labels swapped from next source system,synthetic_control_only
cross_system_label_swap__adamantane,cross_system_label_swap,adamantane,cross_system_label_swap__adamantane:Ada_02,adamantane:Ada_02,Ada_02,C,sp2,1,aromatic_unsaturated,planar_aromatic_pi_ring,planar_ring_sigma_framework,saturated_sp3_diamondoid_cage,-1.0,1.0,-1.0,node labels swapped from next source system,synthetic_control_only
cross_system_label_swap__adamantane,cross_system_label_swap,adamantane,cross_system_label_swap__adamantane:Ada_03,adamantane:Ada_03,Ada_03,C,sp2,1,aromatic_unsaturated,planar_aromatic_pi_ring,planar_ring_sigma_framework,saturated_sp3_diamondoid_cage,-1.0,-1.0,1.0,node labels swapped from next source system,synthetic_control_only
cross_system_label_swap__adamantane,cross_system_label_swap,adamantane,cross_system_label_swap__adamantane:Ada_04,adamantane:Ada_04,Ada_04,C,sp2,1,aromatic_unsaturated,planar_aromatic_pi_ring,planar_ring_sigma_framework,saturated_sp3_diamondoid_cage,1.0,0.0,0.0,node labels swapped from next source system,synthetic_control_only
cross_system_label_swap__adamantane,cross_system_label_swap,adamantane,cross_system_label_swap__adamantane:Ada_05,adamantane:Ada_05,Ada_05,C,sp2,1,aromatic_unsaturated,planar_aromatic_pi_ring,planar_ring_sigma_framework,saturated_sp3_diamondoid_cage,0.0,1.0,0.0,node labels swapped from next source system,synthetic_control_only
cross_system_label_swap__adamantane,cross_system_label_swap,adamantane,cross_system_label_swap__adamantane:Ada_06,adamantane:Ada_06,Ada_06,C,sp2,1,aromatic_unsaturated,planar_aromatic_pi_ring,planar_ring_sigma_framework,saturated_sp3_diamondoid_cage,0.0,0.0,1.0,node labels swapped from next source system,synthetic_control_only
cross_system_label_swap__adamantane,cross_system_label_swap,adamantane,cross_system_label_swap__adamantane:Ada_07,adamantane:Ada_07,Ada_07,C,sp2,1,aromatic_unsaturated,planar_aromatic_pi_ring,planar_ring_sigma_framework,saturated_sp3_diamondoid_cage,0.0,0.0,-1.0,node labels swapped from next source system,synthetic_control_only
cross_system_label_swap__adamantane,cross_system_label_swap,adamantane,cross_system_label_swap__adamantane:Ada_08,adamantane:Ada_08,Ada_08,C,sp2,1,aromatic_unsaturated,planar_aromatic_pi_ring,planar_ring_sigma_framework,saturated_sp3_diamondoid_cage,0.0,-1.0,0.0,node labels swapped from next source system,synthetic_control_only
cross_system_label_swap__adamantane,cross_system_label_swap,adamantane,cross_system_label_swap__adamantane:Ada_09,adamantane:Ada_09,Ada_09,C,sp2,1,aromatic_unsaturated,planar_aromatic_pi_ring,planar_ring_sigma_framework,saturated_sp3_diamondoid_cage,-1.0,0.0,0.0,node labels swapped from next source system,synthetic_control_only
cross_system_label_swap__benzene,cross_system_label_swap,benzene,cross_system_label_swap__benzene:Bz_00,benzene:Bz_00,Bz_00,C,sp2,0,unsaturated_fullerene_sp2,curved_fullerene_pi_network,curved_fullerene_sigma_cage,planar_aromatic_ring,1.0,0.0,0.0,node labels swapped from next source system,synthetic_control_only
cross_system_label_swap__benzene,cross_system_label_swap,benzene,cross_system_label_swap__benzene:Bz_01,benzene:Bz_01,Bz_01,C,sp2,0,unsaturated_fullerene_sp2,curved_fullerene_pi_network,curved_fullerene_sigma_cage,planar_aromatic_ring,0.5,0.866025403784,0.0,node labels swapped from next source system,synthetic_control_only
cross_system_label_swap__benzene,cross_system_label_swap,benzene,cross_system_label_swap__benzene:Bz_02,benzene:Bz_02,Bz_02,C,sp2,0,unsaturated_fullerene_sp2,curved_fullerene_pi_network,curved_fullerene_sigma_cage,planar_aromatic_ring,-0.5,0.866025403784,0.0,node labels swapped from next source system,synthetic_control_only
cross_system_label_swap__benzene,cross_system_label_swap,benzene,cross_system_label_swap__benzene:Bz_03,benzene:Bz_03,Bz_03,C,sp2,0,unsaturated_fullerene_sp2,curved_fullerene_pi_network,curved_fullerene_sigma_cage,planar_aromatic_ring,-1.0,0.0,0.0,node labels swapped from next source system,synthetic_control_only
cross_system_label_swap__benzene,cross_system_label_swap,benzene,cross_system_label_swap__benzene:Bz_04,benzene:Bz_04,Bz_04,C,sp2,0,unsaturated_fullerene_sp2,curved_fullerene_pi_network,curved_fullerene_sigma_cage,planar_aromatic_ring,-0.5,-0.866025403784,0.0,node labels swapped from next source system,synthetic_control_only
cross_system_label_swap__benzene,cross_system_label_swap,benzene,cross_system_label_swap__benzene:Bz_05,benzene:Bz_05,Bz_05,C,sp2,0,unsaturated_fullerene_sp2,curved_fullerene_pi_network,curved_fullerene_sigma_cage,planar_aromatic_ring,0.5,-0.866025403784,0.0,node labels swapped from next source system,synthetic_control_only
cross_system_label_swap__c60,cross_system_label_swap,c60,cross_system_label_swap__c60:C60_00,c60:C60_00,C60_00,C,sp,1,unsaturated,linear_triple_bond_pi_pair,linear_sigma_axis,curved_fullerene_cage,-0.201774106168,0.979432085486,0.0,node labels swapped from next source system,synthetic_control_only
cross_system_label_swap__c60,cross_system_label_swap,c60,cross_system_label_swap__c60:C60_01,c60:C60_01,C60_01,C,sp,1,unsaturated,linear_triple_bond_pi_pair,linear_sigma_axis,curved_fullerene_cage,-0.403548212335,0.854728829825,0.326477361829,node labels swapped from next source system,synthetic_control_only
cross_system_label_swap__c60,cross_system_label_swap,c60,cross_system_label_swap__c60:C60_02,c60:C60_02,C60_02,C,sp,1,unsaturated,linear_triple_bond_pi_pair,linear_sigma_axis,curved_fullerene_cage,-0.403548212335,0.854728829825,-0.326477361829,node labels swapped from next source system,synthetic_control_only
cross_system_label_swap__c60,cross_system_label_swap,c60,cross_system_label_swap__c60:C60_03,c60:C60_03,C60_03,C,sp,1,unsaturated,linear_triple_bond_pi_pair,linear_sigma_axis,curved_fullerene_cage,-0.730025574164,0.652954723658,-0.201774106168,node labels swapped from next source system,synthetic_control_only
cross_system_label_swap__c60,cross_system_label_swap,c60,cross_system_label_swap__c60:C60_04,c60:C60_04,C60_04,C,sp,1,unsaturated,linear_triple_bond_pi_pair,linear_sigma_axis,curved_fullerene_cage,-0.730025574164,0.652954723658,0.201774106168,node labels swapped from next source system,synthetic_control_only
cross_system_label_swap__c60,cross_system_label_swap,c60,cross_system_label_swap__c60:C60_05,c60:C60_05,C60_05,C,sp,1,unsaturated,linear_triple_bond_pi_pair,linear_sigma_axis,curved_fullerene_cage,0.201774106168,0.979432085486,0.0,node labels swapped from next source system,synthetic_control_only
cross_system_label_swap__c60,cross_system_label_swap,c60,cross_system_label_swap__c60:C60_06,c60:C60_06,C60_06,C,sp,1,unsaturated,linear_triple_bond_pi_pair,linear_sigma_axis,curved_fullerene_cage,0.403548212335,0.854728829825,0.326477361829,node labels swapped from next source system,synthetic_control_only
cross_system_label_swap__c60,cross_system_label_swap,c60,cross_system_label_swap__c60:C60_07,c60:C60_07,C60_07,C,sp,1,unsaturated,linear_triple_bond_pi_pair,linear_sigma_axis,curved_fullerene_cage,0.403548212335,0.854728829825,-0.326477361829,node labels swapped from next source system,synthetic_control_only
cross_system_label_swap__c60,cross_system_label_swap,c60,cross_system_label_swap__c60:C60_08,c60:C60_08,C60_08,C,sp,1,unsaturated,linear_triple_bond_pi_pair,linear_sigma_axis,curved_fullerene_cage,0.730025574164,0.652954723658,-0.201774106168,node labels swapped from next source system,synthetic_control_only
cross_system_label_swap__c60,cross_system_label_swap,c60,cross_system_label_swap__c60:C60_09,c60:C60_09,C60_09,C,sp,1,unsaturated,linear_triple_bond_pi_pair,linear_sigma_axis,curved_fullerene_cage,0.730025574164,0.652954723658,0.201774106168,node labels swapped from next source system,synthetic_control_only
cross_system_label_swap__c60,cross_system_label_swap,c60,cross_system_label_swap__c60:C60_10,c60:C60_10,C60_10,C,sp,1,unsaturated,linear_triple_bond_pi_pair,linear_sigma_axis,curved_fullerene_cage,-0.201774106168,-0.979432085486,0.0,node labels swapped from next source system,synthetic_control_only
cross_system_label_swap__c60,cross_system_label_swap,c60,cross_system_label_swap__c60:C60_11,c60:C60_11,C60_11,C,sp,1,unsaturated,linear_triple_bond_pi_pair,linear_sigma_axis,curved_fullerene_cage,-0.403548212335,-0.854728829825,0.326477361829,node labels swapped from next source system,synthetic_control_only
cross_system_label_swap__c60,cross_system_label_swap,c60,cross_system_label_swap__c60:C60_12,c60:C60_12,C60_12,C,sp,1,unsaturated,linear_triple_bond_pi_pair,linear_sigma_axis,curved_fullerene_cage,-0.403548212335,-0.854728829825,-0.326477361829,node labels swapped from next source system,synthetic_control_only
cross_system_label_swap__c60,cross_system_label_swap,c60,cross_system_label_swap__c60:C60_13,c60:C60_13,C60_13,C,sp,1,unsaturated,linear_triple_bond_pi_pair,linear_sigma_axis,curved_fullerene_cage,-0.730025574164,-0.652954723658,-0.201774106168,node labels swapped from next source system,synthetic_control_only
cross_system_label_swap__c60,cross_system_label_swap,c60,cross_system_label_swap__c60:C60_14,c60:C60_14,C60_14,C,sp,1,unsaturated,linear_triple_bond_pi_pair,linear_sigma_axis,curved_fullerene_cage,-0.730025574164,-0.652954723658,0.201774106168,node labels swapped from next source system,synthetic_control_only
cross_system_label_swap__c60,cross_system_label_swap,c60,cross_system_label_swap__c60:C60_15,c60:C60_15,C60_15,C,sp,1,unsaturated,linear_triple_bond_pi_pair,linear_sigma_axis,curved_fullerene_cage,0.201774106168,-0.979432085486,0.0,node labels swapped from next source system,synthetic_control_only
cross_system_label_swap__c60,cross_system_label_swap,c60,cross_system_label_swap__c60:C60_16,c60:C60_16,C60_16,C,sp,1,unsaturated,linear_triple_bond_pi_pair,linear_sigma_axis,curved_fullerene_cage,0.403548212335,-0.854728829825,0.326477361829,node labels swapped from next source system,synthetic_control_only
cross_system_label_swap__c60,cross_system_label_swap,c60,cross_system_label_swap__c60:C60_17,c60:C60_17,C60_17,C,sp,1,unsaturated,linear_triple_bond_pi_pair,linear_sigma_axis,curved_fullerene_cage,0.403548212335,-0.854728829825,-0.326477361829,node labels swapped from next source system,synthetic_control_only
cross_system_label_swap__c60,cross_system_label_swap,c60,cross_system_label_swap__c60:C60_18,c60:C60_18,C60_18,C,sp,1,unsaturated,linear_triple_bond_pi_pair,linear_sigma_axis,curved_fullerene_cage,0.730025574164,-0.652954723658,-0.201774106168,node labels swapped from next source system,synthetic_control_only
cross_system_label_swap__c60,cross_system_label_swap,c60,cross_system_label_swap__c60:C60_19,c60:C60_19,C60_19,C,sp,1,unsaturated,linear_triple_bond_pi_pair,linear_sigma_axis,curved_fullerene_cage,0.730025574164,-0.652954723658,0.201774106168,node labels swapped from next source system,synthetic_control_only
cross_system_label_swap__c60,cross_system_label_swap,c60,cross_system_label_swap__c60:C60_20,c60:C60_20,C60_20,C,sp,1,unsaturated,linear_triple_bond_pi_pair,linear_sigma_axis,curved_fullerene_cage,-0.201774106168,-0.730025574164,0.652954723658,node labels swapped from next source system,synthetic_control_only
cross_system_label_swap__c60,cross_system_label_swap,c60,cross_system_label_swap__c60:C60_21,c60:C60_21,C60_21,C,sp,1,unsaturated,linear_triple_bond_pi_pair,linear_sigma_axis,curved_fullerene_cage,0.201774106168,-0.730025574164,0.652954723658,node labels swapped from next source system,synthetic_control_only
cross_system_label_swap__c60,cross_system_label_swap,c60,cross_system_label_swap__c60:C60_22,c60:C60_22,C60_22,C,sp,1,unsaturated,linear_triple_bond_pi_pair,linear_sigma_axis,curved_fullerene_cage,0.0,-0.201774106168,0.979432085486,node labels swapped from next source system,synthetic_control_only
cross_system_label_swap__c60,cross_system_label_swap,c60,cross_system_label_swap__c60:C60_23,c60:C60_23,C60_23,C,sp,1,unsaturated,linear_triple_bond_pi_pair,linear_sigma_axis,curved_fullerene_cage,0.326477361829,-0.403548212335,0.854728829825,node labels swapped from next source system,synthetic_control_only
cross_system_label_swap__c60,cross_system_label_swap,c60,cross_system_label_swap__c60:C60_24,c60:C60_24,C60_24,C,sp,1,unsaturated,linear_triple_bond_pi_pair,linear_sigma_axis,curved_fullerene_cage,-0.326477361829,-0.403548212335,0.854728829825,node labels swapped from next source system,synthetic_control_only
cross_system_label_swap__c60,cross_system_label_swap,c60,cross_system_label_swap__c60:C60_25,c60:C60_25,C60_25,C,sp,1,unsaturated,linear_triple_bond_pi_pair,linear_sigma_axis,curved_fullerene_cage,-0.201774106168,0.730025574164,0.652954723658,node labels swapped from next source system,synthetic_control_only
cross_system_label_swap__c60,cross_system_label_swap,c60,cross_system_label_swap__c60:C60_26,c60:C60_26,C60_26,C,sp,1,unsaturated,linear_triple_bond_pi_pair,linear_sigma_axis,curved_fullerene_cage,0.201774106168,0.730025574164,0.652954723658,node labels swapped from next source system,synthetic_control_only
cross_system_label_swap__c60,cross_system_label_swap,c60,cross_system_label_swap__c60:C60_27,c60:C60_27,C60_27,C,sp,1,unsaturated,linear_triple_bond_pi_pair,linear_sigma_axis,curved_fullerene_cage,0.0,0.201774106168,0.979432085486,node labels swapped from next source system,synthetic_control_only
cross_system_label_swap__c60,cross_system_label_swap,c60,cross_system_label_swap__c60:C60_28,c60:C60_28,C60_28,C,sp,1,unsaturated,linear_triple_bond_pi_pair,linear_sigma_axis,curved_fullerene_cage,0.326477361829,0.403548212335,0.854728829825,node labels swapped from next source system,synthetic_control_only
cross_system_label_swap__c60,cross_system_label_swap,c60,cross_system_label_swap__c60:C60_29,c60:C60_29,C60_29,C,sp,1,unsaturated,linear_triple_bond_pi_pair,linear_sigma_axis,curved_fullerene_cage,-0.326477361829,0.403548212335,0.854728829825,node labels swapped from next source system,synthetic_control_only
cross_system_label_swap__c60,cross_system_label_swap,c60,cross_system_label_swap__c60:C60_30,c60:C60_30,C60_30,C,sp,1,unsaturated,linear_triple_bond_pi_pair,linear_sigma_axis,curved_fullerene_cage,-0.201774106168,-0.730025574164,-0.652954723658,node labels swapped from next source system,synthetic_control_only
cross_system_label_swap__c60,cross_system_label_swap,c60,cross_system_label_swap__c60:C60_31,c60:C60_31,C60_31,C,sp,1,unsaturated,linear_triple_bond_pi_pair,linear_sigma_axis,curved_fullerene_cage,0.201774106168,-0.730025574164,-0.652954723658,node labels swapped from next source system,synthetic_control_only
cross_system_label_swap__c60,cross_system_label_swap,c60,cross_system_label_swap__c60:C60_32,c60:C60_32,C60_32,C,sp,1,unsaturated,linear_triple_bond_pi_pair,linear_sigma_axis,curved_fullerene_cage,0.0,-0.201774106168,-0.979432085486,node labels swapped from next source system,synthetic_control_only
cross_system_label_swap__c60,cross_system_label_swap,c60,cross_system_label_swap__c60:C60_33,c60:C60_33,C60_33,C,sp,1,unsaturated,linear_triple_bond_pi_pair,linear_sigma_axis,curved_fullerene_cage,0.326477361829,-0.403548212335,-0.854728829825,node labels swapped from next source system,synthetic_control_only
cross_system_label_swap__c60,cross_system_label_swap,c60,cross_system_label_swap__c60:C60_34,c60:C60_34,C60_34,C,sp,1,unsaturated,linear_triple_bond_pi_pair,linear_sigma_axis,curved_fullerene_cage,-0.326477361829,-0.403548212335,-0.854728829825,node labels swapped from next source system,synthetic_control_only
cross_system_label_swap__c60,cross_system_label_swap,c60,cross_system_label_swap__c60:C60_35,c60:C60_35,C60_35,C,sp,1,unsaturated,linear_triple_bond_pi_pair,linear_sigma_axis,curved_fullerene_cage,-0.201774106168,0.730025574164,-0.652954723658,node labels swapped from next source system,synthetic_control_only
cross_system_label_swap__c60,cross_system_label_swap,c60,cross_system_label_swap__c60:C60_36,c60:C60_36,C60_36,C,sp,1,unsaturated,linear_triple_bond_pi_pair,linear_sigma_axis,curved_fullerene_cage,0.201774106168,0.730025574164,-0.652954723658,node labels swapped from next source system,synthetic_control_only
cross_system_label_swap__c60,cross_system_label_swap,c60,cross_system_label_swap__c60:C60_37,c60:C60_37,C60_37,C,sp,1,unsaturated,linear_triple_bond_pi_pair,linear_sigma_axis,curved_fullerene_cage,0.0,0.201774106168,-0.979432085486,node labels swapped from next source system,synthetic_control_only
cross_system_label_swap__c60,cross_system_label_swap,c60,cross_system_label_swap__c60:C60_38,c60:C60_38,C60_38,C,sp,1,unsaturated,linear_triple_bond_pi_pair,linear_sigma_axis,curved_fullerene_cage,0.326477361829,0.403548212335,-0.854728829825,node labels swapped from next source system,synthetic_control_only
cross_system_label_swap__c60,cross_system_label_swap,c60,cross_system_label_swap__c60:C60_39,c60:C60_39,C60_39,C,sp,1,unsaturated,linear_triple_bond_pi_pair,linear_sigma_axis,curved_fullerene_cage,-0.326477361829,0.403548212335,-0.854728829825,node labels swapped from next source system,synthetic_control_only
cross_system_label_swap__c60,cross_system_label_swap,c60,cross_system_label_swap__c60:C60_40,c60:C60_40,C60_40,C,sp,1,unsaturated,linear_triple_bond_pi_pair,linear_sigma_axis,curved_fullerene_cage,0.854728829825,0.326477361829,-0.403548212335,node labels swapped from next source system,synthetic_control_only
cross_system_label_swap__c60,cross_system_label_swap,c60,cross_system_label_swap__c60:C60_41,c60:C60_41,C60_41,C,sp,1,unsaturated,linear_triple_bond_pi_pair,linear_sigma_axis,curved_fullerene_cage,0.854728829825,-0.326477361829,-0.403548212335,node labels swapped from next source system,synthetic_control_only
cross_system_label_swap__c60,cross_system_label_swap,c60,cross_system_label_swap__c60:C60_42,c60:C60_42,C60_42,C,sp,1,unsaturated,linear_triple_bond_pi_pair,linear_sigma_axis,curved_fullerene_cage,0.652954723658,-0.201774106168,-0.730025574164,node labels swapped from next source system,synthetic_control_only
cross_system_label_swap__c60,cross_system_label_swap,c60,cross_system_label_swap__c60:C60_43,c60:C60_43,C60_43,C,sp,1,unsaturated,linear_triple_bond_pi_pair,linear_sigma_axis,curved_fullerene_cage,0.652954723658,0.201774106168,-0.730025574164,node labels swapped from next source system,synthetic_control_only
cross_system_label_swap__c60,cross_system_label_swap,c60,cross_system_label_swap__c60:C60_44,c60:C60_44,C60_44,C,sp,1,unsaturated,linear_triple_bond_pi_pair,linear_sigma_axis,curved_fullerene_cage,0.979432085486,0.0,-0.201774106168,node labels swapped from next source system,synthetic_control_only
cross_system_label_swap__c60,cross_system_label_swap,c60,cross_system_label_swap__c60:C60_45,c60:C60_45,C60_45,C,sp,1,unsaturated,linear_triple_bond_pi_pair,linear_sigma_axis,curved_fullerene_cage,0.854728829825,0.326477361829,0.403548212335,node labels swapped from next source system,synthetic_control_only
cross_system_label_swap__c60,cross_system_label_swap,c60,cross_system_label_swap__c60:C60_46,c60:C60_46,C60_46,C,sp,1,unsaturated,linear_triple_bond_pi_pair,linear_sigma_axis,curved_fullerene_cage,0.854728829825,-0.326477361829,0.403548212335,node labels swapped from next source system,synthetic_control_only
cross_system_label_swap__c60,cross_system_label_swap,c60,cross_system_label_swap__c60:C60_47,c60:C60_47,C60_47,C,sp,1,unsaturated,linear_triple_bond_pi_pair,linear_sigma_axis,curved_fullerene_cage,0.652954723658,-0.201774106168,0.730025574164,node labels swapped from next source system,synthetic_control_only
cross_system_label_swap__c60,cross_system_label_swap,c60,cross_system_label_swap__c60:C60_48,c60:C60_48,C60_48,C,sp,1,unsaturated,linear_triple_bond_pi_pair,linear_sigma_axis,curved_fullerene_cage,0.652954723658,0.201774106168,0.730025574164,node labels swapped from next source system,synthetic_control_only
cross_system_label_swap__c60,cross_system_label_swap,c60,cross_system_label_swap__c60:C60_49,c60:C60_49,C60_49,C,sp,1,unsaturated,linear_triple_bond_pi_pair,linear_sigma_axis,curved_fullerene_cage,0.979432085486,0.0,0.201774106168,node labels swapped from next source system,synthetic_control_only
cross_system_label_swap__c60,cross_system_label_swap,c60,cross_system_label_swap__c60:C60_50,c60:C60_50,C60_50,C,sp,1,unsaturated,linear_triple_bond_pi_pair,linear_sigma_axis,curved_fullerene_cage,-0.854728829825,0.326477361829,-0.403548212335,node labels swapped from next source system,synthetic_control_only
cross_system_label_swap__c60,cross_system_label_swap,c60,cross_system_label_swap__c60:C60_51,c60:C60_51,C60_51,C,sp,1,unsaturated,linear_triple_bond_pi_pair,linear_sigma_axis,curved_fullerene_cage,-0.854728829825,-0.326477361829,-0.403548212335,node labels swapped from next source system,synthetic_control_only
cross_system_label_swap__c60,cross_system_label_swap,c60,cross_system_label_swap__c60:C60_52,c60:C60_52,C60_52,C,sp,1,unsaturated,linear_triple_bond_pi_pair,linear_sigma_axis,curved_fullerene_cage,-0.652954723658,-0.201774106168,-0.730025574164,node labels swapped from next source system,synthetic_control_only
cross_system_label_swap__c60,cross_system_label_swap,c60,cross_system_label_swap__c60:C60_53,c60:C60_53,C60_53,C,sp,1,unsaturated,linear_triple_bond_pi_pair,linear_sigma_axis,curved_fullerene_cage,-0.652954723658,0.201774106168,-0.730025574164,node labels swapped from next source system,synthetic_control_only
cross_system_label_swap__c60,cross_system_label_swap,c60,cross_system_label_swap__c60:C60_54,c60:C60_54,C60_54,C,sp,1,unsaturated,linear_triple_bond_pi_pair,linear_sigma_axis,curved_fullerene_cage,-0.979432085486,0.0,-0.201774106168,node labels swapped from next source system,synthetic_control_only
cross_system_label_swap__c60,cross_system_label_swap,c60,cross_system_label_swap__c60:C60_55,c60:C60_55,C60_55,C,sp,1,unsaturated,linear_triple_bond_pi_pair,linear_sigma_axis,curved_fullerene_cage,-0.854728829825,0.326477361829,0.403548212335,node labels swapped from next source system,synthetic_control_only
cross_system_label_swap__c60,cross_system_label_swap,c60,cross_system_label_swap__c60:C60_56,c60:C60_56,C60_56,C,sp,1,unsaturated,linear_triple_bond_pi_pair,linear_sigma_axis,curved_fullerene_cage,-0.854728829825,-0.326477361829,0.403548212335,node labels swapped from next source system,synthetic_control_only
cross_system_label_swap__c60,cross_system_label_swap,c60,cross_system_label_swap__c60:C60_57,c60:C60_57,C60_57,C,sp,1,unsaturated,linear_triple_bond_pi_pair,linear_sigma_axis,curved_fullerene_cage,-0.652954723658,-0.201774106168,0.730025574164,node labels swapped from next source system,synthetic_control_only
cross_system_label_swap__c60,cross_system_label_swap,c60,cross_system_label_swap__c60:C60_58,c60:C60_58,C60_58,C,sp,1,unsaturated,linear_triple_bond_pi_pair,linear_sigma_axis,curved_fullerene_cage,-0.652954723658,0.201774106168,0.730025574164,node labels swapped from next source system,synthetic_control_only
cross_system_label_swap__c60,cross_system_label_swap,c60,cross_system_label_swap__c60:C60_59,c60:C60_59,C60_59,C,sp,1,unsaturated,linear_triple_bond_pi_pair,linear_sigma_axis,curved_fullerene_cage,-0.979432085486,0.0,0.201774106168,node labels swapped from next source system,synthetic_control_only
cross_system_label_swap__ethyne,cross_system_label_swap,ethyne,cross_system_label_swap__ethyne:Eth_00,ethyne:Eth_00,Eth_00,C,sp3,1,saturated,none,diamondoid_sigma_cage,linear_sp_carbon_wire,-0.5,0.0,0.0,node labels swapped from next source system,synthetic_control_only
cross_system_label_swap__ethyne,cross_system_label_swap,ethyne,cross_system_label_swap__ethyne:Eth_01,ethyne:Eth_01,Eth_01,C,sp3,1,saturated,none,diamondoid_sigma_cage,linear_sp_carbon_wire,0.5,0.0,0.0,node labels swapped from next source system,synthetic_control_only
topology_preserving_label_randomization__adamantane,topology_preserving_label_randomization,adamantane,topology_preserving_label_randomization__adamantane:Ada_00,adamantane:Ada_00,Ada_00,C,sp2,1,saturated,planar_aromatic_pi_ring,diamondoid_sigma_cage,saturated_sp3_diamondoid_cage,1.0,1.0,1.0,topology preserved; labels randomized from global scaffold pools,synthetic_control_only
topology_preserving_label_randomization__adamantane,topology_preserving_label_randomization,adamantane,topology_preserving_label_randomization__adamantane:Ada_01,adamantane:Ada_01,Ada_01,C,sp3,1,saturated,curved_fullerene_pi_network,curved_fullerene_sigma_cage,saturated_sp3_diamondoid_cage,1.0,-1.0,-1.0,topology preserved; labels randomized from global scaffold pools,synthetic_control_only
topology_preserving_label_randomization__adamantane,topology_preserving_label_randomization,adamantane,topology_preserving_label_randomization__adamantane:Ada_02,adamantane:Ada_02,Ada_02,C,sp2,1,saturated,curved_fullerene_pi_network,curved_fullerene_sigma_cage,saturated_sp3_diamondoid_cage,-1.0,1.0,-1.0,topology preserved; labels randomized from global scaffold pools,synthetic_control_only
topology_preserving_label_randomization__adamantane,topology_preserving_label_randomization,adamantane,topology_preserving_label_randomization__adamantane:Ada_03,adamantane:Ada_03,Ada_03,C,sp2,1,saturated,curved_fullerene_pi_network,curved_fullerene_sigma_cage,saturated_sp3_diamondoid_cage,-1.0,-1.0,1.0,topology preserved; labels randomized from global scaffold pools,synthetic_control_only
topology_preserving_label_randomization__adamantane,topology_preserving_label_randomization,adamantane,topology_preserving_label_randomization__adamantane:Ada_04,adamantane:Ada_04,Ada_04,C,sp3,2,saturated,none,curved_fullerene_sigma_cage,saturated_sp3_diamondoid_cage,1.0,0.0,0.0,topology preserved; labels randomized from global scaffold pools,synthetic_control_only
topology_preserving_label_randomization__adamantane,topology_preserving_label_randomization,adamantane,topology_preserving_label_randomization__adamantane:Ada_05,adamantane:Ada_05,Ada_05,C,sp2,2,saturated,none,curved_fullerene_sigma_cage,saturated_sp3_diamondoid_cage,0.0,1.0,0.0,topology preserved; labels randomized from global scaffold pools,synthetic_control_only
topology_preserving_label_randomization__adamantane,topology_preserving_label_randomization,adamantane,topology_preserving_label_randomization__adamantane:Ada_06,adamantane:Ada_06,Ada_06,C,sp2,2,saturated,planar_aromatic_pi_ring,curved_fullerene_sigma_cage,saturated_sp3_diamondoid_cage,0.0,0.0,1.0,topology preserved; labels randomized from global scaffold pools,synthetic_control_only
topology_preserving_label_randomization__adamantane,topology_preserving_label_randomization,adamantane,topology_preserving_label_randomization__adamantane:Ada_07,adamantane:Ada_07,Ada_07,C,sp2,2,saturated,curved_fullerene_pi_network,curved_fullerene_sigma_cage,saturated_sp3_diamondoid_cage,0.0,0.0,-1.0,topology preserved; labels randomized from global scaffold pools,synthetic_control_only
topology_preserving_label_randomization__adamantane,topology_preserving_label_randomization,adamantane,topology_preserving_label_randomization__adamantane:Ada_08,adamantane:Ada_08,Ada_08,C,sp2,2,saturated,none,curved_fullerene_sigma_cage,saturated_sp3_diamondoid_cage,0.0,-1.0,0.0,topology preserved; labels randomized from global scaffold pools,synthetic_control_only
topology_preserving_label_randomization__adamantane,topology_preserving_label_randomization,adamantane,topology_preserving_label_randomization__adamantane:Ada_09,adamantane:Ada_09,Ada_09,C,sp3,2,saturated,curved_fullerene_pi_network,curved_fullerene_sigma_cage,saturated_sp3_diamondoid_cage,-1.0,0.0,0.0,topology preserved; labels randomized from global scaffold pools,synthetic_control_only
topology_preserving_label_randomization__benzene,topology_preserving_label_randomization,benzene,topology_preserving_label_randomization__benzene:Bz_00,benzene:Bz_00,Bz_00,C,sp2,1,aromatic_unsaturated,curved_fullerene_pi_network,diamondoid_sigma_cage,planar_aromatic_ring,1.0,0.0,0.0,topology preserved; labels randomized from global scaffold pools,synthetic_control_only
topology_preserving_label_randomization__benzene,topology_preserving_label_randomization,benzene,topology_preserving_label_randomization__benzene:Bz_01,benzene:Bz_01,Bz_01,C,sp2,1,aromatic_unsaturated,curved_fullerene_pi_network,curved_fullerene_sigma_cage,planar_aromatic_ring,0.5,0.866025403784,0.0,topology preserved; labels randomized from global scaffold pools,synthetic_control_only
topology_preserving_label_randomization__benzene,topology_preserving_label_randomization,benzene,topology_preserving_label_randomization__benzene:Bz_02,benzene:Bz_02,Bz_02,C,sp2,1,aromatic_unsaturated,curved_fullerene_pi_network,curved_fullerene_sigma_cage,planar_aromatic_ring,-0.5,0.866025403784,0.0,topology preserved; labels randomized from global scaffold pools,synthetic_control_only
topology_preserving_label_randomization__benzene,topology_preserving_label_randomization,benzene,topology_preserving_label_randomization__benzene:Bz_03,benzene:Bz_03,Bz_03,C,sp2,1,aromatic_unsaturated,curved_fullerene_pi_network,curved_fullerene_sigma_cage,planar_aromatic_ring,-1.0,0.0,0.0,topology preserved; labels randomized from global scaffold pools,synthetic_control_only
topology_preserving_label_randomization__benzene,topology_preserving_label_randomization,benzene,topology_preserving_label_randomization__benzene:Bz_04,benzene:Bz_04,Bz_04,C,sp2,1,aromatic_unsaturated,curved_fullerene_pi_network,curved_fullerene_sigma_cage,planar_aromatic_ring,-0.5,-0.866025403784,0.0,topology preserved; labels randomized from global scaffold pools,synthetic_control_only
topology_preserving_label_randomization__benzene,topology_preserving_label_randomization,benzene,topology_preserving_label_randomization__benzene:Bz_05,benzene:Bz_05,Bz_05,C,sp2,1,aromatic_unsaturated,curved_fullerene_pi_network,curved_fullerene_sigma_cage,planar_aromatic_ring,0.5,-0.866025403784,0.0,topology preserved; labels randomized from global scaffold pools,synthetic_control_only
topology_preserving_label_randomization__c60,topology_preserving_label_randomization,c60,topology_preserving_label_randomization__c60:C60_00,c60:C60_00,C60_00,C,sp3,0,unsaturated_fullerene_sp2,curved_fullerene_pi_network,curved_fullerene_sigma_cage,curved_fullerene_cage,-0.201774106168,0.979432085486,0.0,topology preserved; labels randomized from global scaffold pools,synthetic_control_only
topology_preserving_label_randomization__c60,topology_preserving_label_randomization,c60,topology_preserving_label_randomization__c60:C60_01,c60:C60_01,C60_01,C,sp2,0,unsaturated_fullerene_sp2,curved_fullerene_pi_network,curved_fullerene_sigma_cage,curved_fullerene_cage,-0.403548212335,0.854728829825,0.326477361829,topology preserved; labels randomized from global scaffold pools,synthetic_control_only
topology_preserving_label_randomization__c60,topology_preserving_label_randomization,c60,topology_preserving_label_randomization__c60:C60_02,c60:C60_02,C60_02,C,sp2,0,unsaturated_fullerene_sp2,curved_fullerene_pi_network,diamondoid_sigma_cage,curved_fullerene_cage,-0.403548212335,0.854728829825,-0.326477361829,topology preserved; labels randomized from global scaffold pools,synthetic_control_only
topology_preserving_label_randomization__c60,topology_preserving_label_randomization,c60,topology_preserving_label_randomization__c60:C60_03,c60:C60_03,C60_03,C,sp2,0,unsaturated_fullerene_sp2,curved_fullerene_pi_network,curved_fullerene_sigma_cage,curved_fullerene_cage,-0.730025574164,0.652954723658,-0.201774106168,topology preserved; labels randomized from global scaffold pools,synthetic_control_only
topology_preserving_label_randomization__c60,topology_preserving_label_randomization,c60,topology_preserving_label_randomization__c60:C60_04,c60:C60_04,C60_04,C,sp2,0,unsaturated_fullerene_sp2,curved_fullerene_pi_network,diamondoid_sigma_cage,curved_fullerene_cage,-0.730025574164,0.652954723658,0.201774106168,topology preserved; labels randomized from global scaffold pools,synthetic_control_only
topology_preserving_label_randomization__c60,topology_preserving_label_randomization,c60,topology_preserving_label_randomization__c60:C60_05,c60:C60_05,C60_05,C,sp2,0,unsaturated_fullerene_sp2,curved_fullerene_pi_network,curved_fullerene_sigma_cage,curved_fullerene_cage,0.201774106168,0.979432085486,0.0,topology preserved; labels randomized from global scaffold pools,synthetic_control_only
topology_preserving_label_randomization__c60,topology_preserving_label_randomization,c60,topology_preserving_label_randomization__c60:C60_06,c60:C60_06,C60_06,C,sp2,0,unsaturated_fullerene_sp2,planar_aromatic_pi_ring,curved_fullerene_sigma_cage,curved_fullerene_cage,0.403548212335,0.854728829825,0.326477361829,topology preserved; labels randomized from global scaffold pools,synthetic_control_only
topology_preserving_label_randomization__c60,topology_preserving_label_randomization,c60,topology_preserving_label_randomization__c60:C60_07,c60:C60_07,C60_07,C,sp2,0,unsaturated_fullerene_sp2,curved_fullerene_pi_network,curved_fullerene_sigma_cage,curved_fullerene_cage,0.403548212335,0.854728829825,-0.326477361829,topology preserved; labels randomized from global scaffold pools,synthetic_control_only
topology_preserving_label_randomization__c60,topology_preserving_label_randomization,c60,topology_preserving_label_randomization__c60:C60_08,c60:C60_08,C60_08,C,sp,0,unsaturated_fullerene_sp2,curved_fullerene_pi_network,curved_fullerene_sigma_cage,curved_fullerene_cage,0.730025574164,0.652954723658,-0.201774106168,topology preserved; labels randomized from global scaffold pools,synthetic_control_only
topology_preserving_label_randomization__c60,topology_preserving_label_randomization,c60,topology_preserving_label_randomization__c60:C60_09,c60:C60_09,C60_09,C,sp3,0,unsaturated_fullerene_sp2,curved_fullerene_pi_network,curved_fullerene_sigma_cage,curved_fullerene_cage,0.730025574164,0.652954723658,0.201774106168,topology preserved; labels randomized from global scaffold pools,synthetic_control_only
topology_preserving_label_randomization__c60,topology_preserving_label_randomization,c60,topology_preserving_label_randomization__c60:C60_10,c60:C60_10,C60_10,C,sp2,0,unsaturated_fullerene_sp2,curved_fullerene_pi_network,curved_fullerene_sigma_cage,curved_fullerene_cage,-0.201774106168,-0.979432085486,0.0,topology preserved; labels randomized from global scaffold pools,synthetic_control_only
topology_preserving_label_randomization__c60,topology_preserving_label_randomization,c60,topology_preserving_label_randomization__c60:C60_11,c60:C60_11,C60_11,C,sp2,0,unsaturated_fullerene_sp2,curved_fullerene_pi_network,curved_fullerene_sigma_cage,curved_fullerene_cage,-0.403548212335,-0.854728829825,0.326477361829,topology preserved; labels randomized from global scaffold pools,synthetic_control_only
topology_preserving_label_randomization__c60,topology_preserving_label_randomization,c60,topology_preserving_label_randomization__c60:C60_12,c60:C60_12,C60_12,C,sp2,0,unsaturated_fullerene_sp2,planar_aromatic_pi_ring,planar_ring_sigma_framework,curved_fullerene_cage,-0.403548212335,-0.854728829825,-0.326477361829,topology preserved; labels randomized from global scaffold pools,synthetic_control_only
topology_preserving_label_randomization__c60,topology_preserving_label_randomization,c60,topology_preserving_label_randomization__c60:C60_13,c60:C60_13,C60_13,C,sp3,0,unsaturated_fullerene_sp2,none,diamondoid_sigma_cage,curved_fullerene_cage,-0.730025574164,-0.652954723658,-0.201774106168,topology preserved; labels randomized from global scaffold pools,synthetic_control_only
topology_preserving_label_randomization__c60,topology_preserving_label_randomization,c60,topology_preserving_label_randomization__c60:C60_14,c60:C60_14,C60_14,C,sp2,0,unsaturated_fullerene_sp2,curved_fullerene_pi_network,linear_sigma_axis,curved_fullerene_cage,-0.730025574164,-0.652954723658,0.201774106168,topology preserved; labels randomized from global scaffold pools,synthetic_control_only
topology_preserving_label_randomization__c60,topology_preserving_label_randomization,c60,topology_preserving_label_randomization__c60:C60_15,c60:C60_15,C60_15,C,sp2,0,unsaturated_fullerene_sp2,curved_fullerene_pi_network,curved_fullerene_sigma_cage,curved_fullerene_cage,0.201774106168,-0.979432085486,0.0,topology preserved; labels randomized from global scaffold pools,synthetic_control_only
topology_preserving_label_randomization__c60,topology_preserving_label_randomization,c60,topology_preserving_label_randomization__c60:C60_16,c60:C60_16,C60_16,C,sp2,0,unsaturated_fullerene_sp2,curved_fullerene_pi_network,curved_fullerene_sigma_cage,curved_fullerene_cage,0.403548212335,-0.854728829825,0.326477361829,topology preserved; labels randomized from global scaffold pools,synthetic_control_only
topology_preserving_label_randomization__c60,topology_preserving_label_randomization,c60,topology_preserving_label_randomization__c60:C60_17,c60:C60_17,C60_17,C,sp2,0,unsaturated_fullerene_sp2,curved_fullerene_pi_network,planar_ring_sigma_framework,curved_fullerene_cage,0.403548212335,-0.854728829825,-0.326477361829,topology preserved; labels randomized from global scaffold pools,synthetic_control_only
topology_preserving_label_randomization__c60,topology_preserving_label_randomization,c60,topology_preserving_label_randomization__c60:C60_18,c60:C60_18,C60_18,C,sp2,0,unsaturated_fullerene_sp2,curved_fullerene_pi_network,curved_fullerene_sigma_cage,curved_fullerene_cage,0.730025574164,-0.652954723658,-0.201774106168,topology preserved; labels randomized from global scaffold pools,synthetic_control_only
topology_preserving_label_randomization__c60,topology_preserving_label_randomization,c60,topology_preserving_label_randomization__c60:C60_19,c60:C60_19,C60_19,C,sp3,0,unsaturated_fullerene_sp2,curved_fullerene_pi_network,curved_fullerene_sigma_cage,curved_fullerene_cage,0.730025574164,-0.652954723658,0.201774106168,topology preserved; labels randomized from global scaffold pools,synthetic_control_only
topology_preserving_label_randomization__c60,topology_preserving_label_randomization,c60,topology_preserving_label_randomization__c60:C60_20,c60:C60_20,C60_20,C,sp2,0,unsaturated_fullerene_sp2,curved_fullerene_pi_network,diamondoid_sigma_cage,curved_fullerene_cage,-0.201774106168,-0.730025574164,0.652954723658,topology preserved; labels randomized from global scaffold pools,synthetic_control_only
topology_preserving_label_randomization__c60,topology_preserving_label_randomization,c60,topology_preserving_label_randomization__c60:C60_21,c60:C60_21,C60_21,C,sp2,0,unsaturated_fullerene_sp2,curved_fullerene_pi_network,curved_fullerene_sigma_cage,curved_fullerene_cage,0.201774106168,-0.730025574164,0.652954723658,topology preserved; labels randomized from global scaffold pools,synthetic_control_only
topology_preserving_label_randomization__c60,topology_preserving_label_randomization,c60,topology_preserving_label_randomization__c60:C60_22,c60:C60_22,C60_22,C,sp2,0,unsaturated_fullerene_sp2,curved_fullerene_pi_network,curved_fullerene_sigma_cage,curved_fullerene_cage,0.0,-0.201774106168,0.979432085486,topology preserved; labels randomized from global scaffold pools,synthetic_control_only
topology_preserving_label_randomization__c60,topology_preserving_label_randomization,c60,topology_preserving_label_randomization__c60:C60_23,c60:C60_23,C60_23,C,sp2,0,unsaturated_fullerene_sp2,curved_fullerene_pi_network,curved_fullerene_sigma_cage,curved_fullerene_cage,0.326477361829,-0.403548212335,0.854728829825,topology preserved; labels randomized from global scaffold pools,synthetic_control_only
topology_preserving_label_randomization__c60,topology_preserving_label_randomization,c60,topology_preserving_label_randomization__c60:C60_24,c60:C60_24,C60_24,C,sp3,0,unsaturated_fullerene_sp2,curved_fullerene_pi_network,curved_fullerene_sigma_cage,curved_fullerene_cage,-0.326477361829,-0.403548212335,0.854728829825,topology preserved; labels randomized from global scaffold pools,synthetic_control_only
topology_preserving_label_randomization__c60,topology_preserving_label_randomization,c60,topology_preserving_label_randomization__c60:C60_25,c60:C60_25,C60_25,C,sp2,0,unsaturated_fullerene_sp2,curved_fullerene_pi_network,curved_fullerene_sigma_cage,curved_fullerene_cage,-0.201774106168,0.730025574164,0.652954723658,topology preserved; labels randomized from global scaffold pools,synthetic_control_only
topology_preserving_label_randomization__c60,topology_preserving_label_randomization,c60,topology_preserving_label_randomization__c60:C60_26,c60:C60_26,C60_26,C,sp2,0,unsaturated_fullerene_sp2,linear_triple_bond_pi_pair,diamondoid_sigma_cage,curved_fullerene_cage,0.201774106168,0.730025574164,0.652954723658,topology preserved; labels randomized from global scaffold pools,synthetic_control_only
topology_preserving_label_randomization__c60,topology_preserving_label_randomization,c60,topology_preserving_label_randomization__c60:C60_27,c60:C60_27,C60_27,C,sp2,0,unsaturated_fullerene_sp2,planar_aromatic_pi_ring,diamondoid_sigma_cage,curved_fullerene_cage,0.0,0.201774106168,0.979432085486,topology preserved; labels randomized from global scaffold pools,synthetic_control_only
topology_preserving_label_randomization__c60,topology_preserving_label_randomization,c60,topology_preserving_label_randomization__c60:C60_28,c60:C60_28,C60_28,C,sp3,0,unsaturated_fullerene_sp2,curved_fullerene_pi_network,curved_fullerene_sigma_cage,curved_fullerene_cage,0.326477361829,0.403548212335,0.854728829825,topology preserved; labels randomized from global scaffold pools,synthetic_control_only
topology_preserving_label_randomization__c60,topology_preserving_label_randomization,c60,topology_preserving_label_randomization__c60:C60_29,c60:C60_29,C60_29,C,sp2,0,unsaturated_fullerene_sp2,curved_fullerene_pi_network,diamondoid_sigma_cage,curved_fullerene_cage,-0.326477361829,0.403548212335,0.854728829825,topology preserved; labels randomized from global scaffold pools,synthetic_control_only
topology_preserving_label_randomization__c60,topology_preserving_label_randomization,c60,topology_preserving_label_randomization__c60:C60_30,c60:C60_30,C60_30,C,sp2,0,unsaturated_fullerene_sp2,planar_aromatic_pi_ring,curved_fullerene_sigma_cage,curved_fullerene_cage,-0.201774106168,-0.730025574164,-0.652954723658,topology preserved; labels randomized from global scaffold pools,synthetic_control_only
topology_preserving_label_randomization__c60,topology_preserving_label_randomization,c60,topology_preserving_label_randomization__c60:C60_31,c60:C60_31,C60_31,C,sp2,0,unsaturated_fullerene_sp2,curved_fullerene_pi_network,curved_fullerene_sigma_cage,curved_fullerene_cage,0.201774106168,-0.730025574164,-0.652954723658,topology preserved; labels randomized from global scaffold pools,synthetic_control_only
topology_preserving_label_randomization__c60,topology_preserving_label_randomization,c60,topology_preserving_label_randomization__c60:C60_32,c60:C60_32,C60_32,C,sp3,0,unsaturated_fullerene_sp2,curved_fullerene_pi_network,planar_ring_sigma_framework,curved_fullerene_cage,0.0,-0.201774106168,-0.979432085486,topology preserved; labels randomized from global scaffold pools,synthetic_control_only
topology_preserving_label_randomization__c60,topology_preserving_label_randomization,c60,topology_preserving_label_randomization__c60:C60_33,c60:C60_33,C60_33,C,sp2,0,unsaturated_fullerene_sp2,curved_fullerene_pi_network,planar_ring_sigma_framework,curved_fullerene_cage,0.326477361829,-0.403548212335,-0.854728829825,topology preserved; labels randomized from global scaffold pools,synthetic_control_only
topology_preserving_label_randomization__c60,topology_preserving_label_randomization,c60,topology_preserving_label_randomization__c60:C60_34,c60:C60_34,C60_34,C,sp2,0,unsaturated_fullerene_sp2,curved_fullerene_pi_network,diamondoid_sigma_cage,curved_fullerene_cage,-0.326477361829,-0.403548212335,-0.854728829825,topology preserved; labels randomized from global scaffold pools,synthetic_control_only
topology_preserving_label_randomization__c60,topology_preserving_label_randomization,c60,topology_preserving_label_randomization__c60:C60_35,c60:C60_35,C60_35,C,sp2,0,unsaturated_fullerene_sp2,curved_fullerene_pi_network,curved_fullerene_sigma_cage,curved_fullerene_cage,-0.201774106168,0.730025574164,-0.652954723658,topology preserved; labels randomized from global scaffold pools,synthetic_control_only
topology_preserving_label_randomization__c60,topology_preserving_label_randomization,c60,topology_preserving_label_randomization__c60:C60_36,c60:C60_36,C60_36,C,sp2,0,unsaturated_fullerene_sp2,planar_aromatic_pi_ring,curved_fullerene_sigma_cage,curved_fullerene_cage,0.201774106168,0.730025574164,-0.652954723658,topology preserved; labels randomized from global scaffold pools,synthetic_control_only
topology_preserving_label_randomization__c60,topology_preserving_label_randomization,c60,topology_preserving_label_randomization__c60:C60_37,c60:C60_37,C60_37,C,sp2,0,unsaturated_fullerene_sp2,curved_fullerene_pi_network,diamondoid_sigma_cage,curved_fullerene_cage,0.0,0.201774106168,-0.979432085486,topology preserved; labels randomized from global scaffold pools,synthetic_control_only
topology_preserving_label_randomization__c60,topology_preserving_label_randomization,c60,topology_preserving_label_randomization__c60:C60_38,c60:C60_38,C60_38,C,sp2,0,unsaturated_fullerene_sp2,planar_aromatic_pi_ring,linear_sigma_axis,curved_fullerene_cage,0.326477361829,0.403548212335,-0.854728829825,topology preserved; labels randomized from global scaffold pools,synthetic_control_only
topology_preserving_label_randomization__c60,topology_preserving_label_randomization,c60,topology_preserving_label_randomization__c60:C60_39,c60:C60_39,C60_39,C,sp2,0,unsaturated_fullerene_sp2,curved_fullerene_pi_network,curved_fullerene_sigma_cage,curved_fullerene_cage,-0.326477361829,0.403548212335,-0.854728829825,topology preserved; labels randomized from global scaffold pools,synthetic_control_only
topology_preserving_label_randomization__c60,topology_preserving_label_randomization,c60,topology_preserving_label_randomization__c60:C60_40,c60:C60_40,C60_40,C,sp3,0,unsaturated_fullerene_sp2,none,curved_fullerene_sigma_cage,curved_fullerene_cage,0.854728829825,0.326477361829,-0.403548212335,topology preserved; labels randomized from global scaffold pools,synthetic_control_only
topology_preserving_label_randomization__c60,topology_preserving_label_randomization,c60,topology_preserving_label_randomization__c60:C60_41,c60:C60_41,C60_41,C,sp3,0,unsaturated_fullerene_sp2,none,curved_fullerene_sigma_cage,curved_fullerene_cage,0.854728829825,-0.326477361829,-0.403548212335,topology preserved; labels randomized from global scaffold pools,synthetic_control_only
topology_preserving_label_randomization__c60,topology_preserving_label_randomization,c60,topology_preserving_label_randomization__c60:C60_42,c60:C60_42,C60_42,C,sp2,0,unsaturated_fullerene_sp2,curved_fullerene_pi_network,curved_fullerene_sigma_cage,curved_fullerene_cage,0.652954723658,-0.201774106168,-0.730025574164,topology preserved; labels randomized from global scaffold pools,synthetic_control_only
topology_preserving_label_randomization__c60,topology_preserving_label_randomization,c60,topology_preserving_label_randomization__c60:C60_43,c60:C60_43,C60_43,C,sp2,0,unsaturated_fullerene_sp2,linear_triple_bond_pi_pair,diamondoid_sigma_cage,curved_fullerene_cage,0.652954723658,0.201774106168,-0.730025574164,topology preserved; labels randomized from global scaffold pools,synthetic_control_only
topology_preserving_label_randomization__c60,topology_preserving_label_randomization,c60,topology_preserving_label_randomization__c60:C60_44,c60:C60_44,C60_44,C,sp2,0,unsaturated_fullerene_sp2,curved_fullerene_pi_network,curved_fullerene_sigma_cage,curved_fullerene_cage,0.979432085486,0.0,-0.201774106168,topology preserved; labels randomized from global scaffold pools,synthetic_control_only
topology_preserving_label_randomization__c60,topology_preserving_label_randomization,c60,topology_preserving_label_randomization__c60:C60_45,c60:C60_45,C60_45,C,sp3,0,unsaturated_fullerene_sp2,curved_fullerene_pi_network,diamondoid_sigma_cage,curved_fullerene_cage,0.854728829825,0.326477361829,0.403548212335,topology preserved; labels randomized from global scaffold pools,synthetic_control_only
topology_preserving_label_randomization__c60,topology_preserving_label_randomization,c60,topology_preserving_label_randomization__c60:C60_46,c60:C60_46,C60_46,C,sp3,0,unsaturated_fullerene_sp2,curved_fullerene_pi_network,curved_fullerene_sigma_cage,curved_fullerene_cage,0.854728829825,-0.326477361829,0.403548212335,topology preserved; labels randomized from global scaffold pools,synthetic_control_only
topology_preserving_label_randomization__c60,topology_preserving_label_randomization,c60,topology_preserving_label_randomization__c60:C60_47,c60:C60_47,C60_47,C,sp2,0,unsaturated_fullerene_sp2,curved_fullerene_pi_network,diamondoid_sigma_cage,curved_fullerene_cage,0.652954723658,-0.201774106168,0.730025574164,topology preserved; labels randomized from global scaffold pools,synthetic_control_only
topology_preserving_label_randomization__c60,topology_preserving_label_randomization,c60,topology_preserving_label_randomization__c60:C60_48,c60:C60_48,C60_48,C,sp2,0,unsaturated_fullerene_sp2,curved_fullerene_pi_network,diamondoid_sigma_cage,curved_fullerene_cage,0.652954723658,0.201774106168,0.730025574164,topology preserved; labels randomized from global scaffold pools,synthetic_control_only
topology_preserving_label_randomization__c60,topology_preserving_label_randomization,c60,topology_preserving_label_randomization__c60:C60_49,c60:C60_49,C60_49,C,sp2,0,unsaturated_fullerene_sp2,curved_fullerene_pi_network,curved_fullerene_sigma_cage,curved_fullerene_cage,0.979432085486,0.0,0.201774106168,topology preserved; labels randomized from global scaffold pools,synthetic_control_only
topology_preserving_label_randomization__c60,topology_preserving_label_randomization,c60,topology_preserving_label_randomization__c60:C60_50,c60:C60_50,C60_50,C,sp2,0,unsaturated_fullerene_sp2,curved_fullerene_pi_network,curved_fullerene_sigma_cage,curved_fullerene_cage,-0.854728829825,0.326477361829,-0.403548212335,topology preserved; labels randomized from global scaffold pools,synthetic_control_only
topology_preserving_label_randomization__c60,topology_preserving_label_randomization,c60,topology_preserving_label_randomization__c60:C60_51,c60:C60_51,C60_51,C,sp2,0,unsaturated_fullerene_sp2,none,curved_fullerene_sigma_cage,curved_fullerene_cage,-0.854728829825,-0.326477361829,-0.403548212335,topology preserved; labels randomized from global scaffold pools,synthetic_control_only
topology_preserving_label_randomization__c60,topology_preserving_label_randomization,c60,topology_preserving_label_randomization__c60:C60_52,c60:C60_52,C60_52,C,sp2,0,unsaturated_fullerene_sp2,curved_fullerene_pi_network,curved_fullerene_sigma_cage,curved_fullerene_cage,-0.652954723658,-0.201774106168,-0.730025574164,topology preserved; labels randomized from global scaffold pools,synthetic_control_only
topology_preserving_label_randomization__c60,topology_preserving_label_randomization,c60,topology_preserving_label_randomization__c60:C60_53,c60:C60_53,C60_53,C,sp2,0,unsaturated_fullerene_sp2,curved_fullerene_pi_network,curved_fullerene_sigma_cage,curved_fullerene_cage,-0.652954723658,0.201774106168,-0.730025574164,topology preserved; labels randomized from global scaffold pools,synthetic_control_only
topology_preserving_label_randomization__c60,topology_preserving_label_randomization,c60,topology_preserving_label_randomization__c60:C60_54,c60:C60_54,C60_54,C,sp2,0,unsaturated_fullerene_sp2,none,curved_fullerene_sigma_cage,curved_fullerene_cage,-0.979432085486,0.0,-0.201774106168,topology preserved; labels randomized from global scaffold pools,synthetic_control_only
topology_preserving_label_randomization__c60,topology_preserving_label_randomization,c60,topology_preserving_label_randomization__c60:C60_55,c60:C60_55,C60_55,C,sp2,0,unsaturated_fullerene_sp2,curved_fullerene_pi_network,curved_fullerene_sigma_cage,curved_fullerene_cage,-0.854728829825,0.326477361829,0.403548212335,topology preserved; labels randomized from global scaffold pools,synthetic_control_only
topology_preserving_label_randomization__c60,topology_preserving_label_randomization,c60,topology_preserving_label_randomization__c60:C60_56,c60:C60_56,C60_56,C,sp2,0,unsaturated_fullerene_sp2,curved_fullerene_pi_network,curved_fullerene_sigma_cage,curved_fullerene_cage,-0.854728829825,-0.326477361829,0.403548212335,topology preserved; labels randomized from global scaffold pools,synthetic_control_only
topology_preserving_label_randomization__c60,topology_preserving_label_randomization,c60,topology_preserving_label_randomization__c60:C60_57,c60:C60_57,C60_57,C,sp2,0,unsaturated_fullerene_sp2,curved_fullerene_pi_network,diamondoid_sigma_cage,curved_fullerene_cage,-0.652954723658,-0.201774106168,0.730025574164,topology preserved; labels randomized from global scaffold pools,synthetic_control_only
topology_preserving_label_randomization__c60,topology_preserving_label_randomization,c60,topology_preserving_label_randomization__c60:C60_58,c60:C60_58,C60_58,C,sp2,0,unsaturated_fullerene_sp2,curved_fullerene_pi_network,curved_fullerene_sigma_cage,curved_fullerene_cage,-0.652954723658,0.201774106168,0.730025574164,topology preserved; labels randomized from global scaffold pools,synthetic_control_only
topology_preserving_label_randomization__c60,topology_preserving_label_randomization,c60,topology_preserving_label_randomization__c60:C60_59,c60:C60_59,C60_59,C,sp2,0,unsaturated_fullerene_sp2,curved_fullerene_pi_network,curved_fullerene_sigma_cage,curved_fullerene_cage,-0.979432085486,0.0,0.201774106168,topology preserved; labels randomized from global scaffold pools,synthetic_control_only
topology_preserving_label_randomization__ethyne,topology_preserving_label_randomization,ethyne,topology_preserving_label_randomization__ethyne:Eth_00,ethyne:Eth_00,Eth_00,C,sp,1,unsaturated,curved_fullerene_pi_network,diamondoid_sigma_cage,linear_sp_carbon_wire,-0.5,0.0,0.0,topology preserved; labels randomized from global scaffold pools,synthetic_control_only
topology_preserving_label_randomization__ethyne,topology_preserving_label_randomization,ethyne,topology_preserving_label_randomization__ethyne:Eth_01,ethyne:Eth_01,Eth_01,C,sp2,1,unsaturated,none,curved_fullerene_sigma_cage,linear_sp_carbon_wire,0.5,0.0,0.0,topology preserved; labels randomized from global scaffold pools,synthetic_control_only
