control_id,control_family_id,source_system_id,global_edge_id,source_global_edge_id,source,target,source_original,target_original,bond_order_class,bond_order_proxy,hybridization_pair,pi_system_label,sigma_framework_label,control_transform_note,reference_control_role
hybridization_label_shuffle_control__adamantane,hybridization_label_shuffle_control,adamantane,hybridization_label_shuffle_control__adamantane:Ada_e_00,adamantane:Ada_e_00,hybridization_label_shuffle_control__adamantane:Ada_00,hybridization_label_shuffle_control__adamantane:Ada_04,adamantane:Ada_00,adamantane:Ada_04,single,1.0,sp3_sp3,none,diamondoid_sigma_cage,source scaffold copied before control transform,synthetic_control_only
hybridization_label_shuffle_control__adamantane,hybridization_label_shuffle_control,adamantane,hybridization_label_shuffle_control__adamantane:Ada_e_01,adamantane:Ada_e_01,hybridization_label_shuffle_control__adamantane:Ada_01,hybridization_label_shuffle_control__adamantane:Ada_04,adamantane:Ada_01,adamantane:Ada_04,single,1.0,sp3_sp3,none,diamondoid_sigma_cage,source scaffold copied before control transform,synthetic_control_only
hybridization_label_shuffle_control__adamantane,hybridization_label_shuffle_control,adamantane,hybridization_label_shuffle_control__adamantane:Ada_e_02,adamantane:Ada_e_02,hybridization_label_shuffle_control__adamantane:Ada_00,hybridization_label_shuffle_control__adamantane:Ada_05,adamantane:Ada_00,adamantane:Ada_05,single,1.0,sp3_sp3,none,diamondoid_sigma_cage,source scaffold copied before control transform,synthetic_control_only
hybridization_label_shuffle_control__adamantane,hybridization_label_shuffle_control,adamantane,hybridization_label_shuffle_control__adamantane:Ada_e_03,adamantane:Ada_e_03,hybridization_label_shuffle_control__adamantane:Ada_02,hybridization_label_shuffle_control__adamantane:Ada_05,adamantane:Ada_02,adamantane:Ada_05,single,1.0,sp3_sp3,none,diamondoid_sigma_cage,source scaffold copied before control transform,synthetic_control_only
hybridization_label_shuffle_control__adamantane,hybridization_label_shuffle_control,adamantane,hybridization_label_shuffle_control__adamantane:Ada_e_04,adamantane:Ada_e_04,hybridization_label_shuffle_control__adamantane:Ada_00,hybridization_label_shuffle_control__adamantane:Ada_06,adamantane:Ada_00,adamantane:Ada_06,single,1.0,sp3_sp3,none,diamondoid_sigma_cage,source scaffold copied before control transform,synthetic_control_only
hybridization_label_shuffle_control__adamantane,hybridization_label_shuffle_control,adamantane,hybridization_label_shuffle_control__adamantane:Ada_e_05,adamantane:Ada_e_05,hybridization_label_shuffle_control__adamantane:Ada_03,hybridization_label_shuffle_control__adamantane:Ada_06,adamantane:Ada_03,adamantane:Ada_06,single,1.0,sp3_sp3,none,diamondoid_sigma_cage,source scaffold copied before control transform,synthetic_control_only
hybridization_label_shuffle_control__adamantane,hybridization_label_shuffle_control,adamantane,hybridization_label_shuffle_control__adamantane:Ada_e_06,adamantane:Ada_e_06,hybridization_label_shuffle_control__adamantane:Ada_01,hybridization_label_shuffle_control__adamantane:Ada_07,adamantane:Ada_01,adamantane:Ada_07,single,1.0,sp3_sp3,none,diamondoid_sigma_cage,source scaffold copied before control transform,synthetic_control_only
hybridization_label_shuffle_control__adamantane,hybridization_label_shuffle_control,adamantane,hybridization_label_shuffle_control__adamantane:Ada_e_07,adamantane:Ada_e_07,hybridization_label_shuffle_control__adamantane:Ada_02,hybridization_label_shuffle_control__adamantane:Ada_07,adamantane:Ada_02,adamantane:Ada_07,single,1.0,sp3_sp3,none,diamondoid_sigma_cage,source scaffold copied before control transform,synthetic_control_only
hybridization_label_shuffle_control__adamantane,hybridization_label_shuffle_control,adamantane,hybridization_label_shuffle_control__adamantane:Ada_e_08,adamantane:Ada_e_08,hybridization_label_shuffle_control__adamantane:Ada_01,hybridization_label_shuffle_control__adamantane:Ada_08,adamantane:Ada_01,adamantane:Ada_08,single,1.0,sp3_sp3,none,diamondoid_sigma_cage,source scaffold copied before control transform,synthetic_control_only
hybridization_label_shuffle_control__adamantane,hybridization_label_shuffle_control,adamantane,hybridization_label_shuffle_control__adamantane:Ada_e_09,adamantane:Ada_e_09,hybridization_label_shuffle_control__adamantane:Ada_03,hybridization_label_shuffle_control__adamantane:Ada_08,adamantane:Ada_03,adamantane:Ada_08,single,1.0,sp3_sp3,none,diamondoid_sigma_cage,source scaffold copied before control transform,synthetic_control_only
hybridization_label_shuffle_control__adamantane,hybridization_label_shuffle_control,adamantane,hybridization_label_shuffle_control__adamantane:Ada_e_10,adamantane:Ada_e_10,hybridization_label_shuffle_control__adamantane:Ada_02,hybridization_label_shuffle_control__adamantane:Ada_09,adamantane:Ada_02,adamantane:Ada_09,single,1.0,sp3_sp3,none,diamondoid_sigma_cage,source scaffold copied before control transform,synthetic_control_only
hybridization_label_shuffle_control__adamantane,hybridization_label_shuffle_control,adamantane,hybridization_label_shuffle_control__adamantane:Ada_e_11,adamantane:Ada_e_11,hybridization_label_shuffle_control__adamantane:Ada_03,hybridization_label_shuffle_control__adamantane:Ada_09,adamantane:Ada_03,adamantane:Ada_09,single,1.0,sp3_sp3,none,diamondoid_sigma_cage,source scaffold copied before control transform,synthetic_control_only
hybridization_label_shuffle_control__benzene,hybridization_label_shuffle_control,benzene,hybridization_label_shuffle_control__benzene:Bz_e_00,benzene:Bz_e_00,hybridization_label_shuffle_control__benzene:Bz_00,hybridization_label_shuffle_control__benzene:Bz_01,benzene:Bz_00,benzene:Bz_01,aromatic,1.5,sp2_sp2,planar_aromatic_pi_ring,planar_ring_sigma_framework,source scaffold copied before control transform,synthetic_control_only
hybridization_label_shuffle_control__benzene,hybridization_label_shuffle_control,benzene,hybridization_label_shuffle_control__benzene:Bz_e_01,benzene:Bz_e_01,hybridization_label_shuffle_control__benzene:Bz_01,hybridization_label_shuffle_control__benzene:Bz_02,benzene:Bz_01,benzene:Bz_02,aromatic,1.5,sp2_sp2,planar_aromatic_pi_ring,planar_ring_sigma_framework,source scaffold copied before control transform,synthetic_control_only
hybridization_label_shuffle_control__benzene,hybridization_label_shuffle_control,benzene,hybridization_label_shuffle_control__benzene:Bz_e_02,benzene:Bz_e_02,hybridization_label_shuffle_control__benzene:Bz_02,hybridization_label_shuffle_control__benzene:Bz_03,benzene:Bz_02,benzene:Bz_03,aromatic,1.5,sp2_sp2,planar_aromatic_pi_ring,planar_ring_sigma_framework,source scaffold copied before control transform,synthetic_control_only
hybridization_label_shuffle_control__benzene,hybridization_label_shuffle_control,benzene,hybridization_label_shuffle_control__benzene:Bz_e_03,benzene:Bz_e_03,hybridization_label_shuffle_control__benzene:Bz_03,hybridization_label_shuffle_control__benzene:Bz_04,benzene:Bz_03,benzene:Bz_04,aromatic,1.5,sp2_sp2,planar_aromatic_pi_ring,planar_ring_sigma_framework,source scaffold copied before control transform,synthetic_control_only
hybridization_label_shuffle_control__benzene,hybridization_label_shuffle_control,benzene,hybridization_label_shuffle_control__benzene:Bz_e_04,benzene:Bz_e_04,hybridization_label_shuffle_control__benzene:Bz_04,hybridization_label_shuffle_control__benzene:Bz_05,benzene:Bz_04,benzene:Bz_05,aromatic,1.5,sp2_sp2,planar_aromatic_pi_ring,planar_ring_sigma_framework,source scaffold copied before control transform,synthetic_control_only
hybridization_label_shuffle_control__benzene,hybridization_label_shuffle_control,benzene,hybridization_label_shuffle_control__benzene:Bz_e_05,benzene:Bz_e_05,hybridization_label_shuffle_control__benzene:Bz_05,hybridization_label_shuffle_control__benzene:Bz_00,benzene:Bz_05,benzene:Bz_00,aromatic,1.5,sp2_sp2,planar_aromatic_pi_ring,planar_ring_sigma_framework,source scaffold copied before control transform,synthetic_control_only
hybridization_label_shuffle_control__c60,hybridization_label_shuffle_control,c60,hybridization_label_shuffle_control__c60:C60_e_000,c60:C60_e_000,hybridization_label_shuffle_control__c60:C60_00,hybridization_label_shuffle_control__c60:C60_01,c60:C60_00,c60:C60_01,5_6,1.45,sp2_sp2,curved_fullerene_pi_network,curved_fullerene_sigma_cage,source scaffold copied before control transform,synthetic_control_only
hybridization_label_shuffle_control__c60,hybridization_label_shuffle_control,c60,hybridization_label_shuffle_control__c60:C60_e_001,c60:C60_e_001,hybridization_label_shuffle_control__c60:C60_00,hybridization_label_shuffle_control__c60:C60_02,c60:C60_00,c60:C60_02,5_6,1.45,sp2_sp2,curved_fullerene_pi_network,curved_fullerene_sigma_cage,source scaffold copied before control transform,synthetic_control_only
hybridization_label_shuffle_control__c60,hybridization_label_shuffle_control,c60,hybridization_label_shuffle_control__c60:C60_e_002,c60:C60_e_002,hybridization_label_shuffle_control__c60:C60_00,hybridization_label_shuffle_control__c60:C60_05,c60:C60_00,c60:C60_05,6_6,1.4,sp2_sp2,curved_fullerene_pi_network,curved_fullerene_sigma_cage,source scaffold copied before control transform,synthetic_control_only
hybridization_label_shuffle_control__c60,hybridization_label_shuffle_control,c60,hybridization_label_shuffle_control__c60:C60_e_003,c60:C60_e_003,hybridization_label_shuffle_control__c60:C60_01,hybridization_label_shuffle_control__c60:C60_04,c60:C60_01,c60:C60_04,5_6,1.45,sp2_sp2,curved_fullerene_pi_network,curved_fullerene_sigma_cage,source scaffold copied before control transform,synthetic_control_only
hybridization_label_shuffle_control__c60,hybridization_label_shuffle_control,c60,hybridization_label_shuffle_control__c60:C60_e_004,c60:C60_e_004,hybridization_label_shuffle_control__c60:C60_01,hybridization_label_shuffle_control__c60:C60_25,c60:C60_01,c60:C60_25,6_6,1.4,sp2_sp2,curved_fullerene_pi_network,curved_fullerene_sigma_cage,source scaffold copied before control transform,synthetic_control_only
hybridization_label_shuffle_control__c60,hybridization_label_shuffle_control,c60,hybridization_label_shuffle_control__c60:C60_e_005,c60:C60_e_005,hybridization_label_shuffle_control__c60:C60_02,hybridization_label_shuffle_control__c60:C60_03,c60:C60_02,c60:C60_03,5_6,1.45,sp2_sp2,curved_fullerene_pi_network,curved_fullerene_sigma_cage,source scaffold copied before control transform,synthetic_control_only
hybridization_label_shuffle_control__c60,hybridization_label_shuffle_control,c60,hybridization_label_shuffle_control__c60:C60_e_006,c60:C60_e_006,hybridization_label_shuffle_control__c60:C60_02,hybridization_label_shuffle_control__c60:C60_35,c60:C60_02,c60:C60_35,6_6,1.4,sp2_sp2,curved_fullerene_pi_network,curved_fullerene_sigma_cage,source scaffold copied before control transform,synthetic_control_only
hybridization_label_shuffle_control__c60,hybridization_label_shuffle_control,c60,hybridization_label_shuffle_control__c60:C60_e_007,c60:C60_e_007,hybridization_label_shuffle_control__c60:C60_03,hybridization_label_shuffle_control__c60:C60_04,c60:C60_03,c60:C60_04,5_6,1.45,sp2_sp2,curved_fullerene_pi_network,curved_fullerene_sigma_cage,source scaffold copied before control transform,synthetic_control_only
hybridization_label_shuffle_control__c60,hybridization_label_shuffle_control,c60,hybridization_label_shuffle_control__c60:C60_e_008,c60:C60_e_008,hybridization_label_shuffle_control__c60:C60_03,hybridization_label_shuffle_control__c60:C60_50,c60:C60_03,c60:C60_50,6_6,1.4,sp2_sp2,curved_fullerene_pi_network,curved_fullerene_sigma_cage,source scaffold copied before control transform,synthetic_control_only
hybridization_label_shuffle_control__c60,hybridization_label_shuffle_control,c60,hybridization_label_shuffle_control__c60:C60_e_009,c60:C60_e_009,hybridization_label_shuffle_control__c60:C60_04,hybridization_label_shuffle_control__c60:C60_55,c60:C60_04,c60:C60_55,6_6,1.4,sp2_sp2,curved_fullerene_pi_network,curved_fullerene_sigma_cage,source scaffold copied before control transform,synthetic_control_only
hybridization_label_shuffle_control__c60,hybridization_label_shuffle_control,c60,hybridization_label_shuffle_control__c60:C60_e_010,c60:C60_e_010,hybridization_label_shuffle_control__c60:C60_05,hybridization_label_shuffle_control__c60:C60_06,c60:C60_05,c60:C60_06,5_6,1.45,sp2_sp2,curved_fullerene_pi_network,curved_fullerene_sigma_cage,source scaffold copied before control transform,synthetic_control_only
hybridization_label_shuffle_control__c60,hybridization_label_shuffle_control,c60,hybridization_label_shuffle_control__c60:C60_e_011,c60:C60_e_011,hybridization_label_shuffle_control__c60:C60_05,hybridization_label_shuffle_control__c60:C60_07,c60:C60_05,c60:C60_07,5_6,1.45,sp2_sp2,curved_fullerene_pi_network,curved_fullerene_sigma_cage,source scaffold copied before control transform,synthetic_control_only
hybridization_label_shuffle_control__c60,hybridization_label_shuffle_control,c60,hybridization_label_shuffle_control__c60:C60_e_012,c60:C60_e_012,hybridization_label_shuffle_control__c60:C60_06,hybridization_label_shuffle_control__c60:C60_09,c60:C60_06,c60:C60_09,5_6,1.45,sp2_sp2,curved_fullerene_pi_network,curved_fullerene_sigma_cage,source scaffold copied before control transform,synthetic_control_only
hybridization_label_shuffle_control__c60,hybridization_label_shuffle_control,c60,hybridization_label_shuffle_control__c60:C60_e_013,c60:C60_e_013,hybridization_label_shuffle_control__c60:C60_06,hybridization_label_shuffle_control__c60:C60_26,c60:C60_06,c60:C60_26,6_6,1.4,sp2_sp2,curved_fullerene_pi_network,curved_fullerene_sigma_cage,source scaffold copied before control transform,synthetic_control_only
hybridization_label_shuffle_control__c60,hybridization_label_shuffle_control,c60,hybridization_label_shuffle_control__c60:C60_e_014,c60:C60_e_014,hybridization_label_shuffle_control__c60:C60_07,hybridization_label_shuffle_control__c60:C60_08,c60:C60_07,c60:C60_08,5_6,1.45,sp2_sp2,curved_fullerene_pi_network,curved_fullerene_sigma_cage,source scaffold copied before control transform,synthetic_control_only
hybridization_label_shuffle_control__c60,hybridization_label_shuffle_control,c60,hybridization_label_shuffle_control__c60:C60_e_015,c60:C60_e_015,hybridization_label_shuffle_control__c60:C60_07,hybridization_label_shuffle_control__c60:C60_36,c60:C60_07,c60:C60_36,6_6,1.4,sp2_sp2,curved_fullerene_pi_network,curved_fullerene_sigma_cage,source scaffold copied before control transform,synthetic_control_only
hybridization_label_shuffle_control__c60,hybridization_label_shuffle_control,c60,hybridization_label_shuffle_control__c60:C60_e_016,c60:C60_e_016,hybridization_label_shuffle_control__c60:C60_08,hybridization_label_shuffle_control__c60:C60_09,c60:C60_08,c60:C60_09,5_6,1.45,sp2_sp2,curved_fullerene_pi_network,curved_fullerene_sigma_cage,source scaffold copied before control transform,synthetic_control_only
hybridization_label_shuffle_control__c60,hybridization_label_shuffle_control,c60,hybridization_label_shuffle_control__c60:C60_e_017,c60:C60_e_017,hybridization_label_shuffle_control__c60:C60_08,hybridization_label_shuffle_control__c60:C60_40,c60:C60_08,c60:C60_40,6_6,1.4,sp2_sp2,curved_fullerene_pi_network,curved_fullerene_sigma_cage,source scaffold copied before control transform,synthetic_control_only
hybridization_label_shuffle_control__c60,hybridization_label_shuffle_control,c60,hybridization_label_shuffle_control__c60:C60_e_018,c60:C60_e_018,hybridization_label_shuffle_control__c60:C60_09,hybridization_label_shuffle_control__c60:C60_45,c60:C60_09,c60:C60_45,6_6,1.4,sp2_sp2,curved_fullerene_pi_network,curved_fullerene_sigma_cage,source scaffold copied before control transform,synthetic_control_only
hybridization_label_shuffle_control__c60,hybridization_label_shuffle_control,c60,hybridization_label_shuffle_control__c60:C60_e_019,c60:C60_e_019,hybridization_label_shuffle_control__c60:C60_10,hybridization_label_shuffle_control__c60:C60_11,c60:C60_10,c60:C60_11,5_6,1.45,sp2_sp2,curved_fullerene_pi_network,curved_fullerene_sigma_cage,source scaffold copied before control transform,synthetic_control_only
hybridization_label_shuffle_control__c60,hybridization_label_shuffle_control,c60,hybridization_label_shuffle_control__c60:C60_e_020,c60:C60_e_020,hybridization_label_shuffle_control__c60:C60_10,hybridization_label_shuffle_control__c60:C60_12,c60:C60_10,c60:C60_12,5_6,1.45,sp2_sp2,curved_fullerene_pi_network,curved_fullerene_sigma_cage,source scaffold copied before control transform,synthetic_control_only
hybridization_label_shuffle_control__c60,hybridization_label_shuffle_control,c60,hybridization_label_shuffle_control__c60:C60_e_021,c60:C60_e_021,hybridization_label_shuffle_control__c60:C60_10,hybridization_label_shuffle_control__c60:C60_15,c60:C60_10,c60:C60_15,6_6,1.4,sp2_sp2,curved_fullerene_pi_network,curved_fullerene_sigma_cage,source scaffold copied before control transform,synthetic_control_only
hybridization_label_shuffle_control__c60,hybridization_label_shuffle_control,c60,hybridization_label_shuffle_control__c60:C60_e_022,c60:C60_e_022,hybridization_label_shuffle_control__c60:C60_11,hybridization_label_shuffle_control__c60:C60_14,c60:C60_11,c60:C60_14,5_6,1.45,sp2_sp2,curved_fullerene_pi_network,curved_fullerene_sigma_cage,source scaffold copied before control transform,synthetic_control_only
hybridization_label_shuffle_control__c60,hybridization_label_shuffle_control,c60,hybridization_label_shuffle_control__c60:C60_e_023,c60:C60_e_023,hybridization_label_shuffle_control__c60:C60_11,hybridization_label_shuffle_control__c60:C60_20,c60:C60_11,c60:C60_20,6_6,1.4,sp2_sp2,curved_fullerene_pi_network,curved_fullerene_sigma_cage,source scaffold copied before control transform,synthetic_control_only
hybridization_label_shuffle_control__c60,hybridization_label_shuffle_control,c60,hybridization_label_shuffle_control__c60:C60_e_024,c60:C60_e_024,hybridization_label_shuffle_control__c60:C60_12,hybridization_label_shuffle_control__c60:C60_13,c60:C60_12,c60:C60_13,5_6,1.45,sp2_sp2,curved_fullerene_pi_network,curved_fullerene_sigma_cage,source scaffold copied before control transform,synthetic_control_only
hybridization_label_shuffle_control__c60,hybridization_label_shuffle_control,c60,hybridization_label_shuffle_control__c60:C60_e_025,c60:C60_e_025,hybridization_label_shuffle_control__c60:C60_12,hybridization_label_shuffle_control__c60:C60_30,c60:C60_12,c60:C60_30,6_6,1.4,sp2_sp2,curved_fullerene_pi_network,curved_fullerene_sigma_cage,source scaffold copied before control transform,synthetic_control_only
hybridization_label_shuffle_control__c60,hybridization_label_shuffle_control,c60,hybridization_label_shuffle_control__c60:C60_e_026,c60:C60_e_026,hybridization_label_shuffle_control__c60:C60_13,hybridization_label_shuffle_control__c60:C60_14,c60:C60_13,c60:C60_14,5_6,1.45,sp2_sp2,curved_fullerene_pi_network,curved_fullerene_sigma_cage,source scaffold copied before control transform,synthetic_control_only
hybridization_label_shuffle_control__c60,hybridization_label_shuffle_control,c60,hybridization_label_shuffle_control__c60:C60_e_027,c60:C60_e_027,hybridization_label_shuffle_control__c60:C60_13,hybridization_label_shuffle_control__c60:C60_51,c60:C60_13,c60:C60_51,6_6,1.4,sp2_sp2,curved_fullerene_pi_network,curved_fullerene_sigma_cage,source scaffold copied before control transform,synthetic_control_only
hybridization_label_shuffle_control__c60,hybridization_label_shuffle_control,c60,hybridization_label_shuffle_control__c60:C60_e_028,c60:C60_e_028,hybridization_label_shuffle_control__c60:C60_14,hybridization_label_shuffle_control__c60:C60_56,c60:C60_14,c60:C60_56,6_6,1.4,sp2_sp2,curved_fullerene_pi_network,curved_fullerene_sigma_cage,source scaffold copied before control transform,synthetic_control_only
hybridization_label_shuffle_control__c60,hybridization_label_shuffle_control,c60,hybridization_label_shuffle_control__c60:C60_e_029,c60:C60_e_029,hybridization_label_shuffle_control__c60:C60_15,hybridization_label_shuffle_control__c60:C60_16,c60:C60_15,c60:C60_16,5_6,1.45,sp2_sp2,curved_fullerene_pi_network,curved_fullerene_sigma_cage,source scaffold copied before control transform,synthetic_control_only
hybridization_label_shuffle_control__c60,hybridization_label_shuffle_control,c60,hybridization_label_shuffle_control__c60:C60_e_030,c60:C60_e_030,hybridization_label_shuffle_control__c60:C60_15,hybridization_label_shuffle_control__c60:C60_17,c60:C60_15,c60:C60_17,5_6,1.45,sp2_sp2,curved_fullerene_pi_network,curved_fullerene_sigma_cage,source scaffold copied before control transform,synthetic_control_only
hybridization_label_shuffle_control__c60,hybridization_label_shuffle_control,c60,hybridization_label_shuffle_control__c60:C60_e_031,c60:C60_e_031,hybridization_label_shuffle_control__c60:C60_16,hybridization_label_shuffle_control__c60:C60_19,c60:C60_16,c60:C60_19,5_6,1.45,sp2_sp2,curved_fullerene_pi_network,curved_fullerene_sigma_cage,source scaffold copied before control transform,synthetic_control_only
hybridization_label_shuffle_control__c60,hybridization_label_shuffle_control,c60,hybridization_label_shuffle_control__c60:C60_e_032,c60:C60_e_032,hybridization_label_shuffle_control__c60:C60_16,hybridization_label_shuffle_control__c60:C60_21,c60:C60_16,c60:C60_21,6_6,1.4,sp2_sp2,curved_fullerene_pi_network,curved_fullerene_sigma_cage,source scaffold copied before control transform,synthetic_control_only
hybridization_label_shuffle_control__c60,hybridization_label_shuffle_control,c60,hybridization_label_shuffle_control__c60:C60_e_033,c60:C60_e_033,hybridization_label_shuffle_control__c60:C60_17,hybridization_label_shuffle_control__c60:C60_18,c60:C60_17,c60:C60_18,5_6,1.45,sp2_sp2,curved_fullerene_pi_network,curved_fullerene_sigma_cage,source scaffold copied before control transform,synthetic_control_only
hybridization_label_shuffle_control__c60,hybridization_label_shuffle_control,c60,hybridization_label_shuffle_control__c60:C60_e_034,c60:C60_e_034,hybridization_label_shuffle_control__c60:C60_17,hybridization_label_shuffle_control__c60:C60_31,c60:C60_17,c60:C60_31,6_6,1.4,sp2_sp2,curved_fullerene_pi_network,curved_fullerene_sigma_cage,source scaffold copied before control transform,synthetic_control_only
hybridization_label_shuffle_control__c60,hybridization_label_shuffle_control,c60,hybridization_label_shuffle_control__c60:C60_e_035,c60:C60_e_035,hybridization_label_shuffle_control__c60:C60_18,hybridization_label_shuffle_control__c60:C60_19,c60:C60_18,c60:C60_19,5_6,1.45,sp2_sp2,curved_fullerene_pi_network,curved_fullerene_sigma_cage,source scaffold copied before control transform,synthetic_control_only
hybridization_label_shuffle_control__c60,hybridization_label_shuffle_control,c60,hybridization_label_shuffle_control__c60:C60_e_036,c60:C60_e_036,hybridization_label_shuffle_control__c60:C60_18,hybridization_label_shuffle_control__c60:C60_41,c60:C60_18,c60:C60_41,6_6,1.4,sp2_sp2,curved_fullerene_pi_network,curved_fullerene_sigma_cage,source scaffold copied before control transform,synthetic_control_only
hybridization_label_shuffle_control__c60,hybridization_label_shuffle_control,c60,hybridization_label_shuffle_control__c60:C60_e_037,c60:C60_e_037,hybridization_label_shuffle_control__c60:C60_19,hybridization_label_shuffle_control__c60:C60_46,c60:C60_19,c60:C60_46,6_6,1.4,sp2_sp2,curved_fullerene_pi_network,curved_fullerene_sigma_cage,source scaffold copied before control transform,synthetic_control_only
hybridization_label_shuffle_control__c60,hybridization_label_shuffle_control,c60,hybridization_label_shuffle_control__c60:C60_e_038,c60:C60_e_038,hybridization_label_shuffle_control__c60:C60_20,hybridization_label_shuffle_control__c60:C60_21,c60:C60_20,c60:C60_21,5_6,1.45,sp2_sp2,curved_fullerene_pi_network,curved_fullerene_sigma_cage,source scaffold copied before control transform,synthetic_control_only
hybridization_label_shuffle_control__c60,hybridization_label_shuffle_control,c60,hybridization_label_shuffle_control__c60:C60_e_039,c60:C60_e_039,hybridization_label_shuffle_control__c60:C60_20,hybridization_label_shuffle_control__c60:C60_24,c60:C60_20,c60:C60_24,5_6,1.45,sp2_sp2,curved_fullerene_pi_network,curved_fullerene_sigma_cage,source scaffold copied before control transform,synthetic_control_only
hybridization_label_shuffle_control__c60,hybridization_label_shuffle_control,c60,hybridization_label_shuffle_control__c60:C60_e_040,c60:C60_e_040,hybridization_label_shuffle_control__c60:C60_21,hybridization_label_shuffle_control__c60:C60_23,c60:C60_21,c60:C60_23,5_6,1.45,sp2_sp2,curved_fullerene_pi_network,curved_fullerene_sigma_cage,source scaffold copied before control transform,synthetic_control_only
hybridization_label_shuffle_control__c60,hybridization_label_shuffle_control,c60,hybridization_label_shuffle_control__c60:C60_e_041,c60:C60_e_041,hybridization_label_shuffle_control__c60:C60_22,hybridization_label_shuffle_control__c60:C60_23,c60:C60_22,c60:C60_23,5_6,1.45,sp2_sp2,curved_fullerene_pi_network,curved_fullerene_sigma_cage,source scaffold copied before control transform,synthetic_control_only
hybridization_label_shuffle_control__c60,hybridization_label_shuffle_control,c60,hybridization_label_shuffle_control__c60:C60_e_042,c60:C60_e_042,hybridization_label_shuffle_control__c60:C60_22,hybridization_label_shuffle_control__c60:C60_24,c60:C60_22,c60:C60_24,5_6,1.45,sp2_sp2,curved_fullerene_pi_network,curved_fullerene_sigma_cage,source scaffold copied before control transform,synthetic_control_only
hybridization_label_shuffle_control__c60,hybridization_label_shuffle_control,c60,hybridization_label_shuffle_control__c60:C60_e_043,c60:C60_e_043,hybridization_label_shuffle_control__c60:C60_22,hybridization_label_shuffle_control__c60:C60_27,c60:C60_22,c60:C60_27,6_6,1.4,sp2_sp2,curved_fullerene_pi_network,curved_fullerene_sigma_cage,source scaffold copied before control transform,synthetic_control_only
hybridization_label_shuffle_control__c60,hybridization_label_shuffle_control,c60,hybridization_label_shuffle_control__c60:C60_e_044,c60:C60_e_044,hybridization_label_shuffle_control__c60:C60_23,hybridization_label_shuffle_control__c60:C60_47,c60:C60_23,c60:C60_47,6_6,1.4,sp2_sp2,curved_fullerene_pi_network,curved_fullerene_sigma_cage,source scaffold copied before control transform,synthetic_control_only
hybridization_label_shuffle_control__c60,hybridization_label_shuffle_control,c60,hybridization_label_shuffle_control__c60:C60_e_045,c60:C60_e_045,hybridization_label_shuffle_control__c60:C60_24,hybridization_label_shuffle_control__c60:C60_57,c60:C60_24,c60:C60_57,6_6,1.4,sp2_sp2,curved_fullerene_pi_network,curved_fullerene_sigma_cage,source scaffold copied before control transform,synthetic_control_only
hybridization_label_shuffle_control__c60,hybridization_label_shuffle_control,c60,hybridization_label_shuffle_control__c60:C60_e_046,c60:C60_e_046,hybridization_label_shuffle_control__c60:C60_25,hybridization_label_shuffle_control__c60:C60_26,c60:C60_25,c60:C60_26,5_6,1.45,sp2_sp2,curved_fullerene_pi_network,curved_fullerene_sigma_cage,source scaffold copied before control transform,synthetic_control_only
hybridization_label_shuffle_control__c60,hybridization_label_shuffle_control,c60,hybridization_label_shuffle_control__c60:C60_e_047,c60:C60_e_047,hybridization_label_shuffle_control__c60:C60_25,hybridization_label_shuffle_control__c60:C60_29,c60:C60_25,c60:C60_29,5_6,1.45,sp2_sp2,curved_fullerene_pi_network,curved_fullerene_sigma_cage,source scaffold copied before control transform,synthetic_control_only
hybridization_label_shuffle_control__c60,hybridization_label_shuffle_control,c60,hybridization_label_shuffle_control__c60:C60_e_048,c60:C60_e_048,hybridization_label_shuffle_control__c60:C60_26,hybridization_label_shuffle_control__c60:C60_28,c60:C60_26,c60:C60_28,5_6,1.45,sp2_sp2,curved_fullerene_pi_network,curved_fullerene_sigma_cage,source scaffold copied before control transform,synthetic_control_only
hybridization_label_shuffle_control__c60,hybridization_label_shuffle_control,c60,hybridization_label_shuffle_control__c60:C60_e_049,c60:C60_e_049,hybridization_label_shuffle_control__c60:C60_27,hybridization_label_shuffle_control__c60:C60_28,c60:C60_27,c60:C60_28,5_6,1.45,sp2_sp2,curved_fullerene_pi_network,curved_fullerene_sigma_cage,source scaffold copied before control transform,synthetic_control_only
hybridization_label_shuffle_control__c60,hybridization_label_shuffle_control,c60,hybridization_label_shuffle_control__c60:C60_e_050,c60:C60_e_050,hybridization_label_shuffle_control__c60:C60_27,hybridization_label_shuffle_control__c60:C60_29,c60:C60_27,c60:C60_29,5_6,1.45,sp2_sp2,curved_fullerene_pi_network,curved_fullerene_sigma_cage,source scaffold copied before control transform,synthetic_control_only
hybridization_label_shuffle_control__c60,hybridization_label_shuffle_control,c60,hybridization_label_shuffle_control__c60:C60_e_051,c60:C60_e_051,hybridization_label_shuffle_control__c60:C60_28,hybridization_label_shuffle_control__c60:C60_48,c60:C60_28,c60:C60_48,6_6,1.4,sp2_sp2,curved_fullerene_pi_network,curved_fullerene_sigma_cage,source scaffold copied before control transform,synthetic_control_only
hybridization_label_shuffle_control__c60,hybridization_label_shuffle_control,c60,hybridization_label_shuffle_control__c60:C60_e_052,c60:C60_e_052,hybridization_label_shuffle_control__c60:C60_29,hybridization_label_shuffle_control__c60:C60_58,c60:C60_29,c60:C60_58,6_6,1.4,sp2_sp2,curved_fullerene_pi_network,curved_fullerene_sigma_cage,source scaffold copied before control transform,synthetic_control_only
hybridization_label_shuffle_control__c60,hybridization_label_shuffle_control,c60,hybridization_label_shuffle_control__c60:C60_e_053,c60:C60_e_053,hybridization_label_shuffle_control__c60:C60_30,hybridization_label_shuffle_control__c60:C60_31,c60:C60_30,c60:C60_31,5_6,1.45,sp2_sp2,curved_fullerene_pi_network,curved_fullerene_sigma_cage,source scaffold copied before control transform,synthetic_control_only
hybridization_label_shuffle_control__c60,hybridization_label_shuffle_control,c60,hybridization_label_shuffle_control__c60:C60_e_054,c60:C60_e_054,hybridization_label_shuffle_control__c60:C60_30,hybridization_label_shuffle_control__c60:C60_34,c60:C60_30,c60:C60_34,5_6,1.45,sp2_sp2,curved_fullerene_pi_network,curved_fullerene_sigma_cage,source scaffold copied before control transform,synthetic_control_only
hybridization_label_shuffle_control__c60,hybridization_label_shuffle_control,c60,hybridization_label_shuffle_control__c60:C60_e_055,c60:C60_e_055,hybridization_label_shuffle_control__c60:C60_31,hybridization_label_shuffle_control__c60:C60_33,c60:C60_31,c60:C60_33,5_6,1.45,sp2_sp2,curved_fullerene_pi_network,curved_fullerene_sigma_cage,source scaffold copied before control transform,synthetic_control_only
hybridization_label_shuffle_control__c60,hybridization_label_shuffle_control,c60,hybridization_label_shuffle_control__c60:C60_e_056,c60:C60_e_056,hybridization_label_shuffle_control__c60:C60_32,hybridization_label_shuffle_control__c60:C60_33,c60:C60_32,c60:C60_33,5_6,1.45,sp2_sp2,curved_fullerene_pi_network,curved_fullerene_sigma_cage,source scaffold copied before control transform,synthetic_control_only
hybridization_label_shuffle_control__c60,hybridization_label_shuffle_control,c60,hybridization_label_shuffle_control__c60:C60_e_057,c60:C60_e_057,hybridization_label_shuffle_control__c60:C60_32,hybridization_label_shuffle_control__c60:C60_34,c60:C60_32,c60:C60_34,5_6,1.45,sp2_sp2,curved_fullerene_pi_network,curved_fullerene_sigma_cage,source scaffold copied before control transform,synthetic_control_only
hybridization_label_shuffle_control__c60,hybridization_label_shuffle_control,c60,hybridization_label_shuffle_control__c60:C60_e_058,c60:C60_e_058,hybridization_label_shuffle_control__c60:C60_32,hybridization_label_shuffle_control__c60:C60_37,c60:C60_32,c60:C60_37,6_6,1.4,sp2_sp2,curved_fullerene_pi_network,curved_fullerene_sigma_cage,source scaffold copied before control transform,synthetic_control_only
hybridization_label_shuffle_control__c60,hybridization_label_shuffle_control,c60,hybridization_label_shuffle_control__c60:C60_e_059,c60:C60_e_059,hybridization_label_shuffle_control__c60:C60_33,hybridization_label_shuffle_control__c60:C60_42,c60:C60_33,c60:C60_42,6_6,1.4,sp2_sp2,curved_fullerene_pi_network,curved_fullerene_sigma_cage,source scaffold copied before control transform,synthetic_control_only
hybridization_label_shuffle_control__c60,hybridization_label_shuffle_control,c60,hybridization_label_shuffle_control__c60:C60_e_060,c60:C60_e_060,hybridization_label_shuffle_control__c60:C60_34,hybridization_label_shuffle_control__c60:C60_52,c60:C60_34,c60:C60_52,6_6,1.4,sp2_sp2,curved_fullerene_pi_network,curved_fullerene_sigma_cage,source scaffold copied before control transform,synthetic_control_only
hybridization_label_shuffle_control__c60,hybridization_label_shuffle_control,c60,hybridization_label_shuffle_control__c60:C60_e_061,c60:C60_e_061,hybridization_label_shuffle_control__c60:C60_35,hybridization_label_shuffle_control__c60:C60_36,c60:C60_35,c60:C60_36,5_6,1.45,sp2_sp2,curved_fullerene_pi_network,curved_fullerene_sigma_cage,source scaffold copied before control transform,synthetic_control_only
hybridization_label_shuffle_control__c60,hybridization_label_shuffle_control,c60,hybridization_label_shuffle_control__c60:C60_e_062,c60:C60_e_062,hybridization_label_shuffle_control__c60:C60_35,hybridization_label_shuffle_control__c60:C60_39,c60:C60_35,c60:C60_39,5_6,1.45,sp2_sp2,curved_fullerene_pi_network,curved_fullerene_sigma_cage,source scaffold copied before control transform,synthetic_control_only
hybridization_label_shuffle_control__c60,hybridization_label_shuffle_control,c60,hybridization_label_shuffle_control__c60:C60_e_063,c60:C60_e_063,hybridization_label_shuffle_control__c60:C60_36,hybridization_label_shuffle_control__c60:C60_38,c60:C60_36,c60:C60_38,5_6,1.45,sp2_sp2,curved_fullerene_pi_network,curved_fullerene_sigma_cage,source scaffold copied before control transform,synthetic_control_only
hybridization_label_shuffle_control__c60,hybridization_label_shuffle_control,c60,hybridization_label_shuffle_control__c60:C60_e_064,c60:C60_e_064,hybridization_label_shuffle_control__c60:C60_37,hybridization_label_shuffle_control__c60:C60_38,c60:C60_37,c60:C60_38,5_6,1.45,sp2_sp2,curved_fullerene_pi_network,curved_fullerene_sigma_cage,source scaffold copied before control transform,synthetic_control_only
hybridization_label_shuffle_control__c60,hybridization_label_shuffle_control,c60,hybridization_label_shuffle_control__c60:C60_e_065,c60:C60_e_065,hybridization_label_shuffle_control__c60:C60_37,hybridization_label_shuffle_control__c60:C60_39,c60:C60_37,c60:C60_39,5_6,1.45,sp2_sp2,curved_fullerene_pi_network,curved_fullerene_sigma_cage,source scaffold copied before control transform,synthetic_control_only
hybridization_label_shuffle_control__c60,hybridization_label_shuffle_control,c60,hybridization_label_shuffle_control__c60:C60_e_066,c60:C60_e_066,hybridization_label_shuffle_control__c60:C60_38,hybridization_label_shuffle_control__c60:C60_43,c60:C60_38,c60:C60_43,6_6,1.4,sp2_sp2,curved_fullerene_pi_network,curved_fullerene_sigma_cage,source scaffold copied before control transform,synthetic_control_only
hybridization_label_shuffle_control__c60,hybridization_label_shuffle_control,c60,hybridization_label_shuffle_control__c60:C60_e_067,c60:C60_e_067,hybridization_label_shuffle_control__c60:C60_39,hybridization_label_shuffle_control__c60:C60_53,c60:C60_39,c60:C60_53,6_6,1.4,sp2_sp2,curved_fullerene_pi_network,curved_fullerene_sigma_cage,source scaffold copied before control transform,synthetic_control_only
hybridization_label_shuffle_control__c60,hybridization_label_shuffle_control,c60,hybridization_label_shuffle_control__c60:C60_e_068,c60:C60_e_068,hybridization_label_shuffle_control__c60:C60_40,hybridization_label_shuffle_control__c60:C60_43,c60:C60_40,c60:C60_43,5_6,1.45,sp2_sp2,curved_fullerene_pi_network,curved_fullerene_sigma_cage,source scaffold copied before control transform,synthetic_control_only
hybridization_label_shuffle_control__c60,hybridization_label_shuffle_control,c60,hybridization_label_shuffle_control__c60:C60_e_069,c60:C60_e_069,hybridization_label_shuffle_control__c60:C60_40,hybridization_label_shuffle_control__c60:C60_44,c60:C60_40,c60:C60_44,5_6,1.45,sp2_sp2,curved_fullerene_pi_network,curved_fullerene_sigma_cage,source scaffold copied before control transform,synthetic_control_only
hybridization_label_shuffle_control__c60,hybridization_label_shuffle_control,c60,hybridization_label_shuffle_control__c60:C60_e_070,c60:C60_e_070,hybridization_label_shuffle_control__c60:C60_41,hybridization_label_shuffle_control__c60:C60_42,c60:C60_41,c60:C60_42,5_6,1.45,sp2_sp2,curved_fullerene_pi_network,curved_fullerene_sigma_cage,source scaffold copied before control transform,synthetic_control_only
hybridization_label_shuffle_control__c60,hybridization_label_shuffle_control,c60,hybridization_label_shuffle_control__c60:C60_e_071,c60:C60_e_071,hybridization_label_shuffle_control__c60:C60_41,hybridization_label_shuffle_control__c60:C60_44,c60:C60_41,c60:C60_44,5_6,1.45,sp2_sp2,curved_fullerene_pi_network,curved_fullerene_sigma_cage,source scaffold copied before control transform,synthetic_control_only
hybridization_label_shuffle_control__c60,hybridization_label_shuffle_control,c60,hybridization_label_shuffle_control__c60:C60_e_072,c60:C60_e_072,hybridization_label_shuffle_control__c60:C60_42,hybridization_label_shuffle_control__c60:C60_43,c60:C60_42,c60:C60_43,5_6,1.45,sp2_sp2,curved_fullerene_pi_network,curved_fullerene_sigma_cage,source scaffold copied before control transform,synthetic_control_only
hybridization_label_shuffle_control__c60,hybridization_label_shuffle_control,c60,hybridization_label_shuffle_control__c60:C60_e_073,c60:C60_e_073,hybridization_label_shuffle_control__c60:C60_44,hybridization_label_shuffle_control__c60:C60_49,c60:C60_44,c60:C60_49,6_6,1.4,sp2_sp2,curved_fullerene_pi_network,curved_fullerene_sigma_cage,source scaffold copied before control transform,synthetic_control_only
hybridization_label_shuffle_control__c60,hybridization_label_shuffle_control,c60,hybridization_label_shuffle_control__c60:C60_e_074,c60:C60_e_074,hybridization_label_shuffle_control__c60:C60_45,hybridization_label_shuffle_control__c60:C60_48,c60:C60_45,c60:C60_48,5_6,1.45,sp2_sp2,curved_fullerene_pi_network,curved_fullerene_sigma_cage,source scaffold copied before control transform,synthetic_control_only
hybridization_label_shuffle_control__c60,hybridization_label_shuffle_control,c60,hybridization_label_shuffle_control__c60:C60_e_075,c60:C60_e_075,hybridization_label_shuffle_control__c60:C60_45,hybridization_label_shuffle_control__c60:C60_49,c60:C60_45,c60:C60_49,5_6,1.45,sp2_sp2,curved_fullerene_pi_network,curved_fullerene_sigma_cage,source scaffold copied before control transform,synthetic_control_only
hybridization_label_shuffle_control__c60,hybridization_label_shuffle_control,c60,hybridization_label_shuffle_control__c60:C60_e_076,c60:C60_e_076,hybridization_label_shuffle_control__c60:C60_46,hybridization_label_shuffle_control__c60:C60_47,c60:C60_46,c60:C60_47,5_6,1.45,sp2_sp2,curved_fullerene_pi_network,curved_fullerene_sigma_cage,source scaffold copied before control transform,synthetic_control_only
hybridization_label_shuffle_control__c60,hybridization_label_shuffle_control,c60,hybridization_label_shuffle_control__c60:C60_e_077,c60:C60_e_077,hybridization_label_shuffle_control__c60:C60_46,hybridization_label_shuffle_control__c60:C60_49,c60:C60_46,c60:C60_49,5_6,1.45,sp2_sp2,curved_fullerene_pi_network,curved_fullerene_sigma_cage,source scaffold copied before control transform,synthetic_control_only
hybridization_label_shuffle_control__c60,hybridization_label_shuffle_control,c60,hybridization_label_shuffle_control__c60:C60_e_078,c60:C60_e_078,hybridization_label_shuffle_control__c60:C60_47,hybridization_label_shuffle_control__c60:C60_48,c60:C60_47,c60:C60_48,5_6,1.45,sp2_sp2,curved_fullerene_pi_network,curved_fullerene_sigma_cage,source scaffold copied before control transform,synthetic_control_only
hybridization_label_shuffle_control__c60,hybridization_label_shuffle_control,c60,hybridization_label_shuffle_control__c60:C60_e_079,c60:C60_e_079,hybridization_label_shuffle_control__c60:C60_50,hybridization_label_shuffle_control__c60:C60_53,c60:C60_50,c60:C60_53,5_6,1.45,sp2_sp2,curved_fullerene_pi_network,curved_fullerene_sigma_cage,source scaffold copied before control transform,synthetic_control_only
hybridization_label_shuffle_control__c60,hybridization_label_shuffle_control,c60,hybridization_label_shuffle_control__c60:C60_e_080,c60:C60_e_080,hybridization_label_shuffle_control__c60:C60_50,hybridization_label_shuffle_control__c60:C60_54,c60:C60_50,c60:C60_54,5_6,1.45,sp2_sp2,curved_fullerene_pi_network,curved_fullerene_sigma_cage,source scaffold copied before control transform,synthetic_control_only
hybridization_label_shuffle_control__c60,hybridization_label_shuffle_control,c60,hybridization_label_shuffle_control__c60:C60_e_081,c60:C60_e_081,hybridization_label_shuffle_control__c60:C60_51,hybridization_label_shuffle_control__c60:C60_52,c60:C60_51,c60:C60_52,5_6,1.45,sp2_sp2,curved_fullerene_pi_network,curved_fullerene_sigma_cage,source scaffold copied before control transform,synthetic_control_only
hybridization_label_shuffle_control__c60,hybridization_label_shuffle_control,c60,hybridization_label_shuffle_control__c60:C60_e_082,c60:C60_e_082,hybridization_label_shuffle_control__c60:C60_51,hybridization_label_shuffle_control__c60:C60_54,c60:C60_51,c60:C60_54,5_6,1.45,sp2_sp2,curved_fullerene_pi_network,curved_fullerene_sigma_cage,source scaffold copied before control transform,synthetic_control_only
hybridization_label_shuffle_control__c60,hybridization_label_shuffle_control,c60,hybridization_label_shuffle_control__c60:C60_e_083,c60:C60_e_083,hybridization_label_shuffle_control__c60:C60_52,hybridization_label_shuffle_control__c60:C60_53,c60:C60_52,c60:C60_53,5_6,1.45,sp2_sp2,curved_fullerene_pi_network,curved_fullerene_sigma_cage,source scaffold copied before control transform,synthetic_control_only
hybridization_label_shuffle_control__c60,hybridization_label_shuffle_control,c60,hybridization_label_shuffle_control__c60:C60_e_084,c60:C60_e_084,hybridization_label_shuffle_control__c60:C60_54,hybridization_label_shuffle_control__c60:C60_59,c60:C60_54,c60:C60_59,6_6,1.4,sp2_sp2,curved_fullerene_pi_network,curved_fullerene_sigma_cage,source scaffold copied before control transform,synthetic_control_only
hybridization_label_shuffle_control__c60,hybridization_label_shuffle_control,c60,hybridization_label_shuffle_control__c60:C60_e_085,c60:C60_e_085,hybridization_label_shuffle_control__c60:C60_55,hybridization_label_shuffle_control__c60:C60_58,c60:C60_55,c60:C60_58,5_6,1.45,sp2_sp2,curved_fullerene_pi_network,curved_fullerene_sigma_cage,source scaffold copied before control transform,synthetic_control_only
hybridization_label_shuffle_control__c60,hybridization_label_shuffle_control,c60,hybridization_label_shuffle_control__c60:C60_e_086,c60:C60_e_086,hybridization_label_shuffle_control__c60:C60_55,hybridization_label_shuffle_control__c60:C60_59,c60:C60_55,c60:C60_59,5_6,1.45,sp2_sp2,curved_fullerene_pi_network,curved_fullerene_sigma_cage,source scaffold copied before control transform,synthetic_control_only
hybridization_label_shuffle_control__c60,hybridization_label_shuffle_control,c60,hybridization_label_shuffle_control__c60:C60_e_087,c60:C60_e_087,hybridization_label_shuffle_control__c60:C60_56,hybridization_label_shuffle_control__c60:C60_57,c60:C60_56,c60:C60_57,5_6,1.45,sp2_sp2,curved_fullerene_pi_network,curved_fullerene_sigma_cage,source scaffold copied before control transform,synthetic_control_only
hybridization_label_shuffle_control__c60,hybridization_label_shuffle_control,c60,hybridization_label_shuffle_control__c60:C60_e_088,c60:C60_e_088,hybridization_label_shuffle_control__c60:C60_56,hybridization_label_shuffle_control__c60:C60_59,c60:C60_56,c60:C60_59,5_6,1.45,sp2_sp2,curved_fullerene_pi_network,curved_fullerene_sigma_cage,source scaffold copied before control transform,synthetic_control_only
hybridization_label_shuffle_control__c60,hybridization_label_shuffle_control,c60,hybridization_label_shuffle_control__c60:C60_e_089,c60:C60_e_089,hybridization_label_shuffle_control__c60:C60_57,hybridization_label_shuffle_control__c60:C60_58,c60:C60_57,c60:C60_58,5_6,1.45,sp2_sp2,curved_fullerene_pi_network,curved_fullerene_sigma_cage,source scaffold copied before control transform,synthetic_control_only
hybridization_label_shuffle_control__ethyne,hybridization_label_shuffle_control,ethyne,hybridization_label_shuffle_control__ethyne:Eth_e_00,ethyne:Eth_e_00,hybridization_label_shuffle_control__ethyne:Eth_00,hybridization_label_shuffle_control__ethyne:Eth_01,ethyne:Eth_00,ethyne:Eth_01,triple,3.0,sp_sp,linear_triple_bond_pi_pair,linear_sigma_axis,source scaffold copied before control transform,synthetic_control_only
bond_order_shuffle_control__adamantane,bond_order_shuffle_control,adamantane,bond_order_shuffle_control__adamantane:Ada_e_00,adamantane:Ada_e_00,bond_order_shuffle_control__adamantane:Ada_00,bond_order_shuffle_control__adamantane:Ada_04,adamantane:Ada_00,adamantane:Ada_04,5_6,1.0,sp3_sp3,none,diamondoid_sigma_cage,bond-order labels drawn from deterministic global shuffle,synthetic_control_only
bond_order_shuffle_control__adamantane,bond_order_shuffle_control,adamantane,bond_order_shuffle_control__adamantane:Ada_e_01,adamantane:Ada_e_01,bond_order_shuffle_control__adamantane:Ada_01,bond_order_shuffle_control__adamantane:Ada_04,adamantane:Ada_01,adamantane:Ada_04,5_6,1.0,sp3_sp3,none,diamondoid_sigma_cage,bond-order labels drawn from deterministic global shuffle,synthetic_control_only
bond_order_shuffle_control__adamantane,bond_order_shuffle_control,adamantane,bond_order_shuffle_control__adamantane:Ada_e_02,adamantane:Ada_e_02,bond_order_shuffle_control__adamantane:Ada_00,bond_order_shuffle_control__adamantane:Ada_05,adamantane:Ada_00,adamantane:Ada_05,5_6,1.0,sp3_sp3,none,diamondoid_sigma_cage,bond-order labels drawn from deterministic global shuffle,synthetic_control_only
bond_order_shuffle_control__adamantane,bond_order_shuffle_control,adamantane,bond_order_shuffle_control__adamantane:Ada_e_03,adamantane:Ada_e_03,bond_order_shuffle_control__adamantane:Ada_02,bond_order_shuffle_control__adamantane:Ada_05,adamantane:Ada_02,adamantane:Ada_05,aromatic,1.0,sp3_sp3,none,diamondoid_sigma_cage,bond-order labels drawn from deterministic global shuffle,synthetic_control_only
bond_order_shuffle_control__adamantane,bond_order_shuffle_control,adamantane,bond_order_shuffle_control__adamantane:Ada_e_04,adamantane:Ada_e_04,bond_order_shuffle_control__adamantane:Ada_00,bond_order_shuffle_control__adamantane:Ada_06,adamantane:Ada_00,adamantane:Ada_06,6_6,1.0,sp3_sp3,none,diamondoid_sigma_cage,bond-order labels drawn from deterministic global shuffle,synthetic_control_only
bond_order_shuffle_control__adamantane,bond_order_shuffle_control,adamantane,bond_order_shuffle_control__adamantane:Ada_e_05,adamantane:Ada_e_05,bond_order_shuffle_control__adamantane:Ada_03,bond_order_shuffle_control__adamantane:Ada_06,adamantane:Ada_03,adamantane:Ada_06,5_6,1.0,sp3_sp3,none,diamondoid_sigma_cage,bond-order labels drawn from deterministic global shuffle,synthetic_control_only
bond_order_shuffle_control__adamantane,bond_order_shuffle_control,adamantane,bond_order_shuffle_control__adamantane:Ada_e_06,adamantane:Ada_e_06,bond_order_shuffle_control__adamantane:Ada_01,bond_order_shuffle_control__adamantane:Ada_07,adamantane:Ada_01,adamantane:Ada_07,6_6,1.0,sp3_sp3,none,diamondoid_sigma_cage,bond-order labels drawn from deterministic global shuffle,synthetic_control_only
bond_order_shuffle_control__adamantane,bond_order_shuffle_control,adamantane,bond_order_shuffle_control__adamantane:Ada_e_07,adamantane:Ada_e_07,bond_order_shuffle_control__adamantane:Ada_02,bond_order_shuffle_control__adamantane:Ada_07,adamantane:Ada_02,adamantane:Ada_07,6_6,1.0,sp3_sp3,none,diamondoid_sigma_cage,bond-order labels drawn from deterministic global shuffle,synthetic_control_only
bond_order_shuffle_control__adamantane,bond_order_shuffle_control,adamantane,bond_order_shuffle_control__adamantane:Ada_e_08,adamantane:Ada_e_08,bond_order_shuffle_control__adamantane:Ada_01,bond_order_shuffle_control__adamantane:Ada_08,adamantane:Ada_01,adamantane:Ada_08,6_6,1.0,sp3_sp3,none,diamondoid_sigma_cage,bond-order labels drawn from deterministic global shuffle,synthetic_control_only
bond_order_shuffle_control__adamantane,bond_order_shuffle_control,adamantane,bond_order_shuffle_control__adamantane:Ada_e_09,adamantane:Ada_e_09,bond_order_shuffle_control__adamantane:Ada_03,bond_order_shuffle_control__adamantane:Ada_08,adamantane:Ada_03,adamantane:Ada_08,5_6,1.0,sp3_sp3,none,diamondoid_sigma_cage,bond-order labels drawn from deterministic global shuffle,synthetic_control_only
bond_order_shuffle_control__adamantane,bond_order_shuffle_control,adamantane,bond_order_shuffle_control__adamantane:Ada_e_10,adamantane:Ada_e_10,bond_order_shuffle_control__adamantane:Ada_02,bond_order_shuffle_control__adamantane:Ada_09,adamantane:Ada_02,adamantane:Ada_09,single,1.0,sp3_sp3,none,diamondoid_sigma_cage,bond-order labels drawn from deterministic global shuffle,synthetic_control_only
bond_order_shuffle_control__adamantane,bond_order_shuffle_control,adamantane,bond_order_shuffle_control__adamantane:Ada_e_11,adamantane:Ada_e_11,bond_order_shuffle_control__adamantane:Ada_03,bond_order_shuffle_control__adamantane:Ada_09,adamantane:Ada_03,adamantane:Ada_09,6_6,1.0,sp3_sp3,none,diamondoid_sigma_cage,bond-order labels drawn from deterministic global shuffle,synthetic_control_only
bond_order_shuffle_control__benzene,bond_order_shuffle_control,benzene,bond_order_shuffle_control__benzene:Bz_e_00,benzene:Bz_e_00,bond_order_shuffle_control__benzene:Bz_00,bond_order_shuffle_control__benzene:Bz_01,benzene:Bz_00,benzene:Bz_01,6_6,1.5,sp2_sp2,planar_aromatic_pi_ring,planar_ring_sigma_framework,bond-order labels drawn from deterministic global shuffle,synthetic_control_only
bond_order_shuffle_control__benzene,bond_order_shuffle_control,benzene,bond_order_shuffle_control__benzene:Bz_e_01,benzene:Bz_e_01,bond_order_shuffle_control__benzene:Bz_01,bond_order_shuffle_control__benzene:Bz_02,benzene:Bz_01,benzene:Bz_02,5_6,1.5,sp2_sp2,planar_aromatic_pi_ring,planar_ring_sigma_framework,bond-order labels drawn from deterministic global shuffle,synthetic_control_only
bond_order_shuffle_control__benzene,bond_order_shuffle_control,benzene,bond_order_shuffle_control__benzene:Bz_e_02,benzene:Bz_e_02,bond_order_shuffle_control__benzene:Bz_02,bond_order_shuffle_control__benzene:Bz_03,benzene:Bz_02,benzene:Bz_03,5_6,1.5,sp2_sp2,planar_aromatic_pi_ring,planar_ring_sigma_framework,bond-order labels drawn from deterministic global shuffle,synthetic_control_only
bond_order_shuffle_control__benzene,bond_order_shuffle_control,benzene,bond_order_shuffle_control__benzene:Bz_e_03,benzene:Bz_e_03,bond_order_shuffle_control__benzene:Bz_03,bond_order_shuffle_control__benzene:Bz_04,benzene:Bz_03,benzene:Bz_04,6_6,1.5,sp2_sp2,planar_aromatic_pi_ring,planar_ring_sigma_framework,bond-order labels drawn from deterministic global shuffle,synthetic_control_only
bond_order_shuffle_control__benzene,bond_order_shuffle_control,benzene,bond_order_shuffle_control__benzene:Bz_e_04,benzene:Bz_e_04,bond_order_shuffle_control__benzene:Bz_04,bond_order_shuffle_control__benzene:Bz_05,benzene:Bz_04,benzene:Bz_05,single,1.5,sp2_sp2,planar_aromatic_pi_ring,planar_ring_sigma_framework,bond-order labels drawn from deterministic global shuffle,synthetic_control_only
bond_order_shuffle_control__benzene,bond_order_shuffle_control,benzene,bond_order_shuffle_control__benzene:Bz_e_05,benzene:Bz_e_05,bond_order_shuffle_control__benzene:Bz_05,bond_order_shuffle_control__benzene:Bz_00,benzene:Bz_05,benzene:Bz_00,5_6,1.5,sp2_sp2,planar_aromatic_pi_ring,planar_ring_sigma_framework,bond-order labels drawn from deterministic global shuffle,synthetic_control_only
bond_order_shuffle_control__c60,bond_order_shuffle_control,c60,bond_order_shuffle_control__c60:C60_e_000,c60:C60_e_000,bond_order_shuffle_control__c60:C60_00,bond_order_shuffle_control__c60:C60_01,c60:C60_00,c60:C60_01,6_6,1.45,sp2_sp2,curved_fullerene_pi_network,curved_fullerene_sigma_cage,bond-order labels drawn from deterministic global shuffle,synthetic_control_only
bond_order_shuffle_control__c60,bond_order_shuffle_control,c60,bond_order_shuffle_control__c60:C60_e_001,c60:C60_e_001,bond_order_shuffle_control__c60:C60_00,bond_order_shuffle_control__c60:C60_02,c60:C60_00,c60:C60_02,6_6,1.45,sp2_sp2,curved_fullerene_pi_network,curved_fullerene_sigma_cage,bond-order labels drawn from deterministic global shuffle,synthetic_control_only
bond_order_shuffle_control__c60,bond_order_shuffle_control,c60,bond_order_shuffle_control__c60:C60_e_002,c60:C60_e_002,bond_order_shuffle_control__c60:C60_00,bond_order_shuffle_control__c60:C60_05,c60:C60_00,c60:C60_05,triple,1.4,sp2_sp2,curved_fullerene_pi_network,curved_fullerene_sigma_cage,bond-order labels drawn from deterministic global shuffle,synthetic_control_only
bond_order_shuffle_control__c60,bond_order_shuffle_control,c60,bond_order_shuffle_control__c60:C60_e_003,c60:C60_e_003,bond_order_shuffle_control__c60:C60_01,bond_order_shuffle_control__c60:C60_04,c60:C60_01,c60:C60_04,5_6,1.45,sp2_sp2,curved_fullerene_pi_network,curved_fullerene_sigma_cage,bond-order labels drawn from deterministic global shuffle,synthetic_control_only
bond_order_shuffle_control__c60,bond_order_shuffle_control,c60,bond_order_shuffle_control__c60:C60_e_004,c60:C60_e_004,bond_order_shuffle_control__c60:C60_01,bond_order_shuffle_control__c60:C60_25,c60:C60_01,c60:C60_25,aromatic,1.4,sp2_sp2,curved_fullerene_pi_network,curved_fullerene_sigma_cage,bond-order labels drawn from deterministic global shuffle,synthetic_control_only
bond_order_shuffle_control__c60,bond_order_shuffle_control,c60,bond_order_shuffle_control__c60:C60_e_005,c60:C60_e_005,bond_order_shuffle_control__c60:C60_02,bond_order_shuffle_control__c60:C60_03,c60:C60_02,c60:C60_03,6_6,1.45,sp2_sp2,curved_fullerene_pi_network,curved_fullerene_sigma_cage,bond-order labels drawn from deterministic global shuffle,synthetic_control_only
bond_order_shuffle_control__c60,bond_order_shuffle_control,c60,bond_order_shuffle_control__c60:C60_e_006,c60:C60_e_006,bond_order_shuffle_control__c60:C60_02,bond_order_shuffle_control__c60:C60_35,c60:C60_02,c60:C60_35,6_6,1.4,sp2_sp2,curved_fullerene_pi_network,curved_fullerene_sigma_cage,bond-order labels drawn from deterministic global shuffle,synthetic_control_only
bond_order_shuffle_control__c60,bond_order_shuffle_control,c60,bond_order_shuffle_control__c60:C60_e_007,c60:C60_e_007,bond_order_shuffle_control__c60:C60_03,bond_order_shuffle_control__c60:C60_04,c60:C60_03,c60:C60_04,5_6,1.45,sp2_sp2,curved_fullerene_pi_network,curved_fullerene_sigma_cage,bond-order labels drawn from deterministic global shuffle,synthetic_control_only
bond_order_shuffle_control__c60,bond_order_shuffle_control,c60,bond_order_shuffle_control__c60:C60_e_008,c60:C60_e_008,bond_order_shuffle_control__c60:C60_03,bond_order_shuffle_control__c60:C60_50,c60:C60_03,c60:C60_50,aromatic,1.4,sp2_sp2,curved_fullerene_pi_network,curved_fullerene_sigma_cage,bond-order labels drawn from deterministic global shuffle,synthetic_control_only
bond_order_shuffle_control__c60,bond_order_shuffle_control,c60,bond_order_shuffle_control__c60:C60_e_009,c60:C60_e_009,bond_order_shuffle_control__c60:C60_04,bond_order_shuffle_control__c60:C60_55,c60:C60_04,c60:C60_55,5_6,1.4,sp2_sp2,curved_fullerene_pi_network,curved_fullerene_sigma_cage,bond-order labels drawn from deterministic global shuffle,synthetic_control_only
bond_order_shuffle_control__c60,bond_order_shuffle_control,c60,bond_order_shuffle_control__c60:C60_e_010,c60:C60_e_010,bond_order_shuffle_control__c60:C60_05,bond_order_shuffle_control__c60:C60_06,c60:C60_05,c60:C60_06,6_6,1.45,sp2_sp2,curved_fullerene_pi_network,curved_fullerene_sigma_cage,bond-order labels drawn from deterministic global shuffle,synthetic_control_only
bond_order_shuffle_control__c60,bond_order_shuffle_control,c60,bond_order_shuffle_control__c60:C60_e_011,c60:C60_e_011,bond_order_shuffle_control__c60:C60_05,bond_order_shuffle_control__c60:C60_07,c60:C60_05,c60:C60_07,5_6,1.45,sp2_sp2,curved_fullerene_pi_network,curved_fullerene_sigma_cage,bond-order labels drawn from deterministic global shuffle,synthetic_control_only
bond_order_shuffle_control__c60,bond_order_shuffle_control,c60,bond_order_shuffle_control__c60:C60_e_012,c60:C60_e_012,bond_order_shuffle_control__c60:C60_06,bond_order_shuffle_control__c60:C60_09,c60:C60_06,c60:C60_09,single,1.45,sp2_sp2,curved_fullerene_pi_network,curved_fullerene_sigma_cage,bond-order labels drawn from deterministic global shuffle,synthetic_control_only
bond_order_shuffle_control__c60,bond_order_shuffle_control,c60,bond_order_shuffle_control__c60:C60_e_013,c60:C60_e_013,bond_order_shuffle_control__c60:C60_06,bond_order_shuffle_control__c60:C60_26,c60:C60_06,c60:C60_26,5_6,1.4,sp2_sp2,curved_fullerene_pi_network,curved_fullerene_sigma_cage,bond-order labels drawn from deterministic global shuffle,synthetic_control_only
bond_order_shuffle_control__c60,bond_order_shuffle_control,c60,bond_order_shuffle_control__c60:C60_e_014,c60:C60_e_014,bond_order_shuffle_control__c60:C60_07,bond_order_shuffle_control__c60:C60_08,c60:C60_07,c60:C60_08,5_6,1.45,sp2_sp2,curved_fullerene_pi_network,curved_fullerene_sigma_cage,bond-order labels drawn from deterministic global shuffle,synthetic_control_only
bond_order_shuffle_control__c60,bond_order_shuffle_control,c60,bond_order_shuffle_control__c60:C60_e_015,c60:C60_e_015,bond_order_shuffle_control__c60:C60_07,bond_order_shuffle_control__c60:C60_36,c60:C60_07,c60:C60_36,single,1.4,sp2_sp2,curved_fullerene_pi_network,curved_fullerene_sigma_cage,bond-order labels drawn from deterministic global shuffle,synthetic_control_only
bond_order_shuffle_control__c60,bond_order_shuffle_control,c60,bond_order_shuffle_control__c60:C60_e_016,c60:C60_e_016,bond_order_shuffle_control__c60:C60_08,bond_order_shuffle_control__c60:C60_09,c60:C60_08,c60:C60_09,single,1.45,sp2_sp2,curved_fullerene_pi_network,curved_fullerene_sigma_cage,bond-order labels drawn from deterministic global shuffle,synthetic_control_only
bond_order_shuffle_control__c60,bond_order_shuffle_control,c60,bond_order_shuffle_control__c60:C60_e_017,c60:C60_e_017,bond_order_shuffle_control__c60:C60_08,bond_order_shuffle_control__c60:C60_40,c60:C60_08,c60:C60_40,5_6,1.4,sp2_sp2,curved_fullerene_pi_network,curved_fullerene_sigma_cage,bond-order labels drawn from deterministic global shuffle,synthetic_control_only
bond_order_shuffle_control__c60,bond_order_shuffle_control,c60,bond_order_shuffle_control__c60:C60_e_018,c60:C60_e_018,bond_order_shuffle_control__c60:C60_09,bond_order_shuffle_control__c60:C60_45,c60:C60_09,c60:C60_45,5_6,1.4,sp2_sp2,curved_fullerene_pi_network,curved_fullerene_sigma_cage,bond-order labels drawn from deterministic global shuffle,synthetic_control_only
bond_order_shuffle_control__c60,bond_order_shuffle_control,c60,bond_order_shuffle_control__c60:C60_e_019,c60:C60_e_019,bond_order_shuffle_control__c60:C60_10,bond_order_shuffle_control__c60:C60_11,c60:C60_10,c60:C60_11,6_6,1.45,sp2_sp2,curved_fullerene_pi_network,curved_fullerene_sigma_cage,bond-order labels drawn from deterministic global shuffle,synthetic_control_only
bond_order_shuffle_control__c60,bond_order_shuffle_control,c60,bond_order_shuffle_control__c60:C60_e_020,c60:C60_e_020,bond_order_shuffle_control__c60:C60_10,bond_order_shuffle_control__c60:C60_12,c60:C60_10,c60:C60_12,5_6,1.45,sp2_sp2,curved_fullerene_pi_network,curved_fullerene_sigma_cage,bond-order labels drawn from deterministic global shuffle,synthetic_control_only
bond_order_shuffle_control__c60,bond_order_shuffle_control,c60,bond_order_shuffle_control__c60:C60_e_021,c60:C60_e_021,bond_order_shuffle_control__c60:C60_10,bond_order_shuffle_control__c60:C60_15,c60:C60_10,c60:C60_15,5_6,1.4,sp2_sp2,curved_fullerene_pi_network,curved_fullerene_sigma_cage,bond-order labels drawn from deterministic global shuffle,synthetic_control_only
bond_order_shuffle_control__c60,bond_order_shuffle_control,c60,bond_order_shuffle_control__c60:C60_e_022,c60:C60_e_022,bond_order_shuffle_control__c60:C60_11,bond_order_shuffle_control__c60:C60_14,c60:C60_11,c60:C60_14,5_6,1.45,sp2_sp2,curved_fullerene_pi_network,curved_fullerene_sigma_cage,bond-order labels drawn from deterministic global shuffle,synthetic_control_only
bond_order_shuffle_control__c60,bond_order_shuffle_control,c60,bond_order_shuffle_control__c60:C60_e_023,c60:C60_e_023,bond_order_shuffle_control__c60:C60_11,bond_order_shuffle_control__c60:C60_20,c60:C60_11,c60:C60_20,5_6,1.4,sp2_sp2,curved_fullerene_pi_network,curved_fullerene_sigma_cage,bond-order labels drawn from deterministic global shuffle,synthetic_control_only
bond_order_shuffle_control__c60,bond_order_shuffle_control,c60,bond_order_shuffle_control__c60:C60_e_024,c60:C60_e_024,bond_order_shuffle_control__c60:C60_12,bond_order_shuffle_control__c60:C60_13,c60:C60_12,c60:C60_13,6_6,1.45,sp2_sp2,curved_fullerene_pi_network,curved_fullerene_sigma_cage,bond-order labels drawn from deterministic global shuffle,synthetic_control_only
bond_order_shuffle_control__c60,bond_order_shuffle_control,c60,bond_order_shuffle_control__c60:C60_e_025,c60:C60_e_025,bond_order_shuffle_control__c60:C60_12,bond_order_shuffle_control__c60:C60_30,c60:C60_12,c60:C60_30,5_6,1.4,sp2_sp2,curved_fullerene_pi_network,curved_fullerene_sigma_cage,bond-order labels drawn from deterministic global shuffle,synthetic_control_only
bond_order_shuffle_control__c60,bond_order_shuffle_control,c60,bond_order_shuffle_control__c60:C60_e_026,c60:C60_e_026,bond_order_shuffle_control__c60:C60_13,bond_order_shuffle_control__c60:C60_14,c60:C60_13,c60:C60_14,6_6,1.45,sp2_sp2,curved_fullerene_pi_network,curved_fullerene_sigma_cage,bond-order labels drawn from deterministic global shuffle,synthetic_control_only
bond_order_shuffle_control__c60,bond_order_shuffle_control,c60,bond_order_shuffle_control__c60:C60_e_027,c60:C60_e_027,bond_order_shuffle_control__c60:C60_13,bond_order_shuffle_control__c60:C60_51,c60:C60_13,c60:C60_51,aromatic,1.4,sp2_sp2,curved_fullerene_pi_network,curved_fullerene_sigma_cage,bond-order labels drawn from deterministic global shuffle,synthetic_control_only
bond_order_shuffle_control__c60,bond_order_shuffle_control,c60,bond_order_shuffle_control__c60:C60_e_028,c60:C60_e_028,bond_order_shuffle_control__c60:C60_14,bond_order_shuffle_control__c60:C60_56,c60:C60_14,c60:C60_56,5_6,1.4,sp2_sp2,curved_fullerene_pi_network,curved_fullerene_sigma_cage,bond-order labels drawn from deterministic global shuffle,synthetic_control_only
bond_order_shuffle_control__c60,bond_order_shuffle_control,c60,bond_order_shuffle_control__c60:C60_e_029,c60:C60_e_029,bond_order_shuffle_control__c60:C60_15,bond_order_shuffle_control__c60:C60_16,c60:C60_15,c60:C60_16,6_6,1.45,sp2_sp2,curved_fullerene_pi_network,curved_fullerene_sigma_cage,bond-order labels drawn from deterministic global shuffle,synthetic_control_only
bond_order_shuffle_control__c60,bond_order_shuffle_control,c60,bond_order_shuffle_control__c60:C60_e_030,c60:C60_e_030,bond_order_shuffle_control__c60:C60_15,bond_order_shuffle_control__c60:C60_17,c60:C60_15,c60:C60_17,single,1.45,sp2_sp2,curved_fullerene_pi_network,curved_fullerene_sigma_cage,bond-order labels drawn from deterministic global shuffle,synthetic_control_only
bond_order_shuffle_control__c60,bond_order_shuffle_control,c60,bond_order_shuffle_control__c60:C60_e_031,c60:C60_e_031,bond_order_shuffle_control__c60:C60_16,bond_order_shuffle_control__c60:C60_19,c60:C60_16,c60:C60_19,single,1.45,sp2_sp2,curved_fullerene_pi_network,curved_fullerene_sigma_cage,bond-order labels drawn from deterministic global shuffle,synthetic_control_only
bond_order_shuffle_control__c60,bond_order_shuffle_control,c60,bond_order_shuffle_control__c60:C60_e_032,c60:C60_e_032,bond_order_shuffle_control__c60:C60_16,bond_order_shuffle_control__c60:C60_21,c60:C60_16,c60:C60_21,6_6,1.4,sp2_sp2,curved_fullerene_pi_network,curved_fullerene_sigma_cage,bond-order labels drawn from deterministic global shuffle,synthetic_control_only
bond_order_shuffle_control__c60,bond_order_shuffle_control,c60,bond_order_shuffle_control__c60:C60_e_033,c60:C60_e_033,bond_order_shuffle_control__c60:C60_17,bond_order_shuffle_control__c60:C60_18,c60:C60_17,c60:C60_18,single,1.45,sp2_sp2,curved_fullerene_pi_network,curved_fullerene_sigma_cage,bond-order labels drawn from deterministic global shuffle,synthetic_control_only
bond_order_shuffle_control__c60,bond_order_shuffle_control,c60,bond_order_shuffle_control__c60:C60_e_034,c60:C60_e_034,bond_order_shuffle_control__c60:C60_17,bond_order_shuffle_control__c60:C60_31,c60:C60_17,c60:C60_31,5_6,1.4,sp2_sp2,curved_fullerene_pi_network,curved_fullerene_sigma_cage,bond-order labels drawn from deterministic global shuffle,synthetic_control_only
bond_order_shuffle_control__c60,bond_order_shuffle_control,c60,bond_order_shuffle_control__c60:C60_e_035,c60:C60_e_035,bond_order_shuffle_control__c60:C60_18,bond_order_shuffle_control__c60:C60_19,c60:C60_18,c60:C60_19,5_6,1.45,sp2_sp2,curved_fullerene_pi_network,curved_fullerene_sigma_cage,bond-order labels drawn from deterministic global shuffle,synthetic_control_only
bond_order_shuffle_control__c60,bond_order_shuffle_control,c60,bond_order_shuffle_control__c60:C60_e_036,c60:C60_e_036,bond_order_shuffle_control__c60:C60_18,bond_order_shuffle_control__c60:C60_41,c60:C60_18,c60:C60_41,6_6,1.4,sp2_sp2,curved_fullerene_pi_network,curved_fullerene_sigma_cage,bond-order labels drawn from deterministic global shuffle,synthetic_control_only
bond_order_shuffle_control__c60,bond_order_shuffle_control,c60,bond_order_shuffle_control__c60:C60_e_037,c60:C60_e_037,bond_order_shuffle_control__c60:C60_19,bond_order_shuffle_control__c60:C60_46,c60:C60_19,c60:C60_46,6_6,1.4,sp2_sp2,curved_fullerene_pi_network,curved_fullerene_sigma_cage,bond-order labels drawn from deterministic global shuffle,synthetic_control_only
bond_order_shuffle_control__c60,bond_order_shuffle_control,c60,bond_order_shuffle_control__c60:C60_e_038,c60:C60_e_038,bond_order_shuffle_control__c60:C60_20,bond_order_shuffle_control__c60:C60_21,c60:C60_20,c60:C60_21,5_6,1.45,sp2_sp2,curved_fullerene_pi_network,curved_fullerene_sigma_cage,bond-order labels drawn from deterministic global shuffle,synthetic_control_only
bond_order_shuffle_control__c60,bond_order_shuffle_control,c60,bond_order_shuffle_control__c60:C60_e_039,c60:C60_e_039,bond_order_shuffle_control__c60:C60_20,bond_order_shuffle_control__c60:C60_24,c60:C60_20,c60:C60_24,6_6,1.45,sp2_sp2,curved_fullerene_pi_network,curved_fullerene_sigma_cage,bond-order labels drawn from deterministic global shuffle,synthetic_control_only
bond_order_shuffle_control__c60,bond_order_shuffle_control,c60,bond_order_shuffle_control__c60:C60_e_040,c60:C60_e_040,bond_order_shuffle_control__c60:C60_21,bond_order_shuffle_control__c60:C60_23,c60:C60_21,c60:C60_23,5_6,1.45,sp2_sp2,curved_fullerene_pi_network,curved_fullerene_sigma_cage,bond-order labels drawn from deterministic global shuffle,synthetic_control_only
bond_order_shuffle_control__c60,bond_order_shuffle_control,c60,bond_order_shuffle_control__c60:C60_e_041,c60:C60_e_041,bond_order_shuffle_control__c60:C60_22,bond_order_shuffle_control__c60:C60_23,c60:C60_22,c60:C60_23,5_6,1.45,sp2_sp2,curved_fullerene_pi_network,curved_fullerene_sigma_cage,bond-order labels drawn from deterministic global shuffle,synthetic_control_only
bond_order_shuffle_control__c60,bond_order_shuffle_control,c60,bond_order_shuffle_control__c60:C60_e_042,c60:C60_e_042,bond_order_shuffle_control__c60:C60_22,bond_order_shuffle_control__c60:C60_24,c60:C60_22,c60:C60_24,5_6,1.45,sp2_sp2,curved_fullerene_pi_network,curved_fullerene_sigma_cage,bond-order labels drawn from deterministic global shuffle,synthetic_control_only
bond_order_shuffle_control__c60,bond_order_shuffle_control,c60,bond_order_shuffle_control__c60:C60_e_043,c60:C60_e_043,bond_order_shuffle_control__c60:C60_22,bond_order_shuffle_control__c60:C60_27,c60:C60_22,c60:C60_27,5_6,1.4,sp2_sp2,curved_fullerene_pi_network,curved_fullerene_sigma_cage,bond-order labels drawn from deterministic global shuffle,synthetic_control_only
bond_order_shuffle_control__c60,bond_order_shuffle_control,c60,bond_order_shuffle_control__c60:C60_e_044,c60:C60_e_044,bond_order_shuffle_control__c60:C60_23,bond_order_shuffle_control__c60:C60_47,c60:C60_23,c60:C60_47,6_6,1.4,sp2_sp2,curved_fullerene_pi_network,curved_fullerene_sigma_cage,bond-order labels drawn from deterministic global shuffle,synthetic_control_only
bond_order_shuffle_control__c60,bond_order_shuffle_control,c60,bond_order_shuffle_control__c60:C60_e_045,c60:C60_e_045,bond_order_shuffle_control__c60:C60_24,bond_order_shuffle_control__c60:C60_57,c60:C60_24,c60:C60_57,5_6,1.4,sp2_sp2,curved_fullerene_pi_network,curved_fullerene_sigma_cage,bond-order labels drawn from deterministic global shuffle,synthetic_control_only
bond_order_shuffle_control__c60,bond_order_shuffle_control,c60,bond_order_shuffle_control__c60:C60_e_046,c60:C60_e_046,bond_order_shuffle_control__c60:C60_25,bond_order_shuffle_control__c60:C60_26,c60:C60_25,c60:C60_26,5_6,1.45,sp2_sp2,curved_fullerene_pi_network,curved_fullerene_sigma_cage,bond-order labels drawn from deterministic global shuffle,synthetic_control_only
bond_order_shuffle_control__c60,bond_order_shuffle_control,c60,bond_order_shuffle_control__c60:C60_e_047,c60:C60_e_047,bond_order_shuffle_control__c60:C60_25,bond_order_shuffle_control__c60:C60_29,c60:C60_25,c60:C60_29,5_6,1.45,sp2_sp2,curved_fullerene_pi_network,curved_fullerene_sigma_cage,bond-order labels drawn from deterministic global shuffle,synthetic_control_only
bond_order_shuffle_control__c60,bond_order_shuffle_control,c60,bond_order_shuffle_control__c60:C60_e_048,c60:C60_e_048,bond_order_shuffle_control__c60:C60_26,bond_order_shuffle_control__c60:C60_28,c60:C60_26,c60:C60_28,5_6,1.45,sp2_sp2,curved_fullerene_pi_network,curved_fullerene_sigma_cage,bond-order labels drawn from deterministic global shuffle,synthetic_control_only
bond_order_shuffle_control__c60,bond_order_shuffle_control,c60,bond_order_shuffle_control__c60:C60_e_049,c60:C60_e_049,bond_order_shuffle_control__c60:C60_27,bond_order_shuffle_control__c60:C60_28,c60:C60_27,c60:C60_28,5_6,1.45,sp2_sp2,curved_fullerene_pi_network,curved_fullerene_sigma_cage,bond-order labels drawn from deterministic global shuffle,synthetic_control_only
bond_order_shuffle_control__c60,bond_order_shuffle_control,c60,bond_order_shuffle_control__c60:C60_e_050,c60:C60_e_050,bond_order_shuffle_control__c60:C60_27,bond_order_shuffle_control__c60:C60_29,c60:C60_27,c60:C60_29,5_6,1.45,sp2_sp2,curved_fullerene_pi_network,curved_fullerene_sigma_cage,bond-order labels drawn from deterministic global shuffle,synthetic_control_only
bond_order_shuffle_control__c60,bond_order_shuffle_control,c60,bond_order_shuffle_control__c60:C60_e_051,c60:C60_e_051,bond_order_shuffle_control__c60:C60_28,bond_order_shuffle_control__c60:C60_48,c60:C60_28,c60:C60_48,6_6,1.4,sp2_sp2,curved_fullerene_pi_network,curved_fullerene_sigma_cage,bond-order labels drawn from deterministic global shuffle,synthetic_control_only
bond_order_shuffle_control__c60,bond_order_shuffle_control,c60,bond_order_shuffle_control__c60:C60_e_052,c60:C60_e_052,bond_order_shuffle_control__c60:C60_29,bond_order_shuffle_control__c60:C60_58,c60:C60_29,c60:C60_58,5_6,1.4,sp2_sp2,curved_fullerene_pi_network,curved_fullerene_sigma_cage,bond-order labels drawn from deterministic global shuffle,synthetic_control_only
bond_order_shuffle_control__c60,bond_order_shuffle_control,c60,bond_order_shuffle_control__c60:C60_e_053,c60:C60_e_053,bond_order_shuffle_control__c60:C60_30,bond_order_shuffle_control__c60:C60_31,c60:C60_30,c60:C60_31,6_6,1.45,sp2_sp2,curved_fullerene_pi_network,curved_fullerene_sigma_cage,bond-order labels drawn from deterministic global shuffle,synthetic_control_only
bond_order_shuffle_control__c60,bond_order_shuffle_control,c60,bond_order_shuffle_control__c60:C60_e_054,c60:C60_e_054,bond_order_shuffle_control__c60:C60_30,bond_order_shuffle_control__c60:C60_34,c60:C60_30,c60:C60_34,5_6,1.45,sp2_sp2,curved_fullerene_pi_network,curved_fullerene_sigma_cage,bond-order labels drawn from deterministic global shuffle,synthetic_control_only
bond_order_shuffle_control__c60,bond_order_shuffle_control,c60,bond_order_shuffle_control__c60:C60_e_055,c60:C60_e_055,bond_order_shuffle_control__c60:C60_31,bond_order_shuffle_control__c60:C60_33,c60:C60_31,c60:C60_33,single,1.45,sp2_sp2,curved_fullerene_pi_network,curved_fullerene_sigma_cage,bond-order labels drawn from deterministic global shuffle,synthetic_control_only
bond_order_shuffle_control__c60,bond_order_shuffle_control,c60,bond_order_shuffle_control__c60:C60_e_056,c60:C60_e_056,bond_order_shuffle_control__c60:C60_32,bond_order_shuffle_control__c60:C60_33,c60:C60_32,c60:C60_33,single,1.45,sp2_sp2,curved_fullerene_pi_network,curved_fullerene_sigma_cage,bond-order labels drawn from deterministic global shuffle,synthetic_control_only
bond_order_shuffle_control__c60,bond_order_shuffle_control,c60,bond_order_shuffle_control__c60:C60_e_057,c60:C60_e_057,bond_order_shuffle_control__c60:C60_32,bond_order_shuffle_control__c60:C60_34,c60:C60_32,c60:C60_34,single,1.45,sp2_sp2,curved_fullerene_pi_network,curved_fullerene_sigma_cage,bond-order labels drawn from deterministic global shuffle,synthetic_control_only
bond_order_shuffle_control__c60,bond_order_shuffle_control,c60,bond_order_shuffle_control__c60:C60_e_058,c60:C60_e_058,bond_order_shuffle_control__c60:C60_32,bond_order_shuffle_control__c60:C60_37,c60:C60_32,c60:C60_37,6_6,1.4,sp2_sp2,curved_fullerene_pi_network,curved_fullerene_sigma_cage,bond-order labels drawn from deterministic global shuffle,synthetic_control_only
bond_order_shuffle_control__c60,bond_order_shuffle_control,c60,bond_order_shuffle_control__c60:C60_e_059,c60:C60_e_059,bond_order_shuffle_control__c60:C60_33,bond_order_shuffle_control__c60:C60_42,c60:C60_33,c60:C60_42,5_6,1.4,sp2_sp2,curved_fullerene_pi_network,curved_fullerene_sigma_cage,bond-order labels drawn from deterministic global shuffle,synthetic_control_only
bond_order_shuffle_control__c60,bond_order_shuffle_control,c60,bond_order_shuffle_control__c60:C60_e_060,c60:C60_e_060,bond_order_shuffle_control__c60:C60_34,bond_order_shuffle_control__c60:C60_52,c60:C60_34,c60:C60_52,6_6,1.4,sp2_sp2,curved_fullerene_pi_network,curved_fullerene_sigma_cage,bond-order labels drawn from deterministic global shuffle,synthetic_control_only
bond_order_shuffle_control__c60,bond_order_shuffle_control,c60,bond_order_shuffle_control__c60:C60_e_061,c60:C60_e_061,bond_order_shuffle_control__c60:C60_35,bond_order_shuffle_control__c60:C60_36,c60:C60_35,c60:C60_36,6_6,1.45,sp2_sp2,curved_fullerene_pi_network,curved_fullerene_sigma_cage,bond-order labels drawn from deterministic global shuffle,synthetic_control_only
bond_order_shuffle_control__c60,bond_order_shuffle_control,c60,bond_order_shuffle_control__c60:C60_e_062,c60:C60_e_062,bond_order_shuffle_control__c60:C60_35,bond_order_shuffle_control__c60:C60_39,c60:C60_35,c60:C60_39,5_6,1.45,sp2_sp2,curved_fullerene_pi_network,curved_fullerene_sigma_cage,bond-order labels drawn from deterministic global shuffle,synthetic_control_only
bond_order_shuffle_control__c60,bond_order_shuffle_control,c60,bond_order_shuffle_control__c60:C60_e_063,c60:C60_e_063,bond_order_shuffle_control__c60:C60_36,bond_order_shuffle_control__c60:C60_38,c60:C60_36,c60:C60_38,6_6,1.45,sp2_sp2,curved_fullerene_pi_network,curved_fullerene_sigma_cage,bond-order labels drawn from deterministic global shuffle,synthetic_control_only
bond_order_shuffle_control__c60,bond_order_shuffle_control,c60,bond_order_shuffle_control__c60:C60_e_064,c60:C60_e_064,bond_order_shuffle_control__c60:C60_37,bond_order_shuffle_control__c60:C60_38,c60:C60_37,c60:C60_38,5_6,1.45,sp2_sp2,curved_fullerene_pi_network,curved_fullerene_sigma_cage,bond-order labels drawn from deterministic global shuffle,synthetic_control_only
bond_order_shuffle_control__c60,bond_order_shuffle_control,c60,bond_order_shuffle_control__c60:C60_e_065,c60:C60_e_065,bond_order_shuffle_control__c60:C60_37,bond_order_shuffle_control__c60:C60_39,c60:C60_37,c60:C60_39,5_6,1.45,sp2_sp2,curved_fullerene_pi_network,curved_fullerene_sigma_cage,bond-order labels drawn from deterministic global shuffle,synthetic_control_only
bond_order_shuffle_control__c60,bond_order_shuffle_control,c60,bond_order_shuffle_control__c60:C60_e_066,c60:C60_e_066,bond_order_shuffle_control__c60:C60_38,bond_order_shuffle_control__c60:C60_43,c60:C60_38,c60:C60_43,5_6,1.4,sp2_sp2,curved_fullerene_pi_network,curved_fullerene_sigma_cage,bond-order labels drawn from deterministic global shuffle,synthetic_control_only
bond_order_shuffle_control__c60,bond_order_shuffle_control,c60,bond_order_shuffle_control__c60:C60_e_067,c60:C60_e_067,bond_order_shuffle_control__c60:C60_39,bond_order_shuffle_control__c60:C60_53,c60:C60_39,c60:C60_53,5_6,1.4,sp2_sp2,curved_fullerene_pi_network,curved_fullerene_sigma_cage,bond-order labels drawn from deterministic global shuffle,synthetic_control_only
bond_order_shuffle_control__c60,bond_order_shuffle_control,c60,bond_order_shuffle_control__c60:C60_e_068,c60:C60_e_068,bond_order_shuffle_control__c60:C60_40,bond_order_shuffle_control__c60:C60_43,c60:C60_40,c60:C60_43,5_6,1.45,sp2_sp2,curved_fullerene_pi_network,curved_fullerene_sigma_cage,bond-order labels drawn from deterministic global shuffle,synthetic_control_only
bond_order_shuffle_control__c60,bond_order_shuffle_control,c60,bond_order_shuffle_control__c60:C60_e_069,c60:C60_e_069,bond_order_shuffle_control__c60:C60_40,bond_order_shuffle_control__c60:C60_44,c60:C60_40,c60:C60_44,5_6,1.45,sp2_sp2,curved_fullerene_pi_network,curved_fullerene_sigma_cage,bond-order labels drawn from deterministic global shuffle,synthetic_control_only
bond_order_shuffle_control__c60,bond_order_shuffle_control,c60,bond_order_shuffle_control__c60:C60_e_070,c60:C60_e_070,bond_order_shuffle_control__c60:C60_41,bond_order_shuffle_control__c60:C60_42,c60:C60_41,c60:C60_42,6_6,1.45,sp2_sp2,curved_fullerene_pi_network,curved_fullerene_sigma_cage,bond-order labels drawn from deterministic global shuffle,synthetic_control_only
bond_order_shuffle_control__c60,bond_order_shuffle_control,c60,bond_order_shuffle_control__c60:C60_e_071,c60:C60_e_071,bond_order_shuffle_control__c60:C60_41,bond_order_shuffle_control__c60:C60_44,c60:C60_41,c60:C60_44,5_6,1.45,sp2_sp2,curved_fullerene_pi_network,curved_fullerene_sigma_cage,bond-order labels drawn from deterministic global shuffle,synthetic_control_only
bond_order_shuffle_control__c60,bond_order_shuffle_control,c60,bond_order_shuffle_control__c60:C60_e_072,c60:C60_e_072,bond_order_shuffle_control__c60:C60_42,bond_order_shuffle_control__c60:C60_43,c60:C60_42,c60:C60_43,6_6,1.45,sp2_sp2,curved_fullerene_pi_network,curved_fullerene_sigma_cage,bond-order labels drawn from deterministic global shuffle,synthetic_control_only
bond_order_shuffle_control__c60,bond_order_shuffle_control,c60,bond_order_shuffle_control__c60:C60_e_073,c60:C60_e_073,bond_order_shuffle_control__c60:C60_44,bond_order_shuffle_control__c60:C60_49,c60:C60_44,c60:C60_49,5_6,1.4,sp2_sp2,curved_fullerene_pi_network,curved_fullerene_sigma_cage,bond-order labels drawn from deterministic global shuffle,synthetic_control_only
bond_order_shuffle_control__c60,bond_order_shuffle_control,c60,bond_order_shuffle_control__c60:C60_e_074,c60:C60_e_074,bond_order_shuffle_control__c60:C60_45,bond_order_shuffle_control__c60:C60_48,c60:C60_45,c60:C60_48,6_6,1.45,sp2_sp2,curved_fullerene_pi_network,curved_fullerene_sigma_cage,bond-order labels drawn from deterministic global shuffle,synthetic_control_only
bond_order_shuffle_control__c60,bond_order_shuffle_control,c60,bond_order_shuffle_control__c60:C60_e_075,c60:C60_e_075,bond_order_shuffle_control__c60:C60_45,bond_order_shuffle_control__c60:C60_49,c60:C60_45,c60:C60_49,6_6,1.45,sp2_sp2,curved_fullerene_pi_network,curved_fullerene_sigma_cage,bond-order labels drawn from deterministic global shuffle,synthetic_control_only
bond_order_shuffle_control__c60,bond_order_shuffle_control,c60,bond_order_shuffle_control__c60:C60_e_076,c60:C60_e_076,bond_order_shuffle_control__c60:C60_46,bond_order_shuffle_control__c60:C60_47,c60:C60_46,c60:C60_47,5_6,1.45,sp2_sp2,curved_fullerene_pi_network,curved_fullerene_sigma_cage,bond-order labels drawn from deterministic global shuffle,synthetic_control_only
bond_order_shuffle_control__c60,bond_order_shuffle_control,c60,bond_order_shuffle_control__c60:C60_e_077,c60:C60_e_077,bond_order_shuffle_control__c60:C60_46,bond_order_shuffle_control__c60:C60_49,c60:C60_46,c60:C60_49,6_6,1.45,sp2_sp2,curved_fullerene_pi_network,curved_fullerene_sigma_cage,bond-order labels drawn from deterministic global shuffle,synthetic_control_only
bond_order_shuffle_control__c60,bond_order_shuffle_control,c60,bond_order_shuffle_control__c60:C60_e_078,c60:C60_e_078,bond_order_shuffle_control__c60:C60_47,bond_order_shuffle_control__c60:C60_48,c60:C60_47,c60:C60_48,5_6,1.45,sp2_sp2,curved_fullerene_pi_network,curved_fullerene_sigma_cage,bond-order labels drawn from deterministic global shuffle,synthetic_control_only
bond_order_shuffle_control__c60,bond_order_shuffle_control,c60,bond_order_shuffle_control__c60:C60_e_079,c60:C60_e_079,bond_order_shuffle_control__c60:C60_50,bond_order_shuffle_control__c60:C60_53,c60:C60_50,c60:C60_53,5_6,1.45,sp2_sp2,curved_fullerene_pi_network,curved_fullerene_sigma_cage,bond-order labels drawn from deterministic global shuffle,synthetic_control_only
bond_order_shuffle_control__c60,bond_order_shuffle_control,c60,bond_order_shuffle_control__c60:C60_e_080,c60:C60_e_080,bond_order_shuffle_control__c60:C60_50,bond_order_shuffle_control__c60:C60_54,c60:C60_50,c60:C60_54,6_6,1.45,sp2_sp2,curved_fullerene_pi_network,curved_fullerene_sigma_cage,bond-order labels drawn from deterministic global shuffle,synthetic_control_only
bond_order_shuffle_control__c60,bond_order_shuffle_control,c60,bond_order_shuffle_control__c60:C60_e_081,c60:C60_e_081,bond_order_shuffle_control__c60:C60_51,bond_order_shuffle_control__c60:C60_52,c60:C60_51,c60:C60_52,5_6,1.45,sp2_sp2,curved_fullerene_pi_network,curved_fullerene_sigma_cage,bond-order labels drawn from deterministic global shuffle,synthetic_control_only
bond_order_shuffle_control__c60,bond_order_shuffle_control,c60,bond_order_shuffle_control__c60:C60_e_082,c60:C60_e_082,bond_order_shuffle_control__c60:C60_51,bond_order_shuffle_control__c60:C60_54,c60:C60_51,c60:C60_54,5_6,1.45,sp2_sp2,curved_fullerene_pi_network,curved_fullerene_sigma_cage,bond-order labels drawn from deterministic global shuffle,synthetic_control_only
bond_order_shuffle_control__c60,bond_order_shuffle_control,c60,bond_order_shuffle_control__c60:C60_e_083,c60:C60_e_083,bond_order_shuffle_control__c60:C60_52,bond_order_shuffle_control__c60:C60_53,c60:C60_52,c60:C60_53,6_6,1.45,sp2_sp2,curved_fullerene_pi_network,curved_fullerene_sigma_cage,bond-order labels drawn from deterministic global shuffle,synthetic_control_only
bond_order_shuffle_control__c60,bond_order_shuffle_control,c60,bond_order_shuffle_control__c60:C60_e_084,c60:C60_e_084,bond_order_shuffle_control__c60:C60_54,bond_order_shuffle_control__c60:C60_59,c60:C60_54,c60:C60_59,5_6,1.4,sp2_sp2,curved_fullerene_pi_network,curved_fullerene_sigma_cage,bond-order labels drawn from deterministic global shuffle,synthetic_control_only
bond_order_shuffle_control__c60,bond_order_shuffle_control,c60,bond_order_shuffle_control__c60:C60_e_085,c60:C60_e_085,bond_order_shuffle_control__c60:C60_55,bond_order_shuffle_control__c60:C60_58,c60:C60_55,c60:C60_58,5_6,1.45,sp2_sp2,curved_fullerene_pi_network,curved_fullerene_sigma_cage,bond-order labels drawn from deterministic global shuffle,synthetic_control_only
bond_order_shuffle_control__c60,bond_order_shuffle_control,c60,bond_order_shuffle_control__c60:C60_e_086,c60:C60_e_086,bond_order_shuffle_control__c60:C60_55,bond_order_shuffle_control__c60:C60_59,c60:C60_55,c60:C60_59,5_6,1.45,sp2_sp2,curved_fullerene_pi_network,curved_fullerene_sigma_cage,bond-order labels drawn from deterministic global shuffle,synthetic_control_only
bond_order_shuffle_control__c60,bond_order_shuffle_control,c60,bond_order_shuffle_control__c60:C60_e_087,c60:C60_e_087,bond_order_shuffle_control__c60:C60_56,bond_order_shuffle_control__c60:C60_57,c60:C60_56,c60:C60_57,5_6,1.45,sp2_sp2,curved_fullerene_pi_network,curved_fullerene_sigma_cage,bond-order labels drawn from deterministic global shuffle,synthetic_control_only
bond_order_shuffle_control__c60,bond_order_shuffle_control,c60,bond_order_shuffle_control__c60:C60_e_088,c60:C60_e_088,bond_order_shuffle_control__c60:C60_56,bond_order_shuffle_control__c60:C60_59,c60:C60_56,c60:C60_59,5_6,1.45,sp2_sp2,curved_fullerene_pi_network,curved_fullerene_sigma_cage,bond-order labels drawn from deterministic global shuffle,synthetic_control_only
bond_order_shuffle_control__c60,bond_order_shuffle_control,c60,bond_order_shuffle_control__c60:C60_e_089,c60:C60_e_089,bond_order_shuffle_control__c60:C60_57,bond_order_shuffle_control__c60:C60_58,c60:C60_57,c60:C60_58,5_6,1.45,sp2_sp2,curved_fullerene_pi_network,curved_fullerene_sigma_cage,bond-order labels drawn from deterministic global shuffle,synthetic_control_only
bond_order_shuffle_control__ethyne,bond_order_shuffle_control,ethyne,bond_order_shuffle_control__ethyne:Eth_e_00,ethyne:Eth_e_00,bond_order_shuffle_control__ethyne:Eth_00,bond_order_shuffle_control__ethyne:Eth_01,ethyne:Eth_00,ethyne:Eth_01,5_6,3.0,sp_sp,linear_triple_bond_pi_pair,linear_sigma_axis,bond-order labels drawn from deterministic global shuffle,synthetic_control_only
sigma_pi_label_shuffle_control__adamantane,sigma_pi_label_shuffle_control,adamantane,sigma_pi_label_shuffle_control__adamantane:Ada_e_00,adamantane:Ada_e_00,sigma_pi_label_shuffle_control__adamantane:Ada_00,sigma_pi_label_shuffle_control__adamantane:Ada_04,adamantane:Ada_00,adamantane:Ada_04,single,1.0,sp3_sp3,curved_fullerene_pi_network,curved_fullerene_sigma_cage,sigma/pi edge labels drawn from deterministic global shuffle,synthetic_control_only
sigma_pi_label_shuffle_control__adamantane,sigma_pi_label_shuffle_control,adamantane,sigma_pi_label_shuffle_control__adamantane:Ada_e_01,adamantane:Ada_e_01,sigma_pi_label_shuffle_control__adamantane:Ada_01,sigma_pi_label_shuffle_control__adamantane:Ada_04,adamantane:Ada_01,adamantane:Ada_04,single,1.0,sp3_sp3,curved_fullerene_pi_network,curved_fullerene_sigma_cage,sigma/pi edge labels drawn from deterministic global shuffle,synthetic_control_only
sigma_pi_label_shuffle_control__adamantane,sigma_pi_label_shuffle_control,adamantane,sigma_pi_label_shuffle_control__adamantane:Ada_e_02,adamantane:Ada_e_02,sigma_pi_label_shuffle_control__adamantane:Ada_00,sigma_pi_label_shuffle_control__adamantane:Ada_05,adamantane:Ada_00,adamantane:Ada_05,single,1.0,sp3_sp3,none,curved_fullerene_sigma_cage,sigma/pi edge labels drawn from deterministic global shuffle,synthetic_control_only
sigma_pi_label_shuffle_control__adamantane,sigma_pi_label_shuffle_control,adamantane,sigma_pi_label_shuffle_control__adamantane:Ada_e_03,adamantane:Ada_e_03,sigma_pi_label_shuffle_control__adamantane:Ada_02,sigma_pi_label_shuffle_control__adamantane:Ada_05,adamantane:Ada_02,adamantane:Ada_05,single,1.0,sp3_sp3,curved_fullerene_pi_network,diamondoid_sigma_cage,sigma/pi edge labels drawn from deterministic global shuffle,synthetic_control_only
sigma_pi_label_shuffle_control__adamantane,sigma_pi_label_shuffle_control,adamantane,sigma_pi_label_shuffle_control__adamantane:Ada_e_04,adamantane:Ada_e_04,sigma_pi_label_shuffle_control__adamantane:Ada_00,sigma_pi_label_shuffle_control__adamantane:Ada_06,adamantane:Ada_00,adamantane:Ada_06,single,1.0,sp3_sp3,curved_fullerene_pi_network,curved_fullerene_sigma_cage,sigma/pi edge labels drawn from deterministic global shuffle,synthetic_control_only
sigma_pi_label_shuffle_control__adamantane,sigma_pi_label_shuffle_control,adamantane,sigma_pi_label_shuffle_control__adamantane:Ada_e_05,adamantane:Ada_e_05,sigma_pi_label_shuffle_control__adamantane:Ada_03,sigma_pi_label_shuffle_control__adamantane:Ada_06,adamantane:Ada_03,adamantane:Ada_06,single,1.0,sp3_sp3,planar_aromatic_pi_ring,curved_fullerene_sigma_cage,sigma/pi edge labels drawn from deterministic global shuffle,synthetic_control_only
sigma_pi_label_shuffle_control__adamantane,sigma_pi_label_shuffle_control,adamantane,sigma_pi_label_shuffle_control__adamantane:Ada_e_06,adamantane:Ada_e_06,sigma_pi_label_shuffle_control__adamantane:Ada_01,sigma_pi_label_shuffle_control__adamantane:Ada_07,adamantane:Ada_01,adamantane:Ada_07,single,1.0,sp3_sp3,curved_fullerene_pi_network,curved_fullerene_sigma_cage,sigma/pi edge labels drawn from deterministic global shuffle,synthetic_control_only
sigma_pi_label_shuffle_control__adamantane,sigma_pi_label_shuffle_control,adamantane,sigma_pi_label_shuffle_control__adamantane:Ada_e_07,adamantane:Ada_e_07,sigma_pi_label_shuffle_control__adamantane:Ada_02,sigma_pi_label_shuffle_control__adamantane:Ada_07,adamantane:Ada_02,adamantane:Ada_07,single,1.0,sp3_sp3,curved_fullerene_pi_network,curved_fullerene_sigma_cage,sigma/pi edge labels drawn from deterministic global shuffle,synthetic_control_only
sigma_pi_label_shuffle_control__adamantane,sigma_pi_label_shuffle_control,adamantane,sigma_pi_label_shuffle_control__adamantane:Ada_e_08,adamantane:Ada_e_08,sigma_pi_label_shuffle_control__adamantane:Ada_01,sigma_pi_label_shuffle_control__adamantane:Ada_08,adamantane:Ada_01,adamantane:Ada_08,single,1.0,sp3_sp3,curved_fullerene_pi_network,curved_fullerene_sigma_cage,sigma/pi edge labels drawn from deterministic global shuffle,synthetic_control_only
sigma_pi_label_shuffle_control__adamantane,sigma_pi_label_shuffle_control,adamantane,sigma_pi_label_shuffle_control__adamantane:Ada_e_09,adamantane:Ada_e_09,sigma_pi_label_shuffle_control__adamantane:Ada_03,sigma_pi_label_shuffle_control__adamantane:Ada_08,adamantane:Ada_03,adamantane:Ada_08,single,1.0,sp3_sp3,curved_fullerene_pi_network,curved_fullerene_sigma_cage,sigma/pi edge labels drawn from deterministic global shuffle,synthetic_control_only
sigma_pi_label_shuffle_control__adamantane,sigma_pi_label_shuffle_control,adamantane,sigma_pi_label_shuffle_control__adamantane:Ada_e_10,adamantane:Ada_e_10,sigma_pi_label_shuffle_control__adamantane:Ada_02,sigma_pi_label_shuffle_control__adamantane:Ada_09,adamantane:Ada_02,adamantane:Ada_09,single,1.0,sp3_sp3,curved_fullerene_pi_network,curved_fullerene_sigma_cage,sigma/pi edge labels drawn from deterministic global shuffle,synthetic_control_only
sigma_pi_label_shuffle_control__adamantane,sigma_pi_label_shuffle_control,adamantane,sigma_pi_label_shuffle_control__adamantane:Ada_e_11,adamantane:Ada_e_11,sigma_pi_label_shuffle_control__adamantane:Ada_03,sigma_pi_label_shuffle_control__adamantane:Ada_09,adamantane:Ada_03,adamantane:Ada_09,single,1.0,sp3_sp3,curved_fullerene_pi_network,curved_fullerene_sigma_cage,sigma/pi edge labels drawn from deterministic global shuffle,synthetic_control_only
sigma_pi_label_shuffle_control__benzene,sigma_pi_label_shuffle_control,benzene,sigma_pi_label_shuffle_control__benzene:Bz_e_00,benzene:Bz_e_00,sigma_pi_label_shuffle_control__benzene:Bz_00,sigma_pi_label_shuffle_control__benzene:Bz_01,benzene:Bz_00,benzene:Bz_01,aromatic,1.5,sp2_sp2,curved_fullerene_pi_network,curved_fullerene_sigma_cage,sigma/pi edge labels drawn from deterministic global shuffle,synthetic_control_only
sigma_pi_label_shuffle_control__benzene,sigma_pi_label_shuffle_control,benzene,sigma_pi_label_shuffle_control__benzene:Bz_e_01,benzene:Bz_e_01,sigma_pi_label_shuffle_control__benzene:Bz_01,sigma_pi_label_shuffle_control__benzene:Bz_02,benzene:Bz_01,benzene:Bz_02,aromatic,1.5,sp2_sp2,curved_fullerene_pi_network,curved_fullerene_sigma_cage,sigma/pi edge labels drawn from deterministic global shuffle,synthetic_control_only
sigma_pi_label_shuffle_control__benzene,sigma_pi_label_shuffle_control,benzene,sigma_pi_label_shuffle_control__benzene:Bz_e_02,benzene:Bz_e_02,sigma_pi_label_shuffle_control__benzene:Bz_02,sigma_pi_label_shuffle_control__benzene:Bz_03,benzene:Bz_02,benzene:Bz_03,aromatic,1.5,sp2_sp2,curved_fullerene_pi_network,curved_fullerene_sigma_cage,sigma/pi edge labels drawn from deterministic global shuffle,synthetic_control_only
sigma_pi_label_shuffle_control__benzene,sigma_pi_label_shuffle_control,benzene,sigma_pi_label_shuffle_control__benzene:Bz_e_03,benzene:Bz_e_03,sigma_pi_label_shuffle_control__benzene:Bz_03,sigma_pi_label_shuffle_control__benzene:Bz_04,benzene:Bz_03,benzene:Bz_04,aromatic,1.5,sp2_sp2,curved_fullerene_pi_network,curved_fullerene_sigma_cage,sigma/pi edge labels drawn from deterministic global shuffle,synthetic_control_only
sigma_pi_label_shuffle_control__benzene,sigma_pi_label_shuffle_control,benzene,sigma_pi_label_shuffle_control__benzene:Bz_e_04,benzene:Bz_e_04,sigma_pi_label_shuffle_control__benzene:Bz_04,sigma_pi_label_shuffle_control__benzene:Bz_05,benzene:Bz_04,benzene:Bz_05,aromatic,1.5,sp2_sp2,curved_fullerene_pi_network,curved_fullerene_sigma_cage,sigma/pi edge labels drawn from deterministic global shuffle,synthetic_control_only
sigma_pi_label_shuffle_control__benzene,sigma_pi_label_shuffle_control,benzene,sigma_pi_label_shuffle_control__benzene:Bz_e_05,benzene:Bz_e_05,sigma_pi_label_shuffle_control__benzene:Bz_05,sigma_pi_label_shuffle_control__benzene:Bz_00,benzene:Bz_05,benzene:Bz_00,aromatic,1.5,sp2_sp2,curved_fullerene_pi_network,curved_fullerene_sigma_cage,sigma/pi edge labels drawn from deterministic global shuffle,synthetic_control_only
sigma_pi_label_shuffle_control__c60,sigma_pi_label_shuffle_control,c60,sigma_pi_label_shuffle_control__c60:C60_e_000,c60:C60_e_000,sigma_pi_label_shuffle_control__c60:C60_00,sigma_pi_label_shuffle_control__c60:C60_01,c60:C60_00,c60:C60_01,5_6,1.45,sp2_sp2,curved_fullerene_pi_network,curved_fullerene_sigma_cage,sigma/pi edge labels drawn from deterministic global shuffle,synthetic_control_only
sigma_pi_label_shuffle_control__c60,sigma_pi_label_shuffle_control,c60,sigma_pi_label_shuffle_control__c60:C60_e_001,c60:C60_e_001,sigma_pi_label_shuffle_control__c60:C60_00,sigma_pi_label_shuffle_control__c60:C60_02,c60:C60_00,c60:C60_02,5_6,1.45,sp2_sp2,curved_fullerene_pi_network,curved_fullerene_sigma_cage,sigma/pi edge labels drawn from deterministic global shuffle,synthetic_control_only
sigma_pi_label_shuffle_control__c60,sigma_pi_label_shuffle_control,c60,sigma_pi_label_shuffle_control__c60:C60_e_002,c60:C60_e_002,sigma_pi_label_shuffle_control__c60:C60_00,sigma_pi_label_shuffle_control__c60:C60_05,c60:C60_00,c60:C60_05,6_6,1.4,sp2_sp2,curved_fullerene_pi_network,curved_fullerene_sigma_cage,sigma/pi edge labels drawn from deterministic global shuffle,synthetic_control_only
sigma_pi_label_shuffle_control__c60,sigma_pi_label_shuffle_control,c60,sigma_pi_label_shuffle_control__c60:C60_e_003,c60:C60_e_003,sigma_pi_label_shuffle_control__c60:C60_01,sigma_pi_label_shuffle_control__c60:C60_04,c60:C60_01,c60:C60_04,5_6,1.45,sp2_sp2,curved_fullerene_pi_network,planar_ring_sigma_framework,sigma/pi edge labels drawn from deterministic global shuffle,synthetic_control_only
sigma_pi_label_shuffle_control__c60,sigma_pi_label_shuffle_control,c60,sigma_pi_label_shuffle_control__c60:C60_e_004,c60:C60_e_004,sigma_pi_label_shuffle_control__c60:C60_01,sigma_pi_label_shuffle_control__c60:C60_25,c60:C60_01,c60:C60_25,6_6,1.4,sp2_sp2,curved_fullerene_pi_network,planar_ring_sigma_framework,sigma/pi edge labels drawn from deterministic global shuffle,synthetic_control_only
sigma_pi_label_shuffle_control__c60,sigma_pi_label_shuffle_control,c60,sigma_pi_label_shuffle_control__c60:C60_e_005,c60:C60_e_005,sigma_pi_label_shuffle_control__c60:C60_02,sigma_pi_label_shuffle_control__c60:C60_03,c60:C60_02,c60:C60_03,5_6,1.45,sp2_sp2,curved_fullerene_pi_network,diamondoid_sigma_cage,sigma/pi edge labels drawn from deterministic global shuffle,synthetic_control_only
sigma_pi_label_shuffle_control__c60,sigma_pi_label_shuffle_control,c60,sigma_pi_label_shuffle_control__c60:C60_e_006,c60:C60_e_006,sigma_pi_label_shuffle_control__c60:C60_02,sigma_pi_label_shuffle_control__c60:C60_35,c60:C60_02,c60:C60_35,6_6,1.4,sp2_sp2,curved_fullerene_pi_network,diamondoid_sigma_cage,sigma/pi edge labels drawn from deterministic global shuffle,synthetic_control_only
sigma_pi_label_shuffle_control__c60,sigma_pi_label_shuffle_control,c60,sigma_pi_label_shuffle_control__c60:C60_e_007,c60:C60_e_007,sigma_pi_label_shuffle_control__c60:C60_03,sigma_pi_label_shuffle_control__c60:C60_04,c60:C60_03,c60:C60_04,5_6,1.45,sp2_sp2,curved_fullerene_pi_network,curved_fullerene_sigma_cage,sigma/pi edge labels drawn from deterministic global shuffle,synthetic_control_only
sigma_pi_label_shuffle_control__c60,sigma_pi_label_shuffle_control,c60,sigma_pi_label_shuffle_control__c60:C60_e_008,c60:C60_e_008,sigma_pi_label_shuffle_control__c60:C60_03,sigma_pi_label_shuffle_control__c60:C60_50,c60:C60_03,c60:C60_50,6_6,1.4,sp2_sp2,none,curved_fullerene_sigma_cage,sigma/pi edge labels drawn from deterministic global shuffle,synthetic_control_only
sigma_pi_label_shuffle_control__c60,sigma_pi_label_shuffle_control,c60,sigma_pi_label_shuffle_control__c60:C60_e_009,c60:C60_e_009,sigma_pi_label_shuffle_control__c60:C60_04,sigma_pi_label_shuffle_control__c60:C60_55,c60:C60_04,c60:C60_55,6_6,1.4,sp2_sp2,curved_fullerene_pi_network,curved_fullerene_sigma_cage,sigma/pi edge labels drawn from deterministic global shuffle,synthetic_control_only
sigma_pi_label_shuffle_control__c60,sigma_pi_label_shuffle_control,c60,sigma_pi_label_shuffle_control__c60:C60_e_010,c60:C60_e_010,sigma_pi_label_shuffle_control__c60:C60_05,sigma_pi_label_shuffle_control__c60:C60_06,c60:C60_05,c60:C60_06,5_6,1.45,sp2_sp2,curved_fullerene_pi_network,curved_fullerene_sigma_cage,sigma/pi edge labels drawn from deterministic global shuffle,synthetic_control_only
sigma_pi_label_shuffle_control__c60,sigma_pi_label_shuffle_control,c60,sigma_pi_label_shuffle_control__c60:C60_e_011,c60:C60_e_011,sigma_pi_label_shuffle_control__c60:C60_05,sigma_pi_label_shuffle_control__c60:C60_07,c60:C60_05,c60:C60_07,5_6,1.45,sp2_sp2,curved_fullerene_pi_network,curved_fullerene_sigma_cage,sigma/pi edge labels drawn from deterministic global shuffle,synthetic_control_only
sigma_pi_label_shuffle_control__c60,sigma_pi_label_shuffle_control,c60,sigma_pi_label_shuffle_control__c60:C60_e_012,c60:C60_e_012,sigma_pi_label_shuffle_control__c60:C60_06,sigma_pi_label_shuffle_control__c60:C60_09,c60:C60_06,c60:C60_09,5_6,1.45,sp2_sp2,curved_fullerene_pi_network,curved_fullerene_sigma_cage,sigma/pi edge labels drawn from deterministic global shuffle,synthetic_control_only
sigma_pi_label_shuffle_control__c60,sigma_pi_label_shuffle_control,c60,sigma_pi_label_shuffle_control__c60:C60_e_013,c60:C60_e_013,sigma_pi_label_shuffle_control__c60:C60_06,sigma_pi_label_shuffle_control__c60:C60_26,c60:C60_06,c60:C60_26,6_6,1.4,sp2_sp2,curved_fullerene_pi_network,linear_sigma_axis,sigma/pi edge labels drawn from deterministic global shuffle,synthetic_control_only
sigma_pi_label_shuffle_control__c60,sigma_pi_label_shuffle_control,c60,sigma_pi_label_shuffle_control__c60:C60_e_014,c60:C60_e_014,sigma_pi_label_shuffle_control__c60:C60_07,sigma_pi_label_shuffle_control__c60:C60_08,c60:C60_07,c60:C60_08,5_6,1.45,sp2_sp2,curved_fullerene_pi_network,diamondoid_sigma_cage,sigma/pi edge labels drawn from deterministic global shuffle,synthetic_control_only
sigma_pi_label_shuffle_control__c60,sigma_pi_label_shuffle_control,c60,sigma_pi_label_shuffle_control__c60:C60_e_015,c60:C60_e_015,sigma_pi_label_shuffle_control__c60:C60_07,sigma_pi_label_shuffle_control__c60:C60_36,c60:C60_07,c60:C60_36,6_6,1.4,sp2_sp2,curved_fullerene_pi_network,curved_fullerene_sigma_cage,sigma/pi edge labels drawn from deterministic global shuffle,synthetic_control_only
sigma_pi_label_shuffle_control__c60,sigma_pi_label_shuffle_control,c60,sigma_pi_label_shuffle_control__c60:C60_e_016,c60:C60_e_016,sigma_pi_label_shuffle_control__c60:C60_08,sigma_pi_label_shuffle_control__c60:C60_09,c60:C60_08,c60:C60_09,5_6,1.45,sp2_sp2,curved_fullerene_pi_network,curved_fullerene_sigma_cage,sigma/pi edge labels drawn from deterministic global shuffle,synthetic_control_only
sigma_pi_label_shuffle_control__c60,sigma_pi_label_shuffle_control,c60,sigma_pi_label_shuffle_control__c60:C60_e_017,c60:C60_e_017,sigma_pi_label_shuffle_control__c60:C60_08,sigma_pi_label_shuffle_control__c60:C60_40,c60:C60_08,c60:C60_40,6_6,1.4,sp2_sp2,curved_fullerene_pi_network,curved_fullerene_sigma_cage,sigma/pi edge labels drawn from deterministic global shuffle,synthetic_control_only
sigma_pi_label_shuffle_control__c60,sigma_pi_label_shuffle_control,c60,sigma_pi_label_shuffle_control__c60:C60_e_018,c60:C60_e_018,sigma_pi_label_shuffle_control__c60:C60_09,sigma_pi_label_shuffle_control__c60:C60_45,c60:C60_09,c60:C60_45,6_6,1.4,sp2_sp2,curved_fullerene_pi_network,curved_fullerene_sigma_cage,sigma/pi edge labels drawn from deterministic global shuffle,synthetic_control_only
sigma_pi_label_shuffle_control__c60,sigma_pi_label_shuffle_control,c60,sigma_pi_label_shuffle_control__c60:C60_e_019,c60:C60_e_019,sigma_pi_label_shuffle_control__c60:C60_10,sigma_pi_label_shuffle_control__c60:C60_11,c60:C60_10,c60:C60_11,5_6,1.45,sp2_sp2,curved_fullerene_pi_network,curved_fullerene_sigma_cage,sigma/pi edge labels drawn from deterministic global shuffle,synthetic_control_only
sigma_pi_label_shuffle_control__c60,sigma_pi_label_shuffle_control,c60,sigma_pi_label_shuffle_control__c60:C60_e_020,c60:C60_e_020,sigma_pi_label_shuffle_control__c60:C60_10,sigma_pi_label_shuffle_control__c60:C60_12,c60:C60_10,c60:C60_12,5_6,1.45,sp2_sp2,none,curved_fullerene_sigma_cage,sigma/pi edge labels drawn from deterministic global shuffle,synthetic_control_only
sigma_pi_label_shuffle_control__c60,sigma_pi_label_shuffle_control,c60,sigma_pi_label_shuffle_control__c60:C60_e_021,c60:C60_e_021,sigma_pi_label_shuffle_control__c60:C60_10,sigma_pi_label_shuffle_control__c60:C60_15,c60:C60_10,c60:C60_15,6_6,1.4,sp2_sp2,curved_fullerene_pi_network,curved_fullerene_sigma_cage,sigma/pi edge labels drawn from deterministic global shuffle,synthetic_control_only
sigma_pi_label_shuffle_control__c60,sigma_pi_label_shuffle_control,c60,sigma_pi_label_shuffle_control__c60:C60_e_022,c60:C60_e_022,sigma_pi_label_shuffle_control__c60:C60_11,sigma_pi_label_shuffle_control__c60:C60_14,c60:C60_11,c60:C60_14,5_6,1.45,sp2_sp2,curved_fullerene_pi_network,curved_fullerene_sigma_cage,sigma/pi edge labels drawn from deterministic global shuffle,synthetic_control_only
sigma_pi_label_shuffle_control__c60,sigma_pi_label_shuffle_control,c60,sigma_pi_label_shuffle_control__c60:C60_e_023,c60:C60_e_023,sigma_pi_label_shuffle_control__c60:C60_11,sigma_pi_label_shuffle_control__c60:C60_20,c60:C60_11,c60:C60_20,6_6,1.4,sp2_sp2,curved_fullerene_pi_network,curved_fullerene_sigma_cage,sigma/pi edge labels drawn from deterministic global shuffle,synthetic_control_only
sigma_pi_label_shuffle_control__c60,sigma_pi_label_shuffle_control,c60,sigma_pi_label_shuffle_control__c60:C60_e_024,c60:C60_e_024,sigma_pi_label_shuffle_control__c60:C60_12,sigma_pi_label_shuffle_control__c60:C60_13,c60:C60_12,c60:C60_13,5_6,1.45,sp2_sp2,curved_fullerene_pi_network,curved_fullerene_sigma_cage,sigma/pi edge labels drawn from deterministic global shuffle,synthetic_control_only
sigma_pi_label_shuffle_control__c60,sigma_pi_label_shuffle_control,c60,sigma_pi_label_shuffle_control__c60:C60_e_025,c60:C60_e_025,sigma_pi_label_shuffle_control__c60:C60_12,sigma_pi_label_shuffle_control__c60:C60_30,c60:C60_12,c60:C60_30,6_6,1.4,sp2_sp2,curved_fullerene_pi_network,curved_fullerene_sigma_cage,sigma/pi edge labels drawn from deterministic global shuffle,synthetic_control_only
sigma_pi_label_shuffle_control__c60,sigma_pi_label_shuffle_control,c60,sigma_pi_label_shuffle_control__c60:C60_e_026,c60:C60_e_026,sigma_pi_label_shuffle_control__c60:C60_13,sigma_pi_label_shuffle_control__c60:C60_14,c60:C60_13,c60:C60_14,5_6,1.45,sp2_sp2,curved_fullerene_pi_network,curved_fullerene_sigma_cage,sigma/pi edge labels drawn from deterministic global shuffle,synthetic_control_only
sigma_pi_label_shuffle_control__c60,sigma_pi_label_shuffle_control,c60,sigma_pi_label_shuffle_control__c60:C60_e_027,c60:C60_e_027,sigma_pi_label_shuffle_control__c60:C60_13,sigma_pi_label_shuffle_control__c60:C60_51,c60:C60_13,c60:C60_51,6_6,1.4,sp2_sp2,curved_fullerene_pi_network,curved_fullerene_sigma_cage,sigma/pi edge labels drawn from deterministic global shuffle,synthetic_control_only
sigma_pi_label_shuffle_control__c60,sigma_pi_label_shuffle_control,c60,sigma_pi_label_shuffle_control__c60:C60_e_028,c60:C60_e_028,sigma_pi_label_shuffle_control__c60:C60_14,sigma_pi_label_shuffle_control__c60:C60_56,c60:C60_14,c60:C60_56,6_6,1.4,sp2_sp2,curved_fullerene_pi_network,curved_fullerene_sigma_cage,sigma/pi edge labels drawn from deterministic global shuffle,synthetic_control_only
sigma_pi_label_shuffle_control__c60,sigma_pi_label_shuffle_control,c60,sigma_pi_label_shuffle_control__c60:C60_e_029,c60:C60_e_029,sigma_pi_label_shuffle_control__c60:C60_15,sigma_pi_label_shuffle_control__c60:C60_16,c60:C60_15,c60:C60_16,5_6,1.45,sp2_sp2,curved_fullerene_pi_network,curved_fullerene_sigma_cage,sigma/pi edge labels drawn from deterministic global shuffle,synthetic_control_only
sigma_pi_label_shuffle_control__c60,sigma_pi_label_shuffle_control,c60,sigma_pi_label_shuffle_control__c60:C60_e_030,c60:C60_e_030,sigma_pi_label_shuffle_control__c60:C60_15,sigma_pi_label_shuffle_control__c60:C60_17,c60:C60_15,c60:C60_17,5_6,1.45,sp2_sp2,curved_fullerene_pi_network,diamondoid_sigma_cage,sigma/pi edge labels drawn from deterministic global shuffle,synthetic_control_only
sigma_pi_label_shuffle_control__c60,sigma_pi_label_shuffle_control,c60,sigma_pi_label_shuffle_control__c60:C60_e_031,c60:C60_e_031,sigma_pi_label_shuffle_control__c60:C60_16,sigma_pi_label_shuffle_control__c60:C60_19,c60:C60_16,c60:C60_19,5_6,1.45,sp2_sp2,curved_fullerene_pi_network,curved_fullerene_sigma_cage,sigma/pi edge labels drawn from deterministic global shuffle,synthetic_control_only
sigma_pi_label_shuffle_control__c60,sigma_pi_label_shuffle_control,c60,sigma_pi_label_shuffle_control__c60:C60_e_032,c60:C60_e_032,sigma_pi_label_shuffle_control__c60:C60_16,sigma_pi_label_shuffle_control__c60:C60_21,c60:C60_16,c60:C60_21,6_6,1.4,sp2_sp2,curved_fullerene_pi_network,curved_fullerene_sigma_cage,sigma/pi edge labels drawn from deterministic global shuffle,synthetic_control_only
sigma_pi_label_shuffle_control__c60,sigma_pi_label_shuffle_control,c60,sigma_pi_label_shuffle_control__c60:C60_e_033,c60:C60_e_033,sigma_pi_label_shuffle_control__c60:C60_17,sigma_pi_label_shuffle_control__c60:C60_18,c60:C60_17,c60:C60_18,5_6,1.45,sp2_sp2,curved_fullerene_pi_network,curved_fullerene_sigma_cage,sigma/pi edge labels drawn from deterministic global shuffle,synthetic_control_only
sigma_pi_label_shuffle_control__c60,sigma_pi_label_shuffle_control,c60,sigma_pi_label_shuffle_control__c60:C60_e_034,c60:C60_e_034,sigma_pi_label_shuffle_control__c60:C60_17,sigma_pi_label_shuffle_control__c60:C60_31,c60:C60_17,c60:C60_31,6_6,1.4,sp2_sp2,curved_fullerene_pi_network,curved_fullerene_sigma_cage,sigma/pi edge labels drawn from deterministic global shuffle,synthetic_control_only
sigma_pi_label_shuffle_control__c60,sigma_pi_label_shuffle_control,c60,sigma_pi_label_shuffle_control__c60:C60_e_035,c60:C60_e_035,sigma_pi_label_shuffle_control__c60:C60_18,sigma_pi_label_shuffle_control__c60:C60_19,c60:C60_18,c60:C60_19,5_6,1.45,sp2_sp2,curved_fullerene_pi_network,diamondoid_sigma_cage,sigma/pi edge labels drawn from deterministic global shuffle,synthetic_control_only
sigma_pi_label_shuffle_control__c60,sigma_pi_label_shuffle_control,c60,sigma_pi_label_shuffle_control__c60:C60_e_036,c60:C60_e_036,sigma_pi_label_shuffle_control__c60:C60_18,sigma_pi_label_shuffle_control__c60:C60_41,c60:C60_18,c60:C60_41,6_6,1.4,sp2_sp2,none,curved_fullerene_sigma_cage,sigma/pi edge labels drawn from deterministic global shuffle,synthetic_control_only
sigma_pi_label_shuffle_control__c60,sigma_pi_label_shuffle_control,c60,sigma_pi_label_shuffle_control__c60:C60_e_037,c60:C60_e_037,sigma_pi_label_shuffle_control__c60:C60_19,sigma_pi_label_shuffle_control__c60:C60_46,c60:C60_19,c60:C60_46,6_6,1.4,sp2_sp2,curved_fullerene_pi_network,curved_fullerene_sigma_cage,sigma/pi edge labels drawn from deterministic global shuffle,synthetic_control_only
sigma_pi_label_shuffle_control__c60,sigma_pi_label_shuffle_control,c60,sigma_pi_label_shuffle_control__c60:C60_e_038,c60:C60_e_038,sigma_pi_label_shuffle_control__c60:C60_20,sigma_pi_label_shuffle_control__c60:C60_21,c60:C60_20,c60:C60_21,5_6,1.45,sp2_sp2,none,curved_fullerene_sigma_cage,sigma/pi edge labels drawn from deterministic global shuffle,synthetic_control_only
sigma_pi_label_shuffle_control__c60,sigma_pi_label_shuffle_control,c60,sigma_pi_label_shuffle_control__c60:C60_e_039,c60:C60_e_039,sigma_pi_label_shuffle_control__c60:C60_20,sigma_pi_label_shuffle_control__c60:C60_24,c60:C60_20,c60:C60_24,5_6,1.45,sp2_sp2,curved_fullerene_pi_network,planar_ring_sigma_framework,sigma/pi edge labels drawn from deterministic global shuffle,synthetic_control_only
sigma_pi_label_shuffle_control__c60,sigma_pi_label_shuffle_control,c60,sigma_pi_label_shuffle_control__c60:C60_e_040,c60:C60_e_040,sigma_pi_label_shuffle_control__c60:C60_21,sigma_pi_label_shuffle_control__c60:C60_23,c60:C60_21,c60:C60_23,5_6,1.45,sp2_sp2,curved_fullerene_pi_network,curved_fullerene_sigma_cage,sigma/pi edge labels drawn from deterministic global shuffle,synthetic_control_only
sigma_pi_label_shuffle_control__c60,sigma_pi_label_shuffle_control,c60,sigma_pi_label_shuffle_control__c60:C60_e_041,c60:C60_e_041,sigma_pi_label_shuffle_control__c60:C60_22,sigma_pi_label_shuffle_control__c60:C60_23,c60:C60_22,c60:C60_23,5_6,1.45,sp2_sp2,curved_fullerene_pi_network,curved_fullerene_sigma_cage,sigma/pi edge labels drawn from deterministic global shuffle,synthetic_control_only
sigma_pi_label_shuffle_control__c60,sigma_pi_label_shuffle_control,c60,sigma_pi_label_shuffle_control__c60:C60_e_042,c60:C60_e_042,sigma_pi_label_shuffle_control__c60:C60_22,sigma_pi_label_shuffle_control__c60:C60_24,c60:C60_22,c60:C60_24,5_6,1.45,sp2_sp2,curved_fullerene_pi_network,curved_fullerene_sigma_cage,sigma/pi edge labels drawn from deterministic global shuffle,synthetic_control_only
sigma_pi_label_shuffle_control__c60,sigma_pi_label_shuffle_control,c60,sigma_pi_label_shuffle_control__c60:C60_e_043,c60:C60_e_043,sigma_pi_label_shuffle_control__c60:C60_22,sigma_pi_label_shuffle_control__c60:C60_27,c60:C60_22,c60:C60_27,6_6,1.4,sp2_sp2,curved_fullerene_pi_network,curved_fullerene_sigma_cage,sigma/pi edge labels drawn from deterministic global shuffle,synthetic_control_only
sigma_pi_label_shuffle_control__c60,sigma_pi_label_shuffle_control,c60,sigma_pi_label_shuffle_control__c60:C60_e_044,c60:C60_e_044,sigma_pi_label_shuffle_control__c60:C60_23,sigma_pi_label_shuffle_control__c60:C60_47,c60:C60_23,c60:C60_47,6_6,1.4,sp2_sp2,curved_fullerene_pi_network,curved_fullerene_sigma_cage,sigma/pi edge labels drawn from deterministic global shuffle,synthetic_control_only
sigma_pi_label_shuffle_control__c60,sigma_pi_label_shuffle_control,c60,sigma_pi_label_shuffle_control__c60:C60_e_045,c60:C60_e_045,sigma_pi_label_shuffle_control__c60:C60_24,sigma_pi_label_shuffle_control__c60:C60_57,c60:C60_24,c60:C60_57,6_6,1.4,sp2_sp2,curved_fullerene_pi_network,curved_fullerene_sigma_cage,sigma/pi edge labels drawn from deterministic global shuffle,synthetic_control_only
sigma_pi_label_shuffle_control__c60,sigma_pi_label_shuffle_control,c60,sigma_pi_label_shuffle_control__c60:C60_e_046,c60:C60_e_046,sigma_pi_label_shuffle_control__c60:C60_25,sigma_pi_label_shuffle_control__c60:C60_26,c60:C60_25,c60:C60_26,5_6,1.45,sp2_sp2,curved_fullerene_pi_network,curved_fullerene_sigma_cage,sigma/pi edge labels drawn from deterministic global shuffle,synthetic_control_only
sigma_pi_label_shuffle_control__c60,sigma_pi_label_shuffle_control,c60,sigma_pi_label_shuffle_control__c60:C60_e_047,c60:C60_e_047,sigma_pi_label_shuffle_control__c60:C60_25,sigma_pi_label_shuffle_control__c60:C60_29,c60:C60_25,c60:C60_29,5_6,1.45,sp2_sp2,curved_fullerene_pi_network,planar_ring_sigma_framework,sigma/pi edge labels drawn from deterministic global shuffle,synthetic_control_only
sigma_pi_label_shuffle_control__c60,sigma_pi_label_shuffle_control,c60,sigma_pi_label_shuffle_control__c60:C60_e_048,c60:C60_e_048,sigma_pi_label_shuffle_control__c60:C60_26,sigma_pi_label_shuffle_control__c60:C60_28,c60:C60_26,c60:C60_28,5_6,1.45,sp2_sp2,curved_fullerene_pi_network,planar_ring_sigma_framework,sigma/pi edge labels drawn from deterministic global shuffle,synthetic_control_only
sigma_pi_label_shuffle_control__c60,sigma_pi_label_shuffle_control,c60,sigma_pi_label_shuffle_control__c60:C60_e_049,c60:C60_e_049,sigma_pi_label_shuffle_control__c60:C60_27,sigma_pi_label_shuffle_control__c60:C60_28,c60:C60_27,c60:C60_28,5_6,1.45,sp2_sp2,curved_fullerene_pi_network,curved_fullerene_sigma_cage,sigma/pi edge labels drawn from deterministic global shuffle,synthetic_control_only
sigma_pi_label_shuffle_control__c60,sigma_pi_label_shuffle_control,c60,sigma_pi_label_shuffle_control__c60:C60_e_050,c60:C60_e_050,sigma_pi_label_shuffle_control__c60:C60_27,sigma_pi_label_shuffle_control__c60:C60_29,c60:C60_27,c60:C60_29,5_6,1.45,sp2_sp2,curved_fullerene_pi_network,diamondoid_sigma_cage,sigma/pi edge labels drawn from deterministic global shuffle,synthetic_control_only
sigma_pi_label_shuffle_control__c60,sigma_pi_label_shuffle_control,c60,sigma_pi_label_shuffle_control__c60:C60_e_051,c60:C60_e_051,sigma_pi_label_shuffle_control__c60:C60_28,sigma_pi_label_shuffle_control__c60:C60_48,c60:C60_28,c60:C60_48,6_6,1.4,sp2_sp2,planar_aromatic_pi_ring,curved_fullerene_sigma_cage,sigma/pi edge labels drawn from deterministic global shuffle,synthetic_control_only
sigma_pi_label_shuffle_control__c60,sigma_pi_label_shuffle_control,c60,sigma_pi_label_shuffle_control__c60:C60_e_052,c60:C60_e_052,sigma_pi_label_shuffle_control__c60:C60_29,sigma_pi_label_shuffle_control__c60:C60_58,c60:C60_29,c60:C60_58,6_6,1.4,sp2_sp2,none,curved_fullerene_sigma_cage,sigma/pi edge labels drawn from deterministic global shuffle,synthetic_control_only
sigma_pi_label_shuffle_control__c60,sigma_pi_label_shuffle_control,c60,sigma_pi_label_shuffle_control__c60:C60_e_053,c60:C60_e_053,sigma_pi_label_shuffle_control__c60:C60_30,sigma_pi_label_shuffle_control__c60:C60_31,c60:C60_30,c60:C60_31,5_6,1.45,sp2_sp2,curved_fullerene_pi_network,curved_fullerene_sigma_cage,sigma/pi edge labels drawn from deterministic global shuffle,synthetic_control_only
sigma_pi_label_shuffle_control__c60,sigma_pi_label_shuffle_control,c60,sigma_pi_label_shuffle_control__c60:C60_e_054,c60:C60_e_054,sigma_pi_label_shuffle_control__c60:C60_30,sigma_pi_label_shuffle_control__c60:C60_34,c60:C60_30,c60:C60_34,5_6,1.45,sp2_sp2,none,curved_fullerene_sigma_cage,sigma/pi edge labels drawn from deterministic global shuffle,synthetic_control_only
sigma_pi_label_shuffle_control__c60,sigma_pi_label_shuffle_control,c60,sigma_pi_label_shuffle_control__c60:C60_e_055,c60:C60_e_055,sigma_pi_label_shuffle_control__c60:C60_31,sigma_pi_label_shuffle_control__c60:C60_33,c60:C60_31,c60:C60_33,5_6,1.45,sp2_sp2,curved_fullerene_pi_network,curved_fullerene_sigma_cage,sigma/pi edge labels drawn from deterministic global shuffle,synthetic_control_only
sigma_pi_label_shuffle_control__c60,sigma_pi_label_shuffle_control,c60,sigma_pi_label_shuffle_control__c60:C60_e_056,c60:C60_e_056,sigma_pi_label_shuffle_control__c60:C60_32,sigma_pi_label_shuffle_control__c60:C60_33,c60:C60_32,c60:C60_33,5_6,1.45,sp2_sp2,curved_fullerene_pi_network,curved_fullerene_sigma_cage,sigma/pi edge labels drawn from deterministic global shuffle,synthetic_control_only
sigma_pi_label_shuffle_control__c60,sigma_pi_label_shuffle_control,c60,sigma_pi_label_shuffle_control__c60:C60_e_057,c60:C60_e_057,sigma_pi_label_shuffle_control__c60:C60_32,sigma_pi_label_shuffle_control__c60:C60_34,c60:C60_32,c60:C60_34,5_6,1.45,sp2_sp2,none,curved_fullerene_sigma_cage,sigma/pi edge labels drawn from deterministic global shuffle,synthetic_control_only
sigma_pi_label_shuffle_control__c60,sigma_pi_label_shuffle_control,c60,sigma_pi_label_shuffle_control__c60:C60_e_058,c60:C60_e_058,sigma_pi_label_shuffle_control__c60:C60_32,sigma_pi_label_shuffle_control__c60:C60_37,c60:C60_32,c60:C60_37,6_6,1.4,sp2_sp2,curved_fullerene_pi_network,curved_fullerene_sigma_cage,sigma/pi edge labels drawn from deterministic global shuffle,synthetic_control_only
sigma_pi_label_shuffle_control__c60,sigma_pi_label_shuffle_control,c60,sigma_pi_label_shuffle_control__c60:C60_e_059,c60:C60_e_059,sigma_pi_label_shuffle_control__c60:C60_33,sigma_pi_label_shuffle_control__c60:C60_42,c60:C60_33,c60:C60_42,6_6,1.4,sp2_sp2,curved_fullerene_pi_network,curved_fullerene_sigma_cage,sigma/pi edge labels drawn from deterministic global shuffle,synthetic_control_only
sigma_pi_label_shuffle_control__c60,sigma_pi_label_shuffle_control,c60,sigma_pi_label_shuffle_control__c60:C60_e_060,c60:C60_e_060,sigma_pi_label_shuffle_control__c60:C60_34,sigma_pi_label_shuffle_control__c60:C60_52,c60:C60_34,c60:C60_52,6_6,1.4,sp2_sp2,planar_aromatic_pi_ring,diamondoid_sigma_cage,sigma/pi edge labels drawn from deterministic global shuffle,synthetic_control_only
sigma_pi_label_shuffle_control__c60,sigma_pi_label_shuffle_control,c60,sigma_pi_label_shuffle_control__c60:C60_e_061,c60:C60_e_061,sigma_pi_label_shuffle_control__c60:C60_35,sigma_pi_label_shuffle_control__c60:C60_36,c60:C60_35,c60:C60_36,5_6,1.45,sp2_sp2,curved_fullerene_pi_network,curved_fullerene_sigma_cage,sigma/pi edge labels drawn from deterministic global shuffle,synthetic_control_only
sigma_pi_label_shuffle_control__c60,sigma_pi_label_shuffle_control,c60,sigma_pi_label_shuffle_control__c60:C60_e_062,c60:C60_e_062,sigma_pi_label_shuffle_control__c60:C60_35,sigma_pi_label_shuffle_control__c60:C60_39,c60:C60_35,c60:C60_39,5_6,1.45,sp2_sp2,planar_aromatic_pi_ring,curved_fullerene_sigma_cage,sigma/pi edge labels drawn from deterministic global shuffle,synthetic_control_only
sigma_pi_label_shuffle_control__c60,sigma_pi_label_shuffle_control,c60,sigma_pi_label_shuffle_control__c60:C60_e_063,c60:C60_e_063,sigma_pi_label_shuffle_control__c60:C60_36,sigma_pi_label_shuffle_control__c60:C60_38,c60:C60_36,c60:C60_38,5_6,1.45,sp2_sp2,curved_fullerene_pi_network,diamondoid_sigma_cage,sigma/pi edge labels drawn from deterministic global shuffle,synthetic_control_only
sigma_pi_label_shuffle_control__c60,sigma_pi_label_shuffle_control,c60,sigma_pi_label_shuffle_control__c60:C60_e_064,c60:C60_e_064,sigma_pi_label_shuffle_control__c60:C60_37,sigma_pi_label_shuffle_control__c60:C60_38,c60:C60_37,c60:C60_38,5_6,1.45,sp2_sp2,curved_fullerene_pi_network,curved_fullerene_sigma_cage,sigma/pi edge labels drawn from deterministic global shuffle,synthetic_control_only
sigma_pi_label_shuffle_control__c60,sigma_pi_label_shuffle_control,c60,sigma_pi_label_shuffle_control__c60:C60_e_065,c60:C60_e_065,sigma_pi_label_shuffle_control__c60:C60_37,sigma_pi_label_shuffle_control__c60:C60_39,c60:C60_37,c60:C60_39,5_6,1.45,sp2_sp2,curved_fullerene_pi_network,curved_fullerene_sigma_cage,sigma/pi edge labels drawn from deterministic global shuffle,synthetic_control_only
sigma_pi_label_shuffle_control__c60,sigma_pi_label_shuffle_control,c60,sigma_pi_label_shuffle_control__c60:C60_e_066,c60:C60_e_066,sigma_pi_label_shuffle_control__c60:C60_38,sigma_pi_label_shuffle_control__c60:C60_43,c60:C60_38,c60:C60_43,6_6,1.4,sp2_sp2,curved_fullerene_pi_network,diamondoid_sigma_cage,sigma/pi edge labels drawn from deterministic global shuffle,synthetic_control_only
sigma_pi_label_shuffle_control__c60,sigma_pi_label_shuffle_control,c60,sigma_pi_label_shuffle_control__c60:C60_e_067,c60:C60_e_067,sigma_pi_label_shuffle_control__c60:C60_39,sigma_pi_label_shuffle_control__c60:C60_53,c60:C60_39,c60:C60_53,6_6,1.4,sp2_sp2,curved_fullerene_pi_network,curved_fullerene_sigma_cage,sigma/pi edge labels drawn from deterministic global shuffle,synthetic_control_only
sigma_pi_label_shuffle_control__c60,sigma_pi_label_shuffle_control,c60,sigma_pi_label_shuffle_control__c60:C60_e_068,c60:C60_e_068,sigma_pi_label_shuffle_control__c60:C60_40,sigma_pi_label_shuffle_control__c60:C60_43,c60:C60_40,c60:C60_43,5_6,1.45,sp2_sp2,planar_aromatic_pi_ring,curved_fullerene_sigma_cage,sigma/pi edge labels drawn from deterministic global shuffle,synthetic_control_only
sigma_pi_label_shuffle_control__c60,sigma_pi_label_shuffle_control,c60,sigma_pi_label_shuffle_control__c60:C60_e_069,c60:C60_e_069,sigma_pi_label_shuffle_control__c60:C60_40,sigma_pi_label_shuffle_control__c60:C60_44,c60:C60_40,c60:C60_44,5_6,1.45,sp2_sp2,curved_fullerene_pi_network,curved_fullerene_sigma_cage,sigma/pi edge labels drawn from deterministic global shuffle,synthetic_control_only
sigma_pi_label_shuffle_control__c60,sigma_pi_label_shuffle_control,c60,sigma_pi_label_shuffle_control__c60:C60_e_070,c60:C60_e_070,sigma_pi_label_shuffle_control__c60:C60_41,sigma_pi_label_shuffle_control__c60:C60_42,c60:C60_41,c60:C60_42,5_6,1.45,sp2_sp2,curved_fullerene_pi_network,curved_fullerene_sigma_cage,sigma/pi edge labels drawn from deterministic global shuffle,synthetic_control_only
sigma_pi_label_shuffle_control__c60,sigma_pi_label_shuffle_control,c60,sigma_pi_label_shuffle_control__c60:C60_e_071,c60:C60_e_071,sigma_pi_label_shuffle_control__c60:C60_41,sigma_pi_label_shuffle_control__c60:C60_44,c60:C60_41,c60:C60_44,5_6,1.45,sp2_sp2,curved_fullerene_pi_network,curved_fullerene_sigma_cage,sigma/pi edge labels drawn from deterministic global shuffle,synthetic_control_only
sigma_pi_label_shuffle_control__c60,sigma_pi_label_shuffle_control,c60,sigma_pi_label_shuffle_control__c60:C60_e_072,c60:C60_e_072,sigma_pi_label_shuffle_control__c60:C60_42,sigma_pi_label_shuffle_control__c60:C60_43,c60:C60_42,c60:C60_43,5_6,1.45,sp2_sp2,curved_fullerene_pi_network,curved_fullerene_sigma_cage,sigma/pi edge labels drawn from deterministic global shuffle,synthetic_control_only
sigma_pi_label_shuffle_control__c60,sigma_pi_label_shuffle_control,c60,sigma_pi_label_shuffle_control__c60:C60_e_073,c60:C60_e_073,sigma_pi_label_shuffle_control__c60:C60_44,sigma_pi_label_shuffle_control__c60:C60_49,c60:C60_44,c60:C60_49,6_6,1.4,sp2_sp2,curved_fullerene_pi_network,curved_fullerene_sigma_cage,sigma/pi edge labels drawn from deterministic global shuffle,synthetic_control_only
sigma_pi_label_shuffle_control__c60,sigma_pi_label_shuffle_control,c60,sigma_pi_label_shuffle_control__c60:C60_e_074,c60:C60_e_074,sigma_pi_label_shuffle_control__c60:C60_45,sigma_pi_label_shuffle_control__c60:C60_48,c60:C60_45,c60:C60_48,5_6,1.45,sp2_sp2,curved_fullerene_pi_network,curved_fullerene_sigma_cage,sigma/pi edge labels drawn from deterministic global shuffle,synthetic_control_only
sigma_pi_label_shuffle_control__c60,sigma_pi_label_shuffle_control,c60,sigma_pi_label_shuffle_control__c60:C60_e_075,c60:C60_e_075,sigma_pi_label_shuffle_control__c60:C60_45,sigma_pi_label_shuffle_control__c60:C60_49,c60:C60_45,c60:C60_49,5_6,1.45,sp2_sp2,none,diamondoid_sigma_cage,sigma/pi edge labels drawn from deterministic global shuffle,synthetic_control_only
sigma_pi_label_shuffle_control__c60,sigma_pi_label_shuffle_control,c60,sigma_pi_label_shuffle_control__c60:C60_e_076,c60:C60_e_076,sigma_pi_label_shuffle_control__c60:C60_46,sigma_pi_label_shuffle_control__c60:C60_47,c60:C60_46,c60:C60_47,5_6,1.45,sp2_sp2,curved_fullerene_pi_network,diamondoid_sigma_cage,sigma/pi edge labels drawn from deterministic global shuffle,synthetic_control_only
sigma_pi_label_shuffle_control__c60,sigma_pi_label_shuffle_control,c60,sigma_pi_label_shuffle_control__c60:C60_e_077,c60:C60_e_077,sigma_pi_label_shuffle_control__c60:C60_46,sigma_pi_label_shuffle_control__c60:C60_49,c60:C60_46,c60:C60_49,5_6,1.45,sp2_sp2,curved_fullerene_pi_network,curved_fullerene_sigma_cage,sigma/pi edge labels drawn from deterministic global shuffle,synthetic_control_only
sigma_pi_label_shuffle_control__c60,sigma_pi_label_shuffle_control,c60,sigma_pi_label_shuffle_control__c60:C60_e_078,c60:C60_e_078,sigma_pi_label_shuffle_control__c60:C60_47,sigma_pi_label_shuffle_control__c60:C60_48,c60:C60_47,c60:C60_48,5_6,1.45,sp2_sp2,none,curved_fullerene_sigma_cage,sigma/pi edge labels drawn from deterministic global shuffle,synthetic_control_only
sigma_pi_label_shuffle_control__c60,sigma_pi_label_shuffle_control,c60,sigma_pi_label_shuffle_control__c60:C60_e_079,c60:C60_e_079,sigma_pi_label_shuffle_control__c60:C60_50,sigma_pi_label_shuffle_control__c60:C60_53,c60:C60_50,c60:C60_53,5_6,1.45,sp2_sp2,curved_fullerene_pi_network,curved_fullerene_sigma_cage,sigma/pi edge labels drawn from deterministic global shuffle,synthetic_control_only
sigma_pi_label_shuffle_control__c60,sigma_pi_label_shuffle_control,c60,sigma_pi_label_shuffle_control__c60:C60_e_080,c60:C60_e_080,sigma_pi_label_shuffle_control__c60:C60_50,sigma_pi_label_shuffle_control__c60:C60_54,c60:C60_50,c60:C60_54,5_6,1.45,sp2_sp2,curved_fullerene_pi_network,curved_fullerene_sigma_cage,sigma/pi edge labels drawn from deterministic global shuffle,synthetic_control_only
sigma_pi_label_shuffle_control__c60,sigma_pi_label_shuffle_control,c60,sigma_pi_label_shuffle_control__c60:C60_e_081,c60:C60_e_081,sigma_pi_label_shuffle_control__c60:C60_51,sigma_pi_label_shuffle_control__c60:C60_52,c60:C60_51,c60:C60_52,5_6,1.45,sp2_sp2,curved_fullerene_pi_network,curved_fullerene_sigma_cage,sigma/pi edge labels drawn from deterministic global shuffle,synthetic_control_only
sigma_pi_label_shuffle_control__c60,sigma_pi_label_shuffle_control,c60,sigma_pi_label_shuffle_control__c60:C60_e_082,c60:C60_e_082,sigma_pi_label_shuffle_control__c60:C60_51,sigma_pi_label_shuffle_control__c60:C60_54,c60:C60_51,c60:C60_54,5_6,1.45,sp2_sp2,curved_fullerene_pi_network,curved_fullerene_sigma_cage,sigma/pi edge labels drawn from deterministic global shuffle,synthetic_control_only
sigma_pi_label_shuffle_control__c60,sigma_pi_label_shuffle_control,c60,sigma_pi_label_shuffle_control__c60:C60_e_083,c60:C60_e_083,sigma_pi_label_shuffle_control__c60:C60_52,sigma_pi_label_shuffle_control__c60:C60_53,c60:C60_52,c60:C60_53,5_6,1.45,sp2_sp2,none,curved_fullerene_sigma_cage,sigma/pi edge labels drawn from deterministic global shuffle,synthetic_control_only
sigma_pi_label_shuffle_control__c60,sigma_pi_label_shuffle_control,c60,sigma_pi_label_shuffle_control__c60:C60_e_084,c60:C60_e_084,sigma_pi_label_shuffle_control__c60:C60_54,sigma_pi_label_shuffle_control__c60:C60_59,c60:C60_54,c60:C60_59,6_6,1.4,sp2_sp2,curved_fullerene_pi_network,curved_fullerene_sigma_cage,sigma/pi edge labels drawn from deterministic global shuffle,synthetic_control_only
sigma_pi_label_shuffle_control__c60,sigma_pi_label_shuffle_control,c60,sigma_pi_label_shuffle_control__c60:C60_e_085,c60:C60_e_085,sigma_pi_label_shuffle_control__c60:C60_55,sigma_pi_label_shuffle_control__c60:C60_58,c60:C60_55,c60:C60_58,5_6,1.45,sp2_sp2,curved_fullerene_pi_network,curved_fullerene_sigma_cage,sigma/pi edge labels drawn from deterministic global shuffle,synthetic_control_only
sigma_pi_label_shuffle_control__c60,sigma_pi_label_shuffle_control,c60,sigma_pi_label_shuffle_control__c60:C60_e_086,c60:C60_e_086,sigma_pi_label_shuffle_control__c60:C60_55,sigma_pi_label_shuffle_control__c60:C60_59,c60:C60_55,c60:C60_59,5_6,1.45,sp2_sp2,curved_fullerene_pi_network,curved_fullerene_sigma_cage,sigma/pi edge labels drawn from deterministic global shuffle,synthetic_control_only
sigma_pi_label_shuffle_control__c60,sigma_pi_label_shuffle_control,c60,sigma_pi_label_shuffle_control__c60:C60_e_087,c60:C60_e_087,sigma_pi_label_shuffle_control__c60:C60_56,sigma_pi_label_shuffle_control__c60:C60_57,c60:C60_56,c60:C60_57,5_6,1.45,sp2_sp2,curved_fullerene_pi_network,curved_fullerene_sigma_cage,sigma/pi edge labels drawn from deterministic global shuffle,synthetic_control_only
sigma_pi_label_shuffle_control__c60,sigma_pi_label_shuffle_control,c60,sigma_pi_label_shuffle_control__c60:C60_e_088,c60:C60_e_088,sigma_pi_label_shuffle_control__c60:C60_56,sigma_pi_label_shuffle_control__c60:C60_59,c60:C60_56,c60:C60_59,5_6,1.45,sp2_sp2,planar_aromatic_pi_ring,curved_fullerene_sigma_cage,sigma/pi edge labels drawn from deterministic global shuffle,synthetic_control_only
sigma_pi_label_shuffle_control__c60,sigma_pi_label_shuffle_control,c60,sigma_pi_label_shuffle_control__c60:C60_e_089,c60:C60_e_089,sigma_pi_label_shuffle_control__c60:C60_57,sigma_pi_label_shuffle_control__c60:C60_58,c60:C60_57,c60:C60_58,5_6,1.45,sp2_sp2,curved_fullerene_pi_network,curved_fullerene_sigma_cage,sigma/pi edge labels drawn from deterministic global shuffle,synthetic_control_only
sigma_pi_label_shuffle_control__ethyne,sigma_pi_label_shuffle_control,ethyne,sigma_pi_label_shuffle_control__ethyne:Eth_e_00,ethyne:Eth_e_00,sigma_pi_label_shuffle_control__ethyne:Eth_00,sigma_pi_label_shuffle_control__ethyne:Eth_01,ethyne:Eth_00,ethyne:Eth_01,triple,3.0,sp_sp,none,curved_fullerene_sigma_cage,sigma/pi edge labels drawn from deterministic global shuffle,synthetic_control_only
topology_matched_random_control__adamantane,topology_matched_random_control,adamantane,topology_matched_random_control__adamantane:rand_e_0000,adamantane:Ada_e_00,topology_matched_random_control__adamantane:Ada_00,topology_matched_random_control__adamantane:Ada_01,adamantane:Ada_00,adamantane:Ada_04,single,1.0,sp3_sp3,none,diamondoid_sigma_cage,edge endpoints randomized with node and edge counts preserved,synthetic_control_only
topology_matched_random_control__adamantane,topology_matched_random_control,adamantane,topology_matched_random_control__adamantane:rand_e_0001,adamantane:Ada_e_01,topology_matched_random_control__adamantane:Ada_00,topology_matched_random_control__adamantane:Ada_04,adamantane:Ada_01,adamantane:Ada_04,single,1.0,sp3_sp3,none,diamondoid_sigma_cage,edge endpoints randomized with node and edge counts preserved,synthetic_control_only
topology_matched_random_control__adamantane,topology_matched_random_control,adamantane,topology_matched_random_control__adamantane:rand_e_0002,adamantane:Ada_e_02,topology_matched_random_control__adamantane:Ada_00,topology_matched_random_control__adamantane:Ada_07,adamantane:Ada_00,adamantane:Ada_05,single,1.0,sp3_sp3,none,diamondoid_sigma_cage,edge endpoints randomized with node and edge counts preserved,synthetic_control_only
topology_matched_random_control__adamantane,topology_matched_random_control,adamantane,topology_matched_random_control__adamantane:rand_e_0003,adamantane:Ada_e_03,topology_matched_random_control__adamantane:Ada_01,topology_matched_random_control__adamantane:Ada_04,adamantane:Ada_02,adamantane:Ada_05,single,1.0,sp3_sp3,none,diamondoid_sigma_cage,edge endpoints randomized with node and edge counts preserved,synthetic_control_only
topology_matched_random_control__adamantane,topology_matched_random_control,adamantane,topology_matched_random_control__adamantane:rand_e_0004,adamantane:Ada_e_04,topology_matched_random_control__adamantane:Ada_01,topology_matched_random_control__adamantane:Ada_06,adamantane:Ada_00,adamantane:Ada_06,single,1.0,sp3_sp3,none,diamondoid_sigma_cage,edge endpoints randomized with node and edge counts preserved,synthetic_control_only
topology_matched_random_control__adamantane,topology_matched_random_control,adamantane,topology_matched_random_control__adamantane:rand_e_0005,adamantane:Ada_e_05,topology_matched_random_control__adamantane:Ada_01,topology_matched_random_control__adamantane:Ada_09,adamantane:Ada_03,adamantane:Ada_06,single,1.0,sp3_sp3,none,diamondoid_sigma_cage,edge endpoints randomized with node and edge counts preserved,synthetic_control_only
topology_matched_random_control__adamantane,topology_matched_random_control,adamantane,topology_matched_random_control__adamantane:rand_e_0006,adamantane:Ada_e_06,topology_matched_random_control__adamantane:Ada_02,topology_matched_random_control__adamantane:Ada_04,adamantane:Ada_01,adamantane:Ada_07,single,1.0,sp3_sp3,none,diamondoid_sigma_cage,edge endpoints randomized with node and edge counts preserved,synthetic_control_only
topology_matched_random_control__adamantane,topology_matched_random_control,adamantane,topology_matched_random_control__adamantane:rand_e_0007,adamantane:Ada_e_07,topology_matched_random_control__adamantane:Ada_02,topology_matched_random_control__adamantane:Ada_07,adamantane:Ada_02,adamantane:Ada_07,single,1.0,sp3_sp3,none,diamondoid_sigma_cage,edge endpoints randomized with node and edge counts preserved,synthetic_control_only
topology_matched_random_control__adamantane,topology_matched_random_control,adamantane,topology_matched_random_control__adamantane:rand_e_0008,adamantane:Ada_e_08,topology_matched_random_control__adamantane:Ada_04,topology_matched_random_control__adamantane:Ada_07,adamantane:Ada_01,adamantane:Ada_08,single,1.0,sp3_sp3,none,diamondoid_sigma_cage,edge endpoints randomized with node and edge counts preserved,synthetic_control_only
topology_matched_random_control__adamantane,topology_matched_random_control,adamantane,topology_matched_random_control__adamantane:rand_e_0009,adamantane:Ada_e_09,topology_matched_random_control__adamantane:Ada_05,topology_matched_random_control__adamantane:Ada_07,adamantane:Ada_03,adamantane:Ada_08,single,1.0,sp3_sp3,none,diamondoid_sigma_cage,edge endpoints randomized with node and edge counts preserved,synthetic_control_only
topology_matched_random_control__adamantane,topology_matched_random_control,adamantane,topology_matched_random_control__adamantane:rand_e_0010,adamantane:Ada_e_10,topology_matched_random_control__adamantane:Ada_05,topology_matched_random_control__adamantane:Ada_09,adamantane:Ada_02,adamantane:Ada_09,single,1.0,sp3_sp3,none,diamondoid_sigma_cage,edge endpoints randomized with node and edge counts preserved,synthetic_control_only
topology_matched_random_control__adamantane,topology_matched_random_control,adamantane,topology_matched_random_control__adamantane:rand_e_0011,adamantane:Ada_e_11,topology_matched_random_control__adamantane:Ada_07,topology_matched_random_control__adamantane:Ada_09,adamantane:Ada_03,adamantane:Ada_09,single,1.0,sp3_sp3,none,diamondoid_sigma_cage,edge endpoints randomized with node and edge counts preserved,synthetic_control_only
topology_matched_random_control__benzene,topology_matched_random_control,benzene,topology_matched_random_control__benzene:rand_e_0000,benzene:Bz_e_00,topology_matched_random_control__benzene:Bz_00,topology_matched_random_control__benzene:Bz_02,benzene:Bz_00,benzene:Bz_01,aromatic,1.5,sp2_sp2,planar_aromatic_pi_ring,planar_ring_sigma_framework,edge endpoints randomized with node and edge counts preserved,synthetic_control_only
topology_matched_random_control__benzene,topology_matched_random_control,benzene,topology_matched_random_control__benzene:rand_e_0001,benzene:Bz_e_01,topology_matched_random_control__benzene:Bz_00,topology_matched_random_control__benzene:Bz_03,benzene:Bz_01,benzene:Bz_02,aromatic,1.5,sp2_sp2,planar_aromatic_pi_ring,planar_ring_sigma_framework,edge endpoints randomized with node and edge counts preserved,synthetic_control_only
topology_matched_random_control__benzene,topology_matched_random_control,benzene,topology_matched_random_control__benzene:rand_e_0002,benzene:Bz_e_02,topology_matched_random_control__benzene:Bz_00,topology_matched_random_control__benzene:Bz_04,benzene:Bz_02,benzene:Bz_03,aromatic,1.5,sp2_sp2,planar_aromatic_pi_ring,planar_ring_sigma_framework,edge endpoints randomized with node and edge counts preserved,synthetic_control_only
topology_matched_random_control__benzene,topology_matched_random_control,benzene,topology_matched_random_control__benzene:rand_e_0003,benzene:Bz_e_03,topology_matched_random_control__benzene:Bz_01,topology_matched_random_control__benzene:Bz_04,benzene:Bz_03,benzene:Bz_04,aromatic,1.5,sp2_sp2,planar_aromatic_pi_ring,planar_ring_sigma_framework,edge endpoints randomized with node and edge counts preserved,synthetic_control_only
topology_matched_random_control__benzene,topology_matched_random_control,benzene,topology_matched_random_control__benzene:rand_e_0004,benzene:Bz_e_04,topology_matched_random_control__benzene:Bz_01,topology_matched_random_control__benzene:Bz_05,benzene:Bz_04,benzene:Bz_05,aromatic,1.5,sp2_sp2,planar_aromatic_pi_ring,planar_ring_sigma_framework,edge endpoints randomized with node and edge counts preserved,synthetic_control_only
topology_matched_random_control__benzene,topology_matched_random_control,benzene,topology_matched_random_control__benzene:rand_e_0005,benzene:Bz_e_05,topology_matched_random_control__benzene:Bz_03,topology_matched_random_control__benzene:Bz_05,benzene:Bz_05,benzene:Bz_00,aromatic,1.5,sp2_sp2,planar_aromatic_pi_ring,planar_ring_sigma_framework,edge endpoints randomized with node and edge counts preserved,synthetic_control_only
topology_matched_random_control__c60,topology_matched_random_control,c60,topology_matched_random_control__c60:rand_e_0000,c60:C60_e_000,topology_matched_random_control__c60:C60_00,topology_matched_random_control__c60:C60_03,c60:C60_00,c60:C60_01,5_6,1.45,sp2_sp2,curved_fullerene_pi_network,curved_fullerene_sigma_cage,edge endpoints randomized with node and edge counts preserved,synthetic_control_only
topology_matched_random_control__c60,topology_matched_random_control,c60,topology_matched_random_control__c60:rand_e_0001,c60:C60_e_001,topology_matched_random_control__c60:C60_00,topology_matched_random_control__c60:C60_11,c60:C60_00,c60:C60_02,5_6,1.45,sp2_sp2,curved_fullerene_pi_network,curved_fullerene_sigma_cage,edge endpoints randomized with node and edge counts preserved,synthetic_control_only
topology_matched_random_control__c60,topology_matched_random_control,c60,topology_matched_random_control__c60:rand_e_0002,c60:C60_e_002,topology_matched_random_control__c60:C60_00,topology_matched_random_control__c60:C60_15,c60:C60_00,c60:C60_05,6_6,1.4,sp2_sp2,curved_fullerene_pi_network,curved_fullerene_sigma_cage,edge endpoints randomized with node and edge counts preserved,synthetic_control_only
topology_matched_random_control__c60,topology_matched_random_control,c60,topology_matched_random_control__c60:rand_e_0003,c60:C60_e_003,topology_matched_random_control__c60:C60_00,topology_matched_random_control__c60:C60_22,c60:C60_01,c60:C60_04,5_6,1.45,sp2_sp2,curved_fullerene_pi_network,curved_fullerene_sigma_cage,edge endpoints randomized with node and edge counts preserved,synthetic_control_only
topology_matched_random_control__c60,topology_matched_random_control,c60,topology_matched_random_control__c60:rand_e_0004,c60:C60_e_004,topology_matched_random_control__c60:C60_00,topology_matched_random_control__c60:C60_27,c60:C60_01,c60:C60_25,6_6,1.4,sp2_sp2,curved_fullerene_pi_network,curved_fullerene_sigma_cage,edge endpoints randomized with node and edge counts preserved,synthetic_control_only
topology_matched_random_control__c60,topology_matched_random_control,c60,topology_matched_random_control__c60:rand_e_0005,c60:C60_e_005,topology_matched_random_control__c60:C60_01,topology_matched_random_control__c60:C60_42,c60:C60_02,c60:C60_03,5_6,1.45,sp2_sp2,curved_fullerene_pi_network,curved_fullerene_sigma_cage,edge endpoints randomized with node and edge counts preserved,synthetic_control_only
topology_matched_random_control__c60,topology_matched_random_control,c60,topology_matched_random_control__c60:rand_e_0006,c60:C60_e_006,topology_matched_random_control__c60:C60_01,topology_matched_random_control__c60:C60_44,c60:C60_02,c60:C60_35,6_6,1.4,sp2_sp2,curved_fullerene_pi_network,curved_fullerene_sigma_cage,edge endpoints randomized with node and edge counts preserved,synthetic_control_only
topology_matched_random_control__c60,topology_matched_random_control,c60,topology_matched_random_control__c60:rand_e_0007,c60:C60_e_007,topology_matched_random_control__c60:C60_02,topology_matched_random_control__c60:C60_09,c60:C60_03,c60:C60_04,5_6,1.45,sp2_sp2,curved_fullerene_pi_network,curved_fullerene_sigma_cage,edge endpoints randomized with node and edge counts preserved,synthetic_control_only
topology_matched_random_control__c60,topology_matched_random_control,c60,topology_matched_random_control__c60:rand_e_0008,c60:C60_e_008,topology_matched_random_control__c60:C60_02,topology_matched_random_control__c60:C60_43,c60:C60_03,c60:C60_50,6_6,1.4,sp2_sp2,curved_fullerene_pi_network,curved_fullerene_sigma_cage,edge endpoints randomized with node and edge counts preserved,synthetic_control_only
topology_matched_random_control__c60,topology_matched_random_control,c60,topology_matched_random_control__c60:rand_e_0009,c60:C60_e_009,topology_matched_random_control__c60:C60_02,topology_matched_random_control__c60:C60_47,c60:C60_04,c60:C60_55,6_6,1.4,sp2_sp2,curved_fullerene_pi_network,curved_fullerene_sigma_cage,edge endpoints randomized with node and edge counts preserved,synthetic_control_only
topology_matched_random_control__c60,topology_matched_random_control,c60,topology_matched_random_control__c60:rand_e_0010,c60:C60_e_010,topology_matched_random_control__c60:C60_03,topology_matched_random_control__c60:C60_08,c60:C60_05,c60:C60_06,5_6,1.45,sp2_sp2,curved_fullerene_pi_network,curved_fullerene_sigma_cage,edge endpoints randomized with node and edge counts preserved,synthetic_control_only
topology_matched_random_control__c60,topology_matched_random_control,c60,topology_matched_random_control__c60:rand_e_0011,c60:C60_e_011,topology_matched_random_control__c60:C60_03,topology_matched_random_control__c60:C60_17,c60:C60_05,c60:C60_07,5_6,1.45,sp2_sp2,curved_fullerene_pi_network,curved_fullerene_sigma_cage,edge endpoints randomized with node and edge counts preserved,synthetic_control_only
topology_matched_random_control__c60,topology_matched_random_control,c60,topology_matched_random_control__c60:rand_e_0012,c60:C60_e_012,topology_matched_random_control__c60:C60_03,topology_matched_random_control__c60:C60_30,c60:C60_06,c60:C60_09,5_6,1.45,sp2_sp2,curved_fullerene_pi_network,curved_fullerene_sigma_cage,edge endpoints randomized with node and edge counts preserved,synthetic_control_only
topology_matched_random_control__c60,topology_matched_random_control,c60,topology_matched_random_control__c60:rand_e_0013,c60:C60_e_013,topology_matched_random_control__c60:C60_03,topology_matched_random_control__c60:C60_31,c60:C60_06,c60:C60_26,6_6,1.4,sp2_sp2,curved_fullerene_pi_network,curved_fullerene_sigma_cage,edge endpoints randomized with node and edge counts preserved,synthetic_control_only
topology_matched_random_control__c60,topology_matched_random_control,c60,topology_matched_random_control__c60:rand_e_0014,c60:C60_e_014,topology_matched_random_control__c60:C60_04,topology_matched_random_control__c60:C60_24,c60:C60_07,c60:C60_08,5_6,1.45,sp2_sp2,curved_fullerene_pi_network,curved_fullerene_sigma_cage,edge endpoints randomized with node and edge counts preserved,synthetic_control_only
topology_matched_random_control__c60,topology_matched_random_control,c60,topology_matched_random_control__c60:rand_e_0015,c60:C60_e_015,topology_matched_random_control__c60:C60_04,topology_matched_random_control__c60:C60_43,c60:C60_07,c60:C60_36,6_6,1.4,sp2_sp2,curved_fullerene_pi_network,curved_fullerene_sigma_cage,edge endpoints randomized with node and edge counts preserved,synthetic_control_only
topology_matched_random_control__c60,topology_matched_random_control,c60,topology_matched_random_control__c60:rand_e_0016,c60:C60_e_016,topology_matched_random_control__c60:C60_05,topology_matched_random_control__c60:C60_22,c60:C60_08,c60:C60_09,5_6,1.45,sp2_sp2,curved_fullerene_pi_network,curved_fullerene_sigma_cage,edge endpoints randomized with node and edge counts preserved,synthetic_control_only
topology_matched_random_control__c60,topology_matched_random_control,c60,topology_matched_random_control__c60:rand_e_0017,c60:C60_e_017,topology_matched_random_control__c60:C60_05,topology_matched_random_control__c60:C60_39,c60:C60_08,c60:C60_40,6_6,1.4,sp2_sp2,curved_fullerene_pi_network,curved_fullerene_sigma_cage,edge endpoints randomized with node and edge counts preserved,synthetic_control_only
topology_matched_random_control__c60,topology_matched_random_control,c60,topology_matched_random_control__c60:rand_e_0018,c60:C60_e_018,topology_matched_random_control__c60:C60_05,topology_matched_random_control__c60:C60_52,c60:C60_09,c60:C60_45,6_6,1.4,sp2_sp2,curved_fullerene_pi_network,curved_fullerene_sigma_cage,edge endpoints randomized with node and edge counts preserved,synthetic_control_only
topology_matched_random_control__c60,topology_matched_random_control,c60,topology_matched_random_control__c60:rand_e_0019,c60:C60_e_019,topology_matched_random_control__c60:C60_06,topology_matched_random_control__c60:C60_15,c60:C60_10,c60:C60_11,5_6,1.45,sp2_sp2,curved_fullerene_pi_network,curved_fullerene_sigma_cage,edge endpoints randomized with node and edge counts preserved,synthetic_control_only
topology_matched_random_control__c60,topology_matched_random_control,c60,topology_matched_random_control__c60:rand_e_0020,c60:C60_e_020,topology_matched_random_control__c60:C60_06,topology_matched_random_control__c60:C60_46,c60:C60_10,c60:C60_12,5_6,1.45,sp2_sp2,curved_fullerene_pi_network,curved_fullerene_sigma_cage,edge endpoints randomized with node and edge counts preserved,synthetic_control_only
topology_matched_random_control__c60,topology_matched_random_control,c60,topology_matched_random_control__c60:rand_e_0021,c60:C60_e_021,topology_matched_random_control__c60:C60_07,topology_matched_random_control__c60:C60_36,c60:C60_10,c60:C60_15,6_6,1.4,sp2_sp2,curved_fullerene_pi_network,curved_fullerene_sigma_cage,edge endpoints randomized with node and edge counts preserved,synthetic_control_only
topology_matched_random_control__c60,topology_matched_random_control,c60,topology_matched_random_control__c60:rand_e_0022,c60:C60_e_022,topology_matched_random_control__c60:C60_08,topology_matched_random_control__c60:C60_10,c60:C60_11,c60:C60_14,5_6,1.45,sp2_sp2,curved_fullerene_pi_network,curved_fullerene_sigma_cage,edge endpoints randomized with node and edge counts preserved,synthetic_control_only
topology_matched_random_control__c60,topology_matched_random_control,c60,topology_matched_random_control__c60:rand_e_0023,c60:C60_e_023,topology_matched_random_control__c60:C60_08,topology_matched_random_control__c60:C60_11,c60:C60_11,c60:C60_20,6_6,1.4,sp2_sp2,curved_fullerene_pi_network,curved_fullerene_sigma_cage,edge endpoints randomized with node and edge counts preserved,synthetic_control_only
topology_matched_random_control__c60,topology_matched_random_control,c60,topology_matched_random_control__c60:rand_e_0024,c60:C60_e_024,topology_matched_random_control__c60:C60_09,topology_matched_random_control__c60:C60_57,c60:C60_12,c60:C60_13,5_6,1.45,sp2_sp2,curved_fullerene_pi_network,curved_fullerene_sigma_cage,edge endpoints randomized with node and edge counts preserved,synthetic_control_only
topology_matched_random_control__c60,topology_matched_random_control,c60,topology_matched_random_control__c60:rand_e_0025,c60:C60_e_025,topology_matched_random_control__c60:C60_09,topology_matched_random_control__c60:C60_59,c60:C60_12,c60:C60_30,6_6,1.4,sp2_sp2,curved_fullerene_pi_network,curved_fullerene_sigma_cage,edge endpoints randomized with node and edge counts preserved,synthetic_control_only
topology_matched_random_control__c60,topology_matched_random_control,c60,topology_matched_random_control__c60:rand_e_0026,c60:C60_e_026,topology_matched_random_control__c60:C60_10,topology_matched_random_control__c60:C60_50,c60:C60_13,c60:C60_14,5_6,1.45,sp2_sp2,curved_fullerene_pi_network,curved_fullerene_sigma_cage,edge endpoints randomized with node and edge counts preserved,synthetic_control_only
topology_matched_random_control__c60,topology_matched_random_control,c60,topology_matched_random_control__c60:rand_e_0027,c60:C60_e_027,topology_matched_random_control__c60:C60_10,topology_matched_random_control__c60:C60_52,c60:C60_13,c60:C60_51,6_6,1.4,sp2_sp2,curved_fullerene_pi_network,curved_fullerene_sigma_cage,edge endpoints randomized with node and edge counts preserved,synthetic_control_only
topology_matched_random_control__c60,topology_matched_random_control,c60,topology_matched_random_control__c60:rand_e_0028,c60:C60_e_028,topology_matched_random_control__c60:C60_10,topology_matched_random_control__c60:C60_59,c60:C60_14,c60:C60_56,6_6,1.4,sp2_sp2,curved_fullerene_pi_network,curved_fullerene_sigma_cage,edge endpoints randomized with node and edge counts preserved,synthetic_control_only
topology_matched_random_control__c60,topology_matched_random_control,c60,topology_matched_random_control__c60:rand_e_0029,c60:C60_e_029,topology_matched_random_control__c60:C60_11,topology_matched_random_control__c60:C60_31,c60:C60_15,c60:C60_16,5_6,1.45,sp2_sp2,curved_fullerene_pi_network,curved_fullerene_sigma_cage,edge endpoints randomized with node and edge counts preserved,synthetic_control_only
topology_matched_random_control__c60,topology_matched_random_control,c60,topology_matched_random_control__c60:rand_e_0030,c60:C60_e_030,topology_matched_random_control__c60:C60_12,topology_matched_random_control__c60:C60_13,c60:C60_15,c60:C60_17,5_6,1.45,sp2_sp2,curved_fullerene_pi_network,curved_fullerene_sigma_cage,edge endpoints randomized with node and edge counts preserved,synthetic_control_only
topology_matched_random_control__c60,topology_matched_random_control,c60,topology_matched_random_control__c60:rand_e_0031,c60:C60_e_031,topology_matched_random_control__c60:C60_12,topology_matched_random_control__c60:C60_17,c60:C60_16,c60:C60_19,5_6,1.45,sp2_sp2,curved_fullerene_pi_network,curved_fullerene_sigma_cage,edge endpoints randomized with node and edge counts preserved,synthetic_control_only
topology_matched_random_control__c60,topology_matched_random_control,c60,topology_matched_random_control__c60:rand_e_0032,c60:C60_e_032,topology_matched_random_control__c60:C60_12,topology_matched_random_control__c60:C60_22,c60:C60_16,c60:C60_21,6_6,1.4,sp2_sp2,curved_fullerene_pi_network,curved_fullerene_sigma_cage,edge endpoints randomized with node and edge counts preserved,synthetic_control_only
topology_matched_random_control__c60,topology_matched_random_control,c60,topology_matched_random_control__c60:rand_e_0033,c60:C60_e_033,topology_matched_random_control__c60:C60_13,topology_matched_random_control__c60:C60_19,c60:C60_17,c60:C60_18,5_6,1.45,sp2_sp2,curved_fullerene_pi_network,curved_fullerene_sigma_cage,edge endpoints randomized with node and edge counts preserved,synthetic_control_only
topology_matched_random_control__c60,topology_matched_random_control,c60,topology_matched_random_control__c60:rand_e_0034,c60:C60_e_034,topology_matched_random_control__c60:C60_13,topology_matched_random_control__c60:C60_49,c60:C60_17,c60:C60_31,6_6,1.4,sp2_sp2,curved_fullerene_pi_network,curved_fullerene_sigma_cage,edge endpoints randomized with node and edge counts preserved,synthetic_control_only
topology_matched_random_control__c60,topology_matched_random_control,c60,topology_matched_random_control__c60:rand_e_0035,c60:C60_e_035,topology_matched_random_control__c60:C60_14,topology_matched_random_control__c60:C60_46,c60:C60_18,c60:C60_19,5_6,1.45,sp2_sp2,curved_fullerene_pi_network,curved_fullerene_sigma_cage,edge endpoints randomized with node and edge counts preserved,synthetic_control_only
topology_matched_random_control__c60,topology_matched_random_control,c60,topology_matched_random_control__c60:rand_e_0036,c60:C60_e_036,topology_matched_random_control__c60:C60_14,topology_matched_random_control__c60:C60_55,c60:C60_18,c60:C60_41,6_6,1.4,sp2_sp2,curved_fullerene_pi_network,curved_fullerene_sigma_cage,edge endpoints randomized with node and edge counts preserved,synthetic_control_only
topology_matched_random_control__c60,topology_matched_random_control,c60,topology_matched_random_control__c60:rand_e_0037,c60:C60_e_037,topology_matched_random_control__c60:C60_15,topology_matched_random_control__c60:C60_17,c60:C60_19,c60:C60_46,6_6,1.4,sp2_sp2,curved_fullerene_pi_network,curved_fullerene_sigma_cage,edge endpoints randomized with node and edge counts preserved,synthetic_control_only
topology_matched_random_control__c60,topology_matched_random_control,c60,topology_matched_random_control__c60:rand_e_0038,c60:C60_e_038,topology_matched_random_control__c60:C60_15,topology_matched_random_control__c60:C60_49,c60:C60_20,c60:C60_21,5_6,1.45,sp2_sp2,curved_fullerene_pi_network,curved_fullerene_sigma_cage,edge endpoints randomized with node and edge counts preserved,synthetic_control_only
topology_matched_random_control__c60,topology_matched_random_control,c60,topology_matched_random_control__c60:rand_e_0039,c60:C60_e_039,topology_matched_random_control__c60:C60_16,topology_matched_random_control__c60:C60_19,c60:C60_20,c60:C60_24,5_6,1.45,sp2_sp2,curved_fullerene_pi_network,curved_fullerene_sigma_cage,edge endpoints randomized with node and edge counts preserved,synthetic_control_only
topology_matched_random_control__c60,topology_matched_random_control,c60,topology_matched_random_control__c60:rand_e_0040,c60:C60_e_040,topology_matched_random_control__c60:C60_16,topology_matched_random_control__c60:C60_39,c60:C60_21,c60:C60_23,5_6,1.45,sp2_sp2,curved_fullerene_pi_network,curved_fullerene_sigma_cage,edge endpoints randomized with node and edge counts preserved,synthetic_control_only
topology_matched_random_control__c60,topology_matched_random_control,c60,topology_matched_random_control__c60:rand_e_0041,c60:C60_e_041,topology_matched_random_control__c60:C60_16,topology_matched_random_control__c60:C60_58,c60:C60_22,c60:C60_23,5_6,1.45,sp2_sp2,curved_fullerene_pi_network,curved_fullerene_sigma_cage,edge endpoints randomized with node and edge counts preserved,synthetic_control_only
topology_matched_random_control__c60,topology_matched_random_control,c60,topology_matched_random_control__c60:rand_e_0042,c60:C60_e_042,topology_matched_random_control__c60:C60_17,topology_matched_random_control__c60:C60_26,c60:C60_22,c60:C60_24,5_6,1.45,sp2_sp2,curved_fullerene_pi_network,curved_fullerene_sigma_cage,edge endpoints randomized with node and edge counts preserved,synthetic_control_only
topology_matched_random_control__c60,topology_matched_random_control,c60,topology_matched_random_control__c60:rand_e_0043,c60:C60_e_043,topology_matched_random_control__c60:C60_17,topology_matched_random_control__c60:C60_35,c60:C60_22,c60:C60_27,6_6,1.4,sp2_sp2,curved_fullerene_pi_network,curved_fullerene_sigma_cage,edge endpoints randomized with node and edge counts preserved,synthetic_control_only
topology_matched_random_control__c60,topology_matched_random_control,c60,topology_matched_random_control__c60:rand_e_0044,c60:C60_e_044,topology_matched_random_control__c60:C60_17,topology_matched_random_control__c60:C60_47,c60:C60_23,c60:C60_47,6_6,1.4,sp2_sp2,curved_fullerene_pi_network,curved_fullerene_sigma_cage,edge endpoints randomized with node and edge counts preserved,synthetic_control_only
topology_matched_random_control__c60,topology_matched_random_control,c60,topology_matched_random_control__c60:rand_e_0045,c60:C60_e_045,topology_matched_random_control__c60:C60_17,topology_matched_random_control__c60:C60_52,c60:C60_24,c60:C60_57,6_6,1.4,sp2_sp2,curved_fullerene_pi_network,curved_fullerene_sigma_cage,edge endpoints randomized with node and edge counts preserved,synthetic_control_only
topology_matched_random_control__c60,topology_matched_random_control,c60,topology_matched_random_control__c60:rand_e_0046,c60:C60_e_046,topology_matched_random_control__c60:C60_18,topology_matched_random_control__c60:C60_30,c60:C60_25,c60:C60_26,5_6,1.45,sp2_sp2,curved_fullerene_pi_network,curved_fullerene_sigma_cage,edge endpoints randomized with node and edge counts preserved,synthetic_control_only
topology_matched_random_control__c60,topology_matched_random_control,c60,topology_matched_random_control__c60:rand_e_0047,c60:C60_e_047,topology_matched_random_control__c60:C60_18,topology_matched_random_control__c60:C60_43,c60:C60_25,c60:C60_29,5_6,1.45,sp2_sp2,curved_fullerene_pi_network,curved_fullerene_sigma_cage,edge endpoints randomized with node and edge counts preserved,synthetic_control_only
topology_matched_random_control__c60,topology_matched_random_control,c60,topology_matched_random_control__c60:rand_e_0048,c60:C60_e_048,topology_matched_random_control__c60:C60_18,topology_matched_random_control__c60:C60_48,c60:C60_26,c60:C60_28,5_6,1.45,sp2_sp2,curved_fullerene_pi_network,curved_fullerene_sigma_cage,edge endpoints randomized with node and edge counts preserved,synthetic_control_only
topology_matched_random_control__c60,topology_matched_random_control,c60,topology_matched_random_control__c60:rand_e_0049,c60:C60_e_049,topology_matched_random_control__c60:C60_18,topology_matched_random_control__c60:C60_50,c60:C60_27,c60:C60_28,5_6,1.45,sp2_sp2,curved_fullerene_pi_network,curved_fullerene_sigma_cage,edge endpoints randomized with node and edge counts preserved,synthetic_control_only
topology_matched_random_control__c60,topology_matched_random_control,c60,topology_matched_random_control__c60:rand_e_0050,c60:C60_e_050,topology_matched_random_control__c60:C60_18,topology_matched_random_control__c60:C60_53,c60:C60_27,c60:C60_29,5_6,1.45,sp2_sp2,curved_fullerene_pi_network,curved_fullerene_sigma_cage,edge endpoints randomized with node and edge counts preserved,synthetic_control_only
topology_matched_random_control__c60,topology_matched_random_control,c60,topology_matched_random_control__c60:rand_e_0051,c60:C60_e_051,topology_matched_random_control__c60:C60_19,topology_matched_random_control__c60:C60_28,c60:C60_28,c60:C60_48,6_6,1.4,sp2_sp2,curved_fullerene_pi_network,curved_fullerene_sigma_cage,edge endpoints randomized with node and edge counts preserved,synthetic_control_only
topology_matched_random_control__c60,topology_matched_random_control,c60,topology_matched_random_control__c60:rand_e_0052,c60:C60_e_052,topology_matched_random_control__c60:C60_19,topology_matched_random_control__c60:C60_42,c60:C60_29,c60:C60_58,6_6,1.4,sp2_sp2,curved_fullerene_pi_network,curved_fullerene_sigma_cage,edge endpoints randomized with node and edge counts preserved,synthetic_control_only
topology_matched_random_control__c60,topology_matched_random_control,c60,topology_matched_random_control__c60:rand_e_0053,c60:C60_e_053,topology_matched_random_control__c60:C60_19,topology_matched_random_control__c60:C60_58,c60:C60_30,c60:C60_31,5_6,1.45,sp2_sp2,curved_fullerene_pi_network,curved_fullerene_sigma_cage,edge endpoints randomized with node and edge counts preserved,synthetic_control_only
topology_matched_random_control__c60,topology_matched_random_control,c60,topology_matched_random_control__c60:rand_e_0054,c60:C60_e_054,topology_matched_random_control__c60:C60_20,topology_matched_random_control__c60:C60_30,c60:C60_30,c60:C60_34,5_6,1.45,sp2_sp2,curved_fullerene_pi_network,curved_fullerene_sigma_cage,edge endpoints randomized with node and edge counts preserved,synthetic_control_only
topology_matched_random_control__c60,topology_matched_random_control,c60,topology_matched_random_control__c60:rand_e_0055,c60:C60_e_055,topology_matched_random_control__c60:C60_20,topology_matched_random_control__c60:C60_37,c60:C60_31,c60:C60_33,5_6,1.45,sp2_sp2,curved_fullerene_pi_network,curved_fullerene_sigma_cage,edge endpoints randomized with node and edge counts preserved,synthetic_control_only
topology_matched_random_control__c60,topology_matched_random_control,c60,topology_matched_random_control__c60:rand_e_0056,c60:C60_e_056,topology_matched_random_control__c60:C60_20,topology_matched_random_control__c60:C60_55,c60:C60_32,c60:C60_33,5_6,1.45,sp2_sp2,curved_fullerene_pi_network,curved_fullerene_sigma_cage,edge endpoints randomized with node and edge counts preserved,synthetic_control_only
topology_matched_random_control__c60,topology_matched_random_control,c60,topology_matched_random_control__c60:rand_e_0057,c60:C60_e_057,topology_matched_random_control__c60:C60_20,topology_matched_random_control__c60:C60_58,c60:C60_32,c60:C60_34,5_6,1.45,sp2_sp2,curved_fullerene_pi_network,curved_fullerene_sigma_cage,edge endpoints randomized with node and edge counts preserved,synthetic_control_only
topology_matched_random_control__c60,topology_matched_random_control,c60,topology_matched_random_control__c60:rand_e_0058,c60:C60_e_058,topology_matched_random_control__c60:C60_21,topology_matched_random_control__c60:C60_32,c60:C60_32,c60:C60_37,6_6,1.4,sp2_sp2,curved_fullerene_pi_network,curved_fullerene_sigma_cage,edge endpoints randomized with node and edge counts preserved,synthetic_control_only
topology_matched_random_control__c60,topology_matched_random_control,c60,topology_matched_random_control__c60:rand_e_0059,c60:C60_e_059,topology_matched_random_control__c60:C60_21,topology_matched_random_control__c60:C60_43,c60:C60_33,c60:C60_42,6_6,1.4,sp2_sp2,curved_fullerene_pi_network,curved_fullerene_sigma_cage,edge endpoints randomized with node and edge counts preserved,synthetic_control_only
topology_matched_random_control__c60,topology_matched_random_control,c60,topology_matched_random_control__c60:rand_e_0060,c60:C60_e_060,topology_matched_random_control__c60:C60_21,topology_matched_random_control__c60:C60_59,c60:C60_34,c60:C60_52,6_6,1.4,sp2_sp2,curved_fullerene_pi_network,curved_fullerene_sigma_cage,edge endpoints randomized with node and edge counts preserved,synthetic_control_only
topology_matched_random_control__c60,topology_matched_random_control,c60,topology_matched_random_control__c60:rand_e_0061,c60:C60_e_061,topology_matched_random_control__c60:C60_23,topology_matched_random_control__c60:C60_56,c60:C60_35,c60:C60_36,5_6,1.45,sp2_sp2,curved_fullerene_pi_network,curved_fullerene_sigma_cage,edge endpoints randomized with node and edge counts preserved,synthetic_control_only
topology_matched_random_control__c60,topology_matched_random_control,c60,topology_matched_random_control__c60:rand_e_0062,c60:C60_e_062,topology_matched_random_control__c60:C60_24,topology_matched_random_control__c60:C60_31,c60:C60_35,c60:C60_39,5_6,1.45,sp2_sp2,curved_fullerene_pi_network,curved_fullerene_sigma_cage,edge endpoints randomized with node and edge counts preserved,synthetic_control_only
topology_matched_random_control__c60,topology_matched_random_control,c60,topology_matched_random_control__c60:rand_e_0063,c60:C60_e_063,topology_matched_random_control__c60:C60_24,topology_matched_random_control__c60:C60_54,c60:C60_36,c60:C60_38,5_6,1.45,sp2_sp2,curved_fullerene_pi_network,curved_fullerene_sigma_cage,edge endpoints randomized with node and edge counts preserved,synthetic_control_only
topology_matched_random_control__c60,topology_matched_random_control,c60,topology_matched_random_control__c60:rand_e_0064,c60:C60_e_064,topology_matched_random_control__c60:C60_25,topology_matched_random_control__c60:C60_29,c60:C60_37,c60:C60_38,5_6,1.45,sp2_sp2,curved_fullerene_pi_network,curved_fullerene_sigma_cage,edge endpoints randomized with node and edge counts preserved,synthetic_control_only
topology_matched_random_control__c60,topology_matched_random_control,c60,topology_matched_random_control__c60:rand_e_0065,c60:C60_e_065,topology_matched_random_control__c60:C60_25,topology_matched_random_control__c60:C60_52,c60:C60_37,c60:C60_39,5_6,1.45,sp2_sp2,curved_fullerene_pi_network,curved_fullerene_sigma_cage,edge endpoints randomized with node and edge counts preserved,synthetic_control_only
topology_matched_random_control__c60,topology_matched_random_control,c60,topology_matched_random_control__c60:rand_e_0066,c60:C60_e_066,topology_matched_random_control__c60:C60_26,topology_matched_random_control__c60:C60_36,c60:C60_38,c60:C60_43,6_6,1.4,sp2_sp2,curved_fullerene_pi_network,curved_fullerene_sigma_cage,edge endpoints randomized with node and edge counts preserved,synthetic_control_only
topology_matched_random_control__c60,topology_matched_random_control,c60,topology_matched_random_control__c60:rand_e_0067,c60:C60_e_067,topology_matched_random_control__c60:C60_27,topology_matched_random_control__c60:C60_53,c60:C60_39,c60:C60_53,6_6,1.4,sp2_sp2,curved_fullerene_pi_network,curved_fullerene_sigma_cage,edge endpoints randomized with node and edge counts preserved,synthetic_control_only
topology_matched_random_control__c60,topology_matched_random_control,c60,topology_matched_random_control__c60:rand_e_0068,c60:C60_e_068,topology_matched_random_control__c60:C60_28,topology_matched_random_control__c60:C60_39,c60:C60_40,c60:C60_43,5_6,1.45,sp2_sp2,curved_fullerene_pi_network,curved_fullerene_sigma_cage,edge endpoints randomized with node and edge counts preserved,synthetic_control_only
topology_matched_random_control__c60,topology_matched_random_control,c60,topology_matched_random_control__c60:rand_e_0069,c60:C60_e_069,topology_matched_random_control__c60:C60_28,topology_matched_random_control__c60:C60_41,c60:C60_40,c60:C60_44,5_6,1.45,sp2_sp2,curved_fullerene_pi_network,curved_fullerene_sigma_cage,edge endpoints randomized with node and edge counts preserved,synthetic_control_only
topology_matched_random_control__c60,topology_matched_random_control,c60,topology_matched_random_control__c60:rand_e_0070,c60:C60_e_070,topology_matched_random_control__c60:C60_29,topology_matched_random_control__c60:C60_41,c60:C60_41,c60:C60_42,5_6,1.45,sp2_sp2,curved_fullerene_pi_network,curved_fullerene_sigma_cage,edge endpoints randomized with node and edge counts preserved,synthetic_control_only
topology_matched_random_control__c60,topology_matched_random_control,c60,topology_matched_random_control__c60:rand_e_0071,c60:C60_e_071,topology_matched_random_control__c60:C60_29,topology_matched_random_control__c60:C60_44,c60:C60_41,c60:C60_44,5_6,1.45,sp2_sp2,curved_fullerene_pi_network,curved_fullerene_sigma_cage,edge endpoints randomized with node and edge counts preserved,synthetic_control_only
topology_matched_random_control__c60,topology_matched_random_control,c60,topology_matched_random_control__c60:rand_e_0072,c60:C60_e_072,topology_matched_random_control__c60:C60_30,topology_matched_random_control__c60:C60_38,c60:C60_42,c60:C60_43,5_6,1.45,sp2_sp2,curved_fullerene_pi_network,curved_fullerene_sigma_cage,edge endpoints randomized with node and edge counts preserved,synthetic_control_only
topology_matched_random_control__c60,topology_matched_random_control,c60,topology_matched_random_control__c60:rand_e_0073,c60:C60_e_073,topology_matched_random_control__c60:C60_31,topology_matched_random_control__c60:C60_53,c60:C60_44,c60:C60_49,6_6,1.4,sp2_sp2,curved_fullerene_pi_network,curved_fullerene_sigma_cage,edge endpoints randomized with node and edge counts preserved,synthetic_control_only
topology_matched_random_control__c60,topology_matched_random_control,c60,topology_matched_random_control__c60:rand_e_0074,c60:C60_e_074,topology_matched_random_control__c60:C60_32,topology_matched_random_control__c60:C60_35,c60:C60_45,c60:C60_48,5_6,1.45,sp2_sp2,curved_fullerene_pi_network,curved_fullerene_sigma_cage,edge endpoints randomized with node and edge counts preserved,synthetic_control_only
topology_matched_random_control__c60,topology_matched_random_control,c60,topology_matched_random_control__c60:rand_e_0075,c60:C60_e_075,topology_matched_random_control__c60:C60_32,topology_matched_random_control__c60:C60_39,c60:C60_45,c60:C60_49,5_6,1.45,sp2_sp2,curved_fullerene_pi_network,curved_fullerene_sigma_cage,edge endpoints randomized with node and edge counts preserved,synthetic_control_only
topology_matched_random_control__c60,topology_matched_random_control,c60,topology_matched_random_control__c60:rand_e_0076,c60:C60_e_076,topology_matched_random_control__c60:C60_32,topology_matched_random_control__c60:C60_50,c60:C60_46,c60:C60_47,5_6,1.45,sp2_sp2,curved_fullerene_pi_network,curved_fullerene_sigma_cage,edge endpoints randomized with node and edge counts preserved,synthetic_control_only
topology_matched_random_control__c60,topology_matched_random_control,c60,topology_matched_random_control__c60:rand_e_0077,c60:C60_e_077,topology_matched_random_control__c60:C60_34,topology_matched_random_control__c60:C60_55,c60:C60_46,c60:C60_49,5_6,1.45,sp2_sp2,curved_fullerene_pi_network,curved_fullerene_sigma_cage,edge endpoints randomized with node and edge counts preserved,synthetic_control_only
topology_matched_random_control__c60,topology_matched_random_control,c60,topology_matched_random_control__c60:rand_e_0078,c60:C60_e_078,topology_matched_random_control__c60:C60_35,topology_matched_random_control__c60:C60_39,c60:C60_47,c60:C60_48,5_6,1.45,sp2_sp2,curved_fullerene_pi_network,curved_fullerene_sigma_cage,edge endpoints randomized with node and edge counts preserved,synthetic_control_only
topology_matched_random_control__c60,topology_matched_random_control,c60,topology_matched_random_control__c60:rand_e_0079,c60:C60_e_079,topology_matched_random_control__c60:C60_35,topology_matched_random_control__c60:C60_57,c60:C60_50,c60:C60_53,5_6,1.45,sp2_sp2,curved_fullerene_pi_network,curved_fullerene_sigma_cage,edge endpoints randomized with node and edge counts preserved,synthetic_control_only
topology_matched_random_control__c60,topology_matched_random_control,c60,topology_matched_random_control__c60:rand_e_0080,c60:C60_e_080,topology_matched_random_control__c60:C60_36,topology_matched_random_control__c60:C60_50,c60:C60_50,c60:C60_54,5_6,1.45,sp2_sp2,curved_fullerene_pi_network,curved_fullerene_sigma_cage,edge endpoints randomized with node and edge counts preserved,synthetic_control_only
topology_matched_random_control__c60,topology_matched_random_control,c60,topology_matched_random_control__c60:rand_e_0081,c60:C60_e_081,topology_matched_random_control__c60:C60_39,topology_matched_random_control__c60:C60_55,c60:C60_51,c60:C60_52,5_6,1.45,sp2_sp2,curved_fullerene_pi_network,curved_fullerene_sigma_cage,edge endpoints randomized with node and edge counts preserved,synthetic_control_only
topology_matched_random_control__c60,topology_matched_random_control,c60,topology_matched_random_control__c60:rand_e_0082,c60:C60_e_082,topology_matched_random_control__c60:C60_42,topology_matched_random_control__c60:C60_43,c60:C60_51,c60:C60_54,5_6,1.45,sp2_sp2,curved_fullerene_pi_network,curved_fullerene_sigma_cage,edge endpoints randomized with node and edge counts preserved,synthetic_control_only
topology_matched_random_control__c60,topology_matched_random_control,c60,topology_matched_random_control__c60:rand_e_0083,c60:C60_e_083,topology_matched_random_control__c60:C60_42,topology_matched_random_control__c60:C60_50,c60:C60_52,c60:C60_53,5_6,1.45,sp2_sp2,curved_fullerene_pi_network,curved_fullerene_sigma_cage,edge endpoints randomized with node and edge counts preserved,synthetic_control_only
topology_matched_random_control__c60,topology_matched_random_control,c60,topology_matched_random_control__c60:rand_e_0084,c60:C60_e_084,topology_matched_random_control__c60:C60_47,topology_matched_random_control__c60:C60_52,c60:C60_54,c60:C60_59,6_6,1.4,sp2_sp2,curved_fullerene_pi_network,curved_fullerene_sigma_cage,edge endpoints randomized with node and edge counts preserved,synthetic_control_only
topology_matched_random_control__c60,topology_matched_random_control,c60,topology_matched_random_control__c60:rand_e_0085,c60:C60_e_085,topology_matched_random_control__c60:C60_51,topology_matched_random_control__c60:C60_55,c60:C60_55,c60:C60_58,5_6,1.45,sp2_sp2,curved_fullerene_pi_network,curved_fullerene_sigma_cage,edge endpoints randomized with node and edge counts preserved,synthetic_control_only
topology_matched_random_control__c60,topology_matched_random_control,c60,topology_matched_random_control__c60:rand_e_0086,c60:C60_e_086,topology_matched_random_control__c60:C60_52,topology_matched_random_control__c60:C60_57,c60:C60_55,c60:C60_59,5_6,1.45,sp2_sp2,curved_fullerene_pi_network,curved_fullerene_sigma_cage,edge endpoints randomized with node and edge counts preserved,synthetic_control_only
topology_matched_random_control__c60,topology_matched_random_control,c60,topology_matched_random_control__c60:rand_e_0087,c60:C60_e_087,topology_matched_random_control__c60:C60_52,topology_matched_random_control__c60:C60_59,c60:C60_56,c60:C60_57,5_6,1.45,sp2_sp2,curved_fullerene_pi_network,curved_fullerene_sigma_cage,edge endpoints randomized with node and edge counts preserved,synthetic_control_only
topology_matched_random_control__c60,topology_matched_random_control,c60,topology_matched_random_control__c60:rand_e_0088,c60:C60_e_088,topology_matched_random_control__c60:C60_54,topology_matched_random_control__c60:C60_55,c60:C60_56,c60:C60_59,5_6,1.45,sp2_sp2,curved_fullerene_pi_network,curved_fullerene_sigma_cage,edge endpoints randomized with node and edge counts preserved,synthetic_control_only
topology_matched_random_control__c60,topology_matched_random_control,c60,topology_matched_random_control__c60:rand_e_0089,c60:C60_e_089,topology_matched_random_control__c60:C60_55,topology_matched_random_control__c60:C60_59,c60:C60_57,c60:C60_58,5_6,1.45,sp2_sp2,curved_fullerene_pi_network,curved_fullerene_sigma_cage,edge endpoints randomized with node and edge counts preserved,synthetic_control_only
topology_matched_random_control__ethyne,topology_matched_random_control,ethyne,topology_matched_random_control__ethyne:rand_e_0000,ethyne:Eth_e_00,topology_matched_random_control__ethyne:Eth_00,topology_matched_random_control__ethyne:Eth_01,ethyne:Eth_00,ethyne:Eth_01,triple,3.0,sp_sp,linear_triple_bond_pi_pair,linear_sigma_axis,edge endpoints randomized with node and edge counts preserved,synthetic_control_only
carbon_skeleton_degree_control__adamantane,carbon_skeleton_degree_control,adamantane,carbon_skeleton_degree_control__adamantane:deg_e_0000,adamantane:Ada_e_00,carbon_skeleton_degree_control__adamantane:Ada_00,carbon_skeleton_degree_control__adamantane:Ada_06,adamantane:Ada_00,adamantane:Ada_04,single,1.0,sp3_sp3,none,diamondoid_sigma_cage,edge endpoints degree-preserving rewired where possible,synthetic_control_only
carbon_skeleton_degree_control__adamantane,carbon_skeleton_degree_control,adamantane,carbon_skeleton_degree_control__adamantane:deg_e_0001,adamantane:Ada_e_01,carbon_skeleton_degree_control__adamantane:Ada_00,carbon_skeleton_degree_control__adamantane:Ada_07,adamantane:Ada_01,adamantane:Ada_04,single,1.0,sp3_sp3,none,diamondoid_sigma_cage,edge endpoints degree-preserving rewired where possible,synthetic_control_only
carbon_skeleton_degree_control__adamantane,carbon_skeleton_degree_control,adamantane,carbon_skeleton_degree_control__adamantane:deg_e_0002,adamantane:Ada_e_02,carbon_skeleton_degree_control__adamantane:Ada_00,carbon_skeleton_degree_control__adamantane:Ada_09,adamantane:Ada_00,adamantane:Ada_05,single,1.0,sp3_sp3,none,diamondoid_sigma_cage,edge endpoints degree-preserving rewired where possible,synthetic_control_only
carbon_skeleton_degree_control__adamantane,carbon_skeleton_degree_control,adamantane,carbon_skeleton_degree_control__adamantane:deg_e_0003,adamantane:Ada_e_03,carbon_skeleton_degree_control__adamantane:Ada_01,carbon_skeleton_degree_control__adamantane:Ada_03,adamantane:Ada_02,adamantane:Ada_05,single,1.0,sp3_sp3,none,diamondoid_sigma_cage,edge endpoints degree-preserving rewired where possible,synthetic_control_only
carbon_skeleton_degree_control__adamantane,carbon_skeleton_degree_control,adamantane,carbon_skeleton_degree_control__adamantane:deg_e_0004,adamantane:Ada_e_04,carbon_skeleton_degree_control__adamantane:Ada_01,carbon_skeleton_degree_control__adamantane:Ada_05,adamantane:Ada_00,adamantane:Ada_06,single,1.0,sp3_sp3,none,diamondoid_sigma_cage,edge endpoints degree-preserving rewired where possible,synthetic_control_only
carbon_skeleton_degree_control__adamantane,carbon_skeleton_degree_control,adamantane,carbon_skeleton_degree_control__adamantane:deg_e_0005,adamantane:Ada_e_05,carbon_skeleton_degree_control__adamantane:Ada_01,carbon_skeleton_degree_control__adamantane:Ada_08,adamantane:Ada_03,adamantane:Ada_06,single,1.0,sp3_sp3,none,diamondoid_sigma_cage,edge endpoints degree-preserving rewired where possible,synthetic_control_only
carbon_skeleton_degree_control__adamantane,carbon_skeleton_degree_control,adamantane,carbon_skeleton_degree_control__adamantane:deg_e_0006,adamantane:Ada_e_06,carbon_skeleton_degree_control__adamantane:Ada_02,carbon_skeleton_degree_control__adamantane:Ada_05,adamantane:Ada_01,adamantane:Ada_07,single,1.0,sp3_sp3,none,diamondoid_sigma_cage,edge endpoints degree-preserving rewired where possible,synthetic_control_only
carbon_skeleton_degree_control__adamantane,carbon_skeleton_degree_control,adamantane,carbon_skeleton_degree_control__adamantane:deg_e_0007,adamantane:Ada_e_07,carbon_skeleton_degree_control__adamantane:Ada_02,carbon_skeleton_degree_control__adamantane:Ada_06,adamantane:Ada_02,adamantane:Ada_07,single,1.0,sp3_sp3,none,diamondoid_sigma_cage,edge endpoints degree-preserving rewired where possible,synthetic_control_only
carbon_skeleton_degree_control__adamantane,carbon_skeleton_degree_control,adamantane,carbon_skeleton_degree_control__adamantane:deg_e_0008,adamantane:Ada_e_08,carbon_skeleton_degree_control__adamantane:Ada_02,carbon_skeleton_degree_control__adamantane:Ada_08,adamantane:Ada_01,adamantane:Ada_08,single,1.0,sp3_sp3,none,diamondoid_sigma_cage,edge endpoints degree-preserving rewired where possible,synthetic_control_only
carbon_skeleton_degree_control__adamantane,carbon_skeleton_degree_control,adamantane,carbon_skeleton_degree_control__adamantane:deg_e_0009,adamantane:Ada_e_09,carbon_skeleton_degree_control__adamantane:Ada_03,carbon_skeleton_degree_control__adamantane:Ada_04,adamantane:Ada_03,adamantane:Ada_08,single,1.0,sp3_sp3,none,diamondoid_sigma_cage,edge endpoints degree-preserving rewired where possible,synthetic_control_only
carbon_skeleton_degree_control__adamantane,carbon_skeleton_degree_control,adamantane,carbon_skeleton_degree_control__adamantane:deg_e_0010,adamantane:Ada_e_10,carbon_skeleton_degree_control__adamantane:Ada_03,carbon_skeleton_degree_control__adamantane:Ada_09,adamantane:Ada_02,adamantane:Ada_09,single,1.0,sp3_sp3,none,diamondoid_sigma_cage,edge endpoints degree-preserving rewired where possible,synthetic_control_only
carbon_skeleton_degree_control__adamantane,carbon_skeleton_degree_control,adamantane,carbon_skeleton_degree_control__adamantane:deg_e_0011,adamantane:Ada_e_11,carbon_skeleton_degree_control__adamantane:Ada_04,carbon_skeleton_degree_control__adamantane:Ada_07,adamantane:Ada_03,adamantane:Ada_09,single,1.0,sp3_sp3,none,diamondoid_sigma_cage,edge endpoints degree-preserving rewired where possible,synthetic_control_only
carbon_skeleton_degree_control__benzene,carbon_skeleton_degree_control,benzene,carbon_skeleton_degree_control__benzene:deg_e_0000,benzene:Bz_e_00,carbon_skeleton_degree_control__benzene:Bz_00,carbon_skeleton_degree_control__benzene:Bz_03,benzene:Bz_00,benzene:Bz_01,aromatic,1.5,sp2_sp2,planar_aromatic_pi_ring,planar_ring_sigma_framework,edge endpoints degree-preserving rewired where possible,synthetic_control_only
carbon_skeleton_degree_control__benzene,carbon_skeleton_degree_control,benzene,carbon_skeleton_degree_control__benzene:deg_e_0001,benzene:Bz_e_01,carbon_skeleton_degree_control__benzene:Bz_00,carbon_skeleton_degree_control__benzene:Bz_05,benzene:Bz_01,benzene:Bz_02,aromatic,1.5,sp2_sp2,planar_aromatic_pi_ring,planar_ring_sigma_framework,edge endpoints degree-preserving rewired where possible,synthetic_control_only
carbon_skeleton_degree_control__benzene,carbon_skeleton_degree_control,benzene,carbon_skeleton_degree_control__benzene:deg_e_0002,benzene:Bz_e_02,carbon_skeleton_degree_control__benzene:Bz_01,carbon_skeleton_degree_control__benzene:Bz_03,benzene:Bz_02,benzene:Bz_03,aromatic,1.5,sp2_sp2,planar_aromatic_pi_ring,planar_ring_sigma_framework,edge endpoints degree-preserving rewired where possible,synthetic_control_only
carbon_skeleton_degree_control__benzene,carbon_skeleton_degree_control,benzene,carbon_skeleton_degree_control__benzene:deg_e_0003,benzene:Bz_e_03,carbon_skeleton_degree_control__benzene:Bz_01,carbon_skeleton_degree_control__benzene:Bz_04,benzene:Bz_03,benzene:Bz_04,aromatic,1.5,sp2_sp2,planar_aromatic_pi_ring,planar_ring_sigma_framework,edge endpoints degree-preserving rewired where possible,synthetic_control_only
carbon_skeleton_degree_control__benzene,carbon_skeleton_degree_control,benzene,carbon_skeleton_degree_control__benzene:deg_e_0004,benzene:Bz_e_04,carbon_skeleton_degree_control__benzene:Bz_02,carbon_skeleton_degree_control__benzene:Bz_04,benzene:Bz_04,benzene:Bz_05,aromatic,1.5,sp2_sp2,planar_aromatic_pi_ring,planar_ring_sigma_framework,edge endpoints degree-preserving rewired where possible,synthetic_control_only
carbon_skeleton_degree_control__benzene,carbon_skeleton_degree_control,benzene,carbon_skeleton_degree_control__benzene:deg_e_0005,benzene:Bz_e_05,carbon_skeleton_degree_control__benzene:Bz_02,carbon_skeleton_degree_control__benzene:Bz_05,benzene:Bz_05,benzene:Bz_00,aromatic,1.5,sp2_sp2,planar_aromatic_pi_ring,planar_ring_sigma_framework,edge endpoints degree-preserving rewired where possible,synthetic_control_only
carbon_skeleton_degree_control__c60,carbon_skeleton_degree_control,c60,carbon_skeleton_degree_control__c60:deg_e_0000,c60:C60_e_000,carbon_skeleton_degree_control__c60:C60_00,carbon_skeleton_degree_control__c60:C60_19,c60:C60_00,c60:C60_01,5_6,1.45,sp2_sp2,curved_fullerene_pi_network,curved_fullerene_sigma_cage,edge endpoints degree-preserving rewired where possible,synthetic_control_only
carbon_skeleton_degree_control__c60,carbon_skeleton_degree_control,c60,carbon_skeleton_degree_control__c60:deg_e_0001,c60:C60_e_001,carbon_skeleton_degree_control__c60:C60_00,carbon_skeleton_degree_control__c60:C60_23,c60:C60_00,c60:C60_02,5_6,1.45,sp2_sp2,curved_fullerene_pi_network,curved_fullerene_sigma_cage,edge endpoints degree-preserving rewired where possible,synthetic_control_only
carbon_skeleton_degree_control__c60,carbon_skeleton_degree_control,c60,carbon_skeleton_degree_control__c60:deg_e_0002,c60:C60_e_002,carbon_skeleton_degree_control__c60:C60_00,carbon_skeleton_degree_control__c60:C60_29,c60:C60_00,c60:C60_05,6_6,1.4,sp2_sp2,curved_fullerene_pi_network,curved_fullerene_sigma_cage,edge endpoints degree-preserving rewired where possible,synthetic_control_only
carbon_skeleton_degree_control__c60,carbon_skeleton_degree_control,c60,carbon_skeleton_degree_control__c60:deg_e_0003,c60:C60_e_003,carbon_skeleton_degree_control__c60:C60_01,carbon_skeleton_degree_control__c60:C60_04,c60:C60_01,c60:C60_04,5_6,1.45,sp2_sp2,curved_fullerene_pi_network,curved_fullerene_sigma_cage,edge endpoints degree-preserving rewired where possible,synthetic_control_only
carbon_skeleton_degree_control__c60,carbon_skeleton_degree_control,c60,carbon_skeleton_degree_control__c60:deg_e_0004,c60:C60_e_004,carbon_skeleton_degree_control__c60:C60_01,carbon_skeleton_degree_control__c60:C60_28,c60:C60_01,c60:C60_25,6_6,1.4,sp2_sp2,curved_fullerene_pi_network,curved_fullerene_sigma_cage,edge endpoints degree-preserving rewired where possible,synthetic_control_only
carbon_skeleton_degree_control__c60,carbon_skeleton_degree_control,c60,carbon_skeleton_degree_control__c60:deg_e_0005,c60:C60_e_005,carbon_skeleton_degree_control__c60:C60_01,carbon_skeleton_degree_control__c60:C60_52,c60:C60_02,c60:C60_03,5_6,1.45,sp2_sp2,curved_fullerene_pi_network,curved_fullerene_sigma_cage,edge endpoints degree-preserving rewired where possible,synthetic_control_only
carbon_skeleton_degree_control__c60,carbon_skeleton_degree_control,c60,carbon_skeleton_degree_control__c60:deg_e_0006,c60:C60_e_006,carbon_skeleton_degree_control__c60:C60_02,carbon_skeleton_degree_control__c60:C60_23,c60:C60_02,c60:C60_35,6_6,1.4,sp2_sp2,curved_fullerene_pi_network,curved_fullerene_sigma_cage,edge endpoints degree-preserving rewired where possible,synthetic_control_only
carbon_skeleton_degree_control__c60,carbon_skeleton_degree_control,c60,carbon_skeleton_degree_control__c60:deg_e_0007,c60:C60_e_007,carbon_skeleton_degree_control__c60:C60_02,carbon_skeleton_degree_control__c60:C60_33,c60:C60_03,c60:C60_04,5_6,1.45,sp2_sp2,curved_fullerene_pi_network,curved_fullerene_sigma_cage,edge endpoints degree-preserving rewired where possible,synthetic_control_only
carbon_skeleton_degree_control__c60,carbon_skeleton_degree_control,c60,carbon_skeleton_degree_control__c60:deg_e_0008,c60:C60_e_008,carbon_skeleton_degree_control__c60:C60_02,carbon_skeleton_degree_control__c60:C60_44,c60:C60_03,c60:C60_50,6_6,1.4,sp2_sp2,curved_fullerene_pi_network,curved_fullerene_sigma_cage,edge endpoints degree-preserving rewired where possible,synthetic_control_only
carbon_skeleton_degree_control__c60,carbon_skeleton_degree_control,c60,carbon_skeleton_degree_control__c60:deg_e_0009,c60:C60_e_009,carbon_skeleton_degree_control__c60:C60_03,carbon_skeleton_degree_control__c60:C60_08,c60:C60_04,c60:C60_55,6_6,1.4,sp2_sp2,curved_fullerene_pi_network,curved_fullerene_sigma_cage,edge endpoints degree-preserving rewired where possible,synthetic_control_only
carbon_skeleton_degree_control__c60,carbon_skeleton_degree_control,c60,carbon_skeleton_degree_control__c60:deg_e_0010,c60:C60_e_010,carbon_skeleton_degree_control__c60:C60_03,carbon_skeleton_degree_control__c60:C60_38,c60:C60_05,c60:C60_06,5_6,1.45,sp2_sp2,curved_fullerene_pi_network,curved_fullerene_sigma_cage,edge endpoints degree-preserving rewired where possible,synthetic_control_only
carbon_skeleton_degree_control__c60,carbon_skeleton_degree_control,c60,carbon_skeleton_degree_control__c60:deg_e_0011,c60:C60_e_011,carbon_skeleton_degree_control__c60:C60_03,carbon_skeleton_degree_control__c60:C60_41,c60:C60_05,c60:C60_07,5_6,1.45,sp2_sp2,curved_fullerene_pi_network,curved_fullerene_sigma_cage,edge endpoints degree-preserving rewired where possible,synthetic_control_only
carbon_skeleton_degree_control__c60,carbon_skeleton_degree_control,c60,carbon_skeleton_degree_control__c60:deg_e_0012,c60:C60_e_012,carbon_skeleton_degree_control__c60:C60_04,carbon_skeleton_degree_control__c60:C60_47,c60:C60_06,c60:C60_09,5_6,1.45,sp2_sp2,curved_fullerene_pi_network,curved_fullerene_sigma_cage,edge endpoints degree-preserving rewired where possible,synthetic_control_only
carbon_skeleton_degree_control__c60,carbon_skeleton_degree_control,c60,carbon_skeleton_degree_control__c60:deg_e_0013,c60:C60_e_013,carbon_skeleton_degree_control__c60:C60_04,carbon_skeleton_degree_control__c60:C60_49,c60:C60_06,c60:C60_26,6_6,1.4,sp2_sp2,curved_fullerene_pi_network,curved_fullerene_sigma_cage,edge endpoints degree-preserving rewired where possible,synthetic_control_only
carbon_skeleton_degree_control__c60,carbon_skeleton_degree_control,c60,carbon_skeleton_degree_control__c60:deg_e_0014,c60:C60_e_014,carbon_skeleton_degree_control__c60:C60_05,carbon_skeleton_degree_control__c60:C60_10,c60:C60_07,c60:C60_08,5_6,1.45,sp2_sp2,curved_fullerene_pi_network,curved_fullerene_sigma_cage,edge endpoints degree-preserving rewired where possible,synthetic_control_only
carbon_skeleton_degree_control__c60,carbon_skeleton_degree_control,c60,carbon_skeleton_degree_control__c60:deg_e_0015,c60:C60_e_015,carbon_skeleton_degree_control__c60:C60_05,carbon_skeleton_degree_control__c60:C60_21,c60:C60_07,c60:C60_36,6_6,1.4,sp2_sp2,curved_fullerene_pi_network,curved_fullerene_sigma_cage,edge endpoints degree-preserving rewired where possible,synthetic_control_only
carbon_skeleton_degree_control__c60,carbon_skeleton_degree_control,c60,carbon_skeleton_degree_control__c60:deg_e_0016,c60:C60_e_016,carbon_skeleton_degree_control__c60:C60_05,carbon_skeleton_degree_control__c60:C60_34,c60:C60_08,c60:C60_09,5_6,1.45,sp2_sp2,curved_fullerene_pi_network,curved_fullerene_sigma_cage,edge endpoints degree-preserving rewired where possible,synthetic_control_only
carbon_skeleton_degree_control__c60,carbon_skeleton_degree_control,c60,carbon_skeleton_degree_control__c60:deg_e_0017,c60:C60_e_017,carbon_skeleton_degree_control__c60:C60_06,carbon_skeleton_degree_control__c60:C60_21,c60:C60_08,c60:C60_40,6_6,1.4,sp2_sp2,curved_fullerene_pi_network,curved_fullerene_sigma_cage,edge endpoints degree-preserving rewired where possible,synthetic_control_only
carbon_skeleton_degree_control__c60,carbon_skeleton_degree_control,c60,carbon_skeleton_degree_control__c60:deg_e_0018,c60:C60_e_018,carbon_skeleton_degree_control__c60:C60_06,carbon_skeleton_degree_control__c60:C60_42,c60:C60_09,c60:C60_45,6_6,1.4,sp2_sp2,curved_fullerene_pi_network,curved_fullerene_sigma_cage,edge endpoints degree-preserving rewired where possible,synthetic_control_only
carbon_skeleton_degree_control__c60,carbon_skeleton_degree_control,c60,carbon_skeleton_degree_control__c60:deg_e_0019,c60:C60_e_019,carbon_skeleton_degree_control__c60:C60_06,carbon_skeleton_degree_control__c60:C60_55,c60:C60_10,c60:C60_11,5_6,1.45,sp2_sp2,curved_fullerene_pi_network,curved_fullerene_sigma_cage,edge endpoints degree-preserving rewired where possible,synthetic_control_only
carbon_skeleton_degree_control__c60,carbon_skeleton_degree_control,c60,carbon_skeleton_degree_control__c60:deg_e_0020,c60:C60_e_020,carbon_skeleton_degree_control__c60:C60_07,carbon_skeleton_degree_control__c60:C60_40,c60:C60_10,c60:C60_12,5_6,1.45,sp2_sp2,curved_fullerene_pi_network,curved_fullerene_sigma_cage,edge endpoints degree-preserving rewired where possible,synthetic_control_only
carbon_skeleton_degree_control__c60,carbon_skeleton_degree_control,c60,carbon_skeleton_degree_control__c60:deg_e_0021,c60:C60_e_021,carbon_skeleton_degree_control__c60:C60_07,carbon_skeleton_degree_control__c60:C60_41,c60:C60_10,c60:C60_15,6_6,1.4,sp2_sp2,curved_fullerene_pi_network,curved_fullerene_sigma_cage,edge endpoints degree-preserving rewired where possible,synthetic_control_only
carbon_skeleton_degree_control__c60,carbon_skeleton_degree_control,c60,carbon_skeleton_degree_control__c60:deg_e_0022,c60:C60_e_022,carbon_skeleton_degree_control__c60:C60_07,carbon_skeleton_degree_control__c60:C60_56,c60:C60_11,c60:C60_14,5_6,1.45,sp2_sp2,curved_fullerene_pi_network,curved_fullerene_sigma_cage,edge endpoints degree-preserving rewired where possible,synthetic_control_only
carbon_skeleton_degree_control__c60,carbon_skeleton_degree_control,c60,carbon_skeleton_degree_control__c60:deg_e_0023,c60:C60_e_023,carbon_skeleton_degree_control__c60:C60_08,carbon_skeleton_degree_control__c60:C60_16,c60:C60_11,c60:C60_20,6_6,1.4,sp2_sp2,curved_fullerene_pi_network,curved_fullerene_sigma_cage,edge endpoints degree-preserving rewired where possible,synthetic_control_only
carbon_skeleton_degree_control__c60,carbon_skeleton_degree_control,c60,carbon_skeleton_degree_control__c60:deg_e_0024,c60:C60_e_024,carbon_skeleton_degree_control__c60:C60_08,carbon_skeleton_degree_control__c60:C60_30,c60:C60_12,c60:C60_13,5_6,1.45,sp2_sp2,curved_fullerene_pi_network,curved_fullerene_sigma_cage,edge endpoints degree-preserving rewired where possible,synthetic_control_only
carbon_skeleton_degree_control__c60,carbon_skeleton_degree_control,c60,carbon_skeleton_degree_control__c60:deg_e_0025,c60:C60_e_025,carbon_skeleton_degree_control__c60:C60_09,carbon_skeleton_degree_control__c60:C60_25,c60:C60_12,c60:C60_30,6_6,1.4,sp2_sp2,curved_fullerene_pi_network,curved_fullerene_sigma_cage,edge endpoints degree-preserving rewired where possible,synthetic_control_only
carbon_skeleton_degree_control__c60,carbon_skeleton_degree_control,c60,carbon_skeleton_degree_control__c60:deg_e_0026,c60:C60_e_026,carbon_skeleton_degree_control__c60:C60_09,carbon_skeleton_degree_control__c60:C60_39,c60:C60_13,c60:C60_14,5_6,1.45,sp2_sp2,curved_fullerene_pi_network,curved_fullerene_sigma_cage,edge endpoints degree-preserving rewired where possible,synthetic_control_only
carbon_skeleton_degree_control__c60,carbon_skeleton_degree_control,c60,carbon_skeleton_degree_control__c60:deg_e_0027,c60:C60_e_027,carbon_skeleton_degree_control__c60:C60_09,carbon_skeleton_degree_control__c60:C60_56,c60:C60_13,c60:C60_51,6_6,1.4,sp2_sp2,curved_fullerene_pi_network,curved_fullerene_sigma_cage,edge endpoints degree-preserving rewired where possible,synthetic_control_only
carbon_skeleton_degree_control__c60,carbon_skeleton_degree_control,c60,carbon_skeleton_degree_control__c60:deg_e_0028,c60:C60_e_028,carbon_skeleton_degree_control__c60:C60_10,carbon_skeleton_degree_control__c60:C60_11,c60:C60_14,c60:C60_56,6_6,1.4,sp2_sp2,curved_fullerene_pi_network,curved_fullerene_sigma_cage,edge endpoints degree-preserving rewired where possible,synthetic_control_only
carbon_skeleton_degree_control__c60,carbon_skeleton_degree_control,c60,carbon_skeleton_degree_control__c60:deg_e_0029,c60:C60_e_029,carbon_skeleton_degree_control__c60:C60_10,carbon_skeleton_degree_control__c60:C60_12,c60:C60_15,c60:C60_16,5_6,1.45,sp2_sp2,curved_fullerene_pi_network,curved_fullerene_sigma_cage,edge endpoints degree-preserving rewired where possible,synthetic_control_only
carbon_skeleton_degree_control__c60,carbon_skeleton_degree_control,c60,carbon_skeleton_degree_control__c60:deg_e_0030,c60:C60_e_030,carbon_skeleton_degree_control__c60:C60_11,carbon_skeleton_degree_control__c60:C60_12,c60:C60_15,c60:C60_17,5_6,1.45,sp2_sp2,curved_fullerene_pi_network,curved_fullerene_sigma_cage,edge endpoints degree-preserving rewired where possible,synthetic_control_only
carbon_skeleton_degree_control__c60,carbon_skeleton_degree_control,c60,carbon_skeleton_degree_control__c60:deg_e_0031,c60:C60_e_031,carbon_skeleton_degree_control__c60:C60_11,carbon_skeleton_degree_control__c60:C60_19,c60:C60_16,c60:C60_19,5_6,1.45,sp2_sp2,curved_fullerene_pi_network,curved_fullerene_sigma_cage,edge endpoints degree-preserving rewired where possible,synthetic_control_only
carbon_skeleton_degree_control__c60,carbon_skeleton_degree_control,c60,carbon_skeleton_degree_control__c60:deg_e_0032,c60:C60_e_032,carbon_skeleton_degree_control__c60:C60_12,carbon_skeleton_degree_control__c60:C60_32,c60:C60_16,c60:C60_21,6_6,1.4,sp2_sp2,curved_fullerene_pi_network,curved_fullerene_sigma_cage,edge endpoints degree-preserving rewired where possible,synthetic_control_only
carbon_skeleton_degree_control__c60,carbon_skeleton_degree_control,c60,carbon_skeleton_degree_control__c60:deg_e_0033,c60:C60_e_033,carbon_skeleton_degree_control__c60:C60_13,carbon_skeleton_degree_control__c60:C60_25,c60:C60_17,c60:C60_18,5_6,1.45,sp2_sp2,curved_fullerene_pi_network,curved_fullerene_sigma_cage,edge endpoints degree-preserving rewired where possible,synthetic_control_only
carbon_skeleton_degree_control__c60,carbon_skeleton_degree_control,c60,carbon_skeleton_degree_control__c60:deg_e_0034,c60:C60_e_034,carbon_skeleton_degree_control__c60:C60_13,carbon_skeleton_degree_control__c60:C60_53,c60:C60_17,c60:C60_31,6_6,1.4,sp2_sp2,curved_fullerene_pi_network,curved_fullerene_sigma_cage,edge endpoints degree-preserving rewired where possible,synthetic_control_only
carbon_skeleton_degree_control__c60,carbon_skeleton_degree_control,c60,carbon_skeleton_degree_control__c60:deg_e_0035,c60:C60_e_035,carbon_skeleton_degree_control__c60:C60_13,carbon_skeleton_degree_control__c60:C60_55,c60:C60_18,c60:C60_19,5_6,1.45,sp2_sp2,curved_fullerene_pi_network,curved_fullerene_sigma_cage,edge endpoints degree-preserving rewired where possible,synthetic_control_only
carbon_skeleton_degree_control__c60,carbon_skeleton_degree_control,c60,carbon_skeleton_degree_control__c60:deg_e_0036,c60:C60_e_036,carbon_skeleton_degree_control__c60:C60_14,carbon_skeleton_degree_control__c60:C60_36,c60:C60_18,c60:C60_41,6_6,1.4,sp2_sp2,curved_fullerene_pi_network,curved_fullerene_sigma_cage,edge endpoints degree-preserving rewired where possible,synthetic_control_only
carbon_skeleton_degree_control__c60,carbon_skeleton_degree_control,c60,carbon_skeleton_degree_control__c60:deg_e_0037,c60:C60_e_037,carbon_skeleton_degree_control__c60:C60_14,carbon_skeleton_degree_control__c60:C60_50,c60:C60_19,c60:C60_46,6_6,1.4,sp2_sp2,curved_fullerene_pi_network,curved_fullerene_sigma_cage,edge endpoints degree-preserving rewired where possible,synthetic_control_only
carbon_skeleton_degree_control__c60,carbon_skeleton_degree_control,c60,carbon_skeleton_degree_control__c60:deg_e_0038,c60:C60_e_038,carbon_skeleton_degree_control__c60:C60_14,carbon_skeleton_degree_control__c60:C60_52,c60:C60_20,c60:C60_21,5_6,1.45,sp2_sp2,curved_fullerene_pi_network,curved_fullerene_sigma_cage,edge endpoints degree-preserving rewired where possible,synthetic_control_only
carbon_skeleton_degree_control__c60,carbon_skeleton_degree_control,c60,carbon_skeleton_degree_control__c60:deg_e_0039,c60:C60_e_039,carbon_skeleton_degree_control__c60:C60_15,carbon_skeleton_degree_control__c60:C60_31,c60:C60_20,c60:C60_24,5_6,1.45,sp2_sp2,curved_fullerene_pi_network,curved_fullerene_sigma_cage,edge endpoints degree-preserving rewired where possible,synthetic_control_only
carbon_skeleton_degree_control__c60,carbon_skeleton_degree_control,c60,carbon_skeleton_degree_control__c60:deg_e_0040,c60:C60_e_040,carbon_skeleton_degree_control__c60:C60_15,carbon_skeleton_degree_control__c60:C60_48,c60:C60_21,c60:C60_23,5_6,1.45,sp2_sp2,curved_fullerene_pi_network,curved_fullerene_sigma_cage,edge endpoints degree-preserving rewired where possible,synthetic_control_only
carbon_skeleton_degree_control__c60,carbon_skeleton_degree_control,c60,carbon_skeleton_degree_control__c60:deg_e_0041,c60:C60_e_041,carbon_skeleton_degree_control__c60:C60_15,carbon_skeleton_degree_control__c60:C60_58,c60:C60_22,c60:C60_23,5_6,1.45,sp2_sp2,curved_fullerene_pi_network,curved_fullerene_sigma_cage,edge endpoints degree-preserving rewired where possible,synthetic_control_only
carbon_skeleton_degree_control__c60,carbon_skeleton_degree_control,c60,carbon_skeleton_degree_control__c60:deg_e_0042,c60:C60_e_042,carbon_skeleton_degree_control__c60:C60_16,carbon_skeleton_degree_control__c60:C60_28,c60:C60_22,c60:C60_24,5_6,1.45,sp2_sp2,curved_fullerene_pi_network,curved_fullerene_sigma_cage,edge endpoints degree-preserving rewired where possible,synthetic_control_only
carbon_skeleton_degree_control__c60,carbon_skeleton_degree_control,c60,carbon_skeleton_degree_control__c60:deg_e_0043,c60:C60_e_043,carbon_skeleton_degree_control__c60:C60_16,carbon_skeleton_degree_control__c60:C60_30,c60:C60_22,c60:C60_27,6_6,1.4,sp2_sp2,curved_fullerene_pi_network,curved_fullerene_sigma_cage,edge endpoints degree-preserving rewired where possible,synthetic_control_only
carbon_skeleton_degree_control__c60,carbon_skeleton_degree_control,c60,carbon_skeleton_degree_control__c60:deg_e_0044,c60:C60_e_044,carbon_skeleton_degree_control__c60:C60_17,carbon_skeleton_degree_control__c60:C60_45,c60:C60_23,c60:C60_47,6_6,1.4,sp2_sp2,curved_fullerene_pi_network,curved_fullerene_sigma_cage,edge endpoints degree-preserving rewired where possible,synthetic_control_only
carbon_skeleton_degree_control__c60,carbon_skeleton_degree_control,c60,carbon_skeleton_degree_control__c60:deg_e_0045,c60:C60_e_045,carbon_skeleton_degree_control__c60:C60_17,carbon_skeleton_degree_control__c60:C60_47,c60:C60_24,c60:C60_57,6_6,1.4,sp2_sp2,curved_fullerene_pi_network,curved_fullerene_sigma_cage,edge endpoints degree-preserving rewired where possible,synthetic_control_only
carbon_skeleton_degree_control__c60,carbon_skeleton_degree_control,c60,carbon_skeleton_degree_control__c60:deg_e_0046,c60:C60_e_046,carbon_skeleton_degree_control__c60:C60_17,carbon_skeleton_degree_control__c60:C60_48,c60:C60_25,c60:C60_26,5_6,1.45,sp2_sp2,curved_fullerene_pi_network,curved_fullerene_sigma_cage,edge endpoints degree-preserving rewired where possible,synthetic_control_only
carbon_skeleton_degree_control__c60,carbon_skeleton_degree_control,c60,carbon_skeleton_degree_control__c60:deg_e_0047,c60:C60_e_047,carbon_skeleton_degree_control__c60:C60_18,carbon_skeleton_degree_control__c60:C60_31,c60:C60_25,c60:C60_29,5_6,1.45,sp2_sp2,curved_fullerene_pi_network,curved_fullerene_sigma_cage,edge endpoints degree-preserving rewired where possible,synthetic_control_only
carbon_skeleton_degree_control__c60,carbon_skeleton_degree_control,c60,carbon_skeleton_degree_control__c60:deg_e_0048,c60:C60_e_048,carbon_skeleton_degree_control__c60:C60_18,carbon_skeleton_degree_control__c60:C60_36,c60:C60_26,c60:C60_28,5_6,1.45,sp2_sp2,curved_fullerene_pi_network,curved_fullerene_sigma_cage,edge endpoints degree-preserving rewired where possible,synthetic_control_only
carbon_skeleton_degree_control__c60,carbon_skeleton_degree_control,c60,carbon_skeleton_degree_control__c60:deg_e_0049,c60:C60_e_049,carbon_skeleton_degree_control__c60:C60_18,carbon_skeleton_degree_control__c60:C60_59,c60:C60_27,c60:C60_28,5_6,1.45,sp2_sp2,curved_fullerene_pi_network,curved_fullerene_sigma_cage,edge endpoints degree-preserving rewired where possible,synthetic_control_only
carbon_skeleton_degree_control__c60,carbon_skeleton_degree_control,c60,carbon_skeleton_degree_control__c60:deg_e_0050,c60:C60_e_050,carbon_skeleton_degree_control__c60:C60_19,carbon_skeleton_degree_control__c60:C60_49,c60:C60_27,c60:C60_29,5_6,1.45,sp2_sp2,curved_fullerene_pi_network,curved_fullerene_sigma_cage,edge endpoints degree-preserving rewired where possible,synthetic_control_only
carbon_skeleton_degree_control__c60,carbon_skeleton_degree_control,c60,carbon_skeleton_degree_control__c60:deg_e_0051,c60:C60_e_051,carbon_skeleton_degree_control__c60:C60_20,carbon_skeleton_degree_control__c60:C60_24,c60:C60_28,c60:C60_48,6_6,1.4,sp2_sp2,curved_fullerene_pi_network,curved_fullerene_sigma_cage,edge endpoints degree-preserving rewired where possible,synthetic_control_only
carbon_skeleton_degree_control__c60,carbon_skeleton_degree_control,c60,carbon_skeleton_degree_control__c60:deg_e_0052,c60:C60_e_052,carbon_skeleton_degree_control__c60:C60_20,carbon_skeleton_degree_control__c60:C60_51,c60:C60_29,c60:C60_58,6_6,1.4,sp2_sp2,curved_fullerene_pi_network,curved_fullerene_sigma_cage,edge endpoints degree-preserving rewired where possible,synthetic_control_only
carbon_skeleton_degree_control__c60,carbon_skeleton_degree_control,c60,carbon_skeleton_degree_control__c60:deg_e_0053,c60:C60_e_053,carbon_skeleton_degree_control__c60:C60_20,carbon_skeleton_degree_control__c60:C60_59,c60:C60_30,c60:C60_31,5_6,1.45,sp2_sp2,curved_fullerene_pi_network,curved_fullerene_sigma_cage,edge endpoints degree-preserving rewired where possible,synthetic_control_only
carbon_skeleton_degree_control__c60,carbon_skeleton_degree_control,c60,carbon_skeleton_degree_control__c60:deg_e_0054,c60:C60_e_054,carbon_skeleton_degree_control__c60:C60_21,carbon_skeleton_degree_control__c60:C60_47,c60:C60_30,c60:C60_34,5_6,1.45,sp2_sp2,curved_fullerene_pi_network,curved_fullerene_sigma_cage,edge endpoints degree-preserving rewired where possible,synthetic_control_only
carbon_skeleton_degree_control__c60,carbon_skeleton_degree_control,c60,carbon_skeleton_degree_control__c60:deg_e_0055,c60:C60_e_055,carbon_skeleton_degree_control__c60:C60_22,carbon_skeleton_degree_control__c60:C60_23,c60:C60_31,c60:C60_33,5_6,1.45,sp2_sp2,curved_fullerene_pi_network,curved_fullerene_sigma_cage,edge endpoints degree-preserving rewired where possible,synthetic_control_only
carbon_skeleton_degree_control__c60,carbon_skeleton_degree_control,c60,carbon_skeleton_degree_control__c60:deg_e_0056,c60:C60_e_056,carbon_skeleton_degree_control__c60:C60_22,carbon_skeleton_degree_control__c60:C60_27,c60:C60_32,c60:C60_33,5_6,1.45,sp2_sp2,curved_fullerene_pi_network,curved_fullerene_sigma_cage,edge endpoints degree-preserving rewired where possible,synthetic_control_only
carbon_skeleton_degree_control__c60,carbon_skeleton_degree_control,c60,carbon_skeleton_degree_control__c60:deg_e_0057,c60:C60_e_057,carbon_skeleton_degree_control__c60:C60_22,carbon_skeleton_degree_control__c60:C60_54,c60:C60_32,c60:C60_34,5_6,1.45,sp2_sp2,curved_fullerene_pi_network,curved_fullerene_sigma_cage,edge endpoints degree-preserving rewired where possible,synthetic_control_only
carbon_skeleton_degree_control__c60,carbon_skeleton_degree_control,c60,carbon_skeleton_degree_control__c60:deg_e_0058,c60:C60_e_058,carbon_skeleton_degree_control__c60:C60_24,carbon_skeleton_degree_control__c60:C60_27,c60:C60_32,c60:C60_37,6_6,1.4,sp2_sp2,curved_fullerene_pi_network,curved_fullerene_sigma_cage,edge endpoints degree-preserving rewired where possible,synthetic_control_only
carbon_skeleton_degree_control__c60,carbon_skeleton_degree_control,c60,carbon_skeleton_degree_control__c60:deg_e_0059,c60:C60_e_059,carbon_skeleton_degree_control__c60:C60_24,carbon_skeleton_degree_control__c60:C60_48,c60:C60_33,c60:C60_42,6_6,1.4,sp2_sp2,curved_fullerene_pi_network,curved_fullerene_sigma_cage,edge endpoints degree-preserving rewired where possible,synthetic_control_only
carbon_skeleton_degree_control__c60,carbon_skeleton_degree_control,c60,carbon_skeleton_degree_control__c60:deg_e_0060,c60:C60_e_060,carbon_skeleton_degree_control__c60:C60_25,carbon_skeleton_degree_control__c60:C60_39,c60:C60_34,c60:C60_52,6_6,1.4,sp2_sp2,curved_fullerene_pi_network,curved_fullerene_sigma_cage,edge endpoints degree-preserving rewired where possible,synthetic_control_only
carbon_skeleton_degree_control__c60,carbon_skeleton_degree_control,c60,carbon_skeleton_degree_control__c60:deg_e_0061,c60:C60_e_061,carbon_skeleton_degree_control__c60:C60_26,carbon_skeleton_degree_control__c60:C60_42,c60:C60_35,c60:C60_36,5_6,1.45,sp2_sp2,curved_fullerene_pi_network,curved_fullerene_sigma_cage,edge endpoints degree-preserving rewired where possible,synthetic_control_only
carbon_skeleton_degree_control__c60,carbon_skeleton_degree_control,c60,carbon_skeleton_degree_control__c60:deg_e_0062,c60:C60_e_062,carbon_skeleton_degree_control__c60:C60_26,carbon_skeleton_degree_control__c60:C60_54,c60:C60_35,c60:C60_39,5_6,1.45,sp2_sp2,curved_fullerene_pi_network,curved_fullerene_sigma_cage,edge endpoints degree-preserving rewired where possible,synthetic_control_only
carbon_skeleton_degree_control__c60,carbon_skeleton_degree_control,c60,carbon_skeleton_degree_control__c60:deg_e_0063,c60:C60_e_063,carbon_skeleton_degree_control__c60:C60_26,carbon_skeleton_degree_control__c60:C60_57,c60:C60_36,c60:C60_38,5_6,1.45,sp2_sp2,curved_fullerene_pi_network,curved_fullerene_sigma_cage,edge endpoints degree-preserving rewired where possible,synthetic_control_only
carbon_skeleton_degree_control__c60,carbon_skeleton_degree_control,c60,carbon_skeleton_degree_control__c60:deg_e_0064,c60:C60_e_064,carbon_skeleton_degree_control__c60:C60_27,carbon_skeleton_degree_control__c60:C60_58,c60:C60_37,c60:C60_38,5_6,1.45,sp2_sp2,curved_fullerene_pi_network,curved_fullerene_sigma_cage,edge endpoints degree-preserving rewired where possible,synthetic_control_only
carbon_skeleton_degree_control__c60,carbon_skeleton_degree_control,c60,carbon_skeleton_degree_control__c60:deg_e_0065,c60:C60_e_065,carbon_skeleton_degree_control__c60:C60_28,carbon_skeleton_degree_control__c60:C60_32,c60:C60_37,c60:C60_39,5_6,1.45,sp2_sp2,curved_fullerene_pi_network,curved_fullerene_sigma_cage,edge endpoints degree-preserving rewired where possible,synthetic_control_only
carbon_skeleton_degree_control__c60,carbon_skeleton_degree_control,c60,carbon_skeleton_degree_control__c60:deg_e_0066,c60:C60_e_066,carbon_skeleton_degree_control__c60:C60_29,carbon_skeleton_degree_control__c60:C60_32,c60:C60_38,c60:C60_43,6_6,1.4,sp2_sp2,curved_fullerene_pi_network,curved_fullerene_sigma_cage,edge endpoints degree-preserving rewired where possible,synthetic_control_only
carbon_skeleton_degree_control__c60,carbon_skeleton_degree_control,c60,carbon_skeleton_degree_control__c60:deg_e_0067,c60:C60_e_067,carbon_skeleton_degree_control__c60:C60_29,carbon_skeleton_degree_control__c60:C60_36,c60:C60_39,c60:C60_53,6_6,1.4,sp2_sp2,curved_fullerene_pi_network,curved_fullerene_sigma_cage,edge endpoints degree-preserving rewired where possible,synthetic_control_only
carbon_skeleton_degree_control__c60,carbon_skeleton_degree_control,c60,carbon_skeleton_degree_control__c60:deg_e_0068,c60:C60_e_068,carbon_skeleton_degree_control__c60:C60_30,carbon_skeleton_degree_control__c60:C60_56,c60:C60_40,c60:C60_43,5_6,1.45,sp2_sp2,curved_fullerene_pi_network,curved_fullerene_sigma_cage,edge endpoints degree-preserving rewired where possible,synthetic_control_only
carbon_skeleton_degree_control__c60,carbon_skeleton_degree_control,c60,carbon_skeleton_degree_control__c60:deg_e_0069,c60:C60_e_069,carbon_skeleton_degree_control__c60:C60_31,carbon_skeleton_degree_control__c60:C60_43,c60:C60_40,c60:C60_44,5_6,1.45,sp2_sp2,curved_fullerene_pi_network,curved_fullerene_sigma_cage,edge endpoints degree-preserving rewired where possible,synthetic_control_only
carbon_skeleton_degree_control__c60,carbon_skeleton_degree_control,c60,carbon_skeleton_degree_control__c60:deg_e_0070,c60:C60_e_070,carbon_skeleton_degree_control__c60:C60_33,carbon_skeleton_degree_control__c60:C60_53,c60:C60_41,c60:C60_42,5_6,1.45,sp2_sp2,curved_fullerene_pi_network,curved_fullerene_sigma_cage,edge endpoints degree-preserving rewired where possible,synthetic_control_only
carbon_skeleton_degree_control__c60,carbon_skeleton_degree_control,c60,carbon_skeleton_degree_control__c60:deg_e_0071,c60:C60_e_071,carbon_skeleton_degree_control__c60:C60_33,carbon_skeleton_degree_control__c60:C60_54,c60:C60_41,c60:C60_44,5_6,1.45,sp2_sp2,curved_fullerene_pi_network,curved_fullerene_sigma_cage,edge endpoints degree-preserving rewired where possible,synthetic_control_only
carbon_skeleton_degree_control__c60,carbon_skeleton_degree_control,c60,carbon_skeleton_degree_control__c60:deg_e_0072,c60:C60_e_072,carbon_skeleton_degree_control__c60:C60_34,carbon_skeleton_degree_control__c60:C60_35,c60:C60_42,c60:C60_43,5_6,1.45,sp2_sp2,curved_fullerene_pi_network,curved_fullerene_sigma_cage,edge endpoints degree-preserving rewired where possible,synthetic_control_only
carbon_skeleton_degree_control__c60,carbon_skeleton_degree_control,c60,carbon_skeleton_degree_control__c60:deg_e_0073,c60:C60_e_073,carbon_skeleton_degree_control__c60:C60_34,carbon_skeleton_degree_control__c60:C60_37,c60:C60_44,c60:C60_49,6_6,1.4,sp2_sp2,curved_fullerene_pi_network,curved_fullerene_sigma_cage,edge endpoints degree-preserving rewired where possible,synthetic_control_only
carbon_skeleton_degree_control__c60,carbon_skeleton_degree_control,c60,carbon_skeleton_degree_control__c60:deg_e_0074,c60:C60_e_074,carbon_skeleton_degree_control__c60:C60_35,carbon_skeleton_degree_control__c60:C60_40,c60:C60_45,c60:C60_48,5_6,1.45,sp2_sp2,curved_fullerene_pi_network,curved_fullerene_sigma_cage,edge endpoints degree-preserving rewired where possible,synthetic_control_only
carbon_skeleton_degree_control__c60,carbon_skeleton_degree_control,c60,carbon_skeleton_degree_control__c60:deg_e_0075,c60:C60_e_075,carbon_skeleton_degree_control__c60:C60_35,carbon_skeleton_degree_control__c60:C60_46,c60:C60_45,c60:C60_49,5_6,1.45,sp2_sp2,curved_fullerene_pi_network,curved_fullerene_sigma_cage,edge endpoints degree-preserving rewired where possible,synthetic_control_only
carbon_skeleton_degree_control__c60,carbon_skeleton_degree_control,c60,carbon_skeleton_degree_control__c60:deg_e_0076,c60:C60_e_076,carbon_skeleton_degree_control__c60:C60_37,carbon_skeleton_degree_control__c60:C60_40,c60:C60_46,c60:C60_47,5_6,1.45,sp2_sp2,curved_fullerene_pi_network,curved_fullerene_sigma_cage,edge endpoints degree-preserving rewired where possible,synthetic_control_only
carbon_skeleton_degree_control__c60,carbon_skeleton_degree_control,c60,carbon_skeleton_degree_control__c60:deg_e_0077,c60:C60_e_077,carbon_skeleton_degree_control__c60:C60_37,carbon_skeleton_degree_control__c60:C60_57,c60:C60_46,c60:C60_49,5_6,1.45,sp2_sp2,curved_fullerene_pi_network,curved_fullerene_sigma_cage,edge endpoints degree-preserving rewired where possible,synthetic_control_only
carbon_skeleton_degree_control__c60,carbon_skeleton_degree_control,c60,carbon_skeleton_degree_control__c60:deg_e_0078,c60:C60_e_078,carbon_skeleton_degree_control__c60:C60_38,carbon_skeleton_degree_control__c60:C60_39,c60:C60_47,c60:C60_48,5_6,1.45,sp2_sp2,curved_fullerene_pi_network,curved_fullerene_sigma_cage,edge endpoints degree-preserving rewired where possible,synthetic_control_only
carbon_skeleton_degree_control__c60,carbon_skeleton_degree_control,c60,carbon_skeleton_degree_control__c60:deg_e_0079,c60:C60_e_079,carbon_skeleton_degree_control__c60:C60_38,carbon_skeleton_degree_control__c60:C60_44,c60:C60_50,c60:C60_53,5_6,1.45,sp2_sp2,curved_fullerene_pi_network,curved_fullerene_sigma_cage,edge endpoints degree-preserving rewired where possible,synthetic_control_only
carbon_skeleton_degree_control__c60,carbon_skeleton_degree_control,c60,carbon_skeleton_degree_control__c60:deg_e_0080,c60:C60_e_080,carbon_skeleton_degree_control__c60:C60_41,carbon_skeleton_degree_control__c60:C60_49,c60:C60_50,c60:C60_54,5_6,1.45,sp2_sp2,curved_fullerene_pi_network,curved_fullerene_sigma_cage,edge endpoints degree-preserving rewired where possible,synthetic_control_only
carbon_skeleton_degree_control__c60,carbon_skeleton_degree_control,c60,carbon_skeleton_degree_control__c60:deg_e_0081,c60:C60_e_081,carbon_skeleton_degree_control__c60:C60_42,carbon_skeleton_degree_control__c60:C60_55,c60:C60_51,c60:C60_52,5_6,1.45,sp2_sp2,curved_fullerene_pi_network,curved_fullerene_sigma_cage,edge endpoints degree-preserving rewired where possible,synthetic_control_only
carbon_skeleton_degree_control__c60,carbon_skeleton_degree_control,c60,carbon_skeleton_degree_control__c60:deg_e_0082,c60:C60_e_082,carbon_skeleton_degree_control__c60:C60_43,carbon_skeleton_degree_control__c60:C60_45,c60:C60_51,c60:C60_54,5_6,1.45,sp2_sp2,curved_fullerene_pi_network,curved_fullerene_sigma_cage,edge endpoints degree-preserving rewired where possible,synthetic_control_only
carbon_skeleton_degree_control__c60,carbon_skeleton_degree_control,c60,carbon_skeleton_degree_control__c60:deg_e_0083,c60:C60_e_083,carbon_skeleton_degree_control__c60:C60_43,carbon_skeleton_degree_control__c60:C60_51,c60:C60_52,c60:C60_53,5_6,1.45,sp2_sp2,curved_fullerene_pi_network,curved_fullerene_sigma_cage,edge endpoints degree-preserving rewired where possible,synthetic_control_only
carbon_skeleton_degree_control__c60,carbon_skeleton_degree_control,c60,carbon_skeleton_degree_control__c60:deg_e_0084,c60:C60_e_084,carbon_skeleton_degree_control__c60:C60_44,carbon_skeleton_degree_control__c60:C60_46,c60:C60_54,c60:C60_59,6_6,1.4,sp2_sp2,curved_fullerene_pi_network,curved_fullerene_sigma_cage,edge endpoints degree-preserving rewired where possible,synthetic_control_only
carbon_skeleton_degree_control__c60,carbon_skeleton_degree_control,c60,carbon_skeleton_degree_control__c60:deg_e_0085,c60:C60_e_085,carbon_skeleton_degree_control__c60:C60_45,carbon_skeleton_degree_control__c60:C60_57,c60:C60_55,c60:C60_58,5_6,1.45,sp2_sp2,curved_fullerene_pi_network,curved_fullerene_sigma_cage,edge endpoints degree-preserving rewired where possible,synthetic_control_only
carbon_skeleton_degree_control__c60,carbon_skeleton_degree_control,c60,carbon_skeleton_degree_control__c60:deg_e_0086,c60:C60_e_086,carbon_skeleton_degree_control__c60:C60_46,carbon_skeleton_degree_control__c60:C60_53,c60:C60_55,c60:C60_59,5_6,1.45,sp2_sp2,curved_fullerene_pi_network,curved_fullerene_sigma_cage,edge endpoints degree-preserving rewired where possible,synthetic_control_only
carbon_skeleton_degree_control__c60,carbon_skeleton_degree_control,c60,carbon_skeleton_degree_control__c60:deg_e_0087,c60:C60_e_087,carbon_skeleton_degree_control__c60:C60_50,carbon_skeleton_degree_control__c60:C60_51,c60:C60_56,c60:C60_57,5_6,1.45,sp2_sp2,curved_fullerene_pi_network,curved_fullerene_sigma_cage,edge endpoints degree-preserving rewired where possible,synthetic_control_only
carbon_skeleton_degree_control__c60,carbon_skeleton_degree_control,c60,carbon_skeleton_degree_control__c60:deg_e_0088,c60:C60_e_088,carbon_skeleton_degree_control__c60:C60_50,carbon_skeleton_degree_control__c60:C60_58,c60:C60_56,c60:C60_59,5_6,1.45,sp2_sp2,curved_fullerene_pi_network,curved_fullerene_sigma_cage,edge endpoints degree-preserving rewired where possible,synthetic_control_only
carbon_skeleton_degree_control__c60,carbon_skeleton_degree_control,c60,carbon_skeleton_degree_control__c60:deg_e_0089,c60:C60_e_089,carbon_skeleton_degree_control__c60:C60_52,carbon_skeleton_degree_control__c60:C60_59,c60:C60_57,c60:C60_58,5_6,1.45,sp2_sp2,curved_fullerene_pi_network,curved_fullerene_sigma_cage,edge endpoints degree-preserving rewired where possible,synthetic_control_only
carbon_skeleton_degree_control__ethyne,carbon_skeleton_degree_control,ethyne,carbon_skeleton_degree_control__ethyne:deg_e_0000,ethyne:Eth_e_00,carbon_skeleton_degree_control__ethyne:Eth_00,carbon_skeleton_degree_control__ethyne:Eth_01,ethyne:Eth_00,ethyne:Eth_01,triple,3.0,sp_sp,linear_triple_bond_pi_pair,linear_sigma_axis,edge endpoints degree-preserving rewired where possible,synthetic_control_only
within_system_label_shuffle__adamantane,within_system_label_shuffle,adamantane,within_system_label_shuffle__adamantane:Ada_e_00,adamantane:Ada_e_00,within_system_label_shuffle__adamantane:Ada_00,within_system_label_shuffle__adamantane:Ada_04,adamantane:Ada_00,adamantane:Ada_04,single,1.0,sp3_sp3,none,diamondoid_sigma_cage,within-system bond labels shuffled,synthetic_control_only
within_system_label_shuffle__adamantane,within_system_label_shuffle,adamantane,within_system_label_shuffle__adamantane:Ada_e_01,adamantane:Ada_e_01,within_system_label_shuffle__adamantane:Ada_01,within_system_label_shuffle__adamantane:Ada_04,adamantane:Ada_01,adamantane:Ada_04,single,1.0,sp3_sp3,none,diamondoid_sigma_cage,within-system bond labels shuffled,synthetic_control_only
within_system_label_shuffle__adamantane,within_system_label_shuffle,adamantane,within_system_label_shuffle__adamantane:Ada_e_02,adamantane:Ada_e_02,within_system_label_shuffle__adamantane:Ada_00,within_system_label_shuffle__adamantane:Ada_05,adamantane:Ada_00,adamantane:Ada_05,single,1.0,sp3_sp3,none,diamondoid_sigma_cage,within-system bond labels shuffled,synthetic_control_only
within_system_label_shuffle__adamantane,within_system_label_shuffle,adamantane,within_system_label_shuffle__adamantane:Ada_e_03,adamantane:Ada_e_03,within_system_label_shuffle__adamantane:Ada_02,within_system_label_shuffle__adamantane:Ada_05,adamantane:Ada_02,adamantane:Ada_05,single,1.0,sp3_sp3,none,diamondoid_sigma_cage,within-system bond labels shuffled,synthetic_control_only
within_system_label_shuffle__adamantane,within_system_label_shuffle,adamantane,within_system_label_shuffle__adamantane:Ada_e_04,adamantane:Ada_e_04,within_system_label_shuffle__adamantane:Ada_00,within_system_label_shuffle__adamantane:Ada_06,adamantane:Ada_00,adamantane:Ada_06,single,1.0,sp3_sp3,none,diamondoid_sigma_cage,within-system bond labels shuffled,synthetic_control_only
within_system_label_shuffle__adamantane,within_system_label_shuffle,adamantane,within_system_label_shuffle__adamantane:Ada_e_05,adamantane:Ada_e_05,within_system_label_shuffle__adamantane:Ada_03,within_system_label_shuffle__adamantane:Ada_06,adamantane:Ada_03,adamantane:Ada_06,single,1.0,sp3_sp3,none,diamondoid_sigma_cage,within-system bond labels shuffled,synthetic_control_only
within_system_label_shuffle__adamantane,within_system_label_shuffle,adamantane,within_system_label_shuffle__adamantane:Ada_e_06,adamantane:Ada_e_06,within_system_label_shuffle__adamantane:Ada_01,within_system_label_shuffle__adamantane:Ada_07,adamantane:Ada_01,adamantane:Ada_07,single,1.0,sp3_sp3,none,diamondoid_sigma_cage,within-system bond labels shuffled,synthetic_control_only
within_system_label_shuffle__adamantane,within_system_label_shuffle,adamantane,within_system_label_shuffle__adamantane:Ada_e_07,adamantane:Ada_e_07,within_system_label_shuffle__adamantane:Ada_02,within_system_label_shuffle__adamantane:Ada_07,adamantane:Ada_02,adamantane:Ada_07,single,1.0,sp3_sp3,none,diamondoid_sigma_cage,within-system bond labels shuffled,synthetic_control_only
within_system_label_shuffle__adamantane,within_system_label_shuffle,adamantane,within_system_label_shuffle__adamantane:Ada_e_08,adamantane:Ada_e_08,within_system_label_shuffle__adamantane:Ada_01,within_system_label_shuffle__adamantane:Ada_08,adamantane:Ada_01,adamantane:Ada_08,single,1.0,sp3_sp3,none,diamondoid_sigma_cage,within-system bond labels shuffled,synthetic_control_only
within_system_label_shuffle__adamantane,within_system_label_shuffle,adamantane,within_system_label_shuffle__adamantane:Ada_e_09,adamantane:Ada_e_09,within_system_label_shuffle__adamantane:Ada_03,within_system_label_shuffle__adamantane:Ada_08,adamantane:Ada_03,adamantane:Ada_08,single,1.0,sp3_sp3,none,diamondoid_sigma_cage,within-system bond labels shuffled,synthetic_control_only
within_system_label_shuffle__adamantane,within_system_label_shuffle,adamantane,within_system_label_shuffle__adamantane:Ada_e_10,adamantane:Ada_e_10,within_system_label_shuffle__adamantane:Ada_02,within_system_label_shuffle__adamantane:Ada_09,adamantane:Ada_02,adamantane:Ada_09,single,1.0,sp3_sp3,none,diamondoid_sigma_cage,within-system bond labels shuffled,synthetic_control_only
within_system_label_shuffle__adamantane,within_system_label_shuffle,adamantane,within_system_label_shuffle__adamantane:Ada_e_11,adamantane:Ada_e_11,within_system_label_shuffle__adamantane:Ada_03,within_system_label_shuffle__adamantane:Ada_09,adamantane:Ada_03,adamantane:Ada_09,single,1.0,sp3_sp3,none,diamondoid_sigma_cage,within-system bond labels shuffled,synthetic_control_only
within_system_label_shuffle__benzene,within_system_label_shuffle,benzene,within_system_label_shuffle__benzene:Bz_e_00,benzene:Bz_e_00,within_system_label_shuffle__benzene:Bz_00,within_system_label_shuffle__benzene:Bz_01,benzene:Bz_00,benzene:Bz_01,aromatic,1.5,sp2_sp2,planar_aromatic_pi_ring,planar_ring_sigma_framework,within-system bond labels shuffled,synthetic_control_only
within_system_label_shuffle__benzene,within_system_label_shuffle,benzene,within_system_label_shuffle__benzene:Bz_e_01,benzene:Bz_e_01,within_system_label_shuffle__benzene:Bz_01,within_system_label_shuffle__benzene:Bz_02,benzene:Bz_01,benzene:Bz_02,aromatic,1.5,sp2_sp2,planar_aromatic_pi_ring,planar_ring_sigma_framework,within-system bond labels shuffled,synthetic_control_only
within_system_label_shuffle__benzene,within_system_label_shuffle,benzene,within_system_label_shuffle__benzene:Bz_e_02,benzene:Bz_e_02,within_system_label_shuffle__benzene:Bz_02,within_system_label_shuffle__benzene:Bz_03,benzene:Bz_02,benzene:Bz_03,aromatic,1.5,sp2_sp2,planar_aromatic_pi_ring,planar_ring_sigma_framework,within-system bond labels shuffled,synthetic_control_only
within_system_label_shuffle__benzene,within_system_label_shuffle,benzene,within_system_label_shuffle__benzene:Bz_e_03,benzene:Bz_e_03,within_system_label_shuffle__benzene:Bz_03,within_system_label_shuffle__benzene:Bz_04,benzene:Bz_03,benzene:Bz_04,aromatic,1.5,sp2_sp2,planar_aromatic_pi_ring,planar_ring_sigma_framework,within-system bond labels shuffled,synthetic_control_only
within_system_label_shuffle__benzene,within_system_label_shuffle,benzene,within_system_label_shuffle__benzene:Bz_e_04,benzene:Bz_e_04,within_system_label_shuffle__benzene:Bz_04,within_system_label_shuffle__benzene:Bz_05,benzene:Bz_04,benzene:Bz_05,aromatic,1.5,sp2_sp2,planar_aromatic_pi_ring,planar_ring_sigma_framework,within-system bond labels shuffled,synthetic_control_only
within_system_label_shuffle__benzene,within_system_label_shuffle,benzene,within_system_label_shuffle__benzene:Bz_e_05,benzene:Bz_e_05,within_system_label_shuffle__benzene:Bz_05,within_system_label_shuffle__benzene:Bz_00,benzene:Bz_05,benzene:Bz_00,aromatic,1.5,sp2_sp2,planar_aromatic_pi_ring,planar_ring_sigma_framework,within-system bond labels shuffled,synthetic_control_only
within_system_label_shuffle__c60,within_system_label_shuffle,c60,within_system_label_shuffle__c60:C60_e_000,c60:C60_e_000,within_system_label_shuffle__c60:C60_00,within_system_label_shuffle__c60:C60_01,c60:C60_00,c60:C60_01,5_6,1.45,sp2_sp2,curved_fullerene_pi_network,curved_fullerene_sigma_cage,within-system bond labels shuffled,synthetic_control_only
within_system_label_shuffle__c60,within_system_label_shuffle,c60,within_system_label_shuffle__c60:C60_e_001,c60:C60_e_001,within_system_label_shuffle__c60:C60_00,within_system_label_shuffle__c60:C60_02,c60:C60_00,c60:C60_02,5_6,1.45,sp2_sp2,curved_fullerene_pi_network,curved_fullerene_sigma_cage,within-system bond labels shuffled,synthetic_control_only
within_system_label_shuffle__c60,within_system_label_shuffle,c60,within_system_label_shuffle__c60:C60_e_002,c60:C60_e_002,within_system_label_shuffle__c60:C60_00,within_system_label_shuffle__c60:C60_05,c60:C60_00,c60:C60_05,5_6,1.4,sp2_sp2,curved_fullerene_pi_network,curved_fullerene_sigma_cage,within-system bond labels shuffled,synthetic_control_only
within_system_label_shuffle__c60,within_system_label_shuffle,c60,within_system_label_shuffle__c60:C60_e_003,c60:C60_e_003,within_system_label_shuffle__c60:C60_01,within_system_label_shuffle__c60:C60_04,c60:C60_01,c60:C60_04,6_6,1.45,sp2_sp2,curved_fullerene_pi_network,curved_fullerene_sigma_cage,within-system bond labels shuffled,synthetic_control_only
within_system_label_shuffle__c60,within_system_label_shuffle,c60,within_system_label_shuffle__c60:C60_e_004,c60:C60_e_004,within_system_label_shuffle__c60:C60_01,within_system_label_shuffle__c60:C60_25,c60:C60_01,c60:C60_25,5_6,1.4,sp2_sp2,curved_fullerene_pi_network,curved_fullerene_sigma_cage,within-system bond labels shuffled,synthetic_control_only
within_system_label_shuffle__c60,within_system_label_shuffle,c60,within_system_label_shuffle__c60:C60_e_005,c60:C60_e_005,within_system_label_shuffle__c60:C60_02,within_system_label_shuffle__c60:C60_03,c60:C60_02,c60:C60_03,6_6,1.45,sp2_sp2,curved_fullerene_pi_network,curved_fullerene_sigma_cage,within-system bond labels shuffled,synthetic_control_only
within_system_label_shuffle__c60,within_system_label_shuffle,c60,within_system_label_shuffle__c60:C60_e_006,c60:C60_e_006,within_system_label_shuffle__c60:C60_02,within_system_label_shuffle__c60:C60_35,c60:C60_02,c60:C60_35,5_6,1.4,sp2_sp2,curved_fullerene_pi_network,curved_fullerene_sigma_cage,within-system bond labels shuffled,synthetic_control_only
within_system_label_shuffle__c60,within_system_label_shuffle,c60,within_system_label_shuffle__c60:C60_e_007,c60:C60_e_007,within_system_label_shuffle__c60:C60_03,within_system_label_shuffle__c60:C60_04,c60:C60_03,c60:C60_04,5_6,1.45,sp2_sp2,curved_fullerene_pi_network,curved_fullerene_sigma_cage,within-system bond labels shuffled,synthetic_control_only
within_system_label_shuffle__c60,within_system_label_shuffle,c60,within_system_label_shuffle__c60:C60_e_008,c60:C60_e_008,within_system_label_shuffle__c60:C60_03,within_system_label_shuffle__c60:C60_50,c60:C60_03,c60:C60_50,6_6,1.4,sp2_sp2,curved_fullerene_pi_network,curved_fullerene_sigma_cage,within-system bond labels shuffled,synthetic_control_only
within_system_label_shuffle__c60,within_system_label_shuffle,c60,within_system_label_shuffle__c60:C60_e_009,c60:C60_e_009,within_system_label_shuffle__c60:C60_04,within_system_label_shuffle__c60:C60_55,c60:C60_04,c60:C60_55,5_6,1.4,sp2_sp2,curved_fullerene_pi_network,curved_fullerene_sigma_cage,within-system bond labels shuffled,synthetic_control_only
within_system_label_shuffle__c60,within_system_label_shuffle,c60,within_system_label_shuffle__c60:C60_e_010,c60:C60_e_010,within_system_label_shuffle__c60:C60_05,within_system_label_shuffle__c60:C60_06,c60:C60_05,c60:C60_06,6_6,1.45,sp2_sp2,curved_fullerene_pi_network,curved_fullerene_sigma_cage,within-system bond labels shuffled,synthetic_control_only
within_system_label_shuffle__c60,within_system_label_shuffle,c60,within_system_label_shuffle__c60:C60_e_011,c60:C60_e_011,within_system_label_shuffle__c60:C60_05,within_system_label_shuffle__c60:C60_07,c60:C60_05,c60:C60_07,5_6,1.45,sp2_sp2,curved_fullerene_pi_network,curved_fullerene_sigma_cage,within-system bond labels shuffled,synthetic_control_only
within_system_label_shuffle__c60,within_system_label_shuffle,c60,within_system_label_shuffle__c60:C60_e_012,c60:C60_e_012,within_system_label_shuffle__c60:C60_06,within_system_label_shuffle__c60:C60_09,c60:C60_06,c60:C60_09,6_6,1.45,sp2_sp2,curved_fullerene_pi_network,curved_fullerene_sigma_cage,within-system bond labels shuffled,synthetic_control_only
within_system_label_shuffle__c60,within_system_label_shuffle,c60,within_system_label_shuffle__c60:C60_e_013,c60:C60_e_013,within_system_label_shuffle__c60:C60_06,within_system_label_shuffle__c60:C60_26,c60:C60_06,c60:C60_26,6_6,1.4,sp2_sp2,curved_fullerene_pi_network,curved_fullerene_sigma_cage,within-system bond labels shuffled,synthetic_control_only
within_system_label_shuffle__c60,within_system_label_shuffle,c60,within_system_label_shuffle__c60:C60_e_014,c60:C60_e_014,within_system_label_shuffle__c60:C60_07,within_system_label_shuffle__c60:C60_08,c60:C60_07,c60:C60_08,5_6,1.45,sp2_sp2,curved_fullerene_pi_network,curved_fullerene_sigma_cage,within-system bond labels shuffled,synthetic_control_only
within_system_label_shuffle__c60,within_system_label_shuffle,c60,within_system_label_shuffle__c60:C60_e_015,c60:C60_e_015,within_system_label_shuffle__c60:C60_07,within_system_label_shuffle__c60:C60_36,c60:C60_07,c60:C60_36,5_6,1.4,sp2_sp2,curved_fullerene_pi_network,curved_fullerene_sigma_cage,within-system bond labels shuffled,synthetic_control_only
within_system_label_shuffle__c60,within_system_label_shuffle,c60,within_system_label_shuffle__c60:C60_e_016,c60:C60_e_016,within_system_label_shuffle__c60:C60_08,within_system_label_shuffle__c60:C60_09,c60:C60_08,c60:C60_09,5_6,1.45,sp2_sp2,curved_fullerene_pi_network,curved_fullerene_sigma_cage,within-system bond labels shuffled,synthetic_control_only
within_system_label_shuffle__c60,within_system_label_shuffle,c60,within_system_label_shuffle__c60:C60_e_017,c60:C60_e_017,within_system_label_shuffle__c60:C60_08,within_system_label_shuffle__c60:C60_40,c60:C60_08,c60:C60_40,5_6,1.4,sp2_sp2,curved_fullerene_pi_network,curved_fullerene_sigma_cage,within-system bond labels shuffled,synthetic_control_only
within_system_label_shuffle__c60,within_system_label_shuffle,c60,within_system_label_shuffle__c60:C60_e_018,c60:C60_e_018,within_system_label_shuffle__c60:C60_09,within_system_label_shuffle__c60:C60_45,c60:C60_09,c60:C60_45,5_6,1.4,sp2_sp2,curved_fullerene_pi_network,curved_fullerene_sigma_cage,within-system bond labels shuffled,synthetic_control_only
within_system_label_shuffle__c60,within_system_label_shuffle,c60,within_system_label_shuffle__c60:C60_e_019,c60:C60_e_019,within_system_label_shuffle__c60:C60_10,within_system_label_shuffle__c60:C60_11,c60:C60_10,c60:C60_11,5_6,1.45,sp2_sp2,curved_fullerene_pi_network,curved_fullerene_sigma_cage,within-system bond labels shuffled,synthetic_control_only
within_system_label_shuffle__c60,within_system_label_shuffle,c60,within_system_label_shuffle__c60:C60_e_020,c60:C60_e_020,within_system_label_shuffle__c60:C60_10,within_system_label_shuffle__c60:C60_12,c60:C60_10,c60:C60_12,5_6,1.45,sp2_sp2,curved_fullerene_pi_network,curved_fullerene_sigma_cage,within-system bond labels shuffled,synthetic_control_only
within_system_label_shuffle__c60,within_system_label_shuffle,c60,within_system_label_shuffle__c60:C60_e_021,c60:C60_e_021,within_system_label_shuffle__c60:C60_10,within_system_label_shuffle__c60:C60_15,c60:C60_10,c60:C60_15,5_6,1.4,sp2_sp2,curved_fullerene_pi_network,curved_fullerene_sigma_cage,within-system bond labels shuffled,synthetic_control_only
within_system_label_shuffle__c60,within_system_label_shuffle,c60,within_system_label_shuffle__c60:C60_e_022,c60:C60_e_022,within_system_label_shuffle__c60:C60_11,within_system_label_shuffle__c60:C60_14,c60:C60_11,c60:C60_14,6_6,1.45,sp2_sp2,curved_fullerene_pi_network,curved_fullerene_sigma_cage,within-system bond labels shuffled,synthetic_control_only
within_system_label_shuffle__c60,within_system_label_shuffle,c60,within_system_label_shuffle__c60:C60_e_023,c60:C60_e_023,within_system_label_shuffle__c60:C60_11,within_system_label_shuffle__c60:C60_20,c60:C60_11,c60:C60_20,6_6,1.4,sp2_sp2,curved_fullerene_pi_network,curved_fullerene_sigma_cage,within-system bond labels shuffled,synthetic_control_only
within_system_label_shuffle__c60,within_system_label_shuffle,c60,within_system_label_shuffle__c60:C60_e_024,c60:C60_e_024,within_system_label_shuffle__c60:C60_12,within_system_label_shuffle__c60:C60_13,c60:C60_12,c60:C60_13,5_6,1.45,sp2_sp2,curved_fullerene_pi_network,curved_fullerene_sigma_cage,within-system bond labels shuffled,synthetic_control_only
within_system_label_shuffle__c60,within_system_label_shuffle,c60,within_system_label_shuffle__c60:C60_e_025,c60:C60_e_025,within_system_label_shuffle__c60:C60_12,within_system_label_shuffle__c60:C60_30,c60:C60_12,c60:C60_30,6_6,1.4,sp2_sp2,curved_fullerene_pi_network,curved_fullerene_sigma_cage,within-system bond labels shuffled,synthetic_control_only
within_system_label_shuffle__c60,within_system_label_shuffle,c60,within_system_label_shuffle__c60:C60_e_026,c60:C60_e_026,within_system_label_shuffle__c60:C60_13,within_system_label_shuffle__c60:C60_14,c60:C60_13,c60:C60_14,5_6,1.45,sp2_sp2,curved_fullerene_pi_network,curved_fullerene_sigma_cage,within-system bond labels shuffled,synthetic_control_only
within_system_label_shuffle__c60,within_system_label_shuffle,c60,within_system_label_shuffle__c60:C60_e_027,c60:C60_e_027,within_system_label_shuffle__c60:C60_13,within_system_label_shuffle__c60:C60_51,c60:C60_13,c60:C60_51,5_6,1.4,sp2_sp2,curved_fullerene_pi_network,curved_fullerene_sigma_cage,within-system bond labels shuffled,synthetic_control_only
within_system_label_shuffle__c60,within_system_label_shuffle,c60,within_system_label_shuffle__c60:C60_e_028,c60:C60_e_028,within_system_label_shuffle__c60:C60_14,within_system_label_shuffle__c60:C60_56,c60:C60_14,c60:C60_56,6_6,1.4,sp2_sp2,curved_fullerene_pi_network,curved_fullerene_sigma_cage,within-system bond labels shuffled,synthetic_control_only
within_system_label_shuffle__c60,within_system_label_shuffle,c60,within_system_label_shuffle__c60:C60_e_029,c60:C60_e_029,within_system_label_shuffle__c60:C60_15,within_system_label_shuffle__c60:C60_16,c60:C60_15,c60:C60_16,5_6,1.45,sp2_sp2,curved_fullerene_pi_network,curved_fullerene_sigma_cage,within-system bond labels shuffled,synthetic_control_only
within_system_label_shuffle__c60,within_system_label_shuffle,c60,within_system_label_shuffle__c60:C60_e_030,c60:C60_e_030,within_system_label_shuffle__c60:C60_15,within_system_label_shuffle__c60:C60_17,c60:C60_15,c60:C60_17,5_6,1.45,sp2_sp2,curved_fullerene_pi_network,curved_fullerene_sigma_cage,within-system bond labels shuffled,synthetic_control_only
within_system_label_shuffle__c60,within_system_label_shuffle,c60,within_system_label_shuffle__c60:C60_e_031,c60:C60_e_031,within_system_label_shuffle__c60:C60_16,within_system_label_shuffle__c60:C60_19,c60:C60_16,c60:C60_19,5_6,1.45,sp2_sp2,curved_fullerene_pi_network,curved_fullerene_sigma_cage,within-system bond labels shuffled,synthetic_control_only
within_system_label_shuffle__c60,within_system_label_shuffle,c60,within_system_label_shuffle__c60:C60_e_032,c60:C60_e_032,within_system_label_shuffle__c60:C60_16,within_system_label_shuffle__c60:C60_21,c60:C60_16,c60:C60_21,5_6,1.4,sp2_sp2,curved_fullerene_pi_network,curved_fullerene_sigma_cage,within-system bond labels shuffled,synthetic_control_only
within_system_label_shuffle__c60,within_system_label_shuffle,c60,within_system_label_shuffle__c60:C60_e_033,c60:C60_e_033,within_system_label_shuffle__c60:C60_17,within_system_label_shuffle__c60:C60_18,c60:C60_17,c60:C60_18,5_6,1.45,sp2_sp2,curved_fullerene_pi_network,curved_fullerene_sigma_cage,within-system bond labels shuffled,synthetic_control_only
within_system_label_shuffle__c60,within_system_label_shuffle,c60,within_system_label_shuffle__c60:C60_e_034,c60:C60_e_034,within_system_label_shuffle__c60:C60_17,within_system_label_shuffle__c60:C60_31,c60:C60_17,c60:C60_31,5_6,1.4,sp2_sp2,curved_fullerene_pi_network,curved_fullerene_sigma_cage,within-system bond labels shuffled,synthetic_control_only
within_system_label_shuffle__c60,within_system_label_shuffle,c60,within_system_label_shuffle__c60:C60_e_035,c60:C60_e_035,within_system_label_shuffle__c60:C60_18,within_system_label_shuffle__c60:C60_19,c60:C60_18,c60:C60_19,6_6,1.45,sp2_sp2,curved_fullerene_pi_network,curved_fullerene_sigma_cage,within-system bond labels shuffled,synthetic_control_only
within_system_label_shuffle__c60,within_system_label_shuffle,c60,within_system_label_shuffle__c60:C60_e_036,c60:C60_e_036,within_system_label_shuffle__c60:C60_18,within_system_label_shuffle__c60:C60_41,c60:C60_18,c60:C60_41,5_6,1.4,sp2_sp2,curved_fullerene_pi_network,curved_fullerene_sigma_cage,within-system bond labels shuffled,synthetic_control_only
within_system_label_shuffle__c60,within_system_label_shuffle,c60,within_system_label_shuffle__c60:C60_e_037,c60:C60_e_037,within_system_label_shuffle__c60:C60_19,within_system_label_shuffle__c60:C60_46,c60:C60_19,c60:C60_46,5_6,1.4,sp2_sp2,curved_fullerene_pi_network,curved_fullerene_sigma_cage,within-system bond labels shuffled,synthetic_control_only
within_system_label_shuffle__c60,within_system_label_shuffle,c60,within_system_label_shuffle__c60:C60_e_038,c60:C60_e_038,within_system_label_shuffle__c60:C60_20,within_system_label_shuffle__c60:C60_21,c60:C60_20,c60:C60_21,5_6,1.45,sp2_sp2,curved_fullerene_pi_network,curved_fullerene_sigma_cage,within-system bond labels shuffled,synthetic_control_only
within_system_label_shuffle__c60,within_system_label_shuffle,c60,within_system_label_shuffle__c60:C60_e_039,c60:C60_e_039,within_system_label_shuffle__c60:C60_20,within_system_label_shuffle__c60:C60_24,c60:C60_20,c60:C60_24,5_6,1.45,sp2_sp2,curved_fullerene_pi_network,curved_fullerene_sigma_cage,within-system bond labels shuffled,synthetic_control_only
within_system_label_shuffle__c60,within_system_label_shuffle,c60,within_system_label_shuffle__c60:C60_e_040,c60:C60_e_040,within_system_label_shuffle__c60:C60_21,within_system_label_shuffle__c60:C60_23,c60:C60_21,c60:C60_23,6_6,1.45,sp2_sp2,curved_fullerene_pi_network,curved_fullerene_sigma_cage,within-system bond labels shuffled,synthetic_control_only
within_system_label_shuffle__c60,within_system_label_shuffle,c60,within_system_label_shuffle__c60:C60_e_041,c60:C60_e_041,within_system_label_shuffle__c60:C60_22,within_system_label_shuffle__c60:C60_23,c60:C60_22,c60:C60_23,5_6,1.45,sp2_sp2,curved_fullerene_pi_network,curved_fullerene_sigma_cage,within-system bond labels shuffled,synthetic_control_only
within_system_label_shuffle__c60,within_system_label_shuffle,c60,within_system_label_shuffle__c60:C60_e_042,c60:C60_e_042,within_system_label_shuffle__c60:C60_22,within_system_label_shuffle__c60:C60_24,c60:C60_22,c60:C60_24,5_6,1.45,sp2_sp2,curved_fullerene_pi_network,curved_fullerene_sigma_cage,within-system bond labels shuffled,synthetic_control_only
within_system_label_shuffle__c60,within_system_label_shuffle,c60,within_system_label_shuffle__c60:C60_e_043,c60:C60_e_043,within_system_label_shuffle__c60:C60_22,within_system_label_shuffle__c60:C60_27,c60:C60_22,c60:C60_27,5_6,1.4,sp2_sp2,curved_fullerene_pi_network,curved_fullerene_sigma_cage,within-system bond labels shuffled,synthetic_control_only
within_system_label_shuffle__c60,within_system_label_shuffle,c60,within_system_label_shuffle__c60:C60_e_044,c60:C60_e_044,within_system_label_shuffle__c60:C60_23,within_system_label_shuffle__c60:C60_47,c60:C60_23,c60:C60_47,6_6,1.4,sp2_sp2,curved_fullerene_pi_network,curved_fullerene_sigma_cage,within-system bond labels shuffled,synthetic_control_only
within_system_label_shuffle__c60,within_system_label_shuffle,c60,within_system_label_shuffle__c60:C60_e_045,c60:C60_e_045,within_system_label_shuffle__c60:C60_24,within_system_label_shuffle__c60:C60_57,c60:C60_24,c60:C60_57,6_6,1.4,sp2_sp2,curved_fullerene_pi_network,curved_fullerene_sigma_cage,within-system bond labels shuffled,synthetic_control_only
within_system_label_shuffle__c60,within_system_label_shuffle,c60,within_system_label_shuffle__c60:C60_e_046,c60:C60_e_046,within_system_label_shuffle__c60:C60_25,within_system_label_shuffle__c60:C60_26,c60:C60_25,c60:C60_26,6_6,1.45,sp2_sp2,curved_fullerene_pi_network,curved_fullerene_sigma_cage,within-system bond labels shuffled,synthetic_control_only
within_system_label_shuffle__c60,within_system_label_shuffle,c60,within_system_label_shuffle__c60:C60_e_047,c60:C60_e_047,within_system_label_shuffle__c60:C60_25,within_system_label_shuffle__c60:C60_29,c60:C60_25,c60:C60_29,5_6,1.45,sp2_sp2,curved_fullerene_pi_network,curved_fullerene_sigma_cage,within-system bond labels shuffled,synthetic_control_only
within_system_label_shuffle__c60,within_system_label_shuffle,c60,within_system_label_shuffle__c60:C60_e_048,c60:C60_e_048,within_system_label_shuffle__c60:C60_26,within_system_label_shuffle__c60:C60_28,c60:C60_26,c60:C60_28,6_6,1.45,sp2_sp2,curved_fullerene_pi_network,curved_fullerene_sigma_cage,within-system bond labels shuffled,synthetic_control_only
within_system_label_shuffle__c60,within_system_label_shuffle,c60,within_system_label_shuffle__c60:C60_e_049,c60:C60_e_049,within_system_label_shuffle__c60:C60_27,within_system_label_shuffle__c60:C60_28,c60:C60_27,c60:C60_28,5_6,1.45,sp2_sp2,curved_fullerene_pi_network,curved_fullerene_sigma_cage,within-system bond labels shuffled,synthetic_control_only
within_system_label_shuffle__c60,within_system_label_shuffle,c60,within_system_label_shuffle__c60:C60_e_050,c60:C60_e_050,within_system_label_shuffle__c60:C60_27,within_system_label_shuffle__c60:C60_29,c60:C60_27,c60:C60_29,5_6,1.45,sp2_sp2,curved_fullerene_pi_network,curved_fullerene_sigma_cage,within-system bond labels shuffled,synthetic_control_only
within_system_label_shuffle__c60,within_system_label_shuffle,c60,within_system_label_shuffle__c60:C60_e_051,c60:C60_e_051,within_system_label_shuffle__c60:C60_28,within_system_label_shuffle__c60:C60_48,c60:C60_28,c60:C60_48,5_6,1.4,sp2_sp2,curved_fullerene_pi_network,curved_fullerene_sigma_cage,within-system bond labels shuffled,synthetic_control_only
within_system_label_shuffle__c60,within_system_label_shuffle,c60,within_system_label_shuffle__c60:C60_e_052,c60:C60_e_052,within_system_label_shuffle__c60:C60_29,within_system_label_shuffle__c60:C60_58,c60:C60_29,c60:C60_58,6_6,1.4,sp2_sp2,curved_fullerene_pi_network,curved_fullerene_sigma_cage,within-system bond labels shuffled,synthetic_control_only
within_system_label_shuffle__c60,within_system_label_shuffle,c60,within_system_label_shuffle__c60:C60_e_053,c60:C60_e_053,within_system_label_shuffle__c60:C60_30,within_system_label_shuffle__c60:C60_31,c60:C60_30,c60:C60_31,6_6,1.45,sp2_sp2,curved_fullerene_pi_network,curved_fullerene_sigma_cage,within-system bond labels shuffled,synthetic_control_only
within_system_label_shuffle__c60,within_system_label_shuffle,c60,within_system_label_shuffle__c60:C60_e_054,c60:C60_e_054,within_system_label_shuffle__c60:C60_30,within_system_label_shuffle__c60:C60_34,c60:C60_30,c60:C60_34,5_6,1.45,sp2_sp2,curved_fullerene_pi_network,curved_fullerene_sigma_cage,within-system bond labels shuffled,synthetic_control_only
within_system_label_shuffle__c60,within_system_label_shuffle,c60,within_system_label_shuffle__c60:C60_e_055,c60:C60_e_055,within_system_label_shuffle__c60:C60_31,within_system_label_shuffle__c60:C60_33,c60:C60_31,c60:C60_33,6_6,1.45,sp2_sp2,curved_fullerene_pi_network,curved_fullerene_sigma_cage,within-system bond labels shuffled,synthetic_control_only
within_system_label_shuffle__c60,within_system_label_shuffle,c60,within_system_label_shuffle__c60:C60_e_056,c60:C60_e_056,within_system_label_shuffle__c60:C60_32,within_system_label_shuffle__c60:C60_33,c60:C60_32,c60:C60_33,6_6,1.45,sp2_sp2,curved_fullerene_pi_network,curved_fullerene_sigma_cage,within-system bond labels shuffled,synthetic_control_only
within_system_label_shuffle__c60,within_system_label_shuffle,c60,within_system_label_shuffle__c60:C60_e_057,c60:C60_e_057,within_system_label_shuffle__c60:C60_32,within_system_label_shuffle__c60:C60_34,c60:C60_32,c60:C60_34,5_6,1.45,sp2_sp2,curved_fullerene_pi_network,curved_fullerene_sigma_cage,within-system bond labels shuffled,synthetic_control_only
within_system_label_shuffle__c60,within_system_label_shuffle,c60,within_system_label_shuffle__c60:C60_e_058,c60:C60_e_058,within_system_label_shuffle__c60:C60_32,within_system_label_shuffle__c60:C60_37,c60:C60_32,c60:C60_37,6_6,1.4,sp2_sp2,curved_fullerene_pi_network,curved_fullerene_sigma_cage,within-system bond labels shuffled,synthetic_control_only
within_system_label_shuffle__c60,within_system_label_shuffle,c60,within_system_label_shuffle__c60:C60_e_059,c60:C60_e_059,within_system_label_shuffle__c60:C60_33,within_system_label_shuffle__c60:C60_42,c60:C60_33,c60:C60_42,5_6,1.4,sp2_sp2,curved_fullerene_pi_network,curved_fullerene_sigma_cage,within-system bond labels shuffled,synthetic_control_only
within_system_label_shuffle__c60,within_system_label_shuffle,c60,within_system_label_shuffle__c60:C60_e_060,c60:C60_e_060,within_system_label_shuffle__c60:C60_34,within_system_label_shuffle__c60:C60_52,c60:C60_34,c60:C60_52,5_6,1.4,sp2_sp2,curved_fullerene_pi_network,curved_fullerene_sigma_cage,within-system bond labels shuffled,synthetic_control_only
within_system_label_shuffle__c60,within_system_label_shuffle,c60,within_system_label_shuffle__c60:C60_e_061,c60:C60_e_061,within_system_label_shuffle__c60:C60_35,within_system_label_shuffle__c60:C60_36,c60:C60_35,c60:C60_36,5_6,1.45,sp2_sp2,curved_fullerene_pi_network,curved_fullerene_sigma_cage,within-system bond labels shuffled,synthetic_control_only
within_system_label_shuffle__c60,within_system_label_shuffle,c60,within_system_label_shuffle__c60:C60_e_062,c60:C60_e_062,within_system_label_shuffle__c60:C60_35,within_system_label_shuffle__c60:C60_39,c60:C60_35,c60:C60_39,5_6,1.45,sp2_sp2,curved_fullerene_pi_network,curved_fullerene_sigma_cage,within-system bond labels shuffled,synthetic_control_only
within_system_label_shuffle__c60,within_system_label_shuffle,c60,within_system_label_shuffle__c60:C60_e_063,c60:C60_e_063,within_system_label_shuffle__c60:C60_36,within_system_label_shuffle__c60:C60_38,c60:C60_36,c60:C60_38,6_6,1.45,sp2_sp2,curved_fullerene_pi_network,curved_fullerene_sigma_cage,within-system bond labels shuffled,synthetic_control_only
within_system_label_shuffle__c60,within_system_label_shuffle,c60,within_system_label_shuffle__c60:C60_e_064,c60:C60_e_064,within_system_label_shuffle__c60:C60_37,within_system_label_shuffle__c60:C60_38,c60:C60_37,c60:C60_38,6_6,1.45,sp2_sp2,curved_fullerene_pi_network,curved_fullerene_sigma_cage,within-system bond labels shuffled,synthetic_control_only
within_system_label_shuffle__c60,within_system_label_shuffle,c60,within_system_label_shuffle__c60:C60_e_065,c60:C60_e_065,within_system_label_shuffle__c60:C60_37,within_system_label_shuffle__c60:C60_39,c60:C60_37,c60:C60_39,6_6,1.45,sp2_sp2,curved_fullerene_pi_network,curved_fullerene_sigma_cage,within-system bond labels shuffled,synthetic_control_only
within_system_label_shuffle__c60,within_system_label_shuffle,c60,within_system_label_shuffle__c60:C60_e_066,c60:C60_e_066,within_system_label_shuffle__c60:C60_38,within_system_label_shuffle__c60:C60_43,c60:C60_38,c60:C60_43,5_6,1.4,sp2_sp2,curved_fullerene_pi_network,curved_fullerene_sigma_cage,within-system bond labels shuffled,synthetic_control_only
within_system_label_shuffle__c60,within_system_label_shuffle,c60,within_system_label_shuffle__c60:C60_e_067,c60:C60_e_067,within_system_label_shuffle__c60:C60_39,within_system_label_shuffle__c60:C60_53,c60:C60_39,c60:C60_53,5_6,1.4,sp2_sp2,curved_fullerene_pi_network,curved_fullerene_sigma_cage,within-system bond labels shuffled,synthetic_control_only
within_system_label_shuffle__c60,within_system_label_shuffle,c60,within_system_label_shuffle__c60:C60_e_068,c60:C60_e_068,within_system_label_shuffle__c60:C60_40,within_system_label_shuffle__c60:C60_43,c60:C60_40,c60:C60_43,5_6,1.45,sp2_sp2,curved_fullerene_pi_network,curved_fullerene_sigma_cage,within-system bond labels shuffled,synthetic_control_only
within_system_label_shuffle__c60,within_system_label_shuffle,c60,within_system_label_shuffle__c60:C60_e_069,c60:C60_e_069,within_system_label_shuffle__c60:C60_40,within_system_label_shuffle__c60:C60_44,c60:C60_40,c60:C60_44,5_6,1.45,sp2_sp2,curved_fullerene_pi_network,curved_fullerene_sigma_cage,within-system bond labels shuffled,synthetic_control_only
within_system_label_shuffle__c60,within_system_label_shuffle,c60,within_system_label_shuffle__c60:C60_e_070,c60:C60_e_070,within_system_label_shuffle__c60:C60_41,within_system_label_shuffle__c60:C60_42,c60:C60_41,c60:C60_42,5_6,1.45,sp2_sp2,curved_fullerene_pi_network,curved_fullerene_sigma_cage,within-system bond labels shuffled,synthetic_control_only
within_system_label_shuffle__c60,within_system_label_shuffle,c60,within_system_label_shuffle__c60:C60_e_071,c60:C60_e_071,within_system_label_shuffle__c60:C60_41,within_system_label_shuffle__c60:C60_44,c60:C60_41,c60:C60_44,5_6,1.45,sp2_sp2,curved_fullerene_pi_network,curved_fullerene_sigma_cage,within-system bond labels shuffled,synthetic_control_only
within_system_label_shuffle__c60,within_system_label_shuffle,c60,within_system_label_shuffle__c60:C60_e_072,c60:C60_e_072,within_system_label_shuffle__c60:C60_42,within_system_label_shuffle__c60:C60_43,c60:C60_42,c60:C60_43,6_6,1.45,sp2_sp2,curved_fullerene_pi_network,curved_fullerene_sigma_cage,within-system bond labels shuffled,synthetic_control_only
within_system_label_shuffle__c60,within_system_label_shuffle,c60,within_system_label_shuffle__c60:C60_e_073,c60:C60_e_073,within_system_label_shuffle__c60:C60_44,within_system_label_shuffle__c60:C60_49,c60:C60_44,c60:C60_49,5_6,1.4,sp2_sp2,curved_fullerene_pi_network,curved_fullerene_sigma_cage,within-system bond labels shuffled,synthetic_control_only
within_system_label_shuffle__c60,within_system_label_shuffle,c60,within_system_label_shuffle__c60:C60_e_074,c60:C60_e_074,within_system_label_shuffle__c60:C60_45,within_system_label_shuffle__c60:C60_48,c60:C60_45,c60:C60_48,5_6,1.45,sp2_sp2,curved_fullerene_pi_network,curved_fullerene_sigma_cage,within-system bond labels shuffled,synthetic_control_only
within_system_label_shuffle__c60,within_system_label_shuffle,c60,within_system_label_shuffle__c60:C60_e_075,c60:C60_e_075,within_system_label_shuffle__c60:C60_45,within_system_label_shuffle__c60:C60_49,c60:C60_45,c60:C60_49,6_6,1.45,sp2_sp2,curved_fullerene_pi_network,curved_fullerene_sigma_cage,within-system bond labels shuffled,synthetic_control_only
within_system_label_shuffle__c60,within_system_label_shuffle,c60,within_system_label_shuffle__c60:C60_e_076,c60:C60_e_076,within_system_label_shuffle__c60:C60_46,within_system_label_shuffle__c60:C60_47,c60:C60_46,c60:C60_47,5_6,1.45,sp2_sp2,curved_fullerene_pi_network,curved_fullerene_sigma_cage,within-system bond labels shuffled,synthetic_control_only
within_system_label_shuffle__c60,within_system_label_shuffle,c60,within_system_label_shuffle__c60:C60_e_077,c60:C60_e_077,within_system_label_shuffle__c60:C60_46,within_system_label_shuffle__c60:C60_49,c60:C60_46,c60:C60_49,5_6,1.45,sp2_sp2,curved_fullerene_pi_network,curved_fullerene_sigma_cage,within-system bond labels shuffled,synthetic_control_only
within_system_label_shuffle__c60,within_system_label_shuffle,c60,within_system_label_shuffle__c60:C60_e_078,c60:C60_e_078,within_system_label_shuffle__c60:C60_47,within_system_label_shuffle__c60:C60_48,c60:C60_47,c60:C60_48,5_6,1.45,sp2_sp2,curved_fullerene_pi_network,curved_fullerene_sigma_cage,within-system bond labels shuffled,synthetic_control_only
within_system_label_shuffle__c60,within_system_label_shuffle,c60,within_system_label_shuffle__c60:C60_e_079,c60:C60_e_079,within_system_label_shuffle__c60:C60_50,within_system_label_shuffle__c60:C60_53,c60:C60_50,c60:C60_53,5_6,1.45,sp2_sp2,curved_fullerene_pi_network,curved_fullerene_sigma_cage,within-system bond labels shuffled,synthetic_control_only
within_system_label_shuffle__c60,within_system_label_shuffle,c60,within_system_label_shuffle__c60:C60_e_080,c60:C60_e_080,within_system_label_shuffle__c60:C60_50,within_system_label_shuffle__c60:C60_54,c60:C60_50,c60:C60_54,5_6,1.45,sp2_sp2,curved_fullerene_pi_network,curved_fullerene_sigma_cage,within-system bond labels shuffled,synthetic_control_only
within_system_label_shuffle__c60,within_system_label_shuffle,c60,within_system_label_shuffle__c60:C60_e_081,c60:C60_e_081,within_system_label_shuffle__c60:C60_51,within_system_label_shuffle__c60:C60_52,c60:C60_51,c60:C60_52,5_6,1.45,sp2_sp2,curved_fullerene_pi_network,curved_fullerene_sigma_cage,within-system bond labels shuffled,synthetic_control_only
within_system_label_shuffle__c60,within_system_label_shuffle,c60,within_system_label_shuffle__c60:C60_e_082,c60:C60_e_082,within_system_label_shuffle__c60:C60_51,within_system_label_shuffle__c60:C60_54,c60:C60_51,c60:C60_54,5_6,1.45,sp2_sp2,curved_fullerene_pi_network,curved_fullerene_sigma_cage,within-system bond labels shuffled,synthetic_control_only
within_system_label_shuffle__c60,within_system_label_shuffle,c60,within_system_label_shuffle__c60:C60_e_083,c60:C60_e_083,within_system_label_shuffle__c60:C60_52,within_system_label_shuffle__c60:C60_53,c60:C60_52,c60:C60_53,5_6,1.45,sp2_sp2,curved_fullerene_pi_network,curved_fullerene_sigma_cage,within-system bond labels shuffled,synthetic_control_only
within_system_label_shuffle__c60,within_system_label_shuffle,c60,within_system_label_shuffle__c60:C60_e_084,c60:C60_e_084,within_system_label_shuffle__c60:C60_54,within_system_label_shuffle__c60:C60_59,c60:C60_54,c60:C60_59,6_6,1.4,sp2_sp2,curved_fullerene_pi_network,curved_fullerene_sigma_cage,within-system bond labels shuffled,synthetic_control_only
within_system_label_shuffle__c60,within_system_label_shuffle,c60,within_system_label_shuffle__c60:C60_e_085,c60:C60_e_085,within_system_label_shuffle__c60:C60_55,within_system_label_shuffle__c60:C60_58,c60:C60_55,c60:C60_58,5_6,1.45,sp2_sp2,curved_fullerene_pi_network,curved_fullerene_sigma_cage,within-system bond labels shuffled,synthetic_control_only
within_system_label_shuffle__c60,within_system_label_shuffle,c60,within_system_label_shuffle__c60:C60_e_086,c60:C60_e_086,within_system_label_shuffle__c60:C60_55,within_system_label_shuffle__c60:C60_59,c60:C60_55,c60:C60_59,6_6,1.45,sp2_sp2,curved_fullerene_pi_network,curved_fullerene_sigma_cage,within-system bond labels shuffled,synthetic_control_only
within_system_label_shuffle__c60,within_system_label_shuffle,c60,within_system_label_shuffle__c60:C60_e_087,c60:C60_e_087,within_system_label_shuffle__c60:C60_56,within_system_label_shuffle__c60:C60_57,c60:C60_56,c60:C60_57,6_6,1.45,sp2_sp2,curved_fullerene_pi_network,curved_fullerene_sigma_cage,within-system bond labels shuffled,synthetic_control_only
within_system_label_shuffle__c60,within_system_label_shuffle,c60,within_system_label_shuffle__c60:C60_e_088,c60:C60_e_088,within_system_label_shuffle__c60:C60_56,within_system_label_shuffle__c60:C60_59,c60:C60_56,c60:C60_59,5_6,1.45,sp2_sp2,curved_fullerene_pi_network,curved_fullerene_sigma_cage,within-system bond labels shuffled,synthetic_control_only
within_system_label_shuffle__c60,within_system_label_shuffle,c60,within_system_label_shuffle__c60:C60_e_089,c60:C60_e_089,within_system_label_shuffle__c60:C60_57,within_system_label_shuffle__c60:C60_58,c60:C60_57,c60:C60_58,6_6,1.45,sp2_sp2,curved_fullerene_pi_network,curved_fullerene_sigma_cage,within-system bond labels shuffled,synthetic_control_only
within_system_label_shuffle__ethyne,within_system_label_shuffle,ethyne,within_system_label_shuffle__ethyne:Eth_e_00,ethyne:Eth_e_00,within_system_label_shuffle__ethyne:Eth_00,within_system_label_shuffle__ethyne:Eth_01,ethyne:Eth_00,ethyne:Eth_01,triple,3.0,sp_sp,linear_triple_bond_pi_pair,linear_sigma_axis,within-system bond labels shuffled,synthetic_control_only
cross_system_label_swap__adamantane,cross_system_label_swap,adamantane,cross_system_label_swap__adamantane:Ada_e_00,adamantane:Ada_e_00,cross_system_label_swap__adamantane:Ada_00,cross_system_label_swap__adamantane:Ada_04,adamantane:Ada_00,adamantane:Ada_04,aromatic,1.5,sp2_sp2,planar_aromatic_pi_ring,planar_ring_sigma_framework,edge labels swapped from next source system,synthetic_control_only
cross_system_label_swap__adamantane,cross_system_label_swap,adamantane,cross_system_label_swap__adamantane:Ada_e_01,adamantane:Ada_e_01,cross_system_label_swap__adamantane:Ada_01,cross_system_label_swap__adamantane:Ada_04,adamantane:Ada_01,adamantane:Ada_04,aromatic,1.5,sp2_sp2,planar_aromatic_pi_ring,planar_ring_sigma_framework,edge labels swapped from next source system,synthetic_control_only
cross_system_label_swap__adamantane,cross_system_label_swap,adamantane,cross_system_label_swap__adamantane:Ada_e_02,adamantane:Ada_e_02,cross_system_label_swap__adamantane:Ada_00,cross_system_label_swap__adamantane:Ada_05,adamantane:Ada_00,adamantane:Ada_05,aromatic,1.5,sp2_sp2,planar_aromatic_pi_ring,planar_ring_sigma_framework,edge labels swapped from next source system,synthetic_control_only
cross_system_label_swap__adamantane,cross_system_label_swap,adamantane,cross_system_label_swap__adamantane:Ada_e_03,adamantane:Ada_e_03,cross_system_label_swap__adamantane:Ada_02,cross_system_label_swap__adamantane:Ada_05,adamantane:Ada_02,adamantane:Ada_05,aromatic,1.5,sp2_sp2,planar_aromatic_pi_ring,planar_ring_sigma_framework,edge labels swapped from next source system,synthetic_control_only
cross_system_label_swap__adamantane,cross_system_label_swap,adamantane,cross_system_label_swap__adamantane:Ada_e_04,adamantane:Ada_e_04,cross_system_label_swap__adamantane:Ada_00,cross_system_label_swap__adamantane:Ada_06,adamantane:Ada_00,adamantane:Ada_06,aromatic,1.5,sp2_sp2,planar_aromatic_pi_ring,planar_ring_sigma_framework,edge labels swapped from next source system,synthetic_control_only
cross_system_label_swap__adamantane,cross_system_label_swap,adamantane,cross_system_label_swap__adamantane:Ada_e_05,adamantane:Ada_e_05,cross_system_label_swap__adamantane:Ada_03,cross_system_label_swap__adamantane:Ada_06,adamantane:Ada_03,adamantane:Ada_06,aromatic,1.5,sp2_sp2,planar_aromatic_pi_ring,planar_ring_sigma_framework,edge labels swapped from next source system,synthetic_control_only
cross_system_label_swap__adamantane,cross_system_label_swap,adamantane,cross_system_label_swap__adamantane:Ada_e_06,adamantane:Ada_e_06,cross_system_label_swap__adamantane:Ada_01,cross_system_label_swap__adamantane:Ada_07,adamantane:Ada_01,adamantane:Ada_07,aromatic,1.5,sp2_sp2,planar_aromatic_pi_ring,planar_ring_sigma_framework,edge labels swapped from next source system,synthetic_control_only
cross_system_label_swap__adamantane,cross_system_label_swap,adamantane,cross_system_label_swap__adamantane:Ada_e_07,adamantane:Ada_e_07,cross_system_label_swap__adamantane:Ada_02,cross_system_label_swap__adamantane:Ada_07,adamantane:Ada_02,adamantane:Ada_07,aromatic,1.5,sp2_sp2,planar_aromatic_pi_ring,planar_ring_sigma_framework,edge labels swapped from next source system,synthetic_control_only
cross_system_label_swap__adamantane,cross_system_label_swap,adamantane,cross_system_label_swap__adamantane:Ada_e_08,adamantane:Ada_e_08,cross_system_label_swap__adamantane:Ada_01,cross_system_label_swap__adamantane:Ada_08,adamantane:Ada_01,adamantane:Ada_08,aromatic,1.5,sp2_sp2,planar_aromatic_pi_ring,planar_ring_sigma_framework,edge labels swapped from next source system,synthetic_control_only
cross_system_label_swap__adamantane,cross_system_label_swap,adamantane,cross_system_label_swap__adamantane:Ada_e_09,adamantane:Ada_e_09,cross_system_label_swap__adamantane:Ada_03,cross_system_label_swap__adamantane:Ada_08,adamantane:Ada_03,adamantane:Ada_08,aromatic,1.5,sp2_sp2,planar_aromatic_pi_ring,planar_ring_sigma_framework,edge labels swapped from next source system,synthetic_control_only
cross_system_label_swap__adamantane,cross_system_label_swap,adamantane,cross_system_label_swap__adamantane:Ada_e_10,adamantane:Ada_e_10,cross_system_label_swap__adamantane:Ada_02,cross_system_label_swap__adamantane:Ada_09,adamantane:Ada_02,adamantane:Ada_09,aromatic,1.5,sp2_sp2,planar_aromatic_pi_ring,planar_ring_sigma_framework,edge labels swapped from next source system,synthetic_control_only
cross_system_label_swap__adamantane,cross_system_label_swap,adamantane,cross_system_label_swap__adamantane:Ada_e_11,adamantane:Ada_e_11,cross_system_label_swap__adamantane:Ada_03,cross_system_label_swap__adamantane:Ada_09,adamantane:Ada_03,adamantane:Ada_09,aromatic,1.5,sp2_sp2,planar_aromatic_pi_ring,planar_ring_sigma_framework,edge labels swapped from next source system,synthetic_control_only
cross_system_label_swap__benzene,cross_system_label_swap,benzene,cross_system_label_swap__benzene:Bz_e_00,benzene:Bz_e_00,cross_system_label_swap__benzene:Bz_00,cross_system_label_swap__benzene:Bz_01,benzene:Bz_00,benzene:Bz_01,5_6,1.45,sp2_sp2,curved_fullerene_pi_network,curved_fullerene_sigma_cage,edge labels swapped from next source system,synthetic_control_only
cross_system_label_swap__benzene,cross_system_label_swap,benzene,cross_system_label_swap__benzene:Bz_e_01,benzene:Bz_e_01,cross_system_label_swap__benzene:Bz_01,cross_system_label_swap__benzene:Bz_02,benzene:Bz_01,benzene:Bz_02,5_6,1.45,sp2_sp2,curved_fullerene_pi_network,curved_fullerene_sigma_cage,edge labels swapped from next source system,synthetic_control_only
cross_system_label_swap__benzene,cross_system_label_swap,benzene,cross_system_label_swap__benzene:Bz_e_02,benzene:Bz_e_02,cross_system_label_swap__benzene:Bz_02,cross_system_label_swap__benzene:Bz_03,benzene:Bz_02,benzene:Bz_03,6_6,1.4,sp2_sp2,curved_fullerene_pi_network,curved_fullerene_sigma_cage,edge labels swapped from next source system,synthetic_control_only
cross_system_label_swap__benzene,cross_system_label_swap,benzene,cross_system_label_swap__benzene:Bz_e_03,benzene:Bz_e_03,cross_system_label_swap__benzene:Bz_03,cross_system_label_swap__benzene:Bz_04,benzene:Bz_03,benzene:Bz_04,5_6,1.45,sp2_sp2,curved_fullerene_pi_network,curved_fullerene_sigma_cage,edge labels swapped from next source system,synthetic_control_only
cross_system_label_swap__benzene,cross_system_label_swap,benzene,cross_system_label_swap__benzene:Bz_e_04,benzene:Bz_e_04,cross_system_label_swap__benzene:Bz_04,cross_system_label_swap__benzene:Bz_05,benzene:Bz_04,benzene:Bz_05,6_6,1.4,sp2_sp2,curved_fullerene_pi_network,curved_fullerene_sigma_cage,edge labels swapped from next source system,synthetic_control_only
cross_system_label_swap__benzene,cross_system_label_swap,benzene,cross_system_label_swap__benzene:Bz_e_05,benzene:Bz_e_05,cross_system_label_swap__benzene:Bz_05,cross_system_label_swap__benzene:Bz_00,benzene:Bz_05,benzene:Bz_00,5_6,1.45,sp2_sp2,curved_fullerene_pi_network,curved_fullerene_sigma_cage,edge labels swapped from next source system,synthetic_control_only
cross_system_label_swap__c60,cross_system_label_swap,c60,cross_system_label_swap__c60:C60_e_000,c60:C60_e_000,cross_system_label_swap__c60:C60_00,cross_system_label_swap__c60:C60_01,c60:C60_00,c60:C60_01,triple,3.0,sp_sp,linear_triple_bond_pi_pair,linear_sigma_axis,edge labels swapped from next source system,synthetic_control_only
cross_system_label_swap__c60,cross_system_label_swap,c60,cross_system_label_swap__c60:C60_e_001,c60:C60_e_001,cross_system_label_swap__c60:C60_00,cross_system_label_swap__c60:C60_02,c60:C60_00,c60:C60_02,triple,3.0,sp_sp,linear_triple_bond_pi_pair,linear_sigma_axis,edge labels swapped from next source system,synthetic_control_only
cross_system_label_swap__c60,cross_system_label_swap,c60,cross_system_label_swap__c60:C60_e_002,c60:C60_e_002,cross_system_label_swap__c60:C60_00,cross_system_label_swap__c60:C60_05,c60:C60_00,c60:C60_05,triple,3.0,sp_sp,linear_triple_bond_pi_pair,linear_sigma_axis,edge labels swapped from next source system,synthetic_control_only
cross_system_label_swap__c60,cross_system_label_swap,c60,cross_system_label_swap__c60:C60_e_003,c60:C60_e_003,cross_system_label_swap__c60:C60_01,cross_system_label_swap__c60:C60_04,c60:C60_01,c60:C60_04,triple,3.0,sp_sp,linear_triple_bond_pi_pair,linear_sigma_axis,edge labels swapped from next source system,synthetic_control_only
cross_system_label_swap__c60,cross_system_label_swap,c60,cross_system_label_swap__c60:C60_e_004,c60:C60_e_004,cross_system_label_swap__c60:C60_01,cross_system_label_swap__c60:C60_25,c60:C60_01,c60:C60_25,triple,3.0,sp_sp,linear_triple_bond_pi_pair,linear_sigma_axis,edge labels swapped from next source system,synthetic_control_only
cross_system_label_swap__c60,cross_system_label_swap,c60,cross_system_label_swap__c60:C60_e_005,c60:C60_e_005,cross_system_label_swap__c60:C60_02,cross_system_label_swap__c60:C60_03,c60:C60_02,c60:C60_03,triple,3.0,sp_sp,linear_triple_bond_pi_pair,linear_sigma_axis,edge labels swapped from next source system,synthetic_control_only
cross_system_label_swap__c60,cross_system_label_swap,c60,cross_system_label_swap__c60:C60_e_006,c60:C60_e_006,cross_system_label_swap__c60:C60_02,cross_system_label_swap__c60:C60_35,c60:C60_02,c60:C60_35,triple,3.0,sp_sp,linear_triple_bond_pi_pair,linear_sigma_axis,edge labels swapped from next source system,synthetic_control_only
cross_system_label_swap__c60,cross_system_label_swap,c60,cross_system_label_swap__c60:C60_e_007,c60:C60_e_007,cross_system_label_swap__c60:C60_03,cross_system_label_swap__c60:C60_04,c60:C60_03,c60:C60_04,triple,3.0,sp_sp,linear_triple_bond_pi_pair,linear_sigma_axis,edge labels swapped from next source system,synthetic_control_only
cross_system_label_swap__c60,cross_system_label_swap,c60,cross_system_label_swap__c60:C60_e_008,c60:C60_e_008,cross_system_label_swap__c60:C60_03,cross_system_label_swap__c60:C60_50,c60:C60_03,c60:C60_50,triple,3.0,sp_sp,linear_triple_bond_pi_pair,linear_sigma_axis,edge labels swapped from next source system,synthetic_control_only
cross_system_label_swap__c60,cross_system_label_swap,c60,cross_system_label_swap__c60:C60_e_009,c60:C60_e_009,cross_system_label_swap__c60:C60_04,cross_system_label_swap__c60:C60_55,c60:C60_04,c60:C60_55,triple,3.0,sp_sp,linear_triple_bond_pi_pair,linear_sigma_axis,edge labels swapped from next source system,synthetic_control_only
cross_system_label_swap__c60,cross_system_label_swap,c60,cross_system_label_swap__c60:C60_e_010,c60:C60_e_010,cross_system_label_swap__c60:C60_05,cross_system_label_swap__c60:C60_06,c60:C60_05,c60:C60_06,triple,3.0,sp_sp,linear_triple_bond_pi_pair,linear_sigma_axis,edge labels swapped from next source system,synthetic_control_only
cross_system_label_swap__c60,cross_system_label_swap,c60,cross_system_label_swap__c60:C60_e_011,c60:C60_e_011,cross_system_label_swap__c60:C60_05,cross_system_label_swap__c60:C60_07,c60:C60_05,c60:C60_07,triple,3.0,sp_sp,linear_triple_bond_pi_pair,linear_sigma_axis,edge labels swapped from next source system,synthetic_control_only
cross_system_label_swap__c60,cross_system_label_swap,c60,cross_system_label_swap__c60:C60_e_012,c60:C60_e_012,cross_system_label_swap__c60:C60_06,cross_system_label_swap__c60:C60_09,c60:C60_06,c60:C60_09,triple,3.0,sp_sp,linear_triple_bond_pi_pair,linear_sigma_axis,edge labels swapped from next source system,synthetic_control_only
cross_system_label_swap__c60,cross_system_label_swap,c60,cross_system_label_swap__c60:C60_e_013,c60:C60_e_013,cross_system_label_swap__c60:C60_06,cross_system_label_swap__c60:C60_26,c60:C60_06,c60:C60_26,triple,3.0,sp_sp,linear_triple_bond_pi_pair,linear_sigma_axis,edge labels swapped from next source system,synthetic_control_only
cross_system_label_swap__c60,cross_system_label_swap,c60,cross_system_label_swap__c60:C60_e_014,c60:C60_e_014,cross_system_label_swap__c60:C60_07,cross_system_label_swap__c60:C60_08,c60:C60_07,c60:C60_08,triple,3.0,sp_sp,linear_triple_bond_pi_pair,linear_sigma_axis,edge labels swapped from next source system,synthetic_control_only
cross_system_label_swap__c60,cross_system_label_swap,c60,cross_system_label_swap__c60:C60_e_015,c60:C60_e_015,cross_system_label_swap__c60:C60_07,cross_system_label_swap__c60:C60_36,c60:C60_07,c60:C60_36,triple,3.0,sp_sp,linear_triple_bond_pi_pair,linear_sigma_axis,edge labels swapped from next source system,synthetic_control_only
cross_system_label_swap__c60,cross_system_label_swap,c60,cross_system_label_swap__c60:C60_e_016,c60:C60_e_016,cross_system_label_swap__c60:C60_08,cross_system_label_swap__c60:C60_09,c60:C60_08,c60:C60_09,triple,3.0,sp_sp,linear_triple_bond_pi_pair,linear_sigma_axis,edge labels swapped from next source system,synthetic_control_only
cross_system_label_swap__c60,cross_system_label_swap,c60,cross_system_label_swap__c60:C60_e_017,c60:C60_e_017,cross_system_label_swap__c60:C60_08,cross_system_label_swap__c60:C60_40,c60:C60_08,c60:C60_40,triple,3.0,sp_sp,linear_triple_bond_pi_pair,linear_sigma_axis,edge labels swapped from next source system,synthetic_control_only
cross_system_label_swap__c60,cross_system_label_swap,c60,cross_system_label_swap__c60:C60_e_018,c60:C60_e_018,cross_system_label_swap__c60:C60_09,cross_system_label_swap__c60:C60_45,c60:C60_09,c60:C60_45,triple,3.0,sp_sp,linear_triple_bond_pi_pair,linear_sigma_axis,edge labels swapped from next source system,synthetic_control_only
cross_system_label_swap__c60,cross_system_label_swap,c60,cross_system_label_swap__c60:C60_e_019,c60:C60_e_019,cross_system_label_swap__c60:C60_10,cross_system_label_swap__c60:C60_11,c60:C60_10,c60:C60_11,triple,3.0,sp_sp,linear_triple_bond_pi_pair,linear_sigma_axis,edge labels swapped from next source system,synthetic_control_only
cross_system_label_swap__c60,cross_system_label_swap,c60,cross_system_label_swap__c60:C60_e_020,c60:C60_e_020,cross_system_label_swap__c60:C60_10,cross_system_label_swap__c60:C60_12,c60:C60_10,c60:C60_12,triple,3.0,sp_sp,linear_triple_bond_pi_pair,linear_sigma_axis,edge labels swapped from next source system,synthetic_control_only
cross_system_label_swap__c60,cross_system_label_swap,c60,cross_system_label_swap__c60:C60_e_021,c60:C60_e_021,cross_system_label_swap__c60:C60_10,cross_system_label_swap__c60:C60_15,c60:C60_10,c60:C60_15,triple,3.0,sp_sp,linear_triple_bond_pi_pair,linear_sigma_axis,edge labels swapped from next source system,synthetic_control_only
cross_system_label_swap__c60,cross_system_label_swap,c60,cross_system_label_swap__c60:C60_e_022,c60:C60_e_022,cross_system_label_swap__c60:C60_11,cross_system_label_swap__c60:C60_14,c60:C60_11,c60:C60_14,triple,3.0,sp_sp,linear_triple_bond_pi_pair,linear_sigma_axis,edge labels swapped from next source system,synthetic_control_only
cross_system_label_swap__c60,cross_system_label_swap,c60,cross_system_label_swap__c60:C60_e_023,c60:C60_e_023,cross_system_label_swap__c60:C60_11,cross_system_label_swap__c60:C60_20,c60:C60_11,c60:C60_20,triple,3.0,sp_sp,linear_triple_bond_pi_pair,linear_sigma_axis,edge labels swapped from next source system,synthetic_control_only
cross_system_label_swap__c60,cross_system_label_swap,c60,cross_system_label_swap__c60:C60_e_024,c60:C60_e_024,cross_system_label_swap__c60:C60_12,cross_system_label_swap__c60:C60_13,c60:C60_12,c60:C60_13,triple,3.0,sp_sp,linear_triple_bond_pi_pair,linear_sigma_axis,edge labels swapped from next source system,synthetic_control_only
cross_system_label_swap__c60,cross_system_label_swap,c60,cross_system_label_swap__c60:C60_e_025,c60:C60_e_025,cross_system_label_swap__c60:C60_12,cross_system_label_swap__c60:C60_30,c60:C60_12,c60:C60_30,triple,3.0,sp_sp,linear_triple_bond_pi_pair,linear_sigma_axis,edge labels swapped from next source system,synthetic_control_only
cross_system_label_swap__c60,cross_system_label_swap,c60,cross_system_label_swap__c60:C60_e_026,c60:C60_e_026,cross_system_label_swap__c60:C60_13,cross_system_label_swap__c60:C60_14,c60:C60_13,c60:C60_14,triple,3.0,sp_sp,linear_triple_bond_pi_pair,linear_sigma_axis,edge labels swapped from next source system,synthetic_control_only
cross_system_label_swap__c60,cross_system_label_swap,c60,cross_system_label_swap__c60:C60_e_027,c60:C60_e_027,cross_system_label_swap__c60:C60_13,cross_system_label_swap__c60:C60_51,c60:C60_13,c60:C60_51,triple,3.0,sp_sp,linear_triple_bond_pi_pair,linear_sigma_axis,edge labels swapped from next source system,synthetic_control_only
cross_system_label_swap__c60,cross_system_label_swap,c60,cross_system_label_swap__c60:C60_e_028,c60:C60_e_028,cross_system_label_swap__c60:C60_14,cross_system_label_swap__c60:C60_56,c60:C60_14,c60:C60_56,triple,3.0,sp_sp,linear_triple_bond_pi_pair,linear_sigma_axis,edge labels swapped from next source system,synthetic_control_only
cross_system_label_swap__c60,cross_system_label_swap,c60,cross_system_label_swap__c60:C60_e_029,c60:C60_e_029,cross_system_label_swap__c60:C60_15,cross_system_label_swap__c60:C60_16,c60:C60_15,c60:C60_16,triple,3.0,sp_sp,linear_triple_bond_pi_pair,linear_sigma_axis,edge labels swapped from next source system,synthetic_control_only
cross_system_label_swap__c60,cross_system_label_swap,c60,cross_system_label_swap__c60:C60_e_030,c60:C60_e_030,cross_system_label_swap__c60:C60_15,cross_system_label_swap__c60:C60_17,c60:C60_15,c60:C60_17,triple,3.0,sp_sp,linear_triple_bond_pi_pair,linear_sigma_axis,edge labels swapped from next source system,synthetic_control_only
cross_system_label_swap__c60,cross_system_label_swap,c60,cross_system_label_swap__c60:C60_e_031,c60:C60_e_031,cross_system_label_swap__c60:C60_16,cross_system_label_swap__c60:C60_19,c60:C60_16,c60:C60_19,triple,3.0,sp_sp,linear_triple_bond_pi_pair,linear_sigma_axis,edge labels swapped from next source system,synthetic_control_only
cross_system_label_swap__c60,cross_system_label_swap,c60,cross_system_label_swap__c60:C60_e_032,c60:C60_e_032,cross_system_label_swap__c60:C60_16,cross_system_label_swap__c60:C60_21,c60:C60_16,c60:C60_21,triple,3.0,sp_sp,linear_triple_bond_pi_pair,linear_sigma_axis,edge labels swapped from next source system,synthetic_control_only
cross_system_label_swap__c60,cross_system_label_swap,c60,cross_system_label_swap__c60:C60_e_033,c60:C60_e_033,cross_system_label_swap__c60:C60_17,cross_system_label_swap__c60:C60_18,c60:C60_17,c60:C60_18,triple,3.0,sp_sp,linear_triple_bond_pi_pair,linear_sigma_axis,edge labels swapped from next source system,synthetic_control_only
cross_system_label_swap__c60,cross_system_label_swap,c60,cross_system_label_swap__c60:C60_e_034,c60:C60_e_034,cross_system_label_swap__c60:C60_17,cross_system_label_swap__c60:C60_31,c60:C60_17,c60:C60_31,triple,3.0,sp_sp,linear_triple_bond_pi_pair,linear_sigma_axis,edge labels swapped from next source system,synthetic_control_only
cross_system_label_swap__c60,cross_system_label_swap,c60,cross_system_label_swap__c60:C60_e_035,c60:C60_e_035,cross_system_label_swap__c60:C60_18,cross_system_label_swap__c60:C60_19,c60:C60_18,c60:C60_19,triple,3.0,sp_sp,linear_triple_bond_pi_pair,linear_sigma_axis,edge labels swapped from next source system,synthetic_control_only
cross_system_label_swap__c60,cross_system_label_swap,c60,cross_system_label_swap__c60:C60_e_036,c60:C60_e_036,cross_system_label_swap__c60:C60_18,cross_system_label_swap__c60:C60_41,c60:C60_18,c60:C60_41,triple,3.0,sp_sp,linear_triple_bond_pi_pair,linear_sigma_axis,edge labels swapped from next source system,synthetic_control_only
cross_system_label_swap__c60,cross_system_label_swap,c60,cross_system_label_swap__c60:C60_e_037,c60:C60_e_037,cross_system_label_swap__c60:C60_19,cross_system_label_swap__c60:C60_46,c60:C60_19,c60:C60_46,triple,3.0,sp_sp,linear_triple_bond_pi_pair,linear_sigma_axis,edge labels swapped from next source system,synthetic_control_only
cross_system_label_swap__c60,cross_system_label_swap,c60,cross_system_label_swap__c60:C60_e_038,c60:C60_e_038,cross_system_label_swap__c60:C60_20,cross_system_label_swap__c60:C60_21,c60:C60_20,c60:C60_21,triple,3.0,sp_sp,linear_triple_bond_pi_pair,linear_sigma_axis,edge labels swapped from next source system,synthetic_control_only
cross_system_label_swap__c60,cross_system_label_swap,c60,cross_system_label_swap__c60:C60_e_039,c60:C60_e_039,cross_system_label_swap__c60:C60_20,cross_system_label_swap__c60:C60_24,c60:C60_20,c60:C60_24,triple,3.0,sp_sp,linear_triple_bond_pi_pair,linear_sigma_axis,edge labels swapped from next source system,synthetic_control_only
cross_system_label_swap__c60,cross_system_label_swap,c60,cross_system_label_swap__c60:C60_e_040,c60:C60_e_040,cross_system_label_swap__c60:C60_21,cross_system_label_swap__c60:C60_23,c60:C60_21,c60:C60_23,triple,3.0,sp_sp,linear_triple_bond_pi_pair,linear_sigma_axis,edge labels swapped from next source system,synthetic_control_only
cross_system_label_swap__c60,cross_system_label_swap,c60,cross_system_label_swap__c60:C60_e_041,c60:C60_e_041,cross_system_label_swap__c60:C60_22,cross_system_label_swap__c60:C60_23,c60:C60_22,c60:C60_23,triple,3.0,sp_sp,linear_triple_bond_pi_pair,linear_sigma_axis,edge labels swapped from next source system,synthetic_control_only
cross_system_label_swap__c60,cross_system_label_swap,c60,cross_system_label_swap__c60:C60_e_042,c60:C60_e_042,cross_system_label_swap__c60:C60_22,cross_system_label_swap__c60:C60_24,c60:C60_22,c60:C60_24,triple,3.0,sp_sp,linear_triple_bond_pi_pair,linear_sigma_axis,edge labels swapped from next source system,synthetic_control_only
cross_system_label_swap__c60,cross_system_label_swap,c60,cross_system_label_swap__c60:C60_e_043,c60:C60_e_043,cross_system_label_swap__c60:C60_22,cross_system_label_swap__c60:C60_27,c60:C60_22,c60:C60_27,triple,3.0,sp_sp,linear_triple_bond_pi_pair,linear_sigma_axis,edge labels swapped from next source system,synthetic_control_only
cross_system_label_swap__c60,cross_system_label_swap,c60,cross_system_label_swap__c60:C60_e_044,c60:C60_e_044,cross_system_label_swap__c60:C60_23,cross_system_label_swap__c60:C60_47,c60:C60_23,c60:C60_47,triple,3.0,sp_sp,linear_triple_bond_pi_pair,linear_sigma_axis,edge labels swapped from next source system,synthetic_control_only
cross_system_label_swap__c60,cross_system_label_swap,c60,cross_system_label_swap__c60:C60_e_045,c60:C60_e_045,cross_system_label_swap__c60:C60_24,cross_system_label_swap__c60:C60_57,c60:C60_24,c60:C60_57,triple,3.0,sp_sp,linear_triple_bond_pi_pair,linear_sigma_axis,edge labels swapped from next source system,synthetic_control_only
cross_system_label_swap__c60,cross_system_label_swap,c60,cross_system_label_swap__c60:C60_e_046,c60:C60_e_046,cross_system_label_swap__c60:C60_25,cross_system_label_swap__c60:C60_26,c60:C60_25,c60:C60_26,triple,3.0,sp_sp,linear_triple_bond_pi_pair,linear_sigma_axis,edge labels swapped from next source system,synthetic_control_only
cross_system_label_swap__c60,cross_system_label_swap,c60,cross_system_label_swap__c60:C60_e_047,c60:C60_e_047,cross_system_label_swap__c60:C60_25,cross_system_label_swap__c60:C60_29,c60:C60_25,c60:C60_29,triple,3.0,sp_sp,linear_triple_bond_pi_pair,linear_sigma_axis,edge labels swapped from next source system,synthetic_control_only
cross_system_label_swap__c60,cross_system_label_swap,c60,cross_system_label_swap__c60:C60_e_048,c60:C60_e_048,cross_system_label_swap__c60:C60_26,cross_system_label_swap__c60:C60_28,c60:C60_26,c60:C60_28,triple,3.0,sp_sp,linear_triple_bond_pi_pair,linear_sigma_axis,edge labels swapped from next source system,synthetic_control_only
cross_system_label_swap__c60,cross_system_label_swap,c60,cross_system_label_swap__c60:C60_e_049,c60:C60_e_049,cross_system_label_swap__c60:C60_27,cross_system_label_swap__c60:C60_28,c60:C60_27,c60:C60_28,triple,3.0,sp_sp,linear_triple_bond_pi_pair,linear_sigma_axis,edge labels swapped from next source system,synthetic_control_only
cross_system_label_swap__c60,cross_system_label_swap,c60,cross_system_label_swap__c60:C60_e_050,c60:C60_e_050,cross_system_label_swap__c60:C60_27,cross_system_label_swap__c60:C60_29,c60:C60_27,c60:C60_29,triple,3.0,sp_sp,linear_triple_bond_pi_pair,linear_sigma_axis,edge labels swapped from next source system,synthetic_control_only
cross_system_label_swap__c60,cross_system_label_swap,c60,cross_system_label_swap__c60:C60_e_051,c60:C60_e_051,cross_system_label_swap__c60:C60_28,cross_system_label_swap__c60:C60_48,c60:C60_28,c60:C60_48,triple,3.0,sp_sp,linear_triple_bond_pi_pair,linear_sigma_axis,edge labels swapped from next source system,synthetic_control_only
cross_system_label_swap__c60,cross_system_label_swap,c60,cross_system_label_swap__c60:C60_e_052,c60:C60_e_052,cross_system_label_swap__c60:C60_29,cross_system_label_swap__c60:C60_58,c60:C60_29,c60:C60_58,triple,3.0,sp_sp,linear_triple_bond_pi_pair,linear_sigma_axis,edge labels swapped from next source system,synthetic_control_only
cross_system_label_swap__c60,cross_system_label_swap,c60,cross_system_label_swap__c60:C60_e_053,c60:C60_e_053,cross_system_label_swap__c60:C60_30,cross_system_label_swap__c60:C60_31,c60:C60_30,c60:C60_31,triple,3.0,sp_sp,linear_triple_bond_pi_pair,linear_sigma_axis,edge labels swapped from next source system,synthetic_control_only
cross_system_label_swap__c60,cross_system_label_swap,c60,cross_system_label_swap__c60:C60_e_054,c60:C60_e_054,cross_system_label_swap__c60:C60_30,cross_system_label_swap__c60:C60_34,c60:C60_30,c60:C60_34,triple,3.0,sp_sp,linear_triple_bond_pi_pair,linear_sigma_axis,edge labels swapped from next source system,synthetic_control_only
cross_system_label_swap__c60,cross_system_label_swap,c60,cross_system_label_swap__c60:C60_e_055,c60:C60_e_055,cross_system_label_swap__c60:C60_31,cross_system_label_swap__c60:C60_33,c60:C60_31,c60:C60_33,triple,3.0,sp_sp,linear_triple_bond_pi_pair,linear_sigma_axis,edge labels swapped from next source system,synthetic_control_only
cross_system_label_swap__c60,cross_system_label_swap,c60,cross_system_label_swap__c60:C60_e_056,c60:C60_e_056,cross_system_label_swap__c60:C60_32,cross_system_label_swap__c60:C60_33,c60:C60_32,c60:C60_33,triple,3.0,sp_sp,linear_triple_bond_pi_pair,linear_sigma_axis,edge labels swapped from next source system,synthetic_control_only
cross_system_label_swap__c60,cross_system_label_swap,c60,cross_system_label_swap__c60:C60_e_057,c60:C60_e_057,cross_system_label_swap__c60:C60_32,cross_system_label_swap__c60:C60_34,c60:C60_32,c60:C60_34,triple,3.0,sp_sp,linear_triple_bond_pi_pair,linear_sigma_axis,edge labels swapped from next source system,synthetic_control_only
cross_system_label_swap__c60,cross_system_label_swap,c60,cross_system_label_swap__c60:C60_e_058,c60:C60_e_058,cross_system_label_swap__c60:C60_32,cross_system_label_swap__c60:C60_37,c60:C60_32,c60:C60_37,triple,3.0,sp_sp,linear_triple_bond_pi_pair,linear_sigma_axis,edge labels swapped from next source system,synthetic_control_only
cross_system_label_swap__c60,cross_system_label_swap,c60,cross_system_label_swap__c60:C60_e_059,c60:C60_e_059,cross_system_label_swap__c60:C60_33,cross_system_label_swap__c60:C60_42,c60:C60_33,c60:C60_42,triple,3.0,sp_sp,linear_triple_bond_pi_pair,linear_sigma_axis,edge labels swapped from next source system,synthetic_control_only
cross_system_label_swap__c60,cross_system_label_swap,c60,cross_system_label_swap__c60:C60_e_060,c60:C60_e_060,cross_system_label_swap__c60:C60_34,cross_system_label_swap__c60:C60_52,c60:C60_34,c60:C60_52,triple,3.0,sp_sp,linear_triple_bond_pi_pair,linear_sigma_axis,edge labels swapped from next source system,synthetic_control_only
cross_system_label_swap__c60,cross_system_label_swap,c60,cross_system_label_swap__c60:C60_e_061,c60:C60_e_061,cross_system_label_swap__c60:C60_35,cross_system_label_swap__c60:C60_36,c60:C60_35,c60:C60_36,triple,3.0,sp_sp,linear_triple_bond_pi_pair,linear_sigma_axis,edge labels swapped from next source system,synthetic_control_only
cross_system_label_swap__c60,cross_system_label_swap,c60,cross_system_label_swap__c60:C60_e_062,c60:C60_e_062,cross_system_label_swap__c60:C60_35,cross_system_label_swap__c60:C60_39,c60:C60_35,c60:C60_39,triple,3.0,sp_sp,linear_triple_bond_pi_pair,linear_sigma_axis,edge labels swapped from next source system,synthetic_control_only
cross_system_label_swap__c60,cross_system_label_swap,c60,cross_system_label_swap__c60:C60_e_063,c60:C60_e_063,cross_system_label_swap__c60:C60_36,cross_system_label_swap__c60:C60_38,c60:C60_36,c60:C60_38,triple,3.0,sp_sp,linear_triple_bond_pi_pair,linear_sigma_axis,edge labels swapped from next source system,synthetic_control_only
cross_system_label_swap__c60,cross_system_label_swap,c60,cross_system_label_swap__c60:C60_e_064,c60:C60_e_064,cross_system_label_swap__c60:C60_37,cross_system_label_swap__c60:C60_38,c60:C60_37,c60:C60_38,triple,3.0,sp_sp,linear_triple_bond_pi_pair,linear_sigma_axis,edge labels swapped from next source system,synthetic_control_only
cross_system_label_swap__c60,cross_system_label_swap,c60,cross_system_label_swap__c60:C60_e_065,c60:C60_e_065,cross_system_label_swap__c60:C60_37,cross_system_label_swap__c60:C60_39,c60:C60_37,c60:C60_39,triple,3.0,sp_sp,linear_triple_bond_pi_pair,linear_sigma_axis,edge labels swapped from next source system,synthetic_control_only
cross_system_label_swap__c60,cross_system_label_swap,c60,cross_system_label_swap__c60:C60_e_066,c60:C60_e_066,cross_system_label_swap__c60:C60_38,cross_system_label_swap__c60:C60_43,c60:C60_38,c60:C60_43,triple,3.0,sp_sp,linear_triple_bond_pi_pair,linear_sigma_axis,edge labels swapped from next source system,synthetic_control_only
cross_system_label_swap__c60,cross_system_label_swap,c60,cross_system_label_swap__c60:C60_e_067,c60:C60_e_067,cross_system_label_swap__c60:C60_39,cross_system_label_swap__c60:C60_53,c60:C60_39,c60:C60_53,triple,3.0,sp_sp,linear_triple_bond_pi_pair,linear_sigma_axis,edge labels swapped from next source system,synthetic_control_only
cross_system_label_swap__c60,cross_system_label_swap,c60,cross_system_label_swap__c60:C60_e_068,c60:C60_e_068,cross_system_label_swap__c60:C60_40,cross_system_label_swap__c60:C60_43,c60:C60_40,c60:C60_43,triple,3.0,sp_sp,linear_triple_bond_pi_pair,linear_sigma_axis,edge labels swapped from next source system,synthetic_control_only
cross_system_label_swap__c60,cross_system_label_swap,c60,cross_system_label_swap__c60:C60_e_069,c60:C60_e_069,cross_system_label_swap__c60:C60_40,cross_system_label_swap__c60:C60_44,c60:C60_40,c60:C60_44,triple,3.0,sp_sp,linear_triple_bond_pi_pair,linear_sigma_axis,edge labels swapped from next source system,synthetic_control_only
cross_system_label_swap__c60,cross_system_label_swap,c60,cross_system_label_swap__c60:C60_e_070,c60:C60_e_070,cross_system_label_swap__c60:C60_41,cross_system_label_swap__c60:C60_42,c60:C60_41,c60:C60_42,triple,3.0,sp_sp,linear_triple_bond_pi_pair,linear_sigma_axis,edge labels swapped from next source system,synthetic_control_only
cross_system_label_swap__c60,cross_system_label_swap,c60,cross_system_label_swap__c60:C60_e_071,c60:C60_e_071,cross_system_label_swap__c60:C60_41,cross_system_label_swap__c60:C60_44,c60:C60_41,c60:C60_44,triple,3.0,sp_sp,linear_triple_bond_pi_pair,linear_sigma_axis,edge labels swapped from next source system,synthetic_control_only
cross_system_label_swap__c60,cross_system_label_swap,c60,cross_system_label_swap__c60:C60_e_072,c60:C60_e_072,cross_system_label_swap__c60:C60_42,cross_system_label_swap__c60:C60_43,c60:C60_42,c60:C60_43,triple,3.0,sp_sp,linear_triple_bond_pi_pair,linear_sigma_axis,edge labels swapped from next source system,synthetic_control_only
cross_system_label_swap__c60,cross_system_label_swap,c60,cross_system_label_swap__c60:C60_e_073,c60:C60_e_073,cross_system_label_swap__c60:C60_44,cross_system_label_swap__c60:C60_49,c60:C60_44,c60:C60_49,triple,3.0,sp_sp,linear_triple_bond_pi_pair,linear_sigma_axis,edge labels swapped from next source system,synthetic_control_only
cross_system_label_swap__c60,cross_system_label_swap,c60,cross_system_label_swap__c60:C60_e_074,c60:C60_e_074,cross_system_label_swap__c60:C60_45,cross_system_label_swap__c60:C60_48,c60:C60_45,c60:C60_48,triple,3.0,sp_sp,linear_triple_bond_pi_pair,linear_sigma_axis,edge labels swapped from next source system,synthetic_control_only
cross_system_label_swap__c60,cross_system_label_swap,c60,cross_system_label_swap__c60:C60_e_075,c60:C60_e_075,cross_system_label_swap__c60:C60_45,cross_system_label_swap__c60:C60_49,c60:C60_45,c60:C60_49,triple,3.0,sp_sp,linear_triple_bond_pi_pair,linear_sigma_axis,edge labels swapped from next source system,synthetic_control_only
cross_system_label_swap__c60,cross_system_label_swap,c60,cross_system_label_swap__c60:C60_e_076,c60:C60_e_076,cross_system_label_swap__c60:C60_46,cross_system_label_swap__c60:C60_47,c60:C60_46,c60:C60_47,triple,3.0,sp_sp,linear_triple_bond_pi_pair,linear_sigma_axis,edge labels swapped from next source system,synthetic_control_only
cross_system_label_swap__c60,cross_system_label_swap,c60,cross_system_label_swap__c60:C60_e_077,c60:C60_e_077,cross_system_label_swap__c60:C60_46,cross_system_label_swap__c60:C60_49,c60:C60_46,c60:C60_49,triple,3.0,sp_sp,linear_triple_bond_pi_pair,linear_sigma_axis,edge labels swapped from next source system,synthetic_control_only
cross_system_label_swap__c60,cross_system_label_swap,c60,cross_system_label_swap__c60:C60_e_078,c60:C60_e_078,cross_system_label_swap__c60:C60_47,cross_system_label_swap__c60:C60_48,c60:C60_47,c60:C60_48,triple,3.0,sp_sp,linear_triple_bond_pi_pair,linear_sigma_axis,edge labels swapped from next source system,synthetic_control_only
cross_system_label_swap__c60,cross_system_label_swap,c60,cross_system_label_swap__c60:C60_e_079,c60:C60_e_079,cross_system_label_swap__c60:C60_50,cross_system_label_swap__c60:C60_53,c60:C60_50,c60:C60_53,triple,3.0,sp_sp,linear_triple_bond_pi_pair,linear_sigma_axis,edge labels swapped from next source system,synthetic_control_only
cross_system_label_swap__c60,cross_system_label_swap,c60,cross_system_label_swap__c60:C60_e_080,c60:C60_e_080,cross_system_label_swap__c60:C60_50,cross_system_label_swap__c60:C60_54,c60:C60_50,c60:C60_54,triple,3.0,sp_sp,linear_triple_bond_pi_pair,linear_sigma_axis,edge labels swapped from next source system,synthetic_control_only
cross_system_label_swap__c60,cross_system_label_swap,c60,cross_system_label_swap__c60:C60_e_081,c60:C60_e_081,cross_system_label_swap__c60:C60_51,cross_system_label_swap__c60:C60_52,c60:C60_51,c60:C60_52,triple,3.0,sp_sp,linear_triple_bond_pi_pair,linear_sigma_axis,edge labels swapped from next source system,synthetic_control_only
cross_system_label_swap__c60,cross_system_label_swap,c60,cross_system_label_swap__c60:C60_e_082,c60:C60_e_082,cross_system_label_swap__c60:C60_51,cross_system_label_swap__c60:C60_54,c60:C60_51,c60:C60_54,triple,3.0,sp_sp,linear_triple_bond_pi_pair,linear_sigma_axis,edge labels swapped from next source system,synthetic_control_only
cross_system_label_swap__c60,cross_system_label_swap,c60,cross_system_label_swap__c60:C60_e_083,c60:C60_e_083,cross_system_label_swap__c60:C60_52,cross_system_label_swap__c60:C60_53,c60:C60_52,c60:C60_53,triple,3.0,sp_sp,linear_triple_bond_pi_pair,linear_sigma_axis,edge labels swapped from next source system,synthetic_control_only
cross_system_label_swap__c60,cross_system_label_swap,c60,cross_system_label_swap__c60:C60_e_084,c60:C60_e_084,cross_system_label_swap__c60:C60_54,cross_system_label_swap__c60:C60_59,c60:C60_54,c60:C60_59,triple,3.0,sp_sp,linear_triple_bond_pi_pair,linear_sigma_axis,edge labels swapped from next source system,synthetic_control_only
cross_system_label_swap__c60,cross_system_label_swap,c60,cross_system_label_swap__c60:C60_e_085,c60:C60_e_085,cross_system_label_swap__c60:C60_55,cross_system_label_swap__c60:C60_58,c60:C60_55,c60:C60_58,triple,3.0,sp_sp,linear_triple_bond_pi_pair,linear_sigma_axis,edge labels swapped from next source system,synthetic_control_only
cross_system_label_swap__c60,cross_system_label_swap,c60,cross_system_label_swap__c60:C60_e_086,c60:C60_e_086,cross_system_label_swap__c60:C60_55,cross_system_label_swap__c60:C60_59,c60:C60_55,c60:C60_59,triple,3.0,sp_sp,linear_triple_bond_pi_pair,linear_sigma_axis,edge labels swapped from next source system,synthetic_control_only
cross_system_label_swap__c60,cross_system_label_swap,c60,cross_system_label_swap__c60:C60_e_087,c60:C60_e_087,cross_system_label_swap__c60:C60_56,cross_system_label_swap__c60:C60_57,c60:C60_56,c60:C60_57,triple,3.0,sp_sp,linear_triple_bond_pi_pair,linear_sigma_axis,edge labels swapped from next source system,synthetic_control_only
cross_system_label_swap__c60,cross_system_label_swap,c60,cross_system_label_swap__c60:C60_e_088,c60:C60_e_088,cross_system_label_swap__c60:C60_56,cross_system_label_swap__c60:C60_59,c60:C60_56,c60:C60_59,triple,3.0,sp_sp,linear_triple_bond_pi_pair,linear_sigma_axis,edge labels swapped from next source system,synthetic_control_only
cross_system_label_swap__c60,cross_system_label_swap,c60,cross_system_label_swap__c60:C60_e_089,c60:C60_e_089,cross_system_label_swap__c60:C60_57,cross_system_label_swap__c60:C60_58,c60:C60_57,c60:C60_58,triple,3.0,sp_sp,linear_triple_bond_pi_pair,linear_sigma_axis,edge labels swapped from next source system,synthetic_control_only
cross_system_label_swap__ethyne,cross_system_label_swap,ethyne,cross_system_label_swap__ethyne:Eth_e_00,ethyne:Eth_e_00,cross_system_label_swap__ethyne:Eth_00,cross_system_label_swap__ethyne:Eth_01,ethyne:Eth_00,ethyne:Eth_01,single,1.0,sp3_sp3,none,diamondoid_sigma_cage,edge labels swapped from next source system,synthetic_control_only
topology_preserving_label_randomization__adamantane,topology_preserving_label_randomization,adamantane,topology_preserving_label_randomization__adamantane:Ada_e_00,adamantane:Ada_e_00,topology_preserving_label_randomization__adamantane:Ada_00,topology_preserving_label_randomization__adamantane:Ada_04,adamantane:Ada_00,adamantane:Ada_04,5_6,1.0,sp3_sp3,none,diamondoid_sigma_cage,topology preserved; edge labels randomized from global scaffold pools,synthetic_control_only
topology_preserving_label_randomization__adamantane,topology_preserving_label_randomization,adamantane,topology_preserving_label_randomization__adamantane:Ada_e_01,adamantane:Ada_e_01,topology_preserving_label_randomization__adamantane:Ada_01,topology_preserving_label_randomization__adamantane:Ada_04,adamantane:Ada_01,adamantane:Ada_04,5_6,1.0,sp3_sp3,none,diamondoid_sigma_cage,topology preserved; edge labels randomized from global scaffold pools,synthetic_control_only
topology_preserving_label_randomization__adamantane,topology_preserving_label_randomization,adamantane,topology_preserving_label_randomization__adamantane:Ada_e_02,adamantane:Ada_e_02,topology_preserving_label_randomization__adamantane:Ada_00,topology_preserving_label_randomization__adamantane:Ada_05,adamantane:Ada_00,adamantane:Ada_05,6_6,1.0,sp3_sp3,none,diamondoid_sigma_cage,topology preserved; edge labels randomized from global scaffold pools,synthetic_control_only
topology_preserving_label_randomization__adamantane,topology_preserving_label_randomization,adamantane,topology_preserving_label_randomization__adamantane:Ada_e_03,adamantane:Ada_e_03,topology_preserving_label_randomization__adamantane:Ada_02,topology_preserving_label_randomization__adamantane:Ada_05,adamantane:Ada_02,adamantane:Ada_05,single,1.0,sp3_sp3,none,diamondoid_sigma_cage,topology preserved; edge labels randomized from global scaffold pools,synthetic_control_only
topology_preserving_label_randomization__adamantane,topology_preserving_label_randomization,adamantane,topology_preserving_label_randomization__adamantane:Ada_e_04,adamantane:Ada_e_04,topology_preserving_label_randomization__adamantane:Ada_00,topology_preserving_label_randomization__adamantane:Ada_06,adamantane:Ada_00,adamantane:Ada_06,6_6,1.0,sp3_sp3,none,diamondoid_sigma_cage,topology preserved; edge labels randomized from global scaffold pools,synthetic_control_only
topology_preserving_label_randomization__adamantane,topology_preserving_label_randomization,adamantane,topology_preserving_label_randomization__adamantane:Ada_e_05,adamantane:Ada_e_05,topology_preserving_label_randomization__adamantane:Ada_03,topology_preserving_label_randomization__adamantane:Ada_06,adamantane:Ada_03,adamantane:Ada_06,6_6,1.0,sp3_sp3,none,diamondoid_sigma_cage,topology preserved; edge labels randomized from global scaffold pools,synthetic_control_only
topology_preserving_label_randomization__adamantane,topology_preserving_label_randomization,adamantane,topology_preserving_label_randomization__adamantane:Ada_e_06,adamantane:Ada_e_06,topology_preserving_label_randomization__adamantane:Ada_01,topology_preserving_label_randomization__adamantane:Ada_07,adamantane:Ada_01,adamantane:Ada_07,single,1.0,sp3_sp3,none,diamondoid_sigma_cage,topology preserved; edge labels randomized from global scaffold pools,synthetic_control_only
topology_preserving_label_randomization__adamantane,topology_preserving_label_randomization,adamantane,topology_preserving_label_randomization__adamantane:Ada_e_07,adamantane:Ada_e_07,topology_preserving_label_randomization__adamantane:Ada_02,topology_preserving_label_randomization__adamantane:Ada_07,adamantane:Ada_02,adamantane:Ada_07,6_6,1.0,sp3_sp3,none,diamondoid_sigma_cage,topology preserved; edge labels randomized from global scaffold pools,synthetic_control_only
topology_preserving_label_randomization__adamantane,topology_preserving_label_randomization,adamantane,topology_preserving_label_randomization__adamantane:Ada_e_08,adamantane:Ada_e_08,topology_preserving_label_randomization__adamantane:Ada_01,topology_preserving_label_randomization__adamantane:Ada_08,adamantane:Ada_01,adamantane:Ada_08,6_6,1.0,sp3_sp3,none,diamondoid_sigma_cage,topology preserved; edge labels randomized from global scaffold pools,synthetic_control_only
topology_preserving_label_randomization__adamantane,topology_preserving_label_randomization,adamantane,topology_preserving_label_randomization__adamantane:Ada_e_09,adamantane:Ada_e_09,topology_preserving_label_randomization__adamantane:Ada_03,topology_preserving_label_randomization__adamantane:Ada_08,adamantane:Ada_03,adamantane:Ada_08,5_6,1.0,sp3_sp3,none,diamondoid_sigma_cage,topology preserved; edge labels randomized from global scaffold pools,synthetic_control_only
topology_preserving_label_randomization__adamantane,topology_preserving_label_randomization,adamantane,topology_preserving_label_randomization__adamantane:Ada_e_10,adamantane:Ada_e_10,topology_preserving_label_randomization__adamantane:Ada_02,topology_preserving_label_randomization__adamantane:Ada_09,adamantane:Ada_02,adamantane:Ada_09,5_6,1.0,sp3_sp3,none,diamondoid_sigma_cage,topology preserved; edge labels randomized from global scaffold pools,synthetic_control_only
topology_preserving_label_randomization__adamantane,topology_preserving_label_randomization,adamantane,topology_preserving_label_randomization__adamantane:Ada_e_11,adamantane:Ada_e_11,topology_preserving_label_randomization__adamantane:Ada_03,topology_preserving_label_randomization__adamantane:Ada_09,adamantane:Ada_03,adamantane:Ada_09,5_6,1.0,sp3_sp3,none,diamondoid_sigma_cage,topology preserved; edge labels randomized from global scaffold pools,synthetic_control_only
topology_preserving_label_randomization__benzene,topology_preserving_label_randomization,benzene,topology_preserving_label_randomization__benzene:Bz_e_00,benzene:Bz_e_00,topology_preserving_label_randomization__benzene:Bz_00,topology_preserving_label_randomization__benzene:Bz_01,benzene:Bz_00,benzene:Bz_01,single,1.5,sp2_sp2,planar_aromatic_pi_ring,planar_ring_sigma_framework,topology preserved; edge labels randomized from global scaffold pools,synthetic_control_only
topology_preserving_label_randomization__benzene,topology_preserving_label_randomization,benzene,topology_preserving_label_randomization__benzene:Bz_e_01,benzene:Bz_e_01,topology_preserving_label_randomization__benzene:Bz_01,topology_preserving_label_randomization__benzene:Bz_02,benzene:Bz_01,benzene:Bz_02,6_6,1.5,sp2_sp2,planar_aromatic_pi_ring,planar_ring_sigma_framework,topology preserved; edge labels randomized from global scaffold pools,synthetic_control_only
topology_preserving_label_randomization__benzene,topology_preserving_label_randomization,benzene,topology_preserving_label_randomization__benzene:Bz_e_02,benzene:Bz_e_02,topology_preserving_label_randomization__benzene:Bz_02,topology_preserving_label_randomization__benzene:Bz_03,benzene:Bz_02,benzene:Bz_03,5_6,1.5,sp2_sp2,planar_aromatic_pi_ring,planar_ring_sigma_framework,topology preserved; edge labels randomized from global scaffold pools,synthetic_control_only
topology_preserving_label_randomization__benzene,topology_preserving_label_randomization,benzene,topology_preserving_label_randomization__benzene:Bz_e_03,benzene:Bz_e_03,topology_preserving_label_randomization__benzene:Bz_03,topology_preserving_label_randomization__benzene:Bz_04,benzene:Bz_03,benzene:Bz_04,6_6,1.5,sp2_sp2,planar_aromatic_pi_ring,planar_ring_sigma_framework,topology preserved; edge labels randomized from global scaffold pools,synthetic_control_only
topology_preserving_label_randomization__benzene,topology_preserving_label_randomization,benzene,topology_preserving_label_randomization__benzene:Bz_e_04,benzene:Bz_e_04,topology_preserving_label_randomization__benzene:Bz_04,topology_preserving_label_randomization__benzene:Bz_05,benzene:Bz_04,benzene:Bz_05,aromatic,1.5,sp2_sp2,planar_aromatic_pi_ring,planar_ring_sigma_framework,topology preserved; edge labels randomized from global scaffold pools,synthetic_control_only
topology_preserving_label_randomization__benzene,topology_preserving_label_randomization,benzene,topology_preserving_label_randomization__benzene:Bz_e_05,benzene:Bz_e_05,topology_preserving_label_randomization__benzene:Bz_05,topology_preserving_label_randomization__benzene:Bz_00,benzene:Bz_05,benzene:Bz_00,6_6,1.5,sp2_sp2,planar_aromatic_pi_ring,planar_ring_sigma_framework,topology preserved; edge labels randomized from global scaffold pools,synthetic_control_only
topology_preserving_label_randomization__c60,topology_preserving_label_randomization,c60,topology_preserving_label_randomization__c60:C60_e_000,c60:C60_e_000,topology_preserving_label_randomization__c60:C60_00,topology_preserving_label_randomization__c60:C60_01,c60:C60_00,c60:C60_01,5_6,1.45,sp2_sp2,curved_fullerene_pi_network,curved_fullerene_sigma_cage,topology preserved; edge labels randomized from global scaffold pools,synthetic_control_only
topology_preserving_label_randomization__c60,topology_preserving_label_randomization,c60,topology_preserving_label_randomization__c60:C60_e_001,c60:C60_e_001,topology_preserving_label_randomization__c60:C60_00,topology_preserving_label_randomization__c60:C60_02,c60:C60_00,c60:C60_02,5_6,1.45,sp2_sp2,curved_fullerene_pi_network,curved_fullerene_sigma_cage,topology preserved; edge labels randomized from global scaffold pools,synthetic_control_only
topology_preserving_label_randomization__c60,topology_preserving_label_randomization,c60,topology_preserving_label_randomization__c60:C60_e_002,c60:C60_e_002,topology_preserving_label_randomization__c60:C60_00,topology_preserving_label_randomization__c60:C60_05,c60:C60_00,c60:C60_05,single,1.4,sp2_sp2,curved_fullerene_pi_network,curved_fullerene_sigma_cage,topology preserved; edge labels randomized from global scaffold pools,synthetic_control_only
topology_preserving_label_randomization__c60,topology_preserving_label_randomization,c60,topology_preserving_label_randomization__c60:C60_e_003,c60:C60_e_003,topology_preserving_label_randomization__c60:C60_01,topology_preserving_label_randomization__c60:C60_04,c60:C60_01,c60:C60_04,single,1.45,sp2_sp2,curved_fullerene_pi_network,curved_fullerene_sigma_cage,topology preserved; edge labels randomized from global scaffold pools,synthetic_control_only
topology_preserving_label_randomization__c60,topology_preserving_label_randomization,c60,topology_preserving_label_randomization__c60:C60_e_004,c60:C60_e_004,topology_preserving_label_randomization__c60:C60_01,topology_preserving_label_randomization__c60:C60_25,c60:C60_01,c60:C60_25,single,1.4,sp2_sp2,curved_fullerene_pi_network,curved_fullerene_sigma_cage,topology preserved; edge labels randomized from global scaffold pools,synthetic_control_only
topology_preserving_label_randomization__c60,topology_preserving_label_randomization,c60,topology_preserving_label_randomization__c60:C60_e_005,c60:C60_e_005,topology_preserving_label_randomization__c60:C60_02,topology_preserving_label_randomization__c60:C60_03,c60:C60_02,c60:C60_03,5_6,1.45,sp2_sp2,curved_fullerene_pi_network,curved_fullerene_sigma_cage,topology preserved; edge labels randomized from global scaffold pools,synthetic_control_only
topology_preserving_label_randomization__c60,topology_preserving_label_randomization,c60,topology_preserving_label_randomization__c60:C60_e_006,c60:C60_e_006,topology_preserving_label_randomization__c60:C60_02,topology_preserving_label_randomization__c60:C60_35,c60:C60_02,c60:C60_35,single,1.4,sp2_sp2,curved_fullerene_pi_network,curved_fullerene_sigma_cage,topology preserved; edge labels randomized from global scaffold pools,synthetic_control_only
topology_preserving_label_randomization__c60,topology_preserving_label_randomization,c60,topology_preserving_label_randomization__c60:C60_e_007,c60:C60_e_007,topology_preserving_label_randomization__c60:C60_03,topology_preserving_label_randomization__c60:C60_04,c60:C60_03,c60:C60_04,single,1.45,sp2_sp2,curved_fullerene_pi_network,curved_fullerene_sigma_cage,topology preserved; edge labels randomized from global scaffold pools,synthetic_control_only
topology_preserving_label_randomization__c60,topology_preserving_label_randomization,c60,topology_preserving_label_randomization__c60:C60_e_008,c60:C60_e_008,topology_preserving_label_randomization__c60:C60_03,topology_preserving_label_randomization__c60:C60_50,c60:C60_03,c60:C60_50,single,1.4,sp2_sp2,curved_fullerene_pi_network,curved_fullerene_sigma_cage,topology preserved; edge labels randomized from global scaffold pools,synthetic_control_only
topology_preserving_label_randomization__c60,topology_preserving_label_randomization,c60,topology_preserving_label_randomization__c60:C60_e_009,c60:C60_e_009,topology_preserving_label_randomization__c60:C60_04,topology_preserving_label_randomization__c60:C60_55,c60:C60_04,c60:C60_55,5_6,1.4,sp2_sp2,curved_fullerene_pi_network,curved_fullerene_sigma_cage,topology preserved; edge labels randomized from global scaffold pools,synthetic_control_only
topology_preserving_label_randomization__c60,topology_preserving_label_randomization,c60,topology_preserving_label_randomization__c60:C60_e_010,c60:C60_e_010,topology_preserving_label_randomization__c60:C60_05,topology_preserving_label_randomization__c60:C60_06,c60:C60_05,c60:C60_06,single,1.45,sp2_sp2,curved_fullerene_pi_network,curved_fullerene_sigma_cage,topology preserved; edge labels randomized from global scaffold pools,synthetic_control_only
topology_preserving_label_randomization__c60,topology_preserving_label_randomization,c60,topology_preserving_label_randomization__c60:C60_e_011,c60:C60_e_011,topology_preserving_label_randomization__c60:C60_05,topology_preserving_label_randomization__c60:C60_07,c60:C60_05,c60:C60_07,single,1.45,sp2_sp2,curved_fullerene_pi_network,curved_fullerene_sigma_cage,topology preserved; edge labels randomized from global scaffold pools,synthetic_control_only
topology_preserving_label_randomization__c60,topology_preserving_label_randomization,c60,topology_preserving_label_randomization__c60:C60_e_012,c60:C60_e_012,topology_preserving_label_randomization__c60:C60_06,topology_preserving_label_randomization__c60:C60_09,c60:C60_06,c60:C60_09,single,1.45,sp2_sp2,curved_fullerene_pi_network,curved_fullerene_sigma_cage,topology preserved; edge labels randomized from global scaffold pools,synthetic_control_only
topology_preserving_label_randomization__c60,topology_preserving_label_randomization,c60,topology_preserving_label_randomization__c60:C60_e_013,c60:C60_e_013,topology_preserving_label_randomization__c60:C60_06,topology_preserving_label_randomization__c60:C60_26,c60:C60_06,c60:C60_26,5_6,1.4,sp2_sp2,curved_fullerene_pi_network,curved_fullerene_sigma_cage,topology preserved; edge labels randomized from global scaffold pools,synthetic_control_only
topology_preserving_label_randomization__c60,topology_preserving_label_randomization,c60,topology_preserving_label_randomization__c60:C60_e_014,c60:C60_e_014,topology_preserving_label_randomization__c60:C60_07,topology_preserving_label_randomization__c60:C60_08,c60:C60_07,c60:C60_08,single,1.45,sp2_sp2,curved_fullerene_pi_network,curved_fullerene_sigma_cage,topology preserved; edge labels randomized from global scaffold pools,synthetic_control_only
topology_preserving_label_randomization__c60,topology_preserving_label_randomization,c60,topology_preserving_label_randomization__c60:C60_e_015,c60:C60_e_015,topology_preserving_label_randomization__c60:C60_07,topology_preserving_label_randomization__c60:C60_36,c60:C60_07,c60:C60_36,6_6,1.4,sp2_sp2,curved_fullerene_pi_network,curved_fullerene_sigma_cage,topology preserved; edge labels randomized from global scaffold pools,synthetic_control_only
topology_preserving_label_randomization__c60,topology_preserving_label_randomization,c60,topology_preserving_label_randomization__c60:C60_e_016,c60:C60_e_016,topology_preserving_label_randomization__c60:C60_08,topology_preserving_label_randomization__c60:C60_09,c60:C60_08,c60:C60_09,5_6,1.45,sp2_sp2,curved_fullerene_pi_network,curved_fullerene_sigma_cage,topology preserved; edge labels randomized from global scaffold pools,synthetic_control_only
topology_preserving_label_randomization__c60,topology_preserving_label_randomization,c60,topology_preserving_label_randomization__c60:C60_e_017,c60:C60_e_017,topology_preserving_label_randomization__c60:C60_08,topology_preserving_label_randomization__c60:C60_40,c60:C60_08,c60:C60_40,6_6,1.4,sp2_sp2,curved_fullerene_pi_network,curved_fullerene_sigma_cage,topology preserved; edge labels randomized from global scaffold pools,synthetic_control_only
topology_preserving_label_randomization__c60,topology_preserving_label_randomization,c60,topology_preserving_label_randomization__c60:C60_e_018,c60:C60_e_018,topology_preserving_label_randomization__c60:C60_09,topology_preserving_label_randomization__c60:C60_45,c60:C60_09,c60:C60_45,5_6,1.4,sp2_sp2,curved_fullerene_pi_network,curved_fullerene_sigma_cage,topology preserved; edge labels randomized from global scaffold pools,synthetic_control_only
topology_preserving_label_randomization__c60,topology_preserving_label_randomization,c60,topology_preserving_label_randomization__c60:C60_e_019,c60:C60_e_019,topology_preserving_label_randomization__c60:C60_10,topology_preserving_label_randomization__c60:C60_11,c60:C60_10,c60:C60_11,5_6,1.45,sp2_sp2,curved_fullerene_pi_network,curved_fullerene_sigma_cage,topology preserved; edge labels randomized from global scaffold pools,synthetic_control_only
topology_preserving_label_randomization__c60,topology_preserving_label_randomization,c60,topology_preserving_label_randomization__c60:C60_e_020,c60:C60_e_020,topology_preserving_label_randomization__c60:C60_10,topology_preserving_label_randomization__c60:C60_12,c60:C60_10,c60:C60_12,aromatic,1.45,sp2_sp2,curved_fullerene_pi_network,curved_fullerene_sigma_cage,topology preserved; edge labels randomized from global scaffold pools,synthetic_control_only
topology_preserving_label_randomization__c60,topology_preserving_label_randomization,c60,topology_preserving_label_randomization__c60:C60_e_021,c60:C60_e_021,topology_preserving_label_randomization__c60:C60_10,topology_preserving_label_randomization__c60:C60_15,c60:C60_10,c60:C60_15,6_6,1.4,sp2_sp2,curved_fullerene_pi_network,curved_fullerene_sigma_cage,topology preserved; edge labels randomized from global scaffold pools,synthetic_control_only
topology_preserving_label_randomization__c60,topology_preserving_label_randomization,c60,topology_preserving_label_randomization__c60:C60_e_022,c60:C60_e_022,topology_preserving_label_randomization__c60:C60_11,topology_preserving_label_randomization__c60:C60_14,c60:C60_11,c60:C60_14,6_6,1.45,sp2_sp2,curved_fullerene_pi_network,curved_fullerene_sigma_cage,topology preserved; edge labels randomized from global scaffold pools,synthetic_control_only
topology_preserving_label_randomization__c60,topology_preserving_label_randomization,c60,topology_preserving_label_randomization__c60:C60_e_023,c60:C60_e_023,topology_preserving_label_randomization__c60:C60_11,topology_preserving_label_randomization__c60:C60_20,c60:C60_11,c60:C60_20,5_6,1.4,sp2_sp2,curved_fullerene_pi_network,curved_fullerene_sigma_cage,topology preserved; edge labels randomized from global scaffold pools,synthetic_control_only
topology_preserving_label_randomization__c60,topology_preserving_label_randomization,c60,topology_preserving_label_randomization__c60:C60_e_024,c60:C60_e_024,topology_preserving_label_randomization__c60:C60_12,topology_preserving_label_randomization__c60:C60_13,c60:C60_12,c60:C60_13,5_6,1.45,sp2_sp2,curved_fullerene_pi_network,curved_fullerene_sigma_cage,topology preserved; edge labels randomized from global scaffold pools,synthetic_control_only
topology_preserving_label_randomization__c60,topology_preserving_label_randomization,c60,topology_preserving_label_randomization__c60:C60_e_025,c60:C60_e_025,topology_preserving_label_randomization__c60:C60_12,topology_preserving_label_randomization__c60:C60_30,c60:C60_12,c60:C60_30,5_6,1.4,sp2_sp2,curved_fullerene_pi_network,curved_fullerene_sigma_cage,topology preserved; edge labels randomized from global scaffold pools,synthetic_control_only
topology_preserving_label_randomization__c60,topology_preserving_label_randomization,c60,topology_preserving_label_randomization__c60:C60_e_026,c60:C60_e_026,topology_preserving_label_randomization__c60:C60_13,topology_preserving_label_randomization__c60:C60_14,c60:C60_13,c60:C60_14,single,1.45,sp2_sp2,curved_fullerene_pi_network,curved_fullerene_sigma_cage,topology preserved; edge labels randomized from global scaffold pools,synthetic_control_only
topology_preserving_label_randomization__c60,topology_preserving_label_randomization,c60,topology_preserving_label_randomization__c60:C60_e_027,c60:C60_e_027,topology_preserving_label_randomization__c60:C60_13,topology_preserving_label_randomization__c60:C60_51,c60:C60_13,c60:C60_51,5_6,1.4,sp2_sp2,curved_fullerene_pi_network,curved_fullerene_sigma_cage,topology preserved; edge labels randomized from global scaffold pools,synthetic_control_only
topology_preserving_label_randomization__c60,topology_preserving_label_randomization,c60,topology_preserving_label_randomization__c60:C60_e_028,c60:C60_e_028,topology_preserving_label_randomization__c60:C60_14,topology_preserving_label_randomization__c60:C60_56,c60:C60_14,c60:C60_56,5_6,1.4,sp2_sp2,curved_fullerene_pi_network,curved_fullerene_sigma_cage,topology preserved; edge labels randomized from global scaffold pools,synthetic_control_only
topology_preserving_label_randomization__c60,topology_preserving_label_randomization,c60,topology_preserving_label_randomization__c60:C60_e_029,c60:C60_e_029,topology_preserving_label_randomization__c60:C60_15,topology_preserving_label_randomization__c60:C60_16,c60:C60_15,c60:C60_16,5_6,1.45,sp2_sp2,curved_fullerene_pi_network,curved_fullerene_sigma_cage,topology preserved; edge labels randomized from global scaffold pools,synthetic_control_only
topology_preserving_label_randomization__c60,topology_preserving_label_randomization,c60,topology_preserving_label_randomization__c60:C60_e_030,c60:C60_e_030,topology_preserving_label_randomization__c60:C60_15,topology_preserving_label_randomization__c60:C60_17,c60:C60_15,c60:C60_17,5_6,1.45,sp2_sp2,curved_fullerene_pi_network,curved_fullerene_sigma_cage,topology preserved; edge labels randomized from global scaffold pools,synthetic_control_only
topology_preserving_label_randomization__c60,topology_preserving_label_randomization,c60,topology_preserving_label_randomization__c60:C60_e_031,c60:C60_e_031,topology_preserving_label_randomization__c60:C60_16,topology_preserving_label_randomization__c60:C60_19,c60:C60_16,c60:C60_19,6_6,1.45,sp2_sp2,curved_fullerene_pi_network,curved_fullerene_sigma_cage,topology preserved; edge labels randomized from global scaffold pools,synthetic_control_only
topology_preserving_label_randomization__c60,topology_preserving_label_randomization,c60,topology_preserving_label_randomization__c60:C60_e_032,c60:C60_e_032,topology_preserving_label_randomization__c60:C60_16,topology_preserving_label_randomization__c60:C60_21,c60:C60_16,c60:C60_21,6_6,1.4,sp2_sp2,curved_fullerene_pi_network,curved_fullerene_sigma_cage,topology preserved; edge labels randomized from global scaffold pools,synthetic_control_only
topology_preserving_label_randomization__c60,topology_preserving_label_randomization,c60,topology_preserving_label_randomization__c60:C60_e_033,c60:C60_e_033,topology_preserving_label_randomization__c60:C60_17,topology_preserving_label_randomization__c60:C60_18,c60:C60_17,c60:C60_18,aromatic,1.45,sp2_sp2,curved_fullerene_pi_network,curved_fullerene_sigma_cage,topology preserved; edge labels randomized from global scaffold pools,synthetic_control_only
topology_preserving_label_randomization__c60,topology_preserving_label_randomization,c60,topology_preserving_label_randomization__c60:C60_e_034,c60:C60_e_034,topology_preserving_label_randomization__c60:C60_17,topology_preserving_label_randomization__c60:C60_31,c60:C60_17,c60:C60_31,5_6,1.4,sp2_sp2,curved_fullerene_pi_network,curved_fullerene_sigma_cage,topology preserved; edge labels randomized from global scaffold pools,synthetic_control_only
topology_preserving_label_randomization__c60,topology_preserving_label_randomization,c60,topology_preserving_label_randomization__c60:C60_e_035,c60:C60_e_035,topology_preserving_label_randomization__c60:C60_18,topology_preserving_label_randomization__c60:C60_19,c60:C60_18,c60:C60_19,5_6,1.45,sp2_sp2,curved_fullerene_pi_network,curved_fullerene_sigma_cage,topology preserved; edge labels randomized from global scaffold pools,synthetic_control_only
topology_preserving_label_randomization__c60,topology_preserving_label_randomization,c60,topology_preserving_label_randomization__c60:C60_e_036,c60:C60_e_036,topology_preserving_label_randomization__c60:C60_18,topology_preserving_label_randomization__c60:C60_41,c60:C60_18,c60:C60_41,5_6,1.4,sp2_sp2,curved_fullerene_pi_network,curved_fullerene_sigma_cage,topology preserved; edge labels randomized from global scaffold pools,synthetic_control_only
topology_preserving_label_randomization__c60,topology_preserving_label_randomization,c60,topology_preserving_label_randomization__c60:C60_e_037,c60:C60_e_037,topology_preserving_label_randomization__c60:C60_19,topology_preserving_label_randomization__c60:C60_46,c60:C60_19,c60:C60_46,6_6,1.4,sp2_sp2,curved_fullerene_pi_network,curved_fullerene_sigma_cage,topology preserved; edge labels randomized from global scaffold pools,synthetic_control_only
topology_preserving_label_randomization__c60,topology_preserving_label_randomization,c60,topology_preserving_label_randomization__c60:C60_e_038,c60:C60_e_038,topology_preserving_label_randomization__c60:C60_20,topology_preserving_label_randomization__c60:C60_21,c60:C60_20,c60:C60_21,single,1.45,sp2_sp2,curved_fullerene_pi_network,curved_fullerene_sigma_cage,topology preserved; edge labels randomized from global scaffold pools,synthetic_control_only
topology_preserving_label_randomization__c60,topology_preserving_label_randomization,c60,topology_preserving_label_randomization__c60:C60_e_039,c60:C60_e_039,topology_preserving_label_randomization__c60:C60_20,topology_preserving_label_randomization__c60:C60_24,c60:C60_20,c60:C60_24,5_6,1.45,sp2_sp2,curved_fullerene_pi_network,curved_fullerene_sigma_cage,topology preserved; edge labels randomized from global scaffold pools,synthetic_control_only
topology_preserving_label_randomization__c60,topology_preserving_label_randomization,c60,topology_preserving_label_randomization__c60:C60_e_040,c60:C60_e_040,topology_preserving_label_randomization__c60:C60_21,topology_preserving_label_randomization__c60:C60_23,c60:C60_21,c60:C60_23,single,1.45,sp2_sp2,curved_fullerene_pi_network,curved_fullerene_sigma_cage,topology preserved; edge labels randomized from global scaffold pools,synthetic_control_only
topology_preserving_label_randomization__c60,topology_preserving_label_randomization,c60,topology_preserving_label_randomization__c60:C60_e_041,c60:C60_e_041,topology_preserving_label_randomization__c60:C60_22,topology_preserving_label_randomization__c60:C60_23,c60:C60_22,c60:C60_23,5_6,1.45,sp2_sp2,curved_fullerene_pi_network,curved_fullerene_sigma_cage,topology preserved; edge labels randomized from global scaffold pools,synthetic_control_only
topology_preserving_label_randomization__c60,topology_preserving_label_randomization,c60,topology_preserving_label_randomization__c60:C60_e_042,c60:C60_e_042,topology_preserving_label_randomization__c60:C60_22,topology_preserving_label_randomization__c60:C60_24,c60:C60_22,c60:C60_24,5_6,1.45,sp2_sp2,curved_fullerene_pi_network,curved_fullerene_sigma_cage,topology preserved; edge labels randomized from global scaffold pools,synthetic_control_only
topology_preserving_label_randomization__c60,topology_preserving_label_randomization,c60,topology_preserving_label_randomization__c60:C60_e_043,c60:C60_e_043,topology_preserving_label_randomization__c60:C60_22,topology_preserving_label_randomization__c60:C60_27,c60:C60_22,c60:C60_27,5_6,1.4,sp2_sp2,curved_fullerene_pi_network,curved_fullerene_sigma_cage,topology preserved; edge labels randomized from global scaffold pools,synthetic_control_only
topology_preserving_label_randomization__c60,topology_preserving_label_randomization,c60,topology_preserving_label_randomization__c60:C60_e_044,c60:C60_e_044,topology_preserving_label_randomization__c60:C60_23,topology_preserving_label_randomization__c60:C60_47,c60:C60_23,c60:C60_47,5_6,1.4,sp2_sp2,curved_fullerene_pi_network,curved_fullerene_sigma_cage,topology preserved; edge labels randomized from global scaffold pools,synthetic_control_only
topology_preserving_label_randomization__c60,topology_preserving_label_randomization,c60,topology_preserving_label_randomization__c60:C60_e_045,c60:C60_e_045,topology_preserving_label_randomization__c60:C60_24,topology_preserving_label_randomization__c60:C60_57,c60:C60_24,c60:C60_57,5_6,1.4,sp2_sp2,curved_fullerene_pi_network,curved_fullerene_sigma_cage,topology preserved; edge labels randomized from global scaffold pools,synthetic_control_only
topology_preserving_label_randomization__c60,topology_preserving_label_randomization,c60,topology_preserving_label_randomization__c60:C60_e_046,c60:C60_e_046,topology_preserving_label_randomization__c60:C60_25,topology_preserving_label_randomization__c60:C60_26,c60:C60_25,c60:C60_26,5_6,1.45,sp2_sp2,curved_fullerene_pi_network,curved_fullerene_sigma_cage,topology preserved; edge labels randomized from global scaffold pools,synthetic_control_only
topology_preserving_label_randomization__c60,topology_preserving_label_randomization,c60,topology_preserving_label_randomization__c60:C60_e_047,c60:C60_e_047,topology_preserving_label_randomization__c60:C60_25,topology_preserving_label_randomization__c60:C60_29,c60:C60_25,c60:C60_29,5_6,1.45,sp2_sp2,curved_fullerene_pi_network,curved_fullerene_sigma_cage,topology preserved; edge labels randomized from global scaffold pools,synthetic_control_only
topology_preserving_label_randomization__c60,topology_preserving_label_randomization,c60,topology_preserving_label_randomization__c60:C60_e_048,c60:C60_e_048,topology_preserving_label_randomization__c60:C60_26,topology_preserving_label_randomization__c60:C60_28,c60:C60_26,c60:C60_28,5_6,1.45,sp2_sp2,curved_fullerene_pi_network,curved_fullerene_sigma_cage,topology preserved; edge labels randomized from global scaffold pools,synthetic_control_only
topology_preserving_label_randomization__c60,topology_preserving_label_randomization,c60,topology_preserving_label_randomization__c60:C60_e_049,c60:C60_e_049,topology_preserving_label_randomization__c60:C60_27,topology_preserving_label_randomization__c60:C60_28,c60:C60_27,c60:C60_28,5_6,1.45,sp2_sp2,curved_fullerene_pi_network,curved_fullerene_sigma_cage,topology preserved; edge labels randomized from global scaffold pools,synthetic_control_only
topology_preserving_label_randomization__c60,topology_preserving_label_randomization,c60,topology_preserving_label_randomization__c60:C60_e_050,c60:C60_e_050,topology_preserving_label_randomization__c60:C60_27,topology_preserving_label_randomization__c60:C60_29,c60:C60_27,c60:C60_29,5_6,1.45,sp2_sp2,curved_fullerene_pi_network,curved_fullerene_sigma_cage,topology preserved; edge labels randomized from global scaffold pools,synthetic_control_only
topology_preserving_label_randomization__c60,topology_preserving_label_randomization,c60,topology_preserving_label_randomization__c60:C60_e_051,c60:C60_e_051,topology_preserving_label_randomization__c60:C60_28,topology_preserving_label_randomization__c60:C60_48,c60:C60_28,c60:C60_48,5_6,1.4,sp2_sp2,curved_fullerene_pi_network,curved_fullerene_sigma_cage,topology preserved; edge labels randomized from global scaffold pools,synthetic_control_only
topology_preserving_label_randomization__c60,topology_preserving_label_randomization,c60,topology_preserving_label_randomization__c60:C60_e_052,c60:C60_e_052,topology_preserving_label_randomization__c60:C60_29,topology_preserving_label_randomization__c60:C60_58,c60:C60_29,c60:C60_58,5_6,1.4,sp2_sp2,curved_fullerene_pi_network,curved_fullerene_sigma_cage,topology preserved; edge labels randomized from global scaffold pools,synthetic_control_only
topology_preserving_label_randomization__c60,topology_preserving_label_randomization,c60,topology_preserving_label_randomization__c60:C60_e_053,c60:C60_e_053,topology_preserving_label_randomization__c60:C60_30,topology_preserving_label_randomization__c60:C60_31,c60:C60_30,c60:C60_31,5_6,1.45,sp2_sp2,curved_fullerene_pi_network,curved_fullerene_sigma_cage,topology preserved; edge labels randomized from global scaffold pools,synthetic_control_only
topology_preserving_label_randomization__c60,topology_preserving_label_randomization,c60,topology_preserving_label_randomization__c60:C60_e_054,c60:C60_e_054,topology_preserving_label_randomization__c60:C60_30,topology_preserving_label_randomization__c60:C60_34,c60:C60_30,c60:C60_34,6_6,1.45,sp2_sp2,curved_fullerene_pi_network,curved_fullerene_sigma_cage,topology preserved; edge labels randomized from global scaffold pools,synthetic_control_only
topology_preserving_label_randomization__c60,topology_preserving_label_randomization,c60,topology_preserving_label_randomization__c60:C60_e_055,c60:C60_e_055,topology_preserving_label_randomization__c60:C60_31,topology_preserving_label_randomization__c60:C60_33,c60:C60_31,c60:C60_33,5_6,1.45,sp2_sp2,curved_fullerene_pi_network,curved_fullerene_sigma_cage,topology preserved; edge labels randomized from global scaffold pools,synthetic_control_only
topology_preserving_label_randomization__c60,topology_preserving_label_randomization,c60,topology_preserving_label_randomization__c60:C60_e_056,c60:C60_e_056,topology_preserving_label_randomization__c60:C60_32,topology_preserving_label_randomization__c60:C60_33,c60:C60_32,c60:C60_33,5_6,1.45,sp2_sp2,curved_fullerene_pi_network,curved_fullerene_sigma_cage,topology preserved; edge labels randomized from global scaffold pools,synthetic_control_only
topology_preserving_label_randomization__c60,topology_preserving_label_randomization,c60,topology_preserving_label_randomization__c60:C60_e_057,c60:C60_e_057,topology_preserving_label_randomization__c60:C60_32,topology_preserving_label_randomization__c60:C60_34,c60:C60_32,c60:C60_34,5_6,1.45,sp2_sp2,curved_fullerene_pi_network,curved_fullerene_sigma_cage,topology preserved; edge labels randomized from global scaffold pools,synthetic_control_only
topology_preserving_label_randomization__c60,topology_preserving_label_randomization,c60,topology_preserving_label_randomization__c60:C60_e_058,c60:C60_e_058,topology_preserving_label_randomization__c60:C60_32,topology_preserving_label_randomization__c60:C60_37,c60:C60_32,c60:C60_37,5_6,1.4,sp2_sp2,curved_fullerene_pi_network,curved_fullerene_sigma_cage,topology preserved; edge labels randomized from global scaffold pools,synthetic_control_only
topology_preserving_label_randomization__c60,topology_preserving_label_randomization,c60,topology_preserving_label_randomization__c60:C60_e_059,c60:C60_e_059,topology_preserving_label_randomization__c60:C60_33,topology_preserving_label_randomization__c60:C60_42,c60:C60_33,c60:C60_42,5_6,1.4,sp2_sp2,curved_fullerene_pi_network,curved_fullerene_sigma_cage,topology preserved; edge labels randomized from global scaffold pools,synthetic_control_only
topology_preserving_label_randomization__c60,topology_preserving_label_randomization,c60,topology_preserving_label_randomization__c60:C60_e_060,c60:C60_e_060,topology_preserving_label_randomization__c60:C60_34,topology_preserving_label_randomization__c60:C60_52,c60:C60_34,c60:C60_52,single,1.4,sp2_sp2,curved_fullerene_pi_network,curved_fullerene_sigma_cage,topology preserved; edge labels randomized from global scaffold pools,synthetic_control_only
topology_preserving_label_randomization__c60,topology_preserving_label_randomization,c60,topology_preserving_label_randomization__c60:C60_e_061,c60:C60_e_061,topology_preserving_label_randomization__c60:C60_35,topology_preserving_label_randomization__c60:C60_36,c60:C60_35,c60:C60_36,5_6,1.45,sp2_sp2,curved_fullerene_pi_network,curved_fullerene_sigma_cage,topology preserved; edge labels randomized from global scaffold pools,synthetic_control_only
topology_preserving_label_randomization__c60,topology_preserving_label_randomization,c60,topology_preserving_label_randomization__c60:C60_e_062,c60:C60_e_062,topology_preserving_label_randomization__c60:C60_35,topology_preserving_label_randomization__c60:C60_39,c60:C60_35,c60:C60_39,single,1.45,sp2_sp2,curved_fullerene_pi_network,curved_fullerene_sigma_cage,topology preserved; edge labels randomized from global scaffold pools,synthetic_control_only
topology_preserving_label_randomization__c60,topology_preserving_label_randomization,c60,topology_preserving_label_randomization__c60:C60_e_063,c60:C60_e_063,topology_preserving_label_randomization__c60:C60_36,topology_preserving_label_randomization__c60:C60_38,c60:C60_36,c60:C60_38,5_6,1.45,sp2_sp2,curved_fullerene_pi_network,curved_fullerene_sigma_cage,topology preserved; edge labels randomized from global scaffold pools,synthetic_control_only
topology_preserving_label_randomization__c60,topology_preserving_label_randomization,c60,topology_preserving_label_randomization__c60:C60_e_064,c60:C60_e_064,topology_preserving_label_randomization__c60:C60_37,topology_preserving_label_randomization__c60:C60_38,c60:C60_37,c60:C60_38,5_6,1.45,sp2_sp2,curved_fullerene_pi_network,curved_fullerene_sigma_cage,topology preserved; edge labels randomized from global scaffold pools,synthetic_control_only
topology_preserving_label_randomization__c60,topology_preserving_label_randomization,c60,topology_preserving_label_randomization__c60:C60_e_065,c60:C60_e_065,topology_preserving_label_randomization__c60:C60_37,topology_preserving_label_randomization__c60:C60_39,c60:C60_37,c60:C60_39,5_6,1.45,sp2_sp2,curved_fullerene_pi_network,curved_fullerene_sigma_cage,topology preserved; edge labels randomized from global scaffold pools,synthetic_control_only
topology_preserving_label_randomization__c60,topology_preserving_label_randomization,c60,topology_preserving_label_randomization__c60:C60_e_066,c60:C60_e_066,topology_preserving_label_randomization__c60:C60_38,topology_preserving_label_randomization__c60:C60_43,c60:C60_38,c60:C60_43,5_6,1.4,sp2_sp2,curved_fullerene_pi_network,curved_fullerene_sigma_cage,topology preserved; edge labels randomized from global scaffold pools,synthetic_control_only
topology_preserving_label_randomization__c60,topology_preserving_label_randomization,c60,topology_preserving_label_randomization__c60:C60_e_067,c60:C60_e_067,topology_preserving_label_randomization__c60:C60_39,topology_preserving_label_randomization__c60:C60_53,c60:C60_39,c60:C60_53,5_6,1.4,sp2_sp2,curved_fullerene_pi_network,curved_fullerene_sigma_cage,topology preserved; edge labels randomized from global scaffold pools,synthetic_control_only
topology_preserving_label_randomization__c60,topology_preserving_label_randomization,c60,topology_preserving_label_randomization__c60:C60_e_068,c60:C60_e_068,topology_preserving_label_randomization__c60:C60_40,topology_preserving_label_randomization__c60:C60_43,c60:C60_40,c60:C60_43,5_6,1.45,sp2_sp2,curved_fullerene_pi_network,curved_fullerene_sigma_cage,topology preserved; edge labels randomized from global scaffold pools,synthetic_control_only
topology_preserving_label_randomization__c60,topology_preserving_label_randomization,c60,topology_preserving_label_randomization__c60:C60_e_069,c60:C60_e_069,topology_preserving_label_randomization__c60:C60_40,topology_preserving_label_randomization__c60:C60_44,c60:C60_40,c60:C60_44,6_6,1.45,sp2_sp2,curved_fullerene_pi_network,curved_fullerene_sigma_cage,topology preserved; edge labels randomized from global scaffold pools,synthetic_control_only
topology_preserving_label_randomization__c60,topology_preserving_label_randomization,c60,topology_preserving_label_randomization__c60:C60_e_070,c60:C60_e_070,topology_preserving_label_randomization__c60:C60_41,topology_preserving_label_randomization__c60:C60_42,c60:C60_41,c60:C60_42,6_6,1.45,sp2_sp2,curved_fullerene_pi_network,curved_fullerene_sigma_cage,topology preserved; edge labels randomized from global scaffold pools,synthetic_control_only
topology_preserving_label_randomization__c60,topology_preserving_label_randomization,c60,topology_preserving_label_randomization__c60:C60_e_071,c60:C60_e_071,topology_preserving_label_randomization__c60:C60_41,topology_preserving_label_randomization__c60:C60_44,c60:C60_41,c60:C60_44,6_6,1.45,sp2_sp2,curved_fullerene_pi_network,curved_fullerene_sigma_cage,topology preserved; edge labels randomized from global scaffold pools,synthetic_control_only
topology_preserving_label_randomization__c60,topology_preserving_label_randomization,c60,topology_preserving_label_randomization__c60:C60_e_072,c60:C60_e_072,topology_preserving_label_randomization__c60:C60_42,topology_preserving_label_randomization__c60:C60_43,c60:C60_42,c60:C60_43,6_6,1.45,sp2_sp2,curved_fullerene_pi_network,curved_fullerene_sigma_cage,topology preserved; edge labels randomized from global scaffold pools,synthetic_control_only
topology_preserving_label_randomization__c60,topology_preserving_label_randomization,c60,topology_preserving_label_randomization__c60:C60_e_073,c60:C60_e_073,topology_preserving_label_randomization__c60:C60_44,topology_preserving_label_randomization__c60:C60_49,c60:C60_44,c60:C60_49,aromatic,1.4,sp2_sp2,curved_fullerene_pi_network,curved_fullerene_sigma_cage,topology preserved; edge labels randomized from global scaffold pools,synthetic_control_only
topology_preserving_label_randomization__c60,topology_preserving_label_randomization,c60,topology_preserving_label_randomization__c60:C60_e_074,c60:C60_e_074,topology_preserving_label_randomization__c60:C60_45,topology_preserving_label_randomization__c60:C60_48,c60:C60_45,c60:C60_48,5_6,1.45,sp2_sp2,curved_fullerene_pi_network,curved_fullerene_sigma_cage,topology preserved; edge labels randomized from global scaffold pools,synthetic_control_only
topology_preserving_label_randomization__c60,topology_preserving_label_randomization,c60,topology_preserving_label_randomization__c60:C60_e_075,c60:C60_e_075,topology_preserving_label_randomization__c60:C60_45,topology_preserving_label_randomization__c60:C60_49,c60:C60_45,c60:C60_49,5_6,1.45,sp2_sp2,curved_fullerene_pi_network,curved_fullerene_sigma_cage,topology preserved; edge labels randomized from global scaffold pools,synthetic_control_only
topology_preserving_label_randomization__c60,topology_preserving_label_randomization,c60,topology_preserving_label_randomization__c60:C60_e_076,c60:C60_e_076,topology_preserving_label_randomization__c60:C60_46,topology_preserving_label_randomization__c60:C60_47,c60:C60_46,c60:C60_47,6_6,1.45,sp2_sp2,curved_fullerene_pi_network,curved_fullerene_sigma_cage,topology preserved; edge labels randomized from global scaffold pools,synthetic_control_only
topology_preserving_label_randomization__c60,topology_preserving_label_randomization,c60,topology_preserving_label_randomization__c60:C60_e_077,c60:C60_e_077,topology_preserving_label_randomization__c60:C60_46,topology_preserving_label_randomization__c60:C60_49,c60:C60_46,c60:C60_49,5_6,1.45,sp2_sp2,curved_fullerene_pi_network,curved_fullerene_sigma_cage,topology preserved; edge labels randomized from global scaffold pools,synthetic_control_only
topology_preserving_label_randomization__c60,topology_preserving_label_randomization,c60,topology_preserving_label_randomization__c60:C60_e_078,c60:C60_e_078,topology_preserving_label_randomization__c60:C60_47,topology_preserving_label_randomization__c60:C60_48,c60:C60_47,c60:C60_48,aromatic,1.45,sp2_sp2,curved_fullerene_pi_network,curved_fullerene_sigma_cage,topology preserved; edge labels randomized from global scaffold pools,synthetic_control_only
topology_preserving_label_randomization__c60,topology_preserving_label_randomization,c60,topology_preserving_label_randomization__c60:C60_e_079,c60:C60_e_079,topology_preserving_label_randomization__c60:C60_50,topology_preserving_label_randomization__c60:C60_53,c60:C60_50,c60:C60_53,5_6,1.45,sp2_sp2,curved_fullerene_pi_network,curved_fullerene_sigma_cage,topology preserved; edge labels randomized from global scaffold pools,synthetic_control_only
topology_preserving_label_randomization__c60,topology_preserving_label_randomization,c60,topology_preserving_label_randomization__c60:C60_e_080,c60:C60_e_080,topology_preserving_label_randomization__c60:C60_50,topology_preserving_label_randomization__c60:C60_54,c60:C60_50,c60:C60_54,5_6,1.45,sp2_sp2,curved_fullerene_pi_network,curved_fullerene_sigma_cage,topology preserved; edge labels randomized from global scaffold pools,synthetic_control_only
topology_preserving_label_randomization__c60,topology_preserving_label_randomization,c60,topology_preserving_label_randomization__c60:C60_e_081,c60:C60_e_081,topology_preserving_label_randomization__c60:C60_51,topology_preserving_label_randomization__c60:C60_52,c60:C60_51,c60:C60_52,6_6,1.45,sp2_sp2,curved_fullerene_pi_network,curved_fullerene_sigma_cage,topology preserved; edge labels randomized from global scaffold pools,synthetic_control_only
topology_preserving_label_randomization__c60,topology_preserving_label_randomization,c60,topology_preserving_label_randomization__c60:C60_e_082,c60:C60_e_082,topology_preserving_label_randomization__c60:C60_51,topology_preserving_label_randomization__c60:C60_54,c60:C60_51,c60:C60_54,6_6,1.45,sp2_sp2,curved_fullerene_pi_network,curved_fullerene_sigma_cage,topology preserved; edge labels randomized from global scaffold pools,synthetic_control_only
topology_preserving_label_randomization__c60,topology_preserving_label_randomization,c60,topology_preserving_label_randomization__c60:C60_e_083,c60:C60_e_083,topology_preserving_label_randomization__c60:C60_52,topology_preserving_label_randomization__c60:C60_53,c60:C60_52,c60:C60_53,single,1.45,sp2_sp2,curved_fullerene_pi_network,curved_fullerene_sigma_cage,topology preserved; edge labels randomized from global scaffold pools,synthetic_control_only
topology_preserving_label_randomization__c60,topology_preserving_label_randomization,c60,topology_preserving_label_randomization__c60:C60_e_084,c60:C60_e_084,topology_preserving_label_randomization__c60:C60_54,topology_preserving_label_randomization__c60:C60_59,c60:C60_54,c60:C60_59,6_6,1.4,sp2_sp2,curved_fullerene_pi_network,curved_fullerene_sigma_cage,topology preserved; edge labels randomized from global scaffold pools,synthetic_control_only
topology_preserving_label_randomization__c60,topology_preserving_label_randomization,c60,topology_preserving_label_randomization__c60:C60_e_085,c60:C60_e_085,topology_preserving_label_randomization__c60:C60_55,topology_preserving_label_randomization__c60:C60_58,c60:C60_55,c60:C60_58,6_6,1.45,sp2_sp2,curved_fullerene_pi_network,curved_fullerene_sigma_cage,topology preserved; edge labels randomized from global scaffold pools,synthetic_control_only
topology_preserving_label_randomization__c60,topology_preserving_label_randomization,c60,topology_preserving_label_randomization__c60:C60_e_086,c60:C60_e_086,topology_preserving_label_randomization__c60:C60_55,topology_preserving_label_randomization__c60:C60_59,c60:C60_55,c60:C60_59,5_6,1.45,sp2_sp2,curved_fullerene_pi_network,curved_fullerene_sigma_cage,topology preserved; edge labels randomized from global scaffold pools,synthetic_control_only
topology_preserving_label_randomization__c60,topology_preserving_label_randomization,c60,topology_preserving_label_randomization__c60:C60_e_087,c60:C60_e_087,topology_preserving_label_randomization__c60:C60_56,topology_preserving_label_randomization__c60:C60_57,c60:C60_56,c60:C60_57,single,1.45,sp2_sp2,curved_fullerene_pi_network,curved_fullerene_sigma_cage,topology preserved; edge labels randomized from global scaffold pools,synthetic_control_only
topology_preserving_label_randomization__c60,topology_preserving_label_randomization,c60,topology_preserving_label_randomization__c60:C60_e_088,c60:C60_e_088,topology_preserving_label_randomization__c60:C60_56,topology_preserving_label_randomization__c60:C60_59,c60:C60_56,c60:C60_59,6_6,1.45,sp2_sp2,curved_fullerene_pi_network,curved_fullerene_sigma_cage,topology preserved; edge labels randomized from global scaffold pools,synthetic_control_only
topology_preserving_label_randomization__c60,topology_preserving_label_randomization,c60,topology_preserving_label_randomization__c60:C60_e_089,c60:C60_e_089,topology_preserving_label_randomization__c60:C60_57,topology_preserving_label_randomization__c60:C60_58,c60:C60_57,c60:C60_58,aromatic,1.45,sp2_sp2,curved_fullerene_pi_network,curved_fullerene_sigma_cage,topology preserved; edge labels randomized from global scaffold pools,synthetic_control_only
topology_preserving_label_randomization__ethyne,topology_preserving_label_randomization,ethyne,topology_preserving_label_randomization__ethyne:Eth_e_00,ethyne:Eth_e_00,topology_preserving_label_randomization__ethyne:Eth_00,topology_preserving_label_randomization__ethyne:Eth_01,ethyne:Eth_00,ethyne:Eth_01,5_6,3.0,sp_sp,linear_triple_bond_pi_pair,linear_sigma_axis,topology preserved; edge labels randomized from global scaffold pools,synthetic_control_only
