warning_id,artifact_id,warning_status,message
e5ff701d95212806ef0f3325328f40d0832a5e5d63481d20ca33d01f100bd2e3,f2f37757ee833d327df11c54b0d27622ce4fd44d0230648fbb22c4c01cb87d0a,warning,Large text/markdown stored as preview for this patch run.
9c28dadc55d2df7e20af7b3bf932df887f502768547bd67fc91757ef80e2778f,0a90f8160f783d57f1219ebe63da6fa82678c0a212da964f091754ceab1a7a71,warning,Large text/markdown stored as preview for this patch run.
cd5be7e1fb00765f1618378a91331eb0afc67ea6a7973dbb38be1259e9341be8,2dfd4e70e452c872baf5d807f446c613b4ed6b0be8b9b30255820448f1924471,warning,Large text/markdown stored as preview for this patch run.
588b8c1c1fab3169fe62c1d9c325ba75daf98592d851793daef0e5d9686ae836,e2b00be5b7f09ad0af30cd05e7fcffb9b331e35f187f4c767f9c89e0485d1bca,warning,Large text/markdown stored as preview for this patch run.
7192f61b2cc97c2d320ab935aaff70afe9745319125764402179c7157b46283e,8095eefb71a53125106d9ffbee07fec12db5e03287cb66f76122c2702e6b9f34,warning,Large text/markdown stored as preview for this patch run.
15c161ccf996efaa0a270bf1412564effd2822ea5ddeb63fd6086cc4985caa1e,d9782dcf25c35c8bf2faf45ad050c2896a4b70f237d42444e156b2aba61a4498,warning,Large text/markdown stored as preview for this patch run.
66c56f16cfa23e6fdad229e510fdac597e6ffd306ab0c9cf12930ad4986c33ab,3fdf64b25b7328ce54305436270eaa2397b3d8866f789159a434d763c39af104,warning,Large text/markdown stored as preview for this patch run.
40c003250e78f612c1c27a542b32b78641629d6ff8d40b7bd1e0e53070d6fca1,32d27936a88847be0f3ccdb932bb0baf6462548e6189b046396610ffdc47189c,warning,Large text/markdown stored as preview for this patch run.
079b0d4faee90fc795d149550dd53fe2e6b308ec148c51ffe9199456bf74ce3b,54fcbef948dbca58b28c83f728fba84076789a7c14f4d10c74a1513894de6e57,warning,Large text/markdown stored as preview for this patch run.
7920527ae12705b88a83838c56103069699b0a5d2c15546ed02aa9ad528530da,fa5b1180eef509b22a0432b7b6344d8540b007cadabd290587eecc1967ef1da6,warning,Large text/markdown stored as preview for this patch run.
6bb4c57311a4a8b7a94750d550539d1a3fb5e7f7ea76c3d06cb4f0988b5bf562,901c8759d69bfc2ce8b1cf6c60892d514febe220a6366467c4b0fbc7d9f939c7,warning,Large text/markdown stored as preview for this patch run.
ee221f36af15eebb6fdf1a4d276135b84b1d722beacf0ac8170522ea556bfa39,98184c5a873b916ba5be9c00d3a8cc34b0eb281fba5537b7dcce48138ebddd37,warning,Large text/markdown stored as preview for this patch run.
218765e797bf73cda3485a07d2c70611fd28ea708908e5e7bcc5d071e004952f,a1bbce27beb582fc29d8ba3ac37ff4fe68760abdcc71417d4a54700ea1f0348e,warning,Large text/markdown stored as preview for this patch run.
2b8db730265f5f480868cfa0d3ca116018812af8fa0e62c0c299bbf607f7179c,694caea3a9a2b0ec16383244c5000ed1707aeed3cc33ae83e64b3cfbabe3c882,warning,Large text/markdown stored as preview for this patch run.
9054604ceab50d1238d1fd4010d53184fb68e46e19604060c63fb67fdc6137e6,28828797068f6a08c58b42ff37d6e7ccbe9dfeb5e6020747fc684474e86b156b,warning,Large text/markdown stored as preview for this patch run.
8e8a934a434f50e56944c95cbdbe394aebe14da7b2d754607106d30843e9a944,82774485654351914252182c6dec0560da19a6ec8999225cd46b977f4a1800b3,warning,Large text/markdown stored as preview for this patch run.
c3a394cc60177aa03be7e828e80b8f8f96b28bf256368f0ca32f3a702028daf6,207368ed61efbac58d08c51633d1ec9ad71ac83ab46b64d7862dfdf2f7fd390c,warning,Large text/markdown stored as preview for this patch run.
9cd884f71732469ed9ea599ee29d75e9ca3f6f2c806ceb3c3813cc0f28a6aafe,787d45b08a095524f56504db098b402d517c42c85e040509ed3b2c923b49fb9a,warning,Large text/markdown stored as preview for this patch run.
2a28f73a83265e4b54f7cab6ebe1454e869be78304a815185c7ed514348e9d69,90a1392cd88c3ed0fabde75803bea3248a944bb7b535e4ccb2893c76cb432cae,warning,Large text/markdown stored as preview for this patch run.
e93189bf566058b4f2fa0e6331f5818a3f76f267c6131dbc195f47ffaef57312,496ec54e87fad2cfeea90d6437ede6a490e1dbbfbc823ba559787a115f062099,warning,Large text/markdown stored as preview for this patch run.
8b8689fdcafb5455e6eaa7751404404227c74cb78b1cda633742e8d94e03c1f5,067e536b996f1a948e527dd6672f4e0e1d99be70dc109362c973a0515d337e03,warning,Large text/markdown stored as preview for this patch run.
09537e670982a45c531edf758bb1d35938f45055753cae352f1ea0612e92eab1,0f8668d28f829e376b598668ffcab3c7ad52d6ebc65fad7f590ce065c21d3087,warning,Large text/markdown stored as preview for this patch run.
85b5dc33979c1f7fa0f45e26127e04ef56d0fc859f6205560bf35dbadd6b0baa,01b7a5d1c3013cdf1bb05eb8af9cdfb6e8083457531e5f54c3da1f1e21ecd299,warning,Large text/markdown stored as preview for this patch run.
9311ba955e9825e05afe76c0ff0a6bf0cf4bd3be93453bd311dba23f9566af67,95fe5b227010b57fc8d598ada8531bd7f335cf8ac0b9593f8e0f652512deccbf,warning,Large text/markdown stored as preview for this patch run.
e08ed6abf182cd76256c24ebe10f6e3f5654b4062543e36e67e327a901d6deb4,77da7f4e4d5942496b2494cf0717ecbe5fa5c3198d69a0edd51fe4d922bfce33,warning,Large text/markdown stored as preview for this patch run.
30d93c3592ae87466a688a09fa62423e02969543992cd54a00eeaa60c2a5b58c,d3d2d445ba5524b36accd1bddc2723672f518f032e338081a8449d6f3dbb5694,warning,Large text/markdown stored as preview for this patch run.
1802894a3788866be08e7afa240ca8d47f22760477aaab54dae2664a1955fcaf,519171a93ed66f95c6d6406913a57164090d9f54236e16bbd43cc89294cde9a5,warning,Large text/markdown stored as preview for this patch run.
542ea3f4dc3daf7d354c2e998a3eae2e1c0917c0183ed1dfcb718e99f886064f,4ea181fa9cadefd41f41c92f3f363aa44e6b17207ec49a2056bbf0625cabab0a,warning,Large text/markdown stored as preview for this patch run.
30f6d0a7d4e1db11bdf3e003dd482147d81f36ad823ec0269d4a3742ea3d092e,f9ffab1e9d671559b3dcf64c7da24d87d275ba8c103be5791dab234e2a9fd9fc,warning,Large text/markdown stored as preview for this patch run.
9f623e7ae008eddc614b1e327e28ee0fa3b5144fb825e06e8a17b69b41152802,1cc782fa92d114b7d588583039feed33f0e2be1fb4e351345b422b1173ca9b06,warning,Large text/markdown stored as preview for this patch run.
ec78e12a39b11cf2088a347c2a6d34f762395121d29366fd57f3692ce20e124a,610525965e2445a44f0534433335f4bf04ebc7f77d5307020593ec97be5735fd,warning,Large text/markdown stored as preview for this patch run.
3f39b749f058749833a8cd2305efa2775d59252370593cc81b9c86933c2b3a0d,b9c65031606a12e11610784df7d599ada8b609d2e4ed7308d33a1132a8935d68,warning,Large text/markdown stored as preview for this patch run.
6d591d50447aa4f8a7b6fcc8dc78d58676c6ba519bf80bcf3b89be5f6eb938a1,66387b104988e52a3d6f6bb00d26f568bbca08fcdfc12ede2212d624dff5627a,warning,Large text/markdown stored as preview for this patch run.
7d99ec1a6c5b244e104d67191b401bb1d3c27f9f0d8039efe40dd726a27c659c,01beeebeebd44ebc51b8969c66e5ba514e8a80d7f609040f6e2a9552d38b47c1,warning,Large text/markdown stored as preview for this patch run.
ac6dc05ae36893a97488be6366166d9be12436863e387e90d5d46d6effd7e3f3,00e452d33a39042db771f12345611d9e0330166a8a4fee0aca51ff8bbce98f00,warning,Large text/markdown stored as preview for this patch run.
8eaf1c0417d96aa4c9bcbeeb703fef93dcc490b9e947400335b653698eb53446,312a418cceadc2921a5e0c8961df6c96553a28eab569d383dbcbd77e6a62080a,warning,Large text/markdown stored as preview for this patch run.
4ece23664adbc47b025ab693e22c5d72b5ef4c1e95ef59d6d1ed03cbfaa21e30,a0d51542d01d02985a38b9841f66928459e608442d598d77309371afefa568b1,warning,Large text/markdown stored as preview for this patch run.
f7adc79e5b85618067e0896fd543fdf5b297a726130c5e18c4fe7e54628d20da,dc38071c404d97b871b709014f5e2a5ea8966cfd4e4e5a028e6c288365047d84,warning,Large text/markdown stored as preview for this patch run.
13f099e9eab494f558f7b2de46030e61ef24ea06fc6d2d07fe72d6d3a330dbda,7a4b91aaedc3392359ae76dc5f47ce6710b55645d5d9aa8056bc61a5b2edcf5f,warning,Large text/markdown stored as preview for this patch run.
3ef0470b8201a5e061eacbc25c74fd1e119670aa058ecde51467bbc0b3104443,ea4e00fcdc48408b9b6398889e6acc0cecb3e018a73b754f204551268f14d8fe,warning,Large text/markdown stored as preview for this patch run.
ef58bf59e4a0d08e9e64709cb4194b7e2f192e1a95ef7425cd0cedc44c87cb9d,f7f6f63ec19d440cf43eac7561fbe1ca8965bcd0f2764f2e86fd0c65453e1020,warning,Large text/markdown stored as preview for this patch run.
a6fe19737b8f57549628afcb2658b6583d322c5ed40ce8d4d176f1af0b2da589,60e31e1c914c5d8a5c63a027b2516e6a18fd8d782fb0d408df532ccab7ee648f,warning,Large text/markdown stored as preview for this patch run.
5d588bc86d9454c61e8942c62dc60ce891eaed44bf2f62bae9e53d6ce18d1224,9152e068504ce299af701283f4906ed49d359275f6d944defa0034f417948a0f,warning,Large text/markdown stored as preview for this patch run.
bfaee44d574ff3e4908ee13b95debde9536be07c9070772295814e286972af82,06165bf3a9b06ec3c6ddfd15d4362c18e9b760f31e7c878d5592f26478e64a17,warning,Large text/markdown stored as preview for this patch run.
beee6f13ea0c2312200ee6c781fd4ccc66419d3fe59e81f08f82c3aec75fe2d5,becba66401e7df3052e0c8db0ac67b1ce4f7100491634b80035a0b52469a48d1,warning,Large text/markdown stored as preview for this patch run.
26615cbd3305e90df37192db9034a90993229c726a8f88e38105074456f386fb,877046d5940fe8d5bc85d5c53e089d1e5f9e2155c41b9e8ccd3be68afff59ef3,warning,Large text/markdown stored as preview for this patch run.
7f6d239b357054a14a03a9ea4612782adaafc763150b6e8c761d8149be8bc4b9,c58c019d2f524620b722f37a7fb1fb5f37557d36914d55f42155c445514160f7,warning,Large text/markdown stored as preview for this patch run.
e406eb3b1fb633b6824ddb33ebbbc002e40dd946b0df29c4ad186210f739dcb5,215f4b0e8ceac85c71a4f728cc8ceea340e792a5aa1a4d7b55df38c335c8962a,warning,Large text/markdown stored as preview for this patch run.
21de97b3f8cf44bb2e500d336e8d8c5715af6961615fa9e0def83c19fe8028a1,19d9b601236f99021be96529351e9e734afe6f09d85d70afe86d7a92a08d085d,warning,Large text/markdown stored as preview for this patch run.
bf8656781982a8544b48d8621300769b0ea23d6d0fc47e95e47f8f738275992c,3517676cc04a35d90ce86c90af05a7d0c1de91d8f4547b7224c00610d901c1dd,warning,Large text/markdown stored as preview for this patch run.
d46f808a755695635a48f118624f1a50ea841766f3bbcbc273976d6ebf59811c,a5d76a837864f1d44134a06b69bd145d08f60d611a80136ee6353bf24413eb05,warning,Large text/markdown stored as preview for this patch run.
9e4727ed34a95238b80ce648439b5754d14d0f672983104969725dcaf495da0d,6cc831ea766b0233739b8db98f09455c9d63f830a245e939ad3e8092ad14cd97,warning,'<' not supported between instances of 'NoneType' and 'str'
77a4f99d2279d95a6a94070ec171ef7fbc0cecfb6a2dba442e1d97ab1b4db3f7,0f57188e7517186bbfaf9fbde7ff8c57d8b1f1e9b0ddbb5e851a06e863d0aea7,warning,'<' not supported between instances of 'NoneType' and 'str'
e9392c5a6aa533eb2d4cad73bb1abb7de214d665cff7338e20dc28e027a8fa01,c7bcbb7c03ef3ae44779ed052d75434317265df649c122c125955f5b1a43f298,warning,'<' not supported between instances of 'NoneType' and 'str'
236e2b6bb914ab97c8a26488d74505a1f612286d2dd5bd07e1af250a7f4f34dd,7818d979b7024f41b6af737139b140b96cd27b1ae21cc7985e224f559172566f,warning,'<' not supported between instances of 'NoneType' and 'str'
11212951fea71075224e6a9365c6a9d439683afe319698f1a59a1f6bf1bfc9c3,316446f0034de5f19f8ad3f9dd1b71e6851ca86e8aad4855d9769e5e00f85ebe,warning,'<' not supported between instances of 'NoneType' and 'str'
7d3d397141b953f4e80f635ca1183bac1cf9b26351106c0caff1cbcf75755671,9c9fe8362584f6c2cc35ed52c343d98cd782342871a8c926d062126a9b64ad30,warning,'<' not supported between instances of 'NoneType' and 'str'
c62bbf6209117b6e4a35ef26eb9342b8b4b34c720ddc4dc70c400dcb567677ae,a90ec2f892b0ee0119237aec0d608090ae9781ac39374f2ffb7eb896850c1b7c,warning,'<' not supported between instances of 'NoneType' and 'str'
b65e757782e1f0f1ff461d4b790cde4dcd253d1155c760556d5eec59f918d9ae,189de469efb356ec6e1d9f5a2d7569b1264b2f7a8c41f923fe2e3aae6679eef4,warning,'<' not supported between instances of 'NoneType' and 'str'
0a27cac4386b81643de97be3be9a6b0ed3ed12c59d40da2d8a0be046f8e07c86,ca1f55883b6a6b77c4d14ffff473669d681405df22b1724f08bccc48e5bd5750,warning,Large text/markdown stored as preview for this patch run.
b5d8c1cf8696c413ad470dc0f4b7ee1aa557cfc7f38a28000a7bf361587d9ca4,4e2a36d75ec7cb93e345b01dafeb54978bf001742546a397b5b812ce59fccb3b,warning,Large text/markdown stored as preview for this patch run.
7d83ca5a5019bd49cf744d05cdc2d46934ba337d15187096a877b2a701ca2095,690b875717115cf52484b48cf29c9f7c64437f2ee2404440147f3bf519d41b73,warning,Large text/markdown stored as preview for this patch run.
4463da4a60d62c06054892798ebf449a2c9b5cd5e6307036fe9e25854a351387,e58e59a91b6dbceabd0a5181a631491342995ef0d2083d452340892785e942fb,warning,Large text/markdown stored as preview for this patch run.
a43424a8e5c294ed9d56ac576f46626a3f58ed778b4c34309feab5dbeb239112,bd526c69fc17e54e472340bc7f9730b0bb854b1df37c399e9be80dd4882e8fe2,warning,Large text/markdown stored as preview for this patch run.
ae9b03aa9ab815941312e87ae4927dcdf9f8b6ed4d5766ce0dbcb8686dc2ff8c,10775c7fcc75b8e6abe54c111b60245d5f9ad4e153e78eac76e2fc4217d4233d,warning,Large text/markdown stored as preview for this patch run.
67b755d3f63cdeca5678ad423d2a284eb10be1578843aebbcd1e81423c709856,36d51be2aa39dcdfd605d8c5e6e39a281cd43692853004229423d88c7462fc6a,warning,Large text/markdown stored as preview for this patch run.
614f6a1294d98639a7a7a3453e120bf1db388b8d9a2afbbd5c5b06ec94f322e4,56336a0f6bbcb75b05bf6f4cb59d65fbe7e5bceaa07136da91500e525becff4a,warning,Large text/markdown stored as preview for this patch run.
1f698962de352a925202d1f05b52aa4dfc838fab140a946d4daa78e060af8225,610e5445580470e4792109c28fdbab7d2e2d9ff6bc63b3514fe5d3aac780f07e,warning,Large text/markdown stored as preview for this patch run.
128777349202c42815d1d40c620d09fa3cd60cc1c04bcb4a8e2d4f94c109dd4e,d3919f83481b24cda7f29a1d93cd1211c0494a06b01b9e10d7b99b27d15ddb53,warning,Large text/markdown stored as preview for this patch run.
a50b8f3714a965cccf7af2746b7c57479e06e479b5143b715819fc99a41bc8f9,00577b8214728f5a2bcd826817601258f6d12e11a84a9600c0d6e3941fb86365,warning,Large text/markdown stored as preview for this patch run.
e83efefe7fa3c445e6ef251c09d603e194f4f8dd63d61185da0ff1b93b1b3d98,4959d543f9ae7a549eb5031015e2717a7a3a695d1e87d0e2d825f056e9936987,warning,Large text/markdown stored as preview for this patch run.
67b80698bbf1da31537fd1dec7f36dbe408792ce4e0b35f94d8c5a9272de8538,ffacd9308c3219a10cd0069927d668620aea0e293ed6eff1ec6c988e1fd4909a,warning,Large text/markdown stored as preview for this patch run.
3d1dd8b5d6c5806afffac0ffde5d365b92aeef7bd0c33a4f8dc78ac0b7e5c71d,b0701b12962ad43136c3b20d48196c355a1e7b37bc59ef58b9742d8b8e29e9a9,warning,Large text/markdown stored as preview for this patch run.
9d0070b4f411517c15edbfa9aeb6be5092ab19ce9bdfa415dfec8ce80e5370a4,7578795400f710f185329afbe101791b806ac7b36de8511b74d0d570bc53a75a,warning,Large text/markdown stored as preview for this patch run.
0163adf4ee549b246521322075fb0e1e17e51e1d8a60dfd04ebc98ce4267b218,57629bdfdcd1f62cca61a4808f4cde2f0b4d7baf96b9c15bc85700576570e3e6,warning,Large text/markdown stored as preview for this patch run.
7826d7f04c223688d1477488b0d051b052ba20406be5882831218516a3011195,3c7057c27dc5d75339b5b1c24c192e01f3f221bb499b0eef7de5d9a989a3e299,warning,Large text/markdown stored as preview for this patch run.
09d0ed50590ffb721f049526f10ef7b18a451187aef92a5470743291799c235a,cdaeee998bd2f0c3e3555060044bb18eec1dc52f1d669a682f348f169ba5ce45,warning,Large text/markdown stored as preview for this patch run.
5723206caf1d9ffe136599e3c31da7c4f7b5f1b1c418f575e7df7f08fadbfe62,a5f30b1787aed31fe1706da92a576fe07bc4384a31dc3147255dbfb8d4b0b050,warning,Large text/markdown stored as preview for this patch run.
18ac88377c5a3f83b61e70a7f2e4110d1f1515c5b553f8a1886aa158eac81b68,8acd3a278741290ccc1fe961b53a58bd3e62cac02d14ceeb8f1d267787770907,warning,Large text/markdown stored as preview for this patch run.
c44140913baa9a76f5c337f624c8e7b65c9c0c13ee74043a371643ab364abdc6,4edc85b42007b420c2ad7a5893ca00949fd47c0970ad46f276b270181a1b6e7d,warning,Large text/markdown stored as preview for this patch run.
c81484f511baa0316cf332f4273378f25c8edb7bbaba4c7bc8b52ec6631f9994,f320c0f376a8c7e64216f6a5d7157bfa8333d9b4b84f3d9597f6bf37212fb052,warning,Large text/markdown stored as preview for this patch run.
0f7d76b907788bbe99ac5fba342810894c255bc3adbaaddb2aa4516c067740fa,e01a0f6315964c9e169abd29a46a193f6618074bc001a37efc668589649ba9e6,warning,Large text/markdown stored as preview for this patch run.
24fa7793a06c82aa28c949faf58318187e3597441d168c94f29cd1acce4b09a3,306a62c36b35c03593626d551646c4acce42dad9ab6de163ae35e23ee03c7d88,warning,Large text/markdown stored as preview for this patch run.
0e6b69fa9b849543700240018939c1734d12103900690f1a0370e6863b77181d,ae971127617d4cb04363d618a262d131bc9565b7f5ae166ae38eaa67100e99f3,warning,Large text/markdown stored as preview for this patch run.
7d8451e646b95a2123e775855adc3f0f16aedc6bd1b464ffb0d07143a49853f8,551351f5018730bcbeddf34d7482b372fbb65bd82429c6c302f454e5542b1040,warning,Large text/markdown stored as preview for this patch run.
69b39486c72814fe522190442509241c575e725c40f83ddbdf40529bc6383d9a,c0d741dd05c4c9ec49774777f1f305991c1f09e16c2a7a98a3286d75e99a0d78,warning,Large text/markdown stored as preview for this patch run.
015f6a8bbaffe028d8f3e3b88727564c12f8c437a3a6b2809bcbd3be298c41a3,e3c95c4212147bbf07be14dc6af58ba81655bf8bdf3468546a2e8a699a67214d,warning,Large text/markdown stored as preview for this patch run.
c4cb2ce1e8a666e18e58071e487f1be4f815063abacfbd2f6794f418e12bba4c,a1230b9fea10e64e9722645b58d853db1b600f775b17ae18fc4eb4100922462f,warning,Large text/markdown stored as preview for this patch run.
673d7e204414273fcd3f1a5770d71db23e02ca603545db3ce970fd59f1b0c3b1,430ad2d34e835aa199fa4c506c2c4950ac152da0986b3e38dee5803613dd93bc,warning,Large text/markdown stored as preview for this patch run.
1ff1d21da37f7fc0fa31b75c0268f941e5dc11112a3421f6ddc2d5b26312f117,52e18426ebc0366af8266508e3ef1edb3c2c4d81b7234a0c9050a0f02d188f1e,warning,Large text/markdown stored as preview for this patch run.
c1982cb83e3ba15a5f35eb7c6f58ae86c6505c7e0d015bbd69660e130663f426,0d28b65e4b93409f7f04a03d2228136cd7cc3403a04edfd2bffd9aa9ec84b77c,warning,Large text/markdown stored as preview for this patch run.
d1bfb66a3b99bd6d9e1b619ff3088f29f94e3a96e84a5f2659f281274615bcc6,934df4736d96d78cc6108194b717e0d482b0e7069f59acd74823fa9fda2333e2,warning,Large text/markdown stored as preview for this patch run.
c5236aa9481fb1cd29823bbd4369fd741e63d02c2652b8f900b654c20060645e,ddfbfef8f5ccf19385d1d02b894f11835008b8d0a34eaac404889f5fc59e6a6f,warning,Large text/markdown stored as preview for this patch run.
fa516f7ba035cbffa921016297e8e9860d7687454f5dba2f93e59d9fdd39a73f,ed728dfc5d3fd159d295f79d34bccd21ce7a8f05ee436ecd73e7bfcc199fa335,warning,Large text/markdown stored as preview for this patch run.
b9eab4d0d5983ba410378f7a76d7a69493f8b764485a8d7fa67b80d6a41792a6,6dec07223df0b049f9e6c8684ec8a144fd9d0814ead273fa2c4544dc474cd65f,warning,Large text/markdown stored as preview for this patch run.
608df16ab6d680139244a252fa8019bf35b0e333764024e04f1822cab4733d38,e9ad250a26cf49b056c08e3e74eea92e48e368925da95cd3388438b6014ed7b6,warning,Large text/markdown stored as preview for this patch run.
38d19940617a74732b4db2a13bf98901dec740db78c276e270500ddcf2085dbf,142a3a0f0633f8873367745b7a61ef0fa29a44e913dcf53d43afbfda1377ddcb,warning,Large text/markdown stored as preview for this patch run.
4a8f2ba60b63d3f957f73aed86b824803d5af6b91a6ac1f69f1acd5474c732f4,ec86cf5b71fd27d27a14106a6fad3d11d7f0d6b6a8d15e16ec71819ed14629eb,warning,Large text/markdown stored as preview for this patch run.
60063bcd8f00acc19b8796384ec14cfd8e836559383197ba38665e42bf1a3505,63ce6835c774b0a9836667eabe501bd8a190ae45112f0c9b25114610c66c908f,warning,Large text/markdown stored as preview for this patch run.
6bdab5e963aa6f0bc56b993f033c6b0bc5f1b28d79d18e1349b9230753dde80f,505d9dec25a63bbc65f419f0bd0b8e837f45dc0a3a811597a89e0977bed9a36c,warning,Large text/markdown stored as preview for this patch run.
93f42c3ea2009311e7e7a84a6a13f210124c76236d496efa0fbef45b825a857b,a7ce9378a11907fbe88786a94ec00ba78463792da2e1cdc0f8b832c8c4fd170a,warning,Large text/markdown stored as preview for this patch run.
645ae68d59723c2b44b0ae58ad3a413c762289c1dfb6ca023db7230e0dd7e28b,ad7fc98d87b548192da357afe6ae13a1ae7c432d7cfc3ad85e9a3b8344bf4086,warning,Large text/markdown stored as preview for this patch run.
cfa7fbf748ca5000d2af87e07976e1d34310d8918232c6078466aac64fc76cd0,354c55edf2f3df52159e7e0dec0e04625615bac15249b0878722a3764a17b68d,warning,Large text/markdown stored as preview for this patch run.
6dba1feac233458aa544fc85a2945605ffc58015537329f088723444a1e764a4,0579764bcc25913440085c9230ea228894c710dd7d1f10a5197640b9506817fc,warning,Large text/markdown stored as preview for this patch run.
0360dfcfe9ba4b85e3a10fe047452140def38d9fb75206c5af74202cf37fdf25,4c33f39b235602a716897fbf0f0755af07d43cfea4ad972df819617bef2c0b2d,warning,Large text/markdown stored as preview for this patch run.
189c037e37569e8740cf0377cebd42b2d9459d43ee487828b618bccb56da2430,f53b0cced55e87ed627f8f8f695b498c4242c98e2940626f8342249dfe5faaf7,warning,Large text/markdown stored as preview for this patch run.
b587184dab562472dfafbec98972e26266f28fa1f4e93fb64b532bc3e42dac09,876c268dd0803b19326046cc73c5de62a64c9936cfee49b9bed1ab11d1e1ba79,warning,Large text/markdown stored as preview for this patch run.
dc000f627ba656f58d7771e63bb96481d9fe132d20ccbf77879121312ce41e17,ca61701476e2971a3e92bd64e3f3085227045bb41764b3b2e9c0a59a7c6e5cc7,warning,Large text/markdown stored as preview for this patch run.
f98f4ff81b61b69c0ea7e48fd9b939ab17724919780f3448348f618cb01d87d6,37520ca455423069db378df4c68a82c50eca9848031723ce6abeb644f857c272,warning,Large text/markdown stored as preview for this patch run.
a575af7fe9651424f281a3b57d827910b124a0c9420558ceccab9b1d30e15bd9,5189752c1890431ea0082e39165ff86ea329a57723705fc18347da3b1f574552,warning,Large text/markdown stored as preview for this patch run.
4e6f05da60633c6693efb4e0d89a20a6a5ab6ebc1ae3d320e9fa6dcd2217fe0f,252690a8620d0fb87a63658e86ac9096ff16fa31841a94442cd99f8f2f2a5234,warning,Large text/markdown stored as preview for this patch run.
f1237a4d13021cd957f999a380020eba62fe5632cb15dc079b048f25b2115c88,5ccd6cdf3c8e6312769d86681cc79651abd49d38ef0ba1b98f4238b85d5a3606,warning,Large text/markdown stored as preview for this patch run.
dcbc8fa3669e514f025aef7d2629a8399e00dc07927e29873f052a5a8f7b6205,82090f2cfb7fa1851ba91ffdc439969c222dca9678ce1208fd52ba64a4abc894,warning,Large text/markdown stored as preview for this patch run.
c2783bef1ba81c138642d87dad986a7349b30cae7e1766dc0fed8dd2cdc9569e,ca669fb02729cc4ba65d1c76b41a52a44ae321a9cb7d8aba7629074623c04da1,warning,Large text/markdown stored as preview for this patch run.
cc801cb32ceb5c729a8369ef3c567106b05758f0cec89f1a5e62eadea8cf1c7d,96fc1ebd7a1c1cf684fdf6b6f1f721291a87d41aba78d00b5b48bb4718a13a6f,warning,Large text/markdown stored as preview for this patch run.
f1b1594aaa520bd96da457bcd2901cd6f105c17153e6576b9795dc4510dd5b18,15cf4b7cb4ca5390cf878dd90193fe6477d4906ddff14dfbcdaf71404624e04b,warning,Large text/markdown stored as preview for this patch run.
9b48db25e83fb5068fef0ec8298332b7c042272d62579ba7988e0e78dba96abd,e2246538f3919c59f873e66a4acde9831334b6dc8a846f6815ff64260288217d,warning,Large text/markdown stored as preview for this patch run.
71fb2526e826b3ed148508a1f6ae8900fabda734fe68d534daad7c5204338027,d47f5b10602e6c9c9674fd23fa8e4c9c3cadecfafb2c7be52573a27644fbfd4b,warning,Large text/markdown stored as preview for this patch run.
67722bd22c50c435c2481202b8d9ae5fa45041383272675b64f9dbd5f4b71aef,d461a307a2960ed711f5cde5f870f10e9ae78f983065680e117572e669d16b27,warning,Large text/markdown stored as preview for this patch run.
9f125f704cfbb99a1c648238840fb128cd1ef1b817256c9d85727fa3b68f876f,589fe5e52b3f6ed058b638972a80e1041d0cabd40a6b1c5ddf9a2b53574b3d40,warning,Large text/markdown stored as preview for this patch run.
9d6525968418604ed8ecbb3f60e659817bdecc2dbf42c90258b9360fe4a5c6c7,6f12fc0e2fd9157b1680c2466fe90c417feebdbf6aef2f55b8be634c9946ec7f,warning,Large text/markdown stored as preview for this patch run.
c8d595d193ac0862627df007a529a605de30aad9089090a15c96ea58bb327007,61d096fef5f74d4d0778b4e6e52014124cb16001949097edcbe2b84b8266dea9,warning,Large text/markdown stored as preview for this patch run.
1d763faf2e75d090d46ac8042f773e8a6e0509517b282681a24f72b97cbc764d,7bc80012f6901fe0a9b77b17303ac26cc08841d2395804f6cac2079c3cd42afe,warning,Large text/markdown stored as preview for this patch run.
db7c1adf576251d887a8f125d65a88624aa66c4f9dd16f86b4315658a21fb2fe,374fc61d0a512d05bd633b0e68c86ececfd78d9e979f906ca9e74ffc1344101f,warning,Large text/markdown stored as preview for this patch run.
5192000bb04a08684dc923373a221b280b7c2801d8ca0fe594787df2872b432c,1751f4b8a7cc828adc99272db177c0ee62d246aadbf33a68910cf158d520236d,warning,Large text/markdown stored as preview for this patch run.
707ded75cd7d8dd37480fb450f0e52fe19910bc5853251737d348403ed6779d9,4ee951a45649fbc53998bd1b714659a75909d7de72d246224ce931be35b58cff,warning,Large text/markdown stored as preview for this patch run.
2a933868554636334c049129eb871f784cb727703e5c0c038f58d7355dab7684,4adafc7503f49d8a3202c403d5b0a91c54d7418df2937091ca61e857555d5b28,warning,Large text/markdown stored as preview for this patch run.
1f1b7f6ac1ed9b12cf7cf841497ba03c10d3a2bf045d5ded29ef5ad7ac1d7087,3d382574680c47f282300124ce8dead15bca77be97d9efba07c8b00e05f331fd,warning,Large text/markdown stored as preview for this patch run.
3d188b379a7994a4ccf662cc0937207b9d10965169b82e71f66ccdf29bd6c91d,8433e58bd55b57c65088ebc9e75befa8bafd05d9a22c6eba63813a5ae6445b1b,warning,Large text/markdown stored as preview for this patch run.
4b765ba6b0b82836d46a833ac5a676e3557b729bc00121c352538e5fa4c5df15,6c47d5cc48a4d667e98906cd4619bb0b8e1d2db41d37fe5df2def19105c33027,warning,Large text/markdown stored as preview for this patch run.
b0a132d99c67b331786c3aa9fbbc13bf27cc71d4a0844c435a4cc0dc7bedeb10,d67e6eb25ad93d34ae44e105513635c5b898aacb0a4160dbe017c069d86554f7,warning,Large text/markdown stored as preview for this patch run.
0a0ca1c02dbfa57f03a282b42afb38b74677b5088ea3f8ada440dd1e16a6a041,ce3aeb9bc8e40228cdd749874a59249e365558f5c0ac0db9b1a2776b2a51eb03,warning,Large text/markdown stored as preview for this patch run.
2edd070e9517451903b1bb3e6df20e8e503db022d9766e7a543b999f053ac0db,6509378743367ee3bb3758518f649b8afc1b3f43389ab9b3113060543b4894b3,warning,Large text/markdown stored as preview for this patch run.
041f2c7e7f89aa9942241584c863bf5e5f7c93fda1aa7be2a51f65af405cd286,74f9b64be60fe55c8b2b36fb3ffaf50287453528f33d6bf24ed24c30fbf8d8c3,warning,Large text/markdown stored as preview for this patch run.
bfd15247b5cfdc94c3832ba7e375471e9a987337e1178955c0609a3046dca9cb,c708400902ab7d3244da892115ad31fad5ccdef3dffb01972ab54b5584da4cce,warning,Large text/markdown stored as preview for this patch run.
8fba1744652c0d43a3c1f06d093e477e0ac8bfecde680197206e868762ab9e19,900091e2161e4b0848e01b0207e085b38b361d61438c69f4b37df42d67d81264,warning,Large text/markdown stored as preview for this patch run.
7039b37aace6e24f7d547ae43adfd7c42fc5a2800b371c5c21d3f9fb31e7aac1,0b51c0dad3824ee46ba7efe6f71dd14f202e92a4ee975f224fd5fa95875446ce,warning,Large text/markdown stored as preview for this patch run.
58def8ae8fba52345452537fb171a5fa3f51916d96095c4ea98b04e90bb90db0,84f93767971231668beea9d62173b2547cf56ab2b5f0e9596791dfc0a597e403,warning,Large text/markdown stored as preview for this patch run.
eef32d809287dfb9eb97667aeb5d95b434e5fe09d513a5dc3cec85489c84f997,376f42594dafb6e3a39389f2f4a1900e2fcacd866995245c30067a8aa80f8b02,warning,Large text/markdown stored as preview for this patch run.
08c522885418055cd9ea833fb8f77ec80a172ef46d5fad77d860f054049e2ef3,b57bd87602c5f485676cfba54ce437c043e7f21e6fe6afe92e3e6510e6836710,warning,Large text/markdown stored as preview for this patch run.
2035011f3a4182632ce9e42b43638a9ae6f2815ba120481f6d9c84c46ed41e01,5bb586a1628a6957df2486d4abf8b9a6bbe424dde25462035b157495cb7c2d4d,warning,Large text/markdown stored as preview for this patch run.
a1addf1a71c770d2d161c56266a507b4ef0c2e8c21e92a453b4137a75f4bfa02,609068df1b41841379fb8f6d7aa23065850be4183aa679bc1fac340caee68fd6,warning,Large text/markdown stored as preview for this patch run.
f79fb1374b91e5ec011851e2f448352fa65a14bce79f56296aa95e9034ab35d9,839e5bff6843c9dcf1f26cea2ac6eb067d0c00d35c6540a2187d494f07080a51,warning,Large text/markdown stored as preview for this patch run.
adfd107d59c75fd8ed2bbcf86745a37aee824c5dd558db30dd5f949bb0964a88,93faf586aa2dae4d060c4b404fe11bc476fdd5da06fdb0211f39b92cee26c096,warning,Large text/markdown stored as preview for this patch run.
b423402a63dd4b509bf10ba097c1037a616a6d6d6f40929609954b6dd34c7e74,afbb90531647bbb829aee9ad46d1ac9c0a3c38b4b921e2c9acb722a01efac2a5,warning,Large text/markdown stored as preview for this patch run.
0a123cac844d153ca2974bf3006812025fd98d422337a422a259533724ab3978,4b2368ca9ac2220a04446fd6ceeb7630c155e6a2bfbda94f4f47d2f4ad85bd64,warning,Large text/markdown stored as preview for this patch run.
ee7c7632247f740e79249fb87f16cdf4a65fd1672e9a2ea4eb32d86fb8a353a2,7a3cf882e44bec13aa2b1fa00c9fe7b59c849316dcf42cc2791fa38754123ed3,warning,Large text/markdown stored as preview for this patch run.
70343eb97219b7ae7cbb2d6214e72e1c5698f78d23048bc6c1f3d17b372a47b3,7022f54db7014cbc7cf1968141670c3011afb76f4f08760d85e68a683be33bfd,warning,Large text/markdown stored as preview for this patch run.
3d13d65774ef640c329566cc0b3856a95299bc8d932ff4385664ceb0d3107ff6,922ea47db47c0996d80795d3db4a5f0282fb4bb445abbbdc3edafde903411db0,warning,Large text/markdown stored as preview for this patch run.
deb46822e0d99469cc104176dc729297c5086446e9ec9a2522a20bf00ee2fab9,97ffe95d385ba960c2a5c5046b288894f02b7eddf1a5861fa84822b5972e4d7a,warning,Large text/markdown stored as preview for this patch run.
e6c2c2304f5d427a7d546458f5f5d6948cf8ac73db917d80b92592cd23a35abf,1d0e1c3ae2f82e5ca6833c5ba30aab0159a766411c4899316209d81a26a18b56,warning,Large text/markdown stored as preview for this patch run.
4629832cafd607be6395f7b93027b05e1f32db382a3d136da89b2a4c45ee617a,693a80f068426ee66a13e2d1035555a0ca95d9cccf322d0d02a578acb4562b65,warning,Large text/markdown stored as preview for this patch run.
845dd15ba8cca12c776b7bd913435e3de254a24dcb48c96099924e73cbcb9868,42629c8b0c9c03f0e9d4f2c808c1c502e2887257d4bdb60367a9e8be274bfad9,warning,Large text/markdown stored as preview for this patch run.
0360dba2b6a382b8a704c0ac0d2eeaef40aeb9f228aa3978e5936b05ce02220b,12276471eb1581197993f824ee9c126fe3c9b8a68ed6beff990ffe40d8809c42,warning,Large text/markdown stored as preview for this patch run.
baa7ceb6e32db11adaf14d46cc76c7219205b584a700a69fe0adb1653a99dde4,f6b49ab803655b8fff8a14cb90a8b1bd7077af23fe1204379a7f0594725097a1,warning,Large text/markdown stored as preview for this patch run.
3aa0318b6dcb7ac526a28113ce5a22844cd6e7fca61d7c4aaaab4c2cdf45c6ec,364abc307da1fed985d1aeb303230d47a6ea84e7fddba8169afd8adbfaf9edd2,warning,Large text/markdown stored as preview for this patch run.
63a7796feeccdc01defa7c0be60ec2369ef8ba23fc0c579d65775c45fe1098c5,206f49a899b2420bbfe22f268f4ca979079a849f2a52e71e824bf8dbeecc9c14,warning,Large text/markdown stored as preview for this patch run.
424b14b6531d0bbb239b23ac03d7ca8a08aefed416503cc5e372eeec20f33a88,7162201c051138ad6f6296892cd5b31070a3a957d275e323df3fd37c29e5b8fc,warning,Large text/markdown stored as preview for this patch run.
17450f73c2df36ab5f000b8a8cd1d4b0bfb33f72a98f4dd5de7bb6c7f8a1598c,d2b1d9ea0694071fbdf70fff0d1607a942aff6a53231d167da9db08304c1c825,warning,Large text/markdown stored as preview for this patch run.
3630d76fb75af6e0fd4c7f48ba784abf36b9b2a16c8429a456257e04c006c65d,817fc8e541176eff3d6dcf4e431f2bfeb65c6557a5a1e3274a75fbf6c388f0db,warning,Large text/markdown stored as preview for this patch run.
060fad67708a908e04df031abf2b96b56abba6505848955d1b99d08349218620,f26c1c0b3bc98f3935cd77601c635ae7e88755cdddff9ffb1f64ea5a93b1a728,warning,Large text/markdown stored as preview for this patch run.
614b2fddf392f2db93aa943387b03ca257e6cf27523418a9eabd35bc17e9802d,31e9abcf05703235e26140582d2ff4e7b018dcbcab83ef1c5c6e370e1ac31ed0,warning,Large text/markdown stored as preview for this patch run.
d4b46e6a291ce1a65748a06e800c1adc1c7df6e7230f9d5641a00be6989d4796,f265d48ad7a1e9d26b6131a952f1c7b332468af166c25fee7bf8cec62712df70,warning,Large text/markdown stored as preview for this patch run.
97a9fc57c0c859e1820e8045eace83f693e015c89bdb1b45c65b83b3cc90a529,58c8d838b89c301343235a9cd8017163b61fdfdf5f8176d4ff7352ab706b826f,warning,Large text/markdown stored as preview for this patch run.
51f1cbd01b439ce91ca13f96216b33278f2a36c863faadedc042012db59fe092,869c89ef74983a0618ccb0dfc835de4b57ab999d57639411ec3d4c74dc3be0f0,warning,Large text/markdown stored as preview for this patch run.
18633d37162282abe76991df06e5291371cb2af9891242d039323d55fd272670,1fc759199945b83dbfc213a90819440543b06806ea1132a290cad66682f35405,warning,Large text/markdown stored as preview for this patch run.
898b2d5a475221231886e0a67783f60b723d248f8b61b2419a9bd164634c4923,5247aba37be48af986c76fc870377cd4e074c04a8cda7e9b45c3818fcbc2ec71,warning,Large text/markdown stored as preview for this patch run.
87f7f0963daab63af5688a0f189ae926dded6d1e5c72eb288310430acb12e04b,85555af2c6e869ab005df91f12eef11c7b6c816848f7837f1d01130d0abab49f,warning,Large text/markdown stored as preview for this patch run.
ae5ea99a07cce325a0eee5873325074b35fdd4f3d3ec2cba24ed2318ab83a8e4,a2fd6c3fad69fdb5e1479066ae0f792783b26243b987ebf16181c2aefcd46b2a,warning,Large text/markdown stored as preview for this patch run.
0e0092a09fc650548ad0be0aa087f05b8446d4465ef35be089d755a01e785a29,f09b5c858a47360353298f5ddb4646385833a7297e6f674b5a4443e45c437b1a,warning,Large text/markdown stored as preview for this patch run.
1f3e904c2373c1579e9fd3df36b0a81deb7eed1afcc0bb1152357111d158a9b6,298a702c1fb27400651201dcf39c26aaf3c6f08f0c5c4169b97c696fd66c8099,warning,Large text/markdown stored as preview for this patch run.
cf98d4fedd14bd1f421df865bd4fcb70b2c4ebe73815a24341c5aa1329d81d0d,b1dc4e4e0b52222802a122da59f927dcdab2cc434f2976d7ede25c9a8d681065,warning,Large text/markdown stored as preview for this patch run.
5988109b3eaca6476ac9a8171063f5ae3af2b6f8de9db531e3019e4bc07f7a07,aa778edc1877141642284f23a3907fbf946f3920154e81a3142d7fb65dc6513d,warning,Generic CSV row staging limit reached; remaining rows skipped for this patch run.
1548fb6a3d9644b39cb0bbcadae5505d2727383aa2899cebfbd81a1f7aceec8c,6fbff7f7805466330cfe7d50d45673b9125ba0dfe31083600dbea090c182eee4,warning,Generic CSV row staging limit reached; artifact registered but rows skipped for this patch run.
546177bf11e88c57f946bbd0fa6e1cd92fa39f1246a5018b8f32465f2253d3ce,92ee7cba6be33169372136df5cd96efc06578ae2d167e4995a5a5a246748e79e,warning,Generic CSV row staging limit reached; artifact registered but rows skipped for this patch run.
29a07b7cc945c93244d5f6a0c5e591f564d63e02b173c8f2fac5959a4074e3fd,14d6e4b631800178a2da5b8c7bf71588bab56ba2153b04f55de1af9f9d3ddbb4,warning,Generic CSV row staging limit reached; artifact registered but rows skipped for this patch run.
c7b6d57f2d988de06b5f723eb272833080a567487f66dcba83efed530d08f468,c1f053ffb3a833e4fb16b273fa7a2a4e6881096af34a8aba1430960926d5fce2,warning,Generic CSV row staging limit reached; artifact registered but rows skipped for this patch run.
a9d74de2e4671cc46145c39eaf933720e9f848fc206a240fa89b50e4f96422a9,c9b2008c0be46501a32418b98201492f618bd119ac19db90ca809bd9c432e853,warning,Generic CSV row staging limit reached; artifact registered but rows skipped for this patch run.
27595f8c7b11971a0069980e3f53f9aa942c24bdb9cdb16c6222d930bbfe937e,25b9f1f73e68384db0cf9b744b19a0601e89d327f3de04376f681683993b8d71,warning,Generic CSV row staging limit reached; artifact registered but rows skipped for this patch run.
a09c544a40e8df22d7a553375292992c92c1c8192604f7b8f68be526c3c0605b,2f277bc75997b7f145a346701a02dc8bf8933892406f16498331b83b12841758,warning,Generic CSV row staging limit reached; artifact registered but rows skipped for this patch run.
c52f1abaa6aef83d429d8cfee7391ffe18ee5d52dd2e55b06989040242813b0d,479a4933e1838cd5f50221efd2d12b622cbe8cac8a4068ec757a03e105386055,warning,Generic CSV row staging limit reached; artifact registered but rows skipped for this patch run.
30bd3e0dd9e82fe65c4e56c29f9caeee32fcf51d4779d85c68ce652da25ad7aa,67121e8d665e0a9e5274c0a1fcce72659b3edbad4ccc1622d6736b4386147d75,warning,Generic CSV row staging limit reached; artifact registered but rows skipped for this patch run.
a29dfc2d34582ac3de968336c52d8c9e7d0c83337d3a6a6b3c2f60b154d55c35,5a6452ac6a92ab726c7eba7c448962d9c69935fd495956dbd4df1a28fd47e3b2,warning,Generic CSV row staging limit reached; artifact registered but rows skipped for this patch run.
d7c988f103d7b42b4dda1ff6d5da09e53d5e888c7e53cfc8f95baa7ca960dc7f,da8dd00d0ce781fbab1b45798f87da1eee8880d95086d9fa547aa72fc8eb6f26,warning,Generic CSV row staging limit reached; artifact registered but rows skipped for this patch run.
6282ac08fac2d217dea37b1254336acb40e8eddbd111ceaf89e6dc8751f9ddc5,a802d4d7ddf771cdada9852c15fb0006d0358ccbb1445f842d855bd1d8400072,warning,Generic CSV row staging limit reached; artifact registered but rows skipped for this patch run.
6f4c22d0cc89d036a75163865f29d9ae0acdcc06af1e8bf6cb465a51689da714,59a095d67cc9ccebfc7a280e04240afa41de60248a24c958db2cfb37dba8fb3d,warning,Generic CSV row staging limit reached; artifact registered but rows skipped for this patch run.
e783e2ce49cfff3482f6aa7655c06076496eee05450a24e3403d67cb14d943bf,e958f2c93ff3aeafa6ce4d9b93e41c20fd82e70fb13b7092431d46be730850ef,warning,Generic CSV row staging limit reached; artifact registered but rows skipped for this patch run.
778bd64a9cab693bb6e0e54b55bffdc68c1e5e7f734479dfb6eb37f541b33171,a2876c50c0e9f8fdd72e678680483fbcf59d46f1ca71914a28c8108a1f7c4f30,warning,Generic CSV row staging limit reached; artifact registered but rows skipped for this patch run.
f96c01f9120056a76b0abe644e416e7e012d2ce2af6816a581c5627bc3f27faa,7d719193ec9f7a744e431de17df9822f22c3b96058cb6446f689f1e551c0018e,warning,Generic CSV row staging limit reached; artifact registered but rows skipped for this patch run.
35a84ab5bb5af816f778f6bb9aab22077cdf9b01c225488846471b30ddf5a5e0,c44d03549282cd916a8f0686fb3046eb576edaf68eca57dbe5eceb315262e6c0,warning,Generic CSV row staging limit reached; artifact registered but rows skipped for this patch run.
cc4a02f9a887e6c8c69ab792dabe94a205cfc52445ee73cb4771fd4e3c3b9385,f89ded215efa4b8a09aed1dfcd575dc09236a098adbeaedcc56ea61d77cbd143,warning,Generic CSV row staging limit reached; artifact registered but rows skipped for this patch run.
d4e1e125224f7701a70c9cf9bedc9bc11027055655991d5794a9c5289a2bde2d,7acc4bf94095efc9eac166c48df2c5f0ed6d1ceb77234d5407076b83161f5286,warning,Generic CSV row staging limit reached; artifact registered but rows skipped for this patch run.
81f23df607998fbc9665c82f81c361167f6542c42b929a53fd2c66769e752b7e,4722d6aac8c46ab253a4ba28765caf899fee5b69172d95309c9ad8d9752c9820,warning,Generic CSV row staging limit reached; artifact registered but rows skipped for this patch run.
17558562100f51e3138e5b9f53c3b6a2668204f84619cb3581da8c033b464a49,cebf6318b5d99ef4f971604e19e8ec2a0c83bea4b195fd2b6f23660d05b2f109,warning,Generic CSV row staging limit reached; artifact registered but rows skipped for this patch run.
47a7ea14f037f54d1df92242fd59a0fb1ca5f4b2678aaf13ee79fdecda22c9ac,f328dee99102be6c5274c8069933f3d50464c0f7a23e8686d55a5f824554fc39,warning,Generic CSV row staging limit reached; artifact registered but rows skipped for this patch run.
72615457d3db89361be024af7c04fca7934f7271321212499e4bcf8bc8491b9c,4e23ea11a6ce7e9b8b532d2582c05e10494df26e6e0b92d1a4b0ad3004654503,warning,Generic CSV row staging limit reached; artifact registered but rows skipped for this patch run.
1e114acc2cbbab830463b2c2964c8c0605565039f552307e083e5955c9565d17,5f1e1045ee71be1854737933c1b472fb9913f038f644ef4ecab00c8cd1357fd2,warning,Generic CSV row staging limit reached; artifact registered but rows skipped for this patch run.
28551ad53cfdc73caeff528f36270c2a7679a6d3157070d5d5f24038d10961ad,66dee4617e3108d34ae4f77a61f9dc3825f3aeaa3e9f328fda8edc60d4025459,warning,Generic CSV row staging limit reached; artifact registered but rows skipped for this patch run.
e7a7cb5123ccfdffbb5a00195b78c640e8fb17d3f76971badbf438b8b6d69360,851201c8cab4d63731522ff693fa0c1dff6c427c5fe2fd6970a3c84d318fff8a,warning,Generic CSV row staging limit reached; artifact registered but rows skipped for this patch run.
775ce4e1ddb45576abee95b06a3a685cd3eb16190539b56de29a00c533743d15,ccea557fcd431bf0914543de0e0a2e31a02e32f36c300d67bfe7d63f6a087daa,warning,Generic CSV row staging limit reached; artifact registered but rows skipped for this patch run.
ad30929f3e7241f56cd70ce95c2cf3b9c90f8728d36e9f3431afb2499bb466b6,c7873af1997f7f9592e87c89819a7b5f66c7ec7023e340d16c25977ee06a236b,warning,Generic CSV row staging limit reached; artifact registered but rows skipped for this patch run.
986796d651a45f2632d09adb0aa76c11ee33241f9871f5e80493f7d7585109e0,5b671a5efd13af9fabf2ee37e5af1fd33ea57dd59ddc162e44eac9ec8c074e75,warning,Generic CSV row staging limit reached; artifact registered but rows skipped for this patch run.
f44b3476c495e07f877a02e17c5badde9d4fc3cb75cdf5402fd2a5be4ad1ce15,f98114991bd3ccac81e7b591263393724a0b9f56ef0bdddc656a1e8a39a3c26f,warning,Generic CSV row staging limit reached; artifact registered but rows skipped for this patch run.
4d3f2a44fb30f015e3c1e5384aae9341705eaa7e64e775061d7fbf74b4581e51,a34a88b5a56677244b2a7c85bd0dfdc7ae8c2897b04565858064e824a48522ca,warning,Generic CSV row staging limit reached; artifact registered but rows skipped for this patch run.
b625ff126e48d09cef2f253326d5bdbdbeb1e7d1b2bce6fb8f2266927524871d,6e8eb1266172ed902cf0b71b73d04d378c8e90f5ebf7e9b4915b812e23c72a1c,warning,Generic CSV row staging limit reached; artifact registered but rows skipped for this patch run.
20399d33a3af665a616513822dd930d7432b5c1504749a5c404cf261b5989d82,9b01fad271dca3c99b2eb82c2aa946c700b1df3b4b71a8366a805975b8622553,warning,Generic CSV row staging limit reached; artifact registered but rows skipped for this patch run.
0bc29997454784297c86a2b90e731c1613e88179903236b7673ecc21ec7c38fd,2b10ffe5a4542e0ce16d19e56c36af7e7eb9b862ebe70ed1066c911d801a9f57,warning,Generic CSV row staging limit reached; artifact registered but rows skipped for this patch run.
41d942d530d1ceb790724d1c5016b6e8dc7785edd609c4ae7e3054267c908180,e1b8216043ad5f0d2e66c7a85cb9fe03219c0cbb52f73e35b9c21caacddfcf51,warning,Generic CSV row staging limit reached; artifact registered but rows skipped for this patch run.
44fc743a26a1cf477edbbac2713365530f075ff29a7c905c72f8c1341517b1af,5f971ae166a329f28ec9c9c210de200137f5070a27c4227d225ce17be4443648,warning,Generic CSV row staging limit reached; artifact registered but rows skipped for this patch run.
708142e2033a246cf3d68a54e924c3e87cc88f3d31bd8fb445f2cca6e140c1f8,55897bebfa7a4ffddfcd7bb680f9934a03bfca59c4225a6a5ad595bbe708a5fa,warning,Generic CSV row staging limit reached; artifact registered but rows skipped for this patch run.
498959e799164d623dec53970435c9756a5ea9aa29a01e29b0574b437ad1b225,51d01d3392694e9e0ef256a865424a61f85c15a167b0a9f0b9c1462a78797f41,warning,Generic CSV row staging limit reached; artifact registered but rows skipped for this patch run.
150ed3e51b1ef686f281017b2809ce4b484b73a1ebbd9209bbccddce53eed366,59e8a5a58391cb629d0cd4696661bcc3c8745db64e13bb488df47bf5530c8319,warning,Generic CSV row staging limit reached; artifact registered but rows skipped for this patch run.
524d0306a48693a3c40afb61f5be36eda683d70322ba19d494539cd8fcc23246,da1cd48d30ecf828b4f97f6fd22e591bc4457cf3b67fb98455ef0f66303decb8,warning,Generic CSV row staging limit reached; artifact registered but rows skipped for this patch run.
82fecaba404f2cbbecb012d2bf0de6b92e7a9671dda7b047c13e8b1881dbb244,319ad3b56adf6f4bd513d2bded0125f2c29866f9d7f0bd74fef5802e6918116c,warning,Generic CSV row staging limit reached; artifact registered but rows skipped for this patch run.
469a1d524e5f941b71900f995cf43701876c2b878c8d8eaf823d5ed264e2b871,eec24bb006b23e5753e7b328ddfe0fe6c6c5fb20fc7f694647c94defcaf485c8,warning,Generic CSV row staging limit reached; artifact registered but rows skipped for this patch run.
b9aaffedd9c49e8c526401d6e79e70ee9205db9a0a7b73bad8107b75ba55e02d,09809fbcf5294791a50f75bd7c0885e4a1cce602318ecfe82346883f281c879e,warning,Generic CSV row staging limit reached; artifact registered but rows skipped for this patch run.
475592a3d4c459efe28e805b10199818deb4f566428814613f6d5b3fe9c9eb5f,c85b1373fde11abd8780cdbc4af7e48ddee073a0456fcc4b2356053b308e23ff,warning,Generic CSV row staging limit reached; artifact registered but rows skipped for this patch run.
91270f621b70e990d5a019740aaf338b808436677e6dac252cfa780f62ed3529,b2a4a4fa4fa0765127ad4e5030ed6e4f8ecc3ee33e2c6b9938aab072fd1dd4b3,warning,Generic CSV row staging limit reached; artifact registered but rows skipped for this patch run.
5c9730694083eefe425e52440ebe3ceac80a586de7906f2101e6994e58c9ae81,6b4a5b9b1c08695573b3f39b00b95f98a05364432fbb7cb3d8c30612cd8bf447,warning,Generic CSV row staging limit reached; artifact registered but rows skipped for this patch run.
30d090983a1c037aebaaa1a3a9337ad940b6697a2074e1f51fdc922edf17b4eb,dfd7286ebb833566db7b61ccb4bfe8f10093cf60a713c346a54c8fe6ae91a2f8,warning,Generic CSV row staging limit reached; artifact registered but rows skipped for this patch run.
20c1f75a8b5e63ee1a694eff112f9ad2a373dafee840d468ca1a147897dab910,55bac16bb48118905558acad2a72c34fb75f0e065c937e462bdff44c079d9027,warning,Generic CSV row staging limit reached; artifact registered but rows skipped for this patch run.
dde15d5f754fd373426aec15616b3179b5a60212e50b6aa3de4e29f6e4d2c300,080a6c9dd48a3bb22b5031fa50689723a79a100311c0a6699e9f44b49c936c92,warning,Generic CSV row staging limit reached; artifact registered but rows skipped for this patch run.
0465de817256e446a1fc7d981325a2f159684efe7b735d2579eeaca93c68b9e1,3416f2888e9b39d9e7dc2dfef6b0b9fabc033611f82ee1273f492940244ae0a8,warning,Generic CSV row staging limit reached; artifact registered but rows skipped for this patch run.
c8ecfe62ff81b8a23c020e1a1fb8b507ff0debdd783b014484a242f303bfce57,86762d2c0b4702da5bd95812104d8db94dec744e8636f3303fad65c809e4d889,warning,Generic CSV row staging limit reached; artifact registered but rows skipped for this patch run.
5dabea6af399c5a2ef34d8c331c8cfa80031e74963dc7dc2bf99281e9134a687,b8879b6f1244584eed7f4ee05ee274d7e71a471f9ad8b8273beae3ce3265c164,warning,Generic CSV row staging limit reached; artifact registered but rows skipped for this patch run.
ec49af02f9fb2314dcb9c2682f209037825b7fcab9c57e86e09e55f2a9c5422b,234415e397a3682e285bb810c80d5d001cb3886709abe498adfac8310cc9c8d3,warning,Generic CSV row staging limit reached; artifact registered but rows skipped for this patch run.
8b65fb98eca027119383a5df26cd74dc502c5bf1c132fba4820c347242d44e97,001bd5c90890fd4f928026c945bc6d34b07aeeb8154c1fbd219eed7175d758ae,warning,Generic CSV row staging limit reached; artifact registered but rows skipped for this patch run.
4e2c8e060ea0b580594e8fef016f81a4c15722c16e5daa18acde33cb3db6ce61,c8d774f5be8bdeceabc7b96d266fec7d89661f6e22a564563adffffff905a3f1,warning,Generic CSV row staging limit reached; artifact registered but rows skipped for this patch run.
c6d2967b84c28c63c4b842bbec75ef12dbf90a2db9addbf925afc92b8ae5008e,eb806c030c9b0424c40e1c28897b83f47a45e267a469c97ae2f00597ee4e2331,warning,Generic CSV row staging limit reached; artifact registered but rows skipped for this patch run.
1c1c56de5b67f7a8fa843f92bd81d7ad8c3ae006fcba3f99a6990f339f0dfac0,69b488dae121082744d0f5ae272c664d84082431209e00da6f8617825fc27f3d,warning,Generic CSV row staging limit reached; artifact registered but rows skipped for this patch run.
f8a141f59425631cecf0eb67b68df5f899b2637cec1f14c84c5fa835e7e47ae7,3c06c80afa095ef2748f8f00be8612eb1c4c637f7629ded09fb88f0e980feba5,warning,Generic CSV row staging limit reached; artifact registered but rows skipped for this patch run.
e840ebfc566e63af52a1f9f3562afddb41b4006f4af5ca5e7ddf24be83b80f2d,071ca57fe7b6a978efc01b9a882d25ea1c2675a9664c7b0e00a7000890720029,warning,Generic CSV row staging limit reached; artifact registered but rows skipped for this patch run.
16983ac691d7d7eb7bb14df82b66972c7b97654398c46c7af61b915014690990,bcb060f8fe7b179d7f8664b7c345494ed19fbcf8bf965c19a47ff87ba65bf82a,warning,Generic CSV row staging limit reached; artifact registered but rows skipped for this patch run.
26a517300d2a2dc8bc0eb7e28f85b3efce254fd79fc38b16bd85699c6b4e4600,7bf475e32f11526740f65f4bad9d6d02eec52dba576835ade4fc1b666e946831,warning,Generic CSV row staging limit reached; artifact registered but rows skipped for this patch run.
f99262caf42329890f3ca2936731025abcdf597bcd23519155c084977344616d,e25bf28107ce050096b0ff24f6b9312ff419de60bacd1be5225534ba5d099b07,warning,Generic CSV row staging limit reached; artifact registered but rows skipped for this patch run.
495e72dc894bc2eb368b6910a00c027f2f190f612a0ff9d724a5e41432eee03d,499587b69315ed8ddc1112d85e25eac01e9347d19aafa7a450b979a42a9eb036,warning,Generic CSV row staging limit reached; artifact registered but rows skipped for this patch run.
34818d4c07118ff0fec4d68b697413b47ac310f13f11403d266b808d5d07886f,5727c9ea3afcf10b01ab6225ca2430319df8355514cca98d354e345cb8dd43aa,warning,Generic CSV row staging limit reached; artifact registered but rows skipped for this patch run.
a45fe2ad057b41d4a2e97dfecbf4005513ed960779cf63b4b744869323d8cfa3,236e7f0b1cc776c399e1e6f3e8bf72460f593f41aeb19c95550823919c3355f7,warning,Generic CSV row staging limit reached; artifact registered but rows skipped for this patch run.
6c0a0165f0e8d3287fa46522883d9d651e3bd5c28ca401e06a9bc386319e054d,038246047eb2b1c7145fac31946a7a61bc1f3777e6dd0f507a463fb919bbec6a,warning,Generic CSV row staging limit reached; artifact registered but rows skipped for this patch run.
8df16d5091d3cd0f2e173a777fe7359b02f19edfb6352400ed730224126f89fe,38e515e1bb52094a10805e78f33753c03c466091c7ae26212ceeb8010d3c5bf4,warning,Generic CSV row staging limit reached; artifact registered but rows skipped for this patch run.
32bcdc351f653cbb9e4c7e5e579a7f7bff7bd707e74b00dede83374fcd6980b9,213496f4e73355ba8d9b3cac7e6c7aa7aa40a6b4d30ea37685dd91cd5b8fbdd1,warning,Generic CSV row staging limit reached; artifact registered but rows skipped for this patch run.
58a21d190fc8832234081643d2abc5e5928d463cf9e928c237050466463afe92,1214f8ac37c5bb56482dc0d95d537faec0edd2448dae5ce0d70e64991ebc48de,warning,Generic CSV row staging limit reached; artifact registered but rows skipped for this patch run.
1e0d1035f5769e6abc974097472aed2a2aaaae2348b57665fae19c46ec4d0ac3,483bbd052f5cd29532c1908cacfa09f5414228407a93e05ac6e39290921b8eb9,warning,Generic CSV row staging limit reached; artifact registered but rows skipped for this patch run.
7dfb1c60f538a71003816d8a8a58667aa7655a5c0ed2f6c5271eaf32dd20b4fb,f330d71a0eb0cc0531118df0630f10a6794038384557d78918a9e912cf6971dc,warning,Generic CSV row staging limit reached; artifact registered but rows skipped for this patch run.
4c6ff91ac6842b257a10424818e3a9a202ff702ca6398a346bb0f7651d875dc0,1e3ebdf0ecad9eed5aa1bf8881d74dbba486b8e47f8429e62deda93d62df7d44,warning,Generic CSV row staging limit reached; artifact registered but rows skipped for this patch run.
1176bb76f7784667b71c491a76ac72527cc64ed4a15c220923e5fca710f04743,ac74311b442ba507a05ee7863fa8de6669ad7e96cf526c513f67ec66ee184aa8,warning,Generic CSV row staging limit reached; artifact registered but rows skipped for this patch run.
62583283fa9ffbc29f928c52ad07d1c4dec56b2fc5411eaffcffe127e7e87bd4,c717753cd890805c22b5a170d0343f530449d42eb1a42072cf7496ee2b269235,warning,Generic CSV row staging limit reached; artifact registered but rows skipped for this patch run.
e4b64fedf4afe7b017f9aff906c466d97b9ba1d6c0d28f8ddd77f0c7bb69404c,49e7ac3ebc845ae36dc35d765ce490d809303b2534e4114b037c50a4aecbff79,warning,Generic CSV row staging limit reached; artifact registered but rows skipped for this patch run.
3f7a5052abdbae16e5edcb0d102a9732de37c238e134ef9d4544400f27377b77,e441ac914c5b86d8026c9ed132b1911de72171e23786f9840fd7fc348b6fd99f,warning,Generic CSV row staging limit reached; artifact registered but rows skipped for this patch run.
388de2bab4a536e1d167084c45b1c685fe4d43f10bb3ed5ab2760b2754c6006b,4b0f7eed707290113bbd36f9d801fc818a9ea79949bed492ea3a9887e641cac7,warning,Generic CSV row staging limit reached; artifact registered but rows skipped for this patch run.
e51497df65ec7df39d1db6337516cdb1f6bd766f72d27febd5072eef0dc082b2,644d5734429d2ee431b09e6086c732ff38d5d37eed9cc4e06f95e6981cfb53d4,warning,Generic CSV row staging limit reached; artifact registered but rows skipped for this patch run.
d664c2927e84081fe4b6094f38e64d668ac81c97a321e43c1c3f25a32352268c,dad502248f1a43c5866e317188e90377b9da369105ccfa7f3cae8b4912e5c303,warning,Generic CSV row staging limit reached; artifact registered but rows skipped for this patch run.
4e7310379a06f2d550bb108f762ccb883e2e2a733089dc1f78667b00701c68e0,0257309ef6e59ca31477d175f970451376104fb3d4667dd4b6dc8ba842b0858d,warning,Generic CSV row staging limit reached; artifact registered but rows skipped for this patch run.
7df602618d8a66dc7543cb3552cc6f75a0c7216e4153ece778b08f29935b9c3c,f8df9ad0591933f907ab22d2f95e1eb239696097b6de3b05d738f39b7280d780,warning,Generic CSV row staging limit reached; artifact registered but rows skipped for this patch run.
2e584b8abe2eb548da0c7c43a52127189dbf3bd8083150d16d5d8e7b4dccaff4,c1ab1645310c13d20e6271e4ec615ea712b8fd9f2a99fb61493a0aca6638b3af,warning,Generic CSV row staging limit reached; artifact registered but rows skipped for this patch run.
808b38fbcd69f1903c6174f79da195125baf2b0d6fc73467929dec36d3455ac1,11d2da740ab08d06882e84af7c49a2ff2d68eea09f3242d0379596fc89f9ff3f,warning,Generic CSV row staging limit reached; artifact registered but rows skipped for this patch run.
94e274883b7a07aa025d4ee4956737da215dea2c39330a7feb7fe58975d2f2ae,0291ddd962c55340be951c4471b44ad1913f4913c359242035a656231aa25347,warning,Generic CSV row staging limit reached; artifact registered but rows skipped for this patch run.
eda106855104824f091c5aadd7fe007e2dfd17898ffb4b687140ea97ab587efa,feb37c26c34cab4e822cc5d82df3ccfb6f4ef39ed5c78004d6258eade58a96a0,warning,Generic CSV row staging limit reached; artifact registered but rows skipped for this patch run.
810d7411c9b7b5fae5d344800d62bfa40073cc58ddc566984041f32b3948270a,b97a03b71516faf78e9a1a19fd4d28c85f59bad0519ac9b1e7b1ef50d46c5c98,warning,Generic CSV row staging limit reached; artifact registered but rows skipped for this patch run.
011d8d1443aeec6567ab2c4a4bfb3e600b27721a1978b4bfca8e0fe2caafd1cd,3ba9ef88574f2db472ce3b5dd6dcf7f2d66c7c35b598f46487b4e27a1eb58487,warning,Generic CSV row staging limit reached; artifact registered but rows skipped for this patch run.
26e2251cb4832a9762639fda4a98c4aff033979d3158c7abd6614aa9d5fa55fb,c67fa3ed184712d8b9adc511a2d6aca152c36d80de8fc35e45a94d9269b7c450,warning,Generic CSV row staging limit reached; artifact registered but rows skipped for this patch run.
31dd0fb02fda6e4b41e1d683eb66af05741f5c6e6f0210c63c4155b88580a588,f0ec0fb04bfc8e3526d280d551773d88ce5792c71beeda01cfe8d9ecf5295fa2,warning,Generic CSV row staging limit reached; artifact registered but rows skipped for this patch run.
75e249847d2fe6b8d35c22c6e40f02249fda5e50b5eeed3d9e234879d01b6151,93aacdfa26bfc4910f2d1f6369faa0a596f37e72d8fb18a8f06b94189fd1fe1d,warning,Generic CSV row staging limit reached; artifact registered but rows skipped for this patch run.
996c77733886bf05d277fceba2d5ec6c3408418e6b5faa34e552fd2fdcd9a0c8,e09a72ef7a6306ecc698f5b17f21305a56689beb29fcb7d2838e48e3ad2a16cd,warning,Generic CSV row staging limit reached; artifact registered but rows skipped for this patch run.
1f1de10d7d597dc64bab024f80b33c8de3534590aa521d31f8ad974931a92d81,8650131186d8c1828c6bd8e6665d7fb75584ab8e5fced6bfe42348f179ffa49f,warning,Generic CSV row staging limit reached; artifact registered but rows skipped for this patch run.
624dbafd13b3371b0f18738a1d67ca2df74ee5a20ce141c6bd9fe63237b84bc5,7c47afdc5124c6ed0730f9b78e4ccb84a4ac4224d8e5bfdfbfff106297e60234,warning,Generic CSV row staging limit reached; artifact registered but rows skipped for this patch run.
74b5d429b9247b4e89015a4c40462ba2f4c791b065536bd35890df053258b8d0,a7358b86c21e69333f9cd5923af00e71aac9de9599bbf6a255c7db179d6cab3d,warning,Generic CSV row staging limit reached; artifact registered but rows skipped for this patch run.
d37a7e7170f377f4132d0b569c9ef9155473919f2ed358905444b1041ecb5bd4,975c8fa5aaec402e2eb7e4d652d08eef8afd3b8918e51aa867e4171d3a8e6fc7,warning,Generic CSV row staging limit reached; artifact registered but rows skipped for this patch run.
d576321621bd997d5c11ceb650ef28f988a558197e4aa82f88e22eaf5b123b4a,916f4ba59c597337b2e8635f6f92b25b13470f7e92399bc4ae135533f35ffc8a,warning,Large text/markdown stored as preview for this patch run.
0cb5703bbe41357a33174b3c79dfbab7f51ee831b06aa2520e644250ea08577b,1caf31e2aee07556713cd4b62c6edd12eae2b4c0a571b7ea97f7edddcd966909,warning,Generic CSV row staging limit reached; artifact registered but rows skipped for this patch run.
5f54b56bba82810ca644f1ac9259363937b53282cebfc08a44c01ac4fd20ba78,8f887b24ac067749bfc5cff8af890b1cf9dfa1d8d8d9785a1b71d12cc612e9f7,warning,Generic CSV row staging limit reached; artifact registered but rows skipped for this patch run.
1cd5841c76c0499dcbfd326ca9fabd874f529d66b97dc2a5bab5aa7be13c8faa,c0e74b1b70707a2c60c896282f509783b8db73c641a584b0c873545447ff08fa,warning,Generic CSV row staging limit reached; artifact registered but rows skipped for this patch run.
4134aee80fe316fe840f6b8ef49fba23687f4dc870dc16919d28d49cce972a04,84ab76cdf373c5254a116b70965671c955f858cf7e2e27a55ad05295968257c6,warning,Generic CSV row staging limit reached; artifact registered but rows skipped for this patch run.
64b910e01e60b7571a3c9467edd49cba7278b8fbe1ac95e4cdac909915d72946,dda39ed1ddd08695a45f735668fa8fe260a14faae06a2baf317a347e2e0cf618,warning,Generic CSV row staging limit reached; artifact registered but rows skipped for this patch run.
826fce9a18b605c5c80a63ef26c843836d5415e974c9e7b0a9760b7c627aca59,c81f8194568d95f9dc25f40a0b914a2a0b1c0fa55a499c9fbf4ce243a9d089a8,warning,Generic CSV row staging limit reached; artifact registered but rows skipped for this patch run.
73e0a8c85c6eb13f3fed1533c3b4f0d085e1dbf607572d73ece1303619908202,2b1435db88bb8f98683e3c28f7fe6f1ad30854acde49b5f6431551d2c28ec743,warning,Generic CSV row staging limit reached; artifact registered but rows skipped for this patch run.
f12f4c06bf14a964d52b763bed2539836576da9a7ca198899dadb35851cf4459,a45a8ff117c1e47fe44069c796768a42b4f0a73ad22c7c32059a51d605599f09,warning,Generic CSV row staging limit reached; artifact registered but rows skipped for this patch run.
d19177669a7f1021e0095610dae4373e131b666a10958ea66af899a2065a90a5,767371c2cb847987350d4caf78614f26779cb13502438f98606cbacf106e0f54,warning,Generic CSV row staging limit reached; artifact registered but rows skipped for this patch run.
216a00271bb4639de64c6179da7a6c555d4958324d7e4b258b33d5b461579a76,b70aee27eb4b7a025ad7648925237d947d09da8776dba1838b56b0cebc5a6094,warning,Generic CSV row staging limit reached; artifact registered but rows skipped for this patch run.
5f607155f97fb949ff42dc18118982d0404deb5a4bfbe334fb225136b7eca496,560bc6a5ccf25e703386e9a2d47cfc198406229df61c2902fe97eafa02c0b5fc,warning,Generic CSV row staging limit reached; artifact registered but rows skipped for this patch run.
4a19a340a7005e18d3b00449eded0f5c822f59c1e61182debc7b5fa054877f32,12cd148767f9ee11f39b3cf50eb4cbe421580f87c59ad906a7f381c3e94d6a2d,warning,Generic CSV row staging limit reached; artifact registered but rows skipped for this patch run.
2df7052866ab1a44ae01cda39f43231b5d45f36c2169b416ca86fc762aec925a,93e13d37feb9a4083b19fa3cc3a3f0fbf8f6907c44f8a69e290c33b78574d0b3,warning,Generic CSV row staging limit reached; artifact registered but rows skipped for this patch run.
c39a66fc9c49fff66f961223baee8ef668f959009af12f9626c81f474602e208,9b153a7aed6cbd78bb4a5015504f5861eaf0500b920790fb7d201f72a30006d2,warning,Large text/markdown stored as preview for this patch run.
a69b95919fad2cb8ee3550fac86a021c461fc4ff83a48469f342a8f9183ade42,1a7c20e056d85ce77fba63782f31b34bd7ba4dc1d4e3fd2b015ce866541a6ad2,warning,Generic CSV row staging limit reached; artifact registered but rows skipped for this patch run.
d320d679e9cb6c6c24ccdd8eb95bece864d64cd9213df5830520cc4a292d747f,83dc5dc5402e1643d1865146ac2ea0bd4f69f5b8b5ac824720c9d86257d7dd76,warning,Generic CSV row staging limit reached; artifact registered but rows skipped for this patch run.
5c041f1365ca5efd5aa192cdc7d8738766bd35cea785a23e30d841269daa372b,4ec0d78dc54d78148c78a0c1b40935816e5ad6ce4f1b32be3319195dbd689550,warning,Generic CSV row staging limit reached; artifact registered but rows skipped for this patch run.
0402c85adb2963e65191a7059617fd0ebfdc3498782393d63215b26cd17f37be,35df410b1bf036bfe568ed1c7acb2371dc622d9542b6baea087a7200f1a05c97,warning,Generic CSV row staging limit reached; artifact registered but rows skipped for this patch run.
51d7aef0f8047fe06fb42da6e4748201526d1037403f93c830f0af4156844952,d7d62cf6dc8eea0cce532a88b21720f67ac8a1b8625e5400d8f8a9f914a1f523,warning,Generic CSV row staging limit reached; artifact registered but rows skipped for this patch run.
e00a5620cf8a705ef293c2eb2ca5dc3ac88d4fbb70776f0b74c08727154ef4b4,04a59d0faab275fe2f869074caad35b7b853337fe0c64f52cf5b85003de50a05,warning,Generic CSV row staging limit reached; artifact registered but rows skipped for this patch run.
aef3242c9c0a28a4df7c1c438fba7e0e716b652780bd1ab660149937aff08214,24798e7a498a3c28ad189926313d30d9b0196c0db653d5fe922a46fae7aa8c82,warning,Generic CSV row staging limit reached; artifact registered but rows skipped for this patch run.
b89333c180ea1848369c7a718c49574b60edddecf7a8c38be6096b4c35ffd307,916280ffaf77257d571d8625da8cede87dcb1adb9bb3a319824c9c8d4ddf5258,warning,Generic CSV row staging limit reached; artifact registered but rows skipped for this patch run.
e79bdffa5daafc2af3697e69e0aec82663316c307cbc92bdade220abe0fe4219,fb18daf1adf2c182a0e93c8ce2c109c10dace846d3714ef6a6b28c4ecbaabcef,warning,Large text/markdown stored as preview for this patch run.
475220b6d50870759dadb214c686874bbe30bca03de6b61650e561c4419a29ba,3430e14d1740caa14040d3e2447e6fb258f59e3fda93671737e7c87c1aff3dc5,warning,Generic CSV row staging limit reached; artifact registered but rows skipped for this patch run.
bb1cda000a00cad4ab6f171faa357e2fb7ab2dc78260ca204798a3ee66dda2c8,0ab52b31cba5802d551676fd366047a15abfd0aa22779db67eaa9531be709ad2,warning,Generic CSV row staging limit reached; artifact registered but rows skipped for this patch run.
2ce9eb5e8423b398b4a63de186d59d95b27ff077cdd06eb3b29d016978b91e6e,a2d65633d50543984055b5cd3cdc52bb6f0a794bffdfa72bde09a065475eca81,warning,Generic CSV row staging limit reached; artifact registered but rows skipped for this patch run.
76e3e3bf6ae509b69902fb9e63044f4d00c9cde1be1aa59ce98f6661589b4913,03e35d0064b64e418fda4b2f129b2ff9bd5569c67154bd8888171f5b52ec5c38,warning,Generic CSV row staging limit reached; artifact registered but rows skipped for this patch run.
d8a2920f18d948f1802dbc7d7e5cb1d9e135b054f2845047e5adefe748342e69,a32678659b8fb11c5615528dd1135ed42ed5b0b6787d6da05493ea6829fca337,warning,Large text/markdown stored as preview for this patch run.
afe602d86a7e33a3623891cf44df8deb2373e3c066374c2c5b9b176363aa822c,2270acb6d70a95f6854c6bdd096430c57e400185e6d54885bec1dce9cdd2c1ce,warning,Generic CSV row staging limit reached; artifact registered but rows skipped for this patch run.
f1e838f1cef23ceb8e8ff41a2d8e5dbc6203a7e8c694bfd3889f84b98e64583e,fa3dad4acaafd9e5979c9c3da224519a9608469cc5e57859ef916e7c8182baff,warning,Generic CSV row staging limit reached; artifact registered but rows skipped for this patch run.
2e3ebb6881f86e40f9dfa09490462afe5f9bae9f8009d6746647ba3c1161cca7,25e96ae427cbf2b7622f73b8e1cc1e2297c077458384860c046566b23740456c,warning,Generic CSV row staging limit reached; artifact registered but rows skipped for this patch run.
470b364e4c47d0e0ba3899b027e860f42377f56ba0a3da94a2d79b0b57547dcf,ae3307e2a6b0dbdf30c5d3fb4895f9d0a44487289748c17fb7f9120f278a9cb2,warning,Generic CSV row staging limit reached; artifact registered but rows skipped for this patch run.
1f0f137a3d1999dddf0ed18176dca0d1896989f1716d1ecedaca13497ba9ba29,79e6d0f7283d7af9c0ac00c57a1f7c1d56cdf30351a2669c4c14751ba95a5e66,warning,Generic CSV row staging limit reached; artifact registered but rows skipped for this patch run.
7fb47b2acfea148f0991fd5432989f302a1387391a3c342608ab2fba8d2765bf,fdc8dac80e0f68061fa69bf912c061ab0dd0e74bd0296b10bba106402de00156,warning,Large text/markdown stored as preview for this patch run.
da1777c4da232b8f14f39612c1af90326636ba5ce45045a56af2db6ab399c9b8,d373caae277281153b7256c74194d5e319b8df9e6a5424c5db4151e02f82837e,warning,Generic CSV row staging limit reached; artifact registered but rows skipped for this patch run.
e0a50f8e522a88dd4d83af84e8c8db9eab45847250cb07f1370586f4de9c4cf5,bee7dd6c6cfa5052756ef57c06da1208b89a843d4900b08c83a454c1377d51fa,warning,Generic CSV row staging limit reached; artifact registered but rows skipped for this patch run.
07e25f63c826821c0eb62156b57964b1a21d2a57f003ed3af38114daa4d23561,332988d7e42791c7be6362f1bcd0276af9f5409fdce551aaf8f354543106fa2e,warning,Generic CSV row staging limit reached; artifact registered but rows skipped for this patch run.
0f82170b8b6bb00e5132a538151471def706a6c2906e9d5597d558de58027dc0,cbffe33596a90bfaf3dcf87e8434f646bf3cfef7f1cb29639de91a75b80032d6,warning,Generic CSV row staging limit reached; artifact registered but rows skipped for this patch run.
1c2cb17e10d117d32dc9a521219a5a76a02622df549de6fe050917924f5d4da3,02c1c55b88ffa980b10c8cea372515f11d024cf21822e6ee28c7fe5fc5475902,warning,Generic CSV row staging limit reached; artifact registered but rows skipped for this patch run.
b18d18012af37f10476d9edfbd9f2e05fcc93d1020f43690e438ac333134d71f,25df1b4c5c4ebfae76e30eb0914f40c3044a2e400f5d41dd27dfdbb1a368589a,warning,Generic CSV row staging limit reached; artifact registered but rows skipped for this patch run.
4b6b954b7aaae9019d777e97b7e2ab8e9d46165a187432a1ba10b2f5bbfd1d69,82ec2f58ecb606a6ac56d16a5ba18f4edde5f9669b88cecca6c7c02e9db23152,warning,Generic CSV row staging limit reached; artifact registered but rows skipped for this patch run.
37737f2e41fbc110d8cc317b740fc76a90e9b9f72e40b1c1d01af28925a28443,5a48db581b0212caa3b095462561405bd97bd636b7d32cffcff9e876fb7c5f3f,warning,Generic CSV row staging limit reached; artifact registered but rows skipped for this patch run.
6341e33baebf62ea2ca87d1fa9450f193bce608e0ca12425f8722d8f0e7fdf92,6279a6766cc6b4044b3d277f5fd1e4aa17cf692a2d3083f3f8a4ab553a61bc2c,warning,Generic CSV row staging limit reached; artifact registered but rows skipped for this patch run.
7719913f7fd8b142d565caf3a364e04c10ad1838d480dd7094b6bfef130c547f,0b97b0a3bea55d16c3e16fcfa28910dbf22073091b0b2ed6719f114cb7740feb,warning,Generic CSV row staging limit reached; artifact registered but rows skipped for this patch run.
a74f6ca9fbd35ac2622644dcc43e5dab01085a93428718c2efb3d628e8ffa10b,b7f39807030743e9dc01b5e0953668c1c4f23c63c4a3a735e0b896b3697d412e,warning,Generic CSV row staging limit reached; artifact registered but rows skipped for this patch run.
f0cb457055b426309f2614b27404e27e3a131fec0353d05030de4ef15e0fd056,58ebd0815b528d3a81d198d3f2d7b342901bd30d39c94a768259bb289751b6eb,warning,Generic CSV row staging limit reached; artifact registered but rows skipped for this patch run.
c46869b6921267dd5ab426dbbaacfe20006be7682586a45d086cdae410bb7ba3,fb24fed67142d5e7dc8265dcdb2c43f02f7bb317f5ae379f0afe25ca9cd44d15,warning,Generic CSV row staging limit reached; artifact registered but rows skipped for this patch run.
04a7760fa61de31cdd75a75893e8b09640168d040a86c822a5604cd45fbbb2a3,535dea775b643af04dca251ffd5d6b24daf186ed769ad7aaaa3bb9ef4cf6a41b,warning,Generic CSV row staging limit reached; artifact registered but rows skipped for this patch run.
7ffbea7329779965f003411b66cba01d011181bdeb405e5a4d7f3316976b62df,22a89ad3ed64f011a600763a0a6fadf6bac86a5e6013e20ec6d2ff54974f97e9,warning,Generic CSV row staging limit reached; artifact registered but rows skipped for this patch run.
bbeb32db2ed362a6b25e21073b3f6adeb3ed49d8503ae26ee0facbcc6ab4f54c,baaa14b8cc15d27cf4504139646537f80a643889756ce987910130c73e479438,warning,Large text/markdown stored as preview for this patch run.
d2a7d15cb047a717cb258f75c7c46d80b140b99a4250a874b2e4e41b60d9275b,f0e1979c25178f510bc02f76769547d0558488f6db5f45f8796e6c62d5d7e3b3,warning,Generic CSV row staging limit reached; artifact registered but rows skipped for this patch run.
fe02d88689845e2e200f10960ff284b08c87838ac55c2ee251f0307ac6f466f2,c35fd9438d35b1244c096b2f0a9d1b50cc771698a411044201c542c7b39c1ead,warning,Generic CSV row staging limit reached; artifact registered but rows skipped for this patch run.
d63d3288e9e2ff60a1f1647493b8cc4d1a2d510fde4bc0def4f592af339ff351,80bb763d99f727ef04be1e5735830d38f456d41ca34d6b8233acd10ceaed15d1,warning,Generic CSV row staging limit reached; artifact registered but rows skipped for this patch run.
f9949e13e8326a83add9444567136939e31a9fb21fdcf3b687b38672268cb40e,af492d2b166c6a3288b0fcff84820f6627c5365d95fa66a0b4a3b11357d73e4b,warning,Generic CSV row staging limit reached; artifact registered but rows skipped for this patch run.
be1dc53229e2dde7c3cf52bb00a4affe88b1a43ca3d152109a960a6e1c53b335,0d74ff2b1fb133f46a2466644cf07ce895f016fe688d2f693ccf6bd274194a1a,warning,Generic CSV row staging limit reached; artifact registered but rows skipped for this patch run.
f6ad19b6e7686669c4a5ba1f6e869ee8f6768bf61466d236483bfe9f7f57a5fc,af5e3700cfba372596ac7c5dbb5c19b7cad5a29be8cfac56684dadea1d74f5cc,warning,Large text/markdown stored as preview for this patch run.
3900a7bc1a5f16ce365e389e49ab8fdeda0b2d6dd8db783493595e50362c97c3,c5e696416ade2f699d16ed675777ec56a14855b8c3d97a964357f554f94c120a,warning,Generic CSV row staging limit reached; artifact registered but rows skipped for this patch run.
c43384e9b77f0ed4f42722ccc2b7732ed01248b37bba917e6c77f07075223ef7,913300a381c8f9b6dcb0322278a096777fa74e3f2fd1626466bce638a8a03df7,warning,Generic CSV row staging limit reached; artifact registered but rows skipped for this patch run.
6c8ff827a3860b0bc1d6df07258b2397627f00ea07f06cf30dd30744319f122d,555a714a8f62da4cf2ad4d0b5afdd6b44f39bf154ee9f99f2702a7e42baaba62,warning,Generic CSV row staging limit reached; artifact registered but rows skipped for this patch run.
177747879e5495067de4e79f534f2581655b4d047c38ebae132f433fe510a302,358aad31e9d94d7d534c7cdcd433510083a8e0ccb49029c1f299fbfb51b15d04,warning,Generic CSV row staging limit reached; artifact registered but rows skipped for this patch run.
cd316b04acdcf71d887c9a61c064a234c9ea2778517857b20b00386d91e211a6,68a0dbb969b673c5513c9518c26d6b8fc0b9caabc8f0b7771cfdffc3494ef9c9,warning,Generic CSV row staging limit reached; artifact registered but rows skipped for this patch run.
6edd92bf8cd0f3dc185fd0621353feaf94e731eb1e2758d4df1adadf9e0c8b01,afcf67126eda6e62dea0bb054b629592e3bc59b37a7268b7c98a60d04e4c88d5,warning,Generic CSV row staging limit reached; artifact registered but rows skipped for this patch run.
70ea07afa2d4369f843394f4bbb45d5e9257835d7c078a979549b9d4b6ef77a6,edae773b4e1a1265175598c7987cf65cd56d97531dec6852de50067a4dbc807e,warning,Generic CSV row staging limit reached; artifact registered but rows skipped for this patch run.
43a47192f19dea0cd51c0c8f068007849497bf2e731c66cb1f462160394874c0,7bcc609729984d5b05aa8be1068a98576de4afd9b1dd32babe7c982172c201f3,warning,Generic CSV row staging limit reached; artifact registered but rows skipped for this patch run.
f13da57f36e0ac6144b09b7fbe22d43646ddfc01d8f896df1c8987933a0037b6,5bec498f931127b1264a263047dfbd38a1ae2e80491f27f114417898304ac443,warning,Generic CSV row staging limit reached; artifact registered but rows skipped for this patch run.
d44881c25f3e6e67f2008e6d832502113db654d7b40a25a403f7d3b093fd6877,eff3e33585dbca8a90e16fe00ff75b9072d8d55608196c24588b521ab5300bed,warning,Generic CSV row staging limit reached; artifact registered but rows skipped for this patch run.
6551fb1136702e637710c6a6e342313b9691220fc75249861e2fe224a0738435,8ff4e2d616f135b69c487a1a92ee484e835763f2562b230308100d337831fb1e,warning,Generic CSV row staging limit reached; artifact registered but rows skipped for this patch run.
15393c8ff994987380b01c4d6dba8b732f2f7c460c8f18be40166f164cf95457,ad7af7d2dcb32b3c2078a4b709a22a15446b75c2000efb1b8ae2023e8658a42e,warning,Large text/markdown stored as preview for this patch run.
8ee0d3b66b52db163d0199cbb1e732108f51643f5184a235f356e3ec3928960c,f9163f108126524057b060fbc3024fb496a64583b9d2cead154ef830aca5ffc4,warning,Generic CSV row staging limit reached; artifact registered but rows skipped for this patch run.
a4cd39074142f703fbbc6f61b478ae682af0ab7eeb1b93879ad6dcee246eb443,85dd9acec14722bfe3f5e6bdfa1b7362071765f042c4c32edac431ef17e920be,warning,Generic CSV row staging limit reached; artifact registered but rows skipped for this patch run.
9f67cd0bda3fc6689e5a54f588d9ef96619a51da18fd36d9ed2be43d1fafcfa7,98643d7eb0ad55bc9fd64f5a3fe0e515c812951a5a45cb84bf29ac26e6a93a12,warning,Generic CSV row staging limit reached; artifact registered but rows skipped for this patch run.
0d7e50721749811cbf2d134cff8010853d73575b6feed99a3dd27c01e93a090d,c7751d3c8dcd48435ad3b45d2da8e7aa56328ad5c815ff0ed1ebaf7cfe26cf00,warning,Generic CSV row staging limit reached; artifact registered but rows skipped for this patch run.
4c8f4e8fb05a330e8df1b64d510dfec9b79c5ecfb3597a84578ff6736356f9ee,1962031709d6f480356bab32d9dbe35b664735b23428fb3234298fd6736892ce,warning,Generic CSV row staging limit reached; artifact registered but rows skipped for this patch run.
16d28f7d9a5ec6672f2fd60f1ef30c501fb209b0d3bc5636e3307f5052067f26,856629f83b6a7f1f47fcee10ee5e8070352026f2b4714f6af33ad21b5316278c,warning,Generic CSV row staging limit reached; artifact registered but rows skipped for this patch run.
ec0643093c44b422de74b6ade74f92773f65f6f1d667c496eea1a3132091dd31,a7e82cb92fb08735d91327455a3c6cf4e9fef87b18d628c2a61e3d68105e74a4,warning,Generic CSV row staging limit reached; artifact registered but rows skipped for this patch run.
92ebd88f91752377fb3ac7f8b929e9591088379f008ed599d3c06e7bb14bb709,bbb521bb494dcacea3706503010f1538c0ab8a1c0e9ec2d04e7a2de4668fcf56,warning,Generic CSV row staging limit reached; artifact registered but rows skipped for this patch run.
d4eb16e15b21f46decc72f0f561f0fde6d0ab00526fbb963bbe74e04522ba928,1c573893cc8ad6e056470a895b4ec40424906775ac2e21d3ed18c53fa36d09b4,warning,Generic CSV row staging limit reached; artifact registered but rows skipped for this patch run.
47096eb6652d9fbb4d7c15eca94495d95153dd1bb0d2f6b0896d785a1f86cead,f800be89880fbd182aff30721bc793af52e2be36ffb16b460045b062c0ea67be,warning,Generic CSV row staging limit reached; artifact registered but rows skipped for this patch run.
585cd38d5672cd367a595c0d6e0052fd15963c64ee2390d8fdafa10177e38524,919a0b0da2163bb78142b6753aaa08cbca19c46dcf9d83750fd4fe4e5d635ca6,warning,Generic CSV row staging limit reached; artifact registered but rows skipped for this patch run.
c85122468d93fb82ce30b935aa8c7e78311e53368c6e95eb5a33d6f6198fa617,0ab317e07fa6e0b0fbbdb07e0de893d76dba988f564a7274f5b333e79762b7c9,warning,Generic CSV row staging limit reached; artifact registered but rows skipped for this patch run.
6d4d6f685f2365ddeab1805edc903a213af38838642d4e8dfdf94656f1aa43df,0ff93d2f078fc651f0d72fb854d66b6ef5b1c8d60506989d2124010e02e6b7f5,warning,Generic CSV row staging limit reached; artifact registered but rows skipped for this patch run.
38a614d5fc4a2b2eddb37f1b98beb81727e28d18b547291f1d49f32e99adb353,d6545297650d92088e485e94ac5b0578e240a971158a2cb957fc26c56834dfc1,warning,Generic CSV row staging limit reached; artifact registered but rows skipped for this patch run.
7d34fcabdb9544e2675f525d1edf4ccbc29c556aef602efe3fc1f9be216bed58,6f23b1cac7b82167b1e727045161adb4863178d46ffe85648177de04444b1547,warning,Generic CSV row staging limit reached; artifact registered but rows skipped for this patch run.
8377126156c3c2ec572bcfa72a0298a6638fb51dff12efe3a6b87a650ec451dc,db6a6589b24f3c14df836e0924398662d221d45670afd63c9baa2592f71353f2,warning,Generic CSV row staging limit reached; artifact registered but rows skipped for this patch run.
c0ef023511975e2144e8fb2566e993e2d5140a4d4bbab7cb7f0c53f96b72f45e,af0e4c6e652c18f45addb2167211b6af8c633a2c19eb4c4780c03be55bf04002,warning,Generic CSV row staging limit reached; artifact registered but rows skipped for this patch run.
ce5961e71a4e01af19f1d1ac67dbb0fcd138d2f6e0c0153200eebf7e9fcc2ed8,d6e062a2ffc77fcf734e9de86327fd8dfea8b5eb8c6130985cb84004dca8a202,warning,Generic CSV row staging limit reached; artifact registered but rows skipped for this patch run.
374302fa0d2d3521fb711061ad07745d01d92c257505dc122b753a6f17e5dff8,34125bdc1708a2bc8a7e17c97f007aa75ed5d630fb9faf64892f4126e6ed5e95,warning,Generic CSV row staging limit reached; artifact registered but rows skipped for this patch run.
cf74dfdacb0ad76928a2dd7ccc1b6316980e134783a0f8a38ebdb38e1aabbdc2,442484ff80faf4712204d534805c682062903f65445497dcb1379b61decb91dd,warning,Generic CSV row staging limit reached; artifact registered but rows skipped for this patch run.
7e7d01d026a4e4752764d3f57b05727b872657efce6d241429992365074fe139,3adafd9edf6ed69f7dafa5a1f458f4b176ce45a3ced6f7713dade5d0dcc5a3a2,warning,Generic CSV row staging limit reached; artifact registered but rows skipped for this patch run.
781d178f939d99131e947c886c84a486c207a37a879b1837bd272456f47168ea,736ce78d5baa8eafddc1f652bd6d041e8a5f3f6286048d82322cf16f27b1342e,warning,Large JSON stored as preview metadata only for this patch run.
55fb9a02669ffe32e48165d43584b32cf4a8d60003e8e52c046de9d6963101ea,70fd4bbab265db1b26c130cd6c405fd64321c90c2a4690734dfb82420920be13,warning,Generic CSV row staging limit reached; artifact registered but rows skipped for this patch run.
a11e46d9e613183171758152268063c6bfbed4b2ec5babc876d7aa8b5e4d87c6,59c79f19f5c8ff716e898838131af49d9544f11fe844cd065021f52f78e44058,warning,Generic CSV row staging limit reached; artifact registered but rows skipped for this patch run.
914128bf1134a764df21dc5f0e8e1c572d856613560cf75e1242ca16914e183f,26e7e7608831d8570235f21250e7ef7ba4b82742f71c51354484d5c8216d665f,warning,Generic CSV row staging limit reached; artifact registered but rows skipped for this patch run.
9a98597dab90600efeaeba552530b36f0dafd021d44ca8e57e06b0c039b126bc,1ae06e0e2f4332f6a802efa91c5a5128eb38ed9b347b91b87736bd5180f4762a,warning,Generic CSV row staging limit reached; artifact registered but rows skipped for this patch run.
ce16754d04ad882b59f6c693641888541d3be916d1361d8bc8e07a1a1ee48f1d,04d7e78f9f516b9071adb424a38000431742513d400d7469d4a76021d88bdb7f,warning,Generic CSV row staging limit reached; artifact registered but rows skipped for this patch run.
e685ded3a4167f501ced11434263733029573fd93f14d8e0f981e992e33e8f75,5a890f0f7c89a60dca48b8407a798fa56965dc7420aece5b6cc90b8bb47161cb,warning,Generic CSV row staging limit reached; artifact registered but rows skipped for this patch run.
8a76024bb569790e87beff82191c149b6d6eb7d40cf1f41565908c57666ff76e,8674721aabb2e1e8b8fc0b305e445efe1675c05f9c4a20de1ad939672066b579,warning,Generic CSV row staging limit reached; artifact registered but rows skipped for this patch run.
e4321514c74fef127d29465bf48fbbcd11f7b8e93f4d8e84985fa66c21175963,1ca3cd8cbf3c650ee54bc7aaacda02f5d9c2b61150ade73fd5d9ca7a116d0370,warning,Generic CSV row staging limit reached; artifact registered but rows skipped for this patch run.
be3341c24c545cc487acf5e931b210053856e7fbed40fe2c3868b36fc90ac408,8f643528a76db3732a9372888f9b423a6cae8328fe3e24b01ca985f9f738dcc3,warning,Generic CSV row staging limit reached; artifact registered but rows skipped for this patch run.
405c5a39801a0e0741a07b64e132e0f3eabee7ceef58cb8fc51ed64b3216bb34,ccad7d110f12e9f515eed40045a29f22eab7c0b6bedc7220bb49e03a7b0655e4,warning,Generic CSV row staging limit reached; artifact registered but rows skipped for this patch run.
2049dc66b06964d426094beb9b125127dd4b4e1f80c1935b5055064c1b155130,cc801b848c320aafeeffe7505062192b371d826d27d5ea18e2d3813dea8a4b0c,warning,Large text/markdown stored as preview for this patch run.
856c83238695d97dbaeba9494ee7e43ad776872c13349b41c6368f7b4ac7404f,cb089ac62fd6ed4b88bba0b57128bf9ed1c6ad1c0cc361a5f696fb17a580eb85,warning,Large text/markdown stored as preview for this patch run.
e17179b17036facf3436a5a8aeeadfe39e944ea3f9d28a0580d18b58bac167a0,264a25a771a76ccf881a2d183e5b306372e531815635c4c78d40c259f354911a,warning,Large text/markdown stored as preview for this patch run.
2da21519fcd10fa2fbb116e2eea2404401effa90f78d610e82901255c578c12f,e78c805fc8faa91102f41c8997731011646064510ac571a4ce8b2f39fd2f8444,warning,Large text/markdown stored as preview for this patch run.
3cae0cae0798be209b16d786c1b66aaf27911846d030a6507b7ad5f782125a6f,b5105ac4c8cd0c0c032540af61763eafdb87a5d4d0a5ff437353128729a1455c,warning,Generic CSV row staging limit reached; artifact registered but rows skipped for this patch run.
d2dfcd00eb8578cc00ef32d41d06839c34bdded3150c5d4f9360940ea19ea436,b7186db03775a4a693b0957b87a4168f1a0ab4042c9057b4cc8bb0857b73c063,warning,Generic CSV row staging limit reached; artifact registered but rows skipped for this patch run.
c94c5ebf6a8474a06efdbf7e236fb411de9b50b0a4e0b7e05e485a5dbe98e90b,c1985f0e5bbec5b41f16f7545d65c49e3500c1a944b08666c95cf1bd7f9c9104,warning,Generic CSV row staging limit reached; artifact registered but rows skipped for this patch run.
bf6b922b15fd3efdb4a11abddb2ae3c81722bfb9a985f3f03124ffa97e1cfaac,41cde8a40ff39d8d21cfd27cd5576262601bbd871375334763fb8a030def848b,warning,Generic CSV row staging limit reached; artifact registered but rows skipped for this patch run.
c18f85c1556af7695ebb100eb82744f0343c0132d237a79780c5809d74cbabba,fcb4157ca1b9d44addc06fa08b605ba5e1688b2d49e053445538b2bb02df9eae,warning,Generic CSV row staging limit reached; artifact registered but rows skipped for this patch run.
74402c7aecbd5ae4840a27bd567556e4cc02472018cf104e63ebc36a6d06e79e,8e5e9963ea95f6604069bad9359649b4f881e20960436ffb6c16f02434152920,warning,Generic CSV row staging limit reached; artifact registered but rows skipped for this patch run.
e7c6f951455134879951ca29468008918e67a1dd7463bc5ad65b0572d2319ed4,d49e665965aaf0480866e42079bfc9f6070f0df3cb6b48921c069dea3a678a92,warning,Generic CSV row staging limit reached; artifact registered but rows skipped for this patch run.
01f5568d7d09109f679b20a4ce46fbc0c8a6f220612f970eddbc0f5ff8c70ff9,e1ec80385a47c65c283c1a7682019c98746cd15e84b94be12d830d4f00e9cf53,warning,Generic CSV row staging limit reached; artifact registered but rows skipped for this patch run.
5c59938756cb213c217f2e92926e90ac5518f4f81ceaeb6c9747c4d73ee51bd8,cd6b5ad46f7b427f1a496229f054750959ba3c46416f2c66c43ef5408b09e5cc,warning,Generic CSV row staging limit reached; artifact registered but rows skipped for this patch run.
0b542644c57de01f26ada21c42307abcbd22c7a9d2b335e97820fa30248be83b,ef1a39e56188ac4029e5b61de68c1ac5614c9a06419c9db894c86971b0ed400e,warning,Generic CSV row staging limit reached; artifact registered but rows skipped for this patch run.
93512733952a8b2aeb1b7dd53cf590efb72ef98fbfe7300f56873a30f53c9630,5817947383a87df7e2af248b6979655447dec69a338138efb4d56fd9f66d7240,warning,Generic CSV row staging limit reached; artifact registered but rows skipped for this patch run.
41798d60c556430b8e6accb13b96b2be728da35ac54f692d10ed6a9d2c42560c,b23c8367e34671b7979efd98306d5569c26a99a6c4afe9111a4cc0bbc6d0ee41,warning,Generic CSV row staging limit reached; artifact registered but rows skipped for this patch run.
d38a0ffc09ceb8c1aee1ac1ffeed68aa0ad1fcb2b26784f3e52c4e5039221e7c,3065b55a69b50d6dbaaf0b291f0a5293a79a589171fc819d396d4c7074f6a41f,warning,Generic CSV row staging limit reached; artifact registered but rows skipped for this patch run.
40eccd809965027846f650f8d2add32cf49de6d61674aac39a00aa8a2e830e85,fc4a14e2b4b386f6ddf93cbff4ce1731c49c7484173605f02f5ba49293eeea96,warning,Generic CSV row staging limit reached; artifact registered but rows skipped for this patch run.
05e8bbac850a58a675fb3393e776aa992e7c5e575a50e9352a46a6bbf8153133,71c2a026fe289d1f826221f3734ec38faebf2d266cdc99b4968c459351f36738,warning,Generic CSV row staging limit reached; artifact registered but rows skipped for this patch run.
8d6a6dd3149c648de27b61e8e62b7fcb3507d1d9e31ecd33fb51ef6ebf51d417,76fc1b90a94261fc5394abce9a6e89e97c0c0979ce96bfafcc0181b94bd948a2,warning,Generic CSV row staging limit reached; artifact registered but rows skipped for this patch run.
47772178a563f7eb2e49fbc764791d9573bf29add0a3ffc53260e451de843000,cf7aa575c68f9ad8419f28babc7d24ce7d15c5ae6762e2ab86d7715d4c0cb591,warning,Generic CSV row staging limit reached; artifact registered but rows skipped for this patch run.
69057cf0c551049fee29ca4825e1211a8c2b2e21cfff1d0986cf411930741608,087716ea4a4d949446f3c058ddf373e3d860ce0a2e03a24af21bfed2d1607461,warning,Generic CSV row staging limit reached; artifact registered but rows skipped for this patch run.
f0e1568db4e5c8a27429c2f9a9facd3977a6e9f22279d5628434a33e12f17dbf,4633835bd2dc0c87e64aa4d6577882cb5ce589551dd5029694cf5c8f6de6c1a6,warning,Generic CSV row staging limit reached; artifact registered but rows skipped for this patch run.
f4efb781b7faacc3ed8b01277284f293efe567e77616810bed0ce49fe3959276,c2778a8a0a68554c3337066fd14d92c7e83fa13c2a09dc02b67d971d6a52c1c7,warning,Generic CSV row staging limit reached; artifact registered but rows skipped for this patch run.
5a3b43f440a90f0e8e7dcffc4928e5ef7fb0aa2bc1ac435c833d4241851b6055,cacbe709e6ba0c735074b9bf968f6f4fa18e0959b95de102ac9a0b06a50420e0,warning,Generic CSV row staging limit reached; artifact registered but rows skipped for this patch run.
de62391f8847999e3bcb7659723497f28b19b77bfff7923590c54be18a2e7d86,681965abadb23058b53ef715a6969d563524a695ce9aa7437bc490d694104a60,warning,Generic CSV row staging limit reached; artifact registered but rows skipped for this patch run.
3084fb02712e6341e494b3fa4d31551b0eabfabe219b8ef4e6d912ce7661e530,100639a64a7305ced0a01e02b9c8459832482f37d07e6acc42f8380c9cb29d79,warning,Generic CSV row staging limit reached; artifact registered but rows skipped for this patch run.
2b77973e24e1c8823e07a5fa22042432c94e2cc033606da2d49490b9683a7f76,ed923ddaa9e0c708693f2715f6c220eb0c65276175d19a62c3964af7218ffd92,warning,Generic CSV row staging limit reached; artifact registered but rows skipped for this patch run.
d1beea09fef1a235c1abe9cff1b943ff9c288b704607eddf51b6769fa422b712,0115aa4747a729c29fa24698790e06657b1817436be160637842237ae0f2bc88,warning,Generic CSV row staging limit reached; artifact registered but rows skipped for this patch run.
4ea6ed25aa38d062a59e0b261225751e06fa1e42b2f50b796a580c9bccc009d6,a6203605adadcdf9a4915968da02219b66abf704364a5367c3c2ed5d67ab5112,warning,Generic CSV row staging limit reached; artifact registered but rows skipped for this patch run.
f009f1a352463b6b16af25bcbf2e53a3db948372e05ba1ee11fa2a4f8a4a524d,3bd401667c3820f344b983fa267c939422a547c517af3f23f19a2a8719721142,warning,Generic CSV row staging limit reached; artifact registered but rows skipped for this patch run.
108a36999abd90a4e534b0c8e03ae50a12c177bc11f033e824d3f6a8a675ac86,76d0536e105f1f1977b2e2188045340df411a919757cc4f198d34c8b8602503d,warning,Generic CSV row staging limit reached; artifact registered but rows skipped for this patch run.
48085a109921f2de328ea60cfeef00bad68e5b4332bd24fa9ba8ae08956e626d,b9e9f270d047239c0396cbf45aab3c5b45e96c612b6a59fa7de6d345b3f1335d,warning,Generic CSV row staging limit reached; artifact registered but rows skipped for this patch run.
43d88c98d6e6dedf7700631bb67cc82dee0f423f2c1c76ce8552105c37bfc75d,c8ee300f566c6359165a277ec624ab246e6be5d563fbf356e34e3a56f957a85c,warning,Generic CSV row staging limit reached; artifact registered but rows skipped for this patch run.
81bd37088a412ccee0ef5d71070e5469a169b84ae32b951080773dcf5a408961,1ea27107b93b767b3eb8316a999e16abefbf8b486a4f5bf0cb0c54ccbdad7667,warning,Generic CSV row staging limit reached; artifact registered but rows skipped for this patch run.
4fb66d8e7f18d454d3f5ceb6778f08e220eae09865eb21ee4f4abe33b4d873f6,d4a545bb3837f393a5d81d76985abe6d33750c1f9e2bf500a626cbdc307123c6,warning,Generic CSV row staging limit reached; artifact registered but rows skipped for this patch run.
c4ea501265d58eb01a29a55d3c0803d91505e04ca437fa6fa035b518bf1c89e3,27c073d79bed1ece38a692d20683946e3e7a6f8cdbc117a8e6ee70e722c642f4,warning,Generic CSV row staging limit reached; artifact registered but rows skipped for this patch run.
08b2447e2dd610981ca9e32a654cf63aedfbbf97d9cc8d065f2ce8bc73d36814,af60bc50bc18742003c98c218b21a449423d73cb9e49cdb5045085c987037fd5,warning,Generic CSV row staging limit reached; artifact registered but rows skipped for this patch run.
a6adc783e9ffd45d8c4a4e0ad862c29eaef406942b78f45a12f339a8a1889f53,2304ff513e7b98bb4e8950c4c53fbadbf999b1ede009c1e143d6dbc21b776cf5,warning,Generic CSV row staging limit reached; artifact registered but rows skipped for this patch run.
1a1470eea9a369af9c81df7fd1c184cbd175491551f3202fbd1350f78528abcb,cf71c3e8b25e9ab42d77c1b41539264ac700f5daef8596d2cae229f08eb4cbd9,warning,Generic CSV row staging limit reached; artifact registered but rows skipped for this patch run.
adaadb149469586585398a17b96bfcffc80381879598670bee19e4af3a512fd8,01829476f0beec31f94d844692004d8cbbca850e1f3e18b62739e6bab814d2f8,warning,Generic CSV row staging limit reached; artifact registered but rows skipped for this patch run.
1de9efd3d67accd7bbdcc8a627d8b18163f4aabac07a0e125f711f655d50f5bb,eb583d6b77465939abf2b69e34c54ceaedc93671bdf8334196568021e1760e9f,warning,Generic CSV row staging limit reached; artifact registered but rows skipped for this patch run.
c77fc72d173b0c3ecf2cf692f0c6bb1bf26f9a2a376ee9350f75061e143a55b5,d762057ab0a3442b80aaa72a882270621b86af29076475666844782fdb2c72bf,warning,Generic CSV row staging limit reached; artifact registered but rows skipped for this patch run.
1c92767cbe78f64e3734bc43bd5b18a17855c319049690353e68e2573edf8da4,54974edc77055b7c0263cbccdf2f04529f0e4850eb67f38958319a4965b84c27,warning,Generic CSV row staging limit reached; artifact registered but rows skipped for this patch run.
ef9cd975eb2b00104dda7e38b42ba5f50f63c77ee247c957140fc0ccf7f3cc0c,2f39922d3fb507c155fdb65133b941ef5c3f83ee2284a4286dadc6c01336fb23,warning,Generic CSV row staging limit reached; artifact registered but rows skipped for this patch run.
c8e2105e2e3e38642a39ee78c5061a24ff2cc47a3f1ad82bc8129dfe452a8d25,4a1d6f69a8268a2828f7b9ff3a0213b6ad3c731642137b9d53fbbcfc51427cbc,warning,Generic CSV row staging limit reached; artifact registered but rows skipped for this patch run.
2ed6cb5ec997096adec0ff1352a78039345f666504dd5c6e2a411fe7b01ed53a,4412a9044010130e62351ea59bab9b0769c1aba2ce2d0e1acb0c2db0828a7902,warning,Generic CSV row staging limit reached; artifact registered but rows skipped for this patch run.
fc96f367f79c9e2fc282cbc6c0ff8c0e127ba2a955ec85506ea9e50f76e7b7a5,4fdc989f83060e221e7d23ec3edcdb7ef610da51a3721b5d02ebf8578ce2676c,warning,Generic CSV row staging limit reached; artifact registered but rows skipped for this patch run.
729810ae277299a6f7b0fea1bc6f27b4164db1fc5340e65d707aef54dbfa60e1,1fd2e6abc95017962c4dae58ddb2a461a25100cb4df54565f37817a918b4f8ad,warning,Generic CSV row staging limit reached; artifact registered but rows skipped for this patch run.
deee508379ad257df38c192d88ba4d38a0b42f6c6d00c7b8970a75ea084c69bc,e045f38414c44cae62a47b842b900cb59ae41ce0a95b104ecfd6017bb1d57eb3,warning,Generic CSV row staging limit reached; artifact registered but rows skipped for this patch run.
8ae3c5a97e614e1c9783780ed3cdc57802242d6b4e82dbe85b133c28fe13cbd8,df34103dd27009c1b5852ea729ca0f5240383c19f9d9d000a101b416b5b6fc7a,warning,Generic CSV row staging limit reached; artifact registered but rows skipped for this patch run.
1bc0bd8a58a1a461b636b72b1e4382b807fd9f625abdc1648b494b936c514b70,72de264fb406bee23803d2e490544bad4bb16df68c298c3a83b2acf68243c815,warning,Generic CSV row staging limit reached; artifact registered but rows skipped for this patch run.
a582c1809b19207273d083e3913e5ee5c4bcfa28ef6d45f7336e6f492c7d28dc,9c56d70d261f931ee4b26ed689f0bf8a9fa3db6e561d906eea67582316468f9b,warning,Generic CSV row staging limit reached; artifact registered but rows skipped for this patch run.
44da59c64b46f35d21bda4c981fd194ef81496630a3c5f804338bd28cf05383c,bb4b7fcec1c4f51db38ecd25cc7d6b99660fd3bb0e65e02e68a337af04d9caa9,warning,Generic CSV row staging limit reached; artifact registered but rows skipped for this patch run.
e2dabd69ae5104e7efd6b915f04b5f0ff1a2eaad69913a405db50c1d9ebca1d6,cad782d82eb4a651b8966994e253ca112e59053932a39d964927363964216fa7,warning,Generic CSV row staging limit reached; artifact registered but rows skipped for this patch run.
44c2fece806578c37d1371cba70c7da3b541834552d4c2f1571e4dc3188097d2,da685d735755831f1c73f2bef611e5df490136012beeb935b631e46c531a65b2,warning,Generic CSV row staging limit reached; artifact registered but rows skipped for this patch run.
abaebcb1bf93318be0133f0c19bd1be20057cfaf9eef58bb9e3aaa0ea81d2fdc,d0e4eb3ef2b2023515c4d33ef61f486ea27daede250d5b8208430bcdcf57f0ca,warning,Generic CSV row staging limit reached; artifact registered but rows skipped for this patch run.
c4212738810a67b114cf8d8d5efed4105a9ff0e238b6d17dade58fd382727a3a,02ee399c1ddbe4138d9a609eedf423a59953cbadd9e2c93485bd5b6e3f45d80c,warning,Generic CSV row staging limit reached; artifact registered but rows skipped for this patch run.
6a67a7ac27c248424240837a8902bc7dd0625af8116ec63188b3d218e940b966,c5a30884b1ad54bb514a3fa8489ed6cd49b8fde927c11716a3eb6c31f031f3d8,warning,Generic CSV row staging limit reached; artifact registered but rows skipped for this patch run.
d4ec99c35dee27170559b4534e1aef89ebdd418afcfc6cb6bb8e5e085d877239,e61ddb87bec46ead207a2fc4179498fb726759fa4c2bfad287c102bd2e75ad1f,warning,Generic CSV row staging limit reached; artifact registered but rows skipped for this patch run.
8454cbd801ba339dea328bbd7750ffd71de2806cb75035d240a108492a082c50,4d45d7deb8ea2798c99388071f0b6c40a2135970469c2ac8e0cada58344faf2b,warning,Generic CSV row staging limit reached; artifact registered but rows skipped for this patch run.
99a21f213ea1f6740b9d2891331fab6acf45aa3ac29f657b9b8001229b6c2283,9a85f22af4deb22d693171c33c56b94417c471220c9ccb31a1b70184238ce4f3,warning,Generic CSV row staging limit reached; artifact registered but rows skipped for this patch run.
9e9239716c24f038d3f292b8269142f0b010973860136ad548feb90479dd0f41,19fcf05a715a534112bb101c397760ecae9c77a7b5e09a274135f268700cccbf,warning,Generic CSV row staging limit reached; artifact registered but rows skipped for this patch run.
5addd459e5586c4b834aa5025f82b8ebb369162d0c6659c0e04ef7b7b6cd0bf4,346471ee2ae9e38c5b85b7623d355bdd7bbf8cd3f62a5917f25aad9ef000dc30,warning,Generic CSV row staging limit reached; artifact registered but rows skipped for this patch run.
407fb21955b2e7e29e6949579faf11e7529a3178d1935bfe5685bd190d62841f,043a5ef0f3626fc4235a0b7a753fcb35b41f9012f4bfd2de3deab673bb45e64f,warning,Generic CSV row staging limit reached; artifact registered but rows skipped for this patch run.
cae589735ca8392f165db7db8f89e352fed8ae1f381ec4c7c4a3de494f700bef,2958e20c9602051c915cac3c51339c83d93480a02f538c8b7d64370892acde7c,warning,Generic CSV row staging limit reached; artifact registered but rows skipped for this patch run.
e302f7bcd796c80624a33df454bf94c68d0f8ebc7d865c1eca6946bce182d084,21e72e1ca80de96eeb8a23640d33c6f9a70a511686c56a8a4ed2f52dedd9deb1,warning,Generic CSV row staging limit reached; artifact registered but rows skipped for this patch run.
3aaeb4369073f3b7f6a0ea632f19a67afb13ab0804a977eadb737f5c2546bd45,921c9873aeab64d1150a07c74892abcef687339f819f66b3de0ea35a56020b5d,warning,Generic CSV row staging limit reached; artifact registered but rows skipped for this patch run.
63ee903dc2ea9f5e8baf1c8bc58662cf5e5e32d96bba235cb03208d137920f6a,ca74f5f4e07ebb48d5d666db3c3b5e77061e3dd1daf9cc413c4995f825520e64,warning,Generic CSV row staging limit reached; artifact registered but rows skipped for this patch run.
70f8f6ce4ac8e4f4bfdf33a836d1429b1c0512bc3a48883dd01d7c72f91ab561,2992b100ec40d8d4e60e790cbaf4ef2c59f1a93fe462e84c270fbc65d39531b7,warning,Generic CSV row staging limit reached; artifact registered but rows skipped for this patch run.
3dd67a6bd85e7bc48707cc28a2214110a56c7a118ab4ffffdf470daf174d2120,1f488fafd9319ac8253e0f1cb252fab95d17f9655e2ab1deaa1d723bd06e0be7,warning,Generic CSV row staging limit reached; artifact registered but rows skipped for this patch run.
1346dffdca7d21834de29068310f7c2b651306500ee0b019916a5255a9717a36,56d907fb347d9ba1ca10b0bf126b7da872b73e321b23aecd5b95c0378ae7c880,warning,Generic CSV row staging limit reached; artifact registered but rows skipped for this patch run.
8a74073627b737670fbeb24f5a4a93501ac34458b489bf4414350f8c09f0f0a4,4bf67d26c512583ffed3d816497de41427d32051a902628b4e06f80d1d98f50e,warning,Generic CSV row staging limit reached; artifact registered but rows skipped for this patch run.
1f66b21105f4db05a2b62b1be0d90c6c813cc413232c4f9507e23a7a1a1f3ec5,4abda59705ff9f4b250606b057eea40ec4aa3c562223ccab6789e18c8072afe6,warning,Generic CSV row staging limit reached; artifact registered but rows skipped for this patch run.
b0701cb7af5fe865163fa471890127f7bf643f665ef8492c6edd9121c15ab116,011bb3237beb2bf9c8a527e5f4fa0330c650755c3a1cc050802a36e10d75cffd,warning,Generic CSV row staging limit reached; artifact registered but rows skipped for this patch run.
8229bb81d894b58dc6058e81a1fd3e0befee54c83f40d8149d3c6d8cefa15e64,c6ed0b6a9b2be4631e642388635b7717f458ebbc78dfed7b36225748d3257d9e,warning,Generic CSV row staging limit reached; artifact registered but rows skipped for this patch run.
e2b47581247d577b257ea149c2cbbc52f884286aa13a1557463ef580a2d909b6,b496850c1b2273fc056adef1decde77c64fb607e26690a1fb3beaebacaae0c2f,warning,Generic CSV row staging limit reached; artifact registered but rows skipped for this patch run.
5a2cec899f8f17ee8f3f72ad4d5f62a10951f0941c5436fca6bdd30c7ae3c3dc,9389df2b7b1ea7cc71cc9d16d6fa8256ba8db0279ae091f2fc5d85ae94c2f1ae,warning,Generic CSV row staging limit reached; artifact registered but rows skipped for this patch run.
39c27c01c8554dd98d2298b212c5b57b2faa84935a7183edd24e54adac0855c7,63cd1511cf14cb11d24513c13bad591062de68e6a220841c19c0b055c540a557,warning,Generic CSV row staging limit reached; artifact registered but rows skipped for this patch run.
08d41ff79faeb1943249d1f112e8b34cb21fd03cf0a9038b7d808fe2e9d2b0a0,9036781c02277446eb5599cbb22f8c802404bae6f45b3d995c219ef5fda2694c,warning,Generic CSV row staging limit reached; artifact registered but rows skipped for this patch run.
29e0c93c2041a5948ae3072d6daa6dc514e8bdcf05cce559827a917e4a763a04,3fb8293c233516ec8d50649e4a23ba45cb3803325fb404037c7614cccef5ce24,warning,Generic CSV row staging limit reached; artifact registered but rows skipped for this patch run.
c9b93afc28fc828664574d2cdc43acb4674f88cbc0c45573d29a6e2316e0a9a5,3a1f6bf8fb466f7f77fa62d0720ff15fbb924660d65c4bb9318196588373573f,warning,Generic CSV row staging limit reached; artifact registered but rows skipped for this patch run.
b891c5a2f58b59e045296d7b5e6c8402db38ffaf3fca823b605f448c343ded60,519bbcbb2d1ee64d795314d836b9f737d9529f9ee31aca5c4c2bd0b4dcdd5c78,warning,Generic CSV row staging limit reached; artifact registered but rows skipped for this patch run.
a80a6dd9e1b9b635a7370f2b458ca95c250d56495d1b972c90f126a88b858afc,fb4922c88588fd1639109a7878eab84246ca3928ad128441bd1d14ff4852c46d,warning,Generic CSV row staging limit reached; artifact registered but rows skipped for this patch run.
2fd4b7903f798ef57a4dbbf9eec55dc9d5dd06f0f9f3bd5e12c383195b38f124,fef4c6c766ef5190269c960ae6bee8f44c9215d7aa9c9b024083856bea0b4610,warning,Generic CSV row staging limit reached; artifact registered but rows skipped for this patch run.
e6e7a2e6769deb8c703a5f13f2abd382277e5dc01f0fe3c028a42ba3a84764d6,8125f927b0c535d4df6d3c9dab0a2724cd17789af9f6c463554d6d1a9f78d710,warning,Generic CSV row staging limit reached; artifact registered but rows skipped for this patch run.
bbdbc5ff48242c3f4efc2075aa4df3843a6444b1f3e7001bad8b546ec6bd3f67,a45c23f89a66e75fb1baeb68f88734b84ae035792a2834a9aa746b968bc6bf6b,warning,Generic CSV row staging limit reached; artifact registered but rows skipped for this patch run.
1453ace2b14dae30ca1e9b8059390f2c9df869ef4b381804f7e2df3101e9f8b1,c521db7e545bb95bc741787cbe1bff07af619d637ff10f4552714f2b5ba456f2,warning,Generic CSV row staging limit reached; artifact registered but rows skipped for this patch run.
a43314617457988ef3984b5a33dd4ee2da52dde7d484d978c6618d26369c078a,6bc9394213a4a8907538a1de8edcb32ce3d09bf4fb5294f393b487b0c0545047,warning,Generic CSV row staging limit reached; artifact registered but rows skipped for this patch run.
cbfe40db0eff557b49fc80a676c8f2e3e2a687540ef6289edc44d18a37847c08,2f3d2fe6188dc794ebddb20bbdbecb9cd8996ef40c2e36ac7a9b1c64c73c0b02,warning,Generic CSV row staging limit reached; artifact registered but rows skipped for this patch run.
7301561c074044ee55bfbb675cdd8f8dd45b06b6cf4326b95b235a7a0683d81a,da14e415c9ba36ac18ab9fdf8ea9dd67b48abb86fc50acaa01856d4f9267fb5b,warning,Generic CSV row staging limit reached; artifact registered but rows skipped for this patch run.
8205b1dbf0dbc8215af776c80e586b4faa044f79b294f551349831eea688b01d,9e44008cb21962e1a3a5a3df31658e246dced227b52e16397fed09c1659027d1,warning,Generic CSV row staging limit reached; artifact registered but rows skipped for this patch run.
b6f7f9d5f45ab8c52f21158c0cbfbab9d19fa3e392624e881ccd5345c1821378,ee05bdd86ee5cac863ae17b565ffea9ebf0ec251b0f8fc7a32be85ab1aac769e,warning,Generic CSV row staging limit reached; artifact registered but rows skipped for this patch run.
2b30bb2f955444b9dbe58e965a9018bc3a8204f3679fab42e45033f7d3975724,b194b7ef3d1103ca474579c2f1996b4f28edd63a5c0d3448c89ec9e33fa0e684,warning,Generic CSV row staging limit reached; artifact registered but rows skipped for this patch run.
4e410b9c57c18e2e5f825c220ce80232de58a344fb0af1f6ebe47a11e4d12bd2,e01059504b6a2a006ed8b288758277093712623be1028fcd23e486b9e93dcaa7,warning,Generic CSV row staging limit reached; artifact registered but rows skipped for this patch run.
5548cea3c4ba37dbc6ad14571b92a16033973b96be66ba4ea7bfd90675d9f1a0,fa79dbc3deb0d4cdc9cbd1cb667a298d44928c23e3a375a4c05bd92548c0dc93,warning,Generic CSV row staging limit reached; artifact registered but rows skipped for this patch run.
c766d0ef555b965032ae3ae204e96adb6a5d1b2ae6afbf9fb8a2b83ae8b51e09,0759e9fe8a60b3b37a92864cdc80ec2cd09b699d84d2abecf3f776f49a69e9cb,warning,Generic CSV row staging limit reached; artifact registered but rows skipped for this patch run.
111c78f27f2b0101b784183fe9404094caca5dc6f9d154ebf8c7f0742269fb8b,55bad5d2cbd067f5b32a2b2dc4b96a7eaea9c91e2b545a3a8e2e9daee7fdbf4d,warning,Generic CSV row staging limit reached; artifact registered but rows skipped for this patch run.
fdad99c5367eedde2e2b7bd26935f51b914e95e8902966d06be308b0692dd822,d816ab2b6c233e9429053948a5965a04264acdfa6cf1493f3bc96979243c419b,warning,Generic CSV row staging limit reached; artifact registered but rows skipped for this patch run.
88c2b23b0bd5f0915f0dbc5d6d8a803d3aea88b1a9bd9cb6fd5d5732bd1001e3,7be5014e96b2dec26cfe0f0eaa842bca1eadfbf119e54f5ae70dc093078ecb90,warning,Generic CSV row staging limit reached; artifact registered but rows skipped for this patch run.
36595a963e2635b574ebf9e1d1f3d1c410a7c0e2f4fbf1d7813c70bc1960110d,9b154f3cd865b5a4a19caf5bd4f73c23fe3b58af0b865f2947b0fad18e4a2f72,warning,Generic CSV row staging limit reached; artifact registered but rows skipped for this patch run.
1cc3897da4059d33310f07e48cc37c4df7e84ecf0d0b7240b6cd0da637587aa2,c4110c5c95388e70edf2b8f342e871477d32773a3827d3a1fe22a6a9c8481a8e,warning,Generic CSV row staging limit reached; artifact registered but rows skipped for this patch run.
9afda0657c74e1f0dee989cd434935ea22dbe1d961282af103991f51e34cddaa,e4a681a3f330ca6889d5f92d06da62e2b600f599b81429b509c0672f6a385efb,warning,Generic CSV row staging limit reached; artifact registered but rows skipped for this patch run.
c8e7ef07d6a92a17401f58c600070c0d83e7a0ab9a1450c597fc6eebfe39e6f8,0f2e893225b2df9c84a4b305f18f81bab3530115e0ce17275380cce8cfc872a2,warning,Generic CSV row staging limit reached; artifact registered but rows skipped for this patch run.
bc51a8474270f90d8693e2a0d5ba6607e9b117bdcf4e70f255bd746c40ca08f6,8306ae1e067f5c43bd2bd02b8ae89b60515f24068ce4262c14b182f76c85856d,warning,Generic CSV row staging limit reached; artifact registered but rows skipped for this patch run.
5ed53fa10bfd68925fb4a2de1318f8b8b0cee3b61fbe873bf66d58b13e53286f,0dd2f22e7b3b67a7c99071c9b36248618580a46d41354ec9bc7f44109812f58d,warning,Generic CSV row staging limit reached; artifact registered but rows skipped for this patch run.
c05069bbfc16102b3a3ed39863efa9e7e20c09108a1229e1e729df9f7cb90cb6,92f649d4d188a4d0f259c54a261732e2ca5c99624261b5de3c489f2115daf5b8,warning,Generic CSV row staging limit reached; artifact registered but rows skipped for this patch run.
bb78be42516edcd5021bf29e0d834daec8dd95d3ee6f4d55a6943de0b38bd4f6,579a1e9d7f9408031a54df5e295be32c20f29814e8a720c84d5876077b7e2254,warning,Generic CSV row staging limit reached; artifact registered but rows skipped for this patch run.
a2ae3aee216cda1365bbf759f6bfbc6275b45db8d91a63fb75bc2d31fe662dd2,59f6df2dadcba126fc3210fd4a7af4287a1b5cfa0f68a617972d1a7c9069ed17,warning,Generic CSV row staging limit reached; artifact registered but rows skipped for this patch run.
f8d0d99259405327374ec8469fe5c1d5fd79f49c5015b833b263bb689c09db8c,98afe4a41107f87eec2f168b8484d3b6544c5e3745ac90a2df4ab47deb5885c4,warning,Generic CSV row staging limit reached; artifact registered but rows skipped for this patch run.
9be9b9f87b97438135c082a2d0eda371e9966c56057bbcd8c7d8dd253ca70dcc,1b64d6e7a149260e5f61cf4b5697a21340c9c7e2f7f09d2ef0aad1dc8613a92e,warning,Generic CSV row staging limit reached; artifact registered but rows skipped for this patch run.
259cff60f05a9923f47d24f5b9d77da7dd677b26c92eca0a50ba59f7727a896a,5214da4d14385c0d2ddec73d6c2fe7dfad4d6b30a8dc02f9c62db4d00e5e3014,warning,Generic CSV row staging limit reached; artifact registered but rows skipped for this patch run.
001e6b324caac8f4d1659bdb831d9ecf7967ca639f10938df8b0e1ac50937360,c5adc9c9cf468dac1ca7ebe2bed60cf7e870cdbb8359764527c8fc3fc5da6f76,warning,Generic CSV row staging limit reached; artifact registered but rows skipped for this patch run.
924e621a114743c2df8acbde582b7ab730a5307ad0ea567297e953b720efe428,96850fb898486aeefe1acbf68aeecad2713f3f451a5bae3d6f8f13cbe7a36662,warning,Generic CSV row staging limit reached; artifact registered but rows skipped for this patch run.
5b7574e2ccc70b82c9e12c1bbc60366825dfe439066529310e7408f48c15b677,c44d3e83a1d49161c80d2ca08d8188ba69c29a0cec9e19a507dbe98ccd3a7ee0,warning,Generic CSV row staging limit reached; artifact registered but rows skipped for this patch run.
88b64d675c12a2b092cdb26632afbea66f959729014b5138d7ffa928124268bd,0eb3f5a96473699de5aca6ba009965e1bc7e66d855519683749caab4ab41c12c,warning,Generic CSV row staging limit reached; artifact registered but rows skipped for this patch run.
528a70b47224a3871c311f7789994016e2c59aba304dccf52050cd6766410c7c,d04cfe4743dc704879868cd1ba76a3e42769ca31e2a88b24da27043e6fbde3cd,warning,Generic CSV row staging limit reached; artifact registered but rows skipped for this patch run.
a6fa03531835d51a12ccfb8b92ebcf581c34055c97b7f1d35f60407b43eec715,288d727fa4bc2d3d5469157a5a042211da418ab499bcd417af2fbd2e55800513,warning,Generic CSV row staging limit reached; artifact registered but rows skipped for this patch run.
76fa8ce6cb7232058473d9bca8de7ca49064e03118fa6d7adbd8679f6cb04f3e,51fc9fc0784c12f44b118fae0644c67e2317ace0edca30c901107c0469baf6e2,warning,Generic CSV row staging limit reached; artifact registered but rows skipped for this patch run.
b52d117445aaf166883614231c03b3c8f2293fda61881c1ee27e8e45bd1d7f09,2cccda9b6fcb210a076b7a33ecb9d8fcd9292de27d1384ebb8bba29079af16f0,warning,Generic CSV row staging limit reached; artifact registered but rows skipped for this patch run.
dbb5f8c0f00bc1605054cd1afb3109676f8774ac4b9eacf44c695913c690c6ea,d235d8891149d7202a6ba5f7fa6dbb73a11d130c134f1bb30b4c7e1ed4ea8fdc,warning,Generic CSV row staging limit reached; artifact registered but rows skipped for this patch run.
1e4be2c0e29a634c775fa4b039e1bc7835d5478e64bd3f70a9eb5db9d2646998,ea47ea6d50a03281e5acb20c232791c84089c4565b060d79179185e737dfd7c1,warning,Generic CSV row staging limit reached; artifact registered but rows skipped for this patch run.
03b92753aec4a740401db8e4d6ab5caa9e34529f5362823b604cd9e2810044ff,47f9cc67cc7c680242a51ed215184d5ee651892772796d6bb7312423a70de54f,warning,Generic CSV row staging limit reached; artifact registered but rows skipped for this patch run.
610d51dd1be4cfbbbf01200ec88044b778006a8be710fc971e4c9fb4e974ce5b,86415275988d74f0fa89a0594e94c560c025a193ed41bcd0d6d29c23105f8780,warning,Generic CSV row staging limit reached; artifact registered but rows skipped for this patch run.
d422950cba90432cbed87b3c4776c6f879ce72b9ca0e35aa6a08c68410461be8,8397f5d82c419ddd8b8cb4404f618d1ac4a1d906cf8fac86eb089ca265286f2d,warning,Generic CSV row staging limit reached; artifact registered but rows skipped for this patch run.
614783ec19ce6611aa62a3990e8d76db6348c019f0f7eb45eebe04cf53d22505,c1887acbe239c2dfb9a2cb956878080d66e2562812aa60a83809848099e96933,warning,Generic CSV row staging limit reached; artifact registered but rows skipped for this patch run.
506b816bcb662754abe2a5b2384eae2be94d993d9b71478ebc42d2fbeca8e441,012cd3b0df0fd5a3039435d7bdcd0bc3aa426c123e41eac5d2abd95a8de544fd,warning,Generic CSV row staging limit reached; artifact registered but rows skipped for this patch run.
a0b7ecbb07dc8cea8cbd716f6cc6ac5909b1e486fa53d037140d496da628100e,165b151637b65c9d41a4ef818b55c82c1d0c64c527758b3169440b80e5a67bc6,warning,Generic CSV row staging limit reached; artifact registered but rows skipped for this patch run.
1b500fdcf81ff0027791d1e734c7bf9a498bd6200a27b41f962eeba9c2c51a75,675e4e72af126264d8cadc9246e743947cfb405ae059bf7b9758d2f73ea823f4,warning,Generic CSV row staging limit reached; artifact registered but rows skipped for this patch run.
352c9252fcf08f3722792d37aa5f90f5b339a13cb5244e6a9e8bf514a648d777,7989caa7e68f5df426ab1907cb8b7ff32001034dd044e3355ad0bcc77ff42d11,warning,Generic CSV row staging limit reached; artifact registered but rows skipped for this patch run.
a562ae89e212801ae7763dac3ac188d5bc8cba6fb3d8be94051431b0eab4194a,86fb09ecc96f10dc29be4adb43d3e7b9506763548d322ba01980b6b8a5313bfb,warning,Large text/markdown stored as preview for this patch run.
